ISO-10303-21;
HEADER;
FILE_DESCRIPTION (( 'STEP AP203' ),
    '1' );
FILE_NAME ('Ansamblu ochelari rama V1 de la Raul.STEP',
    '2026-09-03T18:05:34',
    ( '' ),
    ( '' ),
    'SwSTEP 2.0',
    'SolidWorks 2026',
    '' );
FILE_SCHEMA (( 'CONFIG_CONTROL_DESIGN' ));
ENDSEC;

DATA;
#1 = ORIENTED_EDGE ( 'NONE', *, *, #3921, .F. ) ;
#2 = EDGE_CURVE ( 'NONE', #5252, #2464, #3484, .T. ) ;
#3 = PERSON_AND_ORGANIZATION ( #3364, #3178 ) ;
#4 = VECTOR ( 'NONE', #1057, 1000.000000000000000 ) ;
#5 = VERTEX_POINT ( 'NONE', #2929 ) ;
#6 = AXIS2_PLACEMENT_3D ( 'NONE', #5536, #4986, #407 ) ;
#7 = FACE_OUTER_BOUND ( 'NONE', #1176, .T. ) ;
#8 = AXIS2_PLACEMENT_3D ( 'NONE', #3070, #6308, #546 ) ;
#9 = CARTESIAN_POINT ( 'NONE',  ( 135.9367795830958130, 15.30041878589574900, 9.440215740970209879 ) ) ;
#10 = LINE ( 'NONE', #2493, #1082 ) ;
#11 = AXIS2_PLACEMENT_3D ( 'NONE', #5638, #595, #4560 ) ;
#12 = CARTESIAN_POINT ( 'NONE',  ( 108.6235294388714010, 0.1875877475632465041, 6.577839160665039486 ) ) ;
#13 = PLANE ( 'NONE',  #397 ) ;
#14 = AXIS2_PLACEMENT_3D ( 'NONE', #4122, #6688, #2931 ) ;
#15 = PERSON_AND_ORGANIZATION_ROLE ( 'design_supplier' ) ;
#16 = DIRECTION ( 'NONE',  ( 0.000000000000000000, 1.000000000000000000, 0.000000000000000000 ) ) ;
#17 = ORIENTED_EDGE ( 'NONE', *, *, #7255, .T. ) ;
#18 = CARTESIAN_POINT ( 'NONE',  ( 3.000000000000000000, 20.00000000000000000, 1.000000000000000000 ) ) ;
#19 = EDGE_CURVE ( 'NONE', #4221, #2054, #6616, .T. ) ;
#20 = CIRCLE ( 'NONE', #3378, 1.500000000000000000 ) ;
#21 = CARTESIAN_POINT ( 'NONE',  ( 147.1486106866369425, 10.35793492846719666, 20.96517918541705683 ) ) ;
#22 = FACE_BOUND ( 'NONE', #4480, .T. ) ;
#23 = DIRECTION ( 'NONE',  ( 0.000000000000000000, 0.000000000000000000, -1.000000000000000000 ) ) ;
#24 = CARTESIAN_POINT ( 'NONE',  ( 132.0000000000000000, 0.6999999999999999556, 14.00000000000000000 ) ) ;
#25 = VERTEX_POINT ( 'NONE', #4194 ) ;
#26 = DIRECTION ( 'NONE',  ( 0.000000000000000000, 0.000000000000000000, -1.000000000000000000 ) ) ;
#27 = AXIS2_PLACEMENT_3D ( 'NONE', #1284, #6542, #23 ) ;
#28 = ORIENTED_EDGE ( 'NONE', *, *, #3449, .T. ) ;
#29 = CARTESIAN_POINT ( 'NONE',  ( 107.8604711048614035, 0.1155456001732979993, 6.463642979428160018 ) ) ;
#30 = CARTESIAN_POINT ( 'NONE',  ( 0.4261790687600820471, 1.390307040943881578, 1.390307040943881578 ) ) ;
#31 = CARTESIAN_POINT ( 'NONE',  ( 109.6174781541735967, 0.9881174495463059815, 7.059999482218141248E-05 ) ) ;
#32 = CARTESIAN_POINT ( 'NONE',  ( 78.00000000000000000, -30.00000000000000000, 0.000000000000000000 ) ) ;
#33 = CARTESIAN_POINT ( 'NONE',  ( 106.3649126752825964, 18.88652285270550024, -7.000000000000000000 ) ) ;
#34 = CARTESIAN_POINT ( 'NONE',  ( 113.4673713519141955, 0.5440512949314529889, -8.214951988041699238 ) ) ;
#35 = VERTEX_POINT ( 'NONE', #5418 ) ;
#36 = EDGE_LOOP ( 'NONE', ( #1563, #7453, #7192 ) ) ;
#37 = EDGE_CURVE ( 'NONE', #7763, #5953, #5125, .T. ) ;
#38 = CARTESIAN_POINT ( 'NONE',  ( 113.5092551128844036, 0.6743423103827680398, 8.281157727821637948 ) ) ;
#39 = ORIENTED_EDGE ( 'NONE', *, *, #7093, .T. ) ;
#40 = CARTESIAN_POINT ( 'NONE',  ( 0.3786408315590474860, 18.00723795530520022, -1.489143067042953961 ) ) ;
#41 = FACE_OUTER_BOUND ( 'NONE', #7394, .T. ) ;
#42 = CARTESIAN_POINT ( 'NONE',  ( 108.9774246331218848, 0.2062341625290749214, -6.637328738834111341 ) ) ;
#43 = CARTESIAN_POINT ( 'NONE',  ( 111.5540719622258194, 0.2591345733961555320, -7.257555055304940161 ) ) ;
#44 = CARTESIAN_POINT ( 'NONE',  ( 110.0315688165333938, 0.9419260095229237129, -6.997744537575996127 ) ) ;
#45 = ORIENTED_EDGE ( 'NONE', *, *, #4165, .F. ) ;
#46 = DATE_AND_TIME ( #4470, #5459 ) ;
#47 = AXIS2_PLACEMENT_3D ( 'NONE', #7226, #1469, #6605 ) ;
#48 = EDGE_LOOP ( 'NONE', ( #2602, #7849, #6519, #4235 ) ) ;
#49 = CARTESIAN_POINT ( 'NONE',  ( 113.0509330527603993, 19.24837823142275184, 8.081463338565841426 ) ) ;
#50 = SPHERICAL_SURFACE ( 'NONE', #5790, 1.000000000000000000 ) ;
#51 = CARTESIAN_POINT ( 'NONE',  ( 109.4094544016287500, 0.04053574768424585140, -6.250973846267664946 ) ) ;
#52 = CARTESIAN_POINT ( 'NONE',  ( 1.707106781187729849, 0.2928932188133665515, -6.707106781187213151 ) ) ;
#53 = CARTESIAN_POINT ( 'NONE',  ( 132.0000000000000000, 7.299999999999999822, 11.50000000000000000 ) ) ;
#54 = DATE_TIME_ROLE ( 'creation_date' ) ;
#55 = CARTESIAN_POINT ( 'NONE',  ( 0.7586295022792404197, 0.9671883375968453045, -0.9671883375968453045 ) ) ;
#56 = ORIENTED_EDGE ( 'NONE', *, *, #7215, .F. ) ;
#57 = EDGE_CURVE ( 'NONE', #3672, #1267, #404, .T. ) ;
#58 = CARTESIAN_POINT ( 'NONE',  ( 0.07808197337323910525, 17.52349577415515114, 2.214756338766505017 ) ) ;
#59 = EDGE_CURVE ( 'NONE', #6559, #5, #5749, .T. ) ;
#60 = CARTESIAN_POINT ( 'NONE',  ( 138.7923520152390040, 13.67110435193143836, 17.82383291408140025 ) ) ;
#61 = DIRECTION ( 'NONE',  ( 0.9360434818771460330, 5.204170427930416550E-15, -0.3518843560536742965 ) ) ;
#62 = CARTESIAN_POINT ( 'NONE',  ( 0.3786408315590474860, 18.00723795530520022, -1.489143067042953961 ) ) ;
#63 = CARTESIAN_POINT ( 'NONE',  ( 0.2080419764758836276, 2.268177328266439474, -1.902265959891577207 ) ) ;
#64 = ORIENTED_EDGE ( 'NONE', *, *, #7831, .F. ) ;
#65 = CARTESIAN_POINT ( 'NONE',  ( 149.7093515827920100, 13.40000000000000036, -12.00000000000000000 ) ) ;
#66 = ORIENTED_EDGE ( 'NONE', *, *, #4988, .T. ) ;
#67 = CARTESIAN_POINT ( 'NONE',  ( 110.1834106557364095, 0.04062809819006810153, 6.000602840074269473 ) ) ;
#68 = CARTESIAN_POINT ( 'NONE',  ( 147.8843720404875057, -9.873908744127955828, 20.18656669350166766 ) ) ;
#69 = DIRECTION ( 'NONE',  ( -1.000000000000000000, 0.000000000000000000, 0.000000000000000000 ) ) ;
#70 = CIRCLE ( 'NONE', #5169, 1.000000000000010214 ) ;
#71 = CARTESIAN_POINT ( 'NONE',  ( 110.4122797837708134, 0.04109086805304078965, 6.139438359763250475 ) ) ;
#72 = CARTESIAN_POINT ( 'NONE',  ( 107.6146512073669896, 19.69096715915764761, -6.723717149492929757 ) ) ;
#73 = EDGE_CURVE ( 'NONE', #2098, #3422, #7510, .T. ) ;
#74 = EDGE_LOOP ( 'NONE', ( #1549, #5679, #998, #3615, #2643, #3854, #925, #1465, #7721 ) ) ;
#75 = EDGE_CURVE ( 'NONE', #2098, #2034, #1794, .T. ) ;
#76 = ORIENTED_EDGE ( 'NONE', *, *, #3084, .F. ) ;
#77 = CARTESIAN_POINT ( 'NONE',  ( 116.4295889580138521, 19.72586848770114543, 8.347895770744599986 ) ) ;
#78 = ORIENTED_EDGE ( 'NONE', *, *, #5489, .T. ) ;
#79 = CARTESIAN_POINT ( 'NONE',  ( 1.537535242678615521, 18.74736026519432741, 0.3787099362756007892 ) ) ;
#80 = CARTESIAN_POINT ( 'NONE',  ( 5.500999999999999446, 13.40000000000000036, -9.501000000000001222 ) ) ;
#81 = DIRECTION ( 'NONE',  ( 0.000000000000000000, 0.000000000000000000, -1.000000000000000000 ) ) ;
#82 = CARTESIAN_POINT ( 'NONE',  ( 116.2842678241091932, 18.71753354562110161, 9.362428219809711294 ) ) ;
#83 = DIRECTION ( 'NONE',  ( -0.3420201433256692680, 0.000000000000000000, 0.9396926207859082059 ) ) ;
#84 = CARTESIAN_POINT ( 'NONE',  ( 110.2908405054364209, 0.5339466761150940544, -6.973467704503073072 ) ) ;
#85 = ORIENTED_EDGE ( 'NONE', *, *, #1997, .F. ) ;
#86 = PERSON_AND_ORGANIZATION_ROLE ( 'classification_officer' ) ;
#87 = LOCAL_TIME ( 21, 5, 34.00000000000000000, #7242 ) ;
#88 = ORIENTED_EDGE ( 'NONE', *, *, #6623, .T. ) ;
#89 = CC_DESIGN_DATE_AND_TIME_ASSIGNMENT ( #1818, #6195, ( #598 ) ) ;
#90 = CARTESIAN_POINT ( 'NONE',  ( 3.000000000000000000, 0.000000000000000000, -9.501000000000001222 ) ) ;
#91 = CARTESIAN_POINT ( 'NONE',  ( 8.000000000000000000, 0.000000000000000000, 7.000000000000000000 ) ) ;
#92 = DIRECTION ( 'NONE',  ( 0.000000000000000000, -8.673617379884043361E-15, 1.000000000000000000 ) ) ;
#93 = DIRECTION ( 'NONE',  ( -1.000000000000000000, 4.336808689942013792E-15, 0.000000000000000000 ) ) ;
#94 = LINE ( 'NONE', #6573, #3368 ) ;
#95 = PERSON_AND_ORGANIZATION ( #5375, #6038 ) ;
#96 = CARTESIAN_POINT ( 'NONE',  ( 147.8886938636780144, -8.047637791034087940, -20.17507026191099939 ) ) ;
#97 = ORIENTED_EDGE ( 'NONE', *, *, #7320, .F. ) ;
#98 = CARTESIAN_POINT ( 'NONE',  ( 1.170030629533429956, 18.59021525347860049, 0.6146771197821209176 ) ) ;
#99 = CARTESIAN_POINT ( 'NONE',  ( 111.2250793226839960, 19.97247623184903631, 7.460540837093292410 ) ) ;
#100 = DIRECTION ( 'NONE',  ( 0.000000000000000000, -1.000000000000000000, 0.000000000000000000 ) ) ;
#101 = EDGE_CURVE ( 'NONE', #265, #6559, #7978, .T. ) ;
#102 = CARTESIAN_POINT ( 'NONE',  ( 147.8886938636780144, 9.539544568843160377, 20.17507026191099939 ) ) ;
#103 = B_SPLINE_CURVE_WITH_KNOTS ( 'NONE', 3,
 ( #5298, #8023, #364, #4037 ),
 .UNSPECIFIED., .F., .F.,
 ( 4, 4 ),
 ( 1.838319552191060253E-05, 0.002372010007980539757 ),
 .UNSPECIFIED. ) ;
#104 = CARTESIAN_POINT ( 'NONE',  ( 112.5513943275472002, 0.1585229760157979839, -7.481283546191629164 ) ) ;
#105 = VERTEX_POINT ( 'NONE', #447 ) ;
#106 = EDGE_CURVE ( 'NONE', #7060, #7713, #2551, .T. ) ;
#107 = LINE ( 'NONE', #7253, #1260 ) ;
#108 = EDGE_LOOP ( 'NONE', ( #5490, #6348, #3057, #5623 ) ) ;
#109 = CIRCLE ( 'NONE', #4135, 2.498999999999999666 ) ;
#110 = DIRECTION ( 'NONE',  ( 0.5644578978191981955, 0.8254618595607743359, 0.000000000000000000 ) ) ;
#111 = CARTESIAN_POINT ( 'NONE',  ( 148.7083515827916074, 9.501908822039931479, -15.15286556612315039 ) ) ;
#112 = CARTESIAN_POINT ( 'NONE',  ( 0.000000000000000000, 3.000000000000000000, 1.000000000000000000 ) ) ;
#113 = EDGE_CURVE ( 'NONE', #667, #3672, #5002, .T. ) ;
#114 = CARTESIAN_POINT ( 'NONE',  ( 109.9707644902420753, 19.39482055757867940, -6.972753368774885274 ) ) ;
#115 = ORIENTED_EDGE ( 'NONE', *, *, #7196, .F. ) ;
#116 = EDGE_LOOP ( 'NONE', ( #4944, #1407, #2872, #2654, #1223 ) ) ;
#117 = CARTESIAN_POINT ( 'NONE',  ( 106.3649126752824117, 1.000000000000000000, 7.000000000000000000 ) ) ;
#118 = ORIENTED_EDGE ( 'NONE', *, *, #2656, .T. ) ;
#119 = CARTESIAN_POINT ( 'NONE',  ( 109.6504999836578094, -0.01140866359944738354, 4.411347589300397744E-15 ) ) ;
#120 = DIRECTION ( 'NONE',  ( -1.719089139163134901E-31, 1.000000000000000000, 0.000000000000000000 ) ) ;
#121 = EDGE_CURVE ( 'NONE', #6334, #3214, #4880, .T. ) ;
#122 = EDGE_CURVE ( 'NONE', #3282, #2205, #319, .T. ) ;
#123 = DIRECTION ( 'NONE',  ( -0.9995528166394257452, -0.02990262109231479545, 0.000000000000000000 ) ) ;
#124 = DIRECTION ( 'NONE',  ( 0.000000000000000000, 1.000000000000000000, 0.000000000000000000 ) ) ;
#125 =( REPRESENTATION_RELATIONSHIP ('NONE','NONE', #3275, #2148 ) REPRESENTATION_RELATIONSHIP_WITH_TRANSFORMATION ( #5592 )SHAPE_REPRESENTATION_RELATIONSHIP( ) );
#126 = LINE ( 'NONE', #7273, #2957 ) ;
#127 = CARTESIAN_POINT ( 'NONE',  ( 112.8369748302175850, 19.38070039083808282, -7.942386423676154550 ) ) ;
#128 = VERTEX_POINT ( 'NONE', #1203 ) ;
#129 = PRODUCT_DEFINITION_FORMATION_WITH_SPECIFIED_SOURCE ( 'ANY', '', #4998, .NOT_KNOWN. ) ;
#130 = CARTESIAN_POINT ( 'NONE',  ( 109.9977639494924659, 19.53116847852769311, 6.901684355119511949 ) ) ;
#131 = CARTESIAN_POINT ( 'NONE',  ( 147.6168443083890054, -7.101016365887960369, -13.69141163527964089 ) ) ;
#132 = CARTESIAN_POINT ( 'NONE',  ( 107.8161785944027145, 20.00000000000001066, 6.389952952496259719 ) ) ;
#133 = CARTESIAN_POINT ( 'NONE',  ( 1.917418236061759984, 0.1924500978636584647, -6.606663660236636204 ) ) ;
#134 = AXIS2_PLACEMENT_3D ( 'NONE', #7097, #3987, #5070 ) ;
#135 = FACE_OUTER_BOUND ( 'NONE', #7645, .T. ) ;
#136 = APPROVAL_STATUS ( 'not_yet_approved' ) ;
#137 = AXIS2_PLACEMENT_3D ( 'NONE', #3436, #2807, #6000 ) ;
#138 = EDGE_CURVE ( 'NONE', #6567, #3919, #2201, .T. ) ;
#139 = CARTESIAN_POINT ( 'NONE',  ( 2.607305765700779876, 1.012892176783895870, -0.01933826517584500207 ) ) ;
#140 = ORIENTED_EDGE ( 'NONE', *, *, #4481, .T. ) ;
#141 = VECTOR ( 'NONE', #1285, 1000.000000000000000 ) ;
#142 = CARTESIAN_POINT ( 'NONE',  ( 3.035766082959410049E-15, 17.00000000000000000, 3.000000000000000000 ) ) ;
#143 = CARTESIAN_POINT ( 'NONE',  ( 111.2053294841629878, 18.97242078057989900, 7.453116332284769108 ) ) ;
#144 = CIRCLE ( 'NONE', #4838, 20.00000000000000711 ) ;
#145 = CARTESIAN_POINT ( 'NONE',  ( 131.5600996335269883, -2.539357305243471252, 7.847234514412839701 ) ) ;
#146 = CIRCLE ( 'NONE', #14, 5.000000000000004441 ) ;
#147 = CARTESIAN_POINT ( 'NONE',  ( 3.000000000000000000, 20.00000000000000000, -1.000000000000000000 ) ) ;
#148 = CARTESIAN_POINT ( 'NONE',  ( 149.6457593982948424, 10.01448041493945063, -15.50112067417123107 ) ) ;
#149 = ORIENTED_EDGE ( 'NONE', *, *, #4011, .T. ) ;
#150 = CYLINDRICAL_SURFACE ( 'NONE', #4085, 1.000000000000000888 ) ;
#151 = ORIENTED_EDGE ( 'NONE', *, *, #1843, .T. ) ;
#152 = EDGE_CURVE ( 'NONE', #3758, #621, #6253, .T. ) ;
#153 = AXIS2_PLACEMENT_3D ( 'NONE', #4637, #841, #7189 ) ;
#154 = CARTESIAN_POINT ( 'NONE',  ( 147.6157203080221905, -8.911725111993499482, 16.52496120972329763 ) ) ;
#155 = CARTESIAN_POINT ( 'NONE',  ( 3.000000000000000000, 0.000000000000000000, 1.000000000000000000 ) ) ;
#156 = CARTESIAN_POINT ( 'NONE',  ( 148.4751571749424386, 10.04072706644376112, 18.61502603019988200 ) ) ;
#157 = EDGE_CURVE ( 'NONE', #7670, #3422, #573, .T. ) ;
#158 = FACE_OUTER_BOUND ( 'NONE', #3367, .T. ) ;
#159 = CARTESIAN_POINT ( 'NONE',  ( 113.4530617272259008, 0.8796158669026883370, -8.298100382971686173 ) ) ;
#160 = ORIENTED_EDGE ( 'NONE', *, *, #6086, .F. ) ;
#161 = VECTOR ( 'NONE', #375, 1000.000000000000000 ) ;
#162 = EDGE_LOOP ( 'NONE', ( #115, #1847, #3845 ) ) ;
#163 = CARTESIAN_POINT ( 'NONE',  ( 146.1596007219033311, 11.37632723194683138, 19.51915414975336205 ) ) ;
#164 = ORIENTED_EDGE ( 'NONE', *, *, #637, .T. ) ;
#165 = CARTESIAN_POINT ( 'NONE',  ( 109.7860852018991551, -0.006403883667821536757, 7.831865946817419881E-13 ) ) ;
#166 = B_SPLINE_CURVE_WITH_KNOTS ( 'NONE', 3,
 ( #6320, #1950, #2496, #4476, #7038, #6408 ),
 .UNSPECIFIED., .F., .F.,
 ( 4, 2, 4 ),
 ( -1.095446141998051753E-05, 0.0007476109544463033565, 0.001506176370312587364 ),
 .UNSPECIFIED. ) ;
#167 = LINE ( 'NONE', #2685, #1317 ) ;
#168 = CIRCLE ( 'NONE', #6343, 1.000000000000000000 ) ;
#169 = ADVANCED_FACE ( 'NONE', ( #1747 ), #5703, .T. ) ;
#170 = CARTESIAN_POINT ( 'NONE',  ( 147.7958045053649698, 11.36705165011301943, 14.82072559257989930 ) ) ;
#171 = CARTESIAN_POINT ( 'NONE',  ( 0.000000000000000000, 0.5000000000000109912, 0.000000000000000000 ) ) ;
#172 = LINE ( 'NONE', #6525, #3773 ) ;
#173 = CARTESIAN_POINT ( 'NONE',  ( 112.8076090008328976, 19.39675708462507941, -7.922781324016852089 ) ) ;
#174 = ORIENTED_EDGE ( 'NONE', *, *, #2159, .T. ) ;
#175 = CARTESIAN_POINT ( 'NONE',  ( 112.7924650387810033, 1.057778206996399906, -8.049764013102530313 ) ) ;
#176 = CARTESIAN_POINT ( 'NONE',  ( 131.7670208760625883, -1.563821355605670149, -7.922547687537839778 ) ) ;
#177 = CARTESIAN_POINT ( 'NONE',  ( 5.499000000000000554, 19.75000000000000000, -9.501000000000001222 ) ) ;
#178 = DIRECTION ( 'NONE',  ( 4.336808689942017736E-16, 0.000000000000000000, 1.000000000000000000 ) ) ;
#179 = CIRCLE ( 'NONE', #981, 0.9999999999999991118 ) ;
#180 = FACE_OUTER_BOUND ( 'NONE', #1330, .T. ) ;
#181 = CALENDAR_DATE ( 2026, 3, 9 ) ;
#182 = EDGE_CURVE ( 'NONE', #3627, #8223, #3142, .T. ) ;
#183 = CARTESIAN_POINT ( 'NONE',  ( 0.4261790687600820471, 1.390307040943881578, -1.390307040943881578 ) ) ;
#184 = ORIENTED_EDGE ( 'NONE', *, *, #5464, .T. ) ;
#185 = PLANE ( 'NONE',  #2885 ) ;
#186 = CIRCLE ( 'NONE', #1935, 2.498999999999999666 ) ;
#187 = DIRECTION ( 'NONE',  ( -1.000000000000000000, 0.000000000000000000, 0.000000000000000000 ) ) ;
#188 = CARTESIAN_POINT ( 'NONE',  ( 113.4024101645254063, 0.9452817923039531500, -8.279059074663440043 ) ) ;
#189 = CARTESIAN_POINT ( 'NONE',  ( 136.0862288827777888, -3.790965350074595008, 10.55878861009360037 ) ) ;
#190 = CARTESIAN_POINT ( 'NONE',  ( 0.8904653425075520490, 19.17136507688229941, -0.8286349231175224039 ) ) ;
#191 = CARTESIAN_POINT ( 'NONE',  ( 109.6178656985668596, 0.9881301017232810846, 7.052482475420306096E-05 ) ) ;
#192 = PERSON_AND_ORGANIZATION ( #5375, #6038 ) ;
#193 = ORIENTED_EDGE ( 'NONE', *, *, #493, .F. ) ;
#194 = CARTESIAN_POINT ( 'NONE',  ( 5.499000000000000554, -7.810249675906650424, 9.501000000000001222 ) ) ;
#195 = ORIENTED_EDGE ( 'NONE', *, *, #3420, .F. ) ;
#196 = CARTESIAN_POINT ( 'NONE',  ( 146.9526503818007654, -10.00000000000000000, -19.82318590585730078 ) ) ;
#197 = CARTESIAN_POINT ( 'NONE',  ( 148.7083515827920053, -8.081274705556781512, 15.15286556612324809 ) ) ;
#198 = CARTESIAN_POINT ( 'NONE',  ( 112.5513943275472002, 0.1585229760157979839, 7.481283546191629164 ) ) ;
#199 = DIRECTION ( 'NONE',  ( 0.000000000000000000, -1.000000000000000000, 0.000000000000000000 ) ) ;
#200 = CARTESIAN_POINT ( 'NONE',  ( 5.499000000000000554, 6.599999999999999645, -9.501000000000001222 ) ) ;
#201 = ORIENTED_EDGE ( 'NONE', *, *, #5097, .F. ) ;
#202 = CARTESIAN_POINT ( 'NONE',  ( 108.1066236522568005, 0.1635420686402385138, 6.548031138773479753 ) ) ;
#203 = ORIENTED_EDGE ( 'NONE', *, *, #7215, .T. ) ;
#204 = LINE ( 'NONE', #2222, #4750 ) ;
#205 = DESIGN_CONTEXT ( 'detailed design', #1257, 'design' ) ;
#206 = CARTESIAN_POINT ( 'NONE',  ( 108.2688908795555989, 19.83372482030099704, 6.552440334895780261 ) ) ;
#207 = DIRECTION ( 'NONE',  ( 0.000000000000000000, -1.000000000000000000, 0.000000000000000000 ) ) ;
#208 = VECTOR ( 'NONE', #7629, 1000.000000000000000 ) ;
#209 = DIRECTION ( 'NONE',  ( 0.000000000000000000, 1.000000000000000000, 0.000000000000000000 ) ) ;
#210 = FACE_OUTER_BOUND ( 'NONE', #6155, .T. ) ;
#211 = B_SPLINE_CURVE_WITH_KNOTS ( 'NONE', 3,
 ( #6111, #343, #7368, #6190, #6867, #1099, #5474, #2912, #5596, #2401, #4844, #8039, #7408, #4960, #6704, #938 ),
 .UNSPECIFIED., .F., .F.,
 ( 4, 2, 2, 2, 2, 2, 2, 4 ),
 ( 0.000000000000000000, 0.1250000000000007494, 0.2500000000000002220, 0.5000000000000000000, 0.5625000000000001110, 0.6250000000000000000, 0.7500000000000000000, 1.000000000000000000 ),
 .UNSPECIFIED. ) ;
#212 = CARTESIAN_POINT ( 'NONE',  ( 0.000000000000000000, 22.00000000000000000, -1.500000000000000000 ) ) ;
#213 = ORIENTED_EDGE ( 'NONE', *, *, #5517, .F. ) ;
#214 = EDGE_CURVE ( 'NONE', #6479, #6546, #1874, .T. ) ;
#215 = AXIS2_PLACEMENT_3D ( 'NONE', #250, #3560, #6131 ) ;
#216 = CARTESIAN_POINT ( 'NONE',  ( 107.6146512073363937, 19.69096715915839724, 6.723717149492220102 ) ) ;
#217 = CARTESIAN_POINT ( 'NONE',  ( 145.3709405397413832, -7.189016120826730472, -13.93814728694000138 ) ) ;
#218 = DIRECTION ( 'NONE',  ( 0.000000000000000000, -1.000000000000000000, 0.000000000000000000 ) ) ;
#219 = CARTESIAN_POINT ( 'NONE',  ( 3.000000000000000000, 20.00000000000000000, -1.000000000000000000 ) ) ;
#220 = CARTESIAN_POINT ( 'NONE',  ( 149.7093515827920100, 6.599999999999999645, -7.000000000000079936 ) ) ;
#221 = SECURITY_CLASSIFICATION_LEVEL ( 'unclassified' ) ;
#222 = CARTESIAN_POINT ( 'NONE',  ( 8.000000000000000000, 0.000000000000000000, -6.000000000000000000 ) ) ;
#223 = VERTEX_POINT ( 'NONE', #4537 ) ;
#224 = CARTESIAN_POINT ( 'NONE',  ( 107.8161785944026008, 34.51914434560579537, 20.14765559307450005 ) ) ;
#225 = ADVANCED_FACE ( 'NONE', ( #7216 ), #7094, .T. ) ;
#226 = CARTESIAN_POINT ( 'NONE',  ( 125.6042084879548923, -1.649741895916057688, 11.79984876781378844 ) ) ;
#227 = LOCAL_TIME ( 21, 5, 34.00000000000000000, #4053 ) ;
#228 = CARTESIAN_POINT ( 'NONE',  ( 126.8487596551038052, -0.4515415263380679889, 6.132446998763049884 ) ) ;
#229 = EDGE_CURVE ( 'NONE', #4782, #550, #4580, .T. ) ;
#230 = FACE_OUTER_BOUND ( 'NONE', #4277, .T. ) ;
#231 = CARTESIAN_POINT ( 'NONE',  ( 148.0852042723149680, 10.33990438774135967, -18.46562042988874808 ) ) ;
#232 = CARTESIAN_POINT ( 'NONE',  ( 548.2562832678161158, 895.9560692359274299, 1302.661769518145547 ) ) ;
#233 = VERTEX_POINT ( 'NONE', #2055 ) ;
#234 = CARTESIAN_POINT ( 'NONE',  ( 137.0000000000000000, 0.000000000000000000, 3.000000000000000000 ) ) ;
#235 = ORIENTED_EDGE ( 'NONE', *, *, #2263, .F. ) ;
#236 = FACE_OUTER_BOUND ( 'NONE', #6218, .T. ) ;
#237 = CARTESIAN_POINT ( 'NONE',  ( 122.1329999630525265, -1.057680782259792673, 11.56112665881425983 ) ) ;
#238 = FACE_OUTER_BOUND ( 'NONE', #2435, .T. ) ;
#239 = CARTESIAN_POINT ( 'NONE',  ( 106.3647230434517894, 0.9973943710621530068, 6.999996605343159928 ) ) ;
#240 = DIRECTION ( 'NONE',  ( 0.000000000000000000, 0.000000000000000000, 1.000000000000000000 ) ) ;
#241 = PRODUCT_RELATED_PRODUCT_CATEGORY ( 'detail', '', ( #4998 ) ) ;
#242 = VECTOR ( 'NONE', #4418, 1000.000000000000000 ) ;
#243 = ORIENTED_EDGE ( 'NONE', *, *, #7212, .F. ) ;
#244 = CARTESIAN_POINT ( 'NONE',  ( 5.499000000000000554, 20.00000000000000000, -8.251000000000001222 ) ) ;
#245 = ORIENTED_EDGE ( 'NONE', *, *, #19, .T. ) ;
#246 = CARTESIAN_POINT ( 'NONE',  ( 2.627557016421597336, -7.103782984306263383E-16, 1.000000000000000666 ) ) ;
#247 = EDGE_CURVE ( 'NONE', #5831, #7794, #5292, .T. ) ;
#248 = ORIENTED_EDGE ( 'NONE', *, *, #3102, .F. ) ;
#249 = CARTESIAN_POINT ( 'NONE',  ( 109.6174781541735967, 1.000000000000000000, 1.000000000000000000 ) ) ;
#250 = CARTESIAN_POINT ( 'NONE',  ( 109.6174781541735967, 1.000000000000000000, -1.000000000000000000 ) ) ;
#251 = CARTESIAN_POINT ( 'NONE',  ( 144.2299480809763850, 11.35089753899441867, 19.86797405401524941 ) ) ;
#252 = FACE_OUTER_BOUND ( 'NONE', #5107, .T. ) ;
#253 = CARTESIAN_POINT ( 'NONE',  ( 5.499000000000000554, -7.810249675906650424, -9.501000000000001222 ) ) ;
#254 = VERTEX_POINT ( 'NONE', #826 ) ;
#255 =( BOUNDED_SURFACE ( )  B_SPLINE_SURFACE ( 3, 2, ( 
 ( #2155, #5305, #3415 ),
 ( #131, #7830, #720 ),
 ( #6530, #5978, #217 ),
 ( #6018, #3964, #2697 ),
 ( #7959, #5346, #7321 ),
 ( #2196, #4127, #7915 ),
 ( #2657, #2075, #1438 ),
 ( #2114, #4006, #2824 ),
 ( #176, #4642, #4679 ),
 ( #4722, #5224, #7787 ),
 ( #7280, #258, #2037 ),
 ( #6570, #4603, #7158 ),
 ( #1399, #802, #7195 ),
 ( #3532, #5587, #8111 ),
 ( #7437, #2235, #6103 ),
 ( #6694, #458, #4163 ) ),
 .UNSPECIFIED., .F., .F., .T. ) 
 B_SPLINE_SURFACE_WITH_KNOTS ( ( 4, 2, 2, 2, 2, 2, 2, 4 ),
 ( 3, 3 ),
 ( 0.01460938227356559961, 0.02002119190617749830, 0.02543300153878939873, 0.03084481117140135120, 0.03625662080401324816, 0.04708024006923710453, 0.05249204970184900149, 0.05790385933446089844 ),
 ( 0.000000000000000000, 1.000000000000000000 ),
 .UNSPECIFIED. ) 
 GEOMETRIC_REPRESENTATION_ITEM ( )  RATIONAL_B_SPLINE_SURFACE ( (
 ( 1.000000000000000000, 0.7071067811865530128, 1.000000000000000000),
 ( 1.000000000000000000, 0.7071067811865530128, 1.000000000000000000),
 ( 1.000000000000000000, 0.7071067811865470176, 1.000000000000000000),
 ( 1.000000000000000000, 0.7071067811865470176, 1.000000000000000000),
 ( 1.000000000000000000, 0.7071067811865500152, 1.000000000000000000),
 ( 1.000000000000000000, 0.7071067811865500152, 1.000000000000000000),
 ( 1.000000000000000000, 0.7071067811865490160, 1.000000000000000000),
 ( 1.000000000000000000, 0.7071067811865490160, 1.000000000000000000),
 ( 1.000000000000000000, 0.7071067811865470176, 1.000000000000000000),
 ( 1.000000000000000000, 0.7071067811865470176, 1.000000000000000000),
 ( 1.000000000000000000, 0.7071067811865490160, 1.000000000000000000),
 ( 1.000000000000000000, 0.7071067811865490160, 1.000000000000000000),
 ( 1.000000000000000000, 0.7071067811865490160, 1.000000000000000000),
 ( 1.000000000000000000, 0.7071067811865490160, 1.000000000000000000),
 ( 1.000000000000000000, 0.7071067811865470176, 1.000000000000000000),
 ( 1.000000000000000000, 0.7071067811865470176, 1.000000000000000000) ) ) 
 REPRESENTATION_ITEM ( '' )  SURFACE ( )  );
#256 = CARTESIAN_POINT ( 'NONE',  ( 113.4025997963560002, 1.000000000000000000, -8.279130362457099324 ) ) ;
#257 = EDGE_CURVE ( 'NONE', #5416, #7154, #7850, .T. ) ;
#258 = CARTESIAN_POINT ( 'NONE',  ( 123.4062300054974202, -0.8321133083617594517, -4.879468675705946445 ) ) ;
#259 = CARTESIAN_POINT ( 'NONE',  ( 0.000000000000000000, 17.00000000000000000, 4.000000000000000000 ) ) ;
#260 = CARTESIAN_POINT ( 'NONE',  ( 0.8223141166723233475, 19.06364357863943582, -1.624261445254722380 ) ) ;
#261 = CARTESIAN_POINT ( 'NONE',  ( 5.499000000000000554, -7.810249675906650424, -8.501000000000001222 ) ) ;
#262 = CIRCLE ( 'NONE', #1488, 0.9999999999999998890 ) ;
#263 = APPROVAL_ROLE ( '' ) ;
#264 = CARTESIAN_POINT ( 'NONE',  ( 118.1162129850663973, -0.2478815997111560310, 4.018237714012370176 ) ) ;
#265 = VERTEX_POINT ( 'NONE', #3900 ) ;
#266 = CARTESIAN_POINT ( 'NONE',  ( 4.217769985506373659E-12, 2.672760551479985924, 2.672760551479985924 ) ) ;
#267 = CARTESIAN_POINT ( 'NONE',  ( 125.7414896071139907, 18.30864227371053232, 12.91765664839675942 ) ) ;
#268 = AXIS2_PLACEMENT_3D ( 'NONE', #232, #7930, #4772 ) ;
#269 = CARTESIAN_POINT ( 'NONE',  ( 113.1537600502586116, 0.04838343788714159766, 2.212052556822265093 ) ) ;
#270 = CARTESIAN_POINT ( 'NONE',  ( 110.3672879358266101, 19.98497357519670103, -6.135440817214860232 ) ) ;
#271 = CARTESIAN_POINT ( 'NONE',  ( 3.000000000000000000, 1.000000000000000000, 0.000000000000000000 ) ) ;
#272 = DATE_AND_TIME ( #6034, #7376 ) ;
#273 = CARTESIAN_POINT ( 'NONE',  ( 1.017519744401145898, 19.26016043152045043, 1.493226378986386216 ) ) ;
#274 = ORIENTED_EDGE ( 'NONE', *, *, #5229, .F. ) ;
#275 = VECTOR ( 'NONE', #2669, 1000.000000000000000 ) ;
#276 = VECTOR ( 'NONE', #4778, 1000.000000000000000 ) ;
#277 = CARTESIAN_POINT ( 'NONE',  ( 146.9526503818005949, 9.539544568843208339, -19.82318590585730078 ) ) ;
#278 = CARTESIAN_POINT ( 'NONE',  ( 8.000000000000000000, 20.00000000000000000, 9.501000000000001222 ) ) ;
#279 = CARTESIAN_POINT ( 'NONE',  ( 110.1656931626172025, -10.00000000000000000, -0.06030737921409669994 ) ) ;
#280 = CIRCLE ( 'NONE', #4308, 0.9999999999999997780 ) ;
#281 = CARTESIAN_POINT ( 'NONE',  ( 80.00000000000000000, -30.00000000000000000, 6.000000000000000000 ) ) ;
#282 = ORIENTED_EDGE ( 'NONE', *, *, #3655, .F. ) ;
#283 = CARTESIAN_POINT ( 'NONE',  ( 122.0415153206223948, 19.34600871986484094, -4.382753152192061741 ) ) ;
#284 = ORIENTED_EDGE ( 'NONE', *, *, #106, .F. ) ;
#285 = ORIENTED_EDGE ( 'NONE', *, *, #257, .T. ) ;
#286 = FACE_OUTER_BOUND ( 'NONE', #6548, .T. ) ;
#287 = CARTESIAN_POINT ( 'NONE',  ( 110.1929953962747959, 19.98747038457119984, -6.004091400336680096 ) ) ;
#288 = AXIS2_PLACEMENT_3D ( 'NONE', #3719, #3089, #5424 ) ;
#289 = CARTESIAN_POINT ( 'NONE',  ( 149.6443950646691974, -8.081274705556770854, -15.50474992217694847 ) ) ;
#290 = EDGE_CURVE ( 'NONE', #2800, #747, #314, .T. ) ;
#291 = DIRECTION ( 'NONE',  ( 3.469446951953615175E-16, 1.000000000000000000, 0.000000000000000000 ) ) ;
#292 = DIRECTION ( 'NONE',  ( 0.000000000000000000, 0.000000000000000000, -1.000000000000000000 ) ) ;
#293 = ORIENTED_EDGE ( 'NONE', *, *, #6908, .F. ) ;
#294 = VECTOR ( 'NONE', #4400, 1000.000000000000000 ) ;
#295 = CARTESIAN_POINT ( 'NONE',  ( 113.1897497571929989, 19.14233891617919880, 8.167061631829090729 ) ) ;
#296 = LINE ( 'NONE', #334, #1501 ) ;
#297 = CARTESIAN_POINT ( 'NONE',  ( 0.5671210363236719454, 18.75827368642903181, -1.828198658438897173 ) ) ;
#298 = PRODUCT_DEFINITION_SHAPE ( 'NONE', 'NONE',  #598 ) ;
#299 = CARTESIAN_POINT ( 'NONE',  ( 110.1548107730775143, 0.05225520739100453921, -6.187648216065155360 ) ) ;
#300 = ORIENTED_EDGE ( 'NONE', *, *, #257, .F. ) ;
#301 = CALENDAR_DATE ( 2026, 3, 9 ) ;
#302 = CARTESIAN_POINT ( 'NONE',  ( 5.499000000000000554, 0.000000000000000000, 9.501000000000001222 ) ) ;
#303 = ORIENTED_EDGE ( 'NONE', *, *, #1848, .F. ) ;
#304 = CARTESIAN_POINT ( 'NONE',  ( 5.499000000000000554, 13.40000000000000036, 12.00000000000000000 ) ) ;
#305 = CARTESIAN_POINT ( 'NONE',  ( 128.5825022179826647, -2.315087271293587712, -12.91973266795570829 ) ) ;
#306 = CARTESIAN_POINT ( 'NONE',  ( 141.1820302927901025, -5.254659816982306886, 11.34933087056935008 ) ) ;
#307 = CARTESIAN_POINT ( 'NONE',  ( 110.1929953962808071, 19.98747038457110037, -6.004091400338959161 ) ) ;
#308 = CARTESIAN_POINT ( 'NONE',  ( 3.000000000000000000, 17.00000000000000000, 0.000000000000000000 ) ) ;
#309 = CARTESIAN_POINT ( 'NONE',  ( 107.7976269828429992, 0.2155315424312604922, -6.620168718237009919 ) ) ;
#310 = EDGE_LOOP ( 'NONE', ( #6922, #4531 ) ) ;
#311 = EDGE_CURVE ( 'NONE', #4878, #3895, #1371, .T. ) ;
#312 = CIRCLE ( 'NONE', #6359, 2.498999999999999666 ) ;
#313 = EDGE_CURVE ( 'NONE', #550, #223, #4985, .T. ) ;
#314 = CIRCLE ( 'NONE', #5663, 1.000000000000000000 ) ;
#315 = FACE_BOUND ( 'NONE', #5302, .T. ) ;
#316 = CARTESIAN_POINT ( 'NONE',  ( 109.0316464993271808, 0.3111644187064614431, 6.804197246927270903 ) ) ;
#317 = CARTESIAN_POINT ( 'NONE',  ( 106.3649126752824117, 1.000000000000000000, -27.00000000000000000 ) ) ;
#318 = LINE ( 'NONE', #4146, #4166 ) ;
#319 = CIRCLE ( 'NONE', #5016, 0.9499999999999999556 ) ;
#320 = VERTEX_POINT ( 'NONE', #3345 ) ;
#321 = PLANE ( 'NONE',  #3199 ) ;
#322 = ORIENTED_EDGE ( 'NONE', *, *, #7588, .F. ) ;
#323 = CARTESIAN_POINT ( 'NONE',  ( 112.5513943275453954, 0.1585229760157934875, -7.481283546190879541 ) ) ;
#324 = ORIENTED_EDGE ( 'NONE', *, *, #311, .T. ) ;
#325 = DIRECTION ( 'NONE',  ( 0.000000000000000000, 1.000000000000000000, 0.000000000000000000 ) ) ;
#326 = VECTOR ( 'NONE', #7639, 1000.000000000000000 ) ;
#327 = EDGE_CURVE ( 'NONE', #8311, #7943, #7893, .T. ) ;
#328 = CARTESIAN_POINT ( 'NONE',  ( 1.496547972348960087, 0.3965052064026104994, -1.264336804268406000 ) ) ;
#329 = CARTESIAN_POINT ( 'NONE',  ( 132.0000000000000000, 7.299999999999999822, 11.50000000000000000 ) ) ;
#330 =( NAMED_UNIT ( * ) PLANE_ANGLE_UNIT ( ) SI_UNIT ( $, .RADIAN. ) );
#331 = ORIENTED_EDGE ( 'NONE', *, *, #6402, .T. ) ;
#332 = CYLINDRICAL_SURFACE ( 'NONE', #6119, 2.498999999999999666 ) ;
#333 = CARTESIAN_POINT ( 'NONE',  ( 146.0993758418595974, -8.885380540972404262, -20.57074309900452391 ) ) ;
#334 = CARTESIAN_POINT ( 'NONE',  ( 110.0000000000000000, 19.00000000000000000, 7.000000000000000000 ) ) ;
#335 = CARTESIAN_POINT ( 'NONE',  ( 110.0000000000000000, 1.000000000000000000, 6.000000000000000000 ) ) ;
#336 = CARTESIAN_POINT ( 'NONE',  ( 110.1692934955279526, 0.04066146153240506045, -6.094732912414647430 ) ) ;
#337 = DATE_AND_TIME ( #3536, #3708 ) ;
#338 = CC_DESIGN_PERSON_AND_ORGANIZATION_ASSIGNMENT ( #347, #8123, ( #598 ) ) ;
#339 = AXIS2_PLACEMENT_3D ( 'NONE', #2893, #8177, #2423 ) ;
#340 = DIRECTION ( 'NONE',  ( 0.000000000000000000, 0.000000000000000000, -1.000000000000000000 ) ) ;
#341 = ORIENTED_EDGE ( 'NONE', *, *, #7334, .F. ) ;
#342 = DIRECTION ( 'NONE',  ( -1.000000000000000000, 0.000000000000000000, 2.168404344971006896E-16 ) ) ;
#343 = CARTESIAN_POINT ( 'NONE',  ( 107.7130659539664066, 19.71561476285334891, 6.699357652180620626 ) ) ;
#344 = CARTESIAN_POINT ( 'NONE',  ( 111.8401359761622018, 1.063178774407670169, 0.6697547223254179949 ) ) ;
#345 = CARTESIAN_POINT ( 'NONE',  ( 110.0492957602159976, 19.76141807056433208, -6.691316517987736745 ) ) ;
#346 = DIRECTION ( 'NONE',  ( 1.000000000000000000, 0.000000000000000000, 0.000000000000000000 ) ) ;
#347 = PERSON_AND_ORGANIZATION ( #5375, #6038 ) ;
#348 = CARTESIAN_POINT ( 'NONE',  ( 131.8492231906373888, 16.37587477879409903, -7.952466883230870032 ) ) ;
#349 = ORIENTED_EDGE ( 'NONE', *, *, #7958, .T. ) ;
#350 = SECURITY_CLASSIFICATION ( '', '', #5852 ) ;
#351 = DIRECTION ( 'NONE',  ( 8.659560562354951347E-17, 0.7071067811865460184, -0.7071067811865489050 ) ) ;
#352 = CARTESIAN_POINT ( 'NONE',  ( 109.6709409780163185, 0.3301294658637796142, 6.910483928344554272 ) ) ;
#353 = CARTESIAN_POINT ( 'NONE',  ( 8.000000000000000000, -7.810249675906650424, -9.501000000000001222 ) ) ;
#354 = CARTESIAN_POINT ( 'NONE',  ( 149.2570228453243999, 10.31374609175085943, 15.35256557408235167 ) ) ;
#355 = EDGE_CURVE ( 'NONE', #7713, #3794, #741, .T. ) ;
#356 = ORIENTED_EDGE ( 'NONE', *, *, #3091, .T. ) ;
#357 = CARTESIAN_POINT ( 'NONE',  ( 143.1643484641089970, 13.85309566784422053, -13.13501345223722083 ) ) ;
#358 = CIRCLE ( 'NONE', #5739, 1.000000000000000888 ) ;
#359 = ORIENTED_EDGE ( 'NONE', *, *, #3462, .T. ) ;
#360 = CARTESIAN_POINT ( 'NONE',  ( 111.7751759194191834, 0.2415216634217277614, -7.275544994266557097 ) ) ;
#361 = VERTEX_POINT ( 'NONE', #31 ) ;
#362 = FACE_OUTER_BOUND ( 'NONE', #4342, .T. ) ;
#363 = EDGE_CURVE ( 'NONE', #7980, #7519, #6747, .T. ) ;
#364 = CARTESIAN_POINT ( 'NONE',  ( 109.3988641137878091, 0.03933087681750104675, -6.004280147944790258 ) ) ;
#365 = AXIS2_PLACEMENT_3D ( 'NONE', #2911, #5473, #1770 ) ;
#366 = CARTESIAN_POINT ( 'NONE',  ( 5.500000000000000000, 7.299999999999999822, 11.50000000000000000 ) ) ;
#367 = DIRECTION ( 'NONE',  ( 0.000000000000000000, 1.000000000000000000, 0.000000000000000000 ) ) ;
#368 = VERTEX_POINT ( 'NONE', #5794 ) ;
#369 = CARTESIAN_POINT ( 'NONE',  ( 109.8535738694962021, 0.006956536058732440062, -1.010883019453814091 ) ) ;
#370 = EDGE_CURVE ( 'NONE', #4756, #6334, #3384, .T. ) ;
#371 = AXIS2_PLACEMENT_3D ( 'NONE', #4749, #6167, #4898 ) ;
#372 = CARTESIAN_POINT ( 'NONE',  ( 113.3990003999760035, 18.89209477623894884, 8.277761672821089434 ) ) ;
#373 = ADVANCED_FACE ( 'NONE', ( #7766 ), #5502, .T. ) ;
#374 = CYLINDRICAL_SURFACE ( 'NONE', #5928, 2.498999999999999666 ) ;
#375 = DIRECTION ( 'NONE',  ( 0.000000000000000000, -1.000000000000000000, 0.000000000000000000 ) ) ;
#376 = CARTESIAN_POINT ( 'NONE',  ( 109.6501078090427939, 0.0006030513617903169536, 1.011876223126748187 ) ) ;
#377 = PERSON_AND_ORGANIZATION ( #5375, #6038 ) ;
#378 = CARTESIAN_POINT ( 'NONE',  ( 145.3709405396729721, -7.189016120795919562, 13.93814728691740079 ) ) ;
#379 = ORIENTED_EDGE ( 'NONE', *, *, #5143, .T. ) ;
#380 = CARTESIAN_POINT ( 'NONE',  ( 113.4024101645254063, 0.9452817923039531500, 8.279059074663440043 ) ) ;
#381 = CARTESIAN_POINT ( 'NONE',  ( 128.3933385955695030, -2.271217859732101996, -12.84860523241501618 ) ) ;
#382 = CC_DESIGN_DATE_AND_TIME_ASSIGNMENT ( #46, #3115, ( #1696 ) ) ;
#383 = CARTESIAN_POINT ( 'NONE',  ( 1.163414459189985682E-16, 19.75000000000000000, 0.9499999999999999556 ) ) ;
#384 = DIRECTION ( 'NONE',  ( 0.000000000000000000, 1.000000000000000000, 0.000000000000000000 ) ) ;
#385 = DIRECTION ( 'NONE',  ( 0.9396926207858912194, 0.000000000000000000, 0.3420201433257158974 ) ) ;
#386 = EDGE_CURVE ( 'NONE', #747, #2722, #8017, .T. ) ;
#387 = APPLICATION_CONTEXT ( 'configuration controlled 3d designs of mechanical parts and assemblies' ) ;
#388 = PERSON_AND_ORGANIZATION ( #5375, #6038 ) ;
#389 = CARTESIAN_POINT ( 'NONE',  ( 107.1958825885665334, 19.56436018054208148, -6.825550430580543448 ) ) ;
#390 = ORIENTED_EDGE ( 'NONE', *, *, #2360, .T. ) ;
#391 =( GEOMETRIC_REPRESENTATION_CONTEXT ( 3 ) GLOBAL_UNCERTAINTY_ASSIGNED_CONTEXT ( ( #5925 ) ) GLOBAL_UNIT_ASSIGNED_CONTEXT ( ( #6389, #1756, #3781 ) ) REPRESENTATION_CONTEXT ( 'NONE', 'WORKASPACE' ) );
#392 =( BOUNDED_SURFACE ( )  B_SPLINE_SURFACE ( 3, 2, ( 
 ( #5493, #7427, #919 ),
 ( #3485, #1121, #1247 ),
 ( #1923, #7511, #2426 ),
 ( #6845, #1748, #3644 ),
 ( #6254, #488, #3686 ),
 ( #6383, #1076, #7018 ),
 ( #3816, #7640, #3183 ),
 ( #5617, #4984, #7555 ),
 ( #6211, #1875, #3053 ),
 ( #8180, #530, #1792 ),
 ( #617, #4366, #6930 ),
 ( #5115, #448, #7688 ),
 ( #5704, #3012, #5068 ),
 ( #5028, #5574, #3098 ),
 ( #8139, #1205, #1164 ),
 ( #2381, #4454, #5750 ),
 ( #4939, #4322, #7598 ),
 ( #8308, #6888, #3728 ),
 ( #6295, #5662, #8227 ),
 ( #2471, #1834, #4408 ),
 ( #2552, #6973, #3775 ),
 ( #6340, #574, #3143 ) ),
 .UNSPECIFIED., .F., .F., .F. ) 
 B_SPLINE_SURFACE_WITH_KNOTS ( ( 4, 2, 2, 2, 2, 2, 2, 2, 2, 2, 4 ),
 ( 3, 3 ),
 ( 0.008464343201376999318, 0.01352067845284144094, 0.01604884607857364962, 0.01857701370430589818, 0.02363334895577030165, 0.02616151658150249817, 0.02868968420723475021, 0.03880235471016359877, 0.04133052233589584734, 0.04385868996162804734, 0.04891502521309249590 ),
 ( 0.000000000000000000, 1.000000000000000000 ),
 .UNSPECIFIED. ) 
 GEOMETRIC_REPRESENTATION_ITEM ( )  RATIONAL_B_SPLINE_SURFACE ( (
 ( 1.000000000000000000, 0.7049403263810940512, 1.000000000000000000),
 ( 1.000000000000000000, 0.7051511810463709784, 1.000000000000000000),
 ( 1.000000000000000000, 0.7053529535426850128, 1.000000000000000000),
 ( 1.000000000000000000, 0.7056129768948999903, 1.000000000000000000),
 ( 1.000000000000000000, 0.7056927012525709975, 1.000000000000000000),
 ( 1.000000000000000000, 0.7058360738330179407, 1.000000000000000000),
 ( 1.000000000000000000, 0.7058998570521060056, 1.000000000000000000),
 ( 1.000000000000000000, 0.7060646131762080557, 1.000000000000000000),
 ( 1.000000000000000000, 0.7061396910586579256, 1.000000000000000000),
 ( 1.000000000000000000, 0.7062035819604650655, 1.000000000000000000),
 ( 1.000000000000000000, 0.7062141562811760087, 1.000000000000000000),
 ( 1.000000000000000000, 0.7062454898492329658, 1.000000000000000000),
 ( 1.000000000000000000, 0.7062635828586709685, 1.000000000000000000),
 ( 1.000000000000000000, 0.7063666036608199361, 1.000000000000000000),
 ( 1.000000000000000000, 0.7064900339208730617, 1.000000000000000000),
 ( 1.000000000000000000, 0.7066982344890310186, 1.000000000000000000),
 ( 1.000000000000000000, 0.7067446560422510071, 1.000000000000000000),
 ( 1.000000000000000000, 0.7068299943162950072, 1.000000000000000000),
 ( 1.000000000000000000, 0.7068689032504090752, 1.000000000000000000),
 ( 1.000000000000000000, 0.7069740524277819960, 1.000000000000000000),
 ( 1.000000000000000000, 0.7070286876828959510, 1.000000000000000000),
 ( 1.000000000000000000, 0.7070680388656199744, 1.000000000000000000) ) ) 
 REPRESENTATION_ITEM ( '' )  SURFACE ( )  );
#393 = CARTESIAN_POINT ( 'NONE',  ( 112.1270318274520008, 19.68276276979590023, 7.447327796514370490 ) ) ;
#394 = CARTESIAN_POINT ( 'NONE',  ( 111.3859481138585323, 0.2723023271624683828, 7.223272540218799165 ) ) ;
#395 = DIRECTION ( 'NONE',  ( 0.000000000000000000, 0.000000000000000000, -1.000000000000000000 ) ) ;
#396 = CARTESIAN_POINT ( 'NONE',  ( 148.5401711128814100, 10.86240310537143827, 15.09165288113795178 ) ) ;
#397 = AXIS2_PLACEMENT_3D ( 'NONE', #4432, #1994, #5732 ) ;
#398 = ORIENTED_EDGE ( 'NONE', *, *, #2577, .F. ) ;
#399 = CARTESIAN_POINT ( 'NONE',  ( 136.7523080323751969, 15.07483649626565025, -9.737043821705258395 ) ) ;
#400 = EDGE_CURVE ( 'NONE', #484, #3310, #5398, .T. ) ;
#401 = VECTOR ( 'NONE', #436, 1000.000000000000000 ) ;
#402 = ORIENTED_EDGE ( 'NONE', *, *, #5446, .F. ) ;
#403 = CARTESIAN_POINT ( 'NONE',  ( 108.2251918912543971, 0.1577933916715310025, -6.520477781527559635 ) ) ;
#404 = LINE ( 'NONE', #4453, #3646 ) ;
#405 = PLANE ( 'NONE',  #371 ) ;
#406 = AXIS2_PLACEMENT_3D ( 'NONE', #3929, #4393, #3755 ) ;
#407 = DIRECTION ( 'NONE',  ( 0.000000000000000000, 0.000000000000000000, -1.000000000000000000 ) ) ;
#408 = VECTOR ( 'NONE', #1616, 1000.000000000000000 ) ;
#409 = CARTESIAN_POINT ( 'NONE',  ( 5.499000000000000554, 20.00000000000000000, 9.501000000000001222 ) ) ;
#410 = VECTOR ( 'NONE', #3752, 1000.000000000000000 ) ;
#411 = CARTESIAN_POINT ( 'NONE',  ( 147.4971533711327254, 10.35294301746868229, -20.02787947776935695 ) ) ;
#412 = DIRECTION ( 'NONE',  ( 0.000000000000000000, 0.000000000000000000, 1.000000000000000000 ) ) ;
#413 = ORIENTED_EDGE ( 'NONE', *, *, #4645, .T. ) ;
#414 = DIRECTION ( 'NONE',  ( 0.000000000000000000, 0.000000000000000000, -1.000000000000000000 ) ) ;
#415 = ADVANCED_FACE ( 'NONE', ( #4696, #5364 ), #7934, .F. ) ;
#416 = CARTESIAN_POINT ( 'NONE',  ( 120.9231155702824054, -0.8028253709546030459, -10.03957792414500183 ) ) ;
#417 = EDGE_CURVE ( 'NONE', #7901, #2558, #3683, .T. ) ;
#418 = AXIS2_PLACEMENT_3D ( 'NONE', #6243, #5651, #3043 ) ;
#419 =( BOUNDED_SURFACE ( )  B_SPLINE_SURFACE ( 3, 2, ( 
 ( #3055, #5707, #4942 ),
 ( #6213, #451, #1752 ),
 ( #6932, #8104, #6257 ),
 ( #3015, #2345, #1166 ),
 ( #7514, #5030, #3602 ),
 ( #1123, #3732, #6344 ),
 ( #6171, #1836, #3689 ),
 ( #490, #8185, #2429 ),
 ( #6297, #4411, #533 ),
 ( #3101, #5666, #3146 ),
 ( #8231, #5879, #3269 ),
 ( #3905, #7690, #5839 ),
 ( #4541, #114, #6474 ),
 ( #1927, #7140, #72 ),
 ( #1382, #7019, #6552 ),
 ( #5206, #5249, #4628 ) ),
 .UNSPECIFIED., .F., .F., .F. ) 
 B_SPLINE_SURFACE_WITH_KNOTS ( ( 4, 2, 2, 2, 2, 2, 2, 4 ),
 ( 3, 3 ),
 ( 0.000000000000000000, 0.004356501354805674894, 0.006534752032208510607, 0.007623877370909929764, 0.008713002709611339380, 0.01306950406441702121, 0.01524775474181984912, 0.01742600541922269958 ),
 ( 0.000000000000000000, 1.000000000000000000 ),
 .UNSPECIFIED. ) 
 GEOMETRIC_REPRESENTATION_ITEM ( )  RATIONAL_B_SPLINE_SURFACE ( (
 ( 1.000000000000000000, 0.9838983474828449927, 1.000000000000000000),
 ( 1.000000000000000000, 0.9841754571273090280, 1.000000000000000000),
 ( 1.000000000000000000, 0.9846733017225979268, 1.000000000000000000),
 ( 1.000000000000000000, 0.9856764475484539600, 1.000000000000000000),
 ( 1.000000000000000000, 0.9860536658193310711, 1.000000000000000000),
 ( 1.000000000000000000, 0.9866755193652199107, 1.000000000000000000),
 ( 1.000000000000000000, 0.9868924833306339517, 1.000000000000000000),
 ( 1.000000000000000000, 0.9873382986687448959, 1.000000000000000000),
 ( 1.000000000000000000, 0.9875677130424370675, 1.000000000000000000),
 ( 1.000000000000000000, 0.9887423029938710028, 1.000000000000000000),
 ( 1.000000000000000000, 0.9897693626583640159, 1.000000000000000000),
 ( 1.000000000000000000, 0.9913560352781519702, 1.000000000000000000),
 ( 1.000000000000000000, 0.9918937258639499710, 1.000000000000000000),
 ( 1.000000000000000000, 0.9929525664079090763, 1.000000000000000000),
 ( 1.000000000000000000, 0.9934759263496519832, 1.000000000000000000),
 ( 1.000000000000000000, 0.9939865686229439889, 1.000000000000000000) ) ) 
 REPRESENTATION_ITEM ( '' )  SURFACE ( )  );
#420 = DIRECTION ( 'NONE',  ( -0.9994674359039734668, -0.03263195623214619479, 0.000000000000000000 ) ) ;
#421 = CARTESIAN_POINT ( 'NONE',  ( 108.7353540827346023, 0.06455932661377268567, 6.281882803937466342 ) ) ;
#422 = CARTESIAN_POINT ( 'NONE',  ( 109.7179254311674015, 0.002813311715540220154, 1.011544623535171938 ) ) ;
#423 = CIRCLE ( 'NONE', #2182, 1.000000000000000888 ) ;
#424 = ORIENTED_EDGE ( 'NONE', *, *, #363, .F. ) ;
#425 = CARTESIAN_POINT ( 'NONE',  ( 1.496547972348960087, 0.3965052064026104994, 1.264336804268406000 ) ) ;
#426 = DIRECTION ( 'NONE',  ( 0.000000000000000000, 0.000000000000000000, 1.000000000000000000 ) ) ;
#427 = FACE_OUTER_BOUND ( 'NONE', #1723, .T. ) ;
#428 = ADVANCED_FACE ( 'NONE', ( #236 ), #185, .T. ) ;
#429 = CARTESIAN_POINT ( 'NONE',  ( 5.499000000000000554, 13.40000000000000036, -9.501000000000001222 ) ) ;
#430 = CARTESIAN_POINT ( 'NONE',  ( 3.000000000000000000, 0.000000000000000000, -7.000000000000000000 ) ) ;
#431 = APPLICATION_PROTOCOL_DEFINITION ( 'international standard', 'config_control_design', 1994, #3835 ) ;
#432 = CARTESIAN_POINT ( 'NONE',  ( 3.000000000000000000, 20.00000000000000000, -6.000000000000000000 ) ) ;
#433 = EDGE_LOOP ( 'NONE', ( #8173, #5965, #4416, #8176, #1340, #5985 ) ) ;
#434 = DIRECTION ( 'NONE',  ( 0.000000000000000000, 0.000000000000000000, 1.000000000000000000 ) ) ;
#435 = CARTESIAN_POINT ( 'NONE',  ( 109.7557840396704307, 0.3310555356439530139, 6.924984903671532521 ) ) ;
#436 = DIRECTION ( 'NONE',  ( 0.000000000000000000, 0.000000000000000000, 1.000000000000000000 ) ) ;
#437 = CARTESIAN_POINT ( 'NONE',  ( 113.5249428700754066, 1.048294687665854097, -1.282974282196324145 ) ) ;
#438 = CARTESIAN_POINT ( 'NONE',  ( 136.7523080323684042, 15.07483649626479938, 9.737043821702739521 ) ) ;
#439 = CIRCLE ( 'NONE', #7297, 1.000000000000000000 ) ;
#440 = ORIENTED_EDGE ( 'NONE', *, *, #637, .F. ) ;
#441 = DIRECTION ( 'NONE',  ( 0.000000000000000000, -1.000000000000000000, 0.000000000000000000 ) ) ;
#442 = EDGE_LOOP ( 'NONE', ( #1509, #5291, #1486, #3782 ) ) ;
#443 = APPROVAL ( #820, 'UNSPECIFIED' ) ;
#444 = CARTESIAN_POINT ( 'NONE',  ( 109.8147378296833949, 0.2425544982706765162, -6.789277180216269691 ) ) ;
#445 = UNCERTAINTY_MEASURE_WITH_UNIT (LENGTH_MEASURE( 1.000000000000000082E-05 ), #5756, 'distance_accuracy_value', 'NONE');
#446 = CARTESIAN_POINT ( 'NONE',  ( 5.500999999999999446, 0.000000000000000000, -9.501000000000001222 ) ) ;
#447 = CARTESIAN_POINT ( 'NONE',  ( 134.5000000000000000, 7.299999999999999822, 12.50000000000000000 ) ) ;
#448 = CARTESIAN_POINT ( 'NONE',  ( 130.4774997511899244, 17.15449806200649974, -14.69805244419362289 ) ) ;
#449 = AXIS2_PLACEMENT_3D ( 'NONE', #1962, #6968, #3722 ) ;
#450 = CARTESIAN_POINT ( 'NONE',  ( 109.8244100512911956, 19.99993095563820233, -1.000268257709579833 ) ) ;
#451 = CARTESIAN_POINT ( 'NONE',  ( 109.9883773892878907, 18.96897736453285788, -7.003897581620014634 ) ) ;
#452 = ORIENTED_EDGE ( 'NONE', *, *, #3667, .T. ) ;
#453 = ORIENTED_EDGE ( 'NONE', *, *, #2360, .F. ) ;
#454 = CARTESIAN_POINT ( 'NONE',  ( 149.6443950646689984, -8.081274705556760196, -15.50474992217694847 ) ) ;
#455 = ADVANCED_BREP_SHAPE_REPRESENTATION ( '', ( #7892, #6993 ), #6713 ) ;
#456 = VERTEX_POINT ( 'NONE', #7725 ) ;
#457 = CARTESIAN_POINT ( 'NONE',  ( 130.1194723655173959, -1.732177460824285031, -14.56346015388322002 ) ) ;
#458 = CARTESIAN_POINT ( 'NONE',  ( 110.1955940128197540, 0.006956536058653000135, -0.07119039866704848785 ) ) ;
#459 = CARTESIAN_POINT ( 'NONE',  ( 108.1669163987940721, 0.09268898926284033224, 6.397931070662494335 ) ) ;
#460 = CARTESIAN_POINT ( 'NONE',  ( 110.0577203655055172, 0.3576036878006269015, -6.772140880035207644 ) ) ;
#461 = EDGE_CURVE ( 'NONE', #1713, #7123, #7052, .T. ) ;
#462 = PERSON_AND_ORGANIZATION ( #5375, #6038 ) ;
#463 = ORIENTED_EDGE ( 'NONE', *, *, #7240, .F. ) ;
#464 = CYLINDRICAL_SURFACE ( 'NONE', #2518, 2.500000000000000444 ) ;
#465 = CARTESIAN_POINT ( 'NONE',  ( 0.000000000000000000, 19.75000000000000000, 0.000000000000000000 ) ) ;
#466 = CARTESIAN_POINT ( 'NONE',  ( 109.8535738694939994, 0.006956536058653650656, 1.010883019452956111 ) ) ;
#467 = FACE_OUTER_BOUND ( 'NONE', #2219, .T. ) ;
#468 = AXIS2_PLACEMENT_3D ( 'NONE', #4484, #5694, #7716 ) ;
#469 = CARTESIAN_POINT ( 'NONE',  ( 113.5063471156298078, 0.7742865658354090019, 8.307140367706129069 ) ) ;
#470 = COORDINATED_UNIVERSAL_TIME_OFFSET ( 2, 0, .AHEAD. ) ;
#471 = CARTESIAN_POINT ( 'NONE',  ( 146.5458365613446006, -9.061101949209209749, -20.13761944038639840 ) ) ;
#472 = ORIENTED_EDGE ( 'NONE', *, *, #59, .T. ) ;
#473 = EDGE_CURVE ( 'NONE', #3018, #3736, #2897, .T. ) ;
#474 = VECTOR ( 'NONE', #1615, 1000.000000000000114 ) ;
#475 = CARTESIAN_POINT ( 'NONE',  ( 139.3960761476123764, -5.340902564732860291, 16.98607891619240107 ) ) ;
#476 = EDGE_CURVE ( 'NONE', #7879, #1591, #3008, .T. ) ;
#477 = CARTESIAN_POINT ( 'NONE',  ( 111.3988243075967262, 0.2713383461113733075, 7.225860701226864968 ) ) ;
#478 = DIRECTION ( 'NONE',  ( 0.000000000000000000, 1.734723475976804876E-16, -1.000000000000000000 ) ) ;
#479 = DIRECTION ( 'NONE',  ( 0.6071062792351035187, 0.7946206426423294555, 1.040834085586084414E-14 ) ) ;
#480 = CARTESIAN_POINT ( 'NONE',  ( 116.9035311860343995, 18.90712816080715086, 2.512679863044990025 ) ) ;
#481 = ORIENTED_EDGE ( 'NONE', *, *, #5457, .F. ) ;
#482 = DIRECTION ( 'NONE',  ( 0.000000000000000000, 1.000000000000000000, 0.000000000000000000 ) ) ;
#483 = ORGANIZATION ( 'NAUO-ORG1', 'UNSPECIFIED', 'UNSPECIFIED' ) ;
#484 = VERTEX_POINT ( 'NONE', #7328 ) ;
#485 = CARTESIAN_POINT ( 'NONE',  ( 109.8236730192914052, 0.000000000000000000, 0.000000000000000000 ) ) ;
#486 = DIRECTION ( 'NONE',  ( 3.052110266376425176E-15, 1.000000000000000000, 8.673617379884030739E-15 ) ) ;
#487 = DIRECTION ( 'NONE',  ( -1.000000000000000000, 0.000000000000000000, 4.954937092193129892E-16 ) ) ;
#488 = CARTESIAN_POINT ( 'NONE',  ( 141.4079967384040231, 13.69566194947418403, -18.80712533255154995 ) ) ;
#489 = CARTESIAN_POINT ( 'NONE',  ( 5.499000000000000554, 0.000000000000000000, -9.501000000000001222 ) ) ;
#490 = CARTESIAN_POINT ( 'NONE',  ( 112.9994566442074131, 19.28314899720789910, -8.048690059068519531 ) ) ;
#491 = ORIENTED_EDGE ( 'NONE', *, *, #2270, .F. ) ;
#492 = ORIENTED_EDGE ( 'NONE', *, *, #2746, .F. ) ;
#493 = EDGE_CURVE ( 'NONE', #35, #747, #7686, .T. ) ;
#494 = CYLINDRICAL_SURFACE ( 'NONE', #5709, 1.500000000000000000 ) ;
#495 = ORIENTED_EDGE ( 'NONE', *, *, #1425, .F. ) ;
#496 = DIRECTION ( 'NONE',  ( 0.9360434818771650178, 0.000000000000000000, -0.3518843560536241699 ) ) ;
#497 = CARTESIAN_POINT ( 'NONE',  ( 108.8650353334429468, 0.1999469166609140480, -6.618837399304170255 ) ) ;
#498 = CARTESIAN_POINT ( 'NONE',  ( 107.7976269828429992, 0.2155315424312604922, 6.620168718237009919 ) ) ;
#499 = DIRECTION ( 'NONE',  ( 0.3420201433256692680, 0.000000000000000000, 0.9396926207859082059 ) ) ;
#500 = VERTEX_POINT ( 'NONE', #6577 ) ;
#501 = APPLICATION_PROTOCOL_DEFINITION ( 'international standard', 'config_control_design', 1994, #4426 ) ;
#502 = AXIS2_PLACEMENT_3D ( 'NONE', #7890, #1889, #7521 ) ;
#503 = ADVANCED_FACE ( 'NONE', ( #3383 ), #4056, .T. ) ;
#504 = ORIENTED_EDGE ( 'NONE', *, *, #5182, .T. ) ;
#505 = CARTESIAN_POINT ( 'NONE',  ( 106.3647230434517894, 0.9973943710621530068, -6.999996605343159928 ) ) ;
#506 = ADVANCED_FACE ( 'NONE', ( #4767 ), #7312, .T. ) ;
#507 = DIRECTION ( 'NONE',  ( -1.000000000000000000, 0.000000000000000000, 0.000000000000000000 ) ) ;
#508 = VECTOR ( 'NONE', #2500, 1000.000000000000000 ) ;
#509 = FACE_OUTER_BOUND ( 'NONE', #3149, .T. ) ;
#510 = DIRECTION ( 'NONE',  ( 0.000000000000000000, -1.000000000000000000, 0.000000000000000000 ) ) ;
#511 = CARTESIAN_POINT ( 'NONE',  ( 107.7976269828425870, 1.000000000000000000, 6.000000000000000000 ) ) ;
#512 = CARTESIAN_POINT ( 'NONE',  ( 137.0000000000000000, 0.6999999999999999556, 6.000000000000000000 ) ) ;
#513 = APPLICATION_PROTOCOL_DEFINITION ( 'international standard', 'config_control_design', 1994, #6471 ) ;
#514 = CARTESIAN_POINT ( 'NONE',  ( 131.1917292807525826, -2.143090290290424971, -8.777336443297430790 ) ) ;
#515 = VERTEX_POINT ( 'NONE', #8306 ) ;
#516 =( BOUNDED_SURFACE ( )  B_SPLINE_SURFACE ( 3, 2, ( 
 ( #4018, #940, #3388 ),
 ( #6541, #7170, #5990 ),
 ( #3506, #4615, #2047 ),
 ( #6074, #1410, #3975 ),
 ( #4731, #306, #3335 ),
 ( #2876, #7248, #771 ),
 ( #189, #2754, #2709 ),
 ( #5904, #2168, #5318 ),
 ( #2837, #145, #7844 ),
 ( #5402, #2795, #228 ),
 ( #7291, #7884, #6030 ),
 ( #1492, #3425, #6629 ),
 ( #860, #4099, #6667 ),
 ( #269, #1018, #3541 ),
 ( #6112, #1054, #344 ),
 ( #466, #1143, #3666 ) ),
 .UNSPECIFIED., .F., .F., .F. ) 
 B_SPLINE_SURFACE_WITH_KNOTS ( ( 4, 2, 2, 2, 2, 2, 2, 4 ),
 ( 3, 3 ),
 ( 0.01460938227356559961, 0.02002119190617749830, 0.02543300153878939873, 0.03084481117140135120, 0.03625662080401324816, 0.04708024006923710453, 0.05249204970184900149, 0.05790385933446089844 ),
 ( 0.000000000000000000, 1.000000000000000000 ),
 .UNSPECIFIED. ) 
 GEOMETRIC_REPRESENTATION_ITEM ( )  RATIONAL_B_SPLINE_SURFACE ( (
 ( 1.000000000000000000, 0.7071067811865530128, 1.000000000000000000),
 ( 1.000000000000000000, 0.7071067811865530128, 1.000000000000000000),
 ( 1.000000000000000000, 0.7071067811865510144, 1.000000000000000000),
 ( 1.000000000000000000, 0.7071067811865510144, 1.000000000000000000),
 ( 1.000000000000000000, 0.7071067811865500152, 1.000000000000000000),
 ( 1.000000000000000000, 0.7071067811865500152, 1.000000000000000000),
 ( 1.000000000000000000, 0.7071067811865490160, 1.000000000000000000),
 ( 1.000000000000000000, 0.7071067811865490160, 1.000000000000000000),
 ( 1.000000000000000000, 0.7071067811865470176, 1.000000000000000000),
 ( 1.000000000000000000, 0.7071067811865470176, 1.000000000000000000),
 ( 1.000000000000000000, 0.7071067811865490160, 1.000000000000000000),
 ( 1.000000000000000000, 0.7071067811865490160, 1.000000000000000000),
 ( 1.000000000000000000, 0.7071067811865460184, 1.000000000000000000),
 ( 1.000000000000000000, 0.7071067811865460184, 1.000000000000000000),
 ( 1.000000000000000000, 0.7071067811865470176, 1.000000000000000000),
 ( 1.000000000000000000, 0.7071067811865470176, 1.000000000000000000) ) ) 
 REPRESENTATION_ITEM ( '' )  SURFACE ( )  );
#517 = EDGE_CURVE ( 'NONE', #7604, #2704, #4003, .T. ) ;
#518 = DIRECTION ( 'NONE',  ( 0.3420201433256692680, 0.000000000000000000, -0.9396926207859082059 ) ) ;
#519 = LINE ( 'NONE', #6284, #208 ) ;
#520 = DIRECTION ( 'NONE',  ( -0.9994674359039732447, -0.03263195623215420921, 0.000000000000000000 ) ) ;
#521 = CARTESIAN_POINT ( 'NONE',  ( 143.0613026777961920, -4.893073177058838930, -12.03333008078329946 ) ) ;
#522 = FACE_OUTER_BOUND ( 'NONE', #5909, .T. ) ;
#523 = AXIS2_PLACEMENT_3D ( 'NONE', #6725, #3599, #4236 ) ;
#524 = VERTEX_POINT ( 'NONE', #2750 ) ;
#525 = DIRECTION ( 'NONE',  ( 0.3420201433257126777, 0.000000000000000000, 0.9396926207858924407 ) ) ;
#526 = ORIENTED_EDGE ( 'NONE', *, *, #386, .T. ) ;
#527 = CARTESIAN_POINT ( 'NONE',  ( 112.3095308722604102, 0.1286994293119708144, 7.320806339590410161 ) ) ;
#528 = DIRECTION ( 'NONE',  ( 0.000000000000000000, 0.000000000000000000, 1.000000000000000000 ) ) ;
#529 = CARTESIAN_POINT ( 'NONE',  ( 149.7093515827920100, 13.40000000000000036, -7.000000000000079936 ) ) ;
#530 = CARTESIAN_POINT ( 'NONE',  ( 132.8319408375699595, 16.53983647042577587, -15.58315126874913226 ) ) ;
#531 = DIRECTION ( 'NONE',  ( -0.000000000000000000, 1.000000000000000000, 0.000000000000000000 ) ) ;
#532 = CC_DESIGN_APPROVAL ( #2817, ( #7697 ) ) ;
#533 = CARTESIAN_POINT ( 'NONE',  ( 106.7841415320213940, 19.38880713691590074, -6.921481390959669966 ) ) ;
#534 = VERTEX_POINT ( 'NONE', #5313 ) ;
#535 = EDGE_LOOP ( 'NONE', ( #8053, #2398, #3006, #2641 ) ) ;
#536 = CARTESIAN_POINT ( 'NONE',  ( 106.8394576115460097, 0.4857813480308029730, 6.858640265794480051 ) ) ;
#537 = ORIENTED_EDGE ( 'NONE', *, *, #138, .F. ) ;
#538 = DIRECTION ( 'NONE',  ( 0.000000000000000000, 0.000000000000000000, -1.000000000000000000 ) ) ;
#539 = AXIS2_PLACEMENT_3D ( 'NONE', #6543, #3427, #7333 ) ;
#540 = LINE ( 'NONE', #6897, #6595 ) ;
#541 = CIRCLE ( 'NONE', #7384, 1.500000000000000000 ) ;
#542 = EDGE_CURVE ( 'NONE', #4878, #7614, #7894, .T. ) ;
#543 = AXIS2_PLACEMENT_3D ( 'NONE', #4561, #218, #3374 ) ;
#544 = CARTESIAN_POINT ( 'NONE',  ( 108.6555037365703811, 0.1869545229216858229, -6.585709111234640645 ) ) ;
#545 = CARTESIAN_POINT ( 'NONE',  ( 110.2345665950801816, 0.3279998859310793713, -7.008368869774525223 ) ) ;
#546 = DIRECTION ( 'NONE',  ( 4.336808689942017736E-16, 0.000000000000000000, 1.000000000000000000 ) ) ;
#547 = ORIENTED_EDGE ( 'NONE', *, *, #6945, .F. ) ;
#548 = CONTEXT_DEPENDENT_SHAPE_REPRESENTATION ( #3886, #1248 ) ;
#549 = AXIS2_PLACEMENT_3D ( 'NONE', #4713, #5217, #6524 ) ;
#550 = VERTEX_POINT ( 'NONE', #6028 ) ;
#551 = CARTESIAN_POINT ( 'NONE',  ( 116.6114768588713986, 19.90697178502475140, 3.470558553658774859 ) ) ;
#552 = CARTESIAN_POINT ( 'NONE',  ( 113.3990003999760035, 18.89209477623894884, 8.277761672821089434 ) ) ;
#553 = CARTESIAN_POINT ( 'NONE',  ( 110.1975202580661488, 0.04078288581566592852, -6.247851390142056260 ) ) ;
#554 = AXIS2_PLACEMENT_3D ( 'NONE', #3165, #5731, #8289 ) ;
#555 = CARTESIAN_POINT ( 'NONE',  ( 3.000000000000000000, 0.6999999999999999556, 6.000000000000000000 ) ) ;
#556 = CARTESIAN_POINT ( 'NONE',  ( 5.499000000000000554, 6.599999999999999645, -12.00000000000000000 ) ) ;
#558 = B_SPLINE_CURVE_WITH_KNOTS ( 'NONE', 3,
 ( #1984, #3409, #7824, #1392 ),
 .UNSPECIFIED., .F., .F.,
 ( 4, 4 ),
 ( 2.775557561562889810E-17, 0.0001876432661474990106 ),
 .UNSPECIFIED. ) ;
#557 = APPROVAL_ROLE ( '' ) ;
#559 = CARTESIAN_POINT ( 'NONE',  ( 5.499000000000000554, 6.599999999999999645, -9.501000000000001222 ) ) ;
#560 = EDGE_LOOP ( 'NONE', ( #3412, #3148, #5325, #745, #4338 ) ) ;
#561 = CONICAL_SURFACE ( 'NONE', #1643, 0.9499999999999999556, 0.7853981633974503884 ) ;
#562 = CARTESIAN_POINT ( 'NONE',  ( 140.8676042657068024, -5.898692061489629879, 17.53964609891905013 ) ) ;
#563 = CARTESIAN_POINT ( 'NONE',  ( 145.8088711968928521, 11.38078961453720872, 20.46153445450246977 ) ) ;
#564 = DIRECTION ( 'NONE',  ( 0.3479852726768664084, 0.9375000000000036637, 0.000000000000000000 ) ) ;
#565 = CARTESIAN_POINT ( 'NONE',  ( 116.8788409273240063, 0.8902501645751399462, -2.503693343798029769 ) ) ;
#566 = CARTESIAN_POINT ( 'NONE',  ( 0.2027417934600893867, 2.277235988336480776, -1.915852438287149129 ) ) ;
#567 = ORIENTED_EDGE ( 'NONE', *, *, #157, .T. ) ;
#568 = ADVANCED_FACE ( 'NONE', ( #3857 ), #3198, .T. ) ;
#569 = CARTESIAN_POINT ( 'NONE',  ( 8.000000000000000000, 20.00000000000000000, 6.000000000000000000 ) ) ;
#570 = ORIENTED_EDGE ( 'NONE', *, *, #4011, .F. ) ;
#571 = CARTESIAN_POINT ( 'NONE',  ( 110.4122799511395954, 0.04109086834881570116, 6.139438390556329672 ) ) ;
#572 = PLANE ( 'NONE',  #5610 ) ;
#573 = LINE ( 'NONE', #2425, #5692 ) ;
#574 = CARTESIAN_POINT ( 'NONE',  ( 109.6098628040218728, 19.99034293820999864, -6.853336753433699080 ) ) ;
#575 = CARTESIAN_POINT ( 'NONE',  ( 134.5000000000000000, 0.6999999999999999556, 11.50000000000000000 ) ) ;
#576 = CIRCLE ( 'NONE', #8092, 1.000000000000000888 ) ;
#577 = CARTESIAN_POINT ( 'NONE',  ( 109.4096261370169145, 19.99537881501469627, 6.391763965980801210 ) ) ;
#578 = EDGE_LOOP ( 'NONE', ( #4112, #1167, #2194, #6976 ) ) ;
#579 = VERTEX_POINT ( 'NONE', #1098 ) ;
#580 = DIRECTION ( 'NONE',  ( 0.000000000000000000, 1.000000000000000000, 0.000000000000000000 ) ) ;
#581 = ORIENTED_EDGE ( 'NONE', *, *, #2865, .T. ) ;
#582 = CARTESIAN_POINT ( 'NONE',  ( 0.6009994805188100253, 18.22909344509189822, -1.156359832361905982 ) ) ;
#583 = AXIS2_PLACEMENT_3D ( 'NONE', #3768, #4979, #3093 ) ;
#584 = CARTESIAN_POINT ( 'NONE',  ( 107.8161785944026008, 19.00000000000000000, 6.000000000000000000 ) ) ;
#585 = EDGE_CURVE ( 'NONE', #3924, #4782, #5513, .T. ) ;
#586 = VECTOR ( 'NONE', #1246, 1000.000000000000000 ) ;
#587 = ADVANCED_FACE ( 'NONE', ( #6109 ), #7443, .F. ) ;
#588 = LINE ( 'NONE', #6264, #6736 ) ;
#589 = CARTESIAN_POINT ( 'NONE',  ( 135.9880804565737833, -3.301630399261465065, -16.76963050711454883 ) ) ;
#590 = CARTESIAN_POINT ( 'NONE',  ( 110.1256746847923438, 0.8561365802639613332, -7.008385457723388612 ) ) ;
#591 = EDGE_LOOP ( 'NONE', ( #5735, #6732, #1332, #4897 ) ) ;
#592 = CALENDAR_DATE ( 2026, 3, 9 ) ;
#593 = ORIENTED_EDGE ( 'NONE', *, *, #3420, .T. ) ;
#594 = CARTESIAN_POINT ( 'NONE',  ( 109.9593047915878401, 19.11097042361286924, 7.023322295740064725 ) ) ;
#595 = DIRECTION ( 'NONE',  ( 0.000000000000000000, -1.000000000000000000, 0.000000000000000000 ) ) ;
#596 = CARTESIAN_POINT ( 'NONE',  ( 134.0153576668635935, 15.18159674635714929, -16.02803003451945330 ) ) ;
#597 = CYLINDRICAL_SURFACE ( 'NONE', #7543, 0.9999999999999991118 ) ;
#598 = PRODUCT_DEFINITION ( 'UNKNOWN', '', #2403, #6606 ) ;
#599 = DIRECTION ( 'NONE',  ( 1.000000000000000000, 0.000000000000000000, 0.000000000000000000 ) ) ;
#600 = CALENDAR_DATE ( 2026, 3, 9 ) ;
#601 = CARTESIAN_POINT ( 'NONE',  ( 0.05345479281063252042, 2.337867473981271704, -2.337867473981271704 ) ) ;
#602 = ORIENTED_EDGE ( 'NONE', *, *, #1997, .T. ) ;
#603 = CARTESIAN_POINT ( 'NONE',  ( 140.8498739173472245, -4.962977316967419839, 18.59731169322709832 ) ) ;
#604 = CARTESIAN_POINT ( 'NONE',  ( 147.8886938636780144, 9.539544568843160377, 20.17507026191099939 ) ) ;
#605 = AXIS2_PLACEMENT_3D ( 'NONE', #6642, #1550, #2644 ) ;
#606 = CARTESIAN_POINT ( 'NONE',  ( 123.3817524803966137, -0.2700084166964354382, 12.03056689737420015 ) ) ;
#607 = CARTESIAN_POINT ( 'NONE',  ( 149.0594765572744222, 9.514473665951369341, 17.06068483902384969 ) ) ;
#608 = CARTESIAN_POINT ( 'NONE',  ( 132.0000000000000000, 0.6999999999999999556, 14.00000000000000000 ) ) ;
#609 = ORIENTED_EDGE ( 'NONE', *, *, #6609, .F. ) ;
#610 = CARTESIAN_POINT ( 'NONE',  ( 109.5957380499576885, 19.97778958910090807, -6.177530090367227444 ) ) ;
#611 = ORIENTED_EDGE ( 'NONE', *, *, #7831, .T. ) ;
#612 = AXIS2_PLACEMENT_3D ( 'NONE', #6949, #2028, #3318 ) ;
#613 = CARTESIAN_POINT ( 'NONE',  ( 110.6380304121174021, 0.04366602455599324917, 6.276528318386249694 ) ) ;
#614 = EDGE_CURVE ( 'NONE', #265, #4372, #4279, .T. ) ;
#615 = CARTESIAN_POINT ( 'NONE',  ( 3.035766082959410049E-15, 3.000000000000000000, 3.000000000000000000 ) ) ;
#616 = CARTESIAN_POINT ( 'NONE',  ( 109.7179268756616040, 0.002813358793385430014, 1.011544616471214075 ) ) ;
#617 = CARTESIAN_POINT ( 'NONE',  ( 131.8235565063882007, 15.77426551665704935, -15.20407200811994919 ) ) ;
#618 = CARTESIAN_POINT ( 'NONE',  ( 111.2899078451783055, 0.06014578013730845912, 6.675693536739326639 ) ) ;
#619 = EDGE_CURVE ( 'NONE', #2843, #2221, #358, .T. ) ;
#620 = CARTESIAN_POINT ( 'NONE',  ( 113.1794912024143542, 0.3287535964325398741, -7.955329738496953240 ) ) ;
#621 = VERTEX_POINT ( 'NONE', #6189 ) ;
#622 =( LENGTH_UNIT ( ) NAMED_UNIT ( * ) SI_UNIT ( .MILLI., .METRE. ) );
#623 = ORIENTED_EDGE ( 'NONE', *, *, #2073, .T. ) ;
#624 = FACE_OUTER_BOUND ( 'NONE', #6301, .T. ) ;
#625 = ORIENTED_EDGE ( 'NONE', *, *, #7203, .T. ) ;
#626 = CARTESIAN_POINT ( 'NONE',  ( 0.03590615326675217212, 2.536846310912323599, 2.691271372824127539 ) ) ;
#627 = EDGE_CURVE ( 'NONE', #7731, #2311, #4907, .T. ) ;
#628 = CARTESIAN_POINT ( 'NONE',  ( 110.8759534666032067, 19.94778443404246104, 6.519344255536678290 ) ) ;
#629 = LOCAL_TIME ( 21, 5, 34.00000000000000000, #1309 ) ;
#630 = DIRECTION ( 'NONE',  ( 0.000000000000000000, 1.734723475976804876E-16, -1.000000000000000000 ) ) ;
#631 = CARTESIAN_POINT ( 'NONE',  ( 111.3970016198844633, 0.2713172853557201392, -7.225605889602235266 ) ) ;
#632 = CARTESIAN_POINT ( 'NONE',  ( 113.4024101645243974, 0.9452817923052060367, -8.279059074663042139 ) ) ;
#633 = ORIENTED_EDGE ( 'NONE', *, *, #5345, .T. ) ;
#634 = ADVANCED_FACE ( 'NONE', ( #2987 ), #464, .T. ) ;
#635 = LOCAL_TIME ( 21, 5, 34.00000000000000000, #5043 ) ;
#636 = APPROVAL_STATUS ( 'not_yet_approved' ) ;
#637 = EDGE_CURVE ( 'NONE', #2623, #6969, #6138, .T. ) ;
#638 = ORIENTED_EDGE ( 'NONE', *, *, #2835, .T. ) ;
#639 = CARTESIAN_POINT ( 'NONE',  ( 107.0070744204373199, 0.4199802388721206592, -6.814991403879404608 ) ) ;
#640 = DIRECTION ( 'NONE',  ( 0.000000000000000000, -0.000000000000000000, 1.000000000000000000 ) ) ;
#641 = CARTESIAN_POINT ( 'NONE',  ( 136.1082540675930090, 14.57864834459109993, -16.81480705558350053 ) ) ;
#642 = CARTESIAN_POINT ( 'NONE',  ( 108.1955537137502006, 0.2580389558423695218, 6.673937513813529954 ) ) ;
#643 = CARTESIAN_POINT ( 'NONE',  ( 2.129518763937048309, 19.87943732693580046, 6.493250982671135318 ) ) ;
#644 = APPROVAL_STATUS ( 'not_yet_approved' ) ;
#645 = FACE_OUTER_BOUND ( 'NONE', #5200, .T. ) ;
#646 = ORIENTED_EDGE ( 'NONE', *, *, #6116, .T. ) ;
#648 = VECTOR ( 'NONE', #1365, 1000.000000000000000 ) ;
#647 = LINE ( 'NONE', #7673, #8159 ) ;
#649 = CARTESIAN_POINT ( 'NONE',  ( 136.7557597447487296, 15.43411936455232158, 17.05822215612149506 ) ) ;
#650 = DIRECTION ( 'NONE',  ( -0.03263195623216807312, 0.9994674359039728007, 0.000000000000000000 ) ) ;
#651 = EDGE_CURVE ( 'NONE', #4401, #8099, #937, .T. ) ;
#652 = CARTESIAN_POINT ( 'NONE',  ( 0.4261790687600441330, 18.60969295905617571, -1.390307040943986383 ) ) ;
#653 = PLANE ( 'NONE',  #6176 ) ;
#654 = ORIENTED_EDGE ( 'NONE', *, *, #7999, .F. ) ;
#655 = CARTESIAN_POINT ( 'NONE',  ( 70.00000000000000000, -25.68947275135709774, 6.000000000000000000 ) ) ;
#656 = VERTEX_POINT ( 'NONE', #304 ) ;
#657 = CARTESIAN_POINT ( 'NONE',  ( 112.2257190376596014, 0.1201782683928283996, 7.266271176314409885 ) ) ;
#658 = CARTESIAN_POINT ( 'NONE',  ( 3.035766082959410049E-15, 2.738153414567654931, 2.607230121851484839 ) ) ;
#659 = CARTESIAN_POINT ( 'NONE',  ( 109.6360697656946144, 19.99999999999770139, -1.000000055945251987 ) ) ;
#660 = CARTESIAN_POINT ( 'NONE',  ( 107.7976269828429992, 0.2155315424312604922, 6.620168718237009919 ) ) ;
#661 = CARTESIAN_POINT ( 'NONE',  ( 109.9986739337298474, 18.92502530965101570, -7.000000000000865974 ) ) ;
#662 = DIRECTION ( 'NONE',  ( 0.000000000000000000, -1.000000000000000000, 0.000000000000000000 ) ) ;
#663 = EDGE_CURVE ( 'NONE', #1633, #3794, #7354, .T. ) ;
#664 = EDGE_LOOP ( 'NONE', ( #5551, #3940, #2241, #4030 ) ) ;
#665 = ORIENTED_EDGE ( 'NONE', *, *, #7662, .F. ) ;
#666 = CARTESIAN_POINT ( 'NONE',  ( 106.3788522234631984, 0.8321075008877369950, 6.989258085364899564 ) ) ;
#667 = VERTEX_POINT ( 'NONE', #2242 ) ;
#668 = CARTESIAN_POINT ( 'NONE',  ( 3.000000000000000000, 19.00000000000000000, 0.000000000000000000 ) ) ;
#669 = FACE_OUTER_BOUND ( 'NONE', #36, .T. ) ;
#670 = CC_DESIGN_APPROVAL ( #6199, ( #4824 ) ) ;
#671 = CARTESIAN_POINT ( 'NONE',  ( 107.7976269828425870, 1.000000000000000000, -6.000000000000000000 ) ) ;
#672 = CARTESIAN_POINT ( 'NONE',  ( 129.0247361167693896, -1.470161676907027815, -14.15191884474783812 ) ) ;
#673 = DIRECTION ( 'NONE',  ( -0.3420201433257126777, 0.000000000000000000, 0.9396926207858924407 ) ) ;
#674 = VERTEX_POINT ( 'NONE', #8038 ) ;
#675 = PERSON_AND_ORGANIZATION ( #6486, #2508 ) ;
#676 = EDGE_CURVE ( 'NONE', #6377, #4766, #3325, .T. ) ;
#677 = AXIS2_PLACEMENT_3D ( 'NONE', #4020, #7250, #773 ) ;
#678 = EDGE_CURVE ( 'NONE', #878, #2341, #1174, .T. ) ;
#679 = ORIENTED_EDGE ( 'NONE', *, *, #875, .F. ) ;
#680 = VECTOR ( 'NONE', #2180, 1000.000000000000000 ) ;
#681 = CARTESIAN_POINT ( 'NONE',  ( 146.9526503818007654, 9.539544568843160377, 19.82318590585730078 ) ) ;
#682 = CARTESIAN_POINT ( 'NONE',  ( 127.6951004178150129, 16.81350588601594964, -13.65207240516333975 ) ) ;
#683 = VECTOR ( 'NONE', #2402, 1000.000000000000000 ) ;
#684 = DIRECTION ( 'NONE',  ( 0.000000000000000000, 0.000000000000000000, -1.000000000000000000 ) ) ;
#685 = CARTESIAN_POINT ( 'NONE',  ( 147.6051613999876224, 10.15820703061711860, -20.51638940225934959 ) ) ;
#686 = AXIS2_PLACEMENT_3D ( 'NONE', #4390, #6995, #2116 ) ;
#687 = SECURITY_CLASSIFICATION_LEVEL ( 'unclassified' ) ;
#688 = CARTESIAN_POINT ( 'NONE',  ( 1.670546387488949902, 1.202334077313879979, -0.3035011159708014827 ) ) ;
#689 = ORIENTED_EDGE ( 'NONE', *, *, #1557, .F. ) ;
#690 = CARTESIAN_POINT ( 'NONE',  ( 1.496547972349010047, 19.60349479359739888, 1.264336804268406000 ) ) ;
#691 = AXIS2_PLACEMENT_3D ( 'NONE', #922, #7987, #2414 ) ;
#692 = CARTESIAN_POINT ( 'NONE',  ( 139.0969910643639764, 14.62040345587961454, 17.93835506791779011 ) ) ;
#693 = EDGE_CURVE ( 'NONE', #3546, #3992, #4801, .T. ) ;
#694 = CARTESIAN_POINT ( 'NONE',  ( 3.035766082959410049E-15, 17.00000000000000000, -3.000000000000000000 ) ) ;
#695 = CARTESIAN_POINT ( 'NONE',  ( 0.04938844939533473810, 2.638586081881825418, -2.457878949056309548 ) ) ;
#696 = VERTEX_POINT ( 'NONE', #4425 ) ;
#697 = CARTESIAN_POINT ( 'NONE',  ( 8.000000000000000000, 6.599999999999999645, 7.000000000000000000 ) ) ;
#698 = CIRCLE ( 'NONE', #5268, 1.249999999999999334 ) ;
#699 = ORIENTED_EDGE ( 'NONE', *, *, #5132, .F. ) ;
#700 = CARTESIAN_POINT ( 'NONE',  ( 112.4114980902225938, 0.1398404020890205990, 7.387627655451840525 ) ) ;
#701 = DIRECTION ( 'NONE',  ( 0.000000000000000000, 1.000000000000000000, 0.000000000000000000 ) ) ;
#702 = FACE_OUTER_BOUND ( 'NONE', #2652, .T. ) ;
#703 = CARTESIAN_POINT ( 'NONE',  ( 146.6007660257469922, 9.539544568843169259, 20.75922938773445026 ) ) ;
#704 = CARTESIAN_POINT ( 'NONE',  ( 113.1962766460449785, 0.3363058505774663143, -7.968928629678559084 ) ) ;
#705 = ORIENTED_EDGE ( 'NONE', *, *, #4688, .F. ) ;
#706 = CC_DESIGN_PERSON_AND_ORGANIZATION_ASSIGNMENT ( #377, #6743, ( #4409 ) ) ;
#707 = ORIENTED_EDGE ( 'NONE', *, *, #2594, .F. ) ;
#708 = CARTESIAN_POINT ( 'NONE',  ( 113.4024101645243974, 0.9452817923052070359, 8.279059074663049245 ) ) ;
#709 = ORIENTED_EDGE ( 'NONE', *, *, #6771, .F. ) ;
#710 = CARTESIAN_POINT ( 'NONE',  ( 2.803648237606790161, 18.99999999999635136, -2.633728631076504887E-16 ) ) ;
#711 = CARTESIAN_POINT ( 'NONE',  ( 112.0561950959235986, 19.70594708066555256, 7.396200136963940075 ) ) ;
#712 = CARTESIAN_POINT ( 'NONE',  ( 145.5110443490094099, 12.70455763069413990, 13.98914090322396042 ) ) ;
#713 = CARTESIAN_POINT ( 'NONE',  ( 109.8127747755803227, 0.3322982181283001824, -6.934505089384793486 ) ) ;
#714 = CARTESIAN_POINT ( 'NONE',  ( 107.2154422925849957, 0.3521252516634604812, -6.762027502895450404 ) ) ;
#715 = ORIENTED_EDGE ( 'NONE', *, *, #7490, .F. ) ;
#716 = APPROVAL_STATUS ( 'not_yet_approved' ) ;
#717 = AXIS2_PLACEMENT_3D ( 'NONE', #4622, #5202, #780 ) ;
#718 = ORIENTED_EDGE ( 'NONE', *, *, #930, .T. ) ;
#719 = CARTESIAN_POINT ( 'NONE',  ( 107.8161785944026008, 19.73900687360024619, 6.673697885384500594 ) ) ;
#720 = CARTESIAN_POINT ( 'NONE',  ( 146.8181844260903972, -7.977415231910079285, -14.46490098329174145 ) ) ;
#721 = EDGE_CURVE ( 'NONE', #7614, #5, #7623, .T. ) ;
#722 = CARTESIAN_POINT ( 'NONE',  ( 148.7083515827920053, 9.501908822039649039, -15.15286556612324809 ) ) ;
#723 = FACE_OUTER_BOUND ( 'NONE', #8135, .T. ) ;
#724 = DIRECTION ( 'NONE',  ( 1.000000000000000000, -0.000000000000000000, 1.224646799147353207E-16 ) ) ;
#725 = PERSON_AND_ORGANIZATION ( #5375, #6038 ) ;
#726 = CARTESIAN_POINT ( 'NONE',  ( 5.499000000000000554, -7.810249675906650424, 8.501000000000001222 ) ) ;
#727 = ORIENTED_EDGE ( 'NONE', *, *, #5421, .F. ) ;
#728 = ADVANCED_FACE ( 'NONE', ( #1312 ), #5771, .F. ) ;
#729 = CARTESIAN_POINT ( 'NONE',  ( 0.6009994805187930389, 18.84364016763809957, 1.770906554907939912 ) ) ;
#730 = CARTESIAN_POINT ( 'NONE',  ( 115.6206123026371841, 19.78533573123855049, 8.043896838090200063 ) ) ;
#731 = CARTESIAN_POINT ( 'NONE',  ( 133.2125777128296136, -2.533310394540575050, 15.72624308482390276 ) ) ;
#732 = CARTESIAN_POINT ( 'NONE',  ( 0.07808197337323910525, 17.52349577415515114, -2.214756338766505017 ) ) ;
#733 = CARTESIAN_POINT ( 'NONE',  ( 1.193252742341586625, 1.397799716916313884, -0.5963839782332396311 ) ) ;
#734 = VECTOR ( 'NONE', #3451, 1000.000000000000000 ) ;
#735 = ORIENTED_EDGE ( 'NONE', *, *, #6272, .F. ) ;
#736 = ADVANCED_FACE ( 'NONE', ( #7 ), #3562, .F. ) ;
#737 = CYLINDRICAL_SURFACE ( 'NONE', #2997, 3.000000000000000000 ) ;
#738 = VERTEX_POINT ( 'NONE', #5855 ) ;
#739 = PLANE ( 'NONE',  #1816 ) ;
#740 = EDGE_CURVE ( 'NONE', #2311, #233, #7279, .T. ) ;
#741 = LINE ( 'NONE', #3305, #4323 ) ;
#742 = DIRECTION ( 'NONE',  ( -1.000000000000000000, 0.000000000000000000, -4.336808689942015271E-16 ) ) ;
#743 = FACE_OUTER_BOUND ( 'NONE', #4503, .T. ) ;
#744 = CARTESIAN_POINT ( 'NONE',  ( 113.4753118378363439, 0.5577492634291910667, -8.224386730504047449 ) ) ;
#745 = ORIENTED_EDGE ( 'NONE', *, *, #6749, .T. ) ;
#746 = AXIS2_PLACEMENT_3D ( 'NONE', #3476, #5288, #3515 ) ;
#747 = VERTEX_POINT ( 'NONE', #7194 ) ;
#748 = FACE_OUTER_BOUND ( 'NONE', #3784, .T. ) ;
#749 = ORIENTED_EDGE ( 'NONE', *, *, #7231, .F. ) ;
#750 = CARTESIAN_POINT ( 'NONE',  ( 1.715021725832568844, 0.2872899897870585528, 1.191590019590888616 ) ) ;
#751 = CARTESIAN_POINT ( 'NONE',  ( 109.3608700488066034, 19.96479223521849988, 6.245780707317519997 ) ) ;
#752 = CC_DESIGN_PERSON_AND_ORGANIZATION_ASSIGNMENT ( #1095, #6106, ( #7538 ) ) ;
#753 = CARTESIAN_POINT ( 'NONE',  ( 147.8886938636780144, -8.047637791034087940, 20.17507026191099939 ) ) ;
#754 = DIRECTION ( 'NONE',  ( -0.9396926207858912194, 0.000000000000000000, 0.3420201433257158974 ) ) ;
#755 = EDGE_CURVE ( 'NONE', #2205, #2933, #4087, .T. ) ;
#756 = DIRECTION ( 'NONE',  ( -0.9994674359039734668, -0.03263195623214619479, 0.000000000000000000 ) ) ;
#757 = EDGE_LOOP ( 'NONE', ( #164, #1757, #7135, #865 ) ) ;
#758 = APPROVAL_PERSON_ORGANIZATION ( #974, #3618, #8034 ) ;
#759 = FACE_OUTER_BOUND ( 'NONE', #6501, .T. ) ;
#760 = CARTESIAN_POINT ( 'NONE',  ( 109.7739456908690130, 19.98564999292739941, 6.126471963934120524 ) ) ;
#761 = CARTESIAN_POINT ( 'NONE',  ( 5.499000000000000554, 20.00000000000000000, -12.00000000000000000 ) ) ;
#762 = CARTESIAN_POINT ( 'NONE',  ( 1.029550817956250697, 19.27219150507553991, -1.485204348255555917 ) ) ;
#763 = FACE_OUTER_BOUND ( 'NONE', #4774, .T. ) ;
#764 = ADVANCED_FACE ( 'NONE', ( #2694 ), #7014, .F. ) ;
#765 = APPROVAL_ROLE ( '' ) ;
#766 = CARTESIAN_POINT ( 'NONE',  ( 2.479904456292403303, 0.03222929600371983450, -0.03222929600371983450 ) ) ;
#767 = ORIENTED_EDGE ( 'NONE', *, *, #2753, .F. ) ;
#768 = ADVANCED_FACE ( 'NONE', ( #759 ), #5266, .T. ) ;
#769 = CARTESIAN_POINT ( 'NONE',  ( 3.035766082959410049E-15, 17.39276987814955078, 2.738153414568420096 ) ) ;
#770 = CARTESIAN_POINT ( 'NONE',  ( 134.8793181057571928, -3.916501348571644670, 15.28732415163048053 ) ) ;
#771 = CARTESIAN_POINT ( 'NONE',  ( 138.2831114884816088, -3.271572175838620034, 10.29421071423979939 ) ) ;
#772 = CARTESIAN_POINT ( 'NONE',  ( 0.07808197337295169627, 17.78524366123279776, -2.476504225844305296 ) ) ;
#773 = DIRECTION ( 'NONE',  ( 0.000000000000000000, 0.000000000000000000, 1.000000000000000000 ) ) ;
#774 = SHAPE_REPRESENTATION_RELATIONSHIP ( 'NONE' , 'NONE' ,  #1561, #5987 ) ;
#775 = ORIENTED_EDGE ( 'NONE', *, *, #5706, .F. ) ;
#776 = DIRECTION ( 'NONE',  ( 0.000000000000000000, 0.000000000000000000, 1.000000000000000000 ) ) ;
#777 = VERTEX_POINT ( 'NONE', #90 ) ;
#778 = ADVANCED_FACE ( 'NONE', ( #2655 ), #5223, .T. ) ;
#779 = AXIS2_PLACEMENT_3D ( 'NONE', #2718, #1418, #3306 ) ;
#780 = DIRECTION ( 'NONE',  ( 0.9360434818771460330, 5.204170427930416550E-15, 0.3518843560536742965 ) ) ;
#781 = DIRECTION ( 'NONE',  ( -1.734723475976805122E-15, 1.000000000000000000, 5.933431893716630308E-16 ) ) ;
#782 = CARTESIAN_POINT ( 'NONE',  ( 148.2014095504335955, 10.33730810948065937, 18.15690948464204979 ) ) ;
#783 = CARTESIAN_POINT ( 'NONE',  ( 110.0000000000000000, 1.000000000000000000, 6.000000000000000000 ) ) ;
#784 = CARTESIAN_POINT ( 'NONE',  ( 106.3649126752824117, 18.88652285270550024, -7.000000000000000000 ) ) ;
#785 = ORIENTED_EDGE ( 'NONE', *, *, #3588, .F. ) ;
#786 = ORIENTED_EDGE ( 'NONE', *, *, #627, .F. ) ;
#787 = CARTESIAN_POINT ( 'NONE',  ( 5.499000000000000554, -7.810249675906650424, -12.00000000000000000 ) ) ;
#788 = ORIENTED_EDGE ( 'NONE', *, *, #214, .F. ) ;
#789 = CARTESIAN_POINT ( 'NONE',  ( 0.1350244899873892790, 2.108783410974898409, 2.405898237267511064 ) ) ;
#790 =( BOUNDED_SURFACE ( )  B_SPLINE_SURFACE ( 3, 2, ( 
 ( #4570, #21, #2585 ),
 ( #5018, #563, #2501 ),
 ( #3762, #7085, #5827 ),
 ( #1864, #1281, #1236 ),
 ( #1324, #6373, #6457 ),
 ( #5738, #6413, #5101 ),
 ( #7675, #692, #60 ),
 ( #1913, #649, #3210 ),
 ( #5781, #1955, #7757 ),
 ( #7126, #1367, #5316 ),
 ( #4652, #6029, #4098 ),
 ( #5947, #3296, #6503 ),
 ( #5401, #7882, #1448 ),
 ( #2166, #267, #2124 ),
 ( #7797, #4689, #1490 ),
 ( #4017, #4060, #7329 ),
 ( #6666, #3935, #2666 ),
 ( #7247, #6628, #2836 ),
 ( #730, #5902, #858 ),
 ( #2046, #5866, #900 ),
 ( #3463, #99, #143 ),
 ( #3424, #7967, #2207 ) ),
 .UNSPECIFIED., .F., .F., .F. ) 
 B_SPLINE_SURFACE_WITH_KNOTS ( ( 4, 2, 2, 2, 2, 2, 2, 2, 2, 2, 4 ),
 ( 3, 3 ),
 ( 0.008464343201376999318, 0.01352067845284144094, 0.01604884607857364962, 0.01857701370430589818, 0.02363334895577030165, 0.02616151658150249817, 0.02868968420723475021, 0.03880235471016359877, 0.04133052233589584734, 0.04385868996162804734, 0.04891502521309249590 ),
 ( 0.000000000000000000, 1.000000000000000000 ),
 .UNSPECIFIED. ) 
 GEOMETRIC_REPRESENTATION_ITEM ( )  RATIONAL_B_SPLINE_SURFACE ( (
 ( 1.000000000000000000, 0.7049403263810940512, 1.000000000000000000),
 ( 1.000000000000000000, 0.7051511810448829465, 1.000000000000000000),
 ( 1.000000000000000000, 0.7053529535446619869, 1.000000000000000000),
 ( 1.000000000000000000, 0.7056129768939120028, 1.000000000000000000),
 ( 1.000000000000000000, 0.7056927012525709975, 1.000000000000000000),
 ( 1.000000000000000000, 0.7058360738330179407, 1.000000000000000000),
 ( 1.000000000000000000, 0.7058998570518190130, 1.000000000000000000),
 ( 1.000000000000000000, 0.7060646131767810418, 1.000000000000000000),
 ( 1.000000000000000000, 0.7061396910590399534, 1.000000000000000000),
 ( 1.000000000000000000, 0.7062035819602739961, 1.000000000000000000),
 ( 1.000000000000000000, 0.7062141562829860053, 1.000000000000000000),
 ( 1.000000000000000000, 0.7062454898474179732, 1.000000000000000000),
 ( 1.000000000000000000, 0.7062635828586709685, 1.000000000000000000),
 ( 1.000000000000000000, 0.7063666036608199361, 1.000000000000000000),
 ( 1.000000000000000000, 0.7064900339227749848, 1.000000000000000000),
 ( 1.000000000000000000, 0.7066982344885549550, 1.000000000000000000),
 ( 1.000000000000000000, 0.7067446560417760537, 1.000000000000000000),
 ( 1.000000000000000000, 0.7068299943167710708, 1.000000000000000000),
 ( 1.000000000000000000, 0.7068689032503590042, 1.000000000000000000),
 ( 1.000000000000000000, 0.7069740524278749216, 1.000000000000000000),
 ( 1.000000000000000000, 0.7070286876828270062, 1.000000000000000000),
 ( 1.000000000000000000, 0.7070680388656199744, 1.000000000000000000) ) ) 
 REPRESENTATION_ITEM ( '' )  SURFACE ( )  );
#791 = CARTESIAN_POINT ( 'NONE',  ( 110.0085621166214622, 19.59177351552254720, 6.859189089170935283 ) ) ;
#792 = CARTESIAN_POINT ( 'NONE',  ( 133.3659851176315954, 16.92958154910439816, 9.568700849606159409 ) ) ;
#793 = EDGE_CURVE ( 'NONE', #7466, #361, #7317, .T. ) ;
#794 = DIRECTION ( 'NONE',  ( 0.000000000000000000, 0.000000000000000000, 1.000000000000000000 ) ) ;
#795 = CARTESIAN_POINT ( 'NONE',  ( 113.3999434670951985, 18.89024882073280054, 8.278126585621350841 ) ) ;
#796 = CARTESIAN_POINT ( 'NONE',  ( 112.9862320953322978, 19.29150605951867448, -8.040401463752264277 ) ) ;
#797 = EDGE_LOOP ( 'NONE', ( #3170, #1383, #78, #56 ) ) ;
#798 = SECURITY_CLASSIFICATION ( '', '', #6873 ) ;
#799 = CARTESIAN_POINT ( 'NONE',  ( 112.2836101657875929, 19.62942113234055341, 7.559816744965739410 ) ) ;
#800 = ADVANCED_FACE ( 'NONE', ( #2074 ), #1536, .T. ) ;
#801 = B_SPLINE_CURVE_WITH_KNOTS ( 'NONE', 3,
 ( #6136, #4794, #2231, #5463, #369 ),
 .UNSPECIFIED., .F., .F.,
 ( 4, 1, 4 ),
 ( 0.000000000000000000, 0.3723326152260125199, 1.000000000000000000 ),
 .UNSPECIFIED. ) ;
#802 = CARTESIAN_POINT ( 'NONE',  ( 116.8008856196282323, -0.1067529408770456212, -2.475319932200504169 ) ) ;
#803 = CARTESIAN_POINT ( 'NONE',  ( 108.6126446866056483, 19.99956560792239202, 6.390765015398385707 ) ) ;
#804 = CARTESIAN_POINT ( 'NONE',  ( 0.04869043697117796804, 17.53830810844031163, -2.641128474344917265 ) ) ;
#805 = AXIS2_PLACEMENT_3D ( 'NONE', #4883, #1659, #6236 ) ;
#806 = DIRECTION ( 'NONE',  ( -0.3420201433257158974, 1.734723475976814983E-14, -0.9396926207858913305 ) ) ;
#807 = SHAPE_DEFINITION_REPRESENTATION ( #972, #1604 ) ;
#808 = VECTOR ( 'NONE', #7179, 1000.000000000000000 ) ;
#809 = CARTESIAN_POINT ( 'NONE',  ( 0.6009994805188100253, 1.770906554907939912, -1.156359832361905982 ) ) ;
#810 = ORIENTED_EDGE ( 'NONE', *, *, #6071, .T. ) ;
#811 = DIRECTION ( 'NONE',  ( 0.000000000000000000, -0.7390068736002751715, -0.6736978853844999282 ) ) ;
#812 = AXIS2_PLACEMENT_3D ( 'NONE', #8241, #673, #6943 ) ;
#813 = CARTESIAN_POINT ( 'NONE',  ( 2.737946604452147437, 19.99999999990362909, 9.623145977106497285E-11 ) ) ;
#814 = CARTESIAN_POINT ( 'NONE',  ( 122.0706271199146897, -0.9875562772562486158, -10.47107843429568241 ) ) ;
#815 = CIRCLE ( 'NONE', #3769, 0.9999999999999991118 ) ;
#816 = CARTESIAN_POINT ( 'NONE',  ( 148.7083515827920053, -8.081274705556770854, 15.15286556612329960 ) ) ;
#817 = TOROIDAL_SURFACE ( 'NONE', #7265, 1.250000000000000000, 0.2500000000000000000 ) ;
#818 = CARTESIAN_POINT ( 'NONE',  ( 1.196179724907255437, 19.43123794674217208, -0.5687620532580019983 ) ) ;
#819 = FACE_OUTER_BOUND ( 'NONE', #6430, .T. ) ;
#820 = APPROVAL_STATUS ( 'not_yet_approved' ) ;
#821 = B_SPLINE_CURVE_WITH_KNOTS ( 'NONE', 3,
 ( #5046, #2616, #1226, #1182, #5728, #3751, #7036, #6316, #7619, #3120, #9, #4516, #3796, #5817, #2449, #6951, #2576, #5135, #8248, #6364 ),
 .UNSPECIFIED., .F., .F.,
 ( 4, 2, 2, 2, 2, 2, 2, 2, 2, 4 ),
 ( 0.000000000000000000, 0.002708602931443180022, 0.005417205862886360045, 0.01083441172577272009, 0.01354301465721590055, 0.01625161758865910008, 0.02166882345154544712, 0.02708602931443180109, 0.03250323517731815159, 0.04333764690309084566 ),
 .UNSPECIFIED. ) ;
#822 = ORIENTED_EDGE ( 'NONE', *, *, #4764, .F. ) ;
#823 = DIRECTION ( 'NONE',  ( -1.000000000000000000, 0.000000000000000000, 4.954937092193129892E-16 ) ) ;
#824 = ORIENTED_EDGE ( 'NONE', *, *, #6945, .T. ) ;
#825 = CIRCLE ( 'NONE', #5800, 0.9999999999999961142 ) ;
#826 = CARTESIAN_POINT ( 'NONE',  ( 8.000000000000000000, 20.00000000000000000, 6.000000000000000000 ) ) ;
#827 = CARTESIAN_POINT ( 'NONE',  ( 109.4007520801746125, 19.99638328709029977, -6.002470043986189552 ) ) ;
#828 = CARTESIAN_POINT ( 'NONE',  ( 60.00000000000000000, -30.00000000000000000, 6.000000000000000000 ) ) ;
#829 = CARTESIAN_POINT ( 'NONE',  ( 0.000000000000000000, 19.75000000000000000, 1.199999999999999956 ) ) ;
#830 = AXIS2_PLACEMENT_3D ( 'NONE', #5957, #2596, #3265 ) ;
#831 = PLANE ( 'NONE',  #1207 ) ;
#832 = ADVANCED_FACE ( 'NONE', ( #2271 ), #2901, .F. ) ;
#833 = ORIENTED_EDGE ( 'NONE', *, *, #2027, .F. ) ;
#834 = CIRCLE ( 'NONE', #1904, 0.9999999999999997780 ) ;
#835 = ORIENTED_EDGE ( 'NONE', *, *, #1380, .F. ) ;
#836 = CARTESIAN_POINT ( 'NONE',  ( 110.1929953962747959, 19.98747038457119984, 6.004091400336680096 ) ) ;
#837 = ORIENTED_EDGE ( 'NONE', *, *, #846, .F. ) ;
#838 = FACE_OUTER_BOUND ( 'NONE', #4601, .T. ) ;
#839 = DIRECTION ( 'NONE',  ( 0.000000000000000000, 0.000000000000000000, 1.000000000000000000 ) ) ;
#840 = CARTESIAN_POINT ( 'NONE',  ( 146.9526503818007654, -8.047637791034128796, 19.82318590585730078 ) ) ;
#841 = DIRECTION ( 'NONE',  ( 0.000000000000000000, -0.000000000000000000, 1.000000000000000000 ) ) ;
#842 = DIRECTION ( 'NONE',  ( -0.9999997283918594659, 0.0007370320262295462993, 0.000000000000000000 ) ) ;
#843 = CARTESIAN_POINT ( 'NONE',  ( 0.000000000000000000, 3.000000000000000000, -3.000000000000000000 ) ) ;
#844 = ORIENTED_EDGE ( 'NONE', *, *, #8186, .F. ) ;
#845 =( BOUNDED_SURFACE ( )  B_SPLINE_SURFACE ( 3, 2, ( 
 ( #1793, #1165, #4237 ),
 ( #6806, #3601, #4280 ),
 ( #6846, #1122, #1077 ),
 ( #7512, #6212, #450 ) ),
 .UNSPECIFIED., .F., .F., .T. ) 
 B_SPLINE_SURFACE_WITH_KNOTS ( ( 4, 4 ),
 ( 3, 3 ),
 ( 0.1147231158758871966, 0.1149107591296505970 ),
 ( 0.000000000000000000, 1.000000000000000000 ),
 .UNSPECIFIED. ) 
 GEOMETRIC_REPRESENTATION_ITEM ( )  RATIONAL_B_SPLINE_SURFACE ( (
 ( 1.000000000000000000, 0.7071067811865480168, 1.000000000000000000),
 ( 1.000000000000000000, 0.7070757326388229513, 1.000000000000000000),
 ( 1.000000000000000000, 0.7070441165777779924, 1.000000000000000000),
 ( 1.000000000000000000, 0.7070119314022930146, 1.000000000000000000) ) ) 
 REPRESENTATION_ITEM ( '' )  SURFACE ( )  );
#846 = EDGE_CURVE ( 'NONE', #4905, #1286, #6521, .T. ) ;
#847 = CARTESIAN_POINT ( 'NONE',  ( 0.000000000000000000, 0.000000000000000000, 0.000000000000000000 ) ) ;
#848 = EDGE_CURVE ( 'NONE', #5372, #2506, #3569, .T. ) ;
#849 = LINE ( 'NONE', #91, #5657 ) ;
#850 = SPHERICAL_SURFACE ( 'NONE', #6187, 1.000000000000000000 ) ;
#851 = CARTESIAN_POINT ( 'NONE',  ( 1.807043109449040008, 19.75426016538023077, -1.163827297520996895 ) ) ;
#852 = CIRCLE ( 'NONE', #6095, 1.000000000000000888 ) ;
#853 = DIRECTION ( 'NONE',  ( -0.9360434818771458110, 0.000000000000000000, 0.3518843560536749071 ) ) ;
#854 = APPROVAL_DATE_TIME ( #2870, #1943 ) ;
#855 = CARTESIAN_POINT ( 'NONE',  ( 2.737946604452147437, 9.623145977106497285E-11, -9.623145977106497285E-11 ) ) ;
#856 = EDGE_LOOP ( 'NONE', ( #6280, #6801, #3028 ) ) ;
#857 = VECTOR ( 'NONE', #7011, 1000.000000000000000 ) ;
#858 = CARTESIAN_POINT ( 'NONE',  ( 115.2086237460533908, 18.78733874696740003, 8.958064180021148459 ) ) ;
#859 = CC_DESIGN_PERSON_AND_ORGANIZATION_ASSIGNMENT ( #1529, #2119, ( #3492 ) ) ;
#860 = CARTESIAN_POINT ( 'NONE',  ( 116.4588654762862063, -0.1067529409685639974, 3.415012552939364898 ) ) ;
#861 = DIRECTION ( 'NONE',  ( 0.000000000000000000, -1.000000000000000000, 0.000000000000000000 ) ) ;
#862 = CARTESIAN_POINT ( 'NONE',  ( 148.4739276883111927, 9.527034403051660050, -18.61829657334585164 ) ) ;
#863 = B_SPLINE_CURVE_WITH_KNOTS ( 'NONE', 3,
 ( #6811, #6731, #1041, #3017, #6134, #7473 ),
 .UNSPECIFIED., .F., .F.,
 ( 4, 2, 4 ),
 ( -1.095446141998064966E-05, 0.0007476109544463803349, 0.001506176370312741321 ),
 .UNSPECIFIED. ) ;
#864 = DIRECTION ( 'NONE',  ( 0.5715887519735053379, 0.000000000000000000, -0.8205402480179571079 ) ) ;
#865 = ORIENTED_EDGE ( 'NONE', *, *, #1617, .F. ) ;
#866 = DIRECTION ( 'NONE',  ( 0.000000000000000000, -8.673617379884043361E-15, 1.000000000000000000 ) ) ;
#867 = ORIENTED_EDGE ( 'NONE', *, *, #2218, .T. ) ;
#868 = DIRECTION ( 'NONE',  ( 0.000000000000000000, 1.000000000000000000, 0.000000000000000000 ) ) ;
#869 = CARTESIAN_POINT ( 'NONE',  ( 120.9231155702824054, -0.8028253709546030459, 10.03957792414500183 ) ) ;
#870 = CARTESIAN_POINT ( 'NONE',  ( 112.2485085063029970, 0.1932207448191520238, 7.409459101904830369 ) ) ;
#871 = CYLINDRICAL_SURFACE ( 'NONE', #1624, 1.000000000000000000 ) ;
#872 = CARTESIAN_POINT ( 'NONE',  ( 108.7918310367346066, 0.06302849919553135671, -6.270851697924526569 ) ) ;
#873 = VERTEX_POINT ( 'NONE', #8109 ) ;
#874 = CARTESIAN_POINT ( 'NONE',  ( 109.6360497657140058, 20.00000000000000000, 1.000000027972709926 ) ) ;
#875 = EDGE_CURVE ( 'NONE', #4935, #1591, #7301, .T. ) ;
#876 = ORIENTED_EDGE ( 'NONE', *, *, #2930, .T. ) ;
#877 = CARTESIAN_POINT ( 'NONE',  ( 0.7664982464705791809, 0.9961703417381247982, 1.664198353249164652 ) ) ;
#878 = VERTEX_POINT ( 'NONE', #4463 ) ;
#879 = SPHERICAL_SURFACE ( 'NONE', #6015, 1.000000000000000000 ) ;
#880 = ADVANCED_FACE ( 'NONE', ( #2481, #2437 ), #1216, .F. ) ;
#881 = CARTESIAN_POINT ( 'NONE',  ( 3.000000000000000000, 0.000000000000000000, -1.000000000000000000 ) ) ;
#882 = VECTOR ( 'NONE', #5999, 1000.000000000000000 ) ;
#883 = CARTESIAN_POINT ( 'NONE',  ( 141.6078808676030008, 12.62417472192518098, 18.88226724576199800 ) ) ;
#884 = CARTESIAN_POINT ( 'NONE',  ( 110.0000000000000000, 19.00000000000000000, -6.000000000000000000 ) ) ;
#885 = CARTESIAN_POINT ( 'NONE',  ( 110.2116120445210896, 0.7277204244751633855, -7.017604224037510718 ) ) ;
#886 = ORIENTED_EDGE ( 'NONE', *, *, #976, .F. ) ;
#887 = AXIS2_PLACEMENT_3D ( 'NONE', #8228, #531, #6168 ) ;
#888 = CARTESIAN_POINT ( 'NONE',  ( 109.9893182360445110, 19.49669824781568295, 6.923585852811599217 ) ) ;
#889 = EDGE_CURVE ( 'NONE', #7471, #3898, #1760, .T. ) ;
#890 = CARTESIAN_POINT ( 'NONE',  ( 110.1929953962747959, 19.98747038457119984, 6.004091400336680096 ) ) ;
#891 = CARTESIAN_POINT ( 'NONE',  ( 108.6128177528851921, 20.00000000000000000, -6.001114202575819512 ) ) ;
#892 = CARTESIAN_POINT ( 'NONE',  ( 0.1832449974633209855, 18.03283594899964370, -2.311452305500417914 ) ) ;
#893 = LINE ( 'NONE', #261, #6462 ) ;
#894 = EDGE_CURVE ( 'NONE', #4491, #3832, #540, .T. ) ;
#895 = SECURITY_CLASSIFICATION ( '', '', #3700 ) ;
#896 = APPROVAL_ROLE ( '' ) ;
#897 = LINE ( 'NONE', #7365, #6760 ) ;
#898 = VERTEX_POINT ( 'NONE', #1936 ) ;
#899 = CARTESIAN_POINT ( 'NONE',  ( 147.8886938636780144, -8.047637791034087940, 20.17507026191099939 ) ) ;
#900 = CARTESIAN_POINT ( 'NONE',  ( 112.8086618741536000, 18.92737276019004611, 8.055852846683011492 ) ) ;
#901 = PRODUCT_DEFINITION_FORMATION_WITH_SPECIFIED_SOURCE ( 'ANY', '', #4409, .NOT_KNOWN. ) ;
#902 = CARTESIAN_POINT ( 'NONE',  ( 106.3652026147251917, 18.96217762314260113, 7.000000000000000000 ) ) ;
#903 = CARTESIAN_POINT ( 'NONE',  ( 2.033353018320480210, 19.84677831103849854, -1.102147792640975954 ) ) ;
#904 = LINE ( 'NONE', #5280, #5377 ) ;
#905 = PERSON_AND_ORGANIZATION_ROLE ( 'creator' ) ;
#906 = CARTESIAN_POINT ( 'NONE',  ( 0.000000000000000000, 17.00000000000000000, 3.000000000000000000 ) ) ;
#907 = EDGE_LOOP ( 'NONE', ( #767, #7956, #413, #916, #3702, #3271 ) ) ;
#908 = SPHERICAL_SURFACE ( 'NONE', #1606, 1.000000000000000000 ) ;
#909 = EDGE_CURVE ( 'NONE', #5003, #3637, #6394, .T. ) ;
#910 = CARTESIAN_POINT ( 'NONE',  ( 148.7083515827920053, -8.081274705556749538, -15.15286556612324809 ) ) ;
#911 = CARTESIAN_POINT ( 'NONE',  ( 112.5513943275472002, 0.1585229760157979839, 7.481283546191629164 ) ) ;
#912 = LINE ( 'NONE', #281, #4829 ) ;
#913 = VECTOR ( 'NONE', #7936, 1000.000000000000000 ) ;
#914 = ORIENTED_EDGE ( 'NONE', *, *, #7358, .T. ) ;
#915 = DIRECTION ( 'NONE',  ( -1.000000000000000000, 0.000000000000000000, 0.000000000000000000 ) ) ;
#916 = ORIENTED_EDGE ( 'NONE', *, *, #678, .T. ) ;
#917 = CARTESIAN_POINT ( 'NONE',  ( 109.7179254311674015, 0.002813311715544939903, -1.011544623535185927 ) ) ;
#918 = EDGE_LOOP ( 'NONE', ( #3960, #1974, #4282 ) ) ;
#919 = CARTESIAN_POINT ( 'NONE',  ( 147.4992961041500337, 10.35292779324920076, -20.02214867748134708 ) ) ;
#920 = TOROIDAL_SURFACE ( 'NONE', #1717, 1.199999999999999956, 0.2500000000000000000 ) ;
#921 = DIRECTION ( 'NONE',  ( 0.000000000000000000, 0.000000000000000000, 1.000000000000000000 ) ) ;
#922 = CARTESIAN_POINT ( 'NONE',  ( 5.500000000000000000, 0.6999999999999999556, 11.50000000000000000 ) ) ;
#923 = CARTESIAN_POINT ( 'NONE',  ( 110.0000000000000284, 18.88652285270507392, 6.999999999999998224 ) ) ;
#924 = DIRECTION ( 'NONE',  ( 1.000000000000000000, 0.000000000000000000, 0.000000000000000000 ) ) ;
#925 = ORIENTED_EDGE ( 'NONE', *, *, #327, .T. ) ;
#926 = CARTESIAN_POINT ( 'NONE',  ( 143.7891013173872068, -6.351718911764099751, -19.70224769351240113 ) ) ;
#927 = CARTESIAN_POINT ( 'NONE',  ( 5.499000000000000554, 19.75000000000000000, -8.251000000000001222 ) ) ;
#928 = CIRCLE ( 'NONE', #5625, 1.000000000000000000 ) ;
#929 = CARTESIAN_POINT ( 'NONE',  ( 0.1350244899790402353, 17.89121658899827239, -2.405898237284578300 ) ) ;
#930 = EDGE_CURVE ( 'NONE', #738, #5590, #4333, .T. ) ;
#931 = DIRECTION ( 'NONE',  ( -1.000000000000000000, 0.000000000000000000, 0.000000000000000000 ) ) ;
#932 = ADVANCED_FACE ( 'NONE', ( #669 ), #6434, .T. ) ;
#933 = AXIS2_PLACEMENT_3D ( 'NONE', #1496, #2172, #864 ) ;
#934 = COORDINATED_UNIVERSAL_TIME_OFFSET ( 2, 0, .AHEAD. ) ;
#935 = CARTESIAN_POINT ( 'NONE',  ( 5.499000000000000554, 0.000000000000000000, 10.50099999999999945 ) ) ;
#936 = ORIENTED_EDGE ( 'NONE', *, *, #229, .F. ) ;
#937 = LINE ( 'NONE', #3503, #1450 ) ;
#938 = CARTESIAN_POINT ( 'NONE',  ( 106.3657828942394019, 19.00000000000000000, 7.000000000000000000 ) ) ;
#939 = CC_DESIGN_SECURITY_CLASSIFICATION ( #3487, ( #7113 ) ) ;
#940 = CARTESIAN_POINT ( 'NONE',  ( 148.5423865121058213, -8.922563096391787241, 14.02828144798968246 ) ) ;
#941 = CARTESIAN_POINT ( 'NONE',  ( 2.479904456292403303, 19.96777070399630105, -0.03222929600371983450 ) ) ;
#942 = CARTESIAN_POINT ( 'NONE',  ( 148.6711131933410002, 10.32684392034416021, -16.90909271825290006 ) ) ;
#943 = COORDINATED_UNIVERSAL_TIME_OFFSET ( 2, 0, .AHEAD. ) ;
#944 = CARTESIAN_POINT ( 'NONE',  ( 106.3657828942394019, 19.00000000000000000, -7.000000000000000000 ) ) ;
#945 = ORIENTED_EDGE ( 'NONE', *, *, #6341, .T. ) ;
#946 = CIRCLE ( 'NONE', #5248, 0.9999999999999991118 ) ;
#947 = EDGE_CURVE ( 'NONE', #7879, #8311, #6473, .T. ) ;
#948 = AXIS2_PLACEMENT_3D ( 'NONE', #3860, #2058, #1294 ) ;
#949 = CARTESIAN_POINT ( 'NONE',  ( 115.8828597246832430, -0.1728598262885265857, 9.211527932291682319 ) ) ;
#950 = AXIS2_PLACEMENT_3D ( 'NONE', #1272, #8249, #3881 ) ;
#951 = DIRECTION ( 'NONE',  ( 1.000000000000000000, 0.000000000000000000, 0.000000000000000000 ) ) ;
#952 = DIRECTION ( 'NONE',  ( 1.734723475976805122E-15, -1.000000000000000000, 5.933431893716630308E-16 ) ) ;
#953 = CARTESIAN_POINT ( 'NONE',  ( 0.000000000000000000, 20.00000000000000000, -0.9499999999999999556 ) ) ;
#954 = ORIENTED_EDGE ( 'NONE', *, *, #7573, .T. ) ;
#955 = CARTESIAN_POINT ( 'NONE',  ( 113.2075782851377994, 19.99710712634504972, -2.231640792349859570 ) ) ;
#956 = CIRCLE ( 'NONE', #5648, 1.000000000000007772 ) ;
#957 = ORIENTED_EDGE ( 'NONE', *, *, #7999, .T. ) ;
#958 = FACE_OUTER_BOUND ( 'NONE', #433, .T. ) ;
#959 = ORIENTED_EDGE ( 'NONE', *, *, #2375, .T. ) ;
#960 = DIRECTION ( 'NONE',  ( 0.000000000000000000, 1.000000000000000000, 0.000000000000000000 ) ) ;
#961 = CARTESIAN_POINT ( 'NONE',  ( 110.5760350362748881, 0.04299232885090090855, -6.239641040675921957 ) ) ;
#962 = CIRCLE ( 'NONE', #418, 1.000000000000008216 ) ;
#963 = CC_DESIGN_DATE_AND_TIME_ASSIGNMENT ( #3168, #5733, ( #7697 ) ) ;
#964 = DIRECTION ( 'NONE',  ( 1.000000000000000000, -3.469446951953613696E-16, 0.000000000000000000 ) ) ;
#965 = DIRECTION ( 'NONE',  ( 0.000000000000000000, -1.000000000000000000, 0.000000000000000000 ) ) ;
#966 = ORIENTED_EDGE ( 'NONE', *, *, #2692, .F. ) ;
#967 = DIRECTION ( 'NONE',  ( 0.000000000000000000, -1.000000000000000000, 0.000000000000000000 ) ) ;
#968 = CIRCLE ( 'NONE', #7822, 1.249999999999999334 ) ;
#969 = CARTESIAN_POINT ( 'NONE',  ( 126.8109896210452803, -1.981303180946547116, -13.31971096636617524 ) ) ;
#970 = DIRECTION ( 'NONE',  ( -1.000000000000000000, 0.000000000000000000, 0.000000000000000000 ) ) ;
#971 = LINE ( 'NONE', #2353, #161 ) ;
#972 = PRODUCT_DEFINITION_SHAPE ( 'NONE', 'NONE',  #7697 ) ;
#973 = CARTESIAN_POINT ( 'NONE',  ( 112.1177176580451942, 0.1101367577972151984, -7.196498001273320178 ) ) ;
#974 = PERSON_AND_ORGANIZATION ( #7480, #483 ) ;
#975 = CARTESIAN_POINT ( 'NONE',  ( 5.499000000000000554, -7.810249675906650424, 9.501000000000001222 ) ) ;
#976 = EDGE_CURVE ( 'NONE', #6745, #4658, #4949, .T. ) ;
#977 = ORIENTED_EDGE ( 'NONE', *, *, #2542, .T. ) ;
#978 = CARTESIAN_POINT ( 'NONE',  ( 0.8904653425075180762, 0.8286349231175567098, 0.8286349231175567098 ) ) ;
#979 = EDGE_CURVE ( 'NONE', #1591, #1744, #2792, .T. ) ;
#980 = LINE ( 'NONE', #4255, #2100 ) ;
#981 = AXIS2_PLACEMENT_3D ( 'NONE', #302, #4726, #4802 ) ;
#982 = CARTESIAN_POINT ( 'NONE',  ( 111.7596233023521961, 19.78930674405539847, -7.179307913097960459 ) ) ;
#983 = CARTESIAN_POINT ( 'NONE',  ( 113.4936976621494011, 0.5963274410514129986, 8.248166869616289532 ) ) ;
#984 =( NAMED_UNIT ( * ) SI_UNIT ( $, .STERADIAN. ) SOLID_ANGLE_UNIT ( ) );
#985 = CARTESIAN_POINT ( 'NONE',  ( 116.9035587476030003, 18.90712183869265317, -2.512689894635540266 ) ) ;
#986 = EDGE_CURVE ( 'NONE', #8027, #6576, #70, .T. ) ;
#987 = EDGE_LOOP ( 'NONE', ( #1299, #2584, #5632, #4704 ) ) ;
#988 = CIRCLE ( 'NONE', #7841, 4.000000000000003553 ) ;
#989 = CARTESIAN_POINT ( 'NONE',  ( 110.1973500945295683, 0.1561783718429996526, 6.466594205902505443 ) ) ;
#990 = CARTESIAN_POINT ( 'NONE',  ( 110.1606408363063281, 0.3293306368963864195, 6.995340762439776761 ) ) ;
#991 = DIRECTION ( 'NONE',  ( 0.000000000000000000, 0.000000000000000000, 1.000000000000000000 ) ) ;
#992 = DIRECTION ( 'NONE',  ( 0.000000000000000000, -1.000000000000000000, 0.000000000000000000 ) ) ;
#993 = EDGE_CURVE ( 'NONE', #3552, #2278, #4549, .T. ) ;
#994 = AXIS2_PLACEMENT_3D ( 'NONE', #1791, #1074, #8307 ) ;
#995 = ORIENTED_EDGE ( 'NONE', *, *, #4445, .T. ) ;
#996 = EDGE_CURVE ( 'NONE', #2722, #3971, #5886, .T. ) ;
#997 = CARTESIAN_POINT ( 'NONE',  ( 116.9534970023325826, 19.90697178464548145, -2.530865932858200829 ) ) ;
#998 = ORIENTED_EDGE ( 'NONE', *, *, #5874, .F. ) ;
#999 = DIRECTION ( 'NONE',  ( 0.000000000000000000, -1.000000000000000000, 0.000000000000000000 ) ) ;
#1000 = ORIENTED_EDGE ( 'NONE', *, *, #7958, .F. ) ;
#1001 = CARTESIAN_POINT ( 'NONE',  ( 3.000000000000000000, 8.000000000000000000, 6.000000000000000000 ) ) ;
#1002 = CARTESIAN_POINT ( 'NONE',  ( 1.670546387488949902, 0.3035011159708014827, -1.202334077313879979 ) ) ;
#1003 = DIRECTION ( 'NONE',  ( 0.000000000000000000, 0.000000000000000000, 1.000000000000000000 ) ) ;
#1004 = CARTESIAN_POINT ( 'NONE',  ( 0.000000000000000000, 17.00000000000000000, 3.000000000000000000 ) ) ;
#1005 = ORIENTED_EDGE ( 'NONE', *, *, #7662, .T. ) ;
#1006 = CARTESIAN_POINT ( 'NONE',  ( 136.4019352418476103, -4.349615928615025773, -15.85991935081800008 ) ) ;
#1007 = AXIS2_PLACEMENT_3D ( 'NONE', #2965, #4861, #6091 ) ;
#1008 = EDGE_CURVE ( 'NONE', #4851, #4271, #2258, .T. ) ;
#1009 = CARTESIAN_POINT ( 'NONE',  ( 106.3657828942394019, 19.00000000000000000, -7.000000000000000000 ) ) ;
#1010 = LINE ( 'NONE', #1091, #5939 ) ;
#1011 = CARTESIAN_POINT ( 'NONE',  ( 112.2257190376540024, 0.1201782683927822004, -7.266271176311869695 ) ) ;
#1012 = PERSON_AND_ORGANIZATION_ROLE ( 'creator' ) ;
#1013 = AXIS2_PLACEMENT_3D ( 'NONE', #7390, #4119, #1471 ) ;
#1014 = CARTESIAN_POINT ( 'NONE',  ( 116.4588654762862063, -0.1067529409685639974, 3.415012552939364898 ) ) ;
#1015 = ORIENTED_EDGE ( 'NONE', *, *, #1466, .T. ) ;
#1016 = CARTESIAN_POINT ( 'NONE',  ( 5.499000000000000554, 6.599999999999999645, 9.501000000000001222 ) ) ;
#1017 = CARTESIAN_POINT ( 'NONE',  ( 142.8875821356977838, -6.813013473116652285, -18.29908904332184960 ) ) ;
#1018 = CARTESIAN_POINT ( 'NONE',  ( 113.4957801935805719, 0.04838343781341995081, 1.272359936052005258 ) ) ;
#1019 = EDGE_CURVE ( 'NONE', #128, #2464, #5626, .T. ) ;
#1020 = CARTESIAN_POINT ( 'NONE',  ( 108.7484798366970153, 19.90795286626935123, -6.419958929150739735 ) ) ;
#1021 = CARTESIAN_POINT ( 'NONE',  ( 113.1489272563272124, 0.3153471055321725447, 7.930569828470680704 ) ) ;
#1022 = APPROVAL_STATUS ( 'not_yet_approved' ) ;
#1023 = CARTESIAN_POINT ( 'NONE',  ( 2.222152302202439866, 19.90404994759520108, 1.063966701603181964 ) ) ;
#1024 = EDGE_LOOP ( 'NONE', ( #6986, #1809, #5239, #6087 ) ) ;
#1025 = APPROVAL_PERSON_ORGANIZATION ( #7441, #2245, #7529 ) ;
#1026 = LINE ( 'NONE', #5483, #913 ) ;
#1027 = CARTESIAN_POINT ( 'NONE',  ( 108.0179463969815714, 0.2390665492965871886, 6.649938795300863070 ) ) ;
#1028 = CARTESIAN_POINT ( 'NONE',  ( 146.8717529685690408, 10.83231086912708463, -19.78653484407038121 ) ) ;
#1029 = CARTESIAN_POINT ( 'NONE',  ( 138.3759942795284132, 14.59817880926990163, 10.32801728545640074 ) ) ;
#1030 = EDGE_CURVE ( 'NONE', #656, #3988, #5170, .T. ) ;
#1031 = ORIENTED_EDGE ( 'NONE', *, *, #2154, .T. ) ;
#1032 = CARTESIAN_POINT ( 'NONE',  ( 128.7520521699045730, 18.12578080311619644, -6.825188821268341144 ) ) ;
#1033 = AXIS2_PLACEMENT_3D ( 'NONE', #2833, #1487, #2791 ) ;
#1034 = ORIENTED_EDGE ( 'NONE', *, *, #4542, .T. ) ;
#1035 = FACE_OUTER_BOUND ( 'NONE', #6411, .T. ) ;
#1036 = DIRECTION ( 'NONE',  ( 0.000000000000000000, -1.000000000000000000, 0.000000000000000000 ) ) ;
#1037 = DIRECTION ( 'NONE',  ( 0.000000000000000000, 1.000000000000000000, 0.000000000000000000 ) ) ;
#1038 = FACE_OUTER_BOUND ( 'NONE', #7804, .T. ) ;
#1039 = CARTESIAN_POINT ( 'NONE',  ( 8.000000000000000000, 13.40000000000000036, 7.000000000000000000 ) ) ;
#1040 = CARTESIAN_POINT ( 'NONE',  ( 62.00000000000000000, -30.00000000000000000, 0.000000000000000000 ) ) ;
#1041 = CARTESIAN_POINT ( 'NONE',  ( 2.561063397309609080, 0.02405878001602842695, 6.253462968017243107 ) ) ;
#1042 = ORIENTED_EDGE ( 'NONE', *, *, #37, .F. ) ;
#1043 = DIRECTION ( 'NONE',  ( 0.000000000000000000, 0.000000000000000000, 1.000000000000000000 ) ) ;
#1044 = AXIS2_PLACEMENT_3D ( 'NONE', #4397, #5693, #434 ) ;
#1045 = CARTESIAN_POINT ( 'NONE',  ( 125.6042084890084141, -1.649741895922674839, -11.79984876502056146 ) ) ;
#1046 = EDGE_CURVE ( 'NONE', #6977, #4055, #109, .T. ) ;
#1047 = DIRECTION ( 'NONE',  ( 0.000000000000000000, 0.000000000000000000, 1.000000000000000000 ) ) ;
#1048 = CARTESIAN_POINT ( 'NONE',  ( 0.000000000000000000, 1.000000000000000000, 4.000000000000000000 ) ) ;
#1049 = CARTESIAN_POINT ( 'NONE',  ( 110.1834106557370063, 0.04062809819006810153, -6.000602840071089794 ) ) ;
#1050 = COORDINATED_UNIVERSAL_TIME_OFFSET ( 2, 0, .AHEAD. ) ;
#1051 = ORIENTED_EDGE ( 'NONE', *, *, #614, .T. ) ;
#1052 = CARTESIAN_POINT ( 'NONE',  ( 148.7083515827920053, 9.501908822039649039, -15.15286556612324809 ) ) ;
#1053 = DIRECTION ( 'NONE',  ( 0.000000000000000000, 0.000000000000000000, -1.000000000000000000 ) ) ;
#1054 = CARTESIAN_POINT ( 'NONE',  ( 111.8449784407063419, 0.06283619751861098390, 0.6715172352166771663 ) ) ;
#1055 = AXIS2_PLACEMENT_3D ( 'NONE', #1482, #2700, #2660 ) ;
#1056 = CARTESIAN_POINT ( 'NONE',  ( 110.1929953962747959, 19.98747038457119984, 6.004091400336680096 ) ) ;
#1057 = DIRECTION ( 'NONE',  ( 0.000000000000000000, 1.000000000000000000, 0.000000000000000000 ) ) ;
#1059 = B_SPLINE_CURVE_WITH_KNOTS ( 'NONE', 3,
 ( #7812, #6386, #7180, #8270, #2515, #7056, #4456, #620, #704, #3225, #2059, #2017, #8310, #5798, #5161, #7729, #4584, #3185, #34, #1296, #3862, #744, #1971, #3308, #2678, #1421, #1879, #7855, #7940, #5290, #159, #6640 ),
 .UNSPECIFIED., .F., .F.,
 ( 4, 2, 2, 1, 1, 1, 1, 2, 2, 2, 1, 1, 1, 2, 2, 2, 1, 2, 2, 4 ),
 ( 0.000000000000000000, 0.2499999999996470601, 0.3749999999994710342, 0.4374999999993829936, 0.4687499999993273714, 0.4843749999993116062, 0.4921874999993160471, 0.4960937499993169353, 0.4999999999993178790, 0.6249999999994075850, 0.6874999999994594324, 0.7187499999994929611, 0.7343749999995098365, 0.7421874999995181632, 0.7499999999995266009, 0.8124999999996436184, 0.8437499999997021272, 0.8593749999997311040, 0.8749999999997600808, 1.000000000000000000 ),
 .UNSPECIFIED. ) ;
#1058 = PERSON_AND_ORGANIZATION ( #5375, #6038 ) ;
#1060 = CARTESIAN_POINT ( 'NONE',  ( 1.707106781187665234, 19.70710678118708259, -6.707106781186760180 ) ) ;
#1061 = ORIENTED_EDGE ( 'NONE', *, *, #2010, .T. ) ;
#1062 = DIRECTION ( 'NONE',  ( -0.9360434818771647958, 0.000000000000000000, -0.3518843560536241144 ) ) ;
#1063 = CARTESIAN_POINT ( 'NONE',  ( 110.5724320247780526, 0.3185307742908183859, 7.068552986484410106 ) ) ;
#1064 = CARTESIAN_POINT ( 'NONE',  ( 140.0897550185149782, 14.39177269174757789, -17.23847028861693076 ) ) ;
#1065 = DIRECTION ( 'NONE',  ( -0.03263195623215420921, 0.9994674359039732447, 0.000000000000000000 ) ) ;
#1066 = CARTESIAN_POINT ( 'NONE',  ( 126.9111323537902081, 17.49812758732330309, 6.155148804515810035 ) ) ;
#1067 = AXIS2_PLACEMENT_3D ( 'NONE', #5821, #3289, #1359 ) ;
#1068 = EDGE_LOOP ( 'NONE', ( #1455, #1960, #3713 ) ) ;
#1069 = CARTESIAN_POINT ( 'NONE',  ( 109.8236730192914052, 18.99993126322744885, 1.000000000000000000 ) ) ;
#1070 = AXIS2_PLACEMENT_3D ( 'NONE', #7096, #8309, #7768 ) ;
#1071 = ORIENTED_EDGE ( 'NONE', *, *, #6139, .F. ) ;
#1072 = CARTESIAN_POINT ( 'NONE',  ( 108.1955537137552028, 0.2580389558343950118, -6.673937513803440247 ) ) ;
#1073 = FACE_OUTER_BOUND ( 'NONE', #2374, .T. ) ;
#1074 = DIRECTION ( 'NONE',  ( 0.000000000000000000, -1.000000000000000000, 0.000000000000000000 ) ) ;
#1075 = VECTOR ( 'NONE', #3868, 1000.000000000000000 ) ;
#1076 = CARTESIAN_POINT ( 'NONE',  ( 139.8760168639846029, 14.32807068450977006, -18.23121218101670138 ) ) ;
#1077 = CARTESIAN_POINT ( 'NONE',  ( 109.7616122214479901, 19.99997726407969623, -1.000177236496400113 ) ) ;
#1078 = EDGE_CURVE ( 'NONE', #2259, #7818, #5297, .T. ) ;
#1079 = AXIS2_PLACEMENT_3D ( 'NONE', #816, #4061, #4136 ) ;
#1080 = FACE_OUTER_BOUND ( 'NONE', #1024, .T. ) ;
#1081 = ORIENTED_EDGE ( 'NONE', *, *, #5121, .F. ) ;
#1082 = VECTOR ( 'NONE', #510, 1000.000000000000000 ) ;
#1083 = CARTESIAN_POINT ( 'NONE',  ( 107.8302566377101925, 0.0006030513617402269216, -6.011876223126760621 ) ) ;
#1084 =( NAMED_UNIT ( * ) SI_UNIT ( $, .STERADIAN. ) SOLID_ANGLE_UNIT ( ) );
#1085 = ORIENTED_EDGE ( 'NONE', *, *, #73, .T. ) ;
#1086 = CARTESIAN_POINT ( 'NONE',  ( 148.4699908262100223, -9.886706654419153750, -18.62876897423653233 ) ) ;
#1087 = ORIENTED_EDGE ( 'NONE', *, *, #2590, .F. ) ;
#1088 = DIRECTION ( 'NONE',  ( 0.000000000000000000, 1.000000000000000000, 0.000000000000000000 ) ) ;
#1089 = CIRCLE ( 'NONE', #4458, 0.9999999999999998890 ) ;
#1090 = FACE_OUTER_BOUND ( 'NONE', #1212, .T. ) ;
#1091 = CARTESIAN_POINT ( 'NONE',  ( 8.000000000000000000, -7.810249675906650424, 9.501000000000001222 ) ) ;
#1092 = CARTESIAN_POINT ( 'NONE',  ( 111.2899086546131997, 0.06014573422837140443, -6.675693695609479228 ) ) ;
#1093 = EDGE_CURVE ( 'NONE', #2341, #7891, #2924, .T. ) ;
#1094 = CIRCLE ( 'NONE', #4326, 20.00000000000001066 ) ;
#1095 = PERSON_AND_ORGANIZATION ( #5375, #6038 ) ;
#1096 = EDGE_CURVE ( 'NONE', #4158, #1972, #5808, .T. ) ;
#1097 = ORIENTED_EDGE ( 'NONE', *, *, #2232, .T. ) ;
#1098 = CARTESIAN_POINT ( 'NONE',  ( 137.0000000000000000, 0.000000000000000000, 0.000000000000000000 ) ) ;
#1099 = CARTESIAN_POINT ( 'NONE',  ( 107.0853926465189971, 19.52760139026989705, 6.852309193250309960 ) ) ;
#1100 = DIRECTION ( 'NONE',  ( 0.000000000000000000, 0.000000000000000000, -1.000000000000000000 ) ) ;
#1101 = FACE_OUTER_BOUND ( 'NONE', #5759, .T. ) ;
#1102 = CARTESIAN_POINT ( 'NONE',  ( 149.6480442035778822, -8.081274705556770854, -15.49488570944896360 ) ) ;
#1103 = DATE_TIME_ROLE ( 'classification_date' ) ;
#1104 = CARTESIAN_POINT ( 'NONE',  ( 0.000000000000000000, 22.00000000000000000, -1.500000000000000000 ) ) ;
#1105 = ORIENTED_EDGE ( 'NONE', *, *, #8287, .T. ) ;
#1106 = CC_DESIGN_DATE_AND_TIME_ASSIGNMENT ( #1849, #1941, ( #350 ) ) ;
#1107 = CARTESIAN_POINT ( 'NONE',  ( 126.9999955605724011, -1.004005059776560183, 13.39076347046506044 ) ) ;
#1108 = CARTESIAN_POINT ( 'NONE',  ( 111.7263206301561240, 0.2449619154350310968, 7.293323075661729327 ) ) ;
#1109 = CARTESIAN_POINT ( 'NONE',  ( 5.500999999999999446, 0.000000000000000000, -12.00000000000000000 ) ) ;
#1110 = ADVANCED_FACE ( 'NONE', ( #1389 ), #3955, .T. ) ;
#1111 = CARTESIAN_POINT ( 'NONE',  ( 134.5000000000000000, -32.00100000000000477, 12.50000000000000000 ) ) ;
#1112 = CARTESIAN_POINT ( 'NONE',  ( 132.0634735079073607, 17.34962084999808596, 8.030447621404084302 ) ) ;
#1113 = AXIS2_PLACEMENT_3D ( 'NONE', #3482, #2186, #5968 ) ;
#1114 = ORIENTED_EDGE ( 'NONE', *, *, #8166, .F. ) ;
#1115 = CARTESIAN_POINT ( 'NONE',  ( 137.0000000000000000, 0.6999999999999999556, 11.50000000000000000 ) ) ;
#1116 = AXIS2_PLACEMENT_3D ( 'NONE', #196, #3944, #2135 ) ;
#1117 = EDGE_LOOP ( 'NONE', ( #8303, #4077, #6586, #1641 ) ) ;
#1118 = CARTESIAN_POINT ( 'NONE',  ( 113.3990003999760035, 18.89209477623894884, -8.277761672821089434 ) ) ;
#1119 = LINE ( 'NONE', #3684, #4932 ) ;
#1120 = DIRECTION ( 'NONE',  ( -0.3420201433257158974, 1.734723475976814983E-14, 0.9396926207858913305 ) ) ;
#1121 = CARTESIAN_POINT ( 'NONE',  ( 145.8088711969062388, 11.38078961454793614, -20.46153445452497976 ) ) ;
#1122 = CARTESIAN_POINT ( 'NONE',  ( 109.7616151436057663, 20.00015452572975150, 2.836473379097646221E-12 ) ) ;
#1123 = CARTESIAN_POINT ( 'NONE',  ( 113.0758263618076001, 19.23074448269149883, -8.097122786959161544 ) ) ;
#1124 = ORIENTED_EDGE ( 'NONE', *, *, #846, .T. ) ;
#1125 = SHAPE_REPRESENTATION_RELATIONSHIP ( 'NONE' , 'NONE' ,  #2148, #3871 ) ;
#1126 = ORIENTED_EDGE ( 'NONE', *, *, #6517, .T. ) ;
#1127 = CARTESIAN_POINT ( 'NONE',  ( 149.0503717261175893, 9.501908822039640157, -14.21317294533733921 ) ) ;
#1128 = ORIENTED_EDGE ( 'NONE', *, *, #7817, .F. ) ;
#1129 = AXIS2_PLACEMENT_3D ( 'NONE', #1922, #6929, #3685 ) ;
#1130 = DIRECTION ( 'NONE',  ( 2.312964634635744929E-16, -1.000000000000000000, 0.000000000000000000 ) ) ;
#1131 = AXIS2_PLACEMENT_3D ( 'NONE', #224, #3461, #811 ) ;
#1132 = DIRECTION ( 'NONE',  ( 0.9396926207859098712, 0.000000000000000000, -0.3420201433256648826 ) ) ;
#1133 = VECTOR ( 'NONE', #7914, 1000.000000000000000 ) ;
#1134 = DIRECTION ( 'NONE',  ( 0.000000000000000000, 0.000000000000000000, -1.000000000000000000 ) ) ;
#1135 = CARTESIAN_POINT ( 'NONE',  ( 109.6716086830159895, 0.04219303749817440025, -6.098828517639880431 ) ) ;
#1136 = EDGE_LOOP ( 'NONE', ( #3151, #7349 ) ) ;
#1137 = DATE_TIME_ROLE ( 'creation_date' ) ;
#1138 = EDGE_CURVE ( 'NONE', #2778, #3314, #167, .T. ) ;
#1139 = ORIENTED_EDGE ( 'NONE', *, *, #7616, .F. ) ;
#1140 = DIRECTION ( 'NONE',  ( 0.000000000000000000, -8.673617379884043361E-15, -1.000000000000000000 ) ) ;
#1141 = APPLICATION_CONTEXT ( 'configuration controlled 3d designs of mechanical parts and assemblies' ) ;
#1142 = CYLINDRICAL_SURFACE ( 'NONE', #7738, 1.000000000000000000 ) ;
#1143 = CARTESIAN_POINT ( 'NONE',  ( 110.1955940128197540, 0.006956536058653000135, 0.07119039866704848785 ) ) ;
#1144 = CYLINDRICAL_SURFACE ( 'NONE', #950, 1.000000000000000888 ) ;
#1145 = CARTESIAN_POINT ( 'NONE',  ( 108.5527980360356111, 19.88131869071855107, -6.474568174836770496 ) ) ;
#1146 = VECTOR ( 'NONE', #4813, 1000.000000000000000 ) ;
#1147 = CARTESIAN_POINT ( 'NONE',  ( 113.3261512223456009, 0.4044153264129084491, 8.077240354424411350 ) ) ;
#1148 = CALENDAR_DATE ( 2026, 3, 9 ) ;
#1149 = DIRECTION ( 'NONE',  ( -1.000000000000000000, 0.000000000000000000, 0.000000000000000000 ) ) ;
#1150 = ORIENTED_EDGE ( 'NONE', *, *, #2330, .F. ) ;
#1151 = CARTESIAN_POINT ( 'NONE',  ( 109.8236730192891883, 1.006450157371265863, 0.9999999999991679989 ) ) ;
#1152 = DIRECTION ( 'NONE',  ( -0.3518763205489063295, 0.006758014491651208148, -0.9360221067245655391 ) ) ;
#1153 = CARTESIAN_POINT ( 'NONE',  ( 8.000000000000000000, 1.000000000000000000, 7.000000000000000000 ) ) ;
#1154 = CARTESIAN_POINT ( 'NONE',  ( 148.4785644126784234, -8.058918236021860082, -18.60596247679835002 ) ) ;
#1155 = CARTESIAN_POINT ( 'NONE',  ( 128.5616867241700163, 17.14643179163000042, 6.755901465372049941 ) ) ;
#1156 = ORIENTED_EDGE ( 'NONE', *, *, #5860, .T. ) ;
#1157 = CARTESIAN_POINT ( 'NONE',  ( 137.0000000000000000, 8.000000000000000000, 3.000000000000000000 ) ) ;
#1158 = CC_DESIGN_APPROVAL ( #6414, ( #5576 ) ) ;
#1159 = ORIENTED_EDGE ( 'NONE', *, *, #676, .F. ) ;
#1160 = CARTESIAN_POINT ( 'NONE',  ( 110.0605733744355064, 0.3218146443649705923, 6.736425649670692906 ) ) ;
#1161 = ADVANCED_FACE ( 'NONE', ( #41 ), #7870, .F. ) ;
#1162 = LINE ( 'NONE', #7465, #5221 ) ;
#1163 = CARTESIAN_POINT ( 'NONE',  ( 109.7857490250056003, 0.004931087018762460132, 1.011213545331345998 ) ) ;
#1164 = CARTESIAN_POINT ( 'NONE',  ( 122.8888812823249879, 18.96145957469899912, -10.77509382763695989 ) ) ;
#1165 = CARTESIAN_POINT ( 'NONE',  ( 109.6360297657336673, 19.99999999999999645, -1.301042606982605124E-15 ) ) ;
#1166 = CARTESIAN_POINT ( 'NONE',  ( 106.5509448499524154, 19.24044558879500144, -6.971277641222980215 ) ) ;
#1167 = ORIENTED_EDGE ( 'NONE', *, *, #4845, .F. ) ;
#1168 = ORIENTED_EDGE ( 'NONE', *, *, #3609, .T. ) ;
#1169 = EDGE_LOOP ( 'NONE', ( #8095, #6207, #7069, #638, #3932 ) ) ;
#1170 = CARTESIAN_POINT ( 'NONE',  ( 109.8244100512911956, 19.99993095563820233, -1.000268257709596043 ) ) ;
#1171 = DIRECTION ( 'NONE',  ( 0.000000000000000000, 0.000000000000000000, 1.000000000000000000 ) ) ;
#1172 = CARTESIAN_POINT ( 'NONE',  ( 110.1834106557184043, 0.04062809819003854878, -6.000602840071009858 ) ) ;
#1173 = CARTESIAN_POINT ( 'NONE',  ( 123.3817524803966137, -0.2700084166964354382, -12.03056689737420015 ) ) ;
#1174 = B_SPLINE_CURVE_WITH_KNOTS ( 'NONE', 3,
 ( #505, #5181, #2615, #6403, #639, #5727, #1269, #6444, #3748, #6313, #6948, #2447, #3879, #6905, #4514 ),
 .UNSPECIFIED., .F., .F.,
 ( 4, 2, 1, 2, 2, 1, 1, 2, 4 ),
 ( 0.000000000000000000, 0.4999999999997369882, 0.5624999999997077893, 0.5703124999997092326, 0.5781249999997106759, 0.5937499999997131184, 0.6249999999997181144, 0.7499999999998121503, 1.000000000000000000 ),
 .UNSPECIFIED. ) ;
#1175 = CARTESIAN_POINT ( 'NONE',  ( 107.5272590959714023, 0.1593894470092659943, -6.555870718474150038 ) ) ;
#1176 = EDGE_LOOP ( 'NONE', ( #1511, #2967, #66, #3071 ) ) ;
#1177 = PERSON_AND_ORGANIZATION ( #4162, #3450 ) ;
#1178 = VECTOR ( 'NONE', #325, 1000.000000000000000 ) ;
#1179 = VERTEX_POINT ( 'NONE', #4822 ) ;
#1180 = CARTESIAN_POINT ( 'NONE',  ( 106.7544384682749978, 19.37277418918529648, 6.928085257171590072 ) ) ;
#1181 = CARTESIAN_POINT ( 'NONE',  ( 109.8244100512911956, 19.99993095563820233, 1.000268257709596043 ) ) ;
#1182 = CARTESIAN_POINT ( 'NONE',  ( 146.1837827940746024, 11.40329062421421824, 13.16981990019675841 ) ) ;
#1183 = EDGE_CURVE ( 'NONE', #3898, #7713, #2857, .T. ) ;
#1184 = CARTESIAN_POINT ( 'NONE',  ( 116.2842678241091932, 18.71753354562110161, -9.362428219809711294 ) ) ;
#1185 = LINE ( 'NONE', #555, #2850 ) ;
#1186 = DIRECTION ( 'NONE',  ( 0.000000000000000000, 1.000000000000000000, 0.000000000000000000 ) ) ;
#1187 = COORDINATED_UNIVERSAL_TIME_OFFSET ( 2, 0, .AHEAD. ) ;
#1188 = CARTESIAN_POINT ( 'NONE',  ( 4.217769985506373659E-12, 2.672760551479985924, -2.672760551479985924 ) ) ;
#1189 = EDGE_LOOP ( 'NONE', ( #5120, #3586, #5130, #3116, #786 ) ) ;
#1190 = CARTESIAN_POINT ( 'NONE',  ( 144.7702680567713287, -8.023363292457849738, 20.07109511667869128 ) ) ;
#1191 = PLANE ( 'NONE',  #468 ) ;
#1192 = DIRECTION ( 'NONE',  ( -0.9360434818771455889, 0.000000000000000000, 0.3518843560536759063 ) ) ;
#1193 = CARTESIAN_POINT ( 'NONE',  ( 8.000000000000000000, 19.00000000000000000, 7.000000000000000000 ) ) ;
#1194 = CARTESIAN_POINT ( 'NONE',  ( 0.7664982464877635460, 1.664198353237128947, -0.9961703417192336873 ) ) ;
#1195 = ORIENTED_EDGE ( 'NONE', *, *, #3563, .F. ) ;
#1196 = ADVANCED_FACE ( 'NONE', ( #286 ), #879, .T. ) ;
#1197 = CARTESIAN_POINT ( 'NONE',  ( 110.0000000000000000, 1.000000000000000000, 7.000000000000000000 ) ) ;
#1198 = APPROVAL_PERSON_ORGANIZATION ( #3625, #4571, #7493 ) ;
#1199 = ORIENTED_EDGE ( 'NONE', *, *, #6691, .T. ) ;
#1200 = CARTESIAN_POINT ( 'NONE',  ( 109.1737518888191971, 0.05080276667944089858, 6.195313776692080054 ) ) ;
#1201 = ADVANCED_FACE ( 'NONE', ( #5419 ), #7950, .T. ) ;
#1202 = CARTESIAN_POINT ( 'NONE',  ( 146.2823078705310138, 12.28717291877948092, -14.26985786784177890 ) ) ;
#1203 = CARTESIAN_POINT ( 'NONE',  ( 132.0000000000000000, 7.299999999999999822, 6.000000000000000000 ) ) ;
#1204 = B_SPLINE_CURVE_WITH_KNOTS ( 'NONE', 3,
 ( #198, #2765, #7937, #1586, #5328, #4698, #6715, #7261, #1504, #6638, #870, #2805, #5367, #7299, #1545, #4108, #6676, #3549, #3674, #2370, #3589, #6157, #1108, #6201, #4265, #6832, #477, #394, #1664, #4888, #3041, #1063, #2958, #3632, #3717, #5526, #8049, #2295, #5606, #4223, #6757, #990, #8168, #4972, #6241, #6121, #2412, #4354, #6877, #8128, #435, #352, #6796, #5447, #6918, #4927, #7498, #1698, #8012, #2921, #5484, #316, #4853, #1627, #7545, #1780, #8089, #1027, #2333 ),
 .UNSPECIFIED., .F., .F.,
 ( 4, 1, 1, 1, 1, 1, 2, 2, 2, 2, 1, 1, 1, 2, 2, 1, 1, 1, 1, 2, 2, 2, 2, 1, 1, 1, 1, 2, 2, 2, 2, 2, 2, 1, 1, 1, 2, 2, 2, 1, 1, 1, 1, 2, 2, 4 ),
 ( 0.000000000000000000, 0.03124999999996307815, 0.04687499999994045735, 0.05468749999993330335, 0.05859374999993395561, 0.06054687499993434419, 0.06152343749993036820, 0.06249999999992639221, 0.09374999999980378196, 0.1093749999997466749, 0.1171874999997181699, 0.1210937499997038896, 0.1230468749996967009, 0.1240234374996955075, 0.1249999999996943140, 0.1874999999997417344, 0.2187499999997654099, 0.2343749999997772615, 0.2421874999997872535, 0.2460937499997881972, 0.2499999999997891686, 0.3749999999997575273, 0.4374999999997374878, 0.4687499999997222777, 0.4843749999997089550, 0.4921874999997021827, 0.4960937499996987965, 0.4980468749996971867, 0.4999999999996955768, 0.5156249999997082334, 0.5234374999997145617, 0.5312499999997207789, 0.5624999999997172262, 0.5937499999997135625, 0.6093749999997117861, 0.6171874999997108979, 0.6210937499997103428, 0.6249999999997098987, 0.6874999999996650457, 0.7187499999996468381, 0.7343749999996377342, 0.7421874999996331823, 0.7460937499996308508, 0.7480468749996345146, 0.7499999999996381783, 1.000000000000000000 ),
 .UNSPECIFIED. ) ;
#1205 = CARTESIAN_POINT ( 'NONE',  ( 122.5373951735403182, 18.96308736944240181, -11.71314988312900240 ) ) ;
#1206 = FACE_OUTER_BOUND ( 'NONE', #664, .T. ) ;
#1207 = AXIS2_PLACEMENT_3D ( 'NONE', #1589, #6717, #3400 ) ;
#1208 = DIRECTION ( 'NONE',  ( 0.000000000000000000, 0.000000000000000000, 1.000000000000000000 ) ) ;
#1209 = ORIENTED_EDGE ( 'NONE', *, *, #355, .F. ) ;
#1210 = CIRCLE ( 'NONE', #3227, 2.500000000000000444 ) ;
#1211 = SHAPE_REPRESENTATION_RELATIONSHIP ( 'NONE' , 'NONE' ,  #2461, #455 ) ;
#1212 = EDGE_LOOP ( 'NONE', ( #6672, #4501, #4471, #1000, #1868, #6049 ) ) ;
#1213 = CARTESIAN_POINT ( 'NONE',  ( 113.1489272563272124, 0.3153471055321725447, 7.930569828470680704 ) ) ;
#1214 = ORIENTED_EDGE ( 'NONE', *, *, #4229, .T. ) ;
#1215 = CARTESIAN_POINT ( 'NONE',  ( 2.607305765700779876, 18.98710782321614943, -0.01933826517584500207 ) ) ;
#1216 = PLANE ( 'NONE',  #7316 ) ;
#1217 = AXIS2_PLACEMENT_3D ( 'NONE', #3173, #100, #1865 ) ;
#1218 = CC_DESIGN_DATE_AND_TIME_ASSIGNMENT ( #5822, #5228, ( #3487 ) ) ;
#1219 = AXIS2_PLACEMENT_3D ( 'NONE', #5300, #5382, #2108 ) ;
#1220 = CARTESIAN_POINT ( 'NONE',  ( 111.0725961365385217, 0.2426058115641763491, -7.080849401335407300 ) ) ;
#1221 = CARTESIAN_POINT ( 'NONE',  ( 143.4148550467310201, -6.162433999526959916, -19.56155828056839852 ) ) ;
#1222 = CARTESIAN_POINT ( 'NONE',  ( 112.5618952446802012, 0.1600202856360740111, -7.488364206805029788 ) ) ;
#1223 = ORIENTED_EDGE ( 'NONE', *, *, #4477, .F. ) ;
#1224 = ORIENTED_EDGE ( 'NONE', *, *, #1046, .F. ) ;
#1225 = CARTESIAN_POINT ( 'NONE',  ( 106.4381354882419970, 19.13900552161159752, 6.992700768108929488 ) ) ;
#1226 = CARTESIAN_POINT ( 'NONE',  ( 147.6447310595339957, 10.51517873611856047, 13.70156158262682133 ) ) ;
#1227 = DIRECTION ( 'NONE',  ( 1.000000000000000000, 0.000000000000000000, 0.000000000000000000 ) ) ;
#1228 = CARTESIAN_POINT ( 'NONE',  ( 8.572527594031391838E-17, 0.000000000000000000, -0.4499999999999869660 ) ) ;
#1229 = EDGE_CURVE ( 'NONE', #1972, #1702, #4864, .T. ) ;
#1230 = PERSON_AND_ORGANIZATION ( #5375, #6038 ) ;
#1231 = CARTESIAN_POINT ( 'NONE',  ( 0.6009994805188100253, 1.156359832361905982, -1.770906554907939912 ) ) ;
#1232 = EDGE_LOOP ( 'NONE', ( #245, #7743, #2556 ) ) ;
#1233 = EDGE_CURVE ( 'NONE', #3878, #2517, #6562, .T. ) ;
#1234 = AXIS2_PLACEMENT_3D ( 'NONE', #1893, #7741, #7028 ) ;
#1235 = CARTESIAN_POINT ( 'NONE',  ( 131.6716126695171738, -2.123869089878515304, 15.14695216248370002 ) ) ;
#1236 = CARTESIAN_POINT ( 'NONE',  ( 141.7855783206069873, 12.43480543382259995, 18.94906858035094643 ) ) ;
#1237 = CARTESIAN_POINT ( 'NONE',  ( 124.7993627741002030, -0.5433733857725580041, 12.56348539421000154 ) ) ;
#1238 = CARTESIAN_POINT ( 'NONE',  ( 106.3647230434517894, 0.9973943710621480108, 6.999996605343170586 ) ) ;
#1239 = CARTESIAN_POINT ( 'NONE',  ( 0.06971567312160376062, 2.565348637490952655, -2.348023190307798380 ) ) ;
#1240 = ADVANCED_FACE ( 'NONE', ( #1595 ), #4118, .T. ) ;
#1241 = ORIENTED_EDGE ( 'NONE', *, *, #3046, .F. ) ;
#1242 = CARTESIAN_POINT ( 'NONE',  ( 108.0557947735333073, 19.79645661604834928, -6.610678902281038383 ) ) ;
#1243 = ORIENTED_EDGE ( 'NONE', *, *, #1982, .F. ) ;
#1244 = CARTESIAN_POINT ( 'NONE',  ( 107.7632969587390050, 0.1254792596248122116, 6.487899235670510301 ) ) ;
#1245 = DIRECTION ( 'NONE',  ( 0.000000000000000000, 1.000000000000000000, 0.000000000000000000 ) ) ;
#1246 = DIRECTION ( 'NONE',  ( 0.000000000000000000, 1.000000000000000000, 0.000000000000000000 ) ) ;
#1247 = CARTESIAN_POINT ( 'NONE',  ( 146.1596007226632139, 11.37632723193604001, -19.51915414771615076 ) ) ;
#1248 = PRODUCT_DEFINITION_SHAPE ( 'NONE', 'NONE',  #8322 ) ;
#1249 = EDGE_CURVE ( 'NONE', #3187, #579, #7985, .T. ) ;
#1250 = CARTESIAN_POINT ( 'NONE',  ( 111.8904167829441292, 0.09217272888152151789, 7.051301234734316026 ) ) ;
#1251 = CIRCLE ( 'NONE', #7032, 1.000000000000000000 ) ;
#1252 = CARTESIAN_POINT ( 'NONE',  ( 109.7857490250056003, 0.004931087018762460132, -1.011213545331345998 ) ) ;
#1253 = ADVANCED_FACE ( 'NONE', ( #2188 ), #3523, .F. ) ;
#1254 = ORIENTED_EDGE ( 'NONE', *, *, #6635, .T. ) ;
#1255 = ORIENTED_EDGE ( 'NONE', *, *, #7924, .F. ) ;
#1256 = LINE ( 'NONE', #8234, #7325 ) ;
#1257 = APPLICATION_CONTEXT ( 'configuration controlled 3d designs of mechanical parts and assemblies' ) ;
#1258 = ORIENTED_EDGE ( 'NONE', *, *, #3826, .T. ) ;
#1259 = CARTESIAN_POINT ( 'NONE',  ( 1.807043109441084150, 18.83617270247898645, 0.2457398346229226205 ) ) ;
#1260 = VECTOR ( 'NONE', #3941, 1000.000000000000000 ) ;
#1261 = DIRECTION ( 'NONE',  ( -1.000000000000000000, 0.000000000000000000, 0.000000000000000000 ) ) ;
#1262 = EDGE_CURVE ( 'NONE', #3736, #3546, #7467, .T. ) ;
#1263 = B_SPLINE_CURVE_WITH_KNOTS ( 'NONE', 3,
 ( #289, #6920, #7458, #7500, #1154, #7589, #2859 ),
 .UNSPECIFIED., .F., .F.,
 ( 4, 3, 4 ),
 ( 0.000000000000000000, 0.002475004150950609917, 0.004989540081674220112 ),
 .UNSPECIFIED. ) ;
#1264 = CARTESIAN_POINT ( 'NONE',  ( 3.000000000000000000, 0.6999999999999999556, 14.00000000000000000 ) ) ;
#1265 = CARTESIAN_POINT ( 'NONE',  ( 108.6909356821985710, 0.2945919292722587457, -6.749446720249212106 ) ) ;
#1266 = CARTESIAN_POINT ( 'NONE',  ( 106.4619130033204044, 0.7321045113067560228, -6.963669145924929360 ) ) ;
#1267 = VERTEX_POINT ( 'NONE', #2895 ) ;
#1268 = ORIENTED_EDGE ( 'NONE', *, *, #6649, .T. ) ;
#1269 = CARTESIAN_POINT ( 'NONE',  ( 107.0827780588772669, 0.3940670795480682997, -6.795521199126079104 ) ) ;
#1270 = ADVANCED_FACE ( 'NONE', ( #1637 ), #405, .T. ) ;
#1271 = DIRECTION ( 'NONE',  ( 0.000000000000000000, -1.000000000000000000, 0.000000000000000000 ) ) ;
#1272 = CARTESIAN_POINT ( 'NONE',  ( 134.5000000000000000, -32.00100000000000477, 11.50000000000000000 ) ) ;
#1273 = CARTESIAN_POINT ( 'NONE',  ( 108.2251918912493949, 0.1577933916833069994, 6.520477781549899987 ) ) ;
#1274 = CARTESIAN_POINT ( 'NONE',  ( 113.0214302141565952, 20.00000000000000000, -2.163888435341485117 ) ) ;
#1275 = APPLICATION_PROTOCOL_DEFINITION ( 'international standard', 'config_control_design', 1994, #2013 ) ;
#1276 = LINE ( 'NONE', #3844, #3534 ) ;
#1277 = B_SPLINE_CURVE_WITH_KNOTS ( 'NONE', 3,
 ( #4742, #4071, #7302, #6759, #4664, #5330, #872, #1629, #2139, #6001, #7220, #5449, #1462, #2257, #4029 ),
 .UNSPECIFIED., .F., .F.,
 ( 4, 2, 2, 1, 1, 1, 2, 2, 4 ),
 ( 0.000000000000000000, 0.2500000000002511880, 0.3750000000003852474, 0.4375000000004523604, 0.4687500000004930500, 0.4843750000005065948, 0.4921875000005134781, 0.5000000000005203615, 1.000000000000000000 ),
 .UNSPECIFIED. ) ;
#1278 = ORIENTED_EDGE ( 'NONE', *, *, #1521, .T. ) ;
#1279 = DIRECTION ( 'NONE',  ( 0.000000000000000000, 0.000000000000000000, 1.000000000000000000 ) ) ;
#1280 = EDGE_CURVE ( 'NONE', #3906, #5167, #5456, .T. ) ;
#1281 = CARTESIAN_POINT ( 'NONE',  ( 142.1628724030612148, 13.35495175350344788, 19.09090374914495669 ) ) ;
#1282 = AXIS2_PLACEMENT_3D ( 'NONE', #8108, #3060, #7475 ) ;
#1283 = PLANE ( 'NONE',  #2291 ) ;
#1284 = CARTESIAN_POINT ( 'NONE',  ( 146.9526503818007654, -10.00000000000000000, 19.82318590585730078 ) ) ;
#1285 = DIRECTION ( 'NONE',  ( 0.000000000000000000, 0.000000000000000000, -1.000000000000000000 ) ) ;
#1286 = VERTEX_POINT ( 'NONE', #1001 ) ;
#1287 = CARTESIAN_POINT ( 'NONE',  ( 109.4880642933773203, 19.97266297053027984, -6.208737570001193973 ) ) ;
#1288 = VERTEX_POINT ( 'NONE', #6130 ) ;
#1289 = AXIS2_PLACEMENT_3D ( 'NONE', #7862, #4752, #6610 ) ;
#1290 = CARTESIAN_POINT ( 'NONE',  ( 107.8480093317014052, 0.1165687683464613905, 6.466355423406739966 ) ) ;
#1291 = CARTESIAN_POINT ( 'NONE',  ( 90.34702482936529577, 20.00000000000000000, -53.99610550642090345 ) ) ;
#1292 = CARTESIAN_POINT ( 'NONE',  ( 149.0591613974975758, -8.070034910900918845, 17.06152319187965105 ) ) ;
#1293 = FACE_OUTER_BOUND ( 'NONE', #1464, .T. ) ;
#1294 = DIRECTION ( 'NONE',  ( 0.000000000000000000, 0.000000000000000000, 1.000000000000000000 ) ) ;
#1295 = ADVANCED_FACE ( 'NONE', ( #1554 ), #6050, .T. ) ;
#1296 = CARTESIAN_POINT ( 'NONE',  ( 113.4717658293052125, 0.5515189822641529682, -8.220140647206925166 ) ) ;
#1297 = ADVANCED_FACE ( 'NONE', ( #362 ), #392, .T. ) ;
#1298 = ORIENTED_EDGE ( 'NONE', *, *, #7452, .T. ) ;
#1299 = ORIENTED_EDGE ( 'NONE', *, *, #7769, .F. ) ;
#1300 = CARTESIAN_POINT ( 'NONE',  ( 106.6931019404856045, 0.5578615807541179583, 6.897885040694729852 ) ) ;
#1301 = ORIENTED_EDGE ( 'NONE', *, *, #2218, .F. ) ;
#1302 = CARTESIAN_POINT ( 'NONE',  ( 0.7664982465317907723, 18.33580164680522273, 0.9961703416708344028 ) ) ;
#1303 = CARTESIAN_POINT ( 'NONE',  ( 110.5383357927647126, 19.97644874026518380, 6.264658056912898232 ) ) ;
#1304 = LOCAL_TIME ( 21, 5, 34.00000000000000000, #4511 ) ;
#1305 = DIRECTION ( 'NONE',  ( 0.000000000000000000, -1.000000000000000000, 0.000000000000000000 ) ) ;
#1306 = CARTESIAN_POINT ( 'NONE',  ( 137.3665077998884101, -3.719666483223814879, -17.28781906080894970 ) ) ;
#1307 = FACE_OUTER_BOUND ( 'NONE', #1860, .T. ) ;
#1308 = ORIENTED_EDGE ( 'NONE', *, *, #5479, .F. ) ;
#1309 = COORDINATED_UNIVERSAL_TIME_OFFSET ( 2, 0, .AHEAD. ) ;
#1310 = ORIENTED_EDGE ( 'NONE', *, *, #889, .F. ) ;
#1311 = EDGE_CURVE ( 'NONE', #3919, #35, #3191, .T. ) ;
#1312 = FACE_OUTER_BOUND ( 'NONE', #5074, .T. ) ;
#1313 = CARTESIAN_POINT ( 'NONE',  ( 113.4000119901292010, 18.89011469409170019, 8.278153100098899486 ) ) ;
#1314 = FACE_OUTER_BOUND ( 'NONE', #442, .T. ) ;
#1315 = CARTESIAN_POINT ( 'NONE',  ( 137.0000000000000000, 0.000000000000000000, 0.000000000000000000 ) ) ;
#1316 = CARTESIAN_POINT ( 'NONE',  ( 3.000000000000000000, 20.00000000000000000, 6.000000000000000000 ) ) ;
#1317 = VECTOR ( 'NONE', #6522, 1000.000000000000000 ) ;
#1318 = CALENDAR_DATE ( 2026, 3, 9 ) ;
#1319 = CARTESIAN_POINT ( 'NONE',  ( 2.129518763937356507, 0.5067490173290285504, 6.879437326935885721 ) ) ;
#1320 = ORIENTED_EDGE ( 'NONE', *, *, #5037, .F. ) ;
#1321 = PRODUCT_DEFINITION_SHAPE ( 'NONE', 'NONE',  #5576 ) ;
#1323 = CARTESIAN_POINT ( 'NONE',  ( 1.170030629533379996, 19.38532288021784922, 1.409784746521413945 ) ) ;
#1322 = AXIS2_PLACEMENT_3D ( 'NONE', #8225, #1746, #4406 ) ;
#1324 = CARTESIAN_POINT ( 'NONE',  ( 141.7597864662959921, 13.69198078186389900, 17.86677763690004994 ) ) ;
#1325 = CC_DESIGN_PERSON_AND_ORGANIZATION_ASSIGNMENT ( #5982, #6699, ( #7610 ) ) ;
#1326 = DIRECTION ( 'NONE',  ( 0.000000000000000000, 1.000000000000000000, 0.000000000000000000 ) ) ;
#1327 = ADVANCED_FACE ( 'NONE', ( #8268 ), #4623, .F. ) ;
#1328 = CARTESIAN_POINT ( 'NONE',  ( 3.035766082959410049E-15, 17.00000000000000000, -3.000000000000000000 ) ) ;
#1329 = CARTESIAN_POINT ( 'NONE',  ( -2.371692252311861607E-17, 2.918725188339308829, -2.878087782508960579 ) ) ;
#1330 = EDGE_LOOP ( 'NONE', ( #3460, #4727, #452, #4403, #4190, #4946 ) ) ;
#1331 = DIRECTION ( 'NONE',  ( 0.000000000000000000, -1.000000000000000000, 0.000000000000000000 ) ) ;
#1332 = ORIENTED_EDGE ( 'NONE', *, *, #3135, .F. ) ;
#1333 = CARTESIAN_POINT ( 'NONE',  ( 110.0550936014048773, 0.3491909021781475220, 6.763147697940251390 ) ) ;
#1334 = DIRECTION ( 'NONE',  ( 0.000000000000000000, 0.000000000000000000, 1.000000000000000000 ) ) ;
#1335 = CARTESIAN_POINT ( 'NONE',  ( 0.000000000000000000, 0.5000000000000109912, 0.000000000000000000 ) ) ;
#1336 = CARTESIAN_POINT ( 'NONE',  ( 0.000000000000000000, 0.000000000000000000, 0.000000000000000000 ) ) ;
#1337 = ORIENTED_EDGE ( 'NONE', *, *, #2609, .F. ) ;
#1338 = ORIENTED_EDGE ( 'NONE', *, *, #1466, .F. ) ;
#1339 = CARTESIAN_POINT ( 'NONE',  ( 106.9224361444716038, 0.4509841122198410268, 6.836829499159079226 ) ) ;
#1340 = ORIENTED_EDGE ( 'NONE', *, *, #3749, .F. ) ;
#1341 = DIRECTION ( 'NONE',  ( 1.000000000000000000, 0.000000000000000000, 0.000000000000000000 ) ) ;
#1342 = CARTESIAN_POINT ( 'NONE',  ( 108.1758737493371996, 19.81657835300244841, 6.577719845076910765 ) ) ;
#1343 = EDGE_CURVE ( 'NONE', #4589, #6161, #8101, .T. ) ;
#1344 =( GEOMETRIC_REPRESENTATION_CONTEXT ( 3 ) GLOBAL_UNCERTAINTY_ASSIGNED_CONTEXT ( ( #2302 ) ) GLOBAL_UNIT_ASSIGNED_CONTEXT ( ( #5710, #1882, #1930 ) ) REPRESENTATION_CONTEXT ( 'NONE', 'WORKASPACE' ) );
#1345 = CARTESIAN_POINT ( 'NONE',  ( 141.5563005192804269, 14.48115687849239919, 12.54973186505529981 ) ) ;
#1346 = FACE_OUTER_BOUND ( 'NONE', #2768, .T. ) ;
#1347 = CARTESIAN_POINT ( 'NONE',  ( 5.499000000000000554, 0.000000000000000000, 8.501000000000001222 ) ) ;
#1348 = CARTESIAN_POINT ( 'NONE',  ( 0.6342058179246286009, 19.19469759603799019, -6.194697596037999965 ) ) ;
#1349 = VERTEX_POINT ( 'NONE', #7896 ) ;
#1350 = DATE_TIME_ROLE ( 'classification_date' ) ;
#1351 = CIRCLE ( 'NONE', #7795, 0.9999999999999953371 ) ;
#1352 = ORIENTED_EDGE ( 'NONE', *, *, #663, .F. ) ;
#1353 = CIRCLE ( 'NONE', #5102, 20.00000000000001066 ) ;
#1354 = CIRCLE ( 'NONE', #406, 1.000000000000001332 ) ;
#1355 = DIRECTION ( 'NONE',  ( 0.000000000000000000, 0.000000000000000000, -1.000000000000000000 ) ) ;
#1356 = EDGE_CURVE ( 'NONE', #1475, #1179, #6149, .T. ) ;
#1357 = CARTESIAN_POINT ( 'NONE',  ( 110.2072625810630058, 19.98730930247020154, -6.004120626716900055 ) ) ;
#1358 = CARTESIAN_POINT ( 'NONE',  ( 110.9806022712094062, 0.3153562400187704950, 7.139500756336739862 ) ) ;
#1359 = DIRECTION ( 'NONE',  ( 0.000000000000000000, 0.000000000000000000, 1.000000000000000000 ) ) ;
#1360 = EDGE_CURVE ( 'NONE', #500, #674, #4412, .T. ) ;
#1361 = VECTOR ( 'NONE', #5773, 1000.000000000000000 ) ;
#1362 = CALENDAR_DATE ( 2026, 3, 9 ) ;
#1363 = CARTESIAN_POINT ( 'NONE',  ( 134.5000000000000000, 7.299999999999999822, 11.50000000000000000 ) ) ;
#1364 = ORIENTED_EDGE ( 'NONE', *, *, #4786, .F. ) ;
#1365 = DIRECTION ( 'NONE',  ( 1.000000000000000000, 0.000000000000000000, 0.000000000000000000 ) ) ;
#1366 = CIRCLE ( 'NONE', #5516, 20.00000000000000355 ) ;
#1367 = CARTESIAN_POINT ( 'NONE',  ( 132.8319408375579087, 16.53983647042880989, 15.58315126875051249 ) ) ;
#1368 = FACE_OUTER_BOUND ( 'NONE', #74, .T. ) ;
#1369 = CARTESIAN_POINT ( 'NONE',  ( 85.00000000000000000, 0.000000000000000000, 6.000000000000000000 ) ) ;
#1370 = CARTESIAN_POINT ( 'NONE',  ( 1.029550817969605570, 1.485204348250497741, -0.7278084949111099933 ) ) ;
#1371 = CIRCLE ( 'NONE', #7276, 1.000000000000000222 ) ;
#1372 = EDGE_LOOP ( 'NONE', ( #4316, #5531, #4546, #5354 ) ) ;
#1373 = DIRECTION ( 'NONE',  ( 0.000000000000000000, 1.000000000000000000, 0.000000000000000000 ) ) ;
#1374 = AXIS2_PLACEMENT_3D ( 'NONE', #4137, #3468, #7292 ) ;
#1375 = ORIENTED_EDGE ( 'NONE', *, *, #1557, .T. ) ;
#1376 = APPROVAL ( #3875, 'UNKNOWN' ) ;
#1377 = FACE_OUTER_BOUND ( 'NONE', #4826, .T. ) ;
#1378 = CARTESIAN_POINT ( 'NONE',  ( 5.500999999999999446, 6.599999999999999645, 9.501000000000001222 ) ) ;
#1379 = FACE_OUTER_BOUND ( 'NONE', #2008, .T. ) ;
#1380 = EDGE_CURVE ( 'NONE', #4372, #3094, #1590, .T. ) ;
#1381 = CARTESIAN_POINT ( 'NONE',  ( 111.6968018657955639, 0.07993145139153620682, 6.929217390781270858 ) ) ;
#1382 = CARTESIAN_POINT ( 'NONE',  ( 112.2065680289546066, 19.65673119014164882, -7.504734451826180042 ) ) ;
#1383 = ORIENTED_EDGE ( 'NONE', *, *, #4385, .T. ) ;
#1384 = EDGE_LOOP ( 'NONE', ( #7647, #5487, #6220, #5900 ) ) ;
#1385 = CARTESIAN_POINT ( 'NONE',  ( 109.6988632006815862, 19.99999998551244929, 1.000087881675149948 ) ) ;
#1386 = ORIENTED_EDGE ( 'NONE', *, *, #5132, .T. ) ;
#1387 = FACE_OUTER_BOUND ( 'NONE', #3949, .T. ) ;
#1388 =( BOUNDED_SURFACE ( )  B_SPLINE_SURFACE ( 3, 2, ( 
 ( #6203, #2668, #2544 ),
 ( #7130, #7719, #6460 ),
 ( #2049, #2504, #5696 ),
 ( #2628, #4616, #1238 ) ),
 .UNSPECIFIED., .F., .F., .T. ) 
 B_SPLINE_SURFACE_WITH_KNOTS ( ( 4, 4 ),
 ( 3, 3 ),
 ( 0.8283662775697300251, 0.8291187212665609430 ),
 ( 0.000000000000000000, 1.000000000000000000 ),
 .UNSPECIFIED. ) 
 GEOMETRIC_REPRESENTATION_ITEM ( )  RATIONAL_B_SPLINE_SURFACE ( (
 ( 1.000000000000000000, 0.9838809587234489396, 1.000000000000000000),
 ( 1.000000000000000000, 0.9838809587235159970, 1.000000000000000000),
 ( 1.000000000000000000, 0.9838806894920140156, 1.000000000000000000),
 ( 1.000000000000000000, 0.9838801513219820327, 1.000000000000000000) ) ) 
 REPRESENTATION_ITEM ( '' )  SURFACE ( )  );
#1389 = FACE_OUTER_BOUND ( 'NONE', #4612, .T. ) ;
#1390 = CARTESIAN_POINT ( 'NONE',  ( 149.2570228453243999, 10.31374609175085943, 15.35256557408235167 ) ) ;
#1391 = EDGE_CURVE ( 'NONE', #3343, #6645, #8172, .T. ) ;
#1392 = CARTESIAN_POINT ( 'NONE',  ( 109.6360297657336673, 19.00000000000000000, 0.000000000000000000 ) ) ;
#1393 = FACE_OUTER_BOUND ( 'NONE', #108, .T. ) ;
#1394 = CARTESIAN_POINT ( 'NONE',  ( 106.6931019404616166, 0.5578615807539689664, -6.897885040694640146 ) ) ;
#1395 = ADVANCED_FACE ( 'NONE', ( #1293 ), #5327, .T. ) ;
#1396 = ORIENTED_EDGE ( 'NONE', *, *, #4988, .F. ) ;
#1397 = PERSON_AND_ORGANIZATION_ROLE ( 'classification_officer' ) ;
#1398 = DIRECTION ( 'NONE',  ( -0.9994674359039734668, -0.03263195623214619479, 0.000000000000000000 ) ) ;
#1399 = CARTESIAN_POINT ( 'NONE',  ( 116.8646542981259984, 0.8912261297998530507, -2.498529833045440185 ) ) ;
#1400 = CARTESIAN_POINT ( 'NONE',  ( 110.2072444413037431, 19.98570715460142821, -6.392953943413510309 ) ) ;
#1401 = VECTOR ( 'NONE', #8138, 1000.000000000000000 ) ;
#1402 = CARTESIAN_POINT ( 'NONE',  ( 0.02743338834341057034, 17.40657401182939523, -2.729029463148187062 ) ) ;
#1403 = ADVANCED_FACE ( 'NONE', ( #1379 ), #3984, .T. ) ;
#1404 = LINE ( 'NONE', #2078, #4044 ) ;
#1405 = COORDINATED_UNIVERSAL_TIME_OFFSET ( 2, 0, .AHEAD. ) ;
#1406 = DIRECTION ( 'NONE',  ( 0.9870644848500210733, 0.09942777054401050196, 0.1257689198188891855 ) ) ;
#1407 = ORIENTED_EDGE ( 'NONE', *, *, #4786, .T. ) ;
#1408 = CARTESIAN_POINT ( 'NONE',  ( 4.217769985503176412E-12, 17.32723944852072506, 2.672760551480239055 ) ) ;
#1409 = CARTESIAN_POINT ( 'NONE',  ( 139.3960761465611427, -5.340902564723052137, 16.98607891899609257 ) ) ;
#1410 = CARTESIAN_POINT ( 'NONE',  ( 142.7241464687759276, -5.827574054306564832, 11.91061525640120067 ) ) ;
#1411 = FACE_OUTER_BOUND ( 'NONE', #5883, .T. ) ;
#1412 = DIRECTION ( 'NONE',  ( 0.000000000000000000, 0.000000000000000000, 1.000000000000000000 ) ) ;
#1413 = ORIENTED_EDGE ( 'NONE', *, *, #1861, .F. ) ;
#1414 = DIRECTION ( 'NONE',  ( 0.000000000000000000, 1.000000000000000000, 0.000000000000000000 ) ) ;
#1415 = VERTEX_POINT ( 'NONE', #7727 ) ;
#1416 = CARTESIAN_POINT ( 'NONE',  ( 148.7083515827920053, -8.081274705556781512, -15.15286556612324809 ) ) ;
#1417 = EDGE_CURVE ( 'NONE', #3094, #265, #2661, .T. ) ;
#1418 = DIRECTION ( 'NONE',  ( 0.000000000000000000, -1.000000000000000000, 0.000000000000000000 ) ) ;
#1419 = FACE_OUTER_BOUND ( 'NONE', #3186, .T. ) ;
#1420 = FACE_OUTER_BOUND ( 'NONE', #7296, .T. ) ;
#1421 = CARTESIAN_POINT ( 'NONE',  ( 113.5093927304516797, 0.6972357169196271576, -8.287735424898651004 ) ) ;
#1422 = VERTEX_POINT ( 'NONE', #3859 ) ;
#1423 = CIRCLE ( 'NONE', #1282, 1.249999999999999334 ) ;
#1424 = VERTEX_POINT ( 'NONE', #155 ) ;
#1425 = EDGE_CURVE ( 'NONE', #2422, #5414, #3733, .T. ) ;
#1426 = CARTESIAN_POINT ( 'NONE',  ( 109.8244100512911956, 19.99993095563820233, 1.000268257709596043 ) ) ;
#1427 = ORIENTED_EDGE ( 'NONE', *, *, #7588, .T. ) ;
#1428 = CARTESIAN_POINT ( 'NONE',  ( 0.8464159169627017976, 0.9114099664996294647, 1.607615524085430847 ) ) ;
#1429 = CARTESIAN_POINT ( 'NONE',  ( 110.0654768196395992, 19.81150903488754267, 6.621438597852423946 ) ) ;
#1430 = FACE_OUTER_BOUND ( 'NONE', #6853, .T. ) ;
#1431 = CARTESIAN_POINT ( 'NONE',  ( 0.000000000000000000, 20.00000000000000000, 0.000000000000000000 ) ) ;
#1432 = DIRECTION ( 'NONE',  ( 1.000000000000000000, 0.000000000000000000, 0.000000000000000000 ) ) ;
#1433 = CARTESIAN_POINT ( 'NONE',  ( 112.7482922127012017, 0.1921497078553044968, -7.624215221102669915 ) ) ;
#1434 = EDGE_LOOP ( 'NONE', ( #2389, #4124, #822, #3448 ) ) ;
#1435 =( BOUNDED_SURFACE ( )  B_SPLINE_SURFACE ( 3, 2, ( 
 ( #5411, #2676, #7218 ),
 ( #5914, #2179, #2846 ),
 ( #6594, #156, #6041 ),
 ( #5959, #2095, #7178 ) ),
 .UNSPECIFIED., .F., .F., .F. ) 
 B_SPLINE_SURFACE_WITH_KNOTS ( ( 4, 4 ),
 ( 3, 3 ),
 ( 0.06123577898449950041, 0.06622534749146000155 ),
 ( 0.000000000000000000, 1.000000000000000000 ),
 .UNSPECIFIED. ) 
 GEOMETRIC_REPRESENTATION_ITEM ( )  RATIONAL_B_SPLINE_SURFACE ( (
 ( 1.000000000000000000, 0.8899020922807560074, 1.000000000000000000),
 ( 1.000000000000000000, 0.8897000029666090049, 1.000000000000000000),
 ( 1.000000000000000000, 0.8894980930780710393, 1.000000000000000000),
 ( 1.000000000000000000, 0.8892963656938309702, 1.000000000000000000) ) ) 
 REPRESENTATION_ITEM ( '' )  SURFACE ( )  );
#1436 = APPROVAL_PERSON_ORGANIZATION ( #4837, #6358, #4914 ) ;
#1437 = CARTESIAN_POINT ( 'NONE',  ( 113.4025365627669970, 0.9635178464147389210, -8.279106591220848799 ) ) ;
#1438 = CARTESIAN_POINT ( 'NONE',  ( 136.0862288827779878, -3.790965350072580176, -10.55878861006891967 ) ) ;
#1439 = CARTESIAN_POINT ( 'NONE',  ( 108.6118265600326254, 19.73561639429408743, 6.677398598364996829 ) ) ;
#1440 = CARTESIAN_POINT ( 'NONE',  ( 0.007317931765822332374, 17.22852720650401182, -2.847760607153046575 ) ) ;
#1441 = CARTESIAN_POINT ( 'NONE',  ( 147.8886938636780144, 9.539544568843160377, -20.17507026191099939 ) ) ;
#1442 = PERSON_AND_ORGANIZATION ( #5375, #6038 ) ;
#1443 = CARTESIAN_POINT ( 'NONE',  ( 1.170030629533429956, 1.409784746521413945, -0.6146771197821209176 ) ) ;
#1444 = ORIENTED_EDGE ( 'NONE', *, *, #8072, .T. ) ;
#1445 = CARTESIAN_POINT ( 'NONE',  ( 3.035766082959410049E-15, 3.000000000000000000, 3.000000000000000000 ) ) ;
#1446 = CARTESIAN_POINT ( 'NONE',  ( 1.371507409466808491, 19.55121800784492692, 0.4487819921551701730 ) ) ;
#1447 = ADVANCED_FACE ( 'NONE', ( #5287 ), #1968, .T. ) ;
#1448 = CARTESIAN_POINT ( 'NONE',  ( 129.4773802264431879, 16.37637832760499990, 14.32208015043270066 ) ) ;
#1449 = FACE_BOUND ( 'NONE', #4667, .T. ) ;
#1450 = VECTOR ( 'NONE', #6070, 1000.000000000000000 ) ;
#1451 = CARTESIAN_POINT ( 'NONE',  ( 110.1282925437892999, 19.94117270497385519, -6.331385666429296677 ) ) ;
#1452 = CARTESIAN_POINT ( 'NONE',  ( 85.00000000000000000, -5.000000000000000000, 0.000000000000000000 ) ) ;
#1453 = EDGE_LOOP ( 'NONE', ( #4817, #1754 ) ) ;
#1454 = CARTESIAN_POINT ( 'NONE',  ( 146.1837827940746024, 11.40329062421421824, -13.16981990019675841 ) ) ;
#1455 = ORIENTED_EDGE ( 'NONE', *, *, #614, .F. ) ;
#1456 = VECTOR ( 'NONE', #7737, 1000.000000000000000 ) ;
#1457 = CARTESIAN_POINT ( 'NONE',  ( 147.0310734038515932, -8.900913166292959033, 18.08194825276470041 ) ) ;
#1458 = DIRECTION ( 'NONE',  ( 0.7628774916261612526, -0.5838837619837620174, -0.2776646993441300726 ) ) ;
#1459 = CARTESIAN_POINT ( 'NONE',  ( 147.8503526955332177, 10.34512460394769917, 19.08952897585129804 ) ) ;
#1460 = PERSON ( 'NAUO-PER5', 'UNSPECIFIED', 'UNSPECIFIED', ('UNSPECIFIED'), ('UNSPECIFIED'), ('UNSPECIFIED') ) ;
#1461 = DIRECTION ( 'NONE',  ( 0.000000000000000000, -1.000000000000000000, 0.000000000000000000 ) ) ;
#1462 = CARTESIAN_POINT ( 'NONE',  ( 109.3954123553173332, 0.04469980703106994635, -6.151719674185654796 ) ) ;
#1463 = ADVANCED_FACE ( 'NONE', ( #702 ), #5837, .T. ) ;
#1464 = EDGE_LOOP ( 'NONE', ( #8115, #5096, #7263, #17, #7773, #1005, #160, #5873 ) ) ;
#1465 = ORIENTED_EDGE ( 'NONE', *, *, #5628, .F. ) ;
#1466 = EDGE_CURVE ( 'NONE', #2475, #1972, #928, .T. ) ;
#1467 = CARTESIAN_POINT ( 'NONE',  ( 118.8561700695520642, 19.48669079827854134, 9.259716061229203987 ) ) ;
#1468 = ORIENTED_EDGE ( 'NONE', *, *, #3856, .F. ) ;
#1469 = DIRECTION ( 'NONE',  ( 0.9994674359039732447, 0.03263195623215420921, 0.000000000000000000 ) ) ;
#1470 = CARTESIAN_POINT ( 'NONE',  ( 110.8754968782176036, 19.94632634233025215, 6.518905655226950202 ) ) ;
#1471 = DIRECTION ( 'NONE',  ( 0.000000000000000000, 0.000000000000000000, -1.000000000000000000 ) ) ;
#1472 = CARTESIAN_POINT ( 'NONE',  ( 123.4378633101955955, 17.72107563361539917, 12.05166049355183944 ) ) ;
#1473 = DIRECTION ( 'NONE',  ( 0.000000000000000000, 0.000000000000000000, -1.000000000000000000 ) ) ;
#1474 = CARTESIAN_POINT ( 'NONE',  ( 106.9224361444776008, 0.4509841122191320384, -6.836829499158569412 ) ) ;
#1475 = VERTEX_POINT ( 'NONE', #7809 ) ;
#1476 = CC_DESIGN_PERSON_AND_ORGANIZATION_ASSIGNMENT ( #2757, #905, ( #6305 ) ) ;
#1477 = CARTESIAN_POINT ( 'NONE',  ( 115.8828597246832430, -0.1728598262885265857, -9.211527932291682319 ) ) ;
#1478 = CARTESIAN_POINT ( 'NONE',  ( 137.0000000000000000, 8.000000000000000000, 6.000000000000000000 ) ) ;
#1479 = CARTESIAN_POINT ( 'NONE',  ( 148.7083515827920053, -8.081274705556770854, 15.15286556612324809 ) ) ;
#1480 = CARTESIAN_POINT ( 'NONE',  ( 1.193252742318890780, 19.40361602174971267, -1.397799716923901148 ) ) ;
#1481 = VECTOR ( 'NONE', #8300, 1000.000000000000000 ) ;
#1482 = CARTESIAN_POINT ( 'NONE',  ( 5.500000000000000000, 0.000000000000000000, 11.50000000000000000 ) ) ;
#1483 = APPROVAL_STATUS ( 'not_yet_approved' ) ;
#1484 = AXIS2_PLACEMENT_3D ( 'NONE', #1737, #8090, #991 ) ;
#1485 = DIRECTION ( 'NONE',  ( 0.000000000000000000, 0.000000000000000000, -1.000000000000000000 ) ) ;
#1486 = ORIENTED_EDGE ( 'NONE', *, *, #8134, .F. ) ;
#1487 = DIRECTION ( 'NONE',  ( -3.052279086265420196E-15, 1.000000000000000000, -8.673617379884030739E-15 ) ) ;
#1488 = AXIS2_PLACEMENT_3D ( 'NONE', #2777, #2149, #4716 ) ;
#1489 = CARTESIAN_POINT ( 'NONE',  ( 148.5524666665537836, 10.32947824558490169, -17.22429020410019973 ) ) ;
#1490 = CARTESIAN_POINT ( 'NONE',  ( 122.3812018429992037, 17.97426856483479796, 11.65443253657117850 ) ) ;
#1491 = AXIS2_PLACEMENT_3D ( 'NONE', #4962, #6233, #8119 ) ;
#1492 = CARTESIAN_POINT ( 'NONE',  ( 118.1162129850663973, -0.2478815997111560310, 4.018237714012370176 ) ) ;
#1493 = CIRCLE ( 'NONE', #5387, 1.000000000000000000 ) ;
#1494 = DIRECTION ( 'NONE',  ( -0.3420201433254610457, 4.890320548438850633E-15, 0.9396926207859841451 ) ) ;
#1495 = FACE_OUTER_BOUND ( 'NONE', #1434, .T. ) ;
#1496 = CARTESIAN_POINT ( 'NONE',  ( 557.7572832678162058, 895.9560692359273162, 1308.160769518145344 ) ) ;
#1497 = EDGE_LOOP ( 'NONE', ( #293, #6188, #5024, #201 ) ) ;
#1498 = ADVANCED_FACE ( 'NONE', ( #2136 ), #2973, .T. ) ;
#1499 = DIRECTION ( 'NONE',  ( 0.000000000000000000, 0.000000000000000000, -1.000000000000000000 ) ) ;
#1500 = ORIENTED_EDGE ( 'NONE', *, *, #7358, .F. ) ;
#1501 = VECTOR ( 'NONE', #5429, 1000.000000000000000 ) ;
#1502 = DIRECTION ( 'NONE',  ( -1.719089139163134901E-31, 1.000000000000000000, -3.469446951953610245E-16 ) ) ;
#1503 = DIRECTION ( 'NONE',  ( -1.000000000000000000, -1.734723475976805517E-15, 0.000000000000000000 ) ) ;
#1504 = CARTESIAN_POINT ( 'NONE',  ( 112.2618626454378301, 0.1917587891279137202, 7.412546378769784283 ) ) ;
#1505 = CARTESIAN_POINT ( 'NONE',  ( 0.000000000000000000, 19.75000000000000000, 0.000000000000000000 ) ) ;
#1506 = CLOSED_SHELL ( 'NONE', ( #506, #5818, #7048, #7895, #6940, #1530, #4751, #2942, #8024, #5754, #3825, #2529, #1240, #1395, #7875, #415, #1270, #3256, #3979, #5363, #4210, #4924, #2852, #3861, #5303, #2889, #8035, #8110, #764, #2416, #4038, #7063, #5825, #6872, #6010, #1297, #8097, #7504, #225, #3295, #4881, #1970, #1463, #3147, #800, #5723, #1196, #6695, #5079, #2908, #2503, #2480, #7714, #5358, #778, #6723, #4660, #3737, #7080, #1253, #7944, #6538, #3494, #8182, #5084, #3099, #6989, #1980, #5716, #6470, #4250, #8082, #503, #6024, #6959 ) ) ;
#1507 = LINE ( 'NONE', #4189, #6051 ) ;
#1508 = AXIS2_PLACEMENT_3D ( 'NONE', #2324, #684, #7665 ) ;
#1509 = ORIENTED_EDGE ( 'NONE', *, *, #6706, .T. ) ;
#1510 = CARTESIAN_POINT ( 'NONE',  ( 130.8296947687637726, 17.15212823965316602, 13.75952478551895197 ) ) ;
#1511 = ORIENTED_EDGE ( 'NONE', *, *, #476, .F. ) ;
#1512 = ORIENTED_EDGE ( 'NONE', *, *, #2293, .F. ) ;
#1513 = CARTESIAN_POINT ( 'NONE',  ( 109.0526039926258051, 19.93996183596104999, 6.333903487722399639 ) ) ;
#1514 = PRODUCT ( 'Pin ochelari de la Raul', 'Pin ochelari de la Raul', '', ( #6237 ) ) ;
#1515 = EDGE_CURVE ( 'NONE', #5765, #3971, #8155, .T. ) ;
#1516 = DIRECTION ( 'NONE',  ( -1.734723475976805122E-15, -1.000000000000000000, -6.104220532753050132E-16 ) ) ;
#1517 = CARTESIAN_POINT ( 'NONE',  ( 133.3157078494566008, 15.37399119445819906, 15.76501252494010075 ) ) ;
#1518 = DIRECTION ( 'NONE',  ( 0.000000000000000000, 0.000000000000000000, 1.000000000000000000 ) ) ;
#1519 = CARTESIAN_POINT ( 'NONE',  ( 113.3592117937571970, 18.96997666359247603, -8.262366013874954618 ) ) ;
#1520 = EDGE_LOOP ( 'NONE', ( #699, #7022, #7268, #5407 ) ) ;
#1521 = EDGE_CURVE ( 'NONE', #5590, #3693, #2016, .T. ) ;
#1522 = CARTESIAN_POINT ( 'NONE',  ( 109.9707644902420753, 19.39482055758375623, 6.972753368776155369 ) ) ;
#1523 = B_SPLINE_CURVE_WITH_KNOTS ( 'NONE', 3,
 ( #890, #3373, #760, #2741, #5937, #7872, #4759, #5856, #3326, #4048, #2782, #1524, #5894, #1567 ),
 .UNSPECIFIED., .F., .F.,
 ( 4, 2, 2, 2, 2, 2, 4 ),
 ( 0.000000000000000000, 0.2500000000000002776, 0.3750000000000002776, 0.5000000000000004441, 0.7499999999999998890, 0.8750000000000000000, 1.000000000000000000 ),
 .UNSPECIFIED. ) ;
#1524 = CARTESIAN_POINT ( 'NONE',  ( 107.9930992962531917, 19.77967407800110067, 6.626887559265900229 ) ) ;
#1525 = CARTESIAN_POINT ( 'NONE',  ( 3.000000000000000000, 0.000000000000000000, 3.000000000000000000 ) ) ;
#1526 = CARTESIAN_POINT ( 'NONE',  ( 0.04517654503221116974, 17.51877971485012964, -2.654152562766856960 ) ) ;
#1527 = CIRCLE ( 'NONE', #47, 0.9999999999999997780 ) ;
#1528 = CARTESIAN_POINT ( 'NONE',  ( 0.000000000000000000, 20.00000000000000000, 0.000000000000000000 ) ) ;
#1529 = PERSON_AND_ORGANIZATION ( #5375, #6038 ) ;
#1530 = ADVANCED_FACE ( 'NONE', ( #4185 ), #908, .T. ) ;
#1531 = CARTESIAN_POINT ( 'NONE',  ( 0.04947040167621202800, 17.36171594052181533, 2.457426081902598369 ) ) ;
#1532 = ORIENTED_EDGE ( 'NONE', *, *, #5593, .T. ) ;
#1533 = DIRECTION ( 'NONE',  ( 0.000000000000000000, -1.000000000000000000, 0.000000000000000000 ) ) ;
#1534 = AXIS2_PLACEMENT_3D ( 'NONE', #7889, #6547, #866 ) ;
#1535 = CARTESIAN_POINT ( 'NONE',  ( 143.7276664538474620, -7.250199029852017141, 18.61576832164535844 ) ) ;
#1536 =( BOUNDED_SURFACE ( )  B_SPLINE_SURFACE ( 3, 2, ( 
 ( #6569, #3370, #5935 ),
 ( #175, #5977, #2740 ),
 ( #7235, #1477, #4046 ),
 ( #2153, #6617, #416 ),
 ( #4830, #8069, #1718 ),
 ( #5503, #6734, #1045 ),
 ( #4126, #969, #2195 ),
 ( #457, #6177, #3608 ),
 ( #4161, #3531, #3656 ),
 ( #2233, #6693, #3021 ),
 ( #1680, #4245, #1006 ),
 ( #7957, #5465, #4795 ),
 ( #1565, #6854, #7360 ),
 ( #8029, #2313, #6101 ),
 ( #926, #7477, #4871 ),
 ( #2981, #7436, #6776 ),
 ( #5543, #4288, #2935 ),
 ( #3493, #333, #4758 ) ),
 .UNSPECIFIED., .F., .F., .F. ) 
 B_SPLINE_SURFACE_WITH_KNOTS ( ( 4, 2, 2, 2, 2, 2, 2, 2, 4 ),
 ( 3, 3 ),
 ( 0.01552918596574289975, 0.02578514374002759818, 0.03091312262716999770, 0.03604110151431234865, 0.04116908040145469960, 0.04629705928859709912, 0.05142503817573940150, 0.05398902761931060473, 0.05655301706288179409 ),
 ( 0.000000000000000000, 1.000000000000000000 ),
 .UNSPECIFIED. ) 
 GEOMETRIC_REPRESENTATION_ITEM ( )  RATIONAL_B_SPLINE_SURFACE ( (
 ( 1.000000000000000000, 0.7070871342028639539, 1.000000000000000000),
 ( 1.000000000000000000, 0.7072707828166340249, 1.000000000000000000),
 ( 1.000000000000000000, 0.7074334914675699526, 1.000000000000000000),
 ( 1.000000000000000000, 0.7076381929785200420, 1.000000000000000000),
 ( 1.000000000000000000, 0.7076999331583430086, 1.000000000000000000),
 ( 1.000000000000000000, 0.7078101089520459910, 1.000000000000000000),
 ( 1.000000000000000000, 0.7078584865175669982, 1.000000000000000000),
 ( 1.000000000000000000, 0.7079417744113960520, 1.000000000000000000),
 ( 1.000000000000000000, 0.7079697970096819892, 1.000000000000000000),
 ( 1.000000000000000000, 0.7080441099871690458, 1.000000000000000000),
 ( 1.000000000000000000, 0.7081107948226209592, 1.000000000000000000),
 ( 1.000000000000000000, 0.7083024677715750173, 1.000000000000000000),
 ( 1.000000000000000000, 0.7084278470288210006, 1.000000000000000000),
 ( 1.000000000000000000, 0.7086570738760470389, 1.000000000000000000),
 ( 1.000000000000000000, 0.7087404482372600123, 1.000000000000000000),
 ( 1.000000000000000000, 0.7089180644272330412, 1.000000000000000000),
 ( 1.000000000000000000, 0.7090114343028910415, 1.000000000000000000),
 ( 1.000000000000000000, 0.7091071374825890228, 1.000000000000000000) ) ) 
 REPRESENTATION_ITEM ( '' )  SURFACE ( )  );
#1537 = DIRECTION ( 'NONE',  ( 0.000000000000000000, 0.7071067811865460184, 0.7071067811865489050 ) ) ;
#1538 = CARTESIAN_POINT ( 'NONE',  ( 111.0423828738414045, 19.92610197482429868, -6.644520109269659081 ) ) ;
#1539 = CARTESIAN_POINT ( 'NONE',  ( 149.6480442035779390, 9.501908822039641933, 15.49488570944884813 ) ) ;
#1540 = DIRECTION ( 'NONE',  ( 0.000000000000000000, -1.000000000000000000, 0.000000000000000000 ) ) ;
#1541 = VECTOR ( 'NONE', #7554, 1000.000000000000000 ) ;
#1542 = ORIENTED_EDGE ( 'NONE', *, *, #6855, .T. ) ;
#1543 = CARTESIAN_POINT ( 'NONE',  ( 62.00000000000000000, -30.00000000000000000, 6.000000000000000000 ) ) ;
#1544 = AXIS2_PLACEMENT_3D ( 'NONE', #1576, #7288, #2164 ) ;
#1545 = CARTESIAN_POINT ( 'NONE',  ( 112.0646550357907358, 0.2125744012463860189, 7.367584893247094868 ) ) ;
#1546 = DIRECTION ( 'NONE',  ( -1.000000000000000000, -1.734723475976805517E-15, 0.000000000000000000 ) ) ;
#1547 = AXIS2_PLACEMENT_3D ( 'NONE', #6992, #6361, #7618 ) ;
#1548 = CARTESIAN_POINT ( 'NONE',  ( 5.499000000000000554, 20.00000000000000000, -12.00000000000000000 ) ) ;
#1549 = ORIENTED_EDGE ( 'NONE', *, *, #1096, .F. ) ;
#1550 = DIRECTION ( 'NONE',  ( -0.3420201433255969370, 1.561251128379140584E-14, -0.9396926207859345181 ) ) ;
#1551 = ORIENTED_EDGE ( 'NONE', *, *, #2633, .F. ) ;
#1552 = DIRECTION ( 'NONE',  ( 0.000000000000000000, 0.000000000000000000, -1.000000000000000000 ) ) ;
#1553 = ORIENTED_EDGE ( 'NONE', *, *, #2283, .F. ) ;
#1554 = FACE_OUTER_BOUND ( 'NONE', #5799, .T. ) ;
#1555 = EDGE_CURVE ( 'NONE', #3343, #1422, #3434, .T. ) ;
#1556 = DIRECTION ( 'NONE',  ( 0.000000000000000000, 0.000000000000000000, -1.000000000000000000 ) ) ;
#1557 = EDGE_CURVE ( 'NONE', #5953, #8263, #6675, .T. ) ;
#1558 = CIRCLE ( 'NONE', #2626, 1.000000000000001110 ) ;
#1559 = LINE ( 'NONE', #7953, #4052 ) ;
#1560 = DIRECTION ( 'NONE',  ( 1.000000000000000000, 0.000000000000000000, 0.000000000000000000 ) ) ;
#1561 = SHAPE_REPRESENTATION ( 'Pin ochelari de la Raul', ( #6993 ), #1344 ) ;
#1562 = CARTESIAN_POINT ( 'NONE',  ( 5.499000000000000554, -7.810249675906650424, 12.00000000000000000 ) ) ;
#1563 = ORIENTED_EDGE ( 'NONE', *, *, #5603, .F. ) ;
#1564 = AXIS2_PLACEMENT_3D ( 'NONE', #6906, #123, #4635 ) ;
#1565 = CARTESIAN_POINT ( 'NONE',  ( 140.8498739173631975, -4.962977316959980456, -18.59731169323310240 ) ) ;
#1566 = ADVANCED_BREP_SHAPE_REPRESENTATION ( '', ( #7906, #6993 ), #391 ) ;
#1567 = CARTESIAN_POINT ( 'NONE',  ( 107.8161785944026008, 19.73900687360029949, 6.673697885384509476 ) ) ;
#1568 = DIRECTION ( 'NONE',  ( 0.000000000000000000, 1.000000000000000000, 0.000000000000000000 ) ) ;
#1569 = FACE_OUTER_BOUND ( 'NONE', #5250, .T. ) ;
#1570 = EDGE_CURVE ( 'NONE', #7041, #5372, #3475, .T. ) ;
#1571 = LOCAL_TIME ( 21, 5, 34.00000000000000000, #2445 ) ;
#1572 = APPROVAL_DATE_TIME ( #2747, #6414 ) ;
#1573 = EDGE_CURVE ( 'NONE', #1422, #7424, #7092, .T. ) ;
#1574 = CARTESIAN_POINT ( 'NONE',  ( 123.0642098621966056, -0.8321133085842449262, 5.819161296507640024 ) ) ;
#1575 = ORIENTED_EDGE ( 'NONE', *, *, #400, .F. ) ;
#1576 = CARTESIAN_POINT ( 'NONE',  ( 107.7976269828425870, 1.000000000000000000, -6.000000000000000000 ) ) ;
#1577 = B_SPLINE_CURVE_WITH_KNOTS ( 'NONE', 3,
 ( #1056, #6193, #6911, #3709 ),
 .UNSPECIFIED., .F., .F.,
 ( 4, 4 ),
 ( 0.000000000000000000, 0.002376854027354025154 ),
 .UNSPECIFIED. ) ;
#1578 = CARTESIAN_POINT ( 'NONE',  ( 126.6281721859467666, -1.876744667305297876, -12.18487291467585543 ) ) ;
#1579 = CARTESIAN_POINT ( 'NONE',  ( 106.3648494646365918, 0.9982629123215305267, -6.999998868447086409 ) ) ;
#1580 = CARTESIAN_POINT ( 'NONE',  ( 2.737946604452147437, 19.99999999990362909, -9.623145977106497285E-11 ) ) ;
#1581 = CARTESIAN_POINT ( 'NONE',  ( 0.3786408315590474860, 1.992762044695335133, 1.489143067042953961 ) ) ;
#1582 = CARTESIAN_POINT ( 'NONE',  ( 113.5343802452578075, 18.99711952091784894, -1.286409205852341975 ) ) ;
#1583 = ORIENTED_EDGE ( 'NONE', *, *, #1249, .T. ) ;
#1584 = CC_DESIGN_DATE_AND_TIME_ASSIGNMENT ( #5309, #7877, ( #5576 ) ) ;
#1585 = CARTESIAN_POINT ( 'NONE',  ( 149.7093515827920100, 13.40000000000000036, 7.000000000000079936 ) ) ;
#1586 = CARTESIAN_POINT ( 'NONE',  ( 112.3442622379446050, 0.1826244000380784771, 7.431723399466055646 ) ) ;
#1587 = EDGE_CURVE ( 'NONE', #7088, #4457, #1026, .T. ) ;
#1588 = CARTESIAN_POINT ( 'NONE',  ( 106.3649126752824117, 1.000000000000000000, 7.000000000000000000 ) ) ;
#1589 = CARTESIAN_POINT ( 'NONE',  ( 137.0000000000000000, 0.6999999999999999556, 14.00000000000000000 ) ) ;
#1590 = CIRCLE ( 'NONE', #6283, 1.000000000000001332 ) ;
#1591 = VERTEX_POINT ( 'NONE', #393 ) ;
#1592 = CARTESIAN_POINT ( 'NONE',  ( 110.1656931626172025, 18.99993126322744885, -0.06030737921410089797 ) ) ;
#1593 = ORIENTED_EDGE ( 'NONE', *, *, #6102, .T. ) ;
#1594 = ORIENTED_EDGE ( 'NONE', *, *, #461, .F. ) ;
#1595 = FACE_OUTER_BOUND ( 'NONE', #5634, .T. ) ;
#1596 = VECTOR ( 'NONE', #6960, 1000.000000000000000 ) ;
#1597 = CARTESIAN_POINT ( 'NONE',  ( 0.000000000000000000, 20.00000000000000000, 0.000000000000000000 ) ) ;
#1598 = CARTESIAN_POINT ( 'NONE',  ( 108.6172060037012841, 0.1443008115775417100, -6.471279911555543052 ) ) ;
#1599 = CARTESIAN_POINT ( 'NONE',  ( 5.499000000000000554, -7.810249675906650424, -10.50099999999999945 ) ) ;
#1600 = ORIENTED_EDGE ( 'NONE', *, *, #4125, .T. ) ;
#1601 = DIRECTION ( 'NONE',  ( 0.000000000000000000, -1.000000000000000000, 0.000000000000000000 ) ) ;
#1602 = ADVANCED_FACE ( 'NONE', ( #315, #4697 ), #8048, .F. ) ;
#1603 = CARTESIAN_POINT ( 'NONE',  ( 113.3622432453166056, 18.96404306972290144, 8.263538765513509077 ) ) ;
#1604 = SHAPE_REPRESENTATION ( 'Pin ochelari de la Raul', ( #6993 ), #391 ) ;
#1605 = CARTESIAN_POINT ( 'NONE',  ( 121.4069298799403214, 19.77829342563506643, -5.215960713136284177 ) ) ;
#1606 = AXIS2_PLACEMENT_3D ( 'NONE', #277, #7298, #6795 ) ;
#1607 = CARTESIAN_POINT ( 'NONE',  ( 1.707106781187665234, 19.70710678118708259, -6.707106781186760180 ) ) ;
#1608 = CARTESIAN_POINT ( 'NONE',  ( 109.7860852018989846, -0.006403883667829447096, -7.711699100650401688E-13 ) ) ;
#1609 =( GEOMETRIC_REPRESENTATION_CONTEXT ( 3 ) GLOBAL_UNCERTAINTY_ASSIGNED_CONTEXT ( ( #2728 ) ) GLOBAL_UNIT_ASSIGNED_CONTEXT ( ( #7373, #3391, #984 ) ) REPRESENTATION_CONTEXT ( 'NONE', 'WORKASPACE' ) );
#1610 = APPROVAL_STATUS ( 'not_yet_approved' ) ;
#1611 = CARTESIAN_POINT ( 'NONE',  ( 113.1537600502586116, 0.04838343788714159766, 2.212052556822265093 ) ) ;
#1612 = ORIENTED_EDGE ( 'NONE', *, *, #5848, .F. ) ;
#1613 = CARTESIAN_POINT ( 'NONE',  ( 5.499000000000000554, 0.000000000000000000, 12.00000000000000000 ) ) ;
#1614 = ADVANCED_FACE ( 'NONE', ( #7339 ), #3841, .T. ) ;
#1615 = DIRECTION ( 'NONE',  ( 0.3479852726768659088, -0.9375000000000038858, 0.000000000000000000 ) ) ;
#1616 = DIRECTION ( 'NONE',  ( 0.000000000000000000, -1.000000000000000000, 0.000000000000000000 ) ) ;
#1617 = EDGE_CURVE ( 'NONE', #2623, #8027, #6327, .T. ) ;
#1618 = CARTESIAN_POINT ( 'NONE',  ( 2.803648237606790161, 18.99999999999635136, -2.633728631076504887E-16 ) ) ;
#1619 = CARTESIAN_POINT ( 'NONE',  ( 112.5513943275472002, 0.1585229760157979839, 7.481283546191629164 ) ) ;
#1620 = DIRECTION ( 'NONE',  ( 1.000000000000000000, 0.000000000000000000, 0.000000000000000000 ) ) ;
#1621 = DIRECTION ( 'NONE',  ( -1.000000000000000000, 0.000000000000000000, 0.000000000000000000 ) ) ;
#1622 = ORIENTED_EDGE ( 'NONE', *, *, #1360, .T. ) ;
#1623 = AXIS2_PLACEMENT_3D ( 'NONE', #1452, #1412, #3977 ) ;
#1624 = AXIS2_PLACEMENT_3D ( 'NONE', #783, #4028, #6596 ) ;
#1625 = DIRECTION ( 'NONE',  ( 0.000000000000000000, 0.000000000000000000, 1.000000000000000000 ) ) ;
#1626 = AXIS2_PLACEMENT_3D ( 'NONE', #4281, #7600, #1208 ) ;
#1627 = CARTESIAN_POINT ( 'NONE',  ( 109.0045927270498254, 0.3098764674567476285, 6.799839941958065737 ) ) ;
#1628 = DIRECTION ( 'NONE',  ( 0.000000000000000000, 0.000000000000000000, 1.000000000000000000 ) ) ;
#1629 = CARTESIAN_POINT ( 'NONE',  ( 108.8958934716102078, 0.05950621754541753766, -6.250167230713921107 ) ) ;
#1630 = VERTEX_POINT ( 'NONE', #1821 ) ;
#1631 = CARTESIAN_POINT ( 'NONE',  ( 141.5873796710826298, 13.53700226821121966, -11.49686597873944116 ) ) ;
#1632 = VECTOR ( 'NONE', #8071, 1000.000000000000000 ) ;
#1633 = VERTEX_POINT ( 'NONE', #2457 ) ;
#1634 = CARTESIAN_POINT ( 'NONE',  ( 108.5933649829196099, 0.2899439767677914337, -6.733934996684039831 ) ) ;
#1635 = EDGE_CURVE ( 'NONE', #1288, #524, #7455, .T. ) ;
#1636 = CARTESIAN_POINT ( 'NONE',  ( 137.0000000000000000, 7.299999999999999822, 14.00000000000000000 ) ) ;
#1637 = FACE_OUTER_BOUND ( 'NONE', #6721, .T. ) ;
#1638 = CARTESIAN_POINT ( 'NONE',  ( 0.6009994805188100253, 1.156359832361905982, -1.770906554907939912 ) ) ;
#1639 = CIRCLE ( 'NONE', #5400, 1.199999999999999956 ) ;
#1640 = CARTESIAN_POINT ( 'NONE',  ( 149.7093515827920100, 13.40000000000000036, 7.000000000000079936 ) ) ;
#1641 = ORIENTED_EDGE ( 'NONE', *, *, #4701, .F. ) ;
#1642 = FACE_OUTER_BOUND ( 'NONE', #4695, .T. ) ;
#1643 = AXIS2_PLACEMENT_3D ( 'NONE', #6778, #4204, #1648 ) ;
#1644 = DIRECTION ( 'NONE',  ( 0.000000000000000000, 0.000000000000000000, 1.000000000000000000 ) ) ;
#1645 = EDGE_CURVE ( 'NONE', #7903, #1630, #5017, .T. ) ;
#1646 = EDGE_CURVE ( 'NONE', #6099, #2843, #3593, .T. ) ;
#1647 = CARTESIAN_POINT ( 'NONE',  ( 5.499000000000000554, -7.810249675906650424, -9.501000000000001222 ) ) ;
#1648 = DIRECTION ( 'NONE',  ( 0.000000000000000000, 0.000000000000000000, 1.000000000000000000 ) ) ;
#1649 = CARTESIAN_POINT ( 'NONE',  ( 112.2150653097774011, 0.1191460870316824044, -7.259366942331870298 ) ) ;
#1650 = COORDINATED_UNIVERSAL_TIME_OFFSET ( 2, 0, .AHEAD. ) ;
#1651 = CARTESIAN_POINT ( 'NONE',  ( 0.02193356961081908280, 17.24322091913241906, 2.635016442014475935 ) ) ;
#1652 = ORIENTED_EDGE ( 'NONE', *, *, #8287, .F. ) ;
#1653 = CARTESIAN_POINT ( 'NONE',  ( 2.607305765700779876, 1.012892176783895870, 0.01933826517584500207 ) ) ;
#1654 = LINE ( 'NONE', #1811, #1964 ) ;
#1655 = EDGE_CURVE ( 'NONE', #7683, #2409, #4556, .T. ) ;
#1656 = AXIS2_PLACEMENT_3D ( 'NONE', #6535, #2703, #5273 ) ;
#1657 = CARTESIAN_POINT ( 'NONE',  ( 5.500999999999999446, 0.000000000000000000, 12.00000000000000000 ) ) ;
#1658 = CARTESIAN_POINT ( 'NONE',  ( 111.1258139099361983, 19.91443649531749926, -6.707221109821679406 ) ) ;
#1659 = DIRECTION ( 'NONE',  ( 0.000000000000000000, 1.000000000000000000, 0.000000000000000000 ) ) ;
#1660 = COORDINATED_UNIVERSAL_TIME_OFFSET ( 2, 0, .AHEAD. ) ;
#1661 = CARTESIAN_POINT ( 'NONE',  ( 1.496547972349010047, 19.60349479359739888, 1.264336804268406000 ) ) ;
#1662 = ORIENTED_EDGE ( 'NONE', *, *, #1587, .T. ) ;
#1663 = DIRECTION ( 'NONE',  ( -1.000000000000000000, 1.734723475976804876E-16, 0.000000000000000000 ) ) ;
#1664 = CARTESIAN_POINT ( 'NONE',  ( 111.3814604047323229, 0.2726373460617405597, 7.222371330157460356 ) ) ;
#1665 = CARTESIAN_POINT ( 'NONE',  ( 131.0811025750120962, 17.08822002233619486, -13.85487957635690037 ) ) ;
#1666 = CARTESIAN_POINT ( 'NONE',  ( 139.1131324059797976, 15.30472753517994988, 11.66049139450228012 ) ) ;
#1667 = ORIENTED_EDGE ( 'NONE', *, *, #3810, .T. ) ;
#1668 = CARTESIAN_POINT ( 'NONE',  ( 146.6243280140540151, 12.28717291914111165, -13.33016524713394091 ) ) ;
#1669 = ADVANCED_FACE ( 'NONE', ( #2998 ), #1697, .T. ) ;
#1670 = EDGE_LOOP ( 'NONE', ( #5581, #3538, #7606, #7583, #3139, #491 ) ) ;
#1671 = CARTESIAN_POINT ( 'NONE',  ( 149.4580134698330198, 10.15820703061711860, 15.42572017876990031 ) ) ;
#1672 = EDGE_LOOP ( 'NONE', ( #3261, #2790, #5668, #2964 ) ) ;
#1673 = DIRECTION ( 'NONE',  ( 0.000000000000000000, 0.000000000000000000, -1.000000000000000000 ) ) ;
#1674 = CARTESIAN_POINT ( 'NONE',  ( 141.4878845092291897, -4.308704101398888930, 11.46065270137126113 ) ) ;
#1675 = DIRECTION ( 'NONE',  ( 0.000000000000000000, 0.000000000000000000, 1.000000000000000000 ) ) ;
#1676 = CARTESIAN_POINT ( 'NONE',  ( 149.3519358227040073, 9.508195648614400142, -16.28271734939194815 ) ) ;
#1677 = DIRECTION ( 'NONE',  ( 0.3420201433256692680, 0.000000000000000000, -0.9396926207859082059 ) ) ;
#1678 = ORIENTED_EDGE ( 'NONE', *, *, #979, .T. ) ;
#1679 = CARTESIAN_POINT ( 'NONE',  ( 0.000000000000000000, 3.000000000000000000, -1.000000000000000000 ) ) ;
#1680 = CARTESIAN_POINT ( 'NONE',  ( 136.3039534892552069, -3.386431822488909837, -16.88837582274549831 ) ) ;
#1681 = AXIS2_PLACEMENT_3D ( 'NONE', #2388, #580, #7646 ) ;
#1682 = CARTESIAN_POINT ( 'NONE',  ( 0.000000000000000000, 20.00000000000000000, 0.000000000000000000 ) ) ;
#1683 = DIRECTION ( 'NONE',  ( 0.9994674359039732447, 0.03263195623215420921, 0.000000000000000000 ) ) ;
#1684 = CARTESIAN_POINT ( 'NONE',  ( 112.2574489572505883, 0.1233199461866992114, -7.286868054417349860 ) ) ;
#1685 = CALENDAR_DATE ( 2026, 3, 9 ) ;
#1686 = EDGE_LOOP ( 'NONE', ( #833, #2570, #2589, #1243 ) ) ;
#1687 = CARTESIAN_POINT ( 'NONE',  ( 113.4025997963559007, 0.9817605716360643386, 8.279130362457102876 ) ) ;
#1688 = CARTESIAN_POINT ( 'NONE',  ( 128.7652164191973156, -2.357703777491282793, -12.98843484480687849 ) ) ;
#1689 = LINE ( 'NONE', #4256, #408 ) ;
#1690 = CARTESIAN_POINT ( 'NONE',  ( 107.9930992962531917, 19.77967407800409916, -6.626887559261930072 ) ) ;
#1691 = CARTESIAN_POINT ( 'NONE',  ( 112.9340127440481041, 0.2371828277873803958, 7.762184019748252339 ) ) ;
#1692 = APPROVAL_STATUS ( 'not_yet_approved' ) ;
#1693 = CARTESIAN_POINT ( 'NONE',  ( 107.1862742287038088, 19.56103360792256751, -6.827862784914441541 ) ) ;
#1694 = ORIENTED_EDGE ( 'NONE', *, *, #721, .T. ) ;
#1695 = EDGE_CURVE ( 'NONE', #7549, #7211, #7627, .T. ) ;
#1696 = SECURITY_CLASSIFICATION ( '', '', #4423 ) ;
#1697 = SPHERICAL_SURFACE ( 'NONE', #7488, 1.000000000000000000 ) ;
#1698 = CARTESIAN_POINT ( 'NONE',  ( 109.3705060565553850, 0.3242096287451020631, 6.859722467107827626 ) ) ;
#1699 = LINE ( 'NONE', #2459, #4963 ) ;
#1700 = CARTESIAN_POINT ( 'NONE',  ( 145.5110443490094099, 12.70455763069413990, 13.98914090322396042 ) ) ;
#1701 = LOCAL_TIME ( 21, 5, 34.00000000000000000, #5724 ) ;
#1702 = VERTEX_POINT ( 'NONE', #18 ) ;
#1703 = CARTESIAN_POINT ( 'NONE',  ( 113.5351631807943988, 18.99711886845485154, -1.286694171083019977 ) ) ;
#1704 = ORIENTED_EDGE ( 'NONE', *, *, #3592, .T. ) ;
#1705 = CARTESIAN_POINT ( 'NONE',  ( 121.3530357646897926, 19.79048529598060213, 5.196344859382600490 ) ) ;
#1706 = CARTESIAN_POINT ( 'NONE',  ( 106.3657828942394019, 19.00000000000000000, -27.00000000000000000 ) ) ;
#1707 = ORIENTED_EDGE ( 'NONE', *, *, #6102, .F. ) ;
#1708 = DIRECTION ( 'NONE',  ( 1.000000000000000000, 0.000000000000000000, 0.000000000000000000 ) ) ;
#1709 = EDGE_CURVE ( 'NONE', #738, #6267, #5901, .T. ) ;
#1710 = FACE_BOUND ( 'NONE', #1851, .T. ) ;
#1711 = CARTESIAN_POINT ( 'NONE',  ( 146.6007660257469922, -8.047637791034109256, -20.75922938773445026 ) ) ;
#1712 = EDGE_CURVE ( 'NONE', #1349, #2387, #7228, .T. ) ;
#1713 = VERTEX_POINT ( 'NONE', #7715 ) ;
#1714 = CARTESIAN_POINT ( 'NONE',  ( 3.278243965221749859E-15, 1.811017388690383534, -5.188982611309622683 ) ) ;
#1715 = EDGE_LOOP ( 'NONE', ( #4618, #5455, #3049, #3491, #1337, #7221 ) ) ;
#1716 = FACE_OUTER_BOUND ( 'NONE', #4242, .T. ) ;
#1717 = AXIS2_PLACEMENT_3D ( 'NONE', #5660, #1245, #2340 ) ;
#1718 = CARTESIAN_POINT ( 'NONE',  ( 122.4841670408636105, -1.059358472564313924, -10.62660659517342054 ) ) ;
#1719 = CARTESIAN_POINT ( 'NONE',  ( 8.000000000000000000, 0.000000000000000000, 6.000000000000000000 ) ) ;
#1720 = CARTESIAN_POINT ( 'NONE',  ( 106.3647230434517894, 0.9452817923051530791, 26.99992871220629809 ) ) ;
#1721 = CARTESIAN_POINT ( 'NONE',  ( 107.8604711048569982, 0.1155456001724567972, -6.463642979426840185 ) ) ;
#1722 = DATE_AND_TIME ( #2397, #5867 ) ;
#1723 = EDGE_LOOP ( 'NONE', ( #4459, #5891, #440 ) ) ;
#1724 = CARTESIAN_POINT ( 'NONE',  ( 1.170030629533429956, 0.6146771197821209176, 1.409784746521413945 ) ) ;
#1725 = EDGE_CURVE ( 'NONE', #7244, #524, #5191, .T. ) ;
#1726 = CARTESIAN_POINT ( 'NONE',  ( 128.7674821914429231, -2.358233686482929858, -12.98928679420927068 ) ) ;
#1727 = DIRECTION ( 'NONE',  ( -0.9360434818771397047, 0.000000000000000000, 0.3518843560536910053 ) ) ;
#1728 = VECTOR ( 'NONE', #2039, 1000.000000000000000 ) ;
#1729 = DIRECTION ( 'NONE',  ( 0.000000000000000000, 0.000000000000000000, -1.000000000000000000 ) ) ;
#1730 = PLANE ( 'NONE',  #4961 ) ;
#1731 = APPROVAL_DATE_TIME ( #2406, #4571 ) ;
#1732 = CARTESIAN_POINT ( 'NONE',  ( 116.2390673341180047, 0.3119240735625360417, -9.106857544900961443 ) ) ;
#1733 = ORIENTED_EDGE ( 'NONE', *, *, #1262, .T. ) ;
#1734 = LOCAL_TIME ( 21, 5, 34.00000000000000000, #1405 ) ;
#1735 = CARTESIAN_POINT ( 'NONE',  ( 136.0515583705671077, -4.346817251856258224, 16.79349359184023172 ) ) ;
#1736 = CARTESIAN_POINT ( 'NONE',  ( 146.6007660257469922, -10.00000000000000000, 20.75922938773445026 ) ) ;
#1737 = CARTESIAN_POINT ( 'NONE',  ( 80.00000000000000000, 3.061616997868384620E-15, 6.000000000000000000 ) ) ;
#1738 = CARTESIAN_POINT ( 'NONE',  ( 118.5565854046307948, 0.7469340496673511076, -3.114342394242235024 ) ) ;
#1739 = CARTESIAN_POINT ( 'NONE',  ( 136.6511837637715985, 16.04146992120844928, 10.76441537044594021 ) ) ;
#1740 = AXIS2_PLACEMENT_3D ( 'NONE', #2915, #5556, #2325 ) ;
#1741 = EDGE_LOOP ( 'NONE', ( #2673, #4748, #4544, #6346 ) ) ;
#1742 = CARTESIAN_POINT ( 'NONE',  ( 138.3759942795207962, 14.59817880926922129, -10.32801728545362074 ) ) ;
#1743 = AXIS2_PLACEMENT_3D ( 'NONE', #1336, #3267, #6472 ) ;
#1744 = VERTEX_POINT ( 'NONE', #7167 ) ;
#1745 = CARTESIAN_POINT ( 'NONE',  ( 112.5513943275453954, 0.1585229760158040069, -7.481283546190889311 ) ) ;
#1746 = DIRECTION ( 'NONE',  ( 8.595445695815679977E-32, -1.000000000000000000, 0.000000000000000000 ) ) ;
#1747 = FACE_OUTER_BOUND ( 'NONE', #7346, .T. ) ;
#1748 = CARTESIAN_POINT ( 'NONE',  ( 142.1628724030622948, 13.35495175348969710, -19.09090374913359156 ) ) ;
#1749 = CIRCLE ( 'NONE', #8, 1.000000000000000000 ) ;
#1750 = CARTESIAN_POINT ( 'NONE',  ( 110.1656931626149998, 1.006450157371265863, 0.06030737921327079115 ) ) ;
#1751 = CIRCLE ( 'NONE', #7391, 0.9999999999999991118 ) ;
#1752 = CARTESIAN_POINT ( 'NONE',  ( 106.3883930297745906, 19.07017710494594809, -7.000000000000000000 ) ) ;
#1753 = ADVANCED_FACE ( 'NONE', ( #4651 ), #4703, .T. ) ;
#1754 = ORIENTED_EDGE ( 'NONE', *, *, #2375, .F. ) ;
#1755 = AXIS2_PLACEMENT_3D ( 'NONE', #5496, #4198, #8064 ) ;
#1756 =( NAMED_UNIT ( * ) PLANE_ANGLE_UNIT ( ) SI_UNIT ( $, .RADIAN. ) );
#1757 = ORIENTED_EDGE ( 'NONE', *, *, #5562, .F. ) ;
#1758 = FACE_OUTER_BOUND ( 'NONE', #5312, .T. ) ;
#1759 = ORIENTED_EDGE ( 'NONE', *, *, #363, .T. ) ;
#1760 = LINE ( 'NONE', #3786, #4714 ) ;
#1761 = EDGE_CURVE ( 'NONE', #1424, #4221, #647, .T. ) ;
#1762 = AXIS2_PLACEMENT_3D ( 'NONE', #6777, #2314, #4873 ) ;
#1763 = DIRECTION ( 'NONE',  ( -0.03262965486915147401, 0.9993969486382094924, 0.01187622312675261360 ) ) ;
#1764 = CLOSED_SHELL ( 'NONE', ( #6738, #2249, #634, #4114, #7257, #7369, #1929, #7772, #7863, #1602, #1327, #880, #7557, #2234, #3309, #8062, #2877, #7979, #4356, #1801, #587, #2357, #2679, #2849, #5246, #7630, #728, #3358, #3009, #5836, #3714 ) ) ;
#1765 = LINE ( 'NONE', #4335, #7407 ) ;
#1766 = CARTESIAN_POINT ( 'NONE',  ( 110.0593990901179353, 0.3632256448766188472, -6.777979157110592290 ) ) ;
#1767 = ORIENTED_EDGE ( 'NONE', *, *, #7415, .F. ) ;
#1768 = PERSON_AND_ORGANIZATION_ROLE ( 'classification_officer' ) ;
#1769 = ORIENTED_EDGE ( 'NONE', *, *, #3965, .F. ) ;
#1770 = DIRECTION ( 'NONE',  ( 1.000000000000000000, -1.734723475976805517E-15, 0.000000000000000000 ) ) ;
#1771 = CARTESIAN_POINT ( 'NONE',  ( 134.5000000000000000, -32.00100000000000477, 11.50000000000000000 ) ) ;
#1772 = CARTESIAN_POINT ( 'NONE',  ( 0.000000000000000000, 3.000000000000000000, 4.000000000000000000 ) ) ;
#1773 = CARTESIAN_POINT ( 'NONE',  ( 112.1270318274518019, 19.68276276979575101, -7.447327796514500164 ) ) ;
#1774 = CARTESIAN_POINT ( 'NONE',  ( 0.000000000000000000, 20.00000000000000000, 1.199999999999999956 ) ) ;
#1775 = ADVANCED_FACE ( 'NONE', ( #3846 ), #6627, .T. ) ;
#1776 = PERSON_AND_ORGANIZATION ( #5375, #6038 ) ;
#1777 = CARTESIAN_POINT ( 'NONE',  ( 110.0000000000000000, 1.000000000000000000, -1.000000000000000000 ) ) ;
#1778 = ORIENTED_EDGE ( 'NONE', *, *, #1570, .T. ) ;
#1779 = CARTESIAN_POINT ( 'NONE',  ( 145.2245398538001950, -7.154458503334129915, 20.24186831458365177 ) ) ;
#1780 = CARTESIAN_POINT ( 'NONE',  ( 108.9983867955648975, 0.3095771691024712391, 6.798841667229270413 ) ) ;
#1781 = DIRECTION ( 'NONE',  ( 0.000000000000000000, 0.000000000000000000, 1.000000000000000000 ) ) ;
#1782 = CARTESIAN_POINT ( 'NONE',  ( 111.8462822384550037, 1.063387004410456083, -0.6719917788520389790 ) ) ;
#1783 = CARTESIAN_POINT ( 'NONE',  ( 109.8244100512911956, 19.99993095563820233, 1.000268257709579833 ) ) ;
#1784 = CIRCLE ( 'NONE', #4201, 0.9499999999999999556 ) ;
#1785 = ORIENTED_EDGE ( 'NONE', *, *, #3639, .F. ) ;
#1786 = LINE ( 'NONE', #3047, #6227 ) ;
#1787 = VECTOR ( 'NONE', #5876, 1000.000000000000000 ) ;
#1788 = ORIENTED_EDGE ( 'NONE', *, *, #3336, .F. ) ;
#1789 = CARTESIAN_POINT ( 'NONE',  ( 110.0759078632839447, 0.2506657188931373237, 6.654200829207945311 ) ) ;
#1790 = CARTESIAN_POINT ( 'NONE',  ( 149.5990429886496713, 10.31374609175121471, -14.41287295329625096 ) ) ;
#1791 = CARTESIAN_POINT ( 'NONE',  ( 134.5000000000000000, 0.6999999999999999556, 11.50000000000000000 ) ) ;
#1792 = CARTESIAN_POINT ( 'NONE',  ( 133.1841186882628278, 16.53735983485125161, -14.64449067940317839 ) ) ;
#1793 = CARTESIAN_POINT ( 'NONE',  ( 109.6360297657335963, 19.00000000000000000, -1.301042606982603940E-15 ) ) ;
#1794 = CIRCLE ( 'NONE', #994, 2.500000000000000444 ) ;
#1795 = FACE_OUTER_BOUND ( 'NONE', #2939, .T. ) ;
#1796 = ORIENTED_EDGE ( 'NONE', *, *, #3466, .F. ) ;
#1797 = ORIENTED_EDGE ( 'NONE', *, *, #7350, .F. ) ;
#1798 = CARTESIAN_POINT ( 'NONE',  ( 110.1701322576483193, 0.7998406990154538487, 7.016065597099379936 ) ) ;
#1799 = ORIENTED_EDGE ( 'NONE', *, *, #2083, .T. ) ;
#1800 = CARTESIAN_POINT ( 'NONE',  ( 0.04938844939570988940, 17.36141391811955614, 2.457878949054272066 ) ) ;
#1801 = ADVANCED_FACE ( 'NONE', ( #5780 ), #2123, .T. ) ;
#1802 = DIRECTION ( 'NONE',  ( 0.000000000000000000, -1.000000000000000000, 0.000000000000000000 ) ) ;
#1803 = EDGE_CURVE ( 'NONE', #4372, #8077, #7486, .T. ) ;
#1804 = LINE ( 'NONE', #1264, #8208 ) ;
#1805 = CARTESIAN_POINT ( 'NONE',  ( 108.2874523111896821, 0.2678399500678661505, -6.686367568709117748 ) ) ;
#1806 = CARTESIAN_POINT ( 'NONE',  ( 106.5246873945570059, 0.6726594629280859827, -6.945135009463069942 ) ) ;
#1807 = EDGE_LOOP ( 'NONE', ( #76, #876, #1553, #7868 ) ) ;
#1808 = APPROVAL_DATE_TIME ( #2613, #7330 ) ;
#1809 = ORIENTED_EDGE ( 'NONE', *, *, #8120, .F. ) ;
#1810 = CARTESIAN_POINT ( 'NONE',  ( 106.9394937663250005, 19.46786434609534666, 6.886502143979369883 ) ) ;
#1811 = CARTESIAN_POINT ( 'NONE',  ( 76.12500000000000000, -30.69597054535374880, 0.000000000000000000 ) ) ;
#1812 = CARTESIAN_POINT ( 'NONE',  ( 109.7616122214479901, 19.99997726407969623, 1.000177236496400113 ) ) ;
#1813 = EDGE_CURVE ( 'NONE', #1820, #6311, #7098, .T. ) ;
#1814 = DIRECTION ( 'NONE',  ( 1.000000000000000000, 0.000000000000000000, 0.000000000000000000 ) ) ;
#1815 = CARTESIAN_POINT ( 'NONE',  ( 110.0210094787810107, 19.65061396213675593, -6.808987453876206075 ) ) ;
#1816 = AXIS2_PLACEMENT_3D ( 'NONE', #7764, #3304, #5875 ) ;
#1817 = CARTESIAN_POINT ( 'NONE',  ( 137.0000000000000000, 0.6999999999999999556, 14.00000000000000000 ) ) ;
#1818 = DATE_AND_TIME ( #6278, #4430 ) ;
#1819 = CARTESIAN_POINT ( 'NONE',  ( 3.035766082959410049E-15, 3.000000000000000000, -3.000000000000000000 ) ) ;
#1820 = VERTEX_POINT ( 'NONE', #3814 ) ;
#1821 = CARTESIAN_POINT ( 'NONE',  ( 3.000000000000000000, 1.000000000000000000, 0.000000000000000000 ) ) ;
#1822 = CARTESIAN_POINT ( 'NONE',  ( 110.0000000000000000, 1.000000000000000000, -6.000000000000000000 ) ) ;
#1823 = CARTESIAN_POINT ( 'NONE',  ( 119.1237144583570000, 0.4470804528511079790, 10.42985390011825864 ) ) ;
#1824 = CARTESIAN_POINT ( 'NONE',  ( 110.0000000000000000, 20.00000000000000000, 1.000000000000000000 ) ) ;
#1825 = CARTESIAN_POINT ( 'NONE',  ( 149.5990429886500408, 10.31374609175087542, 14.41287295329642859 ) ) ;
#1826 = ORIENTED_EDGE ( 'NONE', *, *, #6809, .T. ) ;
#1827 = CARTESIAN_POINT ( 'NONE',  ( 1.469576158976823553E-16, 20.00000000000000000, -1.199999999999999956 ) ) ;
#1828 = APPROVAL_PERSON_ORGANIZATION ( #675, #7330, #2528 ) ;
#1829 = EDGE_LOOP ( 'NONE', ( #5175, #5944, #5022, #6379 ) ) ;
#1830 = APPROVAL ( #644, 'UNSPECIFIED' ) ;
#1831 = CARTESIAN_POINT ( 'NONE',  ( 110.0571231222856312, 0.3400080376369348789, 6.754441877973519581 ) ) ;
#1832 = CARTESIAN_POINT ( 'NONE',  ( 147.6454325945522044, 10.51472080041880020, -13.70181692049169975 ) ) ;
#1833 = CARTESIAN_POINT ( 'NONE',  ( 110.7385391995222790, 19.96135579367317803, -6.414961986094166235 ) ) ;
#1834 = CARTESIAN_POINT ( 'NONE',  ( 112.8422388115622539, 19.92727999649748227, -8.068475336167658440 ) ) ;
#1835 = CARTESIAN_POINT ( 'NONE',  ( 147.6183369348202064, -7.102037035714899638, 13.69195490687150141 ) ) ;
#1836 = CARTESIAN_POINT ( 'NONE',  ( 109.9593047915752919, 19.11097042361160447, -7.023322295734661935 ) ) ;
#1837 = ORIENTED_EDGE ( 'NONE', *, *, #152, .F. ) ;
#1838 = EDGE_LOOP ( 'NONE', ( #184, #2925, #5851 ) ) ;
#1839 = CARTESIAN_POINT ( 'NONE',  ( 110.1980752859668229, 0.7536284943982173301, 7.018026591965147887 ) ) ;
#1840 = VERTEX_POINT ( 'NONE', #3642 ) ;
#1841 = FACE_OUTER_BOUND ( 'NONE', #4860, .T. ) ;
#1842 = CARTESIAN_POINT ( 'NONE',  ( 110.3672518744784554, 19.98497400730268225, 6.135434289278021147 ) ) ;
#1843 = EDGE_CURVE ( 'NONE', #3878, #8187, #1873, .T. ) ;
#1844 = CARTESIAN_POINT ( 'NONE',  ( 110.2077473626634401, 0.2470817046040053588, -6.876136397165104164 ) ) ;
#1845 = CARTESIAN_POINT ( 'NONE',  ( 110.9815642493329051, 0.2988064451600890847, -7.144406028452780610 ) ) ;
#1846 = CARTESIAN_POINT ( 'NONE',  ( 113.5092551128726086, 0.6743423103831559517, -8.281157727817149095 ) ) ;
#1847 = ORIENTED_EDGE ( 'NONE', *, *, #5782, .T. ) ;
#1848 = EDGE_CURVE ( 'NONE', #4557, #3895, #4254, .T. ) ;
#1849 = DATE_AND_TIME ( #3920, #6406 ) ;
#1850 = AXIS2_PLACEMENT_3D ( 'NONE', #7377, #2884, #1625 ) ;
#1851 = EDGE_LOOP ( 'NONE', ( #3401, #2418 ) ) ;
#1852 = CARTESIAN_POINT ( 'NONE',  ( 106.3657828942394019, 19.00000000000000000, 7.000000000000000000 ) ) ;
#1853 = EDGE_CURVE ( 'NONE', #4756, #6299, #1119, .T. ) ;
#1854 = FACE_OUTER_BOUND ( 'NONE', #3650, .T. ) ;
#1855 = CARTESIAN_POINT ( 'NONE',  ( 141.6078808676030008, 12.62417472192518098, -18.88226724576199800 ) ) ;
#1856 = DIRECTION ( 'NONE',  ( 0.000000000000000000, 1.000000000000000000, 0.000000000000000000 ) ) ;
#1857 = CARTESIAN_POINT ( 'NONE',  ( 0.000000000000000000, 0.000000000000000000, 0.4499999999999869660 ) ) ;
#1858 = PERSON_AND_ORGANIZATION_ROLE ( 'design_owner' ) ;
#1859 = FACE_OUTER_BOUND ( 'NONE', #2899, .T. ) ;
#1860 = EDGE_LOOP ( 'NONE', ( #3197, #6261, #957, #5197 ) ) ;
#1861 = EDGE_CURVE ( 'NONE', #4457, #873, #8295, .T. ) ;
#1862 = CARTESIAN_POINT ( 'NONE',  ( 134.7644627015854155, -2.948781942104729659, 16.30963911343854988 ) ) ;
#1863 = ADVANCED_FACE ( 'NONE', ( #5615 ), #920, .F. ) ;
#1864 = CARTESIAN_POINT ( 'NONE',  ( 142.5145643011350103, 13.35111083894839901, 18.15027886508254795 ) ) ;
#1865 = DIRECTION ( 'NONE',  ( 0.000000000000000000, 0.000000000000000000, -1.000000000000000000 ) ) ;
#1866 = DIRECTION ( 'NONE',  ( 0.3420201433256691015, 0.000000000000000000, -0.9396926207859082059 ) ) ;
#1867 = CARTESIAN_POINT ( 'NONE',  ( 0.04020039697472076873, 2.673358911785884917, -2.510007257485360910 ) ) ;
#1868 = ORIENTED_EDGE ( 'NONE', *, *, #3998, .T. ) ;
#1869 = DIRECTION ( 'NONE',  ( 0.9396926207858917746, 0.000000000000000000, -0.3420201433257143431 ) ) ;
#1870 = LOCAL_TIME ( 21, 5, 34.00000000000000000, #943 ) ;
#1871 = ORIENTED_EDGE ( 'NONE', *, *, #1425, .T. ) ;
#1872 = CARTESIAN_POINT ( 'NONE',  ( 110.0577203655054035, 0.3576036878022032517, 6.772140880034125843 ) ) ;
#1873 = LINE ( 'NONE', #5533, #7771 ) ;
#1874 = LINE ( 'NONE', #7017, #586 ) ;
#1875 = CARTESIAN_POINT ( 'NONE',  ( 135.1853337569682196, 15.89515867635507540, -16.46785605868095814 ) ) ;
#1876 = CARTESIAN_POINT ( 'NONE',  ( 106.3649126752540042, 18.92435079292109990, -7.000000000000000000 ) ) ;
#1877 = CC_DESIGN_PERSON_AND_ORGANIZATION_ASSIGNMENT ( #6184, #1012, ( #901 ) ) ;
#1878 = AXIS2_PLACEMENT_3D ( 'NONE', #7581, #724, #4520 ) ;
#1879 = CARTESIAN_POINT ( 'NONE',  ( 113.5065030151238687, 0.7227486731970462763, -8.292808445321233179 ) ) ;
#1880 = VERTEX_POINT ( 'NONE', #8178 ) ;
#1881 = VECTOR ( 'NONE', #4368, 1000.000000000000000 ) ;
#1882 =( NAMED_UNIT ( * ) PLANE_ANGLE_UNIT ( ) SI_UNIT ( $, .RADIAN. ) );
#1883 = ORIENTED_EDGE ( 'NONE', *, *, #476, .T. ) ;
#1884 = EDGE_CURVE ( 'NONE', #2259, #1886, #3064, .T. ) ;
#1885 = CARTESIAN_POINT ( 'NONE',  ( 113.3261512223456009, 0.4044153264129084491, 8.077240354424411350 ) ) ;
#1886 = VERTEX_POINT ( 'NONE', #2966 ) ;
#1887 = DIRECTION ( 'NONE',  ( 0.000000000000000000, 0.000000000000000000, -1.000000000000000000 ) ) ;
#1888 = VECTOR ( 'NONE', #3604, 1000.000000000000000 ) ;
#1889 = DIRECTION ( 'NONE',  ( 1.000000000000000000, 0.000000000000000000, -0.000000000000000000 ) ) ;
#1890 = CIRCLE ( 'NONE', #1491, 1.000000000000000222 ) ;
#1891 = VECTOR ( 'NONE', #3247, 1000.000000000000000 ) ;
#1892 = CARTESIAN_POINT ( 'NONE',  ( 108.0504858322297679, 0.1405236424355802427, -6.498832139278992948 ) ) ;
#1893 = CARTESIAN_POINT ( 'NONE',  ( 0.000000000000000000, 0.000000000000000000, 0.000000000000000000 ) ) ;
#1894 = DIRECTION ( 'NONE',  ( -0.9360434818771647958, 0.000000000000000000, 0.3518843560536241144 ) ) ;
#1895 = ORIENTED_EDGE ( 'NONE', *, *, #3922, .T. ) ;
#1896 = CONTEXT_DEPENDENT_SHAPE_REPRESENTATION ( #5005, #3127 ) ;
#1897 = EDGE_CURVE ( 'NONE', #4221, #515, #1162, .T. ) ;
#1898 = AXIS2_PLACEMENT_3D ( 'NONE', #2394, #3495, #6739 ) ;
#1899 = ORIENTED_EDGE ( 'NONE', *, *, #6587, .F. ) ;
#1900 = CARTESIAN_POINT ( 'NONE',  ( 109.9984331797471953, 18.94426705251422760, 7.000000000000015987 ) ) ;
#1901 = CLOSED_SHELL ( 'NONE', ( #7748, #7156, #8229, #4940, #3934, #3547, #6385, #3145, #3118, #1863, #6321 ) ) ;
#1902 = LINE ( 'NONE', #4473, #2701 ) ;
#1903 = CARTESIAN_POINT ( 'NONE',  ( 123.4378633101955955, 17.72107563361539917, -12.05166049355183944 ) ) ;
#1904 = AXIS2_PLACEMENT_3D ( 'NONE', #3659, #1683, #8073 ) ;
#1905 = DIRECTION ( 'NONE',  ( 0.000000000000000000, -1.000000000000000000, 0.000000000000000000 ) ) ;
#1906 = CARTESIAN_POINT ( 'NONE',  ( 149.6443950646691974, 9.501908822039640157, 15.50474992217694847 ) ) ;
#1907 = APPROVAL_ROLE ( '' ) ;
#1908 = B_SPLINE_CURVE_WITH_KNOTS ( 'NONE', 3,
 ( #2021, #874, #5334, #7144, #1385, #4706, #1426 ),
 .UNSPECIFIED., .F., .F.,
 ( 4, 3, 4 ),
 ( -5.999999996471499757E-08, 0.000000000000000000, 0.0001883204892168914839 ),
 .UNSPECIFIED. ) ;
#1909 = DIRECTION ( 'NONE',  ( 0.000000000000000000, 0.000000000000000000, 1.000000000000000000 ) ) ;
#1910 = ORIENTED_EDGE ( 'NONE', *, *, #2332, .T. ) ;
#1911 = EDGE_CURVE ( 'NONE', #5167, #2890, #5753, .T. ) ;
#1912 = DIRECTION ( 'NONE',  ( 0.000000000000000000, 0.000000000000000000, 1.000000000000000000 ) ) ;
#1913 = CARTESIAN_POINT ( 'NONE',  ( 137.1076719907821939, 15.43136335145659999, 16.11904235186544909 ) ) ;
#1914 = DIRECTION ( 'NONE',  ( 1.000000000000000000, 0.000000000000000000, 0.000000000000000000 ) ) ;
#1915 = CARTESIAN_POINT ( 'NONE',  ( 148.4742428235645946, 9.527018909857000395, 18.61745828572419725 ) ) ;
#1916 = CARTESIAN_POINT ( 'NONE',  ( 0.2936149475911263851, 2.124074664390351419, -1.686113036844113289 ) ) ;
#1917 = ORIENTED_EDGE ( 'NONE', *, *, #5782, .F. ) ;
#1918 = DIRECTION ( 'NONE',  ( 0.000000000000000000, 1.000000000000000000, 0.000000000000000000 ) ) ;
#1919 = ORIENTED_EDGE ( 'NONE', *, *, #5832, .T. ) ;
#1920 = CARTESIAN_POINT ( 'NONE',  ( 112.1615038554088102, 0.1140412492323090027, 7.224699600035170199 ) ) ;
#1921 = CARTESIAN_POINT ( 'NONE',  ( 0.2624986687523072071, 1.702619035409893566, 1.702619035409893566 ) ) ;
#1922 = CARTESIAN_POINT ( 'NONE',  ( 148.7083515827920053, 9.501908822039640157, -15.15286556612324809 ) ) ;
#1923 = CARTESIAN_POINT ( 'NONE',  ( 143.9413926079380133, 11.35488858734830053, -19.75949815649354591 ) ) ;
#1924 =( BOUNDED_SURFACE ( )  B_SPLINE_SURFACE ( 3, 2, ( 
 ( #6810, #6850, #1083 ),
 ( #1598, #4156, #6730 ),
 ( #6317, #51, #1992 ),
 ( #3164, #553, #8288 ) ),
 .UNSPECIFIED., .F., .F., .T. ) 
 B_SPLINE_SURFACE_WITH_KNOTS ( ( 4, 4 ),
 ( 3, 3 ),
 ( 0.1900891601871264880, 0.1924891903023805140 ),
 ( 0.6826478517002850799, 1.000000000000000000 ),
 .UNSPECIFIED. ) 
 GEOMETRIC_REPRESENTATION_ITEM ( )  RATIONAL_B_SPLINE_SURFACE ( (
 ( 0.8749092839593080040, 0.9083782980279460073, 1.000000000000000000),
 ( 0.8743217733935210179, 0.9079479805777970203, 1.000000000000000000),
 ( 0.8737433551414629518, 0.9075243227206629681, 1.000000000000000000),
 ( 0.8731775722468280154, 0.9071099195307700258, 1.000000000000000000) ) ) 
 REPRESENTATION_ITEM ( '' )  SURFACE ( )  );
#1925 = CARTESIAN_POINT ( 'NONE',  ( 110.6380300793533564, 0.04366603047084011147, 6.276528257179914583 ) ) ;
#1926 = AXIS2_PLACEMENT_3D ( 'NONE', #5395, #6744, #2436 ) ;
#1927 = CARTESIAN_POINT ( 'NONE',  ( 112.2836101657597965, 19.62942113234170094, -7.559816744955110579 ) ) ;
#1928 = ORIENTED_EDGE ( 'NONE', *, *, #5479, .T. ) ;
#1929 = ADVANCED_FACE ( 'NONE', ( #6843, #1073 ), #572, .T. ) ;
#1930 =( NAMED_UNIT ( * ) SI_UNIT ( $, .STERADIAN. ) SOLID_ANGLE_UNIT ( ) );
#1931 = ORIENTED_EDGE ( 'NONE', *, *, #6623, .F. ) ;
#1932 = CARTESIAN_POINT ( 'NONE',  ( 107.8079878663880038, 0.2085355261295725182, 6.616704489087990027 ) ) ;
#1933 = ORIENTED_EDGE ( 'NONE', *, *, #3759, .F. ) ;
#1934 = CARTESIAN_POINT ( 'NONE',  ( 1.715021725903380645, 18.80840998043050405, 0.2872899897543355063 ) ) ;
#1935 = AXIS2_PLACEMENT_3D ( 'NONE', #4065, #1331, #5833 ) ;
#1936 = CARTESIAN_POINT ( 'NONE',  ( 137.0000000000000000, 8.000000000000000000, 0.000000000000000000 ) ) ;
#1937 = DIRECTION ( 'NONE',  ( 0.000000000000000000, 0.000000000000000000, -1.000000000000000000 ) ) ;
#1938 = CARTESIAN_POINT ( 'NONE',  ( 109.0071838863979963, 0.3099817767251876743, -6.800272565591261476 ) ) ;
#1939 = CARTESIAN_POINT ( 'NONE',  ( 113.5063471156767889, 0.7742865658338650148, -8.307140367724109353 ) ) ;
#1940 = ORIENTED_EDGE ( 'NONE', *, *, #5182, .F. ) ;
#1941 = DATE_TIME_ROLE ( 'classification_date' ) ;
#1942 = EDGE_LOOP ( 'NONE', ( #3520, #8045, #331 ) ) ;
#1943 = APPROVAL ( #1483, 'UNSPECIFIED' ) ;
#1944 = CARTESIAN_POINT ( 'NONE',  ( 109.9604033050436556, 19.09977673449111535, 7.022782570564699789 ) ) ;
#1945 = EDGE_CURVE ( 'NONE', #7244, #5003, #6971, .T. ) ;
#1946 = AXIS2_PLACEMENT_3D ( 'NONE', #6529, #3324, #3925 ) ;
#1947 = DIRECTION ( 'NONE',  ( 0.000000000000000000, 0.000000000000000000, 1.000000000000000000 ) ) ;
#1948 = CARTESIAN_POINT ( 'NONE',  ( 60.00000000000000000, -30.00000000000000000, 0.000000000000000000 ) ) ;
#1949 = CARTESIAN_POINT ( 'NONE',  ( 0.000000000000000000, 22.00000000000000000, 0.000000000000000000 ) ) ;
#1950 = CARTESIAN_POINT ( 'NONE',  ( 2.781020684318709524, 19.12642745078396089, 7.000000000000000000 ) ) ;
#1951 = CALENDAR_DATE ( 2026, 3, 9 ) ;
#1952 = DIRECTION ( 'NONE',  ( 0.000000000000000000, 1.000000000000000000, 0.000000000000000000 ) ) ;
#1953 = ORIENTED_EDGE ( 'NONE', *, *, #5767, .T. ) ;
#1954 = CARTESIAN_POINT ( 'NONE',  ( 0.000000000000000000, 0.000000000000000000, 0.000000000000000000 ) ) ;
#1955 = CARTESIAN_POINT ( 'NONE',  ( 135.1853337569911275, 15.89515867634933599, 16.46785605867766122 ) ) ;
#1956 = AXIS2_PLACEMENT_3D ( 'NONE', #3313, #4113, #6681 ) ;
#1957 = CARTESIAN_POINT ( 'NONE',  ( 146.4464256596835980, -8.890127078178910125, -19.63893517515699827 ) ) ;
#1958 = PLANE ( 'NONE',  #2972 ) ;
#1959 = LINE ( 'NONE', #4530, #3497 ) ;
#1960 = ORIENTED_EDGE ( 'NONE', *, *, #101, .T. ) ;
#1961 = EDGE_CURVE ( 'NONE', #8027, #2519, #2133, .T. ) ;
#1962 = CARTESIAN_POINT ( 'NONE',  ( 0.000000000000000000, 19.75000000000000000, 1.199999999999999956 ) ) ;
#1963 = EDGE_LOOP ( 'NONE', ( #625, #6875, #6780, #7503 ) ) ;
#1964 = VECTOR ( 'NONE', #2732, 1000.000000000000114 ) ;
#1965 = CARTESIAN_POINT ( 'NONE',  ( 110.1692934955629539, 0.04066146153239186267, 6.094732912383377332 ) ) ;
#1966 = CARTESIAN_POINT ( 'NONE',  ( 1.017519744401138126, 1.493226378986386216, 0.7398395684795799898 ) ) ;
#1967 = DIRECTION ( 'NONE',  ( -5.204170427930419311E-16, -3.469446951953610245E-16, -1.000000000000000000 ) ) ;
#1968 = CYLINDRICAL_SURFACE ( 'NONE', #7111, 1.000000000000000000 ) ;
#1969 = CARTESIAN_POINT ( 'NONE',  ( 0.000000000000000000, 20.00000000000000000, 0.000000000000000000 ) ) ;
#1970 = ADVANCED_FACE ( 'NONE', ( #2424 ), #5550, .T. ) ;
#1971 = CARTESIAN_POINT ( 'NONE',  ( 113.4933223302539176, 0.5916855714630077090, -8.246617220211216903 ) ) ;
#1972 = VERTEX_POINT ( 'NONE', #6720 ) ;
#1973 = LOCAL_TIME ( 21, 5, 34.00000000000000000, #4800 ) ;
#1974 = ORIENTED_EDGE ( 'NONE', *, *, #996, .F. ) ;
#1975 = CARTESIAN_POINT ( 'NONE',  ( 113.4936976621494011, 0.5963274410514129986, 8.248166869616289532 ) ) ;
#1976 = ORIENTED_EDGE ( 'NONE', *, *, #6234, .T. ) ;
#1977 = CARTESIAN_POINT ( 'NONE',  ( 1.450054041750957756, 18.71354104306228905, 0.4293786870106719999 ) ) ;
#1978 =( BOUNDED_SURFACE ( )  B_SPLINE_SURFACE ( 3, 2, ( 
 ( #1328, #3893, #694 ),
 ( #4441, #5742, #5829 ),
 ( #732, #8299, #772 ),
 ( #62, #7008, #6375 ),
 ( #7045, #652, #3212 ),
 ( #5785, #7759, #2004 ),
 ( #4573, #190, #2126 ),
 ( #5439, #818, #6031 ),
 ( #5320, #6075, #6583 ),
 ( #4100, #8005, #903 ),
 ( #3337, #3389, #7371 ),
 ( #2247, #941, #4019 ),
 ( #1618, #1580, #2839 ),
 ( #5950, #7249, #147 ) ),
 .UNSPECIFIED., .F., .F., .F. ) 
 B_SPLINE_SURFACE_WITH_KNOTS ( ( 4, 2, 2, 2, 2, 2, 4 ),
 ( 3, 3 ),
 ( 1.570796326794895004, 1.963495408493620031, 2.356194490192344837, 2.552544031041704908, 2.748893571891069865, 2.945243112740429936, 3.141592653589795336 ),
 ( 0.000000000000000000, 1.000000000000000000 ),
 .UNSPECIFIED. ) 
 GEOMETRIC_REPRESENTATION_ITEM ( )  RATIONAL_B_SPLINE_SURFACE ( (
 ( 1.000000000000000000, 1.000000000000000000, 1.000000000000000000),
 ( 1.000000000000000000, 1.000158582174064170, 1.000000000000000000),
 ( 1.000000000000000000, 0.9867291873849279860, 1.000000000000000000),
 ( 1.000000000000000000, 0.9386556523773840199, 1.000000000000000000),
 ( 1.000000000000000000, 0.9038128866905680292, 1.000000000000000000),
 ( 1.000000000000000000, 0.8471316623313740468, 1.000000000000000000),
 ( 1.000000000000000000, 0.8275942669551149544, 1.000000000000000000),
 ( 1.000000000000000000, 0.7902180112882279950, 1.000000000000000000),
 ( 1.000000000000000000, 0.7723968187713090572, 1.000000000000000000),
 ( 1.000000000000000000, 0.7418334209258949929, 1.000000000000000000),
 ( 1.000000000000000000, 0.7291288917604099584, 1.000000000000000000),
 ( 1.000000000000000000, 0.7117460047829069492, 1.000000000000000000),
 ( 1.000000000000000000, 0.7070717266846630045, 1.000000000000000000),
 ( 1.000000000000000000, 0.7071067811865480168, 1.000000000000000000) ) ) 
 REPRESENTATION_ITEM ( '' )  SURFACE ( )  );
#1979 = CARTESIAN_POINT ( 'NONE',  ( 111.1258139098629982, 19.91443649532179805, 6.707221109786810409 ) ) ;
#1980 = ADVANCED_FACE ( 'NONE', ( #3519 ), #321, .T. ) ;
#1981 = CC_DESIGN_SECURITY_CLASSIFICATION ( #7476, ( #8323 ) ) ;
#1982 = EDGE_CURVE ( 'NONE', #4351, #4620, #8054, .T. ) ;
#1983 = PLANE ( 'NONE',  #7869 ) ;
#1984 = CARTESIAN_POINT ( 'NONE',  ( 109.8236730192914052, 18.99993126322744885, 0.000000000000000000 ) ) ;
#1985 = CARTESIAN_POINT ( 'NONE',  ( 147.4992961041500337, 10.35292779324920076, 20.02214867748134708 ) ) ;
#1986 = CARTESIAN_POINT ( 'NONE',  ( 109.9998163342939108, 0.9721988862520547503, -6.999930955036001379 ) ) ;
#1987 = EDGE_LOOP ( 'NONE', ( #6684, #6239 ) ) ;
#1988 = SECURITY_CLASSIFICATION_LEVEL ( 'unclassified' ) ;
#1989 = ORIENTED_EDGE ( 'NONE', *, *, #4143, .T. ) ;
#1990 = CARTESIAN_POINT ( 'NONE',  ( 112.1270318274518019, 19.68276276979569772, 7.447327796514520593 ) ) ;
#1991 = DIRECTION ( 'NONE',  ( 0.000000000000000000, 1.000000000000000000, 0.000000000000000000 ) ) ;
#1992 = CARTESIAN_POINT ( 'NONE',  ( 109.4090972518736038, 0.03948951343516369367, -6.004231169596820017 ) ) ;
#1993 = CARTESIAN_POINT ( 'NONE',  ( 107.8121371302624425, 0.1601290424468614360, 6.550088573221394483 ) ) ;
#1994 = DIRECTION ( 'NONE',  ( -0.3420201433256691015, 0.000000000000000000, 0.9396926207859082059 ) ) ;
#1995 = VECTOR ( 'NONE', #1673, 1000.000000000000000 ) ;
#1996 = APPROVAL_ROLE ( '' ) ;
#1997 = EDGE_CURVE ( 'NONE', #6546, #8190, #8102, .T. ) ;
#1998 = CARTESIAN_POINT ( 'NONE',  ( 1.836970198721029934E-16, 20.00000000000000000, 1.500000000000000000 ) ) ;
#1999 = ORIENTED_EDGE ( 'NONE', *, *, #3222, .T. ) ;
#2001 = CARTESIAN_POINT ( 'NONE',  ( 3.035766082959410049E-15, 17.26184658543300188, 2.607230121851674909 ) ) ;
#2000 = VECTOR ( 'NONE', #4273, 1000.000000000000227 ) ;
#2002 = CARTESIAN_POINT ( 'NONE',  ( 142.3610153762724053, -6.139430967320349986, 18.61446909329350063 ) ) ;
#2003 = LINE ( 'NONE', #4572, #2830 ) ;
#2004 = CARTESIAN_POINT ( 'NONE',  ( 1.017519744401145898, 19.26016043152045043, -1.493226378986386216 ) ) ;
#2005 = CARTESIAN_POINT ( 'NONE',  ( 0.8625208021273110814, 1.596622664762646471, -0.8949310202726938890 ) ) ;
#2006 = ORIENTED_EDGE ( 'NONE', *, *, #417, .F. ) ;
#2007 = LINE ( 'NONE', #4576, #5007 ) ;
#2008 = EDGE_LOOP ( 'NONE', ( #2101, #2063, #1542, #6615 ) ) ;
#2009 = CARTESIAN_POINT ( 'NONE',  ( 0.000000000000000000, 20.00000000000000000, 0.000000000000000000 ) ) ;
#2010 = EDGE_CURVE ( 'NONE', #7604, #6947, #4205, .T. ) ;
#2011 = CARTESIAN_POINT ( 'NONE',  ( 148.4739276611900038, -8.058822669345708789, 18.61829664549085095 ) ) ;
#2012 = DIRECTION ( 'NONE',  ( 0.6077829740196708519, 0.7941031774850194624, 0.000000000000000000 ) ) ;
#2013 = APPLICATION_CONTEXT ( 'configuration controlled 3d designs of mechanical parts and assemblies' ) ;
#2014 = ADVANCED_FACE ( 'NONE', ( #8302 ), #3215, .F. ) ;
#2015 = CARTESIAN_POINT ( 'NONE',  ( 106.3652025976682154, 18.96217650988829817, -7.000000000000000000 ) ) ;
#2016 = CIRCLE ( 'NONE', #6711, 2.000000000000001776 ) ;
#2017 = CARTESIAN_POINT ( 'NONE',  ( 113.2102604126512375, 0.3428064983866533355, -7.980330694367421707 ) ) ;
#2018 = ORIENTED_EDGE ( 'NONE', *, *, #2130, .T. ) ;
#2019 = CC_DESIGN_SECURITY_CLASSIFICATION ( #4824, ( #129 ) ) ;
#2020 = ORIENTED_EDGE ( 'NONE', *, *, #1233, .T. ) ;
#2021 = CARTESIAN_POINT ( 'NONE',  ( 109.6360297657337242, 20.00000000000000000, 0.9999999965867721885 ) ) ;
#2022 = ORIENTED_EDGE ( 'NONE', *, *, #2419, .F. ) ;
#2023 = B_SPLINE_CURVE_WITH_KNOTS ( 'NONE', 3,
 ( #1181, #2648, #551, #3119, #8247, #4594, #5887, #2491, #792, #6271, #5171, #5216, #7739, #1345, #3914, #712, #7779, #170, #7150, #1390 ),
 .UNSPECIFIED., .F., .F.,
 ( 4, 2, 2, 2, 2, 2, 2, 2, 2, 4 ),
 ( 0.000000000000000000, 0.2499999999999998335, 0.3749999999999996669, 0.4999999999999996669, 0.6249999999999995559, 0.6875000000000006661, 0.7499999999999995559, 0.8749999999999993339, 0.9375000000000002220, 1.000000000000000000 ),
 .UNSPECIFIED. ) ;
#2024 = CARTESIAN_POINT ( 'NONE',  ( 8.000000000000000000, -7.810249675906650424, 6.000000000000000000 ) ) ;
#2025 = CARTESIAN_POINT ( 'NONE',  ( 110.5383983974320046, 19.97644906001114862, 6.264669427645229938 ) ) ;
#2026 = LOCAL_TIME ( 21, 5, 34.00000000000000000, #5861 ) ;
#2027 = EDGE_CURVE ( 'NONE', #4756, #4351, #5683, .T. ) ;
#2028 = DIRECTION ( 'NONE',  ( 0.7886192640222903227, -0.5386919478482882218, -0.2964635588674571220 ) ) ;
#2029 = CARTESIAN_POINT ( 'NONE',  ( 8.000000000000000000, 7.299999999999999822, 6.000000000000000000 ) ) ;
#2030 = SPHERICAL_SURFACE ( 'NONE', #2431, 1.000000000000000000 ) ;
#2031 = CARTESIAN_POINT ( 'NONE',  ( 112.9305079324260106, 0.2359297961481484907, -7.759444961211880987 ) ) ;
#2032 = ORIENTED_EDGE ( 'NONE', *, *, #1356, .T. ) ;
#2033 = VECTOR ( 'NONE', #6032, 1000.000000000000000 ) ;
#2034 = VERTEX_POINT ( 'NONE', #6290 ) ;
#2035 = DIRECTION ( 'NONE',  ( -0.03262965486915147401, 0.9993969486382094924, -0.01187622312675261360 ) ) ;
#2036 = TOROIDAL_SURFACE ( 'NONE', #5254, 1.199999999999999956, 0.2500000000000000000 ) ;
#2037 = CARTESIAN_POINT ( 'NONE',  ( 123.0642098621476066, -0.8321133085786979189, -5.819161296495530600 ) ) ;
#2038 = CARTESIAN_POINT ( 'NONE',  ( 110.9979396675588106, 0.2561840602448934856, 7.050777294661719985 ) ) ;
#2039 = DIRECTION ( 'NONE',  ( -1.000000000000000000, 0.000000000000000000, 0.000000000000000000 ) ) ;
#2040 = CIRCLE ( 'NONE', #3104, 1.500000000000000000 ) ;
#2041 = PERSON_AND_ORGANIZATION ( #5375, #6038 ) ;
#2042 = DIRECTION ( 'NONE',  ( 0.000000000000000000, 0.000000000000000000, -1.000000000000000000 ) ) ;
#2043 = ORIENTED_EDGE ( 'NONE', *, *, #5864, .F. ) ;
#2044 = CARTESIAN_POINT ( 'NONE',  ( 1.770616071965643412, 19.76024626919915406, 0.2397537308007803569 ) ) ;
#2045 = CIRCLE ( 'NONE', #3779, 0.2500000000000002220 ) ;
#2046 = CARTESIAN_POINT ( 'NONE',  ( 113.1940858218924006, 19.92691381355844626, 7.132016777850899381 ) ) ;
#2047 = CARTESIAN_POINT ( 'NONE',  ( 146.1224718940089815, -6.287794555790519269, 13.14750455753675951 ) ) ;
#2048 = EDGE_CURVE ( 'NONE', #7683, #4851, #4627, .T. ) ;
#2049 = CARTESIAN_POINT ( 'NONE',  ( 113.4025365627665991, 0.9635178464171579860, 8.279106591220680045 ) ) ;
#2050 = CARTESIAN_POINT ( 'NONE',  ( 0.1494220505588729764, 2.375961465853156263, -2.063890948696074812 ) ) ;
#2051 = ORIENTED_EDGE ( 'NONE', *, *, #7828, .T. ) ;
#2052 = CARTESIAN_POINT ( 'NONE',  ( 1.707106781187665234, 19.70710678118708259, -6.707106781186760180 ) ) ;
#2053 = AXIS2_PLACEMENT_3D ( 'NONE', #4607, #7833, #178 ) ;
#2054 = VERTEX_POINT ( 'NONE', #5023 ) ;
#2055 = CARTESIAN_POINT ( 'NONE',  ( 113.4025997963563839, 18.88652285270470088, 8.279130362457289394 ) ) ;
#2056 = CARTESIAN_POINT ( 'NONE',  ( 8.000000000000000000, 0.6999999999999999556, 14.00000000000000000 ) ) ;
#2057 = CARTESIAN_POINT ( 'NONE',  ( 0.000000000000000000, 0.000000000000000000, 6.000000000000000000 ) ) ;
#2058 = DIRECTION ( 'NONE',  ( 1.000000000000000000, -0.000000000000000000, -0.000000000000000000 ) ) ;
#2059 = CARTESIAN_POINT ( 'NONE',  ( 113.2079532340976584, 0.3417215119692921244, -7.978445091549058787 ) ) ;
#2060 = ORIENTED_EDGE ( 'NONE', *, *, #2940, .T. ) ;
#2061 = ORIENTED_EDGE ( 'NONE', *, *, #4341, .T. ) ;
#2062 = CARTESIAN_POINT ( 'NONE',  ( 137.1076719900153478, 15.43136335146260585, 16.11904235391184059 ) ) ;
#2063 = ORIENTED_EDGE ( 'NONE', *, *, #1391, .F. ) ;
#2064 = CARTESIAN_POINT ( 'NONE',  ( 0.2066796630435309423, 1.905746416607087212, 2.270497850903701931 ) ) ;
#2065 = CARTESIAN_POINT ( 'NONE',  ( 108.5527980360086104, 19.88131869072174851, 6.474568174831720313 ) ) ;
#2066 = AXIS2_PLACEMENT_3D ( 'NONE', #975, #6107, #340 ) ;
#2067 = CARTESIAN_POINT ( 'NONE',  ( 3.000000000000000000, 7.299999999999999822, 11.50000000000000000 ) ) ;
#2068 = DIRECTION ( 'NONE',  ( 0.000000000000000000, 1.000000000000000000, 0.000000000000000000 ) ) ;
#2069 = CARTESIAN_POINT ( 'NONE',  ( 113.4025997963560002, 18.88652285270475062, 8.279130362457088665 ) ) ;
#2070 = CARTESIAN_POINT ( 'NONE',  ( 110.2316599924942295, 0.6840554423743934187, -7.012652866501865034 ) ) ;
#2071 = ORIENTED_EDGE ( 'NONE', *, *, #6088, .F. ) ;
#2072 = AXIS2_PLACEMENT_3D ( 'NONE', #4360, #525, #1869 ) ;
#2073 = EDGE_CURVE ( 'NONE', #3314, #4361, #4532, .T. ) ;
#2074 = FACE_OUTER_BOUND ( 'NONE', #2466, .T. ) ;
#2075 = CARTESIAN_POINT ( 'NONE',  ( 136.4282490259779479, -3.790965350620260299, -9.619095989232588906 ) ) ;
#2076 = FACE_OUTER_BOUND ( 'NONE', #7847, .T. ) ;
#2077 = CARTESIAN_POINT ( 'NONE',  ( 2.129518763937142456, 0.5067490173289133093, -6.879437326935825325 ) ) ;
#2078 = CARTESIAN_POINT ( 'NONE',  ( 3.000000000000000000, 6.599999999999999645, 7.000000000000000000 ) ) ;
#2079 = APPLICATION_PROTOCOL_DEFINITION ( 'international standard', 'config_control_design', 1994, #2434 ) ;
#2080 = FACE_OUTER_BOUND ( 'NONE', #1829, .T. ) ;
#2081 = ORIENTED_EDGE ( 'NONE', *, *, #2764, .F. ) ;
#2082 = CARTESIAN_POINT ( 'NONE',  ( 60.00000000000000000, -5.000000000000000000, 0.000000000000000000 ) ) ;
#2083 = EDGE_CURVE ( 'NONE', #515, #5255, #7550, .T. ) ;
#2084 = LINE ( 'NONE', #2125, #5510 ) ;
#2085 = EDGE_CURVE ( 'NONE', #3822, #3758, #8237, .T. ) ;
#2086 = DIRECTION ( 'NONE',  ( -0.02990262109231477811, 0.9995528166394258562, 0.000000000000000000 ) ) ;
#2087 = CARTESIAN_POINT ( 'NONE',  ( 0.6009994805188100253, 1.770906554907939912, 1.156359832361905982 ) ) ;
#2088 = CARTESIAN_POINT ( 'NONE',  ( 696.2582832678158411, 895.9560692359272025, 1302.661769518145320 ) ) ;
#2089 = EDGE_LOOP ( 'NONE', ( #2300, #8201, #7385, #3662, #6047, #5133 ) ) ;
#2090 = DIRECTION ( 'NONE',  ( 0.000000000000000000, 0.000000000000000000, 1.000000000000000000 ) ) ;
#2091 = ORIENTED_EDGE ( 'NONE', *, *, #7680, .F. ) ;
#2092 = CARTESIAN_POINT ( 'NONE',  ( 148.4699908262846293, -9.886706654452398269, 18.62876897426476930 ) ) ;
#2093 = AXIS2_PLACEMENT_3D ( 'NONE', #4744, #7264, #2769 ) ;
#2094 = DIRECTION ( 'NONE',  ( 0.5644578978191981955, 0.8254618595607743359, 0.000000000000000000 ) ) ;
#2095 = CARTESIAN_POINT ( 'NONE',  ( 147.8900550129140754, 10.05379205864390357, 20.17144948466310694 ) ) ;
#2096 = CARTESIAN_POINT ( 'NONE',  ( 109.8147378296892072, 0.2425544982610045031, 6.789277180199509765 ) ) ;
#2097 = DIRECTION ( 'NONE',  ( 1.719089139163134901E-31, -1.000000000000000000, 0.000000000000000000 ) ) ;
#2098 = VERTEX_POINT ( 'NONE', #1115 ) ;
#2099 = CC_DESIGN_PERSON_AND_ORGANIZATION_ASSIGNMENT ( #6956, #2916, ( #1514 ) ) ;
#2100 = VECTOR ( 'NONE', #8117, 1000.000000000000000 ) ;
#2101 = ORIENTED_EDGE ( 'NONE', *, *, #7571, .F. ) ;
#2102 = CARTESIAN_POINT ( 'NONE',  ( 139.4489782046582320, 14.61718590473982715, 16.99870639101093417 ) ) ;
#2103 = ORIENTED_EDGE ( 'NONE', *, *, #6805, .T. ) ;
#2104 = CARTESIAN_POINT ( 'NONE',  ( 62.00000000000000000, -30.00000000000000000, 6.000000000000000000 ) ) ;
#2105 = CARTESIAN_POINT ( 'NONE',  ( 109.9823225610553834, 19.98958655088330261, 6.065724277513700358 ) ) ;
#2106 = CARTESIAN_POINT ( 'NONE',  ( 1.707106781187729849, 0.2928932188133665515, -6.707106781187213151 ) ) ;
#2107 = CYLINDRICAL_SURFACE ( 'NONE', #2177, 1.000000000000000000 ) ;
#2108 = DIRECTION ( 'NONE',  ( -1.000000000000000000, 4.336808689942013792E-15, 0.000000000000000000 ) ) ;
#2109 = CARTESIAN_POINT ( 'NONE',  ( 112.6285887688102463, 19.49310123993647537, -7.802951108289800430 ) ) ;
#2110 = VERTEX_POINT ( 'NONE', #5789 ) ;
#2111 = CC_DESIGN_SECURITY_CLASSIFICATION ( #8010, ( #8319 ) ) ;
#2112 = CARTESIAN_POINT ( 'NONE',  ( 109.9822896739099036, 19.46232986257425779, 6.942035002790440501 ) ) ;
#2113 = EDGE_CURVE ( 'NONE', #254, #3353, #8222, .T. ) ;
#2114 = CARTESIAN_POINT ( 'NONE',  ( 133.4009354777690248, -1.967797664553004866, -8.517243967891880985 ) ) ;
#2115 = EDGE_CURVE ( 'NONE', #3919, #4745, #6160, .T. ) ;
#2116 = DIRECTION ( 'NONE',  ( 0.000000000000000000, 0.000000000000000000, -1.000000000000000000 ) ) ;
#2117 = DIRECTION ( 'NONE',  ( 1.000000000000000000, 0.000000000000000000, 0.000000000000000000 ) ) ;
#2118 = CARTESIAN_POINT ( 'NONE',  ( 3.000000000000000000, 17.00000000000000000, 0.000000000000000000 ) ) ;
#2119 = PERSON_AND_ORGANIZATION_ROLE ( 'creator' ) ;
#2120 = DIRECTION ( 'NONE',  ( 0.000000000000000000, 1.000000000000000000, 0.000000000000000000 ) ) ;
#2121 = EDGE_LOOP ( 'NONE', ( #492, #390, #7602 ) ) ;
#2122 = DIRECTION ( 'NONE',  ( 1.000000000000000000, 0.000000000000000000, 0.000000000000000000 ) ) ;
#2123 = CYLINDRICAL_SURFACE ( 'NONE', #5351, 2.000000000000001776 ) ;
#2124 = CARTESIAN_POINT ( 'NONE',  ( 125.5545182545909881, 17.32640274926989932, 12.84736900124082126 ) ) ;
#2125 = CARTESIAN_POINT ( 'NONE',  ( 0.000000000000000000, 0.5000000000000109912, 0.9499999999999999556 ) ) ;
#2126 = CARTESIAN_POINT ( 'NONE',  ( 1.170030629533379996, 19.38532288021784922, -1.409784746521413945 ) ) ;
#2127 = CARTESIAN_POINT ( 'NONE',  ( 0.000000000000000000, 20.00000000000000000, -0.9499999999999999556 ) ) ;
#2128 = PERSON_AND_ORGANIZATION ( #5375, #6038 ) ;
#2129 = EDGE_LOOP ( 'NONE', ( #6682, #6090, #8235, #2592 ) ) ;
#2130 = EDGE_CURVE ( 'NONE', #4677, #6645, #2151, .T. ) ;
#2131 = CARTESIAN_POINT ( 'NONE',  ( 139.1844280254852038, 14.34700621490562078, -10.62226310536106055 ) ) ;
#2132 = ORIENTED_EDGE ( 'NONE', *, *, #7608, .F. ) ;
#2133 = CIRCLE ( 'NONE', #6698, 1.000000000000000888 ) ;
#2134 = EDGE_CURVE ( 'NONE', #524, #5416, #5745, .T. ) ;
#2135 = DIRECTION ( 'NONE',  ( 0.000000000000000000, 0.000000000000000000, 1.000000000000000000 ) ) ;
#2136 = FACE_OUTER_BOUND ( 'NONE', #6819, .T. ) ;
#2137 = CARTESIAN_POINT ( 'NONE',  ( 148.7873186094453786, 10.32424018412980082, 16.60038189984980406 ) ) ;
#2138 = LINE ( 'NONE', #279, #4439 ) ;
#2139 = CARTESIAN_POINT ( 'NONE',  ( 108.9489777857745736, 0.05783038603436189973, -6.239663430547216727 ) ) ;
#2140 = VERTEX_POINT ( 'NONE', #7049 ) ;
#2141 = VERTEX_POINT ( 'NONE', #1827 ) ;
#2142 = CARTESIAN_POINT ( 'NONE',  ( 0.04947040167647440839, 2.457426081901178616, 2.638284059477273402 ) ) ;
#2143 = CARTESIAN_POINT ( 'NONE',  ( 110.1748044393275592, 19.98728001395302556, 6.100596767902232820 ) ) ;
#2144 = CARTESIAN_POINT ( 'NONE',  ( 3.000000000000000000, 0.000000000000000000, -3.000000000000000000 ) ) ;
#2145 = DIRECTION ( 'NONE',  ( 0.000000000000000000, 0.000000000000000000, -1.000000000000000000 ) ) ;
#2146 = EDGE_CURVE ( 'NONE', #2358, #8037, #1786, .T. ) ;
#2147 = DIRECTION ( 'NONE',  ( -1.000000000000000000, 0.000000000000000000, 0.000000000000000000 ) ) ;
#2148 = SHAPE_REPRESENTATION ( 'BratV1 Stanga de la Raul', ( #6993 ), #7241 ) ;
#2149 = DIRECTION ( 'NONE',  ( -0.7613763160049186185, 0.5817069397674078379, 0.2862221893096619230 ) ) ;
#2150 = ORIENTED_EDGE ( 'NONE', *, *, #1803, .T. ) ;
#2151 = B_SPLINE_CURVE_WITH_KNOTS ( 'NONE', 3,
 ( #6378, #3177, #3679, #4490, #3852, #6247, #8174 ),
 .UNSPECIFIED., .F., .F.,
 ( 4, 3, 4 ),
 ( 0.000000000000000000, 0.002000000000038974941, 0.004989512778399460106 ),
 .UNSPECIFIED. ) ;
#2152 = LOCAL_TIME ( 21, 5, 34.00000000000000000, #8085 ) ;
#2153 = CARTESIAN_POINT ( 'NONE',  ( 120.7055738280867843, 0.1870754599071554891, -11.02451811867413944 ) ) ;
#2154 = EDGE_CURVE ( 'NONE', #5044, #898, #3136, .T. ) ;
#2155 = CARTESIAN_POINT ( 'NONE',  ( 149.0503717261175893, -8.081274705556770854, -14.21317294533736053 ) ) ;
#2156 = CARTESIAN_POINT ( 'NONE',  ( 55.00000000000000000, -5.000000000000000000, 6.000000000000000000 ) ) ;
#2157 = CARTESIAN_POINT ( 'NONE',  ( 1.707106781187729849, 0.2928932188133665515, -6.707106781187213151 ) ) ;
#2158 = CIRCLE ( 'NONE', #1878, 0.2500000000000000000 ) ;
#2159 = EDGE_CURVE ( 'NONE', #4491, #4401, #988, .T. ) ;
#2160 = MECHANICAL_CONTEXT ( 'NONE', #387, 'mechanical' ) ;
#2161 = CIRCLE ( 'NONE', #7798, 0.2500000000000000000 ) ;
#2162 = CARTESIAN_POINT ( 'NONE',  ( 0.2080419764749011913, 17.73182267173184457, 1.902265959894059444 ) ) ;
#2163 = ORIENTED_EDGE ( 'NONE', *, *, #7601, .T. ) ;
#2164 = DIRECTION ( 'NONE',  ( -0.9994674359039734668, -0.03263195623214619479, 0.000000000000000000 ) ) ;
#2165 = AXIS2_PLACEMENT_3D ( 'NONE', #2898, #6058, #4867 ) ;
#2166 = CARTESIAN_POINT ( 'NONE',  ( 126.0933560601741874, 18.30667491315309903, 11.97937101017643968 ) ) ;
#2167 = CIRCLE ( 'NONE', #6863, 1.000000000000000888 ) ;
#2168 = CARTESIAN_POINT ( 'NONE',  ( 133.1843026569626147, -2.940901478415249404, 8.438396069315752257 ) ) ;
#2169 = VECTOR ( 'NONE', #4090, 1000.000000000000114 ) ;
#2170 = CARTESIAN_POINT ( 'NONE',  ( 5.500999999999999446, 20.00000000000000000, -12.00000000000000000 ) ) ;
#2171 = CARTESIAN_POINT ( 'NONE',  ( 1.170030629533429956, 1.409784746521413945, 0.6146771197821209176 ) ) ;
#2172 = DIRECTION ( 'NONE',  ( 0.8205402480179571079, 0.000000000000000000, 0.5715887519735053379 ) ) ;
#2173 = DIRECTION ( 'NONE',  ( 0.000000000000000000, 1.000000000000000000, 0.000000000000000000 ) ) ;
#2174 = ORIENTED_EDGE ( 'NONE', *, *, #2656, .F. ) ;
#2175 = ADVANCED_FACE ( 'NONE', ( #5153 ), #7213, .F. ) ;
#2176 = ADVANCED_FACE ( 'NONE', ( #3896 ), #2672, .T. ) ;
#2177 = AXIS2_PLACEMENT_3D ( 'NONE', #2733, #4674, #2145 ) ;
#2178 = CARTESIAN_POINT ( 'NONE',  ( 109.9583729554592111, 0.03978144824520529754, 5.915965449577909041 ) ) ;
#2179 = CARTESIAN_POINT ( 'NONE',  ( 149.0603917663004268, 10.02762330132503443, 17.05825030142277754 ) ) ;
#2180 = DIRECTION ( 'NONE',  ( -1.000000000000000000, 0.000000000000000000, 0.000000000000000000 ) ) ;
#2181 = CARTESIAN_POINT ( 'NONE',  ( 109.8236730192891883, 1.006450157371265863, -0.9999999999991679989 ) ) ;
#2182 = AXIS2_PLACEMENT_3D ( 'NONE', #3122, #5185, #93 ) ;
#2183 = ORIENTED_EDGE ( 'NONE', *, *, #6809, .F. ) ;
#2184 = CARTESIAN_POINT ( 'NONE',  ( 147.4992961041500337, 10.35292779324920076, 20.02214867748134708 ) ) ;
#2185 = EDGE_LOOP ( 'NONE', ( #2723, #5804, #1837, #4978 ) ) ;
#2186 = DIRECTION ( 'NONE',  ( 0.000000000000000000, 0.000000000000000000, 1.000000000000000000 ) ) ;
#2187 = ORIENTED_EDGE ( 'NONE', *, *, #6556, .F. ) ;
#2188 = FACE_OUTER_BOUND ( 'NONE', #535, .T. ) ;
#2189 = FACE_OUTER_BOUND ( 'NONE', #5559, .T. ) ;
#2190 = EDGE_CURVE ( 'NONE', #3353, #5055, #186, .T. ) ;
#2191 = CARTESIAN_POINT ( 'NONE',  ( 147.6183369348202064, -7.102037035714899638, -13.69195490687150141 ) ) ;
#2192 = FACE_BOUND ( 'NONE', #7133, .T. ) ;
#2193 = CARTESIAN_POINT ( 'NONE',  ( 112.8125408501161644, 19.39408451949243783, -7.926078823402394669 ) ) ;
#2194 = ORIENTED_EDGE ( 'NONE', *, *, #4229, .F. ) ;
#2195 = CARTESIAN_POINT ( 'NONE',  ( 127.1618159291990082, -1.983403774175984902, -12.38554235455002051 ) ) ;
#2196 = CARTESIAN_POINT ( 'NONE',  ( 138.2831114884839963, -3.271572175838235008, -10.29421071424070000 ) ) ;
#2197 = CARTESIAN_POINT ( 'NONE',  ( 8.000000000000000000, 6.599999999999999645, -7.000000000000079936 ) ) ;
#2198 = CARTESIAN_POINT ( 'NONE',  ( 0.7194935261262138670, 18.94977771079100393, -1.700309574887028052 ) ) ;
#2199 = CIRCLE ( 'NONE', #2495, 3.000000000000000000 ) ;
#2200 = DIRECTION ( 'NONE',  ( 0.000000000000000000, 1.000000000000000000, 0.000000000000000000 ) ) ;
#2201 = B_SPLINE_CURVE_WITH_KNOTS ( 'NONE', 3,
 ( #5114, #8179, #3774, #6382, #7687, #5027, #7597, #4983, #3643, #2380, #8226, #5067, #4365, #1833, #3011, #4938, #5573 ),
 .UNSPECIFIED., .F., .F.,
 ( 4, 2, 2, 2, 1, 2, 2, 2, 4 ),
 ( 0.000000000000000000, 0.2500000000000573430, 0.3750000000000923706, 0.4375000000001043055, 0.4687500000001048606, 0.4843750000001049161, 0.5000000000001050271, 0.7500000000000525135, 1.000000000000000000 ),
 .UNSPECIFIED. ) ;
#2202 = PERSON_AND_ORGANIZATION_ROLE ( 'creator' ) ;
#2203 = PRODUCT_RELATED_PRODUCT_CATEGORY ( 'detail', '', ( #2806 ) ) ;
#2204 = CARTESIAN_POINT ( 'NONE',  ( 140.8400101496116008, -5.254659816469030353, 12.28902349140729910 ) ) ;
#2205 = VERTEX_POINT ( 'NONE', #5908 ) ;
#2206 = DIRECTION ( 'NONE',  ( 0.3420201433256691015, 0.000000000000000000, 0.9396926207859082059 ) ) ;
#2207 = CARTESIAN_POINT ( 'NONE',  ( 109.6001099966550072, 18.99028763057805236, 6.849670406296509917 ) ) ;
#2208 = FACE_OUTER_BOUND ( 'NONE', #4192, .T. ) ;
#2209 = CARTESIAN_POINT ( 'NONE',  ( 110.1190518233527484, 19.92715122261337157, -6.375607663070548270 ) ) ;
#2210 = B_SPLINE_CURVE_WITH_KNOTS ( 'NONE', 3,
 ( #1750, #6974, #7429, #2343, #8183, #7556, #6296, #4899, #3776, #7599, #5575, #1674, #6342, #2472, #1835, #7468 ),
 .UNSPECIFIED., .F., .F.,
 ( 4, 2, 2, 2, 2, 2, 2, 4 ),
 ( 0.0001760889429417035045, 0.005534384564555959972, 0.01089268018617019912, 0.02160927142939869997, 0.02696756705101295559, 0.03232586267262724938, 0.03768415829424149460, 0.04304245391585574676 ),
 .UNSPECIFIED. ) ;
#2211 = CARTESIAN_POINT ( 'NONE',  ( 5.500000000000000000, 7.299999999999999822, 12.50000000000000000 ) ) ;
#2212 = DIRECTION ( 'NONE',  ( 1.000000000000000000, 0.000000000000000000, 0.000000000000000000 ) ) ;
#2213 = DIRECTION ( 'NONE',  ( -0.7613763160049186185, 0.5817069397674078379, 0.2862221893096619230 ) ) ;
#2214 = VECTOR ( 'NONE', #487, 1000.000000000000000 ) ;
#2215 = ORIENTED_EDGE ( 'NONE', *, *, #4272, .F. ) ;
#2216 = CARTESIAN_POINT ( 'NONE',  ( 148.5524666665537836, 10.32947824558490169, 17.22429020410019973 ) ) ;
#2217 = LINE ( 'NONE', #7262, #5501 ) ;
#2218 = EDGE_CURVE ( 'NONE', #6311, #7980, #6464, .T. ) ;
#2219 = EDGE_LOOP ( 'NONE', ( #5677, #7570, #3240, #6936 ) ) ;
#2220 = CARTESIAN_POINT ( 'NONE',  ( 132.0634735079815982, 17.34962084999812859, -8.030447621410230497 ) ) ;
#2221 = VERTEX_POINT ( 'NONE', #5994 ) ;
#2222 = CARTESIAN_POINT ( 'NONE',  ( 0.000000000000000000, 17.00000000000000000, 4.000000000000000000 ) ) ;
#2223 = ORIENTED_EDGE ( 'NONE', *, *, #1078, .T. ) ;
#2224 = CARTESIAN_POINT ( 'NONE',  ( 107.8161785944026008, 19.73900687360024619, 6.673697885384500594 ) ) ;
#2225 = EDGE_CURVE ( 'NONE', #7785, #128, #107, .T. ) ;
#2226 = FACE_OUTER_BOUND ( 'NONE', #5540, .T. ) ;
#2227 = DIRECTION ( 'NONE',  ( 0.000000000000000000, 1.000000000000000000, 0.000000000000000000 ) ) ;
#2228 = CARTESIAN_POINT ( 'NONE',  ( 0.000000000000000000, 3.000000000000000000, -4.000000000000000000 ) ) ;
#2229 = CARTESIAN_POINT ( 'NONE',  ( 5.499000000000000554, 0.000000000000000000, -9.501000000000001222 ) ) ;
#2230 = VERTEX_POINT ( 'NONE', #697 ) ;
#2231 = CARTESIAN_POINT ( 'NONE',  ( 131.1714748656190181, -2.146161008829646999, -8.769964439076336049 ) ) ;
#2232 = EDGE_CURVE ( 'NONE', #2341, #6454, #5962, .T. ) ;
#2233 = CARTESIAN_POINT ( 'NONE',  ( 134.7644627015826018, -2.948781942110275001, -16.30963911343749828 ) ) ;
#2234 = ADVANCED_FACE ( 'NONE', ( #6508 ), #737, .T. ) ;
#2235 = CARTESIAN_POINT ( 'NONE',  ( 111.8449784407244323, 0.06283619752501991285, -0.6715172352407259293 ) ) ;
#2236 = CARTESIAN_POINT ( 'NONE',  ( 3.000000000000000000, 19.00000000000000000, -7.000000000000000000 ) ) ;
#2237 = CARTESIAN_POINT ( 'NONE',  ( 109.8535738694783959, 0.006956536058199150503, 1.010883019453866050 ) ) ;
#2238 = LOCAL_TIME ( 21, 5, 34.00000000000000000, #3026 ) ;
#2239 = PERSON_AND_ORGANIZATION ( #5375, #6038 ) ;
#2240 = CARTESIAN_POINT ( 'NONE',  ( 146.8181844261281981, -7.977415231941450635, 14.46490098333066143 ) ) ;
#2241 = ORIENTED_EDGE ( 'NONE', *, *, #6441, .T. ) ;
#2242 = CARTESIAN_POINT ( 'NONE',  ( 109.8535738694962021, 0.006956536058732440062, 1.010883019453814091 ) ) ;
#2243 =( BOUNDED_SURFACE ( )  B_SPLINE_SURFACE ( 3, 2, ( 
 ( #4431, #1993, #5774 ),
 ( #1273, #6997, #642 ),
 ( #12, #2659, #6319 ),
 ( #4518, #5820, #4562 ),
 ( #7790, #3288, #3838 ),
 ( #2038, #7119, #1358 ),
 ( #3928, #3798, #5858 ),
 ( #2580, #7709, #2494 ) ),
 .UNSPECIFIED., .F., .F., .T. ) 
 B_SPLINE_SURFACE_WITH_KNOTS ( ( 4, 2, 2, 4 ),
 ( 3, 3 ),
 ( 0.000000000000000000, 0.001271176157730037962, 0.002542352315460075056, 0.005084704630920150112 ),
 ( 0.000000000000000000, 1.000000000000000000 ),
 .UNSPECIFIED. ) 
 GEOMETRIC_REPRESENTATION_ITEM ( )  RATIONAL_B_SPLINE_SURFACE ( (
 ( 1.000000000000000000, 0.9959293863778880818, 1.000000000000000000),
 ( 1.000000000000000000, 0.9956866105310799853, 1.000000000000000000),
 ( 1.000000000000000000, 0.9955221140499520560, 1.000000000000000000),
 ( 1.000000000000000000, 0.9958108630863670152, 1.000000000000000000),
 ( 1.000000000000000000, 0.9964052467863100393, 1.000000000000000000),
 ( 1.000000000000000000, 0.9987594747454209276, 1.000000000000000000),
 ( 1.000000000000000000, 1.000316632629290048, 1.000000000000000000),
 ( 1.000000000000000000, 1.000000000000000000, 1.000000000000000000) ) ) 
 REPRESENTATION_ITEM ( '' )  SURFACE ( )  );
#2244 = CARTESIAN_POINT ( 'NONE',  ( 146.9526503818007654, -8.047637791034109256, 19.82318590585730078 ) ) ;
#2245 = APPROVAL ( #4208, 'UNSPECIFIED' ) ;
#2246 = CARTESIAN_POINT ( 'NONE',  ( 5.499000000000000554, 6.599999999999999645, 8.501000000000001222 ) ) ;
#2247 = CARTESIAN_POINT ( 'NONE',  ( 2.607305765700779876, 18.98710782321614943, -0.01933826517584500207 ) ) ;
#2248 = CYLINDRICAL_SURFACE ( 'NONE', #2281, 3.000000000000000000 ) ;
#2249 = ADVANCED_FACE ( 'NONE', ( #5872 ), #150, .F. ) ;
#2250 = PERSON_AND_ORGANIZATION_ROLE ( 'creator' ) ;
#2251 = CARTESIAN_POINT ( 'NONE',  ( 123.5903416698211998, 18.10208273456870032, -4.946479841322610760 ) ) ;
#2252 = ORIENTED_EDGE ( 'NONE', *, *, #8079, .F. ) ;
#2253 = PRODUCT ( 'Pin ochelari de la Raul', 'Pin ochelari de la Raul', '', ( #4564 ) ) ;
#2254 = CARTESIAN_POINT ( 'NONE',  ( 108.6192609635534012, 0.02631768018062034808, 6.008018324441400715 ) ) ;
#2255 = DIRECTION ( 'NONE',  ( 0.9360434818771683485, -5.204170427930386573E-15, -0.3518843560536150106 ) ) ;
#2256 = LINE ( 'NONE', #6042, #680 ) ;
#2257 = CARTESIAN_POINT ( 'NONE',  ( 109.7889102892970925, 0.04001914206450345179, -6.074590741821166873 ) ) ;
#2258 = CIRCLE ( 'NONE', #6692, 0.9499999999999999556 ) ;
#2259 = VERTEX_POINT ( 'NONE', #5240 ) ;
#2260 = CARTESIAN_POINT ( 'NONE',  ( 145.5110443490221996, 12.70455763068770061, -13.98914090323024162 ) ) ;
#2261 = VERTEX_POINT ( 'NONE', #2052 ) ;
#2262 = ORIENTED_EDGE ( 'NONE', *, *, #3749, .T. ) ;
#2263 = EDGE_CURVE ( 'NONE', #4055, #1633, #5361, .T. ) ;
#2264 = DIRECTION ( 'NONE',  ( 0.000000000000000000, 0.000000000000000000, -1.000000000000000000 ) ) ;
#2265 = CARTESIAN_POINT ( 'NONE',  ( 0.3786408315590474860, 1.489143067042953961, -1.992762044695335133 ) ) ;
#2266 = DIRECTION ( 'NONE',  ( 0.000000000000000000, 0.000000000000000000, -1.000000000000000000 ) ) ;
#2267 = DIRECTION ( 'NONE',  ( 1.000000000000000000, 0.000000000000000000, 0.000000000000000000 ) ) ;
#2268 = ORIENTED_EDGE ( 'NONE', *, *, #1911, .T. ) ;
#2269 = CYLINDRICAL_SURFACE ( 'NONE', #5180, 1.500000000000000000 ) ;
#2270 = EDGE_CURVE ( 'NONE', #484, #3018, #5151, .T. ) ;
#2271 = FACE_OUTER_BOUND ( 'NONE', #1384, .T. ) ;
#2272 = CARTESIAN_POINT ( 'NONE',  ( 134.7775800398121362, 16.75359894041151776, -10.08247938411629185 ) ) ;
#2273 = CARTESIAN_POINT ( 'NONE',  ( 5.500000000000000000, 0.6999999999999999556, 10.49999999999999822 ) ) ;
#2274 = CARTESIAN_POINT ( 'NONE',  ( 110.0704950812503995, 0.2739926021452677163, -6.683628193554255859 ) ) ;
#2275 = APPROVAL_PERSON_ORGANIZATION ( #2287, #8304, #2365 ) ;
#2276 = DATE_TIME_ROLE ( 'classification_date' ) ;
#2277 = CARTESIAN_POINT ( 'NONE',  ( 111.5029582973686075, 0.06283619767730089234, 1.611209856019985009 ) ) ;
#2278 = VERTEX_POINT ( 'NONE', #4619 ) ;
#2279 = CARTESIAN_POINT ( 'NONE',  ( 2.737946604452147437, 9.623145977106497285E-11, 9.623145977106497285E-11 ) ) ;
#2280 = CARTESIAN_POINT ( 'NONE',  ( 3.000000000000000000, 20.00000000000000000, -6.000000000000000000 ) ) ;
#2281 = AXIS2_PLACEMENT_3D ( 'NONE', #308, #5321, #2879 ) ;
#2282 = LINE ( 'NONE', #4216, #7664 ) ;
#2283 = EDGE_CURVE ( 'NONE', #2205, #3282, #1784, .T. ) ;
#2284 = AXIS2_PLACEMENT_3D ( 'NONE', #7457, #2334, #1781 ) ;
#2285 = PLANE ( 'NONE',  #7814 ) ;
#2286 = CARTESIAN_POINT ( 'NONE',  ( 147.4971533711327254, 10.35294301746868229, 20.02787947776935695 ) ) ;
#2287 = PERSON_AND_ORGANIZATION ( #5375, #6038 ) ;
#2288 = CARTESIAN_POINT ( 'NONE',  ( 133.4868876759969680, 15.95761024346704993, -8.548528009616658707 ) ) ;
#2289 = VERTEX_POINT ( 'NONE', #5199 ) ;
#2290 = AXIS2_PLACEMENT_3D ( 'NONE', #7355, #5461, #4123 ) ;
#2291 = AXIS2_PLACEMENT_3D ( 'NONE', #3211, #4440, #3805 ) ;
#2292 = CARTESIAN_POINT ( 'NONE',  ( 109.4090972518743996, 0.03948951343516335366, 6.004231169594439699 ) ) ;
#2293 = EDGE_CURVE ( 'NONE', #5167, #7099, #3454, .T. ) ;
#2294 = CIRCLE ( 'NONE', #5511, 0.9999999999999991118 ) ;
#2295 = CARTESIAN_POINT ( 'NONE',  ( 110.1993144839400571, 0.3286663766655489316, 7.002140839812086348 ) ) ;
#2296 = DIRECTION ( 'NONE',  ( -4.954937092193129892E-16, 0.000000000000000000, -1.000000000000000000 ) ) ;
#2297 = CARTESIAN_POINT ( 'NONE',  ( 145.4378635181513744, 11.80707839702773931, 12.89832748659529926 ) ) ;
#2298 = ORIENTED_EDGE ( 'NONE', *, *, #3483, .F. ) ;
#2299 = CARTESIAN_POINT ( 'NONE',  ( 127.0869548557943887, 18.48064933642814367, -6.219142961783069801 ) ) ;
#2300 = ORIENTED_EDGE ( 'NONE', *, *, #1570, .F. ) ;
#2301 = CARTESIAN_POINT ( 'NONE',  ( 137.0000000000000000, 0.000000000000000000, 3.000000000000000000 ) ) ;
#2302 = UNCERTAINTY_MEASURE_WITH_UNIT (LENGTH_MEASURE( 1.000000000000000082E-05 ), #5710, 'distance_accuracy_value', 'NONE');
#2303 = VERTEX_POINT ( 'NONE', #6632 ) ;
#2304 = CARTESIAN_POINT ( 'NONE',  ( 3.000000000000000000, 19.00000000000000000, -7.000000000000000000 ) ) ;
#2305 = AXIS2_PLACEMENT_3D ( 'NONE', #6468, #701, #1334 ) ;
#2306 = CARTESIAN_POINT ( 'NONE',  ( 111.3640464643497978, 0.06400731243974526474, -6.722125743481369931 ) ) ;
#2307 = VECTOR ( 'NONE', #861, 1000.000000000000000 ) ;
#2308 = CARTESIAN_POINT ( 'NONE',  ( 149.0594765572744222, 9.514473665951369341, -17.06068483902384969 ) ) ;
#2309 = B_SPLINE_CURVE_WITH_KNOTS ( 'NONE', 3,
 ( #4154, #6727, #961, #3100, #6931, #2382, #5029, #4865, #4941, #2306, #5494, #3647, #4410, #4324 ),
 .UNSPECIFIED., .F., .F.,
 ( 4, 2, 1, 1, 1, 1, 2, 2, 4 ),
 ( 0.000000000000000000, 0.2499999999999692468, 0.3749999999999601985, 0.4374999999999556466, 0.4687499999999536482, 0.4843749999999524269, 0.4921874999999519829, 0.4999999999999515943, 1.000000000000000000 ),
 .UNSPECIFIED. ) ;
#2310 = CARTESIAN_POINT ( 'NONE',  ( 149.6443950646691974, -10.00000000000000000, 15.50474992217694847 ) ) ;
#2311 = VERTEX_POINT ( 'NONE', #7848 ) ;
#2312 = CARTESIAN_POINT ( 'NONE',  ( 147.0310734037913960, -8.900913166251838149, -18.08194825274194883 ) ) ;
#2313 = CARTESIAN_POINT ( 'NONE',  ( 142.6699864724705549, -6.888106547127265777, -19.28154180303792486 ) ) ;
#2314 = DIRECTION ( 'NONE',  ( 0.000000000000000000, 1.000000000000000000, 0.000000000000000000 ) ) ;
#2315 = CARTESIAN_POINT ( 'NONE',  ( 107.8264114977261983, 0.1183738699775610109, 6.471069865928519960 ) ) ;
#2316 = CARTESIAN_POINT ( 'NONE',  ( 107.8480093316960193, 0.1165687683463859925, -6.466355423406930036 ) ) ;
#2317 = EDGE_CURVE ( 'NONE', #696, #1424, #2007, .T. ) ;
#2318 = CONTEXT_DEPENDENT_SHAPE_REPRESENTATION ( #125, #5355 ) ;
#2319 = ORIENTED_EDGE ( 'NONE', *, *, #693, .T. ) ;
#2320 = CARTESIAN_POINT ( 'NONE',  ( 2.222152302202450080, 1.063966701603181964, 0.09595005240477320896 ) ) ;
#2321 = DIRECTION ( 'NONE',  ( -1.000000000000000000, 0.000000000000000000, 0.000000000000000000 ) ) ;
#2322 = AXIS2_PLACEMENT_3D ( 'NONE', #5471, #3537, #6026 ) ;
#2323 = CARTESIAN_POINT ( 'NONE',  ( 3.278243965221749859E-15, 1.811017388690383534, 5.188982611309622683 ) ) ;
#2324 = CARTESIAN_POINT ( 'NONE',  ( 3.000000000000000000, 3.000000000000000000, 0.000000000000000000 ) ) ;
#2325 = DIRECTION ( 'NONE',  ( 0.000000000000000000, 0.000000000000000000, 1.000000000000000000 ) ) ;
#2326 = PERSON_AND_ORGANIZATION_ROLE ( 'classification_officer' ) ;
#2327 = CARTESIAN_POINT ( 'NONE',  ( 107.2668513836644735, 19.58899924238758317, -6.808489159777717958 ) ) ;
#2328 = ORIENTED_EDGE ( 'NONE', *, *, #3203, .F. ) ;
#2329 = AXIS2_PLACEMENT_3D ( 'NONE', #3429, #3262, #3302 ) ;
#2330 = EDGE_CURVE ( 'NONE', #3094, #3971, #4057, .T. ) ;
#2331 = CARTESIAN_POINT ( 'NONE',  ( 143.0590185263550040, -5.983105064750730229, 19.42778959646640047 ) ) ;
#2332 = EDGE_CURVE ( 'NONE', #2261, #3627, #4672, .T. ) ;
#2333 = CARTESIAN_POINT ( 'NONE',  ( 107.7976269828429992, 0.2155315424312604922, 6.620168718237009919 ) ) ;
#2334 = DIRECTION ( 'NONE',  ( 0.000000000000000000, -1.000000000000000000, 0.000000000000000000 ) ) ;
#2335 = CARTESIAN_POINT ( 'NONE',  ( 133.3659851176315954, 16.92958154910439816, 9.568700849606159409 ) ) ;
#2336 = EDGE_LOOP ( 'NONE', ( #3439, #4780, #5141, #6851 ) ) ;
#2337 = CARTESIAN_POINT ( 'NONE',  ( 146.1844659870097871, 11.40290675261421960, -13.17006856208938004 ) ) ;
#2338 = ORIENTED_EDGE ( 'NONE', *, *, #5864, .T. ) ;
#2339 = CARTESIAN_POINT ( 'NONE',  ( 134.8581273054629719, 16.73537762227810077, 10.11179619126435902 ) ) ;
#2340 = DIRECTION ( 'NONE',  ( 0.000000000000000000, 0.000000000000000000, 1.000000000000000000 ) ) ;
#2341 = VERTEX_POINT ( 'NONE', #309 ) ;
#2342 = CARTESIAN_POINT ( 'NONE',  ( 147.8886938636780144, -10.00000000000000000, 20.17507026191099939 ) ) ;
#2343 = CARTESIAN_POINT ( 'NONE',  ( 116.8788409273240063, 0.8902501645751399462, 2.503693343798029769 ) ) ;
#2344 = APPROVAL ( #7163, 'UNSPECIFIED' ) ;
#2345 = CARTESIAN_POINT ( 'NONE',  ( 109.9674949821733065, 19.04870113220115613, -7.018098415910829502 ) ) ;
#2346 = DIRECTION ( 'NONE',  ( 0.000000000000000000, 3.469446951953610245E-16, -1.000000000000000000 ) ) ;
#2347 = CARTESIAN_POINT ( 'NONE',  ( 3.000000000000000000, 20.00000000000000000, -1.000000000000000000 ) ) ;
#2348 = ORIENTED_EDGE ( 'NONE', *, *, #2785, .F. ) ;
#2349 = DIRECTION ( 'NONE',  ( 0.000000000000000000, 0.000000000000000000, -1.000000000000000000 ) ) ;
#2350 = MANIFOLD_SOLID_BREP ( 'NONE', #5399 ) ;
#2351 = CARTESIAN_POINT ( 'NONE',  ( 113.0758263618070032, 19.23074448269084868, 8.097122786959140228 ) ) ;
#2352 = DIRECTION ( 'NONE',  ( 0.000000000000000000, 1.000000000000000000, 0.000000000000000000 ) ) ;
#2353 = CARTESIAN_POINT ( 'NONE',  ( 106.3649126752824117, 1.040709380695131969, -7.000000000000000000 ) ) ;
#2354 = CARTESIAN_POINT ( 'NONE',  ( 110.0874897437174269, 0.2060936674196943985, -6.589911027231972973 ) ) ;
#2355 = DATE_AND_TIME ( #4340, #4789 ) ;
#2356 = AXIS2_PLACEMENT_3D ( 'NONE', #840, #1516, #6648 ) ;
#2357 = ADVANCED_FACE ( 'NONE', ( #7413 ), #5481, .F. ) ;
#2358 = VERTEX_POINT ( 'NONE', #2882 ) ;
#2359 = CARTESIAN_POINT ( 'NONE',  ( 3.000000000000000000, 4.336808689942014778E-16, 1.000000000000000000 ) ) ;
#2360 = EDGE_CURVE ( 'NONE', #8233, #1702, #7672, .T. ) ;
#2361 = DIRECTION ( 'NONE',  ( 1.000000000000000000, 0.000000000000000000, 0.000000000000000000 ) ) ;
#2362 = CARTESIAN_POINT ( 'NONE',  ( 109.6174781541735967, 1.000000000000000000, -1.000000000000000000 ) ) ;
#2363 = DIRECTION ( 'NONE',  ( -1.719089139163134901E-31, 1.000000000000000000, 0.000000000000000000 ) ) ;
#2364 = LINE ( 'NONE', #4218, #8192 ) ;
#2365 = APPROVAL_ROLE ( '' ) ;
#2366 = DIRECTION ( 'NONE',  ( 0.000000000000000000, 0.000000000000000000, 1.000000000000000000 ) ) ;
#2367 = ORIENTED_EDGE ( 'NONE', *, *, #3455, .F. ) ;
#2368 = CC_DESIGN_SECURITY_CLASSIFICATION ( #1696, ( #8320 ) ) ;
#2369 = CARTESIAN_POINT ( 'NONE',  ( 125.4301498236788035, -0.6676952068081019043, 12.80061550519893920 ) ) ;
#2370 = CARTESIAN_POINT ( 'NONE',  ( 111.9699790173049081, 0.2220011362724763349, 7.346488924737597515 ) ) ;
#2371 = CARTESIAN_POINT ( 'NONE',  ( 121.6100586129406054, 19.12592844365117983, -10.29561317940781784 ) ) ;
#2372 = DIRECTION ( 'NONE',  ( 0.000000000000000000, 0.000000000000000000, 1.000000000000000000 ) ) ;
#2373 = CARTESIAN_POINT ( 'NONE',  ( 141.8983206624124591, 14.48115687784430961, 11.61003924420210964 ) ) ;
#2374 = EDGE_LOOP ( 'NONE', ( #5815, #1895, #140, #8093, #8146 ) ) ;
#2375 = EDGE_CURVE ( 'NONE', #8213, #2943, #4345, .T. ) ;
#2376 = CARTESIAN_POINT ( 'NONE',  ( 131.7214533646180143, 17.34962084980774932, -8.970140242186930735 ) ) ;
#2377 = ORIENTED_EDGE ( 'NONE', *, *, #182, .F. ) ;
#2378 = CARTESIAN_POINT ( 'NONE',  ( 110.9875377310064266, 0.2836965241531125836, -7.096185919451128754 ) ) ;
#2379 = DIRECTION ( 'NONE',  ( -1.734723475976804876E-16, 1.000000000000000000, 0.000000000000000000 ) ) ;
#2380 = CARTESIAN_POINT ( 'NONE',  ( 111.2172345644930544, 19.89992133758349624, -6.775774030673312964 ) ) ;
#2381 = CARTESIAN_POINT ( 'NONE',  ( 118.4010714646079947, 18.49267739412164957, -10.15819262643239895 ) ) ;
#2382 = CARTESIAN_POINT ( 'NONE',  ( 111.1998982131641895, 0.05801907534725622706, -6.621727626839679637 ) ) ;
#2383 = FACE_OUTER_BOUND ( 'NONE', #4173, .T. ) ;
#2384 = AXIS2_PLACEMENT_3D ( 'NONE', #5203, #7767, #7139 ) ;
#2385 = EDGE_LOOP ( 'NONE', ( #1301, #5032, #1928, #5691 ) ) ;
#2386 = DIRECTION ( 'NONE',  ( 0.000000000000000000, 0.000000000000000000, 1.000000000000000000 ) ) ;
#2387 = VERTEX_POINT ( 'NONE', #3585 ) ;
#2388 = CARTESIAN_POINT ( 'NONE',  ( 148.7083515827920053, -10.00000000000000000, 15.15286556612324809 ) ) ;
#2389 = ORIENTED_EDGE ( 'NONE', *, *, #4636, .T. ) ;
#2390 = CC_DESIGN_DATE_AND_TIME_ASSIGNMENT ( #4384, #3831, ( #7469 ) ) ;
#2391 = AXIS2_PLACEMENT_3D ( 'NONE', #1706, #4276, #7509 ) ;
#2392 = DIRECTION ( 'NONE',  ( 5.204170427930419311E-16, 1.734723475976804876E-16, 1.000000000000000000 ) ) ;
#2393 = EDGE_CURVE ( 'NONE', #4745, #5167, #3645, .T. ) ;
#2394 = CARTESIAN_POINT ( 'NONE',  ( 109.6174781541735967, 1.000000000000000000, 1.000000000000000000 ) ) ;
#2395 = DIRECTION ( 'NONE',  ( -1.000000000000000000, 0.000000000000000000, 0.000000000000000000 ) ) ;
#2396 = CARTESIAN_POINT ( 'NONE',  ( 109.8236730192734001, 1.006450157370804011, 4.336808689942020103E-15 ) ) ;
#2397 = CALENDAR_DATE ( 2026, 3, 9 ) ;
#2398 = ORIENTED_EDGE ( 'NONE', *, *, #4165, .T. ) ;
#2399 = CARTESIAN_POINT ( 'NONE',  ( 2.607305765700779876, 0.01933826517584500207, 1.012892176783895870 ) ) ;
#2400 = AXIS2_PLACEMENT_3D ( 'NONE', #32, #3266, #69 ) ;
#2401 = CARTESIAN_POINT ( 'NONE',  ( 106.6978224660646077, 19.34025658328230080, 6.940493646036509645 ) ) ;
#2402 = DIRECTION ( 'NONE',  ( 0.000000000000000000, 1.000000000000000000, 0.000000000000000000 ) ) ;
#2403 = PRODUCT_DEFINITION_FORMATION_WITH_SPECIFIED_SOURCE ( 'ANY', '', #1514, .NOT_KNOWN. ) ;
#2404 = CARTESIAN_POINT ( 'NONE',  ( 111.3720727828910100, 19.87531553506989823, -6.891829880036850042 ) ) ;
#2405 = LINE ( 'NONE', #4965, #4710 ) ;
#2406 = DATE_AND_TIME ( #6827, #5627 ) ;
#2407 =( BOUNDED_CURVE ( )  B_SPLINE_CURVE ( 3, ( #5263, #3281, #1348, #4598 ),
 .UNSPECIFIED., .F., .F. ) 
 B_SPLINE_CURVE_WITH_KNOTS ( ( 4, 4 ),
 ( 1.570796326794895004, 2.696031399646980020 ),
 .UNSPECIFIED. ) 
 CURVE ( )  GEOMETRIC_REPRESENTATION_ITEM ( )  RATIONAL_B_SPLINE_CURVE ( ( 1.000000000000000000, 0.8972412072652149462, 0.8972412072652149462, 1.000000000000000000 ) ) 
 REPRESENTATION_ITEM ( '' )  );
#2408 = CARTESIAN_POINT ( 'NONE',  ( 144.2160505931819898, -6.139430967320349986, -13.51780172254069967 ) ) ;
#2409 = VERTEX_POINT ( 'NONE', #4737 ) ;
#2410 = CC_DESIGN_APPROVAL ( #1830, ( #2956 ) ) ;
#2411 = CARTESIAN_POINT ( 'NONE',  ( 8.000000000000000000, 0.6999999999999999556, 14.00000000000000000 ) ) ;
#2412 = CARTESIAN_POINT ( 'NONE',  ( 110.0476145599060231, 0.3307118940938872931, 6.975548218157277880 ) ) ;
#2413 = CARTESIAN_POINT ( 'NONE',  ( 144.4438501331590601, 12.37187697129680330, -18.87428445260206189 ) ) ;
#2414 = DIRECTION ( 'NONE',  ( 0.000000000000000000, 0.000000000000000000, 1.000000000000000000 ) ) ;
#2415 = CARTESIAN_POINT ( 'NONE',  ( 126.7449347125614025, 18.48064933621990136, 7.158835582565989952 ) ) ;
#2416 = ADVANCED_FACE ( 'NONE', ( #4104 ), #6671, .F. ) ;
#2417 = VECTOR ( 'NONE', #2993, 1000.000000000000000 ) ;
#2418 = ORIENTED_EDGE ( 'NONE', *, *, #7941, .T. ) ;
#2419 = EDGE_CURVE ( 'NONE', #8077, #6576, #3530, .T. ) ;
#2420 = DIRECTION ( 'NONE',  ( 0.000000000000000000, 1.000000000000000000, 0.000000000000000000 ) ) ;
#2421 = CIRCLE ( 'NONE', #3234, 1.000000000000000222 ) ;
#2422 = VERTEX_POINT ( 'NONE', #5601 ) ;
#2423 = DIRECTION ( 'NONE',  ( -1.000000000000000000, 0.000000000000000000, 0.000000000000000000 ) ) ;
#2424 = FACE_OUTER_BOUND ( 'NONE', #6690, .T. ) ;
#2425 = CARTESIAN_POINT ( 'NONE',  ( 137.0000000000000000, 0.000000000000000000, 6.000000000000000000 ) ) ;
#2426 = CARTESIAN_POINT ( 'NONE',  ( 144.7359421723550099, 12.23847681196809845, -18.98457163420994576 ) ) ;
#2427 = B_SPLINE_CURVE_WITH_KNOTS ( 'NONE', 3,
 ( #2627, #902, #5949, #7968 ),
 .UNSPECIFIED., .F., .F.,
 ( 4, 4 ),
 ( 0.000000000000000000, 0.0001134804839570901868 ),
 .UNSPECIFIED. ) ;
#2428 = CARTESIAN_POINT ( 'NONE',  ( 134.5000000000000000, 7.299999999999999822, 11.50000000000000000 ) ) ;
#2429 = CARTESIAN_POINT ( 'NONE',  ( 106.7544384682876029, 19.37277418918539951, -6.928085257171540334 ) ) ;
#2430 = VERTEX_POINT ( 'NONE', #6915 ) ;
#2431 = AXIS2_PLACEMENT_3D ( 'NONE', #4638, #7190, #756 ) ;
#2432 = ORIENTED_EDGE ( 'NONE', *, *, #247, .T. ) ;
#2433 = CARTESIAN_POINT ( 'NONE',  ( 113.4998991504694033, 0.6155885605745380351, 8.257982685705329118 ) ) ;
#2434 = APPLICATION_CONTEXT ( 'configuration controlled 3d designs of mechanical parts and assemblies' ) ;
#2435 = EDGE_LOOP ( 'NONE', ( #6792, #3910, #995, #7965 ) ) ;
#2436 = DIRECTION ( 'NONE',  ( 0.000000000000000000, 0.000000000000000000, 1.000000000000000000 ) ) ;
#2437 = FACE_OUTER_BOUND ( 'NONE', #8232, .T. ) ;
#2438 = EDGE_CURVE ( 'NONE', #6267, #6719, #2498, .T. ) ;
#2439 = AXIS2_PLACEMENT_3D ( 'NONE', #3695, #1937, #1305 ) ;
#2440 = EDGE_CURVE ( 'NONE', #6311, #1820, #576, .T. ) ;
#2441 = CARTESIAN_POINT ( 'NONE',  ( 108.9981790307601841, 0.2073556040994300187, -6.640786548465679395 ) ) ;
#2442 = CARTESIAN_POINT ( 'NONE',  ( 110.6804117537705565, 0.3142460093897014861, -7.088454709029427647 ) ) ;
#2443 = ORIENTED_EDGE ( 'NONE', *, *, #7021, .T. ) ;
#2444 = AXIS2_PLACEMENT_3D ( 'NONE', #4691, #5991, #2086 ) ;
#2445 = COORDINATED_UNIVERSAL_TIME_OFFSET ( 2, 0, .AHEAD. ) ;
#2446 = ORIENTED_EDGE ( 'NONE', *, *, #4370, .F. ) ;
#2447 = CARTESIAN_POINT ( 'NONE',  ( 107.2766371786421189, 0.3341316578440303720, -6.746469669426090832 ) ) ;
#2448 = LINE ( 'NONE', #7106, #2634 ) ;
#2449 = CARTESIAN_POINT ( 'NONE',  ( 126.9108965764419992, 17.49817445640179869, 6.155062988579079963 ) ) ;
#2450 = CARTESIAN_POINT ( 'NONE',  ( 8.000000000000000000, 0.000000000000000000, -7.000000000000000000 ) ) ;
#2451 = CARTESIAN_POINT ( 'NONE',  ( 149.2570228453243999, 10.31374609175085943, 15.35256557408235167 ) ) ;
#2452 = CC_DESIGN_PERSON_AND_ORGANIZATION_ASSIGNMENT ( #8253, #7624, ( #2253 ) ) ;
#2453 = FACE_OUTER_BOUND ( 'NONE', #5241, .T. ) ;
#2454 = APPLICATION_PROTOCOL_DEFINITION ( 'international standard', 'config_control_design', 1994, #1141 ) ;
#2455 = CARTESIAN_POINT ( 'NONE',  ( 109.8236730192914052, 1.006450157371265863, 0.000000000000000000 ) ) ;
#2456 = ORIENTED_EDGE ( 'NONE', *, *, #6402, .F. ) ;
#2457 = CARTESIAN_POINT ( 'NONE',  ( 5.499000000000000554, 13.40000000000000036, -12.00000000000000000 ) ) ;
#2458 = CARTESIAN_POINT ( 'NONE',  ( 5.499000000000000554, 19.75000000000000000, 10.50099999999999945 ) ) ;
#2459 = CARTESIAN_POINT ( 'NONE',  ( 3.000000000000000000, 0.000000000000000000, -6.000000000000000000 ) ) ;
#2460 = CARTESIAN_POINT ( 'NONE',  ( 146.6007660257469922, -10.00000000000000000, -20.75922938773445026 ) ) ;
#2461 = SHAPE_REPRESENTATION ( 'Rama transversala V1 de la Raul', ( #6993 ), #6713 ) ;
#2462 = CARTESIAN_POINT ( 'NONE',  ( 113.2075782852756163, 19.99710712634495025, 2.231640792335479961 ) ) ;
#2463 = CIRCLE ( 'NONE', #7161, 1.000000000000000000 ) ;
#2464 = VERTEX_POINT ( 'NONE', #4967 ) ;
#2465 = CARTESIAN_POINT ( 'NONE',  ( 110.1929953962747959, 19.98747038457119984, -6.004091400336680096 ) ) ;
#2466 = EDGE_LOOP ( 'NONE', ( #785, #5840, #2770, #2894, #6844 ) ) ;
#2467 = CARTESIAN_POINT ( 'NONE',  ( 111.8904180273990079, 0.09217262018141880731, 7.051301507079909214 ) ) ;
#2468 = EDGE_CURVE ( 'NONE', #2034, #6893, #8293, .T. ) ;
#2469 = CARTESIAN_POINT ( 'NONE',  ( 148.8821912559367888, 10.86240310499026585, -14.15196026016985620 ) ) ;
#2470 = CARTESIAN_POINT ( 'NONE',  ( 109.6174781541735967, 1.000000000000000000, -1.000000000000000000 ) ) ;
#2471 = CARTESIAN_POINT ( 'NONE',  ( 112.8086618741545948, 18.92737276019004611, -8.055852846683370316 ) ) ;
#2472 = CARTESIAN_POINT ( 'NONE',  ( 146.1264596888281915, -6.289932917312968996, 13.14895599615132227 ) ) ;
#2473 = EDGE_CURVE ( 'NONE', #7471, #7818, #312, .T. ) ;
#2474 = DIRECTION ( 'NONE',  ( 0.000000000000000000, 0.000000000000000000, 1.000000000000000000 ) ) ;
#2475 = VERTEX_POINT ( 'NONE', #7669 ) ;
#2476 = ORIENTED_EDGE ( 'NONE', *, *, #6793, .T. ) ;
#2477 = CARTESIAN_POINT ( 'NONE',  ( 106.5246873945602175, 0.6726594629278610515, 6.945135009462990006 ) ) ;
#2478 = ORIENTED_EDGE ( 'NONE', *, *, #4788, .F. ) ;
#2479 = CARTESIAN_POINT ( 'NONE',  ( 3.035766082959410049E-15, 17.26184658543300188, -2.607230121851674909 ) ) ;
#2480 = ADVANCED_FACE ( 'NONE', ( #1859 ), #8152, .F. ) ;
#2481 = FACE_BOUND ( 'NONE', #1987, .T. ) ;
#2482 = CARTESIAN_POINT ( 'NONE',  ( 110.1178044695614631, 0.2459169870988907325, -6.856407643273340291 ) ) ;
#2483 = CARTESIAN_POINT ( 'NONE',  ( 109.1789990213684121, 0.3175646558110862272, -6.828113598456691413 ) ) ;
#2484 = SPHERICAL_SURFACE ( 'NONE', #2834, 1.000000000000000000 ) ;
#2485 = ORIENTED_EDGE ( 'NONE', *, *, #5345, .F. ) ;
#2486 = ADVANCED_FACE ( 'NONE', ( #5095 ), #6634, .T. ) ;
#2487 = APPROVAL_ROLE ( '' ) ;
#2488 = EDGE_CURVE ( 'NONE', #2517, #6490, #1276, .T. ) ;
#2489 = ORIENTED_EDGE ( 'NONE', *, *, #3407, .T. ) ;
#2490 = CARTESIAN_POINT ( 'NONE',  ( 109.9642328246540188, 19.06784239930446390, 7.020496480615482149 ) ) ;
#2491 = CARTESIAN_POINT ( 'NONE',  ( 131.7214533645450274, 17.34962084982375075, 8.970140242175091316 ) ) ;
#2492 = CYLINDRICAL_SURFACE ( 'NONE', #11, 0.9499999999999999556 ) ;
#2493 = CARTESIAN_POINT ( 'NONE',  ( 3.000000000000000000, 1.000000000000000000, 0.000000000000000000 ) ) ;
#2494 = CARTESIAN_POINT ( 'NONE',  ( 112.5513943275453954, 0.1585229760158045065, 7.481283546190899969 ) ) ;
#2495 = AXIS2_PLACEMENT_3D ( 'NONE', #2301, #999, #3521 ) ;
#2496 = CARTESIAN_POINT ( 'NONE',  ( 2.561063397309653489, 19.25346296801722090, 6.975941219983977426 ) ) ;
#2497 = COORDINATED_UNIVERSAL_TIME_OFFSET ( 2, 0, .AHEAD. ) ;
#2498 = LINE ( 'NONE', #6324, #2868 ) ;
#2499 = EDGE_LOOP ( 'NONE', ( #4630, #867, #1759, #1308 ) ) ;
#2500 = DIRECTION ( 'NONE',  ( 0.000000000000000000, 1.000000000000000000, 0.000000000000000000 ) ) ;
#2501 = CARTESIAN_POINT ( 'NONE',  ( 145.3141946333340115, 10.52251119222608011, 20.27557199926729936 ) ) ;
#2502 = CARTESIAN_POINT ( 'NONE',  ( 106.3647230434517894, 0.9973943710621530068, 6.999996605343159928 ) ) ;
#2503 = ADVANCED_FACE ( 'NONE', ( #6410 ), #7541, .T. ) ;
#2504 = CARTESIAN_POINT ( 'NONE',  ( 109.9999387557682837, 0.9814641883776346054, 6.999976976617499957 ) ) ;
#2505 = CARTESIAN_POINT ( 'NONE',  ( 107.8161785944026008, 34.51914434560579537, -20.14765559307450005 ) ) ;
#2506 = VERTEX_POINT ( 'NONE', #3712 ) ;
#2507 = CARTESIAN_POINT ( 'NONE',  ( 109.2542116392274210, 19.95695496389488355, -6.276176789051337579 ) ) ;
#2508 = ORGANIZATION ( 'NAUO-ORG2', 'UNSPECIFIED', 'UNSPECIFIED' ) ;
#2509 = ORIENTED_EDGE ( 'NONE', *, *, #3716, .F. ) ;
#2510 = CARTESIAN_POINT ( 'NONE',  ( 110.0874897437503677, 0.2060936674087531506, 6.589911027243852359 ) ) ;
#2511 = CARTESIAN_POINT ( 'NONE',  ( 3.000000000000000000, 20.00000000000000000, -1.000000000000000000 ) ) ;
#2512 = CARTESIAN_POINT ( 'NONE',  ( 110.1929953962747959, 19.98747038457119984, -6.004091400336680096 ) ) ;
#2513 = CARTESIAN_POINT ( 'NONE',  ( 113.4025997963560002, 18.88652285270475062, -8.279130362457079784 ) ) ;
#2514 = ORGANIZATION ( 'NAUO-ORG5', 'UNSPECIFIED', 'UNSPECIFIED' ) ;
#2515 = CARTESIAN_POINT ( 'NONE',  ( 113.0428737157423313, 0.2761378094471849121, -7.847594917963576222 ) ) ;
#2516 = ADVANCED_FACE ( 'NONE', ( #645 ), #5645, .T. ) ;
#2517 = VERTEX_POINT ( 'NONE', #1104 ) ;
#2518 = AXIS2_PLACEMENT_3D ( 'NONE', #7532, #2944, #4804 ) ;
#2519 = VERTEX_POINT ( 'NONE', #3671 ) ;
#2520 = CARTESIAN_POINT ( 'NONE',  ( 106.3647230434520026, 0.9973943710632870996, 6.999996605343170586 ) ) ;
#2521 = VERTEX_POINT ( 'NONE', #2455 ) ;
#2522 = CARTESIAN_POINT ( 'NONE',  ( -2.568098016956631841E-16, 2.878087782508966352, 2.918725188339308385 ) ) ;
#2523 = CARTESIAN_POINT ( 'NONE',  ( 0.000000000000000000, 17.00000000000000000, -4.000000000000000000 ) ) ;
#2524 = CARTESIAN_POINT ( 'NONE',  ( 111.2563885934910388, 0.2375843758391483207, -7.127488149824686481 ) ) ;
#2525 = CARTESIAN_POINT ( 'NONE',  ( 111.4250682086948245, 0.2691984470527470363, -7.231263261597972836 ) ) ;
#2526 = CARTESIAN_POINT ( 'NONE',  ( 110.1333125729603637, 0.8474961408455049527, -7.009759572386656146 ) ) ;
#2527 = EDGE_LOOP ( 'NONE', ( #1031, #3734, #1124, #3159 ) ) ;
#2528 = APPROVAL_ROLE ( '' ) ;
#2529 = ADVANCED_FACE ( 'NONE', ( #5014 ), #3250, .T. ) ;
#2530 = AXIS2_PLACEMENT_3D ( 'NONE', #197, #6469, #2094 ) ;
#2531 = EDGE_LOOP ( 'NONE', ( #3554, #2443, #7090, #4066, #5061 ) ) ;
#2532 = DIRECTION ( 'NONE',  ( -3.052110266376425176E-15, -1.000000000000000000, 8.673617379884030739E-15 ) ) ;
#2533 = CARTESIAN_POINT ( 'NONE',  ( 106.3657828942394019, 19.00000000000000000, 27.00000000000000000 ) ) ;
#2534 = DIRECTION ( 'NONE',  ( 0.000000000000000000, 0.000000000000000000, 1.000000000000000000 ) ) ;
#2535 = LINE ( 'NONE', #1315, #5265 ) ;
#2536 = CARTESIAN_POINT ( 'NONE',  ( 107.8051277868290043, 20.00000000000000000, -6.030361844275319072 ) ) ;
#2537 = APPROVAL_DATE_TIME ( #7792, #8148 ) ;
#2538 = DIRECTION ( 'NONE',  ( 0.000000000000000000, -1.000000000000000000, 0.000000000000000000 ) ) ;
#2539 = ORIENTED_EDGE ( 'NONE', *, *, #106, .T. ) ;
#2540 = CARTESIAN_POINT ( 'NONE',  ( 3.000000000000000000, 20.00000000000000000, 1.000000000000000000 ) ) ;
#2541 = CARTESIAN_POINT ( 'NONE',  ( 109.6742280262899953, 0.0006030513617851438997, 0.9456064708873449520 ) ) ;
#2542 = EDGE_CURVE ( 'NONE', #674, #500, #5420, .T. ) ;
#2543 = FACE_OUTER_BOUND ( 'NONE', #116, .T. ) ;
#2544 = CARTESIAN_POINT ( 'NONE',  ( 106.3649126752824117, 1.000000000000349942, 7.000000000000000000 ) ) ;
#2545 = CARTESIAN_POINT ( 'NONE',  ( 1.715021725828097532, 1.191590019593209648, -0.2872899897891250109 ) ) ;
#2546 = ORIENTED_EDGE ( 'NONE', *, *, #3407, .F. ) ;
#2547 = DIRECTION ( 'NONE',  ( 0.000000000000000000, 0.000000000000000000, 1.000000000000000000 ) ) ;
#2548 = ORIENTED_EDGE ( 'NONE', *, *, #5673, .T. ) ;
#2549 = FACE_OUTER_BOUND ( 'NONE', #3443, .T. ) ;
#2550 = CARTESIAN_POINT ( 'NONE',  ( 0.07808197337323899423, 2.214756338766505017, 2.476504225844305296 ) ) ;
#2551 = LINE ( 'NONE', #529, #2214 ) ;
#2552 = CARTESIAN_POINT ( 'NONE',  ( 111.2053294841623909, 18.97242078059554871, -7.453116332284570156 ) ) ;
#2553 = CARTESIAN_POINT ( 'NONE',  ( 113.3999434670951985, 18.89024882073280054, -8.278126585621350841 ) ) ;
#2554 = AXIS2_PLACEMENT_3D ( 'NONE', #6043, #2097, #2767 ) ;
#2555 = FACE_OUTER_BOUND ( 'NONE', #7141, .T. ) ;
#2556 = ORIENTED_EDGE ( 'NONE', *, *, #8243, .F. ) ;
#2557 = AXIS2_PLACEMENT_3D ( 'NONE', #5148, #6964, #5103 ) ;
#2558 = VERTEX_POINT ( 'NONE', #1998 ) ;
#2559 = CARTESIAN_POINT ( 'NONE',  ( 112.9305079324654031, 0.2359297961563039947, 7.759444961236839688 ) ) ;
#2560 = ORIENTED_EDGE ( 'NONE', *, *, #5408, .F. ) ;
#2561 = CARTESIAN_POINT ( 'NONE',  ( 0.000000000000000000, 17.00000000000000000, -3.000000000000000000 ) ) ;
#2562 = VECTOR ( 'NONE', #7314, 1000.000000000000000 ) ;
#2563 =( BOUNDED_SURFACE ( )  B_SPLINE_SURFACE ( 3, 2, ( 
 ( #7386, #2928, #4150 ),
 ( #1072, #3641, #403 ),
 ( #1634, #4193, #6208 ),
 ( #8136, #4320, #4936 ),
 ( #5532, #6765, #444 ),
 ( #6722, #2378, #6885 ),
 ( #4895, #360, #7508 ),
 ( #1745, #5571, #323 ) ),
 .UNSPECIFIED., .F., .F., .T. ) 
 B_SPLINE_SURFACE_WITH_KNOTS ( ( 4, 2, 2, 4 ),
 ( 3, 3 ),
 ( 0.000000000000000000, 0.001271176157730037962, 0.002542352315460075056, 0.005084704630920150112 ),
 ( 0.000000000000000000, 1.000000000000000000 ),
 .UNSPECIFIED. ) 
 GEOMETRIC_REPRESENTATION_ITEM ( )  RATIONAL_B_SPLINE_SURFACE ( (
 ( 1.000000000000000000, 0.9959293863778900802, 1.000000000000000000),
 ( 1.000000000000000000, 0.9956866105311490411, 1.000000000000000000),
 ( 1.000000000000000000, 0.9955221140498580201, 1.000000000000000000),
 ( 1.000000000000000000, 0.9958108630864609401, 1.000000000000000000),
 ( 1.000000000000000000, 0.9964052467864290552, 1.000000000000000000),
 ( 1.000000000000000000, 0.9987594747451870036, 1.000000000000000000),
 ( 1.000000000000000000, 1.000316632629466129, 1.000000000000000000),
 ( 1.000000000000000000, 1.000000000000000000, 1.000000000000000000) ) ) 
 REPRESENTATION_ITEM ( '' )  SURFACE ( )  );
#2564 = DIRECTION ( 'NONE',  ( 0.9396923317465776249, -0.0007843330717037105826, -0.3420200381239563714 ) ) ;
#2565 = CIRCLE ( 'NONE', #8061, 0.9499999999999999556 ) ;
#2566 = AXIS2_PLACEMENT_3D ( 'NONE', #2156, #7960, #2783 ) ;
#2567 = DIRECTION ( 'NONE',  ( 0.000000000000000000, -1.000000000000000000, 0.000000000000000000 ) ) ;
#2568 = CARTESIAN_POINT ( 'NONE',  ( 109.2571692957515950, 0.3203778444059232067, -6.840965435102891234 ) ) ;
#2569 = FACE_OUTER_BOUND ( 'NONE', #6990, .T. ) ;
#2570 = ORIENTED_EDGE ( 'NONE', *, *, #6251, .F. ) ;
#2571 = ITEM_DEFINED_TRANSFORMATION ( 'NONE', 'NONE', #5235,  #6993 ) ;
#2572 = CIRCLE ( 'NONE', #1898, 1.000000000000000000 ) ;
#2573 = ORIENTED_EDGE ( 'NONE', *, *, #6446, .T. ) ;
#2574 = CARTESIAN_POINT ( 'NONE',  ( 106.3883930297754006, 19.07017710494820051, 7.000000000000000000 ) ) ;
#2575 = VECTOR ( 'NONE', #2856, 1000.000000000000000 ) ;
#2576 = CARTESIAN_POINT ( 'NONE',  ( 121.9211384360436057, 18.35392968316829609, 4.338939549286604525 ) ) ;
#2577 = EDGE_CURVE ( 'NONE', #368, #105, #852, .T. ) ;
#2578 = CARTESIAN_POINT ( 'NONE',  ( 8.000000000000000000, 19.00000000000000000, 6.000000000000000000 ) ) ;
#2579 = AXIS2_PLACEMENT_3D ( 'NONE', #335, #6180, #2904 ) ;
#2580 = CARTESIAN_POINT ( 'NONE',  ( 112.5513943275453954, 0.1585229760157940149, 7.481283546190879541 ) ) ;
#2581 = FACE_OUTER_BOUND ( 'NONE', #1117, .T. ) ;
#2582 = SHAPE_DEFINITION_REPRESENTATION ( #4798, #2461 ) ;
#2583 = LINE ( 'NONE', #6624, #7421 ) ;
#2584 = ORIENTED_EDGE ( 'NONE', *, *, #1655, .F. ) ;
#2585 = CARTESIAN_POINT ( 'NONE',  ( 146.6007660257469922, 9.539544568843218997, 20.75922938773445026 ) ) ;
#2586 = CARTESIAN_POINT ( 'NONE',  ( 129.0247361167693896, -1.470161676907027815, 14.15191884474783812 ) ) ;
#2587 = LINE ( 'NONE', #3806, #5934 ) ;
#2588 = CARTESIAN_POINT ( 'NONE',  ( 0.1968529049455791657, 2.287394061905932308, -1.931086998585263892 ) ) ;
#2589 = ORIENTED_EDGE ( 'NONE', *, *, #5655, .T. ) ;
#2590 = EDGE_CURVE ( 'NONE', #6392, #4766, #6500, .T. ) ;
#2591 = DIRECTION ( 'NONE',  ( 1.000000000000000000, 0.000000000000000000, 0.000000000000000000 ) ) ;
#2592 = ORIENTED_EDGE ( 'NONE', *, *, #721, .F. ) ;
#2593 = CARTESIAN_POINT ( 'NONE',  ( 110.0728454032060455, 0.4140457104181101133, 6.826684312865545223 ) ) ;
#2594 = EDGE_CURVE ( 'NONE', #6161, #4585, #2463, .T. ) ;
#2595 = CARTESIAN_POINT ( 'NONE',  ( 0.6009994805188100253, 1.156359832361905982, 1.770906554907939912 ) ) ;
#2596 = DIRECTION ( 'NONE',  ( -1.000000000000000000, 0.000000000000000000, 0.000000000000000000 ) ) ;
#2597 = CARTESIAN_POINT ( 'NONE',  ( 106.3744333612441153, 0.8469420385395305395, 6.991079925777661686 ) ) ;
#2598 = CARTESIAN_POINT ( 'NONE',  ( 113.4011431239290033, 18.88839153019145201, -8.278582759435549221 ) ) ;
#2599 = AXIS2_PLACEMENT_3D ( 'NONE', #5406, #2213, #5734 ) ;
#2600 = SPHERICAL_SURFACE ( 'NONE', #134, 1.000000000000000000 ) ;
#2601 = EDGE_LOOP ( 'NONE', ( #7183, #1097, #5152, #5778 ) ) ;
#2602 = ORIENTED_EDGE ( 'NONE', *, *, #2930, .F. ) ;
#2603 = DIRECTION ( 'NONE',  ( -0.9995528166394257452, -0.02990262109231479545, 0.000000000000000000 ) ) ;
#2604 = VERTEX_POINT ( 'NONE', #7201 ) ;
#2605 = CARTESIAN_POINT ( 'NONE',  ( 1.029550818036569781, 18.51479565177661968, 0.7278084948441455593 ) ) ;
#2606 = AXIS2_PLACEMENT_3D ( 'NONE', #1069, #441, #7722 ) ;
#2607 = CARTESIAN_POINT ( 'NONE',  ( 110.0277444328047665, 19.67921648081835784, 6.781395102925399598 ) ) ;
#2608 = CARTESIAN_POINT ( 'NONE',  ( 149.7093515827920100, 6.599999999999999645, 7.000000000000079936 ) ) ;
#2609 = EDGE_CURVE ( 'NONE', #2464, #5044, #2583, .T. ) ;
#2610 = CARTESIAN_POINT ( 'NONE',  ( 133.9080096067089869, -2.719736377508405134, -15.98767496154214918 ) ) ;
#2611 = CARTESIAN_POINT ( 'NONE',  ( 106.3788522234510054, 0.8321075008869990297, -6.989258085364710382 ) ) ;
#2612 = ORIENTED_EDGE ( 'NONE', *, *, #2270, .T. ) ;
#2613 = DATE_AND_TIME ( #3283, #629 ) ;
#2614 = EDGE_LOOP ( 'NONE', ( #4510, #5744, #945 ) ) ;
#2615 = CARTESIAN_POINT ( 'NONE',  ( 106.5160799202291173, 0.6206223622684687857, -6.944265694615401330 ) ) ;
#2616 = CARTESIAN_POINT ( 'NONE',  ( 148.3614239807839965, 10.02920895314922056, 13.96241647307110156 ) ) ;
#2617 = CARTESIAN_POINT ( 'NONE',  ( 134.5000000000000000, 0.6999999999999999556, 11.50000000000000000 ) ) ;
#2618 = CARTESIAN_POINT ( 'NONE',  ( 1.917430067067538602, 0.3933419901600404556, -6.807555552532999599 ) ) ;
#2619 = LINE ( 'NONE', #3883, #4443 ) ;
#2620 = EDGE_CURVE ( 'NONE', #2110, #2054, #4567, .T. ) ;
#2621 = APPROVAL_ROLE ( '' ) ;
#2622 = CARTESIAN_POINT ( 'NONE',  ( 2.222152302202450080, 0.09595005240477320896, -1.063966701603181964 ) ) ;
#2623 = VERTEX_POINT ( 'NONE', #96 ) ;
#2624 = CARTESIAN_POINT ( 'NONE',  ( 0.8904653425075362838, 19.17136507688229941, 0.8286349231175224039 ) ) ;
#2625 = FACE_OUTER_BOUND ( 'NONE', #5178, .T. ) ;
#2626 = AXIS2_PLACEMENT_3D ( 'NONE', #2244, #7445, #4805 ) ;
#2627 = CARTESIAN_POINT ( 'NONE',  ( 106.3657828942394019, 19.00000000000000000, 7.000000000000000000 ) ) ;
#2628 = CARTESIAN_POINT ( 'NONE',  ( 113.4024101645252074, 0.9452817923051189952, 8.279059074663411621 ) ) ;
#2629 = CARTESIAN_POINT ( 'NONE',  ( 2.250406918778897314, 1.046807799291713748, -0.07021614558320854460 ) ) ;
#2630 = ORIENTED_EDGE ( 'NONE', *, *, #4959, .T. ) ;
#2631 = DIRECTION ( 'NONE',  ( 0.000000000000000000, 1.000000000000000000, 0.000000000000000000 ) ) ;
#2632 = EDGE_LOOP ( 'NONE', ( #4990, #7735, #7058, #3355 ) ) ;
#2633 = EDGE_CURVE ( 'NONE', #4745, #35, #8230, .T. ) ;
#2634 = VECTOR ( 'NONE', #81, 1000.000000000000000 ) ;
#2635 = FACE_BOUND ( 'NONE', #310, .T. ) ;
#2636 = CARTESIAN_POINT ( 'NONE',  ( 109.6360297657337384, 19.00000000000000000, -1.000000000000000000 ) ) ;
#2637 = CARTESIAN_POINT ( 'NONE',  ( 110.0000000000000000, 1.000000000000000000, 1.000000000000000000 ) ) ;
#2638 = EDGE_CURVE ( 'NONE', #6161, #2140, #5956, .T. ) ;
#2639 = CARTESIAN_POINT ( 'NONE',  ( 112.4813442564260697, 0.1485984588122883365, 7.434084072451000225 ) ) ;
#2640 = FACE_OUTER_BOUND ( 'NONE', #6527, .T. ) ;
#2641 = ORIENTED_EDGE ( 'NONE', *, *, #7730, .T. ) ;
#2642 = APPROVAL_PERSON_ORGANIZATION ( #3574, #3066, #6903 ) ;
#2643 = ORIENTED_EDGE ( 'NONE', *, *, #2113, .F. ) ;
#2644 = DIRECTION ( 'NONE',  ( 0.9396926207859346292, 0.000000000000000000, -0.3420201433255969925 ) ) ;
#2645 = EDGE_LOOP ( 'NONE', ( #2071, #1593, #7531 ) ) ;
#2646 = DIRECTION ( 'NONE',  ( 0.000000000000000000, 1.000000000000000000, 0.000000000000000000 ) ) ;
#2647 = DIRECTION ( 'NONE',  ( -1.000000000000000000, 0.000000000000000000, 0.000000000000000000 ) ) ;
#2648 = CARTESIAN_POINT ( 'NONE',  ( 113.2075782852756163, 19.99710712634495025, 2.231640792335479961 ) ) ;
#2649 = CARTESIAN_POINT ( 'NONE',  ( 110.1656931626149998, 1.006450157371265863, -0.06030737921327079115 ) ) ;
#2650 = CARTESIAN_POINT ( 'NONE',  ( 106.3649126752825964, 18.88652285270550024, 7.000000000000000000 ) ) ;
#2651 = CARTESIAN_POINT ( 'NONE',  ( 110.2383214068878203, 0.6686585578456906154, -7.010267323313930987 ) ) ;
#2652 = EDGE_LOOP ( 'NONE', ( #5162, #1694, #3887, #5863, #4444, #3274 ) ) ;
#2653 = CONTEXT_DEPENDENT_SHAPE_REPRESENTATION ( #6033, #6354 ) ;
#2654 = ORIENTED_EDGE ( 'NONE', *, *, #5258, .T. ) ;
#2655 = FACE_OUTER_BOUND ( 'NONE', #1963, .T. ) ;
#2656 = EDGE_CURVE ( 'NONE', #3832, #8099, #4621, .T. ) ;
#2657 = CARTESIAN_POINT ( 'NONE',  ( 136.6609782931595873, -2.822079549638705220, -9.703802515127458506 ) ) ;
#2658 = CARTESIAN_POINT ( 'NONE',  ( 5.499000000000000554, 13.40000000000000036, -8.501000000000001222 ) ) ;
#2659 = CARTESIAN_POINT ( 'NONE',  ( 108.6081502747013730, 0.2312370204301887888, 6.660766564943338963 ) ) ;
#2660 = DIRECTION ( 'NONE',  ( 0.000000000000000000, 0.000000000000000000, -1.000000000000000000 ) ) ;
#2661 = CIRCLE ( 'NONE', #7359, 1.000000000000000888 ) ;
#2662 = PERSON_AND_ORGANIZATION ( #5375, #6038 ) ;
#2663 = DIRECTION ( 'NONE',  ( 0.000000000000000000, -1.000000000000000000, 0.000000000000000000 ) ) ;
#2664 = ORIENTED_EDGE ( 'NONE', *, *, #5213, .T. ) ;
#2665 = CARTESIAN_POINT ( 'NONE',  ( 1.670546387488979878, 19.69649888402920013, 1.202334077313879979 ) ) ;
#2666 = CARTESIAN_POINT ( 'NONE',  ( 117.6040175797243990, 18.58156849775929942, 9.858558262802279870 ) ) ;
#2667 = CARTESIAN_POINT ( 'NONE',  ( 146.6007660257469922, -8.047637791034109256, 20.75922938773445026 ) ) ;
#2668 = CARTESIAN_POINT ( 'NONE',  ( 110.0000000000000284, 1.000000000003743228, 6.999999999999998224 ) ) ;
#2669 = DIRECTION ( 'NONE',  ( 0.000000000000000000, -1.000000000000000000, 0.000000000000000000 ) ) ;
#2670 = B_SPLINE_CURVE_WITH_KNOTS ( 'NONE', 3,
 ( #7917, #7198, #1440, #3375, #1402, #6696, #4008, #1526, #4723, #804, #4128, #5940, #2744, #4091, #929, #6658, #2867, #892, #3496, #7995, #3456, #4681, #7961, #6532, #297, #2784, #2198, #6020, #260, #2826, #5391, #7238, #762, #1480, #3328, #5896, #6619, #851, #3417, #5979, #219 ),
 .UNSPECIFIED., .F., .F.,
 ( 4, 2, 2, 1, 1, 1, 2, 2, 2, 2, 1, 1, 2, 2, 2, 2, 1, 1, 2, 2, 2, 2, 2, 4 ),
 ( 0.000000000000000000, 0.06249999999998144540, 0.09374999999997210565, 0.1093749999999674150, 0.1171874999999649863, 0.1210937499999638761, 0.1230468749999621275, 0.1249999999999603789, 0.1874999999999372169, 0.2187499999999256151, 0.2343749999999198974, 0.2421874999999171219, 0.2460937499999165667, 0.2499999999999160116, 0.3749999999999329425, 0.4374999999999414357, 0.4687499999999456546, 0.4843749999999478195, 0.4921874999999488742, 0.4999999999999499289, 0.6249999999999618083, 0.6874999999999682476, 0.7499999999999745759, 1.000000000000000000 ),
 .UNSPECIFIED. ) ;
#2671 = EDGE_LOOP ( 'NONE', ( #1396, #6014, #1667, #2630 ) ) ;
#2672 = CYLINDRICAL_SURFACE ( 'NONE', #6363, 2.498999999999999666 ) ;
#2673 = ORIENTED_EDGE ( 'NONE', *, *, #5146, .F. ) ;
#2674 = CARTESIAN_POINT ( 'NONE',  ( 148.2003663687800099, -8.922563096391799675, 14.96797406877560022 ) ) ;
#2675 = CARTESIAN_POINT ( 'NONE',  ( 108.6084624952605964, 20.00000000000000000, -6.001108117557629740 ) ) ;
#2676 = CARTESIAN_POINT ( 'NONE',  ( 149.6457593982948424, 10.01448041493945063, 15.50112067417123107 ) ) ;
#2677 = CARTESIAN_POINT ( 'NONE',  ( 106.3657828942394019, 19.00000000000000000, -7.000000000000000000 ) ) ;
#2678 = CARTESIAN_POINT ( 'NONE',  ( 113.5088529924240675, 0.6722844561337388836, -8.280345046444780976 ) ) ;
#2679 = ADVANCED_FACE ( 'NONE', ( #2080 ), #4649, .F. ) ;
#2680 = ORIENTED_EDGE ( 'NONE', *, *, #122, .T. ) ;
#2681 = EDGE_LOOP ( 'NONE', ( #6336, #646, #707, #7145, #4274, #623 ) ) ;
#2682 = CYLINDRICAL_SURFACE ( 'NONE', #2093, 2.498999999999999666 ) ;
#2683 = EDGE_LOOP ( 'NONE', ( #2446, #6641, #3596, #7315 ) ) ;
#2684 = DIRECTION ( 'NONE',  ( 0.000000000000000000, 0.000000000000000000, 1.000000000000000000 ) ) ;
#2685 = CARTESIAN_POINT ( 'NONE',  ( 106.3649126752824117, 1.040709380695131969, 7.000000000000000000 ) ) ;
#2686 = FACE_OUTER_BOUND ( 'NONE', #3020, .T. ) ;
#2687 = VECTOR ( 'NONE', #7976, 1000.000000000000000 ) ;
#2688 = CARTESIAN_POINT ( 'NONE',  ( 107.7976269828415923, 0.9999999999999670264, 6.000000000000000000 ) ) ;
#2689 = CARTESIAN_POINT ( 'NONE',  ( 8.000000000000000000, -7.810249675906650424, -6.000000000000000000 ) ) ;
#2690 = CARTESIAN_POINT ( 'NONE',  ( 113.3710955676036036, 0.4365944213815824981, -8.117432354019390672 ) ) ;
#2691 = ORIENTED_EDGE ( 'NONE', *, *, #1709, .F. ) ;
#2692 = EDGE_CURVE ( 'NONE', #25, #7559, #7974, .T. ) ;
#2693 = CIRCLE ( 'NONE', #6728, 20.00000000000000000 ) ;
#2694 = FACE_OUTER_BOUND ( 'NONE', #3953, .T. ) ;
#2695 = EDGE_CURVE ( 'NONE', #6392, #2726, #179, .T. ) ;
#2696 = AXIS2_PLACEMENT_3D ( 'NONE', #366, #291, #964 ) ;
#2697 = CARTESIAN_POINT ( 'NONE',  ( 142.3821263251630000, -5.827574054818399851, -12.85030787708479849 ) ) ;
#2698 = CARTESIAN_POINT ( 'NONE',  ( 107.8161785944026008, 20.00000000000000000, 6.000000000000000000 ) ) ;
#2699 = LINE ( 'NONE', #4644, #7682 ) ;
#2700 = DIRECTION ( 'NONE',  ( 0.000000000000000000, -1.000000000000000000, 0.000000000000000000 ) ) ;
#2701 = VECTOR ( 'NONE', #1271, 1000.000000000000000 ) ;
#2702 = CALENDAR_DATE ( 2026, 3, 9 ) ;
#2703 = DIRECTION ( 'NONE',  ( 0.000000000000000000, 0.000000000000000000, -1.000000000000000000 ) ) ;
#2704 = VERTEX_POINT ( 'NONE', #4171 ) ;
#2705 = CARTESIAN_POINT ( 'NONE',  ( 1.017519744401138126, 18.50677362101369994, 0.7398395684795799898 ) ) ;
#2706 = CIRCLE ( 'NONE', #2053, 1.000000000000000000 ) ;
#2707 = CARTESIAN_POINT ( 'NONE',  ( 145.7931754073249238, -8.443839911591425107, 19.39307059054724292 ) ) ;
#2708 = APPROVAL ( #3207, 'UNSPECIFIED' ) ;
#2709 = CARTESIAN_POINT ( 'NONE',  ( 136.6609782931712118, -2.822079549640255092, 9.703802515131629391 ) ) ;
#2710 = CARTESIAN_POINT ( 'NONE',  ( 137.0000000000000000, 0.6999999999999999556, 11.50000000000000000 ) ) ;
#2711 = CARTESIAN_POINT ( 'NONE',  ( 63.87500000000000000, -30.69597054535374880, 0.000000000000000000 ) ) ;
#2712 = APPROVAL_ROLE ( '' ) ;
#2713 = VERTEX_POINT ( 'NONE', #222 ) ;
#2714 = CARTESIAN_POINT ( 'NONE',  ( 106.3657828942394019, 19.00000000000000000, -7.000000000000000000 ) ) ;
#2715 = CIRCLE ( 'NONE', #3792, 0.9999999999999998890 ) ;
#2716 = ORIENTED_EDGE ( 'NONE', *, *, #585, .T. ) ;
#2717 = CARTESIAN_POINT ( 'NONE',  ( 149.6443950646691974, -8.081274705556760196, 15.50474992217694847 ) ) ;
#2718 = CARTESIAN_POINT ( 'NONE',  ( 3.000000000000000000, 0.000000000000000000, -4.000000000000000000 ) ) ;
#2719 = LINE ( 'NONE', #4069, #882 ) ;
#2720 = CYLINDRICAL_SURFACE ( 'NONE', #6312, 1.000000000000000000 ) ;
#2721 = CARTESIAN_POINT ( 'NONE',  ( 8.000000000000000000, 20.00000000000000000, -9.501000000000001222 ) ) ;
#2722 = VERTEX_POINT ( 'NONE', #1170 ) ;
#2723 = ORIENTED_EDGE ( 'NONE', *, *, #6489, .T. ) ;
#2724 = CARTESIAN_POINT ( 'NONE',  ( 142.5145643003691873, 13.35111083895676032, 18.15027886713077621 ) ) ;
#2725 = ADVANCED_FACE ( 'NONE', ( #7286 ), #2871, .T. ) ;
#2726 = VERTEX_POINT ( 'NONE', #935 ) ;
#2727 = CARTESIAN_POINT ( 'NONE',  ( 109.6501078090427939, 0.0006030513617903169536, -1.011876223126748187 ) ) ;
#2728 = UNCERTAINTY_MEASURE_WITH_UNIT (LENGTH_MEASURE( 1.000000000000000082E-05 ), #7373, 'distance_accuracy_value', 'NONE');
#2729 = CARTESIAN_POINT ( 'NONE',  ( 108.7484798367604100, 19.90795286627765037, 6.419958929128619651 ) ) ;
#2730 = EDGE_CURVE ( 'NONE', #3693, #4491, #897, .T. ) ;
#2731 = AXIS2_PLACEMENT_3D ( 'NONE', #6154, #1540, #5442 ) ;
#2732 = DIRECTION ( 'NONE',  ( 0.3479852726768659088, -0.9375000000000038858, 0.000000000000000000 ) ) ;
#2733 = CARTESIAN_POINT ( 'NONE',  ( 110.0000000000000000, 19.00000000000000000, 6.000000000000000000 ) ) ;
#2734 = DIRECTION ( 'NONE',  ( 4.625929269271489858E-16, 1.000000000000000000, 0.000000000000000000 ) ) ;
#2735 = CARTESIAN_POINT ( 'NONE',  ( 110.3163875287897611, 0.4558443624093743152, -6.935708313369445932 ) ) ;
#2736 = EDGE_LOOP ( 'NONE', ( #1500, #6418, #8198, #3770 ) ) ;
#2737 = CONTEXT_DEPENDENT_SHAPE_REPRESENTATION ( #6737, #4082 ) ;
#2738 = EDGE_CURVE ( 'NONE', #7060, #3906, #5434, .T. ) ;
#2739 = VECTOR ( 'NONE', #2420, 1000.000000000000000 ) ;
#2740 = CARTESIAN_POINT ( 'NONE',  ( 113.1029060339096048, 0.05753122341824199598, -7.098635657351529460 ) ) ;
#2741 = CARTESIAN_POINT ( 'NONE',  ( 109.4638458652562036, 19.97109433230304987, 6.216131546032129584 ) ) ;
#2742 = EDGE_CURVE ( 'NONE', #6645, #667, #4757, .T. ) ;
#2743 = DIRECTION ( 'NONE',  ( 0.000000000000000000, 1.000000000000000000, 0.000000000000000000 ) ) ;
#2744 = CARTESIAN_POINT ( 'NONE',  ( 0.06971567310855524002, 17.65197680962169713, -2.565348637537056664 ) ) ;
#2745 = DIRECTION ( 'NONE',  ( 0.000000000000000000, -1.000000000000000000, 0.000000000000000000 ) ) ;
#2746 = EDGE_CURVE ( 'NONE', #8233, #5110, #6255, .T. ) ;
#2747 = DATE_AND_TIME ( #301, #6132 ) ;
#2748 = CARTESIAN_POINT ( 'NONE',  ( 0.000000000000000000, 0.5000000000000109912, 0.000000000000000000 ) ) ;
#2749 = ORIENTED_EDGE ( 'NONE', *, *, #5319, .F. ) ;
#2750 = CARTESIAN_POINT ( 'NONE',  ( 8.000000000000000000, 0.6999999999999999556, 6.000000000000000000 ) ) ;
#2751 = CARTESIAN_POINT ( 'NONE',  ( 149.0221706692672115, 10.31899613928726112, -15.97647368981930072 ) ) ;
#2752 = CARTESIAN_POINT ( 'NONE',  ( 124.5312396921878673, -1.444375689887178460, -11.39636622602217919 ) ) ;
#2753 = EDGE_CURVE ( 'NONE', #7211, #2713, #439, .T. ) ;
#2754 = CARTESIAN_POINT ( 'NONE',  ( 136.4282490259779479, -3.790965350611351870, 9.619095989268226177 ) ) ;
#2755 = CARTESIAN_POINT ( 'NONE',  ( 109.8236730192914052, 18.99993126322744885, 0.000000000000000000 ) ) ;
#2756 = DIRECTION ( 'NONE',  ( 0.000000000000000000, 0.000000000000000000, -1.000000000000000000 ) ) ;
#2757 = PERSON_AND_ORGANIZATION ( #5375, #6038 ) ;
#2758 = EDGE_LOOP ( 'NONE', ( #3107, #6081, #7306, #2476 ) ) ;
#2759 = DIRECTION ( 'NONE',  ( 0.000000000000000000, 1.000000000000000000, 0.000000000000000000 ) ) ;
#2760 = ORIENTED_EDGE ( 'NONE', *, *, #5347, .T. ) ;
#2761 = CARTESIAN_POINT ( 'NONE',  ( 149.0552157854312725, -9.899529894119357465, 17.07201886925173540 ) ) ;
#2762 = CIRCLE ( 'NONE', #7732, 1.199999999999999956 ) ;
#2763 = DIRECTION ( 'NONE',  ( 0.000000000000000000, 1.000000000000000000, 0.000000000000000000 ) ) ;
#2764 = EDGE_CURVE ( 'NONE', #6745, #7903, #3245, .T. ) ;
#2765 = CARTESIAN_POINT ( 'NONE',  ( 112.5027200582097038, 0.1643590337566395443, 7.469420543885392227 ) ) ;
#2766 = DIRECTION ( 'NONE',  ( -1.000000000000000000, 0.000000000000000000, 0.000000000000000000 ) ) ;
#2767 = DIRECTION ( 'NONE',  ( 0.000000000000000000, 0.000000000000000000, -1.000000000000000000 ) ) ;
#2768 = EDGE_LOOP ( 'NONE', ( #1128, #1015, #7733 ) ) ;
#2769 = DIRECTION ( 'NONE',  ( 0.000000000000000000, 0.000000000000000000, -1.000000000000000000 ) ) ;
#2770 = ORIENTED_EDGE ( 'NONE', *, *, #7105, .T. ) ;
#2771 = CARTESIAN_POINT ( 'NONE',  ( 1.537535242571262284, 0.3787099363346468905, 1.252639734839299690 ) ) ;
#2772 = CARTESIAN_POINT ( 'NONE',  ( 111.7596233023840000, 19.78930674405534873, 7.179307913108540440 ) ) ;
#2773 = CARTESIAN_POINT ( 'NONE',  ( 3.000000000000000000, 13.40000000000000036, -9.501000000000001222 ) ) ;
#2774 = ADVANCED_FACE ( 'NONE', ( #4547 ), #7103, .T. ) ;
#2775 = CARTESIAN_POINT ( 'NONE',  ( 120.5841875559669916, 18.20775683482679952, 10.97888569771764189 ) ) ;
#2776 = PLANE ( 'NONE',  #6729 ) ;
#2777 = CARTESIAN_POINT ( 'NONE',  ( 146.9526503818007654, 9.539544568843169259, -19.82318590585730078 ) ) ;
#2778 = VERTEX_POINT ( 'NONE', #3276 ) ;
#2779 = CC_DESIGN_APPROVAL ( #1943, ( #7610 ) ) ;
#2780 = CARTESIAN_POINT ( 'NONE',  ( 106.3649126752824117, 1.000000000000000000, -7.000000000000000000 ) ) ;
#2781 =( BOUNDED_SURFACE ( )  B_SPLINE_SURFACE ( 3, 2, ( 
 ( #5566, #1825, #354 ),
 ( #6836, #5021, #396 ),
 ( #2923, #3090, #4855 ),
 ( #6966, #3551, #6159 ),
 ( #2297, #4315, #1700 ),
 ( #4930, #3591, #4268 ),
 ( #8131, #2373, #7420 ),
 ( #2960, #5528, #1666 ),
 ( #1029, #4358, #7501 ),
 ( #438, #8091, #1739 ),
 ( #6881, #7590, #5486 ),
 ( #5609, #6921, #2335 ),
 ( #8219, #1112, #6123 ),
 ( #1155, #3720, #4890 ),
 ( #1066, #7459, #2415 ),
 ( #3677, #4226, #3636 ),
 ( #8051, #5652, #6244 ),
 ( #480, #3044, #6287 ),
 ( #8171, #4976, #2462 ),
 ( #6798, #7548, #1783 ) ),
 .UNSPECIFIED., .F., .F., .F. ) 
 B_SPLINE_SURFACE_WITH_KNOTS ( ( 4, 2, 2, 2, 2, 2, 2, 2, 2, 4 ),
 ( 3, 3 ),
 ( 0.009947478393410169942, 0.01265185436308575995, 0.01535623033276140026, 0.02076498227211259762, 0.02346935824178814772, 0.02617373421146379844, 0.03158248615081499927, 0.03699123809016620357, 0.04239999002951740092, 0.05321749390821980258 ),
 ( 0.000000000000000000, 1.000000000000000000 ),
 .UNSPECIFIED. ) 
 GEOMETRIC_REPRESENTATION_ITEM ( )  RATIONAL_B_SPLINE_SURFACE ( (
 ( 1.000000000000000000, 0.7071067811865430208, 1.000000000000000000),
 ( 1.000000000000000000, 0.7071067811865430208, 1.000000000000000000),
 ( 1.000000000000000000, 0.7071067811865460184, 1.000000000000000000),
 ( 1.000000000000000000, 0.7071067811865460184, 1.000000000000000000),
 ( 1.000000000000000000, 0.7071067811865490160, 1.000000000000000000),
 ( 1.000000000000000000, 0.7071067811865490160, 1.000000000000000000),
 ( 1.000000000000000000, 0.7071067811865500152, 1.000000000000000000),
 ( 1.000000000000000000, 0.7071067811865500152, 1.000000000000000000),
 ( 1.000000000000000000, 0.7071067811865450192, 1.000000000000000000),
 ( 1.000000000000000000, 0.7071067811865450192, 1.000000000000000000),
 ( 1.000000000000000000, 0.7071067811865470176, 1.000000000000000000),
 ( 1.000000000000000000, 0.7071067811865470176, 1.000000000000000000),
 ( 1.000000000000000000, 0.7071067811865440200, 1.000000000000000000),
 ( 1.000000000000000000, 0.7071067811865440200, 1.000000000000000000),
 ( 1.000000000000000000, 0.7071067811865460184, 1.000000000000000000),
 ( 1.000000000000000000, 0.7071067811865460184, 1.000000000000000000),
 ( 1.000000000000000000, 0.7071067811865480168, 1.000000000000000000),
 ( 1.000000000000000000, 0.7071067811865480168, 1.000000000000000000),
 ( 1.000000000000000000, 0.7071067811865490160, 1.000000000000000000),
 ( 1.000000000000000000, 0.7071067811865490160, 1.000000000000000000) ) ) 
 REPRESENTATION_ITEM ( '' )  SURFACE ( )  );
#2782 = CARTESIAN_POINT ( 'NONE',  ( 108.1758737493371996, 19.81657835300244841, 6.577719845076910765 ) ) ;
#2783 = DIRECTION ( 'NONE',  ( -1.000000000000000000, 0.000000000000000000, 0.000000000000000000 ) ) ;
#2784 = CARTESIAN_POINT ( 'NONE',  ( 0.6269225563399242196, 18.83789962780950589, -1.775038133074386737 ) ) ;
#2785 = EDGE_CURVE ( 'NONE', #2726, #6377, #5211, .T. ) ;
#2786 = CARTESIAN_POINT ( 'NONE',  ( 107.7976269828425870, 0.000000000000000000, -6.000000000000000000 ) ) ;
#2787 = EDGE_CURVE ( 'NONE', #1713, #3906, #1251, .T. ) ;
#2788 = PERSON_AND_ORGANIZATION_ROLE ( 'classification_officer' ) ;
#2789 = CARTESIAN_POINT ( 'NONE',  ( 0.1968529049445762735, 17.71260593809196138, 1.931086998587879355 ) ) ;
#2790 = ORIENTED_EDGE ( 'NONE', *, *, #4186, .T. ) ;
#2791 = DIRECTION ( 'NONE',  ( 0.000000000000000000, -8.673617379884043361E-15, -1.000000000000000000 ) ) ;
#2792 = B_SPLINE_CURVE_WITH_KNOTS ( 'NONE', 3,
 ( #7609, #5078, #7062, #3824, #3153, #4377, #628, #1303, #1842, #6262 ),
 .UNSPECIFIED., .F., .F.,
 ( 4, 2, 2, 2, 4 ),
 ( 0.000000000000000000, 0.2500000000000000000, 0.5000000000000000000, 0.7500000000000000000, 1.000000000000000000 ),
 .UNSPECIFIED. ) ;
#2793 = CARTESIAN_POINT ( 'NONE',  ( 127.1618159281456286, -1.983403774169677503, 12.38554235735492881 ) ) ;
#2794 = VECTOR ( 'NONE', #6756, 1000.000000000000000 ) ;
#2795 = CARTESIAN_POINT ( 'NONE',  ( 126.6765942296621290, -1.434937610377229111, 6.069783908541862338 ) ) ;
#2796 = CARTESIAN_POINT ( 'NONE',  ( 110.7916377600732005, 19.95495237055759929, -6.455689336823470015 ) ) ;
#2797 = CARTESIAN_POINT ( 'NONE',  ( 106.3649126752824117, 1.000000000000000000, 27.00000000000000000 ) ) ;
#2798 = DIRECTION ( 'NONE',  ( 1.000000000000000000, 0.000000000000000000, 0.000000000000000000 ) ) ;
#2799 = CARTESIAN_POINT ( 'NONE',  ( 148.3614239807839965, 10.02920895314922056, -13.96241647307110156 ) ) ;
#2800 = VERTEX_POINT ( 'NONE', #5035 ) ;
#2801 = VECTOR ( 'NONE', #5826, 1000.000000000000000 ) ;
#2802 = DIRECTION ( 'NONE',  ( 0.3420201433257144541, -1.734723475976815299E-14, -0.9396926207858917746 ) ) ;
#2803 = ADVANCED_FACE ( 'NONE', ( #1841 ), #3785, .F. ) ;
#2804 = CARTESIAN_POINT ( 'NONE',  ( 108.6172060037008578, 0.1443008115831784510, 6.471279911515773975 ) ) ;
#2805 = CARTESIAN_POINT ( 'NONE',  ( 112.2188759486536611, 0.1964755614028412534, 7.402586414808723703 ) ) ;
#2806 = PRODUCT ( 'BratV1 Dreapta de la Raul', 'BratV1 Dreapta de la Raul', '', ( #2160 ) ) ;
#2807 = DIRECTION ( 'NONE',  ( 0.000000000000000000, 1.000000000000000000, 0.000000000000000000 ) ) ;
#2808 = DIRECTION ( 'NONE',  ( -1.224646799147353207E-16, 0.000000000000000000, 1.000000000000000000 ) ) ;
#2809 = ORIENTED_EDGE ( 'NONE', *, *, #4959, .F. ) ;
#2810 = CARTESIAN_POINT ( 'NONE',  ( 0.000000000000000000, 19.75000000000000000, -0.9499999999999999556 ) ) ;
#2811 = ORIENTED_EDGE ( 'NONE', *, *, #6289, .T. ) ;
#2812 = CARTESIAN_POINT ( 'NONE',  ( 109.8575326939045880, 0.007023560549398446748, 0.9999999999991679989 ) ) ;
#2813 = EDGE_LOOP ( 'NONE', ( #1788, #2061, #4902, #6555, #3243 ) ) ;
#2814 = DIRECTION ( 'NONE',  ( 0.000000000000000000, 0.000000000000000000, 1.000000000000000000 ) ) ;
#2815 = CARTESIAN_POINT ( 'NONE',  ( 148.2003663687800099, -8.922563096391790793, -14.96797406877562153 ) ) ;
#2816 = AXIS2_PLACEMENT_3D ( 'NONE', #3205, #6998, #7622 ) ;
#2817 = APPROVAL ( #7711, 'UNSPECIFIED' ) ;
#2818 = CARTESIAN_POINT ( 'NONE',  ( 111.3552170486638175, 0.2343141911952132395, -7.152981236742074422 ) ) ;
#2819 = CARTESIAN_POINT ( 'NONE',  ( 0.000000000000000000, 20.00000000000000000, -1.500000000000000000 ) ) ;
#2820 = CARTESIAN_POINT ( 'NONE',  ( 107.8079878663612021, 0.2085355261309964903, -6.616704489090180275 ) ) ;
#2821 = ORIENTED_EDGE ( 'NONE', *, *, #8072, .F. ) ;
#2822 = CC_DESIGN_APPROVAL ( #2708, ( #7113 ) ) ;
#2823 = CARTESIAN_POINT ( 'NONE',  ( 106.3649126752671918, 0.9991312990075330580, -7.000000000000000000 ) ) ;
#2824 = CARTESIAN_POINT ( 'NONE',  ( 132.8422825135111793, -2.940901478954034864, -9.378088690086880064 ) ) ;
#2825 = CARTESIAN_POINT ( 'NONE',  ( 108.6118265600327533, 19.73561639429403414, -6.677398598364857385 ) ) ;
#2826 = CARTESIAN_POINT ( 'NONE',  ( 0.8464159169596799925, 19.08859003349726535, -1.607615524088265690 ) ) ;
#2827 = VECTOR ( 'NONE', #7372, 1000.000000000000000 ) ;
#2828 = FACE_OUTER_BOUND ( 'NONE', #5932, .T. ) ;
#2829 = PERSON_AND_ORGANIZATION ( #5375, #6038 ) ;
#2830 = VECTOR ( 'NONE', #7717, 1000.000000000000000 ) ;
#2831 = CARTESIAN_POINT ( 'NONE',  ( 0.1350244900079524135, 17.59410176277687654, 2.108783410908794398 ) ) ;
#2832 = VERTEX_POINT ( 'NONE', #5715 ) ;
#2833 = CARTESIAN_POINT ( 'NONE',  ( 148.7083515827920053, -8.081274705556770854, -15.15286556612324809 ) ) ;
#2834 = AXIS2_PLACEMENT_3D ( 'NONE', #3790, #7742, #1894 ) ;
#2835 = EDGE_CURVE ( 'NONE', #7984, #1424, #6820, .T. ) ;
#2836 = CARTESIAN_POINT ( 'NONE',  ( 116.0077712051815979, 18.72857516928145216, 9.258485575492290565 ) ) ;
#2837 = CARTESIAN_POINT ( 'NONE',  ( 131.2180794901775869, -2.539357305357650141, 8.786927135193989713 ) ) ;
#2838 = AXIS2_PLACEMENT_3D ( 'NONE', #4597, #842, #4000 ) ;
#2839 = CARTESIAN_POINT ( 'NONE',  ( 2.803648237606785276, 20.00000000000000000, -1.000000000004059864 ) ) ;
#2840 = CARTESIAN_POINT ( 'NONE',  ( 147.8900550129140754, 10.05379205864390357, -20.17144948466310694 ) ) ;
#2841 = PERSON_AND_ORGANIZATION ( #5375, #6038 ) ;
#2842 = CARTESIAN_POINT ( 'NONE',  ( 107.8161785944026008, 19.73900687360029949, -6.673697885384509476 ) ) ;
#2843 = VERTEX_POINT ( 'NONE', #2812 ) ;
#2844 = CIRCLE ( 'NONE', #288, 1.000000000000010214 ) ;
#2845 = CARTESIAN_POINT ( 'NONE',  ( 149.0503717261175893, -10.00000000000000000, 14.21317294533733921 ) ) ;
#2846 = CARTESIAN_POINT ( 'NONE',  ( 149.0591614263265967, 9.514489249922590375, 17.06152311519205256 ) ) ;
#2847 = CARTESIAN_POINT ( 'NONE',  ( 3.000000000000000000, -7.810249675906650424, -9.501000000000001222 ) ) ;
#2848 = DIRECTION ( 'NONE',  ( 1.000000000000000000, 0.000000000000000000, 2.168404344971006896E-16 ) ) ;
#2849 = ADVANCED_FACE ( 'NONE', ( #5924 ), #5373, .T. ) ;
#2850 = VECTOR ( 'NONE', #8250, 1000.000000000000000 ) ;
#2851 = ORIENTED_EDGE ( 'NONE', *, *, #4542, .F. ) ;
#2852 = ADVANCED_FACE ( 'NONE', ( #1387 ), #4111, .T. ) ;
#2853 = CARTESIAN_POINT ( 'NONE',  ( 121.9212435415479945, 18.35391645343175071, -4.338977804561665153 ) ) ;
#2854 = ORIENTED_EDGE ( 'NONE', *, *, #4450, .F. ) ;
#2855 = CARTESIAN_POINT ( 'NONE',  ( 109.8535738694783959, 0.006956536058199150503, -1.010883019453866050 ) ) ;
#2856 = DIRECTION ( 'NONE',  ( 0.000000000000000000, 0.000000000000000000, -1.000000000000000000 ) ) ;
#2857 = LINE ( 'NONE', #2304, #7628 ) ;
#2858 = CARTESIAN_POINT ( 'NONE',  ( 2.607305765700779876, 0.01933826517584500207, -1.012892176783895870 ) ) ;
#2859 = CARTESIAN_POINT ( 'NONE',  ( 147.8886938636780144, -8.047637791034087940, -20.17507026191099939 ) ) ;
#2860 = CARTESIAN_POINT ( 'NONE',  ( 3.000000000000000000, 19.00000000000000000, 7.000000000000000000 ) ) ;
#2861 = LINE ( 'NONE', #1599, #4834 ) ;
#2862 = ORIENTED_EDGE ( 'NONE', *, *, #5466, .F. ) ;
#2863 = PRODUCT_RELATED_PRODUCT_CATEGORY ( 'detail', '', ( #4409 ) ) ;
#2864 = CARTESIAN_POINT ( 'NONE',  ( 113.1469348542400013, 19.17779316735670037, 8.141276887315378019 ) ) ;
#2865 = EDGE_CURVE ( 'NONE', #3214, #3819, #1527, .T. ) ;
#2866 = LINE ( 'NONE', #4910, #1632 ) ;
#2867 = CARTESIAN_POINT ( 'NONE',  ( 0.1718344562341391213, 18.00100117757136431, -2.332684066099897979 ) ) ;
#2868 = VECTOR ( 'NONE', #3038, 1000.000000000000000 ) ;
#2869 = CARTESIAN_POINT ( 'NONE',  ( 110.1834106557359974, 0.04062809819006810153, -6.000602840077450040 ) ) ;
#2870 = DATE_AND_TIME ( #7920, #227 ) ;
#2871 = CYLINDRICAL_SURFACE ( 'NONE', #2066, 2.498999999999999666 ) ;
#2872 = ORIENTED_EDGE ( 'NONE', *, *, #5500, .F. ) ;
#2873 = CARTESIAN_POINT ( 'NONE',  ( 5.499000000000000554, 13.40000000000000036, -9.501000000000001222 ) ) ;
#2874 = VECTOR ( 'NONE', #6339, 1000.000000000000000 ) ;
#2875 = CARTESIAN_POINT ( 'NONE',  ( 145.7972463046977509, -8.446621064450248184, -19.39460275597133787 ) ) ;
#2876 = CARTESIAN_POINT ( 'NONE',  ( 137.6920568250741894, -4.236194618177090199, 11.14326218240604049 ) ) ;
#2877 = ADVANCED_FACE ( 'NONE', ( #838 ), #3405, .F. ) ;
#2878 = CARTESIAN_POINT ( 'NONE',  ( 109.9823225610605988, 19.98958655088300063, -6.065724277576549639 ) ) ;
#2879 = DIRECTION ( 'NONE',  ( -1.000000000000000000, 0.000000000000000000, 0.000000000000000000 ) ) ;
#2880 = PERSON_AND_ORGANIZATION ( #5375, #6038 ) ;
#2881 = EDGE_CURVE ( 'NONE', #8233, #8018, #204, .T. ) ;
#2882 = CARTESIAN_POINT ( 'NONE',  ( 5.499000000000000554, 13.40000000000000036, -10.50099999999999945 ) ) ;
#2883 = VERTEX_POINT ( 'NONE', #5336 ) ;
#2884 = DIRECTION ( 'NONE',  ( 0.000000000000000000, 1.000000000000000000, 0.000000000000000000 ) ) ;
#2885 = AXIS2_PLACEMENT_3D ( 'NONE', #7245, #4686, #2122 ) ;
#2886 = LINE ( 'NONE', #1736, #1146 ) ;
#2887 = CARTESIAN_POINT ( 'NONE',  ( 108.2251918912493949, 0.1577933916833069994, 6.520477781549899987 ) ) ;
#2888 = CARTESIAN_POINT ( 'NONE',  ( 8.000000000000000000, 1.000000000000000000, -7.000000000000000000 ) ) ;
#2889 = ADVANCED_FACE ( 'NONE', ( #4708 ), #2563, .T. ) ;
#2890 = VERTEX_POINT ( 'NONE', #1118 ) ;
#2891 = CARTESIAN_POINT ( 'NONE',  ( 135.8294109552715838, 16.26875201362100043, -10.46531452882345903 ) ) ;
#2892 = ORIENTED_EDGE ( 'NONE', *, *, #7616, .T. ) ;
#2893 = CARTESIAN_POINT ( 'NONE',  ( 109.8236730192891883, 1.006450157371265863, -0.9999999999991679989 ) ) ;
#2894 = ORIENTED_EDGE ( 'NONE', *, *, #6372, .F. ) ;
#2895 = CARTESIAN_POINT ( 'NONE',  ( 107.8302566377117984, 0.0006030513617902579730, 6.011876223126760621 ) ) ;
#2896 = CARTESIAN_POINT ( 'NONE',  ( 1.017519744401138126, 0.7398395684795799898, -1.493226378986386216 ) ) ;
#2897 = B_SPLINE_CURVE_WITH_KNOTS ( 'NONE', 3,
 ( #7923, #5945, #4536, #7966, #4133, #6423, #899 ),
 .UNSPECIFIED., .F., .F.,
 ( 4, 3, 4 ),
 ( 0.000000000000000000, 0.002475004150950609917, 0.004989540081674220112 ),
 .UNSPECIFIED. ) ;
#2898 = CARTESIAN_POINT ( 'NONE',  ( 3.000000000000000000, 19.00000000000000000, 1.000000000000000000 ) ) ;
#2899 = EDGE_LOOP ( 'NONE', ( #39, #4841, #5435, #6259, #6604, #3083 ) ) ;
#2900 = FACE_OUTER_BOUND ( 'NONE', #5396, .T. ) ;
#2901 = CYLINDRICAL_SURFACE ( 'NONE', #4367, 20.00000000000000000 ) ;
#2902 = EDGE_CURVE ( 'NONE', #579, #7670, #2199, .T. ) ;
#2903 = CARTESIAN_POINT ( 'NONE',  ( 109.8244100512911956, 19.99993095563820233, -1.000268257709596043 ) ) ;
#2904 = DIRECTION ( 'NONE',  ( 0.000000000000000000, 0.000000000000000000, -1.000000000000000000 ) ) ;
#2905 = CARTESIAN_POINT ( 'NONE',  ( 109.6504999836578094, -0.01140866359944738354, -4.336808689942015369E-15 ) ) ;
#2906 = CC_DESIGN_SECURITY_CLASSIFICATION ( #4666, ( #7610 ) ) ;
#2907 = CALENDAR_DATE ( 2026, 3, 9 ) ;
#2908 = ADVANCED_FACE ( 'NONE', ( #3555 ), #6250, .T. ) ;
#2909 = CARTESIAN_POINT ( 'NONE',  ( 126.3345740863840092, -1.434937610148868004, 7.009476529337320017 ) ) ;
#2910 = ORIENTED_EDGE ( 'NONE', *, *, #6489, .F. ) ;
#2911 = CARTESIAN_POINT ( 'NONE',  ( 146.9526503818007654, -8.047637791034128796, -19.82318590585730078 ) ) ;
#2912 = CARTESIAN_POINT ( 'NONE',  ( 106.7841415320164060, 19.38880713691595048, 6.921481390959650426 ) ) ;
#2913 = CARTESIAN_POINT ( 'NONE',  ( 146.9526503818005949, 9.539544568843229655, -19.82318590585735052 ) ) ;
#2914 = CARTESIAN_POINT ( 'NONE',  ( 109.9977639494924659, 19.53116847852759008, -6.901684355119441783 ) ) ;
#2915 = CARTESIAN_POINT ( 'NONE',  ( 109.8236730192914052, -10.00000000000000000, 1.000000000000000000 ) ) ;
#2916 = PERSON_AND_ORGANIZATION_ROLE ( 'design_owner' ) ;
#2917 = B_SPLINE_CURVE_WITH_KNOTS ( 'NONE', 3,
 ( #7546, #1028, #8217, #2413, #7419, #6833, #1064, #3590, #6158, #2959, #6202, #1665, #3000, #5564, #8129, #2371, #7499, #5019, #8169, #4313 ),
 .UNSPECIFIED., .F., .F.,
 ( 4, 2, 2, 2, 2, 2, 2, 2, 2, 4 ),
 ( 0.000000000000000000, 0.1250000000000000000, 0.2500000000000000000, 0.3750000000000000000, 0.5000000000000000000, 0.5625000000000000000, 0.6250000000000000000, 0.7500000000000000000, 0.8750000000000000000, 1.000000000000000000 ),
 .UNSPECIFIED. ) ;
#2918 = CARTESIAN_POINT ( 'NONE',  ( 128.5614080700536022, 17.14649250933979729, -6.755800043568009450 ) ) ;
#2919 = ORIENTED_EDGE ( 'NONE', *, *, #313, .F. ) ;
#2920 = CARTESIAN_POINT ( 'NONE',  ( 109.4094544016297021, 0.04053574768477640616, 6.250973846264594513 ) ) ;
#2921 = CARTESIAN_POINT ( 'NONE',  ( 109.1495236358440479, 0.3163965654356609147, 6.823304146411886428 ) ) ;
#2922 = DIRECTION ( 'NONE',  ( -0.03263195623215420921, 0.9994674359039732447, 0.000000000000000000 ) ) ;
#2923 = CARTESIAN_POINT ( 'NONE',  ( 147.6454325945375956, 10.51472080042164059, 13.70181692048640087 ) ) ;
#2924 = CIRCLE ( 'NONE', #6422, 1.000000000000000000 ) ;
#2925 = ORIENTED_EDGE ( 'NONE', *, *, #5603, .T. ) ;
#2926 = CARTESIAN_POINT ( 'NONE',  ( 116.6114768590433926, 19.90697178500755271, -3.470558553670564983 ) ) ;
#2927 = ORIENTED_EDGE ( 'NONE', *, *, #5768, .F. ) ;
#2928 = CARTESIAN_POINT ( 'NONE',  ( 107.8121371302624567, 0.1601290424468772289, -6.550088573221412247 ) ) ;
#2929 = CARTESIAN_POINT ( 'NONE',  ( 149.6443950646691974, -8.081274705556770854, -15.50474992217694847 ) ) ;
#2930 = EDGE_CURVE ( 'NONE', #2141, #3282, #7193, .T. ) ;
#2931 = DIRECTION ( 'NONE',  ( -1.000000000000000000, 0.000000000000000000, 0.000000000000000000 ) ) ;
#2932 = CARTESIAN_POINT ( 'NONE',  ( 5.499000000000000554, 20.00000000000000000, 8.251000000000001222 ) ) ;
#2933 = VERTEX_POINT ( 'NONE', #7347 ) ;
#2934 = CARTESIAN_POINT ( 'NONE',  ( 0.000000000000000000, 22.00000000000000000, 0.000000000000000000 ) ) ;
#2935 = CARTESIAN_POINT ( 'NONE',  ( 145.7931754083829787, -8.443839911612421645, -19.39307058774045345 ) ) ;
#2936 = DIRECTION ( 'NONE',  ( 0.000000000000000000, 1.000000000000000000, 0.000000000000000000 ) ) ;
#2937 = LINE ( 'NONE', #5545, #3648 ) ;
#2938 = CARTESIAN_POINT ( 'NONE',  ( 110.6380304120742011, 0.04366602455565070373, -6.276528318364190007 ) ) ;
#2939 = EDGE_LOOP ( 'NONE', ( #3270, #4575, #6356, #1413 ) ) ;
#2940 = EDGE_CURVE ( 'NONE', #2521, #7604, #5491, .T. ) ;
#2941 = DATE_AND_TIME ( #2907, #2238 ) ;
#2942 = ADVANCED_FACE ( 'NONE', ( #8019 ), #5614, .T. ) ;
#2943 = VERTEX_POINT ( 'NONE', #3007 ) ;
#2944 = DIRECTION ( 'NONE',  ( 0.000000000000000000, 1.000000000000000000, 0.000000000000000000 ) ) ;
#2945 = CARTESIAN_POINT ( 'NONE',  ( 133.1402103614789212, -3.449235613763933284, -14.63336187895556684 ) ) ;
#2946 = VECTOR ( 'NONE', #3649, 1000.000000000000000 ) ;
#2947 = CARTESIAN_POINT ( 'NONE',  ( 149.0503717261175893, -8.081274705556781512, -14.21317294533733921 ) ) ;
#2948 = AXIS2_PLACEMENT_3D ( 'NONE', #6919, #4188, #395 ) ;
#2949 = DIRECTION ( 'NONE',  ( 0.000000000000000000, 0.000000000000000000, 1.000000000000000000 ) ) ;
#2950 = CARTESIAN_POINT ( 'NONE',  ( 113.4697039340936016, 0.8581661314343870250, 8.304356643878449518 ) ) ;
#2951 = PERSON_AND_ORGANIZATION_ROLE ( 'classification_officer' ) ;
#2952 = CARTESIAN_POINT ( 'NONE',  ( 3.035766082959410049E-15, 17.39276987814955078, 2.738153414568420096 ) ) ;
#2953 = ORIENTED_EDGE ( 'NONE', *, *, #5278, .T. ) ;
#2954 = AXIS2_PLACEMENT_3D ( 'NONE', #1817, #599, #1186 ) ;
#2955 = CIRCLE ( 'NONE', #3369, 1.000000000000007772 ) ;
#2956 = PRODUCT_DEFINITION ( 'UNKNOWN', '', #7113, #5337 ) ;
#2957 = VECTOR ( 'NONE', #4675, 1000.000000000000000 ) ;
#2958 = CARTESIAN_POINT ( 'NONE',  ( 110.4823629180337861, 0.3216252390553405727, 7.052355824787169603 ) ) ;
#2959 = CARTESIAN_POINT ( 'NONE',  ( 133.5831227336298355, 16.43018425782307901, -14.79475647984965470 ) ) ;
#2960 = CARTESIAN_POINT ( 'NONE',  ( 139.1849782827862043, 14.34683081857196107, 10.62246338263980050 ) ) ;
#2961 = EDGE_LOOP ( 'NONE', ( #6420, #1375, #3404, #6129 ) ) ;
#2962 = CARTESIAN_POINT ( 'NONE',  ( 5.499000000000000554, 19.75000000000000000, 8.251000000000001222 ) ) ;
#2963 = AXIS2_PLACEMENT_3D ( 'NONE', #171, #7910, #5299 ) ;
#2964 = ORIENTED_EDGE ( 'NONE', *, *, #627, .T. ) ;
#2965 = CARTESIAN_POINT ( 'NONE',  ( 1.469576158976823553E-16, 19.75000000000000000, -1.199999999999999956 ) ) ;
#2966 = CARTESIAN_POINT ( 'NONE',  ( 8.000000000000000000, 6.599999999999999645, -9.501000000000001222 ) ) ;
#2967 = ORIENTED_EDGE ( 'NONE', *, *, #3639, .T. ) ;
#2968 = APPLICATION_CONTEXT ( 'configuration controlled 3d designs of mechanical parts and assemblies' ) ;
#2969 = DIRECTION ( 'NONE',  ( 0.000000000000000000, 0.000000000000000000, 1.000000000000000000 ) ) ;
#2970 = AXIS2_PLACEMENT_3D ( 'NONE', #4821, #8058, #7387 ) ;
#2971 = CARTESIAN_POINT ( 'NONE',  ( 5.499000000000000554, 0.000000000000000000, 12.00000000000000000 ) ) ;
#2972 = AXIS2_PLACEMENT_3D ( 'NONE', #3976, #7632, #5104 ) ;
#2973 =( BOUNDED_SURFACE ( )  B_SPLINE_SURFACE ( 3, 2, ( 
 ( #3548, #4776, #5445 ),
 ( #2254, #8011, #2804 ),
 ( #2292, #2920, #6040 ),
 ( #4812, #4222, #989 ) ),
 .UNSPECIFIED., .F., .F., .F. ) 
 B_SPLINE_SURFACE_WITH_KNOTS ( ( 4, 4 ),
 ( 3, 3 ),
 ( 0.1900891601871269876, 0.1924891903023805140 ),
 ( 0.000000000000000000, 0.3173521482995200205 ),
 .UNSPECIFIED. ) 
 GEOMETRIC_REPRESENTATION_ITEM ( )  RATIONAL_B_SPLINE_SURFACE ( (
 ( 1.000000000000000000, 0.9083782980280010744, 0.8749092839593470838),
 ( 1.000000000000000000, 0.9079479805778569723, 0.8743217733935659819),
 ( 1.000000000000000000, 0.9075243227207200336, 0.8737433551415050292),
 ( 1.000000000000000000, 0.9071099195308270913, 0.8731775722468689827) ) ) 
 REPRESENTATION_ITEM ( '' )  SURFACE ( )  );
#2974 = DIRECTION ( 'NONE',  ( 0.000000000000000000, 0.000000000000000000, -1.000000000000000000 ) ) ;
#2975 = ADVANCED_FACE ( 'NONE', ( #1035 ), #6128, .T. ) ;
#2976 = DIRECTION ( 'NONE',  ( 0.000000000000000000, 1.000000000000000000, 0.000000000000000000 ) ) ;
#2977 = CARTESIAN_POINT ( 'NONE',  ( 107.8161785944026008, 20.00000000000000000, 6.000000000000000000 ) ) ;
#2978 = ORIENTED_EDGE ( 'NONE', *, *, #6088, .T. ) ;
#2979 = CARTESIAN_POINT ( 'NONE',  ( 0.000000000000000000, 22.00000000000000000, 0.000000000000000000 ) ) ;
#2980 = ADVANCED_FACE ( 'NONE', ( #958 ), #6281, .F. ) ;
#2981 = CARTESIAN_POINT ( 'NONE',  ( 145.2245398537882011, -7.154458503320240581, -20.24186831457915048 ) ) ;
#2982 = LINE ( 'NONE', #5544, #7807 ) ;
#2983 = CARTESIAN_POINT ( 'NONE',  ( 110.1834106557184043, 0.04062809819003854878, 6.000602840071009858 ) ) ;
#2984 = CARTESIAN_POINT ( 'NONE',  ( 111.0767931488692000, 0.05319215718662850118, -6.544625339073799175 ) ) ;
#2985 = APPROVAL_STATUS ( 'not_yet_approved' ) ;
#2986 = ORIENTED_EDGE ( 'NONE', *, *, #8166, .T. ) ;
#2987 = FACE_OUTER_BOUND ( 'NONE', #3394, .T. ) ;
#2988 = CARTESIAN_POINT ( 'NONE',  ( 131.0299640317116427, -2.903839416164874621, -13.83998090242521606 ) ) ;
#2989 = AXIS2_PLACEMENT_3D ( 'NONE', #7164, #1406, #3970 ) ;
#2990 = LINE ( 'NONE', #7409, #4447 ) ;
#2991 = ADVANCED_FACE ( 'NONE', ( #2549 ), #3687, .F. ) ;
#2992 = CARTESIAN_POINT ( 'NONE',  ( 111.9830621387949918, 19.72816067670530060, -7.343038335233710079 ) ) ;
#2993 = DIRECTION ( 'NONE',  ( 0.000000000000000000, -1.000000000000000000, 0.000000000000000000 ) ) ;
#2994 = DATE_AND_TIME ( #1148, #2152 ) ;
#2995 = CARTESIAN_POINT ( 'NONE',  ( 106.6122153679300055, 19.31993550059451792, -6.962481046082785063 ) ) ;
#2996 = ORIENTED_EDGE ( 'NONE', *, *, #2738, .F. ) ;
#2997 = AXIS2_PLACEMENT_3D ( 'NONE', #234, #2759, #776 ) ;
#2998 = FACE_OUTER_BOUND ( 'NONE', #1838, .T. ) ;
#2999 = CARTESIAN_POINT ( 'NONE',  ( 8.000000000000000000, 0.6999999999999999556, 11.50000000000000000 ) ) ;
#3000 = CARTESIAN_POINT ( 'NONE',  ( 130.2120941472595348, 17.30868221912273341, -13.52838465567693049 ) ) ;
#3001 = CARTESIAN_POINT ( 'NONE',  ( 123.5605643668973954, 0.1552127349429884839, -4.935641789401580048 ) ) ;
#3002 = CARTESIAN_POINT ( 'NONE',  ( 8.000000000000000000, 13.40000000000000036, 7.000000000000079936 ) ) ;
#3003 = APPROVAL ( #7572, 'UNKNOWN' ) ;
#3004 = ORIENTED_EDGE ( 'NONE', *, *, #4499, .F. ) ;
#3005 = CARTESIAN_POINT ( 'NONE',  ( 128.4100320266172162, 18.12578080330660413, -7.764881442063479966 ) ) ;
#3006 = ORIENTED_EDGE ( 'NONE', *, *, #5457, .T. ) ;
#3007 = CARTESIAN_POINT ( 'NONE',  ( 134.5000000000000000, 0.6999999999999999556, 12.50000000000000000 ) ) ;
#3008 = CIRCLE ( 'NONE', #1131, 20.00000000000000000 ) ;
#3009 = ADVANCED_FACE ( 'NONE', ( #4579 ), #739, .F. ) ;
#3010 = DIRECTION ( 'NONE',  ( -4.954937092193129892E-16, 0.000000000000000000, 1.000000000000000000 ) ) ;
#3011 = CARTESIAN_POINT ( 'NONE',  ( 110.4147714990849636, 19.98282723116078330, -6.170776097012631745 ) ) ;
#3012 = CARTESIAN_POINT ( 'NONE',  ( 129.6900285725522792, 17.35269859372760237, -14.40202048203782859 ) ) ;
#3013 = AXIS2_PLACEMENT_3D ( 'NONE', #7157, #2035, #1398 ) ;
#3014 = LINE ( 'NONE', #8140, #1881 ) ;
#3015 = CARTESIAN_POINT ( 'NONE',  ( 113.1897497571837903, 19.14233891617874761, -8.167061631825799140 ) ) ;
#3016 = ORIENTED_EDGE ( 'NONE', *, *, #517, .F. ) ;
#3017 = CARTESIAN_POINT ( 'NONE',  ( 2.129494899290833132, 0.1205708281639577828, 6.493263694937794206 ) ) ;
#3018 = VERTEX_POINT ( 'NONE', #3943 ) ;
#3019 = CARTESIAN_POINT ( 'NONE',  ( 107.8302566377117984, 0.0006030513617902579730, 6.011876223126760621 ) ) ;
#3020 = EDGE_LOOP ( 'NONE', ( #4199, #4629 ) ) ;
#3021 = CARTESIAN_POINT ( 'NONE',  ( 134.8793181068110130, -3.916501348579255026, -15.28732414882064994 ) ) ;
#3022 = VECTOR ( 'NONE', #5922, 1000.000000000000000 ) ;
#3023 = FACE_OUTER_BOUND ( 'NONE', #7839, .T. ) ;
#3024 = DIRECTION ( 'NONE',  ( 0.3420201433256691015, 0.000000000000000000, 0.9396926207859082059 ) ) ;
#3025 = CARTESIAN_POINT ( 'NONE',  ( 110.0759078633171413, 0.2506657188821861393, -6.654200829219791835 ) ) ;
#3026 = COORDINATED_UNIVERSAL_TIME_OFFSET ( 2, 0, .AHEAD. ) ;
#3027 = CIRCLE ( 'NONE', #1564, 1.000000000000000222 ) ;
#3028 = ORIENTED_EDGE ( 'NONE', *, *, #7212, .T. ) ;
#3029 = CARTESIAN_POINT ( 'NONE',  ( 2.222152302202450080, 0.09595005240477320896, 1.063966701603181964 ) ) ;
#3030 = CARTESIAN_POINT ( 'NONE',  ( 3.000000000000000000, 19.00000000000000000, -1.000000000000000000 ) ) ;
#3031 = ADVANCED_FACE ( 'NONE', ( #2635, #1377 ), #5201, .F. ) ;
#3032 = CARTESIAN_POINT ( 'NONE',  ( 5.499000000000000554, 13.40000000000000036, -9.501000000000001222 ) ) ;
#3033 = EDGE_CURVE ( 'NONE', #320, #8132, #4330, .T. ) ;
#3034 = DIRECTION ( 'NONE',  ( -1.000000000000000000, 0.000000000000000000, -4.954937092193129892E-16 ) ) ;
#3035 = CYLINDRICAL_SURFACE ( 'NONE', #8214, 1.000000000000005107 ) ;
#3036 = DIRECTION ( 'NONE',  ( 0.000000000000000000, 0.000000000000000000, -1.000000000000000000 ) ) ;
#3037 = APPROVAL_ROLE ( '' ) ;
#3038 = DIRECTION ( 'NONE',  ( 2.312964634635744929E-16, -1.000000000000000000, 0.000000000000000000 ) ) ;
#3039 = ORIENTED_EDGE ( 'NONE', *, *, #2293, .T. ) ;
#3040 = CARTESIAN_POINT ( 'NONE',  ( 145.9232613202435971, -7.584846244134650028, 20.50453683163519969 ) ) ;
#3041 = CARTESIAN_POINT ( 'NONE',  ( 110.8696088528420063, 0.3059663964228606092, 7.122914617555628602 ) ) ;
#3042 = DIRECTION ( 'NONE',  ( 0.000000000000000000, 1.000000000000000000, 0.000000000000000000 ) ) ;
#3043 = DIRECTION ( 'NONE',  ( -0.9396926207859346292, 0.000000000000000000, -0.3420201433255969925 ) ) ;
#3044 = CARTESIAN_POINT ( 'NONE',  ( 116.9534970021589402, 19.90697178462687233, 2.530865932865197454 ) ) ;
#3045 = ORIENTED_EDGE ( 'NONE', *, *, #4341, .F. ) ;
#3046 = EDGE_CURVE ( 'NONE', #3895, #1179, #801, .T. ) ;
#3047 = CARTESIAN_POINT ( 'NONE',  ( 5.499000000000000554, -7.810249675906650424, -10.50099999999999945 ) ) ;
#3048 = ADVANCED_FACE ( 'NONE', ( #2900 ), #494, .T. ) ;
#3049 = ORIENTED_EDGE ( 'NONE', *, *, #6071, .F. ) ;
#3050 = DIRECTION ( 'NONE',  ( 0.000000000000000000, 1.000000000000000000, 0.000000000000000000 ) ) ;
#3051 = DIRECTION ( 'NONE',  ( 0.000000000000000000, -8.673617379884027583E-15, 1.000000000000000000 ) ) ;
#3052 = CARTESIAN_POINT ( 'NONE',  ( 109.8535738694962021, 0.006956536058732440062, 1.010883019453814091 ) ) ;
#3053 = CARTESIAN_POINT ( 'NONE',  ( 135.5374198649641926, 15.89253728451369874, -15.52896817507380156 ) ) ;
#3054 = DIRECTION ( 'NONE',  ( -1.000000000000000000, 0.000000000000000000, 0.000000000000000000 ) ) ;
#3055 = CARTESIAN_POINT ( 'NONE',  ( 113.3990003999760035, 18.89209477623894884, -8.277761672821069894 ) ) ;
#3056 = AXIS2_PLACEMENT_3D ( 'NONE', #6008, #2814, #1708 ) ;
#3057 = ORIENTED_EDGE ( 'NONE', *, *, #2638, .F. ) ;
#3058 = B_SPLINE_CURVE_WITH_KNOTS ( 'NONE', 3,
 ( #6825, #5477, #4347, #5641 ),
 .UNSPECIFIED., .F., .F.,
 ( 4, 4 ),
 ( 9.971422467452479586E-15, 6.773130543666699573E-06 ),
 .UNSPECIFIED. ) ;
#3059 = ORIENTED_EDGE ( 'NONE', *, *, #1343, .T. ) ;
#3060 = DIRECTION ( 'NONE',  ( 0.000000000000000000, 1.000000000000000000, 0.000000000000000000 ) ) ;
#3061 = B_SPLINE_CURVE_WITH_KNOTS ( 'NONE', 3,
 ( #4101, #7929, #3390, #1581, #2087, #5951, #2171, #3509, #4734, #5440, #6669, #6076, #8006, #271 ),
 .UNSPECIFIED., .F., .F.,
 ( 4, 2, 2, 2, 2, 2, 4 ),
 ( 0.000000000000000000, 0.2499999999999999722, 0.4999999999999997780, 0.6249999999999982236, 0.7499999999999997780, 0.8749999999999982236, 1.000000000000000000 ),
 .UNSPECIFIED. ) ;
#3062 = ORIENTED_EDGE ( 'NONE', *, *, #4269, .F. ) ;
#3063 = CARTESIAN_POINT ( 'NONE',  ( 148.2003663687800099, -8.922563096391790793, 14.96797406877562153 ) ) ;
#3064 = CIRCLE ( 'NONE', #1322, 2.498999999999999666 ) ;
#3065 = CARTESIAN_POINT ( 'NONE',  ( 109.8236730192914052, 18.99993126322744885, -1.000000000000000000 ) ) ;
#3066 = APPROVAL ( #1610, 'UNSPECIFIED' ) ;
#3067 = CARTESIAN_POINT ( 'NONE',  ( 110.1867207485736060, 0.2468317786191317198, -6.871498280715395701 ) ) ;
#3068 = B_SPLINE_CURVE_WITH_KNOTS ( 'NONE', 3,
 ( #6352, #5080, #8195, #3742 ),
 .UNSPECIFIED., .F., .F.,
 ( 4, 4 ),
 ( 0.000000000000000000, 0.0002062957268852284702 ),
 .UNSPECIFIED. ) ;
#3069 = FACE_OUTER_BOUND ( 'NONE', #2758, .T. ) ;
#3070 = CARTESIAN_POINT ( 'NONE',  ( 3.000000000000000000, 19.00000000000000000, -6.000000000000000000 ) ) ;
#3071 = ORIENTED_EDGE ( 'NONE', *, *, #875, .T. ) ;
#3072 = SHAPE_DEFINITION_REPRESENTATION ( #5960, #2148 ) ;
#3073 = EDGE_LOOP ( 'NONE', ( #7949, #6003, #4331, #7114 ) ) ;
#3074 = CARTESIAN_POINT ( 'NONE',  ( 106.5949696325872083, 19.27394843308790229, 6.962376291164490638 ) ) ;
#3075 = B_SPLINE_CURVE_WITH_KNOTS ( 'NONE', 3,
 ( #3828, #7612, #5763, #3917, #4467, #43, #6397, #2525, #631, #3280, #3155, #1845, #4420, #8196, #2442, #8240, #6487, #6307, #3195, #545, #6984, #3238, #713, #6437, #7699, #2568, #2483, #3789, #4997, #7568, #1938, #4507, #1265, #1805, #5040 ),
 .UNSPECIFIED., .F., .F.,
 ( 4, 2, 1, 1, 2, 2, 1, 2, 2, 2, 1, 2, 2, 2, 2, 1, 1, 1, 2, 2, 4 ),
 ( 0.000000000000000000, 0.1249999999999824030, 0.1874999999999736600, 0.2187499999999734102, 0.2343749999999773237, 0.2499999999999812372, 0.3124999999999880651, 0.3437499999999915068, 0.3749999999999949485, 0.4374999999999933942, 0.4687499999999926170, 0.4843749999999922839, 0.4999999999999918954, 0.6250000000000076605, 0.6875000000000156541, 0.7187500000000197620, 0.7343750000000217604, 0.7421875000000227596, 0.7460937500000272005, 0.7500000000000316414, 1.000000000000000000 ),
 .UNSPECIFIED. ) ;
#3076 = DIRECTION ( 'NONE',  ( 0.000000000000000000, 0.000000000000000000, -1.000000000000000000 ) ) ;
#3077 = DIRECTION ( 'NONE',  ( -0.9998823287991006614, 0.01534042226560057912, 0.000000000000000000 ) ) ;
#3078 = CARTESIAN_POINT ( 'NONE',  ( 119.1538310902601978, 18.41116402046139555, -10.44117556607600150 ) ) ;
#3079 = FACE_OUTER_BOUND ( 'NONE', #1169, .T. ) ;
#3080 = CARTESIAN_POINT ( 'NONE',  ( 113.4421420117830053, 0.5044442161830349214, 8.186005388405909855 ) ) ;
#3081 = PERSON_AND_ORGANIZATION ( #5375, #6038 ) ;
#3082 = CARTESIAN_POINT ( 'NONE',  ( 0.000000000000000000, 0.5000000000000109912, 0.000000000000000000 ) ) ;
#3083 = ORIENTED_EDGE ( 'NONE', *, *, #3046, .T. ) ;
#3084 = EDGE_CURVE ( 'NONE', #2141, #5472, #2762, .T. ) ;
#3085 = SECURITY_CLASSIFICATION ( '', '', #3969 ) ;
#3086 = CARTESIAN_POINT ( 'NONE',  ( 126.8109896210452803, -1.981303180946917486, 13.31971096636617524 ) ) ;
#3087 = FACE_OUTER_BOUND ( 'NONE', #1136, .T. ) ;
#3088 = DIRECTION ( 'NONE',  ( 0.9396926207859346292, 0.000000000000000000, 0.3420201433255969925 ) ) ;
#3089 = DIRECTION ( 'NONE',  ( 0.3518843560536273340, 2.775557561562908706E-14, -0.9360434818771637966 ) ) ;
#3090 = CARTESIAN_POINT ( 'NONE',  ( 148.1378246484909198, 11.36705164973598592, 13.88103297172446560 ) ) ;
#3091 = EDGE_CURVE ( 'NONE', #8190, #2278, #1423, .T. ) ;
#3092 = ORIENTED_EDGE ( 'NONE', *, *, #1515, .F. ) ;
#3093 = DIRECTION ( 'NONE',  ( 0.000000000000000000, -1.000000000000000000, 0.000000000000000000 ) ) ;
#3094 = VERTEX_POINT ( 'NONE', #1127 ) ;
#3095 = CARTESIAN_POINT ( 'NONE',  ( 110.1548107731495350, 0.05225520714701581415, 6.187648216124739697 ) ) ;
#3096 = DIRECTION ( 'NONE',  ( 0.000000000000000000, -1.000000000000000000, 0.000000000000000000 ) ) ;
#3097 = DIRECTION ( 'NONE',  ( 0.000000000000000000, -1.000000000000000000, 0.000000000000000000 ) ) ;
#3098 = CARTESIAN_POINT ( 'NONE',  ( 126.0933560601741874, 18.30667491315309903, -11.97937101017643968 ) ) ;
#3099 = ADVANCED_FACE ( 'NONE', ( #5622 ), #332, .T. ) ;
#3100 = CARTESIAN_POINT ( 'NONE',  ( 110.8742159334345132, 0.04882009423734876702, -6.422204858448525400 ) ) ;
#3101 = CARTESIAN_POINT ( 'NONE',  ( 112.8351827302233943, 19.38528580130719803, -7.942039155945070483 ) ) ;
#3102 = EDGE_CURVE ( 'NONE', #1267, #4140, #6017, .T. ) ;
#3103 = ORIENTED_EDGE ( 'NONE', *, *, #3624, .T. ) ;
#3104 = AXIS2_PLACEMENT_3D ( 'NONE', #1682, #6815, #1047 ) ;
#3105 = EDGE_LOOP ( 'NONE', ( #7704, #4461, #3830 ) ) ;
#3106 = CARTESIAN_POINT ( 'NONE',  ( 110.1025464495254766, 0.8801753915505405867, 7.004537492186557301 ) ) ;
#3107 = ORIENTED_EDGE ( 'NONE', *, *, #7444, .F. ) ;
#3108 = CARTESIAN_POINT ( 'NONE',  ( 0.8464159169825884454, 18.39238447593164238, 0.9114099664791621702 ) ) ;
#3109 = DIRECTION ( 'NONE',  ( -0.000000000000000000, 1.000000000000000000, 0.000000000000000000 ) ) ;
#3110 = CARTESIAN_POINT ( 'NONE',  ( 108.2610707177366010, 0.1583597510680409826, -6.527471681354199973 ) ) ;
#3111 = CARTESIAN_POINT ( 'NONE',  ( 145.9860958218436053, -7.627767386478829792, -20.52815804001005162 ) ) ;
#3112 = DIRECTION ( 'NONE',  ( 0.000000000000000000, 0.000000000000000000, 1.000000000000000000 ) ) ;
#3113 = EDGE_LOOP ( 'NONE', ( #7562, #6895, #7782 ) ) ;
#3114 = AXIS2_PLACEMENT_3D ( 'NONE', #6416, #3849, #3299 ) ;
#3115 = DATE_TIME_ROLE ( 'classification_date' ) ;
#3116 = ORIENTED_EDGE ( 'NONE', *, *, #740, .F. ) ;
#3117 = CARTESIAN_POINT ( 'NONE',  ( 113.3990003999760035, 18.89209477623894884, 8.277761672821069894 ) ) ;
#3118 = ADVANCED_FACE ( 'NONE', ( #6813 ), #2269, .T. ) ;
#3119 = CARTESIAN_POINT ( 'NONE',  ( 121.6994951773645965, 19.34600871967525038, 5.322445772970679556 ) ) ;
#3120 = CARTESIAN_POINT ( 'NONE',  ( 136.7518170492841989, 15.07497481776685078, 9.736865118474529623 ) ) ;
#3121 = CARTESIAN_POINT ( 'NONE',  ( 144.2299480809763850, 11.35089753899441867, -19.86797405401524941 ) ) ;
#3122 = CARTESIAN_POINT ( 'NONE',  ( 109.8236730192891883, 1.006450157371265863, -0.9999999999995841105 ) ) ;
#3123 = CARTESIAN_POINT ( 'NONE',  ( 133.0052752356177734, 16.73537762227810077, -15.20246541475384916 ) ) ;
#3124 = CALENDAR_DATE ( 2026, 3, 9 ) ;
#3125 = CARTESIAN_POINT ( 'NONE',  ( 148.4008717782543840, -9.061101949209209749, -15.04095206963359921 ) ) ;
#3126 = ORIENTED_EDGE ( 'NONE', *, *, #4086, .F. ) ;
#3127 = PRODUCT_DEFINITION_SHAPE ( 'NONE', 'NONE',  #8320 ) ;
#3128 = VECTOR ( 'NONE', #8000, 1000.000000000000000 ) ;
#3129 = CARTESIAN_POINT ( 'NONE',  ( 143.7276664548950009, -7.250199029864609734, 18.61576831884229932 ) ) ;
#3130 = ADVANCED_FACE ( 'NONE', ( #1758 ), #7395, .T. ) ;
#3131 = DIRECTION ( 'NONE',  ( -1.000000000000000000, 0.000000000000000000, 0.000000000000000000 ) ) ;
#3132 = FACE_OUTER_BOUND ( 'NONE', #7356, .T. ) ;
#3133 = CARTESIAN_POINT ( 'NONE',  ( 80.00000000000000000, -5.000000000000000000, 6.000000000000000000 ) ) ;
#3134 = CARTESIAN_POINT ( 'NONE',  ( 0.8692502088447827679, 1.592072818212930452, -0.8881091040359321287 ) ) ;
#3135 = EDGE_CURVE ( 'NONE', #7604, #3522, #3561, .T. ) ;
#3136 = CIRCLE ( 'NONE', #3808, 3.000000000000000000 ) ;
#3137 = ORIENTED_EDGE ( 'NONE', *, *, #585, .F. ) ;
#3138 = CARTESIAN_POINT ( 'NONE',  ( 109.1611224195503809, 19.94930496494465899, -6.302863760575928787 ) ) ;
#3139 = ORIENTED_EDGE ( 'NONE', *, *, #8220, .T. ) ;
#3140 = CARTESIAN_POINT ( 'NONE',  ( 108.9304834003159925, 0.05745187354086109949, 6.242974609015719878 ) ) ;
#3141 = CARTESIAN_POINT ( 'NONE',  ( 149.0503717261171914, 9.501908822039940361, -14.21317294533719888 ) ) ;
#3142 = LINE ( 'NONE', #2511, #326 ) ;
#3143 = CARTESIAN_POINT ( 'NONE',  ( 109.9617846497660025, 19.99023335532010037, -5.917190301132880137 ) ) ;
#3144 = CARTESIAN_POINT ( 'NONE',  ( 110.1834106557184043, 0.04062809819003854878, 6.000602840071009858 ) ) ;
#3145 = ADVANCED_FACE ( 'NONE', ( #1642 ), #3692, .T. ) ;
#3146 = CARTESIAN_POINT ( 'NONE',  ( 106.9394937663050058, 19.46786434609559890, -6.886502143979259749 ) ) ;
#3147 = ADVANCED_FACE ( 'NONE', ( #1716 ), #7439, .T. ) ;
#3148 = ORIENTED_EDGE ( 'NONE', *, *, #5768, .T. ) ;
#3149 = EDGE_LOOP ( 'NONE', ( #7551, #1386, #7574 ) ) ;
#3150 = CARTESIAN_POINT ( 'NONE',  ( 109.8236730192735990, 1.006450157370809784, 1.000000000000000000 ) ) ;
#3151 = ORIENTED_EDGE ( 'NONE', *, *, #5970, .T. ) ;
#3152 = DIRECTION ( 'NONE',  ( -1.000000000000000000, 0.000000000000000000, 0.000000000000000000 ) ) ;
#3153 = CARTESIAN_POINT ( 'NONE',  ( 111.3719681811445952, 19.87531031387694469, 6.891808128297357783 ) ) ;
#3154 = DIRECTION ( 'NONE',  ( 0.000000000000000000, 1.000000000000000000, 0.000000000000000000 ) ) ;
#3155 = CARTESIAN_POINT ( 'NONE',  ( 111.1309230768874983, 0.2901149296395312827, -7.172848790891976023 ) ) ;
#3156 = CARTESIAN_POINT ( 'NONE',  ( 107.6703907301237990, 0.1375403643569859946, -6.514547278294889665 ) ) ;
#3157 = ORIENTED_EDGE ( 'NONE', *, *, #7571, .T. ) ;
#3158 = CALENDAR_DATE ( 2026, 3, 9 ) ;
#3159 = ORIENTED_EDGE ( 'NONE', *, *, #4125, .F. ) ;
#3160 = ADVANCED_FACE ( 'NONE', ( #7518 ), #4947, .T. ) ;
#3161 = AXIS2_PLACEMENT_3D ( 'NONE', #910, #3347, #4777 ) ;
#3162 = CARTESIAN_POINT ( 'NONE',  ( 109.9546129979591029, 19.20885135757490403, 7.021412940176407602 ) ) ;
#3163 = CARTESIAN_POINT ( 'NONE',  ( 113.3990003999760035, 18.89209477623894884, 8.277761672821089434 ) ) ;
#3164 = CARTESIAN_POINT ( 'NONE',  ( 110.1973500945294973, 0.1561783718431472012, -6.466594205902774561 ) ) ;
#3165 = CARTESIAN_POINT ( 'NONE',  ( 146.9526503818007654, 9.539544568843169259, 19.82318590585730078 ) ) ;
#3166 = AXIS2_PLACEMENT_3D ( 'NONE', #2144, #3445, #4673 ) ;
#3167 = CARTESIAN_POINT ( 'NONE',  ( 134.8581273054629719, 16.73537762227810077, -10.11179619126435902 ) ) ;
#3168 = DATE_AND_TIME ( #600, #7118 ) ;
#3169 = DIRECTION ( 'NONE',  ( 0.000000000000000000, 0.000000000000000000, 1.000000000000000000 ) ) ;
#3170 = ORIENTED_EDGE ( 'NONE', *, *, #8277, .F. ) ;
#3171 = CARTESIAN_POINT ( 'NONE',  ( 143.0187002552313800, -6.892117024447260043, 18.34899603248049615 ) ) ;
#3172 = DIRECTION ( 'NONE',  ( 1.000000000000000000, 0.000000000000000000, 0.000000000000000000 ) ) ;
#3173 = CARTESIAN_POINT ( 'NONE',  ( 110.0000000000000000, 20.00000000000000000, 0.000000000000000000 ) ) ;
#3174 = CYLINDRICAL_SURFACE ( 'NONE', #27, 1.000000000000000888 ) ;
#3175 = LINE ( 'NONE', #7009, #275 ) ;
#3176 = ORIENTED_EDGE ( 'NONE', *, *, #7318, .T. ) ;
#3177 = CARTESIAN_POINT ( 'NONE',  ( 146.6807762917188143, -8.894450581663440047, 19.01483139128439959 ) ) ;
#3178 = ORGANIZATION ( 'NAUO-ORG3', 'UNSPECIFIED', 'UNSPECIFIED' ) ;
#3179 = ORIENTED_EDGE ( 'NONE', *, *, #6116, .F. ) ;
#3180 = CARTESIAN_POINT ( 'NONE',  ( 110.0774060650834087, 0.4365167568686593169, 6.844683340073841826 ) ) ;
#3181 = CARTESIAN_POINT ( 'NONE',  ( 109.8236730192914052, 18.99993126322744885, 0.000000000000000000 ) ) ;
#3182 = DIRECTION ( 'NONE',  ( -0.3420201433256691015, 0.000000000000000000, 0.9396926207859082059 ) ) ;
#3183 = CARTESIAN_POINT ( 'NONE',  ( 139.4489782054139937, 14.61718590473717860, -16.99870638895534825 ) ) ;
#3184 = CARTESIAN_POINT ( 'NONE',  ( 112.1615024167069379, 0.1140413915139641271, 7.224699265668756532 ) ) ;
#3185 = CARTESIAN_POINT ( 'NONE',  ( 113.4561813787613005, 0.5267621580821766347, -8.202239895345018184 ) ) ;
#3186 = EDGE_LOOP ( 'NONE', ( #5208, #2020 ) ) ;
#3187 = VERTEX_POINT ( 'NONE', #6935 ) ;
#3188 = CARTESIAN_POINT ( 'NONE',  ( 107.2693266371050100, 0.3365878588039890040, 6.748534933891409793 ) ) ;
#3189 = VERTEX_POINT ( 'NONE', #5758 ) ;
#3190 = CARTESIAN_POINT ( 'NONE',  ( 0.04764093688219969008, 2.467456153463944091, 2.644972268783341462 ) ) ;
#3191 = B_SPLINE_CURVE_WITH_KNOTS ( 'NONE', 3,
 ( #2512, #827, #2675, #6425 ),
 .UNSPECIFIED., .F., .F.,
 ( 4, 4 ),
 ( 0.000000000000000000, 0.002376854027354025154 ),
 .UNSPECIFIED. ) ;
#3192 = DIRECTION ( 'NONE',  ( 0.3518843560536273340, 2.775557561562908706E-14, 0.9360434818771637966 ) ) ;
#3193 = EDGE_CURVE ( 'NONE', #1349, #674, #1256, .T. ) ;
#3194 = CARTESIAN_POINT ( 'NONE',  ( 107.8264114977261983, 0.1183738699775610109, -6.471069865928519960 ) ) ;
#3195 = CARTESIAN_POINT ( 'NONE',  ( 110.2838215054082696, 0.3269688457580933738, -7.017082899372637961 ) ) ;
#3196 = CARTESIAN_POINT ( 'NONE',  ( 110.1557333258389662, 0.8201358946345416179, -7.013680890042681249 ) ) ;
#3197 = ORIENTED_EDGE ( 'NONE', *, *, #2146, .F. ) ;
#3198 =( BOUNDED_SURFACE ( )  B_SPLINE_SURFACE ( 3, 2, ( 
 ( #7880, #1445, #615 ),
 ( #658, #266, #5397 ),
 ( #3220, #5356, #2550 ),
 ( #5112, #1921, #4494 ),
 ( #5792, #30, #2595 ),
 ( #1966, #4015, #5595 ),
 ( #8157, #978, #1724 ),
 ( #4253, #4842, #425 ),
 ( #7406, #5552, #4879 ),
 ( #4174, #3663, #7367 ),
 ( #2320, #7485, #3029 ),
 ( #1653, #6702, #2399 ),
 ( #3578, #2279, #4958 ),
 ( #6746, #6866, #2359 ) ),
 .UNSPECIFIED., .F., .F., .F. ) 
 B_SPLINE_SURFACE_WITH_KNOTS ( ( 4, 2, 2, 2, 2, 2, 4 ),
 ( 3, 3 ),
 ( 1.570796326794895004, 1.963495408493620031, 2.356194490192344837, 2.552544031041704908, 2.748893571891069865, 2.945243112740429936, 3.141592653589795336 ),
 ( 0.000000000000000000, 1.000000000000000000 ),
 .UNSPECIFIED. ) 
 GEOMETRIC_REPRESENTATION_ITEM ( )  RATIONAL_B_SPLINE_SURFACE ( (
 ( 1.000000000000000000, 1.000000000000000000, 1.000000000000000000),
 ( 1.000000000000000000, 1.000158582174080157, 1.000000000000000000),
 ( 1.000000000000000000, 0.9867291873849090011, 1.000000000000000000),
 ( 1.000000000000000000, 0.9386556523774040039, 1.000000000000000000),
 ( 1.000000000000000000, 0.9038128866905860148, 1.000000000000000000),
 ( 1.000000000000000000, 0.8471316623313650540, 1.000000000000000000),
 ( 1.000000000000000000, 0.8275942669551059616, 1.000000000000000000),
 ( 1.000000000000000000, 0.7902180112882359886, 1.000000000000000000),
 ( 1.000000000000000000, 0.7723968187713020628, 1.000000000000000000),
 ( 1.000000000000000000, 0.7418334209259029866, 1.000000000000000000),
 ( 1.000000000000000000, 0.7291288917604099584, 1.000000000000000000),
 ( 1.000000000000000000, 0.7117460047829069492, 1.000000000000000000),
 ( 1.000000000000000000, 0.7070717266846630045, 1.000000000000000000),
 ( 1.000000000000000000, 0.7071067811865480168, 1.000000000000000000) ) ) 
 REPRESENTATION_ITEM ( '' )  SURFACE ( )  );
#3199 = AXIS2_PLACEMENT_3D ( 'NONE', #6162, #3553, #5488 ) ;
#3200 = ORIENTED_EDGE ( 'NONE', *, *, #5874, .T. ) ;
#3201 = DIRECTION ( 'NONE',  ( -8.595445695815679977E-32, 1.000000000000000000, 0.000000000000000000 ) ) ;
#3202 = CARTESIAN_POINT ( 'NONE',  ( 109.8244102490587295, 20.00019928524677226, -1.778091562876225694E-14 ) ) ;
#3203 = EDGE_CURVE ( 'NONE', #2221, #667, #6926, .T. ) ;
#3204 = LINE ( 'NONE', #2450, #1891 ) ;
#3205 = CARTESIAN_POINT ( 'NONE',  ( 109.8236730192914052, 18.99993126322744885, 1.000000000000000000 ) ) ;
#3206 = ADVANCED_FACE ( 'NONE', ( #624 ), #6860, .F. ) ;
#3207 = APPROVAL_STATUS ( 'not_yet_approved' ) ;
#3208 = CARTESIAN_POINT ( 'NONE',  ( 0.000000000000000000, 20.00000000000000000, 0.000000000000000000 ) ) ;
#3209 = ORIENTED_EDGE ( 'NONE', *, *, #5315, .T. ) ;
#3210 = CARTESIAN_POINT ( 'NONE',  ( 136.4926134611315831, 14.47088121324989984, 16.95929826812554708 ) ) ;
#3211 = CARTESIAN_POINT ( 'NONE',  ( 110.0000000000000000, 0.000000000000000000, 0.000000000000000000 ) ) ;
#3212 = CARTESIAN_POINT ( 'NONE',  ( 0.6009994805187930389, 18.84364016763809957, -1.770906554907939912 ) ) ;
#3213 = CARTESIAN_POINT ( 'NONE',  ( 0.5671210363688490297, 1.828198658397616860, -1.241726313508465296 ) ) ;
#3214 = VERTEX_POINT ( 'NONE', #7816 ) ;
#3215 = PLANE ( 'NONE',  #583 ) ;
#3216 = LOCAL_TIME ( 21, 5, 34.00000000000000000, #6368 ) ;
#3217 = EDGE_LOOP ( 'NONE', ( #7723, #6007, #1114 ) ) ;
#3218 = CC_DESIGN_DATE_AND_TIME_ASSIGNMENT ( #4012, #5394, ( #3085 ) ) ;
#3219 = CARTESIAN_POINT ( 'NONE',  ( 110.0629792653003989, 0.3097579573119125240, 6.723727011174117862 ) ) ;
#3220 = CARTESIAN_POINT ( 'NONE',  ( 0.07808197337323899423, 2.476504225844305296, 2.214756338766505017 ) ) ;
#3221 = DIRECTION ( 'NONE',  ( 0.3420201433256691015, 0.000000000000000000, -0.9396926207859082059 ) ) ;
#3222 = EDGE_CURVE ( 'NONE', #6387, #1744, #6544, .T. ) ;
#3223 = CARTESIAN_POINT ( 'NONE',  ( 111.9835684236328035, 0.09894304095685917122, 7.110496661819195374 ) ) ;
#3224 = AXIS2_PLACEMENT_3D ( 'NONE', #2181, #2808, #2848 ) ;
#3225 = CARTESIAN_POINT ( 'NONE',  ( 113.2044788484852518, 0.3400949215484805888, -7.975608130263905693 ) ) ;
#3226 = ORIENTED_EDGE ( 'NONE', *, *, #5242, .F. ) ;
#3227 = AXIS2_PLACEMENT_3D ( 'NONE', #6758, #4889, #5650 ) ;
#3228 = VERTEX_POINT ( 'NONE', #244 ) ;
#3229 = CARTESIAN_POINT ( 'NONE',  ( 110.0315688165566428, 0.9419260095331689620, 6.997744537560131484 ) ) ;
#3230 = ORIENTED_EDGE ( 'NONE', *, *, #2787, .F. ) ;
#3231 = CARTESIAN_POINT ( 'NONE',  ( 1.170030629533429956, 18.59021525347860049, -0.6146771197821209176 ) ) ;
#3232 = CIRCLE ( 'NONE', #5507, 2.498999999999999666 ) ;
#3233 = CARTESIAN_POINT ( 'NONE',  ( 149.7093515827920100, 6.599999999999999645, -12.00000000000000000 ) ) ;
#3234 = AXIS2_PLACEMENT_3D ( 'NONE', #5868, #5828, #650 ) ;
#3235 = EDGE_CURVE ( 'NONE', #2800, #7903, #3403, .T. ) ;
#3236 = CIRCLE ( 'NONE', #2696, 2.500000000000000444 ) ;
#3237 = CARTESIAN_POINT ( 'NONE',  ( 148.7083515827920053, -9.081274705556749538, -15.15286556612326407 ) ) ;
#3238 = CARTESIAN_POINT ( 'NONE',  ( 110.0040451767812755, 0.3319783758166857113, -6.967826962866364937 ) ) ;
#3239 = CARTESIAN_POINT ( 'NONE',  ( 110.0774060650832098, 0.4365167568686891264, -6.844683340073810740 ) ) ;
#3240 = ORIENTED_EDGE ( 'NONE', *, *, #5805, .F. ) ;
#3241 = AXIS2_PLACEMENT_3D ( 'NONE', #584, #1261, #5036 ) ;
#3242 = AXIS2_PLACEMENT_3D ( 'NONE', #4121, #4753, #2372 ) ;
#3243 = ORIENTED_EDGE ( 'NONE', *, *, #121, .T. ) ;
#3244 = CARTESIAN_POINT ( 'NONE',  ( 113.3042678018239968, 19.03561518842100142, 8.233554659591181490 ) ) ;
#3245 = B_SPLINE_CURVE_WITH_KNOTS ( 'NONE', 3,
 ( #2561, #2479, #5671, #40, #582, #7736, #3231, #6480, #3740, #5168, #6393, #1215, #710, #5806 ),
 .UNSPECIFIED., .F., .F.,
 ( 4, 2, 2, 2, 2, 2, 4 ),
 ( 0.000000000000000000, 0.2499999999999999722, 0.4999999999999997780, 0.6249999999999982236, 0.7499999999999997780, 0.8749999999999982236, 1.000000000000000000 ),
 .UNSPECIFIED. ) ;
#3246 = CARTESIAN_POINT ( 'NONE',  ( 109.8236730192914052, 18.99993126322744885, -1.778091562876225063E-14 ) ) ;
#3247 = DIRECTION ( 'NONE',  ( 0.000000000000000000, 1.000000000000000000, 0.000000000000000000 ) ) ;
#3248 = VECTOR ( 'NONE', #7491, 1000.000000000000000 ) ;
#3249 = DIRECTION ( 'NONE',  ( 0.000000000000000000, 1.000000000000000000, 0.000000000000000000 ) ) ;
#3250 =( BOUNDED_SURFACE ( )  B_SPLINE_SURFACE ( 3, 2, ( 
 ( #1819, #4434, #4395 ),
 ( #6957, #1188, #3757 ),
 ( #5690, #601, #8254 ),
 ( #5054, #7625, #7001 ),
 ( #1231, #183, #809 ),
 ( #7878, #55, #7754 ),
 ( #5899, #7122, #1443 ),
 ( #4611, #3421, #6453 ),
 ( #4684, #5943, #688 ),
 ( #4054, #6575, #7838 ),
 ( #2622, #3931, #5140 ),
 ( #3331, #766, #139 ),
 ( #7712, #855, #4565 ),
 ( #4523, #3381, #7243 ) ),
 .UNSPECIFIED., .F., .F., .T. ) 
 B_SPLINE_SURFACE_WITH_KNOTS ( ( 4, 2, 2, 2, 2, 2, 4 ),
 ( 3, 3 ),
 ( 1.570796326794895004, 1.963495408493620031, 2.356194490192344837, 2.552544031041704908, 2.748893571891069865, 2.945243112740429936, 3.141592653589795336 ),
 ( 0.000000000000000000, 1.000000000000000000 ),
 .UNSPECIFIED. ) 
 GEOMETRIC_REPRESENTATION_ITEM ( )  RATIONAL_B_SPLINE_SURFACE ( (
 ( 1.000000000000000000, 1.000000000000000000, 1.000000000000000000),
 ( 1.000000000000000000, 1.000158582174080157, 1.000000000000000000),
 ( 1.000000000000000000, 0.9867291873849090011, 1.000000000000000000),
 ( 1.000000000000000000, 0.9386556523774040039, 1.000000000000000000),
 ( 1.000000000000000000, 0.9038128866905860148, 1.000000000000000000),
 ( 1.000000000000000000, 0.8471316623313650540, 1.000000000000000000),
 ( 1.000000000000000000, 0.8275942669551059616, 1.000000000000000000),
 ( 1.000000000000000000, 0.7902180112882359886, 1.000000000000000000),
 ( 1.000000000000000000, 0.7723968187713020628, 1.000000000000000000),
 ( 1.000000000000000000, 0.7418334209259029866, 1.000000000000000000),
 ( 1.000000000000000000, 0.7291288917604099584, 1.000000000000000000),
 ( 1.000000000000000000, 0.7117460047829069492, 1.000000000000000000),
 ( 1.000000000000000000, 0.7070717266846630045, 1.000000000000000000),
 ( 1.000000000000000000, 0.7071067811865480168, 1.000000000000000000) ) ) 
 REPRESENTATION_ITEM ( '' )  SURFACE ( )  );
#3251 = CARTESIAN_POINT ( 'NONE',  ( 111.1685781443113967, 20.00000000000000000, -7.254557658830960598 ) ) ;
#3252 = CALENDAR_DATE ( 2026, 3, 9 ) ;
#3253 = CARTESIAN_POINT ( 'NONE',  ( 2.782701330032895548, 0.8745428680457683068, 7.000000000000001776 ) ) ;
#3254 = ORIENTED_EDGE ( 'NONE', *, *, #3624, .F. ) ;
#3255 = DIRECTION ( 'NONE',  ( -1.000000000000000000, 0.000000000000000000, 0.000000000000000000 ) ) ;
#3256 = ADVANCED_FACE ( 'NONE', ( #4631 ), #5842, .T. ) ;
#3257 = CARTESIAN_POINT ( 'NONE',  ( 118.0941025510276035, 0.3119240735625385397, 4.010190174148164921 ) ) ;
#3258 = CARTESIAN_POINT ( 'NONE',  ( 131.8195519189374068, -2.168313434168734677, 15.20256657412714851 ) ) ;
#3259 = DIRECTION ( 'NONE',  ( 0.000000000000000000, 0.000000000000000000, 1.000000000000000000 ) ) ;
#3260 = CARTESIAN_POINT ( 'NONE',  ( 0.1718344562581325397, 2.332684066053792193, -1.998998822361058636 ) ) ;
#3261 = ORIENTED_EDGE ( 'NONE', *, *, #7417, .F. ) ;
#3262 = DIRECTION ( 'NONE',  ( -0.9870644848500210733, -0.09942777054401050196, 0.1257689198188891855 ) ) ;
#3263 = ORIENTED_EDGE ( 'NONE', *, *, #8134, .T. ) ;
#3264 = CARTESIAN_POINT ( 'NONE',  ( 112.5618952446802012, 0.1600202856360775083, 7.488364206805049328 ) ) ;
#3265 = DIRECTION ( 'NONE',  ( 0.000000000000000000, 0.000000000000000000, 1.000000000000000000 ) ) ;
#3266 = DIRECTION ( 'NONE',  ( 0.000000000000000000, 0.000000000000000000, 1.000000000000000000 ) ) ;
#3267 = DIRECTION ( 'NONE',  ( 0.000000000000000000, -1.000000000000000000, 0.000000000000000000 ) ) ;
#3268 = AXIS2_PLACEMENT_3D ( 'NONE', #3472, #6035, #4773 ) ;
#3269 = CARTESIAN_POINT ( 'NONE',  ( 107.0853926465595976, 19.52760139026865005, -6.852309193251170605 ) ) ;
#3270 = ORIENTED_EDGE ( 'NONE', *, *, #4732, .T. ) ;
#3271 = ORIENTED_EDGE ( 'NONE', *, *, #7168, .F. ) ;
#3272 = ADVANCED_FACE ( 'NONE', ( #748 ), #2682, .T. ) ;
#3273 = DIRECTION ( 'NONE',  ( -0.02990262109231477811, 0.9995528166394258562, 0.000000000000000000 ) ) ;
#3274 = ORIENTED_EDGE ( 'NONE', *, *, #7730, .F. ) ;
#3275 = SHAPE_REPRESENTATION ( 'Ansamblu ochelari rama V1 de la Raul', ( #6304, #268, #7926, #933, #5235, #4155 ), #1609 ) ;
#3276 = CARTESIAN_POINT ( 'NONE',  ( 106.3649126752824117, 18.88652285270550024, 7.000000000000000000 ) ) ;
#3277 = CARTESIAN_POINT ( 'NONE',  ( 110.0028372024550265, 19.56142953922847383, 6.881844091242985684 ) ) ;
#3278 = DIRECTION ( 'NONE',  ( -0.000000000000000000, 1.000000000000000000, 0.000000000000000000 ) ) ;
#3279 = CARTESIAN_POINT ( 'NONE',  ( 114.8450028046583924, 18.81983514187315265, 8.821369119067600906 ) ) ;
#3280 = CARTESIAN_POINT ( 'NONE',  ( 111.2770378546469630, 0.2802050389451660739, -7.201574783492639575 ) ) ;
#3281 = CARTESIAN_POINT ( 'NONE',  ( 3.396642764494502472E-15, 18.18898261130961913, -5.188982611309616466 ) ) ;
#3282 = VERTEX_POINT ( 'NONE', #2810 ) ;
#3283 = CALENDAR_DATE ( 2026, 3, 9 ) ;
#3284 = EDGE_LOOP ( 'NONE', ( #3567, #8274, #6767, #6475 ) ) ;
#3285 = CARTESIAN_POINT ( 'NONE',  ( 107.4268732634771908, 19.63918312602535110, 6.769835735016939360 ) ) ;
#3286 = DIRECTION ( 'NONE',  ( 0.000000000000000000, 1.000000000000000000, 0.000000000000000000 ) ) ;
#3287 = CARTESIAN_POINT ( 'NONE',  ( 0.000000000000000000, 0.5000000000000109912, 0.9499999999999999556 ) ) ;
#3288 = CARTESIAN_POINT ( 'NONE',  ( 109.8001467689777968, 0.2830862102240772615, 6.863321056917630614 ) ) ;
#3289 = DIRECTION ( 'NONE',  ( 0.000000000000000000, 1.000000000000000000, 0.000000000000000000 ) ) ;
#3290 = APPROVAL_STATUS ( 'not_yet_approved' ) ;
#3291 = CARTESIAN_POINT ( 'NONE',  ( 107.7976269828425870, 1.000000000000000000, 6.000000000000000000 ) ) ;
#3292 = EDGE_LOOP ( 'NONE', ( #705, #7806, #7110, #2018 ) ) ;
#3293 = EDGE_CURVE ( 'NONE', #7943, #3522, #1908, .T. ) ;
#3294 = CARTESIAN_POINT ( 'NONE',  ( 0.4261790687600611749, 18.60969295905617571, 1.390307040943986383 ) ) ;
#3295 = ADVANCED_FACE ( 'NONE', ( #3952 ), #4074, .T. ) ;
#3296 = CARTESIAN_POINT ( 'NONE',  ( 130.4774997511878212, 17.15449806201745275, 14.69805244420928148 ) ) ;
#3297 = AXIS2_PLACEMENT_3D ( 'NONE', #787, #5253, #7184 ) ;
#3298 = CARTESIAN_POINT ( 'NONE',  ( 146.9526503818007654, -8.047637791034087940, -19.82318590585730078 ) ) ;
#3299 = DIRECTION ( 'NONE',  ( 0.000000000000000000, 0.000000000000000000, 1.000000000000000000 ) ) ;
#3300 = CARTESIAN_POINT ( 'NONE',  ( 2.627557016411473434, 1.000000000000000000, 1.795709848179114352E-15 ) ) ;
#3301 = ORIENTED_EDGE ( 'NONE', *, *, #2438, .T. ) ;
#3302 = DIRECTION ( 'NONE',  ( 0.1263952357497267198, 0.000000000000000000, 0.9919799616825790700 ) ) ;
#3303 = ORIENTED_EDGE ( 'NONE', *, *, #5272, .F. ) ;
#3304 = DIRECTION ( 'NONE',  ( 0.000000000000000000, 0.000000000000000000, -1.000000000000000000 ) ) ;
#3305 = CARTESIAN_POINT ( 'NONE',  ( 3.000000000000000000, 13.40000000000000036, -7.000000000000000000 ) ) ;
#3306 = DIRECTION ( 'NONE',  ( 0.000000000000000000, 0.000000000000000000, -1.000000000000000000 ) ) ;
#3307 = CARTESIAN_POINT ( 'NONE',  ( 113.3990003999760035, 18.89209477623894884, -8.277761672821080552 ) ) ;
#3308 = CARTESIAN_POINT ( 'NONE',  ( 113.5031958103434135, 0.6232378964651338338, -8.262534188005295377 ) ) ;
#3309 = ADVANCED_FACE ( 'NONE', ( #7902 ), #6518, .T. ) ;
#3310 = VERTEX_POINT ( 'NONE', #3991 ) ;
#3311 = CC_DESIGN_SECURITY_CLASSIFICATION ( #895, ( #901 ) ) ;
#3312 = ORIENTED_EDGE ( 'NONE', *, *, #993, .T. ) ;
#3313 = CARTESIAN_POINT ( 'NONE',  ( 3.000000000000000000, 0.000000000000000000, 3.000000000000000000 ) ) ;
#3314 = VERTEX_POINT ( 'NONE', #117 ) ;
#3315 = DIRECTION ( 'NONE',  ( -1.000000000000000000, 0.000000000000000000, 0.000000000000000000 ) ) ;
#3316 = CARTESIAN_POINT ( 'NONE',  ( 111.5300740874940004, 19.84397608077270192, 7.009654048416500416 ) ) ;
#3317 = CC_DESIGN_APPROVAL ( #1376, ( #7476 ) ) ;
#3318 = DIRECTION ( 'NONE',  ( 0.5640492526383094063, 0.8257411462426738069, 0.000000000000000000 ) ) ;
#3319 = CARTESIAN_POINT ( 'NONE',  ( 80.00000000000000000, -30.00000000000000000, 0.000000000000000000 ) ) ;
#3320 = FACE_OUTER_BOUND ( 'NONE', #2671, .T. ) ;
#3321 = CARTESIAN_POINT ( 'NONE',  ( 112.8704808145438960, 19.36190047115801249, -7.964656239279284122 ) ) ;
#3322 = ORIENTED_EDGE ( 'NONE', *, *, #8291, .F. ) ;
#3323 = CC_DESIGN_DATE_AND_TIME_ASSIGNMENT ( #6067, #5432, ( #4666 ) ) ;
#3324 = DIRECTION ( 'NONE',  ( -1.000000000000000000, 0.000000000000000000, -4.954937092193129892E-16 ) ) ;
#3325 = CIRCLE ( 'NONE', #3725, 0.9999999999999991118 ) ;
#3326 = CARTESIAN_POINT ( 'NONE',  ( 108.5527980360086104, 19.88131869072174851, 6.474568174831720313 ) ) ;
#3327 = DIRECTION ( 'NONE',  ( -0.3420201433255969370, 1.561251128379140584E-14, -0.9396926207859345181 ) ) ;
#3328 = CARTESIAN_POINT ( 'NONE',  ( 1.450054041604964983, 19.57062131290130580, -1.286458956985958801 ) ) ;
#3329 = AXIS2_PLACEMENT_3D ( 'NONE', #5338, #5969, #2647 ) ;
#3330 = CALENDAR_DATE ( 2026, 3, 9 ) ;
#3331 = CARTESIAN_POINT ( 'NONE',  ( 2.607305765700779876, 0.01933826517584500207, -1.012892176783895870 ) ) ;
#3332 = EDGE_LOOP ( 'NONE', ( #4252, #4064 ) ) ;
#3333 = CARTESIAN_POINT ( 'NONE',  ( 2.033353018320509964, 18.89785220735890192, 0.1532216889614815003 ) ) ;
#3334 = CARTESIAN_POINT ( 'NONE',  ( 145.1181102958318263, -8.027872587392081982, 19.13901221322787904 ) ) ;
#3335 = CARTESIAN_POINT ( 'NONE',  ( 141.4796629027538017, -4.305760436612844799, 11.45766028133642145 ) ) ;
#3336 = EDGE_CURVE ( 'NONE', #1630, #3214, #3440, .T. ) ;
#3337 = CARTESIAN_POINT ( 'NONE',  ( 2.222152302202450080, 18.93603329839680072, -0.09595005240477320896 ) ) ;
#3338 = CARTESIAN_POINT ( 'NONE',  ( 3.000000000000000000, -7.810249675906650424, 6.000000000000000000 ) ) ;
#3339 = DIRECTION ( 'NONE',  ( 0.000000000000000000, 0.000000000000000000, 1.000000000000000000 ) ) ;
#3340 = EDGE_LOOP ( 'NONE', ( #2215, #7654, #149, #3441 ) ) ;
#3341 = ADVANCED_FACE ( 'NONE', ( #7897 ), #4740, .F. ) ;
#3342 = DIRECTION ( 'NONE',  ( 0.000000000000000000, 0.000000000000000000, 1.000000000000000000 ) ) ;
#3343 = VERTEX_POINT ( 'NONE', #6083 ) ;
#3344 = ADVANCED_FACE ( 'NONE', ( #1419 ), #7810, .T. ) ;
#3345 = CARTESIAN_POINT ( 'NONE',  ( 0.000000000000000000, 3.000000000000000000, -4.000000000000000000 ) ) ;
#3346 = DIRECTION ( 'NONE',  ( -1.000000000000000000, -1.734723475976805517E-15, 0.000000000000000000 ) ) ;
#3347 = DIRECTION ( 'NONE',  ( 0.3420201433257144541, -1.734723475976815299E-14, 0.9396926207858917746 ) ) ;
#3348 = CARTESIAN_POINT ( 'NONE',  ( 110.1834106557184043, 0.04062809819003854878, 6.000602840071009858 ) ) ;
#3349 = ADVANCED_FACE ( 'NONE', ( #4027 ), #1435, .T. ) ;
#3350 = CARTESIAN_POINT ( 'NONE',  ( 5.499000000000000554, 0.000000000000000000, -12.00000000000000000 ) ) ;
#3351 = ORIENTED_EDGE ( 'NONE', *, *, #355, .T. ) ;
#3352 = LOCAL_TIME ( 21, 5, 34.00000000000000000, #2497 ) ;
#3353 = VERTEX_POINT ( 'NONE', #278 ) ;
#3354 = CARTESIAN_POINT ( 'NONE',  ( 110.0000000000000000, 1.000000000000000000, 0.000000000000000000 ) ) ;
#3355 = ORIENTED_EDGE ( 'NONE', *, *, #4102, .T. ) ;
#3356 = CARTESIAN_POINT ( 'NONE',  ( 0.1494220505359520335, 2.063890948765226607, 2.375961465900904290 ) ) ;
#3357 = CARTESIAN_POINT ( 'NONE',  ( 3.000000000000000000, 20.00000000000000000, 6.000000000000000000 ) ) ;
#3358 = ADVANCED_FACE ( 'NONE', ( #238 ), #5245, .F. ) ;
#3359 = AXIS2_PLACEMENT_3D ( 'NONE', #3338, #5906, #4655 ) ;
#3360 = EDGE_CURVE ( 'NONE', #5831, #6387, #4522, .T. ) ;
#3361 = CARTESIAN_POINT ( 'NONE',  ( 3.035766082959410049E-15, 2.607230121851484839, -2.738153414567654931 ) ) ;
#3362 = VECTOR ( 'NONE', #478, 1000.000000000000000 ) ;
#3363 = DIRECTION ( 'NONE',  ( -0.03263195623216807312, 0.9994674359039728007, 0.000000000000000000 ) ) ;
#3364 = PERSON ( 'NAUO-PER3', 'UNSPECIFIED', 'UNSPECIFIED', ('UNSPECIFIED'), ('UNSPECIFIED'), ('UNSPECIFIED') ) ;
#3365 = DIRECTION ( 'NONE',  ( 0.000000000000000000, 0.000000000000000000, -1.000000000000000000 ) ) ;
#3366 = CARTESIAN_POINT ( 'NONE',  ( 112.8199168201535514, 19.39007356682807526, -7.931007666055409189 ) ) ;
#3367 = EDGE_LOOP ( 'NONE', ( #4993, #45, #3092, #3382 ) ) ;
#3368 = VECTOR ( 'NONE', #2745, 1000.000000000000000 ) ;
#3369 = AXIS2_PLACEMENT_3D ( 'NONE', #2913, #3620, #5476 ) ;
#3370 = CARTESIAN_POINT ( 'NONE',  ( 109.6064693202673794, 0.03972587664320766793, -6.852061050040791024 ) ) ;
#3371 = CIRCLE ( 'NONE', #4452, 2.498999999999999666 ) ;
#3372 =( BOUNDED_CURVE ( )  B_SPLINE_CURVE ( 3, ( #3974, #7843, #5234, #4768, #5988, #226, #2793, #4614, #6539, #770, #5357, #1409, #4730, #7169, #1535, #3334, #2707, #7925 ),
 .UNSPECIFIED., .F., .F. ) 
 B_SPLINE_CURVE_WITH_KNOTS ( ( 4, 2, 2, 2, 2, 2, 2, 2, 4 ),
 ( 0.000000000000000000, 0.2454999419227096857, 0.3712499516022588764, 0.4969999612818069012, 0.6227499709613549816, 0.7484999806409041723, 0.8742499903204509204, 0.9371249951602256267, 1.000000000000000000 ),
 .UNSPECIFIED. ) 
 CURVE ( )  GEOMETRIC_REPRESENTATION_ITEM ( )  RATIONAL_B_SPLINE_CURVE ( ( 0.9999999987575868277, 0.9999999987583431116, 0.9999999987590142414, 0.9999999987598688911, 0.9999999987601306817, 0.9999999987605980856, 0.9999999987608032548, 0.9999999987611565277, 0.9999999987612754326, 0.9999999987615906250, 0.9999999987618735098, 0.9999999987626866371, 0.9999999987632184340, 0.9999999987641907673, 0.9999999987645442623, 0.9999999987652976596, 0.9999999987656937872, 0.9999999987660996847 ) ) 
 REPRESENTATION_ITEM ( '' )  );
#3373 = CARTESIAN_POINT ( 'NONE',  ( 109.9823225610553834, 19.98958655088330261, 6.065724277513700358 ) ) ;
#3374 = DIRECTION ( 'NONE',  ( 0.000000000000000000, 0.000000000000000000, -1.000000000000000000 ) ) ;
#3375 = CARTESIAN_POINT ( 'NONE',  ( 0.02193356959632905903, 17.36498355786729775, -2.756779080946972993 ) ) ;
#3376 = CC_DESIGN_PERSON_AND_ORGANIZATION_ASSIGNMENT ( #1177, #7702, ( #7469 ) ) ;
#3377 = CARTESIAN_POINT ( 'NONE',  ( 110.0000000000000000, 19.00000000000000000, 0.000000000000000000 ) ) ;
#3378 = AXIS2_PLACEMENT_3D ( 'NONE', #1431, #209, #794 ) ;
#3379 = PERSON_AND_ORGANIZATION ( #5375, #6038 ) ;
#3380 = EDGE_CURVE ( 'NONE', #5264, #7614, #7998, .T. ) ;
#3381 = CARTESIAN_POINT ( 'NONE',  ( 3.000000000000001332, 4.336808689942016750E-16, -4.336808689942016750E-16 ) ) ;
#3382 = ORIENTED_EDGE ( 'NONE', *, *, #7564, .F. ) ;
#3383 = FACE_OUTER_BOUND ( 'NONE', #2601, .T. ) ;
#3384 = CIRCLE ( 'NONE', #830, 1.000000000000000000 ) ;
#3385 = DIRECTION ( 'NONE',  ( 0.9396926207859346292, 0.000000000000000000, 0.3420201433255969925 ) ) ;
#3386 = CIRCLE ( 'NONE', #4059, 1.500000000000000000 ) ;
#3387 = CARTESIAN_POINT ( 'NONE',  ( 112.9157317261887101, 0.04577311942101223996, -7.028236231651555421 ) ) ;
#3388 = CARTESIAN_POINT ( 'NONE',  ( 149.0503717261175893, -8.081274705556770854, 14.21317294533736053 ) ) ;
#3389 = CARTESIAN_POINT ( 'NONE',  ( 1.993848566583860560, 19.84648367744294362, -0.1535163225570043422 ) ) ;
#3390 = CARTESIAN_POINT ( 'NONE',  ( 0.07808197337323899423, 2.476504225844305296, 2.214756338766505017 ) ) ;
#3391 =( NAMED_UNIT ( * ) PLANE_ANGLE_UNIT ( ) SI_UNIT ( $, .RADIAN. ) );
#3392 = ORIENTED_EDGE ( 'NONE', *, *, #5012, .T. ) ;
#3393 = CARTESIAN_POINT ( 'NONE',  ( 141.5867764680193943, 13.53722577317819997, -11.49664643077919912 ) ) ;
#3394 = EDGE_LOOP ( 'NONE', ( #3652, #5231, #4032, #1899 ) ) ;
#3395 = EDGE_CURVE ( 'NONE', #4055, #5757, #2719, .T. ) ;
#3396 = CARTESIAN_POINT ( 'NONE',  ( 3.000000000000000000, 7.299999999999999822, 6.000000000000000000 ) ) ;
#3397 = CARTESIAN_POINT ( 'NONE',  ( 107.5518536011089594, 0.2615167622147067106, 6.678389619525433751 ) ) ;
#3398 = DIRECTION ( 'NONE',  ( 0.000000000000000000, 0.000000000000000000, -1.000000000000000000 ) ) ;
#3399 = DIRECTION ( 'NONE',  ( -0.9999759799133167704, 0.006931060265350833492, 0.000000000000000000 ) ) ;
#3400 = DIRECTION ( 'NONE',  ( 0.000000000000000000, 0.000000000000000000, -1.000000000000000000 ) ) ;
#3401 = ORIENTED_EDGE ( 'NONE', *, *, #1655, .T. ) ;
#3402 = ORIENTED_EDGE ( 'NONE', *, *, #7573, .F. ) ;
#3403 = LINE ( 'NONE', #5966, #4775 ) ;
#3404 = ORIENTED_EDGE ( 'NONE', *, *, #4736, .F. ) ;
#3405 = CYLINDRICAL_SURFACE ( 'NONE', #1113, 4.999999999999997335 ) ;
#3406 = CARTESIAN_POINT ( 'NONE',  ( 110.1929953962808071, 19.98747038457110037, 6.004091400338959161 ) ) ;
#3407 = EDGE_CURVE ( 'NONE', #5590, #6719, #7340, .T. ) ;
#3408 = CYLINDRICAL_SURFACE ( 'NONE', #3701, 3.000000000000000000 ) ;
#3409 = CARTESIAN_POINT ( 'NONE',  ( 109.7611252808974029, 18.99997736292630179, 0.000000000000000000 ) ) ;
#3410 = CARTESIAN_POINT ( 'NONE',  ( 109.9984331797471953, 18.94426705251422760, 7.000000000000015987 ) ) ;
#3411 = CARTESIAN_POINT ( 'NONE',  ( 134.5000000000000000, 7.299999999999999822, 11.50000000000000000 ) ) ;
#3412 = ORIENTED_EDGE ( 'NONE', *, *, #6372, .T. ) ;
#3413 = CARTESIAN_POINT ( 'NONE',  ( 107.7130659539664066, 19.71561476285334891, 6.699357652180620626 ) ) ;
#3414 = B_SPLINE_CURVE_WITH_KNOTS ( 'NONE', 3,
 ( #7205, #3387, #5276, #6579, #814, #2752, #7290, #1578, #4176, #6073, #4917, #381, #305, #3504, #3579, #8003, #3664, #1688, #1726, #4134, #2988, #2945, #6148, #3540, #5514, #4215, #4298, #5553, #1017, #6232, #2875, #8080 ),
 .UNSPECIFIED., .F., .F.,
 ( 4, 2, 2, 2, 2, 1, 1, 1, 1, 1, 1, 2, 2, 2, 2, 2, 2, 2, 4 ),
 ( 0.000000000000000000, 0.2499999999998934186, 0.3749999999998401279, 0.4374999999998130384, 0.4687499999997986611, 0.4843749999997914446, 0.4921874999997886690, 0.4960937499997864486, 0.4980468749997853384, 0.4990234374997847833, 0.4995117187497852829, 0.4997558593747855049, 0.4999999999997857270, 0.5624999999998124833, 0.6249999999998392397, 0.6874999999998659961, 0.7499999999998927525, 0.8749999999999463762, 1.000000000000000000 ),
 .UNSPECIFIED. ) ;
#3415 = CARTESIAN_POINT ( 'NONE',  ( 148.2003663687800099, -8.922563096391799675, -14.96797406877560022 ) ) ;
#3416 = CARTESIAN_POINT ( 'NONE',  ( 109.4078090934275593, 19.73147688080280915, -6.677932640064256908 ) ) ;
#3417 = CARTESIAN_POINT ( 'NONE',  ( 2.250406918775740728, 19.92978385441554678, -1.046807799291713748 ) ) ;
#3418 = FACE_OUTER_BOUND ( 'NONE', #3594, .T. ) ;
#3419 = PERSON_AND_ORGANIZATION ( #5375, #6038 ) ;
#3420 = EDGE_CURVE ( 'NONE', #1840, #6161, #1204, .T. ) ;
#3421 = CARTESIAN_POINT ( 'NONE',  ( 1.196179724907286301, 0.5687620532579702459, -0.5687620532579702459 ) ) ;
#3422 = VERTEX_POINT ( 'NONE', #7418 ) ;
#3423 =( BOUNDED_CURVE ( )  B_SPLINE_CURVE ( 3, ( #6580, #7800, #1579, #5277 ),
 .UNSPECIFIED., .F., .T. ) 
 B_SPLINE_CURVE_WITH_KNOTS ( ( 4, 4 ),
 ( 3.141592653589795336, 3.144198285476049737 ),
 .UNSPECIFIED. ) 
 CURVE ( )  GEOMETRIC_REPRESENTATION_ITEM ( )  RATIONAL_B_SPLINE_CURVE ( ( 1.000000000000000000, 0.9999994342236190326, 0.9999994342236190326, 1.000000000000000000 ) ) 
 REPRESENTATION_ITEM ( '' )  );
#3424 = CARTESIAN_POINT ( 'NONE',  ( 109.9617846497660025, 19.99023335532010037, 5.917190301132880137 ) ) ;
#3425 = CARTESIAN_POINT ( 'NONE',  ( 118.4582331283674108, -0.2478815998262671183, 3.078545093225057538 ) ) ;
#3426 = CARTESIAN_POINT ( 'NONE',  ( 110.1561089891874445, 19.97523360244630908, -6.195535176847441150 ) ) ;
#3427 = DIRECTION ( 'NONE',  ( -8.595445695815679977E-32, 1.000000000000000000, 0.000000000000000000 ) ) ;
#3428 = ORIENTED_EDGE ( 'NONE', *, *, #2542, .F. ) ;
#3429 = CARTESIAN_POINT ( 'NONE',  ( 107.7976269828425870, 1.000000000000000000, -6.000000000000000000 ) ) ;
#3430 = ORIENTED_EDGE ( 'NONE', *, *, #1417, .T. ) ;
#3431 = DIRECTION ( 'NONE',  ( 0.000000000000000000, -3.469446951953610245E-16, -1.000000000000000000 ) ) ;
#3432 = CC_DESIGN_PERSON_AND_ORGANIZATION_ASSIGNMENT ( #3884, #15, ( #7113 ) ) ;
#3433 = VECTOR ( 'NONE', #3172, 1000.000000000000000 ) ;
#3434 = LINE ( 'NONE', #2845, #2794 ) ;
#3435 = CARTESIAN_POINT ( 'NONE',  ( 0.000000000000000000, 22.00000000000000000, 0.000000000000000000 ) ) ;
#3436 = CARTESIAN_POINT ( 'NONE',  ( 0.000000000000000000, 22.00000000000000000, 0.000000000000000000 ) ) ;
#3437 = LINE ( 'NONE', #953, #5098 ) ;
#3438 = AXIS2_PLACEMENT_3D ( 'NONE', #1597, #3486, #1556 ) ;
#3439 = ORIENTED_EDGE ( 'NONE', *, *, #7941, .F. ) ;
#3440 = LINE ( 'NONE', #3354, #3022 ) ;
#3441 = ORIENTED_EDGE ( 'NONE', *, *, #7836, .F. ) ;
#3442 = CARTESIAN_POINT ( 'NONE',  ( 1.193252742348350326, 0.5963839782281553648, 1.397799716912333290 ) ) ;
#3443 = EDGE_LOOP ( 'NONE', ( #1976, #7013, #7463 ) ) ;
#3444 = CARTESIAN_POINT ( 'NONE',  ( 0.000000000000000000, 22.00000000000000000, 0.000000000000000000 ) ) ;
#3445 = DIRECTION ( 'NONE',  ( 0.000000000000000000, 1.000000000000000000, 0.000000000000000000 ) ) ;
#3446 = DIRECTION ( 'NONE',  ( -0.9994674359039728007, -0.03263195623216809393, 0.000000000000000000 ) ) ;
#3447 = CARTESIAN_POINT ( 'NONE',  ( 113.1489272563485997, 0.3153471055304260529, -7.930569828478119199 ) ) ;
#3448 = ORIENTED_EDGE ( 'NONE', *, *, #1803, .F. ) ;
#3449 = EDGE_CURVE ( 'NONE', #5, #3895, #7864, .T. ) ;
#3450 = ORGANIZATION ( 'NAUO-ORG4', 'UNSPECIFIED', 'UNSPECIFIED' ) ;
#3451 = DIRECTION ( 'NONE',  ( 0.000000000000000000, 1.000000000000000000, 0.000000000000000000 ) ) ;
#3452 = CARTESIAN_POINT ( 'NONE',  ( 5.499000000000000554, 6.599999999999999645, 12.00000000000000000 ) ) ;
#3453 = DIRECTION ( 'NONE',  ( 3.052279086265420196E-15, -1.000000000000000000, -8.673617379884030739E-15 ) ) ;
#3454 = B_SPLINE_CURVE_WITH_KNOTS ( 'NONE', 3,
 ( #2714, #7931, #7762, #5283 ),
 .UNSPECIFIED., .F., .F.,
 ( 4, 4 ),
 ( 0.000000000000000000, 0.0001134804839570901868 ),
 .UNSPECIFIED. ) ;
#3455 = EDGE_CURVE ( 'NONE', #6174, #1288, #4187, .T. ) ;
#3456 = CARTESIAN_POINT ( 'NONE',  ( 0.2066796630426901149, 18.09425358339078116, -2.270497850905103476 ) ) ;
#3457 = DIRECTION ( 'NONE',  ( -0.000000000000000000, -0.000000000000000000, -1.000000000000000000 ) ) ;
#3458 = PERSON_AND_ORGANIZATION_ROLE ( 'creator' ) ;
#3459 = CARTESIAN_POINT ( 'NONE',  ( 136.0862288827777888, -3.790965350074595008, 10.55878861009360037 ) ) ;
#3460 = ORIENTED_EDGE ( 'NONE', *, *, #5548, .F. ) ;
#3461 = DIRECTION ( 'NONE',  ( -0.1400195966565233596, -0.6670611073288769122, 0.7317267192342488125 ) ) ;
#3462 = EDGE_CURVE ( 'NONE', #3992, #6399, #2886, .T. ) ;
#3463 = CARTESIAN_POINT ( 'NONE',  ( 111.5769481060600015, 19.97225624781144759, 6.524255435423669702 ) ) ;
#3464 = AXIS2_PLACEMENT_3D ( 'NONE', #5366, #7260, #1503 ) ;
#3465 = DIRECTION ( 'NONE',  ( 1.000000000000000000, 0.000000000000000000, 0.000000000000000000 ) ) ;
#3466 = EDGE_CURVE ( 'NONE', #7519, #7980, #7448, .T. ) ;
#3467 = B_SPLINE_CURVE_WITH_KNOTS ( 'NONE', 3,
 ( #102, #5059, #1915, #7677, #607, #5195, #5869 ),
 .UNSPECIFIED., .F., .F.,
 ( 4, 3, 4 ),
 ( 0.000000000000000000, 0.002496127796316760256, 0.004989568642188879979 ),
 .UNSPECIFIED. ) ;
#3468 = DIRECTION ( 'NONE',  ( 0.000000000000000000, 1.000000000000000000, 0.000000000000000000 ) ) ;
#3469 = CARTESIAN_POINT ( 'NONE',  ( 149.6443950646691974, 9.501908822039631275, -15.50474992217699999 ) ) ;
#3470 = B_SPLINE_CURVE_WITH_KNOTS ( 'NONE', 3,
 ( #5383, #1519, #7781, #7153, #6614, #796, #6488, #3321, #127, #3366, #2193, #173, #5301, #2109, #7955, #4676 ),
 .UNSPECIFIED., .F., .F.,
 ( 4, 2, 2, 1, 1, 1, 1, 2, 2, 4 ),
 ( 0.000000000000000000, 0.2499999999999438227, 0.3749999999999246159, 0.4374999999999167888, 0.4687499999999066858, 0.4843749999999031330, 0.4921874999999004685, 0.4960937499998982481, 0.4999999999998960831, 1.000000000000000000 ),
 .UNSPECIFIED. ) ;
#3471 = COORDINATED_UNIVERSAL_TIME_OFFSET ( 2, 0, .AHEAD. ) ;
#3472 = CARTESIAN_POINT ( 'NONE',  ( 106.3649126752824117, -10.00000000000000000, -27.00000000000000000 ) ) ;
#3473 = ORIENTED_EDGE ( 'NONE', *, *, #7608, .T. ) ;
#3474 = AXIS2_PLACEMENT_3D ( 'NONE', #3726, #3096, #528 ) ;
#3475 = LINE ( 'NONE', #1585, #4926 ) ;
#3476 = CARTESIAN_POINT ( 'NONE',  ( 147.5368095076242128, -10.00000000000000000, 21.11111374378814887 ) ) ;
#3477 = CARTESIAN_POINT ( 'NONE',  ( 3.000000000000000000, 20.00000000000000000, -9.501000000000001222 ) ) ;
#3478 = CARTESIAN_POINT ( 'NONE',  ( 146.9526503818007654, -8.047637791034087940, 19.82318590585730078 ) ) ;
#3479 = EDGE_LOOP ( 'NONE', ( #3874, #1168, #7366, #810, #8056, #4287, #2910, #495, #282, #2174, #4738, #1931, #4228, #1704 ) ) ;
#3480 = CARTESIAN_POINT ( 'NONE',  ( 123.3892520329606128, 19.09095435218985060, -5.937466971551270234 ) ) ;
#3481 = EDGE_LOOP ( 'NONE', ( #8165, #1733, #2319, #359 ) ) ;
#3482 = CARTESIAN_POINT ( 'NONE',  ( 55.00000000000000000, -5.000000000000000000, 6.000000000000000000 ) ) ;
#3483 = EDGE_CURVE ( 'NONE', #4263, #3627, #519, .T. ) ;
#3484 = LINE ( 'NONE', #1636, #2575 ) ;
#3485 = CARTESIAN_POINT ( 'NONE',  ( 145.3141946333449823, 10.52251119223920028, -20.27557199927150222 ) ) ;
#3486 = DIRECTION ( 'NONE',  ( 0.000000000000000000, -1.000000000000000000, 0.000000000000000000 ) ) ;
#3487 = SECURITY_CLASSIFICATION ( '', '', #687 ) ;
#3488 = DIRECTION ( 'NONE',  ( 0.7613763160049186185, -0.5817069397674078379, 0.2862221893096619230 ) ) ;
#3489 = CARTESIAN_POINT ( 'NONE',  ( 148.2003663687800099, -8.922563096391790793, 14.96797406877562153 ) ) ;
#3490 = PLANE ( 'NONE',  #7660 ) ;
#3491 = ORIENTED_EDGE ( 'NONE', *, *, #2154, .F. ) ;
#3492 = PRODUCT_DEFINITION_FORMATION_WITH_SPECIFIED_SOURCE ( 'ANY', '', #2253, .NOT_KNOWN. ) ;
#3493 = CARTESIAN_POINT ( 'NONE',  ( 146.6007660257469922, -8.047637791034128796, -20.75922938773449999 ) ) ;
#3494 = ADVANCED_FACE ( 'NONE', ( #7006 ), #7043, .T. ) ;
#3495 = DIRECTION ( 'NONE',  ( 1.000000000000000000, 0.000000000000000000, 0.000000000000000000 ) ) ;
#3496 = CARTESIAN_POINT ( 'NONE',  ( 0.1968529049350515869, 18.06891300138727274, -2.287394061924841182 ) ) ;
#3497 = VECTOR ( 'NONE', #2756, 1000.000000000000000 ) ;
#3498 = FACE_BOUND ( 'NONE', #4587, .T. ) ;
#3499 = CALENDAR_DATE ( 2026, 3, 9 ) ;
#3500 = AXIS2_PLACEMENT_3D ( 'NONE', #489, #3688, #5618 ) ;
#3501 = CARTESIAN_POINT ( 'NONE',  ( 0.09406224879093919022, 17.50103593420201875, 2.248380074638613557 ) ) ;
#3502 = ORIENTED_EDGE ( 'NONE', *, *, #1030, .F. ) ;
#3503 = CARTESIAN_POINT ( 'NONE',  ( 73.75000000000000000, -24.29753166064964631, 6.000000000000000000 ) ) ;
#3504 = CARTESIAN_POINT ( 'NONE',  ( 128.6772053553582396, -2.337146322105710272, -12.95534192218726233 ) ) ;
#3505 = ADVANCED_FACE ( 'NONE', ( #2625 ), #6889, .F. ) ;
#3506 = CARTESIAN_POINT ( 'NONE',  ( 145.3709405396729721, -7.189016120795919562, 13.93814728691740079 ) ) ;
#3507 = VECTOR ( 'NONE', #5857, 1000.000000000000000 ) ;
#3508 = CYLINDRICAL_SURFACE ( 'NONE', #1374, 0.9999999999999991118 ) ;
#3509 = CARTESIAN_POINT ( 'NONE',  ( 1.496547972348960087, 1.264336804268406000, 0.3965052064026104994 ) ) ;
#3510 = APPROVAL_ROLE ( '' ) ;
#3511 = CARTESIAN_POINT ( 'NONE',  ( 136.7518170492841989, 15.07497481776685078, -9.736865118474529623 ) ) ;
#3512 = ORIENTED_EDGE ( 'NONE', *, *, #3962, .F. ) ;
#3513 = CIRCLE ( 'NONE', #2963, 0.9499999999999999556 ) ;
#3514 = CARTESIAN_POINT ( 'NONE',  ( 120.5718072136847638, -0.8013184971383155997, 10.97423158829388434 ) ) ;
#3515 = DIRECTION ( 'NONE',  ( -0.3518843560536748516, 0.000000000000000000, 0.9360434818771457000 ) ) ;
#3516 = CARTESIAN_POINT ( 'NONE',  ( 106.3649126752825538, 0.9991314557922141848, 7.000000000000007105 ) ) ;
#3517 = DIRECTION ( 'NONE',  ( 0.000000000000000000, 0.000000000000000000, -1.000000000000000000 ) ) ;
#3518 = VERTEX_POINT ( 'NONE', #5192 ) ;
#3519 = FACE_OUTER_BOUND ( 'NONE', #4105, .T. ) ;
#3520 = ORIENTED_EDGE ( 'NONE', *, *, #2010, .F. ) ;
#3521 = DIRECTION ( 'NONE',  ( 0.000000000000000000, 0.000000000000000000, 1.000000000000000000 ) ) ;
#3522 = VERTEX_POINT ( 'NONE', #5147 ) ;
#3523 = PLANE ( 'NONE',  #523 ) ;
#3524 = CARTESIAN_POINT ( 'NONE',  ( 2.033353018320509964, 0.1532216889614815003, -1.102147792640975954 ) ) ;
#3525 = EDGE_CURVE ( 'NONE', #2604, #2303, #7586, .T. ) ;
#3526 = CARTESIAN_POINT ( 'NONE',  ( 5.499000000000000554, 13.40000000000000036, 9.501000000000001222 ) ) ;
#3527 = CARTESIAN_POINT ( 'NONE',  ( 134.5000000000000000, 0.6999999999999999556, 10.49999999999999822 ) ) ;
#3528 = VERTEX_POINT ( 'NONE', #3804 ) ;
#3529 = DIRECTION ( 'NONE',  ( 0.000000000000000000, 0.000000000000000000, -1.000000000000000000 ) ) ;
#3530 = CIRCLE ( 'NONE', #2599, 0.9999999999999998890 ) ;
#3531 = CARTESIAN_POINT ( 'NONE',  ( 131.4546946761029176, -3.094192683872652783, -15.06540675361098280 ) ) ;
#3532 = CARTESIAN_POINT ( 'NONE',  ( 113.5148263069509937, 1.048461714367739939, -1.279292154345988086 ) ) ;
#3533 = CARTESIAN_POINT ( 'NONE',  ( 1.917418236061868564, 19.60666366023657758, -6.807549902136381448 ) ) ;
#3534 = VECTOR ( 'NONE', #4306, 1000.000000000000000 ) ;
#3535 = CARTESIAN_POINT ( 'NONE',  ( 110.0629792653220278, 0.3097579573104090045, -6.723727011179466473 ) ) ;
#3536 = CALENDAR_DATE ( 2026, 3, 9 ) ;
#3537 = DIRECTION ( 'NONE',  ( 8.595445695815679977E-32, -1.000000000000000000, 0.000000000000000000 ) ) ;
#3538 = ORIENTED_EDGE ( 'NONE', *, *, #1555, .T. ) ;
#3539 = DIRECTION ( 'NONE',  ( 0.9375000000000038858, 0.3479852726768659088, 0.000000000000000000 ) ) ;
#3540 = CARTESIAN_POINT ( 'NONE',  ( 136.0551096213237088, -4.261172930204237375, -15.72918683580933141 ) ) ;
#3541 = CARTESIAN_POINT ( 'NONE',  ( 113.5148263069701926, 1.048461714366194064, 1.279292154352972055 ) ) ;
#3542 = CARTESIAN_POINT ( 'NONE',  ( 110.0277444327957994, 19.67921648078215924, -6.781395102898852834 ) ) ;
#3543 = CARTESIAN_POINT ( 'NONE',  ( 113.5076652204511873, 0.6545925981843320196, 8.274468302827020949 ) ) ;
#3544 = DATE_TIME_ROLE ( 'creation_date' ) ;
#3545 = CARTESIAN_POINT ( 'NONE',  ( 106.9966412897674530, 19.48828634242103774, -6.872940622516567899 ) ) ;
#3546 = VERTEX_POINT ( 'NONE', #604 ) ;
#3547 = ADVANCED_FACE ( 'NONE', ( #3087 ), #1191, .T. ) ;
#3548 = CARTESIAN_POINT ( 'NONE',  ( 107.8302566377108036, 0.0006030513617584409760, 6.011876223126780161 ) ) ;
#3549 = CARTESIAN_POINT ( 'NONE',  ( 111.9834688018059268, 0.2206805343376099793, 7.349476325229574059 ) ) ;
#3550 = SPHERICAL_SURFACE ( 'NONE', #5251, 1.000000000000000000 ) ;
#3551 = CARTESIAN_POINT ( 'NONE',  ( 146.6243280140666627, 12.28717291915326548, 13.33016524711234752 ) ) ;
#3552 = VERTEX_POINT ( 'NONE', #2458 ) ;
#3553 = DIRECTION ( 'NONE',  ( -1.000000000000000000, 0.000000000000000000, 4.954937092193129892E-16 ) ) ;
#3554 = ORIENTED_EDGE ( 'NONE', *, *, #4843, .T. ) ;
#3555 = FACE_OUTER_BOUND ( 'NONE', #2645, .T. ) ;
#3556 = DESIGN_CONTEXT ( 'detailed design', #4426, 'design' ) ;
#3557 = ORIENTED_EDGE ( 'NONE', *, *, #5037, .T. ) ;
#3558 = DIRECTION ( 'NONE',  ( -0.9994674359039734668, -0.03263195623214619479, 0.000000000000000000 ) ) ;
#3559 = ADVANCED_FACE ( 'NONE', ( #5649 ), #790, .T. ) ;
#3560 = DIRECTION ( 'NONE',  ( 0.03262965486915155033, -0.9993969486382092704, -0.01187622312675261013 ) ) ;
#3561 = CIRCLE ( 'NONE', #5983, 0.9999999999999993339 ) ;
#3562 =( BOUNDED_SURFACE ( )  B_SPLINE_SURFACE ( 3, 2, ( 
 ( #1852, #1900, #3117 ),
 ( #2574, #7072, #5134 ),
 ( #1225, #4472, #3244 ),
 ( #7034, #5680, #7705 ),
 ( #3074, #2490, #3703 ),
 ( #7747, #1944, #5816 ),
 ( #5045, #594, #49 ),
 ( #1180, #5635, #4343 ),
 ( #8202, #7575, #5004 ),
 ( #1810, #3162, #8285 ),
 ( #4387, #7659, #3834 ),
 ( #4720, #6655, #6493 ),
 ( #3285, #1522, #7871 ),
 ( #216, #2112, #799 ),
 ( #3413, #888, #5304 ),
 ( #719, #130, #1990 ) ),
 .UNSPECIFIED., .F., .F., .F. ) 
 B_SPLINE_SURFACE_WITH_KNOTS ( ( 4, 2, 2, 2, 2, 2, 2, 4 ),
 ( 3, 3 ),
 ( 0.000000000000000000, 0.004356501354805674894, 0.006534752032208510607, 0.007623877370909929764, 0.008713002709611349789, 0.01306950406441702121, 0.01524775474181984912, 0.01742600541922269958 ),
 ( 0.000000000000000000, 1.000000000000000000 ),
 .UNSPECIFIED. ) 
 GEOMETRIC_REPRESENTATION_ITEM ( )  RATIONAL_B_SPLINE_SURFACE ( (
 ( 1.000000000000000000, 0.9838983474828449927, 1.000000000000000000),
 ( 1.000000000000000000, 0.9841754571273090280, 1.000000000000000000),
 ( 1.000000000000000000, 0.9846733017225979268, 1.000000000000000000),
 ( 1.000000000000000000, 0.9856764475484549592, 1.000000000000000000),
 ( 1.000000000000000000, 0.9860536658192899928, 1.000000000000000000),
 ( 1.000000000000000000, 0.9866755193652398948, 1.000000000000000000),
 ( 1.000000000000000000, 0.9868924833306339517, 1.000000000000000000),
 ( 1.000000000000000000, 0.9873382986687448959, 1.000000000000000000),
 ( 1.000000000000000000, 0.9875677130424570516, 1.000000000000000000),
 ( 1.000000000000000000, 0.9887423029937900676, 1.000000000000000000),
 ( 1.000000000000000000, 0.9897693626581199888, 1.000000000000000000),
 ( 1.000000000000000000, 0.9913560352782739837, 1.000000000000000000),
 ( 1.000000000000000000, 0.9918937258640719845, 1.000000000000000000),
 ( 1.000000000000000000, 0.9929525664077860636, 1.000000000000000000),
 ( 1.000000000000000000, 0.9934759263497430215, 1.000000000000000000),
 ( 1.000000000000000000, 0.9939865686229439889, 1.000000000000000000) ) ) 
 REPRESENTATION_ITEM ( '' )  SURFACE ( )  );
#3563 = EDGE_CURVE ( 'NONE', #4140, #4677, #3372, .T. ) ;
#3564 = B_SPLINE_CURVE_WITH_KNOTS ( 'NONE', 3,
 ( #2903, #4796, #1605, #2272, #4832, #7398 ),
 .UNSPECIFIED., .F., .F.,
 ( 4, 1, 1, 4 ),
 ( 0.000000000000000000, 0.2403004156736817942, 0.6084038979925107116, 1.000000000000000000 ),
 .UNSPECIFIED. ) ;
#3565 = DIRECTION ( 'NONE',  ( 1.719089139163134901E-31, -1.000000000000000000, 0.000000000000000000 ) ) ;
#3566 = DIRECTION ( 'NONE',  ( 1.719089139163134901E-31, -1.000000000000000000, 0.000000000000000000 ) ) ;
#3567 = ORIENTED_EDGE ( 'NONE', *, *, #6484, .F. ) ;
#3568 = CARTESIAN_POINT ( 'NONE',  ( 147.8843720404875057, -9.873908744127932735, -20.18656669350160726 ) ) ;
#3569 = LINE ( 'NONE', #4202, #6110 ) ;
#3570 = DIRECTION ( 'NONE',  ( 0.000000000000000000, 1.000000000000000000, 0.000000000000000000 ) ) ;
#3571 = CARTESIAN_POINT ( 'NONE',  ( 109.7857474473711932, 0.004931039905969290815, 1.011213553019185918 ) ) ;
#3572 = VERTEX_POINT ( 'NONE', #188 ) ;
#3573 = CC_DESIGN_APPROVAL ( #4857, ( #350 ) ) ;
#3574 = PERSON_AND_ORGANIZATION ( #5375, #6038 ) ;
#3575 = CC_DESIGN_PERSON_AND_ORGANIZATION_ASSIGNMENT ( #1442, #7837, ( #3085 ) ) ;
#3576 = CARTESIAN_POINT ( 'NONE',  ( 0.04869043697292542439, 17.35887152566158065, 2.461691891550116917 ) ) ;
#3577 = EDGE_LOOP ( 'NONE', ( #4524, #6258 ) ) ;
#3578 = CARTESIAN_POINT ( 'NONE',  ( 2.803648237606790161, 1.000000000004059864, 2.633728631076509817E-16 ) ) ;
#3579 = CARTESIAN_POINT ( 'NONE',  ( 128.7245872696815070, -2.348206878241456685, -12.97315793854789945 ) ) ;
#3580 = CARTESIAN_POINT ( 'NONE',  ( 0.000000000000000000, 3.000000000000000000, 4.000000000000000000 ) ) ;
#3581 = DIRECTION ( 'NONE',  ( -1.000000000000000000, 0.000000000000000000, 0.000000000000000000 ) ) ;
#3582 = FACE_OUTER_BOUND ( 'NONE', #2527, .T. ) ;
#3583 = SHAPE_DEFINITION_REPRESENTATION ( #3729, #3275 ) ;
#3584 =( BOUNDED_CURVE ( )  B_SPLINE_CURVE ( 3, ( #259, #6495, #4605, #7873 ),
 .UNSPECIFIED., .F., .F. ) 
 B_SPLINE_CURVE_WITH_KNOTS ( ( 4, 4 ),
 ( 1.570796326794895004, 2.696031399646980020 ),
 .UNSPECIFIED. ) 
 CURVE ( )  GEOMETRIC_REPRESENTATION_ITEM ( )  RATIONAL_B_SPLINE_CURVE ( ( 1.000000000000000000, 0.8972412072652149462, 0.8972412072652149462, 1.000000000000000000 ) ) 
 REPRESENTATION_ITEM ( '' )  );
#3585 = CARTESIAN_POINT ( 'NONE',  ( 0.000000000000000000, 0.000000000000000000, 0.4499999999999869660 ) ) ;
#3586 = ORIENTED_EDGE ( 'NONE', *, *, #3462, .F. ) ;
#3587 = CARTESIAN_POINT ( 'NONE',  ( 112.7924650387810033, 1.057778206996399906, 8.049764013102530313 ) ) ;
#3588 = EDGE_CURVE ( 'NONE', #5222, #4557, #3414, .T. ) ;
#3589 = CARTESIAN_POINT ( 'NONE',  ( 111.9659697348004670, 0.2223923351447913699, 7.345602080270228207 ) ) ;
#3590 = CARTESIAN_POINT ( 'NONE',  ( 137.4132918670409822, 15.32769089136271567, -16.23323432089346241 ) ) ;
#3591 = CARTESIAN_POINT ( 'NONE',  ( 143.5063686077749878, 13.85309566855792518, 12.19532083157393032 ) ) ;
#3592 = EDGE_CURVE ( 'NONE', #6267, #2303, #4513, .T. ) ;
#3593 = CIRCLE ( 'NONE', #4682, 0.9999999999999997780 ) ;
#3594 = EDGE_LOOP ( 'NONE', ( #5154, #4599, #3301, #2546 ) ) ;
#3595 = CARTESIAN_POINT ( 'NONE',  ( 126.7449347124620118, 18.48064933623660266, -7.158835582553530585 ) ) ;
#3596 = ORIENTED_EDGE ( 'NONE', *, *, #3395, .T. ) ;
#3597 = DIRECTION ( 'NONE',  ( -0.9994674359039734668, -0.03263195623214619479, 0.000000000000000000 ) ) ;
#3598 = ORIENTED_EDGE ( 'NONE', *, *, #755, .T. ) ;
#3599 = DIRECTION ( 'NONE',  ( -0.3420201433256691015, 0.000000000000000000, -0.9396926207859082059 ) ) ;
#3600 = ADVANCED_FACE ( 'NONE', ( #7487 ), #5854, .F. ) ;
#3601 = CARTESIAN_POINT ( 'NONE',  ( 109.6988215536295286, 20.00008782242723981, -2.175627907295825636E-13 ) ) ;
#3602 = CARTESIAN_POINT ( 'NONE',  ( 106.5949696325973974, 19.27394843308834993, -6.962376291164360076 ) ) ;
#3603 = CARTESIAN_POINT ( 'NONE',  ( 148.7670172685745911, 9.520742910012119253, -17.83865239055725027 ) ) ;
#3604 = DIRECTION ( 'NONE',  ( 0.000000000000000000, 1.000000000000000000, 0.000000000000000000 ) ) ;
#3605 = EDGE_LOOP ( 'NONE', ( #6625, #7474, #8244, #788 ) ) ;
#3606 = DIRECTION ( 'NONE',  ( 0.000000000000000000, 0.000000000000000000, -1.000000000000000000 ) ) ;
#3607 = EDGE_CURVE ( 'NONE', #4677, #6399, #1558, .T. ) ;
#3608 = CARTESIAN_POINT ( 'NONE',  ( 130.2602214497579780, -2.706676382939000369, -13.55056971767083951 ) ) ;
#3609 = EDGE_CURVE ( 'NONE', #2604, #4905, #980, .T. ) ;
#3610 = CARTESIAN_POINT ( 'NONE',  ( 5.499000000000000554, 19.75000000000000000, -10.75099999999999945 ) ) ;
#3611 = DIRECTION ( 'NONE',  ( 0.000000000000000000, -1.000000000000000000, 0.000000000000000000 ) ) ;
#3612 = CARTESIAN_POINT ( 'NONE',  ( 110.1128077931634124, 0.1269101172837726887, -6.444673707120389672 ) ) ;
#3613 = LOCAL_TIME ( 21, 5, 34.00000000000000000, #470 ) ;
#3614 = MECHANICAL_CONTEXT ( 'NONE', #6140, 'mechanical' ) ;
#3615 = ORIENTED_EDGE ( 'NONE', *, *, #2190, .F. ) ;
#3616 = DIRECTION ( 'NONE',  ( -1.224646799147353207E-16, -0.000000000000000000, -1.000000000000000000 ) ) ;
#3617 = CARTESIAN_POINT ( 'NONE',  ( 55.00000000000000000, 0.000000000000000000, 6.000000000000000000 ) ) ;
#3618 = APPROVAL ( #8199, 'UNKNOWN' ) ;
#3619 = CONICAL_SURFACE ( 'NONE', #1067, 0.9499999999999999556, 0.7853981633974503884 ) ;
#3620 = DIRECTION ( 'NONE',  ( -0.3518744015698616612, 0.007521791966615704039, -0.9360170020707224703 ) ) ;
#3621 = AXIS2_PLACEMENT_3D ( 'NONE', #3298, #7044, #1192 ) ;
#3622 = CARTESIAN_POINT ( 'NONE',  ( 111.8348851186189989, 19.76979926522714592, -7.234669608488670356 ) ) ;
#3623 = CARTESIAN_POINT ( 'NONE',  ( 106.3649126752824117, 1.000000000000000000, -7.000000000000000000 ) ) ;
#3624 = EDGE_CURVE ( 'NONE', #4401, #3822, #6748, .T. ) ;
#3625 = PERSON_AND_ORGANIZATION ( #5375, #6038 ) ;
#3626 = CARTESIAN_POINT ( 'NONE',  ( 110.1656931626172025, 18.99993126322744885, -0.06030737921409259905 ) ) ;
#3627 = VERTEX_POINT ( 'NONE', #2280 ) ;
#3628 = AXIS2_PLACEMENT_3D ( 'NONE', #4724, #806, #5227 ) ;
#3629 = CONICAL_SURFACE ( 'NONE', #4718, 0.9499999999999999556, 0.7853981633974503884 ) ;
#3630 = CARTESIAN_POINT ( 'NONE',  ( 136.4019352418473829, -4.349615928615595095, 15.85991935082385318 ) ) ;
#3631 = AXIS2_PLACEMENT_3D ( 'NONE', #4754, #7313, #1560 ) ;
#3632 = CARTESIAN_POINT ( 'NONE',  ( 110.3608257984899979, 0.3251139065683721352, 7.030682249055327127 ) ) ;
#3633 = EDGE_CURVE ( 'NONE', #8223, #7903, #5317, .T. ) ;
#3634 = CARTESIAN_POINT ( 'NONE',  ( 109.6174781541735967, 1.000000000000000000, 1.000000000000000000 ) ) ;
#3635 = LINE ( 'NONE', #1824, #294 ) ;
#3636 = CARTESIAN_POINT ( 'NONE',  ( 123.3892520328613926, 19.09095435220649861, 5.937466971538960081 ) ) ;
#3637 = VERTEX_POINT ( 'NONE', #3617 ) ;
#3638 = CARTESIAN_POINT ( 'NONE',  ( 133.7080052610241694, 16.92958154971891815, -8.629008228842236505 ) ) ;
#3639 = EDGE_CURVE ( 'NONE', #7879, #3189, #211, .T. ) ;
#3640 = ORIENTED_EDGE ( 'NONE', *, *, #7255, .F. ) ;
#3641 = CARTESIAN_POINT ( 'NONE',  ( 108.2104340125910937, 0.2006803496769031803, -6.601946198565384449 ) ) ;
#3642 = CARTESIAN_POINT ( 'NONE',  ( 112.5513943275472002, 0.1585229760157979839, 7.481283546191629164 ) ) ;
#3643 = CARTESIAN_POINT ( 'NONE',  ( 111.2564884885767924, 19.89357748625756273, -6.805217267139648918 ) ) ;
#3644 = CARTESIAN_POINT ( 'NONE',  ( 142.5145643011388188, 13.35111083894781991, -18.15027886507520094 ) ) ;
#3645 = B_SPLINE_CURVE_WITH_KNOTS ( 'NONE', 3,
 ( #2842, #7972, #6710, #8008, #2327, #389, #1693, #4262, #6828, #3545, #2995, #5558, #944 ),
 .UNSPECIFIED., .F., .F.,
 ( 4, 2, 2, 2, 1, 2, 4 ),
 ( 0.000000000000000000, 0.2499999999999640843, 0.3749999999999579225, 0.4062499999999565348, 0.4374999999999550915, 0.4999999999999539257, 1.000000000000000000 ),
 .UNSPECIFIED. ) ;
#3646 = VECTOR ( 'NONE', #3182, 1000.000000000000227 ) ;
#3647 = CARTESIAN_POINT ( 'NONE',  ( 111.8481559892650807, 0.08296942011787962479, -7.017933463907261249 ) ) ;
#3648 = VECTOR ( 'NONE', #3024, 1000.000000000000227 ) ;
#3649 = DIRECTION ( 'NONE',  ( 0.000000000000000000, 1.734723475976804876E-16, 1.000000000000000000 ) ) ;
#3650 = EDGE_LOOP ( 'NONE', ( #689, #1042, #6916, #2485 ) ) ;
#3651 = CARTESIAN_POINT ( 'NONE',  ( 149.6443950646691974, 9.501908822039640157, -15.50474992217694847 ) ) ;
#3652 = ORIENTED_EDGE ( 'NONE', *, *, #4339, .F. ) ;
#3653 = CARTESIAN_POINT ( 'NONE',  ( 149.0591613974975758, -8.070034910860337973, -17.06152319187929933 ) ) ;
#3654 = ORIENTED_EDGE ( 'NONE', *, *, #1030, .T. ) ;
#3655 = EDGE_CURVE ( 'NONE', #8099, #2422, #1654, .T. ) ;
#3656 = CARTESIAN_POINT ( 'NONE',  ( 131.8052716024185997, -3.096584501359514796, -14.13148112219894159 ) ) ;
#3657 = ADVANCED_FACE ( 'NONE', ( #2686 ), #1983, .F. ) ;
#3658 = DIRECTION ( 'NONE',  ( 1.000000000000000000, 0.000000000000000000, -1.224646799147353207E-16 ) ) ;
#3659 = CARTESIAN_POINT ( 'NONE',  ( 109.6174781541735967, 1.000000000000000000, -1.000000000000000000 ) ) ;
#3660 = CARTESIAN_POINT ( 'NONE',  ( 107.8101776961949980, 0.1196597318017473960, -6.474465808134409528 ) ) ;
#3661 = DATE_TIME_ROLE ( 'classification_date' ) ;
#3662 = ORIENTED_EDGE ( 'NONE', *, *, #6345, .T. ) ;
#3663 = CARTESIAN_POINT ( 'NONE',  ( 1.770616071965686267, 0.2397537308007662848, 0.2397537308007662848 ) ) ;
#3664 = CARTESIAN_POINT ( 'NONE',  ( 128.7584439606845876, -2.356120007994618071, -12.98588834337374642 ) ) ;
#3665 = AXIS2_PLACEMENT_3D ( 'NONE', #1777, #1149, #2366 ) ;
#3666 = CARTESIAN_POINT ( 'NONE',  ( 110.1656931626149998, 1.006450157371265863, 0.06030737921326059792 ) ) ;
#3667 = EDGE_CURVE ( 'NONE', #2521, #2221, #3027, .T. ) ;
#3668 = CARTESIAN_POINT ( 'NONE',  ( 110.0654768194848572, 19.81150903504931549, -6.621438597884353072 ) ) ;
#3669 = CARTESIAN_POINT ( 'NONE',  ( 5.499000000000000554, 6.599999999999999645, -10.50099999999999945 ) ) ;
#3670 = APPROVAL_STATUS ( 'not_yet_approved' ) ;
#3671 = CARTESIAN_POINT ( 'NONE',  ( 146.6007660257469922, 9.539544568843169259, -20.75922938773445026 ) ) ;
#3672 = VERTEX_POINT ( 'NONE', #6483 ) ;
#3673 = CARTESIAN_POINT ( 'NONE',  ( 131.4546946761059587, -3.094192683874942507, 15.06540675360619197 ) ) ;
#3674 = CARTESIAN_POINT ( 'NONE',  ( 111.9753977928175033, 0.2214712063367024197, 7.347688507991018803 ) ) ;
#3675 = LINE ( 'NONE', #6242, #3362 ) ;
#3676 = LINE ( 'NONE', #8170, #7674 ) ;
#3677 = CARTESIAN_POINT ( 'NONE',  ( 123.5904909113910009, 18.10205957991504988, 4.946534160811699721 ) ) ;
#3678 = ORIENTED_EDGE ( 'NONE', *, *, #6556, .T. ) ;
#3679 = CARTESIAN_POINT ( 'NONE',  ( 146.9151267896243951, -8.898778239808470047, 18.39072758581389877 ) ) ;
#3680 = ORIENTED_EDGE ( 'NONE', *, *, #6831, .T. ) ;
#3681 = APPROVAL ( #7324, 'UNSPECIFIED' ) ;
#3682 = CARTESIAN_POINT ( 'NONE',  ( 110.0000000000000000, 1.000000000000000000, -6.000000000000000000 ) ) ;
#3683 = CIRCLE ( 'NONE', #4363, 1.500000000000000000 ) ;
#3684 = CARTESIAN_POINT ( 'NONE',  ( 110.0000000000000000, 0.000000000000000000, -1.000000000000000000 ) ) ;
#3685 = DIRECTION ( 'NONE',  ( -1.000000000000000000, -1.734723475976805517E-15, 0.000000000000000000 ) ) ;
#3686 = CARTESIAN_POINT ( 'NONE',  ( 141.7597864662959921, 13.69198078186389900, -17.86677763690004994 ) ) ;
#3687 =( BOUNDED_SURFACE ( )  B_SPLINE_SURFACE ( 3, 2, ( 
 ( #5747, #67, #8265 ),
 ( #6970, #1965, #571 ),
 ( #7637, #3095, #613 ),
 ( #1200, #5025, #7684 ),
 ( #3140, #5155, #4362 ),
 ( #5111, #5701, #7552 ),
 ( #8224, #2510, #5835 ),
 ( #5065, #1789, #2467 ),
 ( #3899, #7724, #4449 ),
 ( #3855, #3219, #6927 ),
 ( #4535, #1160, #1920 ),
 ( #29, #3813, #3724 ),
 ( #1290, #1831, #657 ),
 ( #7091, #6292, #6421 ),
 ( #7595, #1333, #4492 ),
 ( #7015, #1872, #6466 ),
 ( #1244, #8305, #527 ),
 ( #6337, #5659, #700 ),
 ( #7051, #2593, #6380 ),
 ( #4404, #3180, #3264 ) ),
 .UNSPECIFIED., .F., .F., .F. ) 
 B_SPLINE_SURFACE_WITH_KNOTS ( ( 4, 2, 2, 2, 2, 2, 2, 2, 2, 4 ),
 ( 3, 3 ),
 ( -4.279198900428380086E-05, 0.003078286128553604784, 0.006199364246111499846, 0.007759903304890439571, 0.009320442363669381031, 0.01010071189305886130, 0.01029577927540622009, 0.01049084665775359970, 0.01088098142244831902, 0.01244152048122726048 ),
 ( 0.000000000000000000, 1.000000000000000000 ),
 .UNSPECIFIED. ) 
 GEOMETRIC_REPRESENTATION_ITEM ( )  RATIONAL_B_SPLINE_SURFACE ( (
 ( 1.000000000000000000, 1.000000000000000000, 1.000000000000000000),
 ( 1.000000000000000000, 1.000000693825392029, 1.000000000000000000),
 ( 1.000000000000000000, 0.9997691697372229624, 1.000000000000000000),
 ( 1.000000000000000000, 0.9989004543908560629, 1.000000000000000000),
 ( 1.000000000000000000, 0.9982629012298440685, 1.000000000000000000),
 ( 1.000000000000000000, 0.9970692872234899751, 1.000000000000000000),
 ( 1.000000000000000000, 0.9966301413824050215, 1.000000000000000000),
 ( 1.000000000000000000, 0.9956980490281259755, 1.000000000000000000),
 ( 1.000000000000000000, 0.9952060640451340090, 1.000000000000000000),
 ( 1.000000000000000000, 0.9944430912636289532, 1.000000000000000000),
 ( 1.000000000000000000, 0.9941845951826490113, 1.000000000000000000),
 ( 1.000000000000000000, 0.9938576621788680621, 1.000000000000000000),
 ( 1.000000000000000000, 0.9937920848022649967, 1.000000000000000000),
 ( 1.000000000000000000, 0.9936605830202280831, 1.000000000000000000),
 ( 1.000000000000000000, 0.9935926556792290532, 1.000000000000000000),
 ( 1.000000000000000000, 0.9934188012160459769, 1.000000000000000000),
 ( 1.000000000000000000, 0.9933024520505809862, 1.000000000000000000),
 ( 1.000000000000000000, 0.9927189031029109989, 1.000000000000000000),
 ( 1.000000000000000000, 0.9922463020001189848, 1.000000000000000000),
 ( 1.000000000000000000, 0.9917733153127720191, 1.000000000000000000) ) ) 
 REPRESENTATION_ITEM ( '' )  SURFACE ( )  );
#3688 = DIRECTION ( 'NONE',  ( 0.000000000000000000, -1.000000000000000000, 0.000000000000000000 ) ) ;
#3689 = CARTESIAN_POINT ( 'NONE',  ( 106.6978224660520027, 19.34025658328214803, -6.940493646036560271 ) ) ;
#3690 = ORIENTED_EDGE ( 'NONE', *, *, #2881, .T. ) ;
#3691 = ORIENTED_EDGE ( 'NONE', *, *, #7155, .F. ) ;
#3692 = CYLINDRICAL_SURFACE ( 'NONE', #4232, 0.9499999999999999556 ) ;
#3693 = VERTEX_POINT ( 'NONE', #7577 ) ;
#3694 = CARTESIAN_POINT ( 'NONE',  ( 112.2836101657875929, 19.62942113234055341, 7.559816744965739410 ) ) ;
#3695 = CARTESIAN_POINT ( 'NONE',  ( 0.000000000000000000, 0.000000000000000000, 0.000000000000000000 ) ) ;
#3696 = FACE_OUTER_BOUND ( 'NONE', #1232, .T. ) ;
#3697 = CARTESIAN_POINT ( 'NONE',  ( 110.0635610978327463, 0.9171920783682893097, -6.999106467745811244 ) ) ;
#3698 = EDGE_LOOP ( 'NONE', ( #936, #1258, #5967, #2919 ) ) ;
#3699 = EDGE_CURVE ( 'NONE', #777, #7471, #3750, .T. ) ;
#3700 = SECURITY_CLASSIFICATION_LEVEL ( 'unclassified' ) ;
#3701 = AXIS2_PLACEMENT_3D ( 'NONE', #7951, #207, #921 ) ;
#3702 = ORIENTED_EDGE ( 'NONE', *, *, #1093, .T. ) ;
#3703 = CARTESIAN_POINT ( 'NONE',  ( 113.1469348542400013, 19.17779316735670037, 8.141276887315378019 ) ) ;
#3704 = PLANE ( 'NONE',  #4238 ) ;
#3705 = ADVANCED_FACE ( 'NONE', ( #6314 ), #1142, .T. ) ;
#3706 = SPHERICAL_SURFACE ( 'NONE', #6996, 1.000000000000000000 ) ;
#3707 = CARTESIAN_POINT ( 'NONE',  ( 114.8450028046583924, 18.81983514187315265, -8.821369119067600906 ) ) ;
#3708 = LOCAL_TIME ( 21, 5, 34.00000000000000000, #1650 ) ;
#3709 = CARTESIAN_POINT ( 'NONE',  ( 107.8161785944026008, 20.00000000000000000, 6.000000000000000000 ) ) ;
#3710 = CARTESIAN_POINT ( 'NONE',  ( 3.000000000000000000, 0.6999999999999999556, 14.00000000000000000 ) ) ;
#3711 = APPROVAL_DATE_TIME ( #6914, #6925 ) ;
#3712 = CARTESIAN_POINT ( 'NONE',  ( 3.000000000000000000, 13.40000000000000036, 9.501000000000001222 ) ) ;
#3713 = ORIENTED_EDGE ( 'NONE', *, *, #4636, .F. ) ;
#3714 = ADVANCED_FACE ( 'NONE', ( #1430 ), #4550, .F. ) ;
#3715 = DIRECTION ( 'NONE',  ( -0.9392167804700469746, -0.03181982016604929797, -0.3418469516144320153 ) ) ;
#3716 = EDGE_CURVE ( 'NONE', #3693, #7442, #2448, .T. ) ;
#3717 = CARTESIAN_POINT ( 'NONE',  ( 110.3034483188206138, 0.3265692128499046998, 7.020502864667676590 ) ) ;
#3718 = CARTESIAN_POINT ( 'NONE',  ( 148.7083515827920053, 9.501908822039649039, 15.15286556612324809 ) ) ;
#3719 = CARTESIAN_POINT ( 'NONE',  ( 146.9526503818005949, 9.539544568843208339, 19.82318590585730078 ) ) ;
#3720 = CARTESIAN_POINT ( 'NONE',  ( 128.7520521699795211, 18.12578080311616091, 6.825188821274621453 ) ) ;
#3721 = VERTEX_POINT ( 'NONE', #7823 ) ;
#3722 = DIRECTION ( 'NONE',  ( 0.000000000000000000, 0.000000000000000000, 1.000000000000000000 ) ) ;
#3723 = ORIENTED_EDGE ( 'NONE', *, *, #7271, .F. ) ;
#3724 = CARTESIAN_POINT ( 'NONE',  ( 112.2150653097800017, 0.1191460870312140152, 7.259366942332031059 ) ) ;
#3725 = AXIS2_PLACEMENT_3D ( 'NONE', #1016, #3201, #3795 ) ;
#3726 = CARTESIAN_POINT ( 'NONE',  ( 5.500000000000000000, 0.6999999999999999556, 11.50000000000000000 ) ) ;
#3727 = DIRECTION ( 'NONE',  ( -1.000000000000000000, 0.000000000000000000, 0.000000000000000000 ) ) ;
#3728 = CARTESIAN_POINT ( 'NONE',  ( 116.4295889587934028, 19.72586848769824641, -8.347895768709980402 ) ) ;
#3729 = PRODUCT_DEFINITION_SHAPE ( 'NONE', 'NONE',  #6305 ) ;
#3730 = PLANE ( 'NONE',  #887 ) ;
#3731 = CC_DESIGN_PERSON_AND_ORGANIZATION_ASSIGNMENT ( #675, #5176, ( #1696 ) ) ;
#3732 = CARTESIAN_POINT ( 'NONE',  ( 109.9604033050359533, 19.09977673449044033, -7.022782570560566207 ) ) ;
#3733 = CIRCLE ( 'NONE', #2400, 2.000000000000001776 ) ;
#3734 = ORIENTED_EDGE ( 'NONE', *, *, #5100, .T. ) ;
#3735 =( NAMED_UNIT ( * ) SI_UNIT ( $, .STERADIAN. ) SOLID_ANGLE_UNIT ( ) );
#3736 = VERTEX_POINT ( 'NONE', #753 ) ;
#3737 = ADVANCED_FACE ( 'NONE', ( #5682 ), #3704, .F. ) ;
#3738 = CARTESIAN_POINT ( 'NONE',  ( 106.4810713638771915, 0.7122143360376130827, 6.957920364613369379 ) ) ;
#3739 = VERTEX_POINT ( 'NONE', #5846 ) ;
#3740 = CARTESIAN_POINT ( 'NONE',  ( 1.670546387488949902, 18.79766592268629921, -0.3035011159708014827 ) ) ;
#3741 = CARTESIAN_POINT ( 'NONE',  ( 0.000000000000000000, 19.75000000000000000, 0.000000000000000000 ) ) ;
#3742 = CARTESIAN_POINT ( 'NONE',  ( 109.8236730192914052, 1.006450157371265863, 0.000000000000000000 ) ) ;
#3743 = CARTESIAN_POINT ( 'NONE',  ( 131.8195519189374068, -2.168313434168734677, -15.20256657412714851 ) ) ;
#3744 = DIRECTION ( 'NONE',  ( 1.000000000000000000, 0.000000000000000000, 0.000000000000000000 ) ) ;
#3745 = VERTEX_POINT ( 'NONE', #2067 ) ;
#3746 = EDGE_CURVE ( 'NONE', #4557, #6969, #6395, .T. ) ;
#3747 = ORIENTED_EDGE ( 'NONE', *, *, #5205, .T. ) ;
#3748 = CARTESIAN_POINT ( 'NONE',  ( 107.0949846389744664, 0.3899807630746772724, -6.792392241862739155 ) ) ;
#3749 = EDGE_CURVE ( 'NONE', #3522, #5831, #2023, .T. ) ;
#3750 = LINE ( 'NONE', #7534, #4110 ) ;
#3751 = CARTESIAN_POINT ( 'NONE',  ( 143.1582144603142126, 12.92275690649618092, 12.06860308496955980 ) ) ;
#3752 = DIRECTION ( 'NONE',  ( -1.000000000000000000, 0.000000000000000000, 0.000000000000000000 ) ) ;
#3753 = CC_DESIGN_APPROVAL ( #4197, ( #6305 ) ) ;
#3754 = FACE_OUTER_BOUND ( 'NONE', #7856, .T. ) ;
#3755 = DIRECTION ( 'NONE',  ( 0.6077829740196708519, 0.7941031774850194624, 0.000000000000000000 ) ) ;
#3756 = PERSON_AND_ORGANIZATION_ROLE ( 'design_supplier' ) ;
#3757 = CARTESIAN_POINT ( 'NONE',  ( 3.035766082959410049E-15, 2.738153414567654931, -2.607230121851484839 ) ) ;
#3758 = VERTEX_POINT ( 'NONE', #3956 ) ;
#3759 = EDGE_CURVE ( 'NONE', #8132, #6299, #7225, .T. ) ;
#3760 = AXIS2_PLACEMENT_3D ( 'NONE', #6085, #6678, #240 ) ;
#3761 = CARTESIAN_POINT ( 'NONE',  ( 134.8793181068096203, -3.916501348579399799, 15.28732414882604829 ) ) ;
#3762 = CARTESIAN_POINT ( 'NONE',  ( 144.7359421723627975, 12.23847681196697934, 18.98457163419519844 ) ) ;
#3763 = CARTESIAN_POINT ( 'NONE',  ( 5.499000000000000554, 19.75000000000000000, 9.501000000000001222 ) ) ;
#3764 = FACE_OUTER_BOUND ( 'NONE', #1672, .T. ) ;
#3765 = CARTESIAN_POINT ( 'NONE',  ( 1.450054041629238011, 1.286458956978371981, -0.4293786870840631820 ) ) ;
#3766 = AXIS2_PLACEMENT_3D ( 'NONE', #5537, #4369, #2474 ) ;
#3767 = ORIENTED_EDGE ( 'NONE', *, *, #8291, .T. ) ;
#3768 = CARTESIAN_POINT ( 'NONE',  ( 110.0000000000000000, -10.00000000000000000, 7.000000000000000000 ) ) ;
#3769 = AXIS2_PLACEMENT_3D ( 'NONE', #3032, #4177, #8160 ) ;
#3770 = ORIENTED_EDGE ( 'NONE', *, *, #5213, .F. ) ;
#3771 = CARTESIAN_POINT ( 'NONE',  ( 107.8051277868290043, 20.00000000000000000, 6.030361844275319072 ) ) ;
#3772 = DIRECTION ( 'NONE',  ( 0.000000000000000000, -1.000000000000000000, 0.000000000000000000 ) ) ;
#3773 = VECTOR ( 'NONE', #3365, 1000.000000000000000 ) ;
#3774 = CARTESIAN_POINT ( 'NONE',  ( 111.8868683600755531, 19.75722090081478655, -7.273621116277221077 ) ) ;
#3775 = CARTESIAN_POINT ( 'NONE',  ( 111.5769481060934112, 19.97225624781129838, -6.524255435382559476 ) ) ;
#3776 = CARTESIAN_POINT ( 'NONE',  ( 133.4118051967765837, -1.970541082310125036, 8.521200222065500540 ) ) ;
#3777 = CARTESIAN_POINT ( 'NONE',  ( 110.2072444413037431, 19.98570715460142821, 6.392953943413497875 ) ) ;
#3778 = EDGE_LOOP ( 'NONE', ( #7414, #5042, #7165, #4543 ) ) ;
#3779 = AXIS2_PLACEMENT_3D ( 'NONE', #3610, #8150, #7524 ) ;
#3780 = EDGE_CURVE ( 'NONE', #4620, #5222, #103, .T. ) ;
#3781 =( NAMED_UNIT ( * ) SI_UNIT ( $, .STERADIAN. ) SOLID_ANGLE_UNIT ( ) );
#3782 = ORIENTED_EDGE ( 'NONE', *, *, #5582, .F. ) ;
#3783 = CARTESIAN_POINT ( 'NONE',  ( 110.2580882724237057, 0.6199184417864399554, 6.999523686158774183 ) ) ;
#3784 = EDGE_LOOP ( 'NONE', ( #3654, #4891, #2560, #7020 ) ) ;
#3785 = CYLINDRICAL_SURFACE ( 'NONE', #5144, 0.9999999999999991118 ) ;
#3786 = CARTESIAN_POINT ( 'NONE',  ( 3.000000000000000000, 6.599999999999999645, -7.000000000000000000 ) ) ;
#3787 = ADVANCED_FACE ( 'NONE', ( #2226 ), #3408, .T. ) ;
#3788 = CARTESIAN_POINT ( 'NONE',  ( 111.1619078557499165, 0.2404424516548115676, -7.103312123474101902 ) ) ;
#3789 = CARTESIAN_POINT ( 'NONE',  ( 109.0867633830088579, 0.3136617576219694059, -6.813118628850977743 ) ) ;
#3790 = CARTESIAN_POINT ( 'NONE',  ( 146.9526503818005949, 9.539544568843208339, -19.82318590585730078 ) ) ;
#3791 = VERTEX_POINT ( 'NONE', #2106 ) ;
#3792 = AXIS2_PLACEMENT_3D ( 'NONE', #7866, #5218, #83 ) ;
#3793 = CALENDAR_DATE ( 2026, 3, 9 ) ;
#3794 = VERTEX_POINT ( 'NONE', #2773 ) ;
#3795 = DIRECTION ( 'NONE',  ( 0.000000000000000000, 0.000000000000000000, 1.000000000000000000 ) ) ;
#3796 = CARTESIAN_POINT ( 'NONE',  ( 131.8492231906373888, 16.37587477879409903, 7.952466883230870032 ) ) ;
#3797 = CARTESIAN_POINT ( 'NONE',  ( 133.3157078494566008, 15.37399119445819906, -15.76501252494010075 ) ) ;
#3798 = CARTESIAN_POINT ( 'NONE',  ( 111.7751759194212724, 0.2415216634246153682, 7.275544994279223410 ) ) ;
#3799 = CARTESIAN_POINT ( 'NONE',  ( 1.707106781187665234, 19.70710678118708259, 6.707106781186760180 ) ) ;
#3800 = APPLICATION_PROTOCOL_DEFINITION ( 'international standard', 'config_control_design', 1994, #5713 ) ;
#3801 = CARTESIAN_POINT ( 'NONE',  ( 5.500000000000000000, 0.6999999999999999556, 11.50000000000000000 ) ) ;
#3802 = ORIENTED_EDGE ( 'NONE', *, *, #3699, .T. ) ;
#3803 = CARTESIAN_POINT ( 'NONE',  ( 145.1181102968778305, -8.027872587405639138, 19.13901221042505085 ) ) ;
#3804 = CARTESIAN_POINT ( 'NONE',  ( 3.000000000000000000, 1.000000000000000000, -7.000000000000000000 ) ) ;
#3805 = DIRECTION ( 'NONE',  ( 1.000000000000000000, 0.000000000000000000, 0.000000000000000000 ) ) ;
#3806 = CARTESIAN_POINT ( 'NONE',  ( 109.9836185147466097, 0.000000000000000000, -0.005962373025284939919 ) ) ;
#3807 = CARTESIAN_POINT ( 'NONE',  ( 0.2066796630459156459, 2.270497850899429793, -1.905746416601015181 ) ) ;
#3808 = AXIS2_PLACEMENT_3D ( 'NONE', #1157, #4402, #6419 ) ;
#3809 = EDGE_LOOP ( 'NONE', ( #4693, #6774, #5834, #7050 ) ) ;
#3810 = EDGE_CURVE ( 'NONE', #2778, #233, #7454, .T. ) ;
#3811 = CARTESIAN_POINT ( 'NONE',  ( 107.8161785944026008, 19.73900687360029949, -6.673697885384509476 ) ) ;
#3812 = ORIENTED_EDGE ( 'NONE', *, *, #4481, .F. ) ;
#3813 = CARTESIAN_POINT ( 'NONE',  ( 110.0576929939981596, 0.3369715750359633666, 6.751472964696354495 ) ) ;
#3814 = CARTESIAN_POINT ( 'NONE',  ( 5.500000000000000000, 0.6999999999999999556, 12.50000000000000000 ) ) ;
#3815 = DIRECTION ( 'NONE',  ( 0.000000000000000000, 0.000000000000000000, 1.000000000000000000 ) ) ;
#3816 = CARTESIAN_POINT ( 'NONE',  ( 138.7923520152249921, 13.67110435193219864, -17.82383291407614934 ) ) ;
#3817 = LINE ( 'NONE', #6384, #276 ) ;
#3818 = CARTESIAN_POINT ( 'NONE',  ( 109.7179268756616040, 0.002813358793385430014, -1.011544616471214075 ) ) ;
#3819 = VERTEX_POINT ( 'NONE', #6686 ) ;
#3820 = ORIENTED_EDGE ( 'NONE', *, *, #5143, .F. ) ;
#3821 = CARTESIAN_POINT ( 'NONE',  ( 107.1119959433112143, 0.3841809444065935053, 6.788158927798980002 ) ) ;
#3822 = VERTEX_POINT ( 'NONE', #4196 ) ;
#3823 = DIRECTION ( 'NONE',  ( -1.000000000000000000, 0.000000000000000000, 0.000000000000000000 ) ) ;
#3824 = CARTESIAN_POINT ( 'NONE',  ( 111.5299792828037653, 19.84397065682790284, 7.009633398866895071 ) ) ;
#3825 = ADVANCED_FACE ( 'NONE', ( #2189 ), #5422, .T. ) ;
#3826 = EDGE_CURVE ( 'NONE', #4782, #1415, #3840, .T. ) ;
#3827 = CARTESIAN_POINT ( 'NONE',  ( 109.9496472086123049, 0.2429468135157163700, -6.820457378354904066 ) ) ;
#3828 = CARTESIAN_POINT ( 'NONE',  ( 112.5513943275472002, 0.1585229760157979839, -7.481283546191629164 ) ) ;
#3829 = CARTESIAN_POINT ( 'NONE',  ( 113.4025997963563839, 18.88652285270470088, -8.279130362457289394 ) ) ;
#3830 = ORIENTED_EDGE ( 'NONE', *, *, #2633, .T. ) ;
#3831 = DATE_TIME_ROLE ( 'classification_date' ) ;
#3832 = VERTEX_POINT ( 'NONE', #4711 ) ;
#3833 = AXIS2_PLACEMENT_3D ( 'NONE', #4312, #7379, #8256 ) ;
#3834 = CARTESIAN_POINT ( 'NONE',  ( 112.7112185300020002, 19.45011328348170210, 7.858632890500750534 ) ) ;
#3835 = APPLICATION_CONTEXT ( 'configuration controlled 3d designs of mechanical parts and assemblies' ) ;
#3836 = DIRECTION ( 'NONE',  ( -0.01534042226560059646, -0.9998823287991007724, 0.000000000000000000 ) ) ;
#3837 = CARTESIAN_POINT ( 'NONE',  ( 129.1047808192854234, 16.47290314117980259, -14.18200983853784081 ) ) ;
#3838 = CARTESIAN_POINT ( 'NONE',  ( 109.7874909846003959, 0.3356896432701365063, 6.929736164962970513 ) ) ;
#3839 = CC_DESIGN_DATE_AND_TIME_ASSIGNMENT ( #5053, #54, ( #2956 ) ) ;
#3840 = CIRCLE ( 'NONE', #1013, 2.498999999999999666 ) ;
#3841 =( BOUNDED_SURFACE ( )  B_SPLINE_SURFACE ( 3, 2, ( 
 ( #2178, #4068, #6637 ),
 ( #4142, #6714, #3587 ),
 ( #6156, #949, #5525 ),
 ( #869, #3514, #5997 ),
 ( #6082, #237, #6282 ),
 ( #5561, #7585, #2369 ),
 ( #4437, #3086, #1107 ),
 ( #6240, #8088, #7004 ),
 ( #4970, #3673, #1235 ),
 ( #3761, #7544, #1862 ),
 ( #3630, #1735, #6371 ),
 ( #475, #4925, #5647 ),
 ( #562, #7497, #603 ),
 ( #3171, #8215, #2331 ),
 ( #3129, #4310, #5056 ),
 ( #3803, #1190, #1779 ),
 ( #6200, #6876, #3040 ),
 ( #4887, #8127, #5604 ) ),
 .UNSPECIFIED., .F., .F., .F. ) 
 B_SPLINE_SURFACE_WITH_KNOTS ( ( 4, 2, 2, 2, 2, 2, 2, 2, 4 ),
 ( 3, 3 ),
 ( 0.01552918596574289975, 0.02578514374002759818, 0.03091312262716999770, 0.03604110151431234865, 0.04116908040145469960, 0.04629705928859709912, 0.05142503817573940150, 0.05398902761931060473, 0.05655301706288179409 ),
 ( 0.000000000000000000, 1.000000000000000000 ),
 .UNSPECIFIED. ) 
 GEOMETRIC_REPRESENTATION_ITEM ( )  RATIONAL_B_SPLINE_SURFACE ( (
 ( 1.000000000000000000, 0.7070871342028639539, 1.000000000000000000),
 ( 1.000000000000000000, 0.7072707828166340249, 1.000000000000000000),
 ( 1.000000000000000000, 0.7074334914675699526, 1.000000000000000000),
 ( 1.000000000000000000, 0.7076381929785200420, 1.000000000000000000),
 ( 1.000000000000000000, 0.7076999331572999541, 1.000000000000000000),
 ( 1.000000000000000000, 0.7078101089530890455, 1.000000000000000000),
 ( 1.000000000000000000, 0.7078584865175669982, 1.000000000000000000),
 ( 1.000000000000000000, 0.7079417744113960520, 1.000000000000000000),
 ( 1.000000000000000000, 0.7079697970111019645, 1.000000000000000000),
 ( 1.000000000000000000, 0.7080441099857530673, 1.000000000000000000),
 ( 1.000000000000000000, 0.7081107948227149951, 1.000000000000000000),
 ( 1.000000000000000000, 0.7083024677714809814, 1.000000000000000000),
 ( 1.000000000000000000, 0.7084278470260620963, 1.000000000000000000),
 ( 1.000000000000000000, 0.7086570738774270461, 1.000000000000000000),
 ( 1.000000000000000000, 0.7087404482376440384, 1.000000000000000000),
 ( 1.000000000000000000, 0.7089180644268490150, 1.000000000000000000),
 ( 1.000000000000000000, 0.7090114343031800326, 1.000000000000000000),
 ( 1.000000000000000000, 0.7091071374825890228, 1.000000000000000000) ) ) 
 REPRESENTATION_ITEM ( '' )  SURFACE ( )  );
#3842 = CARTESIAN_POINT ( 'NONE',  ( 143.1964147305725987, 13.60780882192909758, -18.91173684417205081 ) ) ;
#3843 = DATE_AND_TIME ( #1362, #1734 ) ;
#3844 = CARTESIAN_POINT ( 'NONE',  ( 0.000000000000000000, 22.00000000000000000, -1.500000000000000000 ) ) ;
#3845 = ORIENTED_EDGE ( 'NONE', *, *, #1356, .F. ) ;
#3846 = FACE_OUTER_BOUND ( 'NONE', #5453, .T. ) ;
#3847 = CARTESIAN_POINT ( 'NONE',  ( 146.5458365613446006, -9.061101949209209749, 20.13761944038639840 ) ) ;
#3848 = CARTESIAN_POINT ( 'NONE',  ( 66.25000000000000000, -24.29753166064964631, 6.000000000000000000 ) ) ;
#3849 = DIRECTION ( 'NONE',  ( -1.000000000000000000, 0.000000000000000000, 0.000000000000000000 ) ) ;
#3850 = FACE_OUTER_BOUND ( 'NONE', #2736, .T. ) ;
#3851 = ORIENTED_EDGE ( 'NONE', *, *, #5088, .T. ) ;
#3852 = CARTESIAN_POINT ( 'NONE',  ( 147.4997738575430049, -8.909585086529080655, 16.83374057639725052 ) ) ;
#3853 = CC_DESIGN_APPROVAL ( #3003, ( #7469 ) ) ;
#3854 = ORIENTED_EDGE ( 'NONE', *, *, #6805, .F. ) ;
#3855 = CARTESIAN_POINT ( 'NONE',  ( 107.9741968847950062, 0.1066181748470299839, 6.439062361730020001 ) ) ;
#3856 = EDGE_CURVE ( 'NONE', #2230, #7082, #4079, .T. ) ;
#3857 = FACE_OUTER_BOUND ( 'NONE', #2614, .T. ) ;
#3858 = CARTESIAN_POINT ( 'NONE',  ( 109.6360497657140058, 20.00000000000000000, -1.000000027972709926 ) ) ;
#3859 = CARTESIAN_POINT ( 'NONE',  ( 149.0503717261175893, 9.501908822039640157, 14.21317294533733921 ) ) ;
#3860 = CARTESIAN_POINT ( 'NONE',  ( 109.6360297657337384, 19.00000000000000000, 1.000000000000000000 ) ) ;
#3861 = ADVANCED_FACE ( 'NONE', ( #6009 ), #7310, .T. ) ;
#3862 = CARTESIAN_POINT ( 'NONE',  ( 113.4746063036750883, 0.5565100697217024717, -8.223542029384882213 ) ) ;
#3863 = ORIENTED_EDGE ( 'NONE', *, *, #542, .F. ) ;
#3864 = ORIENTED_EDGE ( 'NONE', *, *, #7318, .F. ) ;
#3865 = CARTESIAN_POINT ( 'NONE',  ( 106.6297291183421976, 0.5951444667270160416, 6.915319288375210149 ) ) ;
#3866 = ORIENTED_EDGE ( 'NONE', *, *, #2881, .F. ) ;
#3867 = CARTESIAN_POINT ( 'NONE',  ( 0.8223141167110774585, 18.37573855477926443, 0.9363564213199658814 ) ) ;
#3868 = DIRECTION ( 'NONE',  ( 1.000000000000000000, 0.000000000000000000, 0.000000000000000000 ) ) ;
#3869 = VECTOR ( 'NONE', #351, 1000.000000000000114 ) ;
#3870 = DIRECTION ( 'NONE',  ( 0.000000000000000000, 0.000000000000000000, 1.000000000000000000 ) ) ;
#3871 = ADVANCED_BREP_SHAPE_REPRESENTATION ( '', ( #5142, #6993 ), #7241 ) ;
#3872 = CARTESIAN_POINT ( 'NONE',  ( 131.1218800645692113, -1.990025680704795352, -14.94029263497339954 ) ) ;
#3873 = CARTESIAN_POINT ( 'NONE',  ( 113.4697039340519922, 0.8581661314300329524, -8.304356643862808696 ) ) ;
#3874 = ORIENTED_EDGE ( 'NONE', *, *, #3525, .F. ) ;
#3875 = APPROVAL_STATUS ( 'not_yet_approved' ) ;
#3876 = AXIS2_PLACEMENT_3D ( 'NONE', #4058, #7881, #3385 ) ;
#3877 = EDGE_CURVE ( 'NONE', #515, #3924, #4900, .T. ) ;
#3878 = VERTEX_POINT ( 'NONE', #6096 ) ;
#3879 = CARTESIAN_POINT ( 'NONE',  ( 107.4794723995102288, 0.2806124137691299314, -6.696327485175951999 ) ) ;
#3880 = FACE_OUTER_BOUND ( 'NONE', #4707, .T. ) ;
#3881 = DIRECTION ( 'NONE',  ( 0.000000000000000000, 0.000000000000000000, 1.000000000000000000 ) ) ;
#3882 = FACE_OUTER_BOUND ( 'NONE', #5534, .T. ) ;
#3883 = CARTESIAN_POINT ( 'NONE',  ( 110.0000000000000000, 1.000000000000000000, 0.000000000000000000 ) ) ;
#3884 = PERSON_AND_ORGANIZATION ( #5375, #6038 ) ;
#3885 = CARTESIAN_POINT ( 'NONE',  ( 2.561112365989374862, 0.7465647895940528134, 6.975949352190219166 ) ) ;
#3886 =( REPRESENTATION_RELATIONSHIP ('NONE','NONE', #3275, #2461 ) REPRESENTATION_RELATIONSHIP_WITH_TRANSFORMATION ( #2571 )SHAPE_REPRESENTATION_RELATIONSHIP( ) );
#3887 = ORIENTED_EDGE ( 'NONE', *, *, #59, .F. ) ;
#3888 = CARTESIAN_POINT ( 'NONE',  ( 2.607305765700790090, 19.98066173482415309, 1.012892176783895870 ) ) ;
#3889 = CARTESIAN_POINT ( 'NONE',  ( 129.3366940638427991, -2.143090290290424971, 13.87400381405022110 ) ) ;
#3890 = AXIS2_PLACEMENT_3D ( 'NONE', #4382, #5676, #3744 ) ;
#3891 = CARTESIAN_POINT ( 'NONE',  ( 148.7083515827920053, 9.501908822039640157, -15.15286556612324809 ) ) ;
#3892 = EDGE_CURVE ( 'NONE', #3736, #6399, #5989, .T. ) ;
#3893 = CARTESIAN_POINT ( 'NONE',  ( 3.035766082959410049E-15, 17.00000000000000000, -3.000000000000000000 ) ) ;
#3894 = CARTESIAN_POINT ( 'NONE',  ( 1.537535242564481042, 1.252639734842947439, -0.3787099363383766848 ) ) ;
#3895 = VERTEX_POINT ( 'NONE', #2815 ) ;
#3896 = FACE_OUTER_BOUND ( 'NONE', #3698, .T. ) ;
#3897 = APPROVAL_PERSON_ORGANIZATION ( #2041, #2817, #2621 ) ;
#3898 = VERTEX_POINT ( 'NONE', #7986 ) ;
#3899 = CARTESIAN_POINT ( 'NONE',  ( 108.1304763176649999, 0.09553749739297789922, 6.405783514195380057 ) ) ;
#3900 = CARTESIAN_POINT ( 'NONE',  ( 149.6480442035779390, 9.501908822039641933, -15.49488570944884813 ) ) ;
#3901 = ADVANCED_FACE ( 'NONE', ( #5378 ), #7353, .T. ) ;
#3902 = CARTESIAN_POINT ( 'NONE',  ( 106.3647230434517894, 0.9973943710621530068, 6.999996605343159928 ) ) ;
#3903 = CARTESIAN_POINT ( 'NONE',  ( 5.500999999999999446, 13.40000000000000036, -12.00000000000000000 ) ) ;
#3904 = CIRCLE ( 'NONE', #539, 0.9999999999999991118 ) ;
#3905 = CARTESIAN_POINT ( 'NONE',  ( 112.5050116195241969, 19.54234680974805016, -7.715971504254790503 ) ) ;
#3906 = VERTEX_POINT ( 'NONE', #6053 ) ;
#3907 = AXIS2_PLACEMENT_3D ( 'NONE', #3763, #6330, #5058 ) ;
#3908 = ORIENTED_EDGE ( 'NONE', *, *, #996, .T. ) ;
#3909 = CARTESIAN_POINT ( 'NONE',  ( 110.2383214069027844, 0.6686585578436046173, 7.010267323319420818 ) ) ;
#3910 = ORIENTED_EDGE ( 'NONE', *, *, #3525, .T. ) ;
#3911 = CARTESIAN_POINT ( 'NONE',  ( 8.000000000000000000, 1.000000000000000000, -6.000000000000000000 ) ) ;
#3912 = VECTOR ( 'NONE', #367, 1000.000000000000000 ) ;
#3913 = CARTESIAN_POINT ( 'NONE',  ( 111.9830621387902028, 19.72816067670875384, 7.343038335227220159 ) ) ;
#3914 = CARTESIAN_POINT ( 'NONE',  ( 143.1643484641357986, 13.85309566783065982, 13.13501345225031969 ) ) ;
#3915 = CIRCLE ( 'NONE', #5793, 1.000000000000000888 ) ;
#3916 = CARTESIAN_POINT ( 'NONE',  ( 136.1082540675930090, 14.57864834459109993, 16.81480705558350053 ) ) ;
#3917 = CARTESIAN_POINT ( 'NONE',  ( 111.8812024420497693, 0.2306019976288760653, -7.326901829591772497 ) ) ;
#3918 = CARTESIAN_POINT ( 'NONE',  ( 106.8394576115699977, 0.4857813480309630116, -6.858640265794559987 ) ) ;
#3919 = VERTEX_POINT ( 'NONE', #287 ) ;
#3920 = CALENDAR_DATE ( 2026, 3, 9 ) ;
#3921 = EDGE_CURVE ( 'NONE', #5222, #7327, #2309, .T. ) ;
#3922 = EDGE_CURVE ( 'NONE', #7785, #6893, #7064, .T. ) ;
#3923 = VECTOR ( 'NONE', #4790, 1000.000000000000000 ) ;
#3924 = VERTEX_POINT ( 'NONE', #2971 ) ;
#3925 = DIRECTION ( 'NONE',  ( -4.954937092193129892E-16, 0.000000000000000000, 1.000000000000000000 ) ) ;
#3926 = CARTESIAN_POINT ( 'NONE',  ( 109.6360297657335963, 19.00000000000000000, 1.301042606982603940E-15 ) ) ;
#3927 = AXIS2_PLACEMENT_3D ( 'NONE', #7037, #6407, #6449 ) ;
#3928 = CARTESIAN_POINT ( 'NONE',  ( 111.7781188144322186, 0.2310944004939284868, 7.259698308043000203 ) ) ;
#3929 = CARTESIAN_POINT ( 'NONE',  ( 148.7083515827916074, 9.501908822039931479, 15.15286556612315039 ) ) ;
#3930 = APPROVAL_DATE_TIME ( #3843, #2708 ) ;
#3931 = CARTESIAN_POINT ( 'NONE',  ( 1.993848566583860560, 0.1535163225570043422, -0.1535163225570043422 ) ) ;
#3932 = ORIENTED_EDGE ( 'NONE', *, *, #1761, .T. ) ;
#3933 = CARTESIAN_POINT ( 'NONE',  ( 0.07808197337295169627, 17.78524366123279776, 2.476504225844305296 ) ) ;
#3934 = ADVANCED_FACE ( 'NONE', ( #1710, #1038 ), #3730, .F. ) ;
#3935 = CARTESIAN_POINT ( 'NONE',  ( 117.6952876783062010, 19.57790005303543879, 9.892869190112511646 ) ) ;
#3936 = EDGE_CURVE ( 'NONE', #6947, #6099, #8060, .T. ) ;
#3937 = CARTESIAN_POINT ( 'NONE',  ( 116.2719649250585974, 0.7890006794690690439, 9.357803223435269047 ) ) ;
#3938 = DIRECTION ( 'NONE',  ( 0.3420201433254610457, -4.890320548438850633E-15, 0.9396926207859841451 ) ) ;
#3939 = CARTESIAN_POINT ( 'NONE',  ( 1.807043109448268847, 1.163827297520996673, -0.2457398346200779793 ) ) ;
#3940 = ORIENTED_EDGE ( 'NONE', *, *, #5347, .F. ) ;
#3941 = DIRECTION ( 'NONE',  ( 0.000000000000000000, 0.000000000000000000, -1.000000000000000000 ) ) ;
#3942 = ORIENTED_EDGE ( 'NONE', *, *, #473, .F. ) ;
#3943 = CARTESIAN_POINT ( 'NONE',  ( 149.6443950646691974, -8.081274705556770854, 15.50474992217694847 ) ) ;
#3944 = DIRECTION ( 'NONE',  ( 0.000000000000000000, 1.000000000000000000, 0.000000000000000000 ) ) ;
#3945 = DIRECTION ( 'NONE',  ( -1.000000000000000000, 0.000000000000000000, 0.000000000000000000 ) ) ;
#3946 = CARTESIAN_POINT ( 'NONE',  ( 111.0767924950352494, 0.05319218621223497506, 6.544625213805678854 ) ) ;
#3947 = AXIS2_PLACEMENT_3D ( 'NONE', #2748, #2120, #5189 ) ;
#3948 = FACE_BOUND ( 'NONE', #5881, .T. ) ;
#3949 = EDGE_LOOP ( 'NONE', ( #581, #6643, #7484, #1917, #5788, #3402 ) ) ;
#3950 = CC_DESIGN_PERSON_AND_ORGANIZATION_ASSIGNMENT ( #1230, #6409, ( #7113 ) ) ;
#3951 = ORIENTED_EDGE ( 'NONE', *, *, #6497, .F. ) ;
#3952 = FACE_OUTER_BOUND ( 'NONE', #1068, .T. ) ;
#3953 = EDGE_LOOP ( 'NONE', ( #1214, #2927, #7593, #5384 ) ) ;
#3954 = CARTESIAN_POINT ( 'NONE',  ( 109.7549384636621994, 1.004393894476665938, -4.336808689942020103E-15 ) ) ;
#3955 = SPHERICAL_SURFACE ( 'NONE', #3329, 1.000000000000000000 ) ;
#3956 = CARTESIAN_POINT ( 'NONE',  ( 80.00000000000000000, -30.00000000000000000, 6.000000000000000000 ) ) ;
#3957 = PLANE ( 'NONE',  #549 ) ;
#3958 = CARTESIAN_POINT ( 'NONE',  ( 5.499000000000000554, 13.40000000000000036, 8.501000000000001222 ) ) ;
#3959 = CARTESIAN_POINT ( 'NONE',  ( 113.4421420117719919, 0.5044442161831910187, -8.186005388401568439 ) ) ;
#3960 = ORIENTED_EDGE ( 'NONE', *, *, #1515, .T. ) ;
#3961 = CARTESIAN_POINT ( 'NONE',  ( 113.4024101645252074, 0.9452817923051840543, -8.279059074663411621 ) ) ;
#3962 = EDGE_CURVE ( 'NONE', #3739, #5274, #4586, .T. ) ;
#3963 = AXIS2_PLACEMENT_3D ( 'NONE', #6224, #1088, #7319 ) ;
#3964 = CARTESIAN_POINT ( 'NONE',  ( 142.7241464687017469, -5.827574054288093386, -11.91061525637343621 ) ) ;
#3965 = EDGE_CURVE ( 'NONE', #361, #2832, #5504, .T. ) ;
#3966 = CARTESIAN_POINT ( 'NONE',  ( 107.8161785944026150, 19.73601571288765300, -6.676964452820438822 ) ) ;
#3967 = CARTESIAN_POINT ( 'NONE',  ( 2.129494899290833132, 0.1205708281639577828, -6.493263694937794206 ) ) ;
#3968 = DIRECTION ( 'NONE',  ( 1.000000000000000000, 2.312964634635744929E-16, 0.000000000000000000 ) ) ;
#3969 = SECURITY_CLASSIFICATION_LEVEL ( 'unclassified' ) ;
#3970 = DIRECTION ( 'NONE',  ( 0.1263952357497267198, 0.000000000000000000, -0.9919799616825790700 ) ) ;
#3971 = VERTEX_POINT ( 'NONE', #8103 ) ;
#3972 = EDGE_CURVE ( 'NONE', #6099, #3343, #2210, .T. ) ;
#3973 = CARTESIAN_POINT ( 'NONE',  ( 0.3786408315590474860, 18.00723795530520022, 1.489143067042953961 ) ) ;
#3974 = CARTESIAN_POINT ( 'NONE',  ( 110.1834106557184043, 0.04062809819003854878, 6.000602840071009858 ) ) ;
#3975 = CARTESIAN_POINT ( 'NONE',  ( 143.0541880502449885, -4.890153083419350288, 12.03074056812679871 ) ) ;
#3976 = CARTESIAN_POINT ( 'NONE',  ( 5.499000000000000554, -7.810249675906650424, -12.00000000000000000 ) ) ;
#3977 = DIRECTION ( 'NONE',  ( -1.000000000000000000, -1.734723475976805517E-15, 0.000000000000000000 ) ) ;
#3978 = ORIENTED_EDGE ( 'NONE', *, *, #1646, .F. ) ;
#3979 = ADVANCED_FACE ( 'NONE', ( #1206 ), #845, .T. ) ;
#3980 = DIRECTION ( 'NONE',  ( 0.000000000000000000, -1.000000000000000000, 0.000000000000000000 ) ) ;
#3981 = ORIENTED_EDGE ( 'NONE', *, *, #6341, .F. ) ;
#3982 = EDGE_CURVE ( 'NONE', #5714, #3187, #3014, .T. ) ;
#3983 = DIRECTION ( 'NONE',  ( 0.7905524928205136526, -0.5405865734979358184, -0.2877375760116018810 ) ) ;
#3984 = SPHERICAL_SURFACE ( 'NONE', #5475, 1.000000000000000000 ) ;
#3985 = DIRECTION ( 'NONE',  ( 1.000000000000000000, 0.000000000000000000, 0.000000000000000000 ) ) ;
#3986 = CYLINDRICAL_SURFACE ( 'NONE', #8194, 2.500000000000000444 ) ;
#3987 = DIRECTION ( 'NONE',  ( 0.3518843560536910053, 1.040834085586124015E-14, -0.9360434818771397047 ) ) ;
#3988 = VERTEX_POINT ( 'NONE', #5116 ) ;
#3989 = CARTESIAN_POINT ( 'NONE',  ( 110.0266806977692795, 0.2444819620930777371, -6.836718409403084173 ) ) ;
#3990 = ORIENTED_EDGE ( 'NONE', *, *, #6222, .T. ) ;
#3991 = CARTESIAN_POINT ( 'NONE',  ( 148.7083515827920053, -9.081274705556749538, 15.15286556612326407 ) ) ;
#3992 = VERTEX_POINT ( 'NONE', #703 ) ;
#3993 = CARTESIAN_POINT ( 'NONE',  ( 1.807043109445906737, 0.2457398346210135087, 1.163827297520996673 ) ) ;
#3994 = CARTESIAN_POINT ( 'NONE',  ( 109.1554989539969966, 19.94925369154724848, 6.304596119238240703 ) ) ;
#3995 = DIRECTION ( 'NONE',  ( 0.000000000000000000, 0.000000000000000000, -1.000000000000000000 ) ) ;
#3996 = AXIS2_PLACEMENT_3D ( 'NONE', #1052, #4212, #6821 ) ;
#3997 = CARTESIAN_POINT ( 'NONE',  ( 111.8862545388873144, 0.2149231634059192153, -7.291294859813535645 ) ) ;
#3998 = EDGE_CURVE ( 'NONE', #5255, #5072, #8055, .T. ) ;
#3999 = APPLICATION_CONTEXT ( 'configuration controlled 3d designs of mechanical parts and assemblies' ) ;
#4000 = DIRECTION ( 'NONE',  ( -0.0007370320262295454320, -0.9999997283918593549, 0.000000000000000000 ) ) ;
#4001 = CARTESIAN_POINT ( 'NONE',  ( 113.2437475485142073, 0.3587379658137255234, -8.007704605728649838 ) ) ;
#4002 = ORIENTED_EDGE ( 'NONE', *, *, #6333, .F. ) ;
#4003 = B_SPLINE_CURVE_WITH_KNOTS ( 'NONE', 3,
 ( #3181, #4097, #6665, #5156 ),
 .UNSPECIFIED., .F., .F.,
 ( 4, 4 ),
 ( 2.775557561562889810E-17, 0.0001876432661474990106 ),
 .UNSPECIFIED. ) ;
#4004 = DIRECTION ( 'NONE',  ( -1.000000000000000000, 0.000000000000000000, 0.000000000000000000 ) ) ;
#4005 = AXIS2_PLACEMENT_3D ( 'NONE', #5087, #8246, #1140 ) ;
#4006 = CARTESIAN_POINT ( 'NONE',  ( 133.1843026569626147, -2.940901478406339198, -8.438396069351393081 ) ) ;
#4007 = LINE ( 'NONE', #761, #3507 ) ;
#4008 = CARTESIAN_POINT ( 'NONE',  ( 0.04020039696886798519, 17.48999274247982783, -2.673358911809418981 ) ) ;
#4009 = SPHERICAL_SURFACE ( 'NONE', #4969, 1.000000000000000000 ) ;
#4010 = AXIS2_PLACEMENT_3D ( 'NONE', #3444, #1037, #2969 ) ;
#4011 = EDGE_CURVE ( 'NONE', #2558, #7901, #541, .T. ) ;
#4012 = DATE_AND_TIME ( #181, #87 ) ;
#4013 = CARTESIAN_POINT ( 'NONE',  ( 1.917430067067486643, 0.3933419901600153645, 6.807555552532974730 ) ) ;
#4014 = ORIENTED_EDGE ( 'NONE', *, *, #2159, .F. ) ;
#4015 = CARTESIAN_POINT ( 'NONE',  ( 0.7586295022792404197, 0.9671883375968453045, 0.9671883375968453045 ) ) ;
#4016 = CARTESIAN_POINT ( 'NONE',  ( 2.803648237606785276, 20.00000000000000000, 1.000000000004059864 ) ) ;
#4017 = CARTESIAN_POINT ( 'NONE',  ( 118.8561700703199904, 19.48669079827605088, 9.259716059185318926 ) ) ;
#4018 = CARTESIAN_POINT ( 'NONE',  ( 148.2003663687800099, -8.922563096391799675, 14.96797406877560022 ) ) ;
#4019 = CARTESIAN_POINT ( 'NONE',  ( 2.607305765700790090, 19.98066173482415309, -1.012892176783895870 ) ) ;
#4020 = CARTESIAN_POINT ( 'NONE',  ( 0.000000000000000000, 22.00000000000000000, 0.000000000000000000 ) ) ;
#4021 = ORIENTED_EDGE ( 'NONE', *, *, #1695, .T. ) ;
#4022 = CARTESIAN_POINT ( 'NONE',  ( 149.0503717261175893, 9.501908822039640157, -14.21317294533733921 ) ) ;
#4023 = ORIENTED_EDGE ( 'NONE', *, *, #1945, .F. ) ;
#4024 = EDGE_CURVE ( 'NONE', #5953, #7763, #5379, .T. ) ;
#4025 = CARTESIAN_POINT ( 'NONE',  ( 109.6360297657336673, 20.00000000000000000, -0.9999999965867703011 ) ) ;
#4026 = CARTESIAN_POINT ( 'NONE',  ( 106.4821055764435727, 0.7008489655584495548, 6.957132346865930295 ) ) ;
#4027 = FACE_OUTER_BOUND ( 'NONE', #7010, .T. ) ;
#4028 = DIRECTION ( 'NONE',  ( -1.000000000000000000, 0.000000000000000000, 0.000000000000000000 ) ) ;
#4029 = CARTESIAN_POINT ( 'NONE',  ( 110.1834106557184043, 0.04062809819003854878, -6.000602840071009858 ) ) ;
#4030 = ORIENTED_EDGE ( 'NONE', *, *, #386, .F. ) ;
#4031 = CC_DESIGN_APPROVAL ( #443, ( #129 ) ) ;
#4032 = ORIENTED_EDGE ( 'NONE', *, *, #3922, .F. ) ;
#4033 = CARTESIAN_POINT ( 'NONE',  ( 110.3501617376178672, 0.3765114181044536545, 6.873085481296022259 ) ) ;
#4034 = ORIENTED_EDGE ( 'NONE', *, *, #8220, .F. ) ;
#4035 = CARTESIAN_POINT ( 'NONE',  ( 0.2027417934554831269, 1.915852438299018079, 2.277235988344823436 ) ) ;
#4036 = CARTESIAN_POINT ( 'NONE',  ( 110.1929953962778086, 19.98747038457115011, 6.004091400337808970 ) ) ;
#4037 = CARTESIAN_POINT ( 'NONE',  ( 110.1834106557184043, 0.04062809819003854878, -6.000602840071009858 ) ) ;
#4038 = ADVANCED_FACE ( 'NONE', ( #743 ), #7671, .F. ) ;
#4039 = AXIS2_PLACEMENT_3D ( 'NONE', #3634, #520, #2922 ) ;
#4040 = CARTESIAN_POINT ( 'NONE',  ( 124.8623014719766076, 17.43751137921674754, 12.58714577281627989 ) ) ;
#4041 = FACE_OUTER_BOUND ( 'NONE', #6724, .T. ) ;
#4042 = CARTESIAN_POINT ( 'NONE',  ( 113.3261512223340048, 0.4044153264096340128, -8.077240354416970192 ) ) ;
#4043 = ORIENTED_EDGE ( 'NONE', *, *, #6497, .T. ) ;
#4044 = VECTOR ( 'NONE', #5941, 1000.000000000000000 ) ;
#4045 = VECTOR ( 'NONE', #7446, 1000.000000000000000 ) ;
#4046 = CARTESIAN_POINT ( 'NONE',  ( 116.2349590846822025, -0.1738630264089960076, -8.276552679588908390 ) ) ;
#4047 = AXIS2_PLACEMENT_3D ( 'NONE', #5729, #2534, #1227 ) ;
#4048 = CARTESIAN_POINT ( 'NONE',  ( 108.2688908795555989, 19.83372482030099704, 6.552440334895780261 ) ) ;
#4049 = DIRECTION ( 'NONE',  ( 0.000000000000000000, 0.000000000000000000, 1.000000000000000000 ) ) ;
#4050 = DIRECTION ( 'NONE',  ( 0.000000000000000000, 0.000000000000000000, -1.000000000000000000 ) ) ;
#4051 = PLANE ( 'NONE',  #5365 ) ;
#4052 = VECTOR ( 'NONE', #2227, 1000.000000000000000 ) ;
#4053 = COORDINATED_UNIVERSAL_TIME_OFFSET ( 2, 0, .AHEAD. ) ;
#4054 = CARTESIAN_POINT ( 'NONE',  ( 2.033353018320509964, 0.1532216889614815003, -1.102147792640975954 ) ) ;
#4055 = VERTEX_POINT ( 'NONE', #3903 ) ;
#4056 = SPHERICAL_SURFACE ( 'NONE', #1544, 1.000000000000000000 ) ;
#4057 = B_SPLINE_CURVE_WITH_KNOTS ( 'NONE', 3,
 ( #4022, #2799, #4657, #1454, #4694, #6588, #3393, #2131, #4139, #3511, #5521, #2288, #348, #2918, #4885, #2251, #6079, #985, #1582, #3626 ),
 .UNSPECIFIED., .F., .F.,
 ( 4, 2, 2, 2, 2, 2, 2, 2, 2, 4 ),
 ( 0.000000000000000000, 0.002708602931443180022, 0.005417205862886360045, 0.01083441172577272009, 0.01354301465721590055, 0.01625161758865910008, 0.02166882345154544712, 0.02708602931443180109, 0.03250323517731815159, 0.04333764690309084566 ),
 .UNSPECIFIED. ) ;
#4058 = CARTESIAN_POINT ( 'NONE',  ( 148.7083515827920053, 9.501908822039649039, 15.15286556612324809 ) ) ;
#4059 = AXIS2_PLACEMENT_3D ( 'NONE', #1949, #3249, #7751 ) ;
#4060 = CARTESIAN_POINT ( 'NONE',  ( 118.5040443995791435, 19.48783438910447785, 10.19690297015058356 ) ) ;
#4061 = DIRECTION ( 'NONE',  ( 0.3518763205489063295, -0.006758014491651208148, -0.9360221067245655391 ) ) ;
#4062 = DIRECTION ( 'NONE',  ( 0.9396926207859840341, 0.000000000000000000, 0.3420201433254610457 ) ) ;
#4063 = COORDINATED_UNIVERSAL_TIME_OFFSET ( 2, 0, .AHEAD. ) ;
#4064 = ORIENTED_EDGE ( 'NONE', *, *, #1712, .T. ) ;
#4065 = CARTESIAN_POINT ( 'NONE',  ( 5.500999999999999446, 20.00000000000000000, 9.501000000000001222 ) ) ;
#4066 = ORIENTED_EDGE ( 'NONE', *, *, #2753, .T. ) ;
#4067 = CARTESIAN_POINT ( 'NONE',  ( 0.000000000000000000, 20.00000000000000000, 0.000000000000000000 ) ) ;
#4068 = CARTESIAN_POINT ( 'NONE',  ( 109.6064693202673794, 0.03972587664320766793, 6.852061050040791024 ) ) ;
#4069 = CARTESIAN_POINT ( 'NONE',  ( 5.500999999999999446, -7.810249675906650424, -12.00000000000000000 ) ) ;
#4070 = CARTESIAN_POINT ( 'NONE',  ( 109.4187722011664050, 0.2295466016749745097, 6.711454251941200155 ) ) ;
#4071 = CARTESIAN_POINT ( 'NONE',  ( 107.9709457594216957, 0.1062182966445357341, -6.439488520430624696 ) ) ;
#4072 = EDGE_CURVE ( 'NONE', #4140, #1840, #4332, .T. ) ;
#4073 = VERTEX_POINT ( 'NONE', #4582 ) ;
#4074 = SPHERICAL_SURFACE ( 'NONE', #605, 1.000000000000000000 ) ;
#4075 = ORIENTED_EDGE ( 'NONE', *, *, #5450, .T. ) ;
#4076 = CARTESIAN_POINT ( 'NONE',  ( 109.8539028614388258, -0.004040655111999880492, -4.379160337304731175E-15 ) ) ;
#4077 = ORIENTED_EDGE ( 'NONE', *, *, #3193, .T. ) ;
#4078 = CARTESIAN_POINT ( 'NONE',  ( 110.0917359582193313, 19.87498980831350792, 6.502959674715509841 ) ) ;
#4079 = LINE ( 'NONE', #7229, #5718 ) ;
#4080 = CARTESIAN_POINT ( 'NONE',  ( 137.4955416922086044, 14.14272984318965953, 17.33632643144634855 ) ) ;
#4081 = CARTESIAN_POINT ( 'NONE',  ( 106.3652025976682154, 18.96217650988829817, 7.000000000000000000 ) ) ;
#4082 = PRODUCT_DEFINITION_SHAPE ( 'NONE', 'NONE',  #8323 ) ;
#4083 = FACE_OUTER_BOUND ( 'NONE', #5031, .T. ) ;
#4084 = ORIENTED_EDGE ( 'NONE', *, *, #3193, .F. ) ;
#4085 = AXIS2_PLACEMENT_3D ( 'NONE', #5324, #1414, #2090 ) ;
#4086 = EDGE_CURVE ( 'NONE', #4836, #7984, #6513, .T. ) ;
#4087 = LINE ( 'NONE', #5892, #1133 ) ;
#4088 = EDGE_CURVE ( 'NONE', #2704, #7943, #4170, .T. ) ;
#4089 = FACE_OUTER_BOUND ( 'NONE', #5164, .T. ) ;
#4090 = DIRECTION ( 'NONE',  ( 0.000000000000000000, 0.7071067811865460184, 0.7071067811865489050 ) ) ;
#4091 = CARTESIAN_POINT ( 'NONE',  ( 0.09406224876655600031, 17.75161992526712140, -2.498964065859442307 ) ) ;
#4092 = CARTESIAN_POINT ( 'NONE',  ( 60.00000000000000000, 3.061616997868384620E-15, 6.000000000000000000 ) ) ;
#4093 = APPROVAL_STATUS ( 'not_yet_approved' ) ;
#4094 = AXIS2_PLACEMENT_3D ( 'NONE', #6626, #1533, #4728 ) ;
#4095 = CARTESIAN_POINT ( 'NONE',  ( 0.2936149476225783927, 17.87592533566496655, 1.686113036764668172 ) ) ;
#4096 = ORIENTED_EDGE ( 'NONE', *, *, #793, .T. ) ;
#4097 = CARTESIAN_POINT ( 'NONE',  ( 109.7611252808974029, 18.99997736292630179, 0.000000000000000000 ) ) ;
#4098 = CARTESIAN_POINT ( 'NONE',  ( 131.8235565063828005, 15.77426551665259780, 15.20407200811795079 ) ) ;
#4099 = CARTESIAN_POINT ( 'NONE',  ( 116.8008856196158689, -0.1067529408948501568, 2.475319932137808099 ) ) ;
#4100 = CARTESIAN_POINT ( 'NONE',  ( 2.033353018320509964, 18.89785220735890192, -0.1532216889614815003 ) ) ;
#4101 = CARTESIAN_POINT ( 'NONE',  ( 0.000000000000000000, 3.000000000000000000, 3.000000000000000000 ) ) ;
#4102 = EDGE_CURVE ( 'NONE', #7088, #7818, #7811, .T. ) ;
#4103 = CARTESIAN_POINT ( 'NONE',  ( 686.7572832678162058, 895.9560692359273162, 1308.160769518145571 ) ) ;
#4104 = FACE_OUTER_BOUND ( 'NONE', #578, .T. ) ;
#4105 = EDGE_LOOP ( 'NONE', ( #1310, #6135, #7175, #2978, #665 ) ) ;
#4106 = AXIS2_PLACEMENT_3D ( 'NONE', #2979, #5541, #2349 ) ;
#4107 = DIRECTION ( 'NONE',  ( 0.000000000000000000, 0.000000000000000000, 1.000000000000000000 ) ) ;
#4108 = CARTESIAN_POINT ( 'NONE',  ( 112.0371666463600349, 0.2153587757415150461, 7.361420642389417068 ) ) ;
#4109 = CARTESIAN_POINT ( 'NONE',  ( 111.7781188144322186, 0.2310944004939284868, 7.259698308043000203 ) ) ;
#4110 = VECTOR ( 'NONE', #4388, 1000.000000000000000 ) ;
#4111 =( BOUNDED_SURFACE ( )  B_SPLINE_SURFACE ( 3, 2, ( 
 ( #7904, #4076, #2855 ),
 ( #3954, #165, #6644 ),
 ( #5256, #5884, #917 ),
 ( #4116, #119, #2727 ) ),
 .UNSPECIFIED., .F., .F., .F. ) 
 B_SPLINE_SURFACE_WITH_KNOTS ( ( 4, 4 ),
 ( 3, 3 ),
 ( -2.082752373344654757E-16, 0.0002062957268671644965 ),
 ( 0.000000000000000000, 1.000000000000000000 ),
 .UNSPECIFIED. ) 
 GEOMETRIC_REPRESENTATION_ITEM ( )  RATIONAL_B_SPLINE_SURFACE ( (
 ( 1.000000000000000000, 0.7032485266767849463, 1.000000000000000000),
 ( 1.000000000000000000, 0.7031310242749200246, 1.000000000000000000),
 ( 1.000000000000000000, 0.7030133015410939823, 1.000000000000000000),
 ( 1.000000000000000000, 0.7028953609440199424, 1.000000000000000000) ) ) 
 REPRESENTATION_ITEM ( '' )  SURFACE ( )  );
#4112 = ORIENTED_EDGE ( 'NONE', *, *, #5047, .T. ) ;
#4113 = DIRECTION ( 'NONE',  ( 0.000000000000000000, -1.000000000000000000, 0.000000000000000000 ) ) ;
#4114 = ADVANCED_FACE ( 'NONE', ( #1420 ), #3986, .T. ) ;
#4115 = EDGE_LOOP ( 'NONE', ( #1298, #727, #2716, #5923 ) ) ;
#4116 = CARTESIAN_POINT ( 'NONE',  ( 109.6174781541735967, 1.000000000000000000, 4.553649124439119412E-15 ) ) ;
#4117 = ORIENTED_EDGE ( 'NONE', *, *, #4499, .T. ) ;
#4118 = CYLINDRICAL_SURFACE ( 'NONE', #3056, 3.000000000000000000 ) ;
#4119 = DIRECTION ( 'NONE',  ( 0.000000000000000000, 1.000000000000000000, 0.000000000000000000 ) ) ;
#4120 = CC_DESIGN_APPROVAL ( #7330, ( #1696 ) ) ;
#4121 = CARTESIAN_POINT ( 'NONE',  ( 8.000000000000000000, 1.000000000000000000, 6.000000000000000000 ) ) ;
#4122 = CARTESIAN_POINT ( 'NONE',  ( 85.00000000000000000, -5.000000000000000000, 6.000000000000000000 ) ) ;
#4123 = DIRECTION ( 'NONE',  ( 0.000000000000000000, 0.000000000000000000, -1.000000000000000000 ) ) ;
#4124 = ORIENTED_EDGE ( 'NONE', *, *, #6691, .F. ) ;
#4125 = EDGE_CURVE ( 'NONE', #5044, #1286, #3817, .T. ) ;
#4126 = CARTESIAN_POINT ( 'NONE',  ( 126.9999955605724011, -1.004005059776560183, -13.39076347046506044 ) ) ;
#4127 = CARTESIAN_POINT ( 'NONE',  ( 138.0340769685473390, -4.236194617663024964, -10.20356956167683116 ) ) ;
#4128 = CARTESIAN_POINT ( 'NONE',  ( 0.04938844939481883828, 17.54212105094088869, -2.638586081883732781 ) ) ;
#4129 = CYLINDRICAL_SURFACE ( 'NONE', #6442, 3.000000000000000000 ) ;
#4130 = COORDINATED_UNIVERSAL_TIME_OFFSET ( 2, 0, .AHEAD. ) ;
#4131 = CARTESIAN_POINT ( 'NONE',  ( 0.007317931774895169474, 17.15223939292634370, 2.771472793377177890 ) ) ;
#4132 = ORIENTED_EDGE ( 'NONE', *, *, #2393, .T. ) ;
#4133 = CARTESIAN_POINT ( 'NONE',  ( 148.4785644126784234, -8.058918236021860082, 18.60596247679835002 ) ) ;
#4134 = CARTESIAN_POINT ( 'NONE',  ( 129.9258398866275002, -2.629218009080484642, -13.42483895633666613 ) ) ;
#4135 = AXIS2_PLACEMENT_3D ( 'NONE', #80, #120, #839 ) ;
#4136 = DIRECTION ( 'NONE',  ( 0.9360434818771683485, -5.204170427930386573E-15, 0.3518843560536150106 ) ) ;
#4137 = CARTESIAN_POINT ( 'NONE',  ( 5.499000000000000554, -7.810249675906650424, -9.501000000000001222 ) ) ;
#4138 = CARTESIAN_POINT ( 'NONE',  ( 3.000000000000000000, 6.599999999999999645, -9.501000000000001222 ) ) ;
#4139 = CARTESIAN_POINT ( 'NONE',  ( 138.3754629482379812, 14.59834059997458056, -10.32782389668216005 ) ) ;
#4140 = VERTEX_POINT ( 'NONE', #3348 ) ;
#4141 = AXIS2_PLACEMENT_3D ( 'NONE', #446, #3772, #7016 ) ;
#4142 = CARTESIAN_POINT ( 'NONE',  ( 113.1029060339096048, 0.05753122341824199598, 7.098635657351529460 ) ) ;
#4143 = EDGE_CURVE ( 'NONE', #878, #3572, #1353, .T. ) ;
#4144 = DIRECTION ( 'NONE',  ( -0.000000000000000000, 1.000000000000000000, 0.000000000000000000 ) ) ;
#4145 = CARTESIAN_POINT ( 'NONE',  ( 106.3648494646365918, 0.9982629123215305267, 6.999998868447086409 ) ) ;
#4146 = CARTESIAN_POINT ( 'NONE',  ( 0.000000000000000000, 19.00000000000000000, -3.000000000000000000 ) ) ;
#4147 = ORIENTED_EDGE ( 'NONE', *, *, #6910, .F. ) ;
#4148 = CARTESIAN_POINT ( 'NONE',  ( 141.5563005192560126, 14.48115687850101807, -12.54973186504297900 ) ) ;
#4149 = ORIENTED_EDGE ( 'NONE', *, *, #2488, .T. ) ;
#4150 = CARTESIAN_POINT ( 'NONE',  ( 107.8264114977303905, 0.1183738699572713937, -6.471069865867630888 ) ) ;
#4151 = ORIENTED_EDGE ( 'NONE', *, *, #5593, .F. ) ;
#4152 = DIRECTION ( 'NONE',  ( 1.000000000000000000, 0.000000000000000000, 0.000000000000000000 ) ) ;
#4153 = VECTOR ( 'NONE', #4634, 1000.000000000000000 ) ;
#4154 = CARTESIAN_POINT ( 'NONE',  ( 110.1834106557184043, 0.04062809819003854878, -6.000602840071009858 ) ) ;
#4155 = AXIS2_PLACEMENT_3D ( 'NONE', #4103, #7335, #7887 ) ;
#4156 = CARTESIAN_POINT ( 'NONE',  ( 108.6196013889417031, 0.02830546960472860724, -6.254170751844261744 ) ) ;
#4157 = PLANE ( 'NONE',  #5916 ) ;
#4158 = VERTEX_POINT ( 'NONE', #4699 ) ;
#4159 = CARTESIAN_POINT ( 'NONE',  ( 109.8236730192914052, 18.99993126322744885, 1.000000000000000000 ) ) ;
#4160 = LOCAL_TIME ( 21, 5, 34.00000000000000000, #7668 ) ;
#4161 = CARTESIAN_POINT ( 'NONE',  ( 131.6716126695201865, -2.123869089872974847, -15.14695216248485110 ) ) ;
#4162 = PERSON ( 'NAUO-PER4', 'UNSPECIFIED', 'UNSPECIFIED', ('UNSPECIFIED'), ('UNSPECIFIED'), ('UNSPECIFIED') ) ;
#4163 = CARTESIAN_POINT ( 'NONE',  ( 109.8535738694939994, 0.006956536058653650656, -1.010883019452956111 ) ) ;
#4164 = DIRECTION ( 'NONE',  ( -0.006931036737909994187, -0.9999725855010873632, -0.002605566350841821439 ) ) ;
#4165 = EDGE_CURVE ( 'NONE', #3971, #2289, #2138, .T. ) ;
#4166 = VECTOR ( 'NONE', #5369, 1000.000000000000000 ) ;
#4167 = CARTESIAN_POINT ( 'NONE',  ( 111.9835697350165873, 0.09894292096171550255, -7.110496954428059624 ) ) ;
#4168 = EDGE_CURVE ( 'NONE', #2140, #1840, #7840, .T. ) ;
#4169 = APPROVAL_DATE_TIME ( #2355, #3066 ) ;
#4170 = CIRCLE ( 'NONE', #948, 1.000000000000000000 ) ;
#4171 = CARTESIAN_POINT ( 'NONE',  ( 109.6360297657336673, 19.00000000000000000, 0.000000000000000000 ) ) ;
#4172 = CIRCLE ( 'NONE', #7389, 2.498999999999999666 ) ;
#4173 = EDGE_LOOP ( 'NONE', ( #2043, #7337, #4469, #654 ) ) ;
#4174 = CARTESIAN_POINT ( 'NONE',  ( 2.033353018320509964, 1.102147792640975954, 0.1532216889614815003 ) ) ;
#4175 = B_SPLINE_CURVE_WITH_KNOTS ( 'NONE', 3,
 ( #2236, #5588, #4952, #4797, #3533, #1607 ),
 .UNSPECIFIED., .F., .F.,
 ( 4, 2, 4 ),
 ( -1.095446141998051753E-05, 0.0007476109544463033565, 0.001506176370312587364 ),
 .UNSPECIFIED. ) ;
#4176 = CARTESIAN_POINT ( 'NONE',  ( 127.0528159942862771, -1.968925698582049355, -12.34454820246825868 ) ) ;
#4177 = DIRECTION ( 'NONE',  ( -1.719089139163134901E-31, 1.000000000000000000, 0.000000000000000000 ) ) ;
#4178 = CIRCLE ( 'NONE', #7270, 1.000000000000000222 ) ;
#4179 = CARTESIAN_POINT ( 'NONE',  ( 113.4025997963560002, 1.000000000000000000, -8.279130362457099324 ) ) ;
#4180 = CARTESIAN_POINT ( 'NONE',  ( 109.8236730192914052, 1.006450157371265863, 0.000000000000000000 ) ) ;
#4181 = CALENDAR_DATE ( 2026, 3, 9 ) ;
#4182 = CARTESIAN_POINT ( 'NONE',  ( 0.6009994805187930389, 18.84364016763809957, 1.770906554907939912 ) ) ;
#4183 = EDGE_LOOP ( 'NONE', ( #2348, #6849, #4424, #4374 ) ) ;
#4184 = EDGE_CURVE ( 'NONE', #7424, #7794, #5640, .T. ) ;
#4185 = FACE_OUTER_BOUND ( 'NONE', #5333, .T. ) ;
#4186 = EDGE_CURVE ( 'NONE', #3314, #4589, #6052, .T. ) ;
#4187 = LINE ( 'NONE', #2999, #6388 ) ;
#4188 = DIRECTION ( 'NONE',  ( 1.000000000000000000, 0.000000000000000000, 0.000000000000000000 ) ) ;
#4189 = CARTESIAN_POINT ( 'NONE',  ( 110.0000000000000000, 0.000000000000000000, -6.000000000000000000 ) ) ;
#4190 = ORIENTED_EDGE ( 'NONE', *, *, #113, .T. ) ;
#4191 = CARTESIAN_POINT ( 'NONE',  ( 121.6994951772784077, 19.34600871968385150, -5.322445772964729649 ) ) ;
#4192 = EDGE_LOOP ( 'NONE', ( #6432, #8087, #7024, #3767, #1662, #5955, #4422, #8271, #7382 ) ) ;
#4193 = CARTESIAN_POINT ( 'NONE',  ( 108.6081502746983460, 0.2312370204364349591, -6.660766564951481783 ) ) ;
#4194 = CARTESIAN_POINT ( 'NONE',  ( 5.499000000000000554, 6.599999999999999645, -8.501000000000001222 ) ) ;
#4195 = CARTESIAN_POINT ( 'NONE',  ( 109.9977639494924659, 19.53116847852769311, 6.901684355119502179 ) ) ;
#4196 = CARTESIAN_POINT ( 'NONE',  ( 76.12500000000000000, -30.69597054535374880, 6.000000000000000000 ) ) ;
#4197 = APPROVAL ( #5441, 'UNSPECIFIED' ) ;
#4198 = DIRECTION ( 'NONE',  ( 0.000000000000000000, 0.000000000000000000, -1.000000000000000000 ) ) ;
#4199 = ORIENTED_EDGE ( 'NONE', *, *, #37, .T. ) ;
#4200 = DIRECTION ( 'NONE',  ( 0.000000000000000000, 0.000000000000000000, 1.000000000000000000 ) ) ;
#4201 = AXIS2_PLACEMENT_3D ( 'NONE', #7174, #3980, #3342 ) ;
#4202 = CARTESIAN_POINT ( 'NONE',  ( 3.000000000000000000, 13.40000000000000036, 7.000000000000000000 ) ) ;
#4203 = CYLINDRICAL_SURFACE ( 'NONE', #1762, 0.9999999999999991118 ) ;
#4204 = DIRECTION ( 'NONE',  ( 0.000000000000000000, 1.000000000000000000, 0.000000000000000000 ) ) ;
#4205 = CIRCLE ( 'NONE', #2606, 1.000000000000000000 ) ;
#4206 = CARTESIAN_POINT ( 'NONE',  ( 108.1304763176289896, 0.09553749738943359548, -6.405783514190189543 ) ) ;
#4207 = ORIENTED_EDGE ( 'NONE', *, *, #3102, .T. ) ;
#4208 = APPROVAL_STATUS ( 'not_yet_approved' ) ;
#4209 = CARTESIAN_POINT ( 'NONE',  ( 0.04517654503788320897, 17.34584743725486078, 2.481220285117803126 ) ) ;
#4210 = ADVANCED_FACE ( 'NONE', ( #158 ), #2720, .T. ) ;
#4211 = ORIENTED_EDGE ( 'NONE', *, *, #4799, .F. ) ;
#4212 = DIRECTION ( 'NONE',  ( 0.3420201433256001566, -1.561251128379140584E-14, 0.9396926207859334079 ) ) ;
#4213 = EDGE_CURVE ( 'NONE', #4271, #4851, #6054, .T. ) ;
#4214 = AXIS2_PLACEMENT_3D ( 'NONE', #6887, #1120, #8267 ) ;
#4215 = CARTESIAN_POINT ( 'NONE',  ( 138.6472871164495757, -5.091305663394242842, -16.70385131887235275 ) ) ;
#4216 = CARTESIAN_POINT ( 'NONE',  ( 8.000000000000000000, 13.40000000000000036, -7.000000000000079936 ) ) ;
#4217 = FACE_OUTER_BOUND ( 'NONE', #2385, .T. ) ;
#4218 = CARTESIAN_POINT ( 'NONE',  ( 109.8236730192914052, 0.000000000000000000, 0.000000000000000000 ) ) ;
#4219 = PERSON_AND_ORGANIZATION_ROLE ( 'design_supplier' ) ;
#4220 = CARTESIAN_POINT ( 'NONE',  ( 2.561112365989215434, 19.97594935219020229, -6.253435210406031786 ) ) ;
#4221 = VERTEX_POINT ( 'NONE', #6639 ) ;
#4222 = CARTESIAN_POINT ( 'NONE',  ( 110.1975202580661630, 0.04078288581566584525, 6.247851390141894612 ) ) ;
#4223 = CARTESIAN_POINT ( 'NONE',  ( 110.1893708058666022, 0.3288402898499326321, 7.000391954806994832 ) ) ;
#4224 = DIRECTION ( 'NONE',  ( 0.000000000000000000, 1.000000000000000000, 0.000000000000000000 ) ) ;
#4225 =( BOUNDED_SURFACE ( )  B_SPLINE_SURFACE ( 3, 2, ( 
 ( #5973, #3410, #7825 ),
 ( #795, #5849, #4081 ),
 ( #5889, #5262, #4715 ),
 ( #2069, #923, #2650 ) ),
 .UNSPECIFIED., .F., .F., .F. ) 
 B_SPLINE_SURFACE_WITH_KNOTS ( ( 4, 4 ),
 ( 3, 3 ),
 ( 0.000000000000000000, 0.0001134804839570933987 ),
 ( 0.000000000000000000, 1.000000000000000000 ),
 .UNSPECIFIED. ) 
 GEOMETRIC_REPRESENTATION_ITEM ( )  RATIONAL_B_SPLINE_SURFACE ( (
 ( 1.000000000000000000, 0.9838983474828449927, 1.000000000000000000),
 ( 1.000000000000000000, 0.9838937114229430181, 1.000000000000000000),
 ( 1.000000000000000000, 0.9838879159037359212, 1.000000000000000000),
 ( 1.000000000000000000, 0.9838809587234489396, 1.000000000000000000) ) ) 
 REPRESENTATION_ITEM ( '' )  SURFACE ( )  );
#4226 = CARTESIAN_POINT ( 'NONE',  ( 123.7312721761553007, 19.09095435200451973, 4.997774350743752869 ) ) ;
#4227 = EDGE_CURVE ( 'NONE', #8223, #747, #7854, .T. ) ;
#4228 = ORIENTED_EDGE ( 'NONE', *, *, #2438, .F. ) ;
#4229 = EDGE_CURVE ( 'NONE', #7549, #7426, #2693, .T. ) ;
#4230 = CARTESIAN_POINT ( 'NONE',  ( 139.1849782827994204, 14.34683081856899989, -10.62246338264454160 ) ) ;
#4231 = ORIENTED_EDGE ( 'NONE', *, *, #1646, .T. ) ;
#4232 = AXIS2_PLACEMENT_3D ( 'NONE', #4906, #967, #3529 ) ;
#4233 = CARTESIAN_POINT ( 'NONE',  ( 143.1964147305725987, 13.60780882192909758, 18.91173684417205081 ) ) ;
#4234 = ADVANCED_FACE ( 'NONE', ( #5412 ), #871, .T. ) ;
#4235 = ORIENTED_EDGE ( 'NONE', *, *, #122, .F. ) ;
#4236 = DIRECTION ( 'NONE',  ( -0.9396926207859082059, 0.000000000000000000, 0.3420201433256691015 ) ) ;
#4237 = CARTESIAN_POINT ( 'NONE',  ( 109.6360297657335963, 20.00000000000000000, -1.000000000000000000 ) ) ;
#4238 = AXIS2_PLACEMENT_3D ( 'NONE', #5006, #3076, #6563 ) ;
#4239 = FACE_OUTER_BOUND ( 'NONE', #1807, .T. ) ;
#4240 = CARTESIAN_POINT ( 'NONE',  ( 149.6443950646691974, 9.501908822039640157, -15.50474992217694847 ) ) ;
#4241 = CYLINDRICAL_SURFACE ( 'NONE', #2290, 1.500000000000000000 ) ;
#4242 = EDGE_LOOP ( 'NONE', ( #28, #303, #5462, #4151 ) ) ;
#4243 = CARTESIAN_POINT ( 'NONE',  ( 0.000000000000000000, 20.00000000000000000, 0.000000000000000000 ) ) ;
#4244 = CC_DESIGN_PERSON_AND_ORGANIZATION_ASSIGNMENT ( #5001, #6145, ( #901 ) ) ;
#4245 = CARTESIAN_POINT ( 'NONE',  ( 136.0515583705668803, -4.346817251855452646, -16.79349359183130730 ) ) ;
#4246 = EDGE_CURVE ( 'NONE', #5472, #2205, #2161, .T. ) ;
#4247 = DIRECTION ( 'NONE',  ( 0.000000000000000000, -1.000000000000000000, 0.000000000000000000 ) ) ;
#4248 = CARTESIAN_POINT ( 'NONE',  ( 137.0000000000000000, 0.6999999999999999556, 6.000000000000000000 ) ) ;
#4249 = CARTESIAN_POINT ( 'NONE',  ( 110.0550936014048489, 0.3491909021789386669, -6.763147697939722036 ) ) ;
#4250 = ADVANCED_FACE ( 'NONE', ( #7990 ), #4157, .T. ) ;
#4251 = ITEM_DEFINED_TRANSFORMATION ( 'NONE', 'NONE', #7926,  #6993 ) ;
#4252 = ORIENTED_EDGE ( 'NONE', *, *, #5242, .T. ) ;
#4253 = CARTESIAN_POINT ( 'NONE',  ( 1.496547972348960087, 1.264336804268406000, 0.3965052064026104994 ) ) ;
#4254 = B_SPLINE_CURVE_WITH_KNOTS ( 'NONE', 3,
 ( #5572, #8266, #4896, #6381, #6209, #6886, #8098 ),
 .UNSPECIFIED., .F., .F.,
 ( 4, 3, 4 ),
 ( 0.000000000000000000, 0.002000000000038974941, 0.004989512778399460106 ),
 .UNSPECIFIED. ) ;
#4255 = CARTESIAN_POINT ( 'NONE',  ( 3.000000000000000000, 8.000000000000000000, 0.000000000000000000 ) ) ;
#4256 = CARTESIAN_POINT ( 'NONE',  ( 3.000000000000000000, 0.000000000000000000, 6.000000000000000000 ) ) ;
#4257 = EDGE_CURVE ( 'NONE', #2430, #2558, #5329, .T. ) ;
#4258 = AXIS2_PLACEMENT_3D ( 'NONE', #4297, #3539, #6231 ) ;
#4259 = CARTESIAN_POINT ( 'NONE',  ( 5.500000000000000000, -32.00100000000000477, 11.50000000000000000 ) ) ;
#4260 = CARTESIAN_POINT ( 'NONE',  ( 113.2136612916224010, 0.3438960798037065114, 7.982888372873980565 ) ) ;
#4261 = CALENDAR_DATE ( 2026, 3, 9 ) ;
#4262 = CARTESIAN_POINT ( 'NONE',  ( 107.1367322469612020, 19.54311185360721481, -6.839729131527699124 ) ) ;
#4263 = VERTEX_POINT ( 'NONE', #3477 ) ;
#4264 = CARTESIAN_POINT ( 'NONE',  ( 146.9526503818005949, 9.539544568843208339, 19.82318590585730078 ) ) ;
#4265 = CARTESIAN_POINT ( 'NONE',  ( 111.4629180104280977, 0.2664645371839629573, 7.238809713088355302 ) ) ;
#4266 = CARTESIAN_POINT ( 'NONE',  ( 55.00000000000000000, 0.000000000000000000, 6.000000000000000000 ) ) ;
#4267 = CARTESIAN_POINT ( 'NONE',  ( 133.4118051967765837, -1.970541082310125036, -8.521200222065500540 ) ) ;
#4268 = CARTESIAN_POINT ( 'NONE',  ( 143.1643484641357986, 13.85309566783065982, 13.13501345225031969 ) ) ;
#4269 = EDGE_CURVE ( 'NONE', #35, #1713, #2256, .T. ) ;
#4270 = VECTOR ( 'NONE', #6917, 1000.000000000000000 ) ;
#4271 = VERTEX_POINT ( 'NONE', #7899 ) ;
#4272 = EDGE_CURVE ( 'NONE', #2430, #8156, #6856, .T. ) ;
#4273 = DIRECTION ( 'NONE',  ( -0.3420201433256691015, 0.000000000000000000, -0.9396926207859082059 ) ) ;
#4274 = ORIENTED_EDGE ( 'NONE', *, *, #4186, .F. ) ;
#4275 = CARTESIAN_POINT ( 'NONE',  ( 111.1685781443113967, 20.00000000000000000, 7.254557658830960598 ) ) ;
#4276 = DIRECTION ( 'NONE',  ( 0.01534042226560059646, 0.9998823287991007724, 0.000000000000000000 ) ) ;
#4277 = EDGE_LOOP ( 'NONE', ( #4819, #537, #1797 ) ) ;
#4278 =( BOUNDED_CURVE ( )  B_SPLINE_CURVE ( 3, ( #5515, #7535, #2323, #1772 ),
 .UNSPECIFIED., .F., .F. ) 
 B_SPLINE_CURVE_WITH_KNOTS ( ( 4, 4 ),
 ( 0.4455612539428099872, 1.570796326794895004 ),
 .UNSPECIFIED. ) 
 CURVE ( )  GEOMETRIC_REPRESENTATION_ITEM ( )  RATIONAL_B_SPLINE_CURVE ( ( 1.000000000000000000, 0.8972412072652139470, 0.8972412072652139470, 1.000000000000000000 ) ) 
 REPRESENTATION_ITEM ( '' )  );
#4279 = CIRCLE ( 'NONE', #3996, 1.000000000000008216 ) ;
#4280 = CARTESIAN_POINT ( 'NONE',  ( 109.6988187964824135, 20.00000000000000000, -1.000087818555041919 ) ) ;
#4281 = CARTESIAN_POINT ( 'NONE',  ( 5.500999999999999446, -7.810249675906650424, -9.501000000000001222 ) ) ;
#4282 = ORIENTED_EDGE ( 'NONE', *, *, #6441, .F. ) ;
#4283 = LINE ( 'NONE', #2860, #6999 ) ;
#4284 = DIRECTION ( 'NONE',  ( 0.000000000000000000, 1.000000000000000000, 0.000000000000000000 ) ) ;
#4285 = ORIENTED_EDGE ( 'NONE', *, *, #5767, .F. ) ;
#4286 = CARTESIAN_POINT ( 'NONE',  ( 0.000000000000000000, 22.00000000000000000, 0.000000000000000000 ) ) ;
#4287 = ORIENTED_EDGE ( 'NONE', *, *, #7461, .T. ) ;
#4288 = CARTESIAN_POINT ( 'NONE',  ( 145.4456703769801607, -8.439166206040299656, -20.32499732854014596 ) ) ;
#4289 = CIRCLE ( 'NONE', #7506, 2.498999999999999666 ) ;
#4290 = EDGE_CURVE ( 'NONE', #3794, #4263, #5368, .T. ) ;
#4291 = CARTESIAN_POINT ( 'NONE',  ( 0.000000000000000000, 8.000000000000000000, 0.000000000000000000 ) ) ;
#4292 = FACE_OUTER_BOUND ( 'NONE', #4948, .T. ) ;
#4293 = CARTESIAN_POINT ( 'NONE',  ( 109.8539028614388258, -0.004040655111999880492, 4.336808689942021680E-15 ) ) ;
#4294 = LOCAL_TIME ( 21, 5, 34.00000000000000000, #4063 ) ;
#4295 = CALENDAR_DATE ( 2026, 3, 9 ) ;
#4296 = ORIENTED_EDGE ( 'NONE', *, *, #6039, .F. ) ;
#4297 = CARTESIAN_POINT ( 'NONE',  ( 76.12500000000000000, -30.69597054535374880, 6.000000000000000000 ) ) ;
#4298 = CARTESIAN_POINT ( 'NONE',  ( 139.4374739453322718, -5.373941574926043963, -17.00103006895497160 ) ) ;
#4299 = AXIS2_PLACEMENT_3D ( 'NONE', #3478, #5413, #7977 ) ;
#4300 = FACE_OUTER_BOUND ( 'NONE', #591, .T. ) ;
#4301 = AXIS2_PLACEMENT_3D ( 'NONE', #7587, #3042, #4973 ) ;
#4302 = CARTESIAN_POINT ( 'NONE',  ( 5.499000000000000554, 20.00000000000000000, 12.00000000000000000 ) ) ;
#4303 = CC_DESIGN_PERSON_AND_ORGANIZATION_ASSIGNMENT ( #3419, #2202, ( #7610 ) ) ;
#4304 = CARTESIAN_POINT ( 'NONE',  ( 109.8236730192914052, 18.99993126322744885, 0.000000000000000000 ) ) ;
#4305 = PERSON_AND_ORGANIZATION ( #5375, #6038 ) ;
#4306 = DIRECTION ( 'NONE',  ( 0.000000000000000000, -1.000000000000000000, 0.000000000000000000 ) ) ;
#4307 = ORIENTED_EDGE ( 'NONE', *, *, #4701, .T. ) ;
#4308 = AXIS2_PLACEMENT_3D ( 'NONE', #6689, #5497, #1677 ) ;
#4309 = AXIS2_PLACEMENT_3D ( 'NONE', #4653, #6705, #3465 ) ;
#4310 = CARTESIAN_POINT ( 'NONE',  ( 143.3792129390913601, -7.246009888461043325, 19.54815943710594794 ) ) ;
#4311 = AXIS2_PLACEMENT_3D ( 'NONE', #884, #2147, #1518 ) ;
#4312 = CARTESIAN_POINT ( 'NONE',  ( 5.500000000000000000, 7.299999999999999822, 11.50000000000000000 ) ) ;
#4313 = CARTESIAN_POINT ( 'NONE',  ( 110.1929953962747959, 19.98747038457119984, -6.004091400336680096 ) ) ;
#4314 = CARTESIAN_POINT ( 'NONE',  ( 126.8608371328115965, -0.4539522570571439819, -6.136842841153730355 ) ) ;
#4315 = CARTESIAN_POINT ( 'NONE',  ( 145.8530644921781061, 12.70455763033051433, 13.04944828238329180 ) ) ;
#4316 = ORIENTED_EDGE ( 'NONE', *, *, #5628, .T. ) ;
#4317 = CARTESIAN_POINT ( 'NONE',  ( 143.1588489250419798, 12.92249133446948051, -12.06883401124509980 ) ) ;
#4318 = CIRCLE ( 'NONE', #691, 2.500000000000000444 ) ;
#4319 = ORIENTED_EDGE ( 'NONE', *, *, #3336, .T. ) ;
#4320 = CARTESIAN_POINT ( 'NONE',  ( 109.4035642274810840, 0.2722378168892088390, -6.791328416090903097 ) ) ;
#4321 = CARTESIAN_POINT ( 'NONE',  ( 146.9526503818007654, 9.539544568843160377, -19.82318590585730078 ) ) ;
#4322 = CARTESIAN_POINT ( 'NONE',  ( 117.6952876782936244, 19.57790005303399639, -9.892869190101912125 ) ) ;
#4323 = VECTOR ( 'NONE', #1967, 1000.000000000000000 ) ;
#4324 = CARTESIAN_POINT ( 'NONE',  ( 112.5513943275472002, 0.1585229760157979839, -7.481283546191629164 ) ) ;
#4325 = ADVANCED_FACE ( 'NONE', ( #7939 ), #3550, .T. ) ;
#4326 = AXIS2_PLACEMENT_3D ( 'NONE', #1720, #4164, #5468 ) ;
#4327 = CARTESIAN_POINT ( 'NONE',  ( 109.4078090934276872, 19.73147688081189699, 6.677932640074422110 ) ) ;
#4328 = ORIENTED_EDGE ( 'NONE', *, *, #1645, .T. ) ;
#4329 = ORIENTED_EDGE ( 'NONE', *, *, #894, .T. ) ;
#4330 = LINE ( 'NONE', #1679, #5038 ) ;
#4331 = ORIENTED_EDGE ( 'NONE', *, *, #3972, .F. ) ;
#4332 =( BOUNDED_CURVE ( )  B_SPLINE_CURVE ( 3, ( #3144, #71, #1925, #3946, #618, #5878, #1381, #1250, #3223, #5796, #3184, #7689, #5751, #5159, #7641, #7728, #4539, #4497, #2639, #5204 ),
 .UNSPECIFIED., .F., .F. ) 
 B_SPLINE_CURVE_WITH_KNOTS ( ( 4, 2, 2, 2, 2, 2, 2, 2, 2, 4 ),
 ( 0.000000000000000000, 0.2514999206225368433, 0.5029998412450742418, 0.6287498015563423026, 0.7544997618676104745, 0.8173747420232453376, 0.8330934870621531374, 0.8488122321010626026, 0.8802497221788784243, 1.000000000000000000 ),
 .UNSPECIFIED. ) 
 CURVE ( )  GEOMETRIC_REPRESENTATION_ITEM ( )  RATIONAL_B_SPLINE_CURVE ( ( 1.000000000000000000, 1.000000000000477840, 0.9999999998410045166, 0.9999999992426350515, 0.9999999988034896647, 0.9999999979813305462, 0.9999999976788478406, 0.9999999970368244062, 0.9999999966979460364, 0.9999999961724117536, 0.9999999959943601802, 0.9999999957691694252, 0.9999999957239997794, 0.9999999956334215678, 0.9999999955866334389, 0.9999999954668827851, 0.9999999953867416691, 0.9999999950001362548, 0.9999999946903210812, 0.9999999943801046731 ) ) 
 REPRESENTATION_ITEM ( '' )  );
#4333 = LINE ( 'NONE', #7649, #7938 ) ;
#4334 = CARTESIAN_POINT ( 'NONE',  ( 3.000000000000000000, 0.6999999999999999556, 11.50000000000000000 ) ) ;
#4335 = CARTESIAN_POINT ( 'NONE',  ( 149.7093515827920100, 13.40000000000000036, 12.00000000000000000 ) ) ;
#4336 = B_SPLINE_SURFACE_WITH_KNOTS ( 'NONE', 3, 1, ( 
 ( #2536, #4563 ),
 ( #3251, #1274 ),
 ( #8251, #5011 ),
 ( #3123, #3167 ),
 ( #3842, #5093 ),
 ( #685, #7120 ) ),
 .UNSPECIFIED., .F., .F., .F.,
 ( 4, 1, 1, 4 ),
 ( 2, 2 ),
 ( 0.000000000000000000, 0.2404633496167064843, 0.6027396321894150644, 0.9940654583502910313 ),
 ( 0.000000000000000000, 1.000000000000000000 ),
 .UNSPECIFIED. ) ;
#4337 = CARTESIAN_POINT ( 'NONE',  ( 112.2469091463692052, 0.1222652618801910174, -7.280021096275659964 ) ) ;
#4338 = ORIENTED_EDGE ( 'NONE', *, *, #5562, .T. ) ;
#4339 = EDGE_CURVE ( 'NONE', #2034, #6933, #1210, .T. ) ;
#4340 = CALENDAR_DATE ( 2026, 3, 9 ) ;
#4341 = EDGE_CURVE ( 'NONE', #1630, #6299, #7935, .T. ) ;
#4342 = EDGE_LOOP ( 'NONE', ( #8015, #6059, #2854, #8125, #2986, #6601, #7755 ) ) ;
#4343 = CARTESIAN_POINT ( 'NONE',  ( 112.9994566441984034, 19.28314899720840003, 8.048690059065069846 ) ) ;
#4344 = DIRECTION ( 'NONE',  ( 0.000000000000000000, 1.000000000000000000, 0.000000000000000000 ) ) ;
#4345 = CIRCLE ( 'NONE', #2731, 1.000000000000000888 ) ;
#4346 = DIRECTION ( 'NONE',  ( 0.03262965486915155033, -0.9993969486382092704, -0.01187622312675261013 ) ) ;
#4347 = CARTESIAN_POINT ( 'NONE',  ( 113.4000119901292010, 18.89011469409170019, -8.278153100098899486 ) ) ;
#4348 = LINE ( 'NONE', #512, #2827 ) ;
#4349 = CALENDAR_DATE ( 2026, 3, 9 ) ;
#4350 = CARTESIAN_POINT ( 'NONE',  ( 142.3610153762722064, -6.139430967320349986, -18.61446909329350063 ) ) ;
#4351 = VERTEX_POINT ( 'NONE', #5607 ) ;
#4352 = CC_DESIGN_DATE_AND_TIME_ASSIGNMENT ( #1722, #1137, ( #7538 ) ) ;
#4353 = CARTESIAN_POINT ( 'NONE',  ( 3.000000000000000000, 1.000000000000000000, 0.000000000000000000 ) ) ;
#4354 = CARTESIAN_POINT ( 'NONE',  ( 109.9928864353765050, 0.3311750297130354737, 6.965996452228245595 ) ) ;
#4355 = FACE_OUTER_BOUND ( 'NONE', #2185, .T. ) ;
#4356 = ADVANCED_FACE ( 'NONE', ( #4355 ), #8050, .F. ) ;
#4357 = LINE ( 'NONE', #1111, #6476 ) ;
#4358 = CARTESIAN_POINT ( 'NONE',  ( 138.6348796380005979, 15.55953114915475233, 10.42224385003226672 ) ) ;
#4359 = ORIENTED_EDGE ( 'NONE', *, *, #7784, .T. ) ;
#4360 = CARTESIAN_POINT ( 'NONE',  ( 109.6174781541735967, 1.000000000000000000, -1.000000000000000000 ) ) ;
#4361 = VERTEX_POINT ( 'NONE', #1153 ) ;
#4362 = CARTESIAN_POINT ( 'NONE',  ( 111.2899086545550063, 0.06014573423001270264, 6.675693695589089316 ) ) ;
#4363 = AXIS2_PLACEMENT_3D ( 'NONE', #4067, #868, #5996 ) ;
#4364 = CARTESIAN_POINT ( 'NONE',  ( 148.3618554525791922, 10.02887871691467936, -13.96257351596145924 ) ) ;
#4365 = CARTESIAN_POINT ( 'NONE',  ( 110.9342061528932248, 19.94317531677568667, -6.563420210531440979 ) ) ;
#4366 = CARTESIAN_POINT ( 'NONE',  ( 132.0486866492699960, 16.74752384795214510, -15.28870458864744819 ) ) ;
#4367 = AXIS2_PLACEMENT_3D ( 'NONE', #6814, #7396, #1644 ) ;
#4368 = DIRECTION ( 'NONE',  ( 0.000000000000000000, 0.000000000000000000, -1.000000000000000000 ) ) ;
#4369 = DIRECTION ( 'NONE',  ( 0.000000000000000000, 1.000000000000000000, 0.000000000000000000 ) ) ;
#4370 = EDGE_CURVE ( 'NONE', #6977, #7123, #5527, .T. ) ;
#4371 = ORIENTED_EDGE ( 'NONE', *, *, #2073, .F. ) ;
#4372 = VERTEX_POINT ( 'NONE', #6285 ) ;
#4373 = DIRECTION ( 'NONE',  ( 8.659560562354951347E-17, 0.7071067811865460184, -0.7071067811865489050 ) ) ;
#4374 = ORIENTED_EDGE ( 'NONE', *, *, #7478, .T. ) ;
#4375 = CARTESIAN_POINT ( 'NONE',  ( 0.1494220505559167855, 17.62403853413977473, 2.063890948704993900 ) ) ;
#4376 = EDGE_CURVE ( 'NONE', #6299, #7102, #4928, .T. ) ;
#4377 = CARTESIAN_POINT ( 'NONE',  ( 111.0436218171676899, 19.92747314239916534, 6.645664273063302652 ) ) ;
#4378 = VECTOR ( 'NONE', #3398, 1000.000000000000000 ) ;
#4379 = B_SPLINE_CURVE_WITH_KNOTS ( 'NONE', 3,
 ( #2649, #1782, #437, #565, #1738, #3001, #4314, #6331, #4267, #4929, #6286, #7311, #521, #5020, #2191, #5608 ),
 .UNSPECIFIED., .F., .F.,
 ( 4, 2, 2, 2, 2, 2, 2, 4 ),
 ( 0.0001760889429417035045, 0.005534384564555959972, 0.01089268018617019912, 0.02160927142939869997, 0.02696756705101295559, 0.03232586267262724938, 0.03768415829424149460, 0.04304245391585574676 ),
 .UNSPECIFIED. ) ;
#4380 = CARTESIAN_POINT ( 'NONE',  ( 108.9326670591883328, 0.2037635547313128570, -6.629928634315225722 ) ) ;
#4381 = CARTESIAN_POINT ( 'NONE',  ( 146.6007660257469922, -8.047637791034109256, -20.75922938773445026 ) ) ;
#4382 = CARTESIAN_POINT ( 'NONE',  ( 85.00000000000000000, -5.000000000000000000, 6.000000000000000000 ) ) ;
#4383 = EDGE_LOOP ( 'NONE', ( #1156, #7304, #1320 ) ) ;
#4384 = DATE_AND_TIME ( #3158, #1304 ) ;
#4385 = EDGE_CURVE ( 'NONE', #5274, #3739, #7658, .T. ) ;
#4386 = EDGE_LOOP ( 'NONE', ( #7774, #3942, #4034, #775 ) ) ;
#4387 = CARTESIAN_POINT ( 'NONE',  ( 107.0853926465189971, 19.52760139026989705, 6.852309193250309960 ) ) ;
#4388 = DIRECTION ( 'NONE',  ( 0.000000000000000000, 1.000000000000000000, 0.000000000000000000 ) ) ;
#4389 = CARTESIAN_POINT ( 'NONE',  ( 109.6360297657335963, 20.00000000000000000, 1.000000000000000000 ) ) ;
#4390 = CARTESIAN_POINT ( 'NONE',  ( 5.499000000000000554, 20.00000000000000000, -9.501000000000001222 ) ) ;
#4391 = LOCAL_TIME ( 21, 5, 34.00000000000000000, #8154 ) ;
#4392 = CARTESIAN_POINT ( 'NONE',  ( 110.0085621166214196, 19.59177351555420898, -6.859189089194964950 ) ) ;
#4393 = DIRECTION ( 'NONE',  ( -0.7628774916261612526, 0.5838837619837620174, -0.2776646993441300726 ) ) ;
#4394 = DATE_AND_TIME ( #4261, #5903 ) ;
#4395 = CARTESIAN_POINT ( 'NONE',  ( 3.035766082959410049E-15, 3.000000000000000000, -3.000000000000000000 ) ) ;
#4396 = ORIENTED_EDGE ( 'NONE', *, *, #4290, .F. ) ;
#4397 = CARTESIAN_POINT ( 'NONE',  ( 0.000000000000000000, 20.00000000000000000, 0.000000000000000000 ) ) ;
#4398 = CARTESIAN_POINT ( 'NONE',  ( 116.2390673341180047, 0.3119240735625385397, 9.106857544900961443 ) ) ;
#4399 = CARTESIAN_POINT ( 'NONE',  ( 144.0697038691291993, -6.502850060019369494, 19.80773387031764798 ) ) ;
#4400 = DIRECTION ( 'NONE',  ( 1.000000000000000000, 0.000000000000000000, 0.000000000000000000 ) ) ;
#4401 = VERTEX_POINT ( 'NONE', #6797 ) ;
#4402 = DIRECTION ( 'NONE',  ( 0.000000000000000000, 1.000000000000000000, 0.000000000000000000 ) ) ;
#4403 = ORIENTED_EDGE ( 'NONE', *, *, #3203, .T. ) ;
#4404 = CARTESIAN_POINT ( 'NONE',  ( 107.5272590959716013, 0.1593894470092624971, 6.555870718474159808 ) ) ;
#4405 = EDGE_CURVE ( 'NONE', #7466, #3672, #6991, .T. ) ;
#4406 = DIRECTION ( 'NONE',  ( 0.000000000000000000, 0.000000000000000000, -1.000000000000000000 ) ) ;
#4407 = CARTESIAN_POINT ( 'NONE',  ( 80.00000000000000000, 3.061616997868384620E-15, 6.000000000000000000 ) ) ;
#4408 = CARTESIAN_POINT ( 'NONE',  ( 113.1940858218685975, 19.92691381355964708, -7.132016777850910039 ) ) ;
#4409 = PRODUCT ( 'BratV1 Stanga de la Raul', 'BratV1 Stanga de la Raul', '', ( #3614 ) ) ;
#4410 = CARTESIAN_POINT ( 'NONE',  ( 112.2387168951711658, 0.1141799275305479117, -7.270636085547860894 ) ) ;
#4411 = CARTESIAN_POINT ( 'NONE',  ( 109.9568590391947680, 19.14627868519723819, -7.023705936291301910 ) ) ;
#4412 = CIRCLE ( 'NONE', #5071, 0.9499999999999999556 ) ;
#4413 = ORIENTED_EDGE ( 'NONE', *, *, #6763, .T. ) ;
#4414 = ORIENTED_EDGE ( 'NONE', *, *, #2332, .F. ) ;
#4415 = CARTESIAN_POINT ( 'NONE',  ( 113.2437475485081961, 0.3587379658120805059, 8.007704605724910607 ) ) ;
#4416 = ORIENTED_EDGE ( 'NONE', *, *, #3222, .F. ) ;
#4417 = CARTESIAN_POINT ( 'NONE',  ( 5.499000000000000554, -7.810249675906650424, 9.501000000000001222 ) ) ;
#4418 = DIRECTION ( 'NONE',  ( 1.000000000000000000, 1.734723475976804876E-16, 0.000000000000000000 ) ) ;
#4419 = CARTESIAN_POINT ( 'NONE',  ( 110.9006528152953592, 0.2461691521262578397, -7.038041972268940683 ) ) ;
#4420 = CARTESIAN_POINT ( 'NONE',  ( 110.8812707886615243, 0.3043207549972785086, -7.125520977310844550 ) ) ;
#4421 = CARTESIAN_POINT ( 'NONE',  ( 112.4114980902215990, 0.1398404020901460043, -7.387627655453580466 ) ) ;
#4422 = ORIENTED_EDGE ( 'NONE', *, *, #4540, .T. ) ;
#4423 = SECURITY_CLASSIFICATION_LEVEL ( 'unclassified' ) ;
#4424 = ORIENTED_EDGE ( 'NONE', *, *, #2590, .T. ) ;
#4425 = CARTESIAN_POINT ( 'NONE',  ( 109.6174781541735967, 0.000000000000000000, 1.000000000000000000 ) ) ;
#4426 = APPLICATION_CONTEXT ( 'configuration controlled 3d designs of mechanical parts and assemblies' ) ;
#4427 = CARTESIAN_POINT ( 'NONE',  ( 113.4025997963563839, 18.88652285270470088, 8.279130362457289394 ) ) ;
#4428 = EDGE_CURVE ( 'NONE', #7102, #777, #1699, .T. ) ;
#4429 = DIRECTION ( 'NONE',  ( 0.000000000000000000, 0.000000000000000000, 1.000000000000000000 ) ) ;
#4430 = LOCAL_TIME ( 21, 5, 34.00000000000000000, #1660 ) ;
#4431 = CARTESIAN_POINT ( 'NONE',  ( 107.8264114977303905, 0.1183738699572536024, 6.471069865867599802 ) ) ;
#4432 = CARTESIAN_POINT ( 'NONE',  ( 150.0000000000000000, -10.00000000000000000, 14.55880937064809899 ) ) ;
#4433 = PERSON_AND_ORGANIZATION ( #5375, #6038 ) ;
#4434 = CARTESIAN_POINT ( 'NONE',  ( 3.035766082959410049E-15, 3.000000000000000000, -3.000000000000000000 ) ) ;
#4435 = ORIENTED_EDGE ( 'NONE', *, *, #2232, .F. ) ;
#4436 = AXIS2_PLACEMENT_3D ( 'NONE', #5519, #6826, #3036 ) ;
#4437 = CARTESIAN_POINT ( 'NONE',  ( 127.1618159291990082, -1.983403774175984902, 12.38554235455002051 ) ) ;
#4438 = CARTESIAN_POINT ( 'NONE',  ( 107.8191928093802119, 0.0006030513617851438997, 6.042273841640140475 ) ) ;
#4439 = VECTOR ( 'NONE', #1461, 1000.000000000000000 ) ;
#4440 = DIRECTION ( 'NONE',  ( 0.000000000000000000, 0.000000000000000000, 1.000000000000000000 ) ) ;
#4441 = CARTESIAN_POINT ( 'NONE',  ( 3.035766082959410049E-15, 17.26184658543300188, -2.607230121851674909 ) ) ;
#4442 = DIRECTION ( 'NONE',  ( 0.000000000000000000, -1.000000000000000000, 0.000000000000000000 ) ) ;
#4443 = VECTOR ( 'NONE', #6450, 1000.000000000000000 ) ;
#4444 = ORIENTED_EDGE ( 'NONE', *, *, #1417, .F. ) ;
#4445 = EDGE_CURVE ( 'NONE', #2303, #3637, #4854, .T. ) ;
#4446 = CARTESIAN_POINT ( 'NONE',  ( 109.0341661417500632, 19.93774156838447098, -6.339086324061378619 ) ) ;
#4447 = VECTOR ( 'NONE', #1100, 1000.000000000000000 ) ;
#4448 = ORIENTED_EDGE ( 'NONE', *, *, #4931, .T. ) ;
#4449 = CARTESIAN_POINT ( 'NONE',  ( 111.9835697350384009, 0.09894292096099439882, 7.110496954436129613 ) ) ;
#4450 = EDGE_CURVE ( 'NONE', #8077, #3919, #2917, .T. ) ;
#4451 = DIRECTION ( 'NONE',  ( -1.000000000000000000, 0.000000000000000000, 0.000000000000000000 ) ) ;
#4452 = AXIS2_PLACEMENT_3D ( 'NONE', #3526, #3565, #6133 ) ;
#4453 = CARTESIAN_POINT ( 'NONE',  ( 109.6501078090427939, 0.0006030513617909239983, 1.011876223126762175 ) ) ;
#4454 = CARTESIAN_POINT ( 'NONE',  ( 118.5040443995854673, 19.48783438910439614, -10.19690297015226044 ) ) ;
#4455 = CARTESIAN_POINT ( 'NONE',  ( 109.9991962003592221, 18.90577707465763879, -6.999999999999529265 ) ) ;
#4456 = CARTESIAN_POINT ( 'NONE',  ( 113.1443974971458175, 0.3137579735258211877, -7.927170944114979356 ) ) ;
#4457 = VERTEX_POINT ( 'NONE', #1109 ) ;
#4458 = AXIS2_PLACEMENT_3D ( 'NONE', #5565, #3488, #479 ) ;
#4459 = ORIENTED_EDGE ( 'NONE', *, *, #4515, .T. ) ;
#4460 = CARTESIAN_POINT ( 'NONE',  ( 110.2316599924822214, 0.6840554423654868765, 7.012652866509260008 ) ) ;
#4461 = ORIENTED_EDGE ( 'NONE', *, *, #2115, .T. ) ;
#4462 = CARTESIAN_POINT ( 'NONE',  ( 0.02743338835214727961, 2.593425988107808333, 2.729029463105922204 ) ) ;
#4463 = CARTESIAN_POINT ( 'NONE',  ( 106.3647230434517894, 0.9973943710621530068, -6.999996605343159928 ) ) ;
#4464 = AXIS2_PLACEMENT_3D ( 'NONE', #7160, #1568, #4050 ) ;
#4465 = CC_DESIGN_DATE_AND_TIME_ASSIGNMENT ( #2994, #1103, ( #798 ) ) ;
#4466 = CARTESIAN_POINT ( 'NONE',  ( 110.2032032250542528, 0.2470288831219567549, -6.875132658459503610 ) ) ;
#4467 = CARTESIAN_POINT ( 'NONE',  ( 111.7321567948424104, 0.2443295822920257820, -7.294659684222534857 ) ) ;
#4468 = CARTESIAN_POINT ( 'NONE',  ( 113.4936976621395956, 0.5963274410512220403, -8.248166869612349572 ) ) ;
#4469 = ORIENTED_EDGE ( 'NONE', *, *, #4977, .T. ) ;
#4470 = CALENDAR_DATE ( 2026, 3, 9 ) ;
#4471 = ORIENTED_EDGE ( 'NONE', *, *, #3856, .T. ) ;
#4472 = CARTESIAN_POINT ( 'NONE',  ( 109.9788008335647760, 18.99656058139624903, 7.010118294665282690 ) ) ;
#4473 = CARTESIAN_POINT ( 'NONE',  ( 3.000000000000000000, 0.000000000000000000, 7.000000000000000000 ) ) ;
#4474 = DIRECTION ( 'NONE',  ( 0.000000000000000000, 0.000000000000000000, 1.000000000000000000 ) ) ;
#4475 = CYLINDRICAL_SURFACE ( 'NONE', #3927, 2.498999999999999666 ) ;
#4476 = CARTESIAN_POINT ( 'NONE',  ( 2.129494899290921950, 19.49326369493774180, 6.879429171836065393 ) ) ;
#4477 = EDGE_CURVE ( 'NONE', #223, #2230, #3675, .T. ) ;
#4478 = APPROVAL_DATE_TIME ( #6323, #1830 ) ;
#4479 = DIRECTION ( 'NONE',  ( 0.000000000000000000, 1.000000000000000000, 0.000000000000000000 ) ) ;
#4480 = EDGE_LOOP ( 'NONE', ( #6492, #8282 ) ) ;
#4481 = EDGE_CURVE ( 'NONE', #6893, #5252, #6178, .T. ) ;
#4482 = AXIS2_PLACEMENT_3D ( 'NONE', #5230, #7793, #2042 ) ;
#4483 = CARTESIAN_POINT ( 'NONE',  ( 2.479904456292403303, 19.96777070399630105, 0.03222929600371983450 ) ) ;
#4484 = CARTESIAN_POINT ( 'NONE',  ( 0.000000000000000000, 22.00000000000000000, 0.000000000000000000 ) ) ;
#4485 = CARTESIAN_POINT ( 'NONE',  ( 145.3562642656281980, -7.236110627178689469, 20.29138712511985077 ) ) ;
#4486 = CYLINDRICAL_SURFACE ( 'NONE', #3114, 1.000000000000000000 ) ;
#4487 = CARTESIAN_POINT ( 'NONE',  ( 0.6269225563835301163, 1.775038133036546784, -1.162100372134863724 ) ) ;
#4488 = AXIS2_PLACEMENT_3D ( 'NONE', #2962, #8094, #6839 ) ;
#4489 = ORIENTED_EDGE ( 'NONE', *, *, #75, .F. ) ;
#4490 = CARTESIAN_POINT ( 'NONE',  ( 147.1494771536397934, -8.903110064257450773, 17.76662375899929813 ) ) ;
#4491 = VERTEX_POINT ( 'NONE', #3848 ) ;
#4492 = CARTESIAN_POINT ( 'NONE',  ( 112.2574489572523930, 0.1233199461867096197, 7.286868054418190077 ) ) ;
#4493 = EDGE_CURVE ( 'NONE', #6399, #7731, #6545, .T. ) ;
#4494 = CARTESIAN_POINT ( 'NONE',  ( 0.3786408315590474860, 1.489143067042953961, 1.992762044695335133 ) ) ;
#4495 = CARTESIAN_POINT ( 'NONE',  ( 0.000000000000000000, 19.75000000000000000, 0.000000000000000000 ) ) ;
#4496 = DIRECTION ( 'NONE',  ( 0.9392167804700469746, 0.03181982016604929797, -0.3418469516144320153 ) ) ;
#4497 = CARTESIAN_POINT ( 'NONE',  ( 112.4076045065222047, 0.1394153342383224192, 7.385076758468169800 ) ) ;
#4498 = CARTESIAN_POINT ( 'NONE',  ( 109.8535738694962021, 0.006956536058732440062, -1.010883019453814091 ) ) ;
#4499 = EDGE_CURVE ( 'NONE', #7143, #4263, #6458, .T. ) ;
#4500 = ORIENTED_EDGE ( 'NONE', *, *, #5052, .F. ) ;
#4501 = ORIENTED_EDGE ( 'NONE', *, *, #4477, .T. ) ;
#4502 = CARTESIAN_POINT ( 'NONE',  ( 113.4682475065265947, 0.5401141251088229511, 8.214387861917661127 ) ) ;
#4503 = EDGE_LOOP ( 'NONE', ( #2268, #1612, #7266, #1512 ) ) ;
#4504 = CARTESIAN_POINT ( 'NONE',  ( 0.7194935262153555611, 18.29969042519580924, 1.050222289105162243 ) ) ;
#4505 = CARTESIAN_POINT ( 'NONE',  ( 0.000000000000000000, 0.000000000000000000, 6.000000000000000000 ) ) ;
#4506 = DIRECTION ( 'NONE',  ( 0.000000000000000000, 0.000000000000000000, -1.000000000000000000 ) ) ;
#4507 = CARTESIAN_POINT ( 'NONE',  ( 108.9986077008459802, 0.3095678705895527072, -6.798893234032528099 ) ) ;
#4508 =( BOUNDED_SURFACE ( )  B_SPLINE_SURFACE ( 3, 2, ( 
 ( #7281, #7788, #3966 ),
 ( #891, #4680, #2825 ),
 ( #6019, #5390, #3416 ),
 ( #1357, #1400, #5267 ) ),
 .UNSPECIFIED., .F., .F., .F. ) 
 B_SPLINE_SURFACE_WITH_KNOTS ( ( 4, 4 ),
 ( 3, 3 ),
 ( 0.000000000000000000, 0.002373707868671449950 ),
 ( 0.000000000000000000, 0.4747873038353380148 ),
 .UNSPECIFIED. ) 
 GEOMETRIC_REPRESENTATION_ITEM ( )  RATIONAL_B_SPLINE_SURFACE ( (
 ( 1.000000000000000000, 0.8609380183279070620, 0.8539257633439990558),
 ( 1.000000000000000000, 0.8611250438418410758, 0.8541222196928489607),
 ( 1.000000000000000000, 0.8613551067917569748, 0.8543638836572740036),
 ( 1.000000000000000000, 0.8616290065995300118, 0.8546515949703130666) ) ) 
 REPRESENTATION_ITEM ( '' )  SURFACE ( )  );
#4509 = CARTESIAN_POINT ( 'NONE',  ( 113.5076652204651992, 0.6545925981831538509, -8.274468302832159949 ) ) ;
#4510 = ORIENTED_EDGE ( 'NONE', *, *, #2835, .F. ) ;
#4511 = COORDINATED_UNIVERSAL_TIME_OFFSET ( 2, 0, .AHEAD. ) ;
#4512 = ORIENTED_EDGE ( 'NONE', *, *, #4227, .T. ) ;
#4513 = CIRCLE ( 'NONE', #5570, 4.999999999999997335 ) ;
#4514 = CARTESIAN_POINT ( 'NONE',  ( 107.7976269828429992, 0.2155315424312604922, -6.620168718237009919 ) ) ;
#4515 = EDGE_CURVE ( 'NONE', #2623, #4557, #7259, .T. ) ;
#4516 = CARTESIAN_POINT ( 'NONE',  ( 133.4868876759969680, 15.95761024346704993, 8.548528009616658707 ) ) ;
#4517 = CARTESIAN_POINT ( 'NONE',  ( 5.499000000000000554, 19.75000000000000000, 9.501000000000001222 ) ) ;
#4518 = CARTESIAN_POINT ( 'NONE',  ( 109.4187722011664050, 0.2295466016749745097, 6.711454251941200155 ) ) ;
#4519 = AXIS2_PLACEMENT_3D ( 'NONE', #2428, #5664, #3054 ) ;
#4520 = DIRECTION ( 'NONE',  ( 1.224646799147353454E-16, 0.000000000000000000, -1.000000000000000000 ) ) ;
#4521 = DATE_AND_TIME ( #1951, #4160 ) ;
#4522 = B_SPLINE_CURVE_WITH_KNOTS ( 'NONE', 3,
 ( #4625, #7975, #2137, #2216, #782, #1459, #4662 ),
 .UNSPECIFIED., .F., .F.,
 ( 4, 3, 4 ),
 ( 5.295880929093769423E-17, 0.002000000000080969995, 0.004989603678288699953 ),
 .UNSPECIFIED. ) ;
#4523 = CARTESIAN_POINT ( 'NONE',  ( 3.000000000000000000, 4.336808689942014778E-16, -1.000000000000000000 ) ) ;
#4524 = ORIENTED_EDGE ( 'NONE', *, *, #7129, .F. ) ;
#4525 = CARTESIAN_POINT ( 'NONE',  ( 1.496547972348960087, 18.73566319573160044, 0.3965052064026104994 ) ) ;
#4526 = CARTESIAN_POINT ( 'NONE',  ( 144.2160505931822172, -6.139430967320349986, 13.51780172254069967 ) ) ;
#4527 = APPROVAL_PERSON_ORGANIZATION ( #5352, #6674, #765 ) ;
#4528 = PLANE ( 'NONE',  #1217 ) ;
#4529 = FACE_OUTER_BOUND ( 'NONE', #3481, .T. ) ;
#4530 = CARTESIAN_POINT ( 'NONE',  ( 3.000000000000000000, 7.299999999999999822, 14.00000000000000000 ) ) ;
#4531 = ORIENTED_EDGE ( 'NONE', *, *, #3084, .T. ) ;
#4532 = LINE ( 'NONE', #1197, #6769 ) ;
#4533 = APPROVAL_PERSON_ORGANIZATION ( #7284, #3681, #6660 ) ;
#4534 = ORIENTED_EDGE ( 'NONE', *, *, #3667, .F. ) ;
#4535 = CARTESIAN_POINT ( 'NONE',  ( 107.9230939281925998, 0.1104859877595903983, 6.450047028316640230 ) ) ;
#4536 = CARTESIAN_POINT ( 'NONE',  ( 149.0637981458834247, -8.070130742568871085, 17.04918903144019637 ) ) ;
#4537 = CARTESIAN_POINT ( 'NONE',  ( 8.000000000000000000, 6.599999999999999645, 9.501000000000001222 ) ) ;
#4538 = DIRECTION ( 'NONE',  ( 0.000000000000000000, 0.000000000000000000, -1.000000000000000000 ) ) ;
#4539 = CARTESIAN_POINT ( 'NONE',  ( 112.3095293327538116, 0.1286995897712535364, 7.320805968196180125 ) ) ;
#4540 = EDGE_CURVE ( 'NONE', #873, #2713, #2003, .T. ) ;
#4541 = CARTESIAN_POINT ( 'NONE',  ( 112.4326939608694147, 19.57229531509560161, -7.665341478016409305 ) ) ;
#4542 = EDGE_CURVE ( 'NONE', #3552, #6546, #7523, .T. ) ;
#4543 = ORIENTED_EDGE ( 'NONE', *, *, #3998, .F. ) ;
#4544 = ORIENTED_EDGE ( 'NONE', *, *, #5097, .T. ) ;
#4545 = CARTESIAN_POINT ( 'NONE',  ( 109.9998163342939108, 0.9721988862520547503, 6.999930955035991609 ) ) ;
#4546 = ORIENTED_EDGE ( 'NONE', *, *, #7924, .T. ) ;
#4547 = FACE_OUTER_BOUND ( 'NONE', #6589, .T. ) ;
#4548 = CARTESIAN_POINT ( 'NONE',  ( 110.0210094787811528, 19.65061396216859535, 6.808987453900394726 ) ) ;
#4549 = CIRCLE ( 'NONE', #502, 0.2500000000000002220 ) ;
#4550 = CYLINDRICAL_SURFACE ( 'NONE', #8126, 1.000000000000000888 ) ;
#4551 = DIRECTION ( 'NONE',  ( -0.3420201433257143431, 1.734723475976814983E-14, -0.9396926207858917746 ) ) ;
#4552 = CARTESIAN_POINT ( 'NONE',  ( 127.6211409979478049, -1.143565211727036068, -13.62426903562126057 ) ) ;
#4553 = CARTESIAN_POINT ( 'NONE',  ( 107.7632969587390050, 0.1254792596251338155, -6.487899235671079623 ) ) ;
#4554 = ORIENTED_EDGE ( 'NONE', *, *, #6169, .T. ) ;
#4555 = APPROVAL_DATE_TIME ( #6440, #1376 ) ;
#4556 = CIRCLE ( 'NONE', #1044, 1.199999999999999956 ) ;
#4557 = VERTEX_POINT ( 'NONE', #1957 ) ;
#4558 = EDGE_CURVE ( 'NONE', #4620, #6454, #2421, .T. ) ;
#4559 = CARTESIAN_POINT ( 'NONE',  ( 109.9998163342943940, 0.9721988862522457087, -6.999930955035983615 ) ) ;
#4560 = DIRECTION ( 'NONE',  ( 0.000000000000000000, 0.000000000000000000, -1.000000000000000000 ) ) ;
#4561 = CARTESIAN_POINT ( 'NONE',  ( 5.499000000000000554, 19.75000000000000000, -9.501000000000001222 ) ) ;
#4562 = CARTESIAN_POINT ( 'NONE',  ( 109.3895992746130048, 0.3290194716977440370, 6.862141704954320076 ) ) ;
#4563 = CARTESIAN_POINT ( 'NONE',  ( 109.6579798566741886, 20.00000000000000000, -0.9396926207858429247 ) ) ;
#4564 = MECHANICAL_CONTEXT ( 'NONE', #2013, 'mechanical' ) ;
#4565 = CARTESIAN_POINT ( 'NONE',  ( 2.803648237606790161, 1.000000000004059864, -2.633728631076509817E-16 ) ) ;
#4566 = ORIENTED_EDGE ( 'NONE', *, *, #619, .F. ) ;
#4568 = AXIS2_PLACEMENT_3D ( 'NONE', #7177, #4496, #7851 ) ;
#4567 = B_SPLINE_CURVE_WITH_KNOTS ( 'NONE', 3,
 ( #5862, #4013, #1319, #3885, #3253, #5823 ),
 .UNSPECIFIED., .F., .F.,
 ( 4, 2, 4 ),
 ( 4.298965145078903550E-16, 0.0007527434974304778297, 0.001505486994860525882 ),
 .UNSPECIFIED. ) ;
#4569 = CARTESIAN_POINT ( 'NONE',  ( 0.3786408315593344787, 18.51085693295774703, 1.992762044695335133 ) ) ;
#4570 = CARTESIAN_POINT ( 'NONE',  ( 147.4992961041500337, 10.35292779324920076, 20.02214867748134708 ) ) ;
#4571 = APPROVAL ( #8043, 'UNSPECIFIED' ) ;
#4572 = CARTESIAN_POINT ( 'NONE',  ( 8.000000000000000000, 0.000000000000000000, -6.000000000000000000 ) ) ;
#4573 = CARTESIAN_POINT ( 'NONE',  ( 1.170030629533429956, 18.59021525347860049, -0.6146771197821209176 ) ) ;
#4574 = CARTESIAN_POINT ( 'NONE',  ( 0.04517654503550377204, 2.654152562754248823, -2.481220285131254588 ) ) ;
#4575 = ORIENTED_EDGE ( 'NONE', *, *, #1884, .T. ) ;
#4576 = CARTESIAN_POINT ( 'NONE',  ( 110.0000000000000000, 0.000000000000000000, 1.000000000000000000 ) ) ;
#4577 = APPROVAL_PERSON_ORGANIZATION ( #725, #8148, #5776 ) ;
#4578 = ORIENTED_EDGE ( 'NONE', *, *, #6234, .F. ) ;
#4579 = FACE_OUTER_BOUND ( 'NONE', #5443, .T. ) ;
#4580 = LINE ( 'NONE', #7138, #1787 ) ;
#4581 = CARTESIAN_POINT ( 'NONE',  ( 148.7083515827920053, -8.081274705556749538, 15.15286556612324809 ) ) ;
#4582 = CARTESIAN_POINT ( 'NONE',  ( 1.707106781187665234, 19.70710678118708259, 6.707106781186760180 ) ) ;
#4583 = AXIS2_PLACEMENT_3D ( 'NONE', #2505, #5060, #7633 ) ;
#4584 = CARTESIAN_POINT ( 'NONE',  ( 113.4300577061531499, 0.4927482899285543505, -8.174402498139306417 ) ) ;
#4585 = VERTEX_POINT ( 'NONE', #5784 ) ;
#4586 = CIRCLE ( 'NONE', #3500, 0.9999999999999991118 ) ;
#4587 = EDGE_LOOP ( 'NONE', ( #7913, #203 ) ) ;
#4588 = CARTESIAN_POINT ( 'NONE',  ( 141.7597864655298849, 13.69198078187191570, 17.86677763894790516 ) ) ;
#4589 = VERTEX_POINT ( 'NONE', #2502 ) ;
#4590 = CARTESIAN_POINT ( 'NONE',  ( 0.8625208021347005038, 18.40337733524416919, 0.8949310202652187574 ) ) ;
#4591 = B_SPLINE_CURVE_WITH_KNOTS ( 'NONE', 3,
 ( #5430, #7322, #4761, #3967, #133, #2157 ),
 .UNSPECIFIED., .F., .F.,
 ( 4, 2, 4 ),
 ( -1.095446141998064966E-05, 0.0007476109544463803349, 0.001506176370312741321 ),
 .UNSPECIFIED. ) ;
#4592 = CARTESIAN_POINT ( 'NONE',  ( 111.0423828738232004, 19.92610197482759915, 6.644520109251799589 ) ) ;
#4593 = EDGE_CURVE ( 'NONE', #7442, #3832, #8298, .T. ) ;
#4594 = CARTESIAN_POINT ( 'NONE',  ( 126.7449347125614025, 18.48064933621990136, 7.158835582565989952 ) ) ;
#4595 = AXIS2_PLACEMENT_3D ( 'NONE', #7989, #5425, #2266 ) ;
#4596 = CARTESIAN_POINT ( 'NONE',  ( 129.1047808192854234, 16.47290314117980259, 14.18200983853784081 ) ) ;
#4597 = CARTESIAN_POINT ( 'NONE',  ( 109.8236730192914052, 18.99993126322744885, -1.000000000000000000 ) ) ;
#4598 = CARTESIAN_POINT ( 'NONE',  ( 1.707106781187665234, 19.70710678118708259, -6.707106781186760180 ) ) ;
#4599 = ORIENTED_EDGE ( 'NONE', *, *, #1709, .T. ) ;
#4600 = CIRCLE ( 'NONE', #8070, 0.9999999999999953371 ) ;
#4601 = EDGE_LOOP ( 'NONE', ( #547, #6783, #6509, #2691 ) ) ;
#4602 = CARTESIAN_POINT ( 'NONE',  ( 110.0000000000000284, 1.000000000000001110, -6.999999999999998224 ) ) ;
#4603 = CARTESIAN_POINT ( 'NONE',  ( 118.4582331284045864, -0.2478815998223936057, -3.078545093234356322 ) ) ;
#4604 = ADVANCED_FACE ( 'NONE', ( #3132 ), #1283, .F. ) ;
#4605 = CARTESIAN_POINT ( 'NONE',  ( 0.6342058179246286009, 19.19469759603799019, 6.194697596037999965 ) ) ;
#4606 = AXIS2_PLACEMENT_3D ( 'NONE', #7802, #8259, #3259 ) ;
#4607 = CARTESIAN_POINT ( 'NONE',  ( 3.000000000000000000, 1.000000000000000000, -6.000000000000000000 ) ) ;
#4608 = DIRECTION ( 'NONE',  ( 0.000000000000000000, 1.000000000000000000, 0.000000000000000000 ) ) ;
#4609 = ADVANCED_FACE ( 'NONE', ( #22, #1368 ), #4528, .F. ) ;
#4610 = APPROVAL_DATE_TIME ( #4521, #2817 ) ;
#4611 = CARTESIAN_POINT ( 'NONE',  ( 1.496547972348960087, 0.3965052064026104994, -1.264336804268406000 ) ) ;
#4612 = EDGE_LOOP ( 'NONE', ( #4231, #5362, #4534, #4043 ) ) ;
#4613 = DIRECTION ( 'NONE',  ( 0.000000000000000000, -1.000000000000000000, 0.000000000000000000 ) ) ;
#4614 = CARTESIAN_POINT ( 'NONE',  ( 130.2602214487050674, -2.706676382932036162, 13.55056972047552222 ) ) ;
#4615 = CARTESIAN_POINT ( 'NONE',  ( 145.7129606827799648, -7.189016121338540621, 12.99845466605183830 ) ) ;
#4616 = CARTESIAN_POINT ( 'NONE',  ( 109.9998163342943940, 0.9721988862522121799, 6.999930955035983615 ) ) ;
#4617 = CARTESIAN_POINT ( 'NONE',  ( 0.3962374508095913850, 1.997704694209953669, -1.495963357965129026 ) ) ;
#4618 = ORIENTED_EDGE ( 'NONE', *, *, #157, .F. ) ;
#4619 = CARTESIAN_POINT ( 'NONE',  ( 5.499000000000000554, 20.00000000000000000, 10.75099999999999945 ) ) ;
#4620 = VERTEX_POINT ( 'NONE', #8258 ) ;
#4621 = CIRCLE ( 'NONE', #1656, 4.000000000000003553 ) ;
#4622 = CARTESIAN_POINT ( 'NONE',  ( 148.7083515827920053, 9.501908822039640157, 15.15286556612324809 ) ) ;
#4623 = PLANE ( 'NONE',  #5214 ) ;
#4624 = ADVANCED_FACE ( 'NONE', ( #2543 ), #7676, .T. ) ;
#4625 = CARTESIAN_POINT ( 'NONE',  ( 149.2570228453243999, 10.31374609175085943, 15.35256557408235167 ) ) ;
#4626 = CARTESIAN_POINT ( 'NONE',  ( 5.499000000000000554, -7.810249675906650424, -12.00000000000000000 ) ) ;
#4627 = CIRCLE ( 'NONE', #449, 0.2500000000000000000 ) ;
#4628 = CARTESIAN_POINT ( 'NONE',  ( 107.8161785944026008, 19.73900687360029949, -6.673697885384509476 ) ) ;
#4629 = ORIENTED_EDGE ( 'NONE', *, *, #4024, .T. ) ;
#4630 = ORIENTED_EDGE ( 'NONE', *, *, #1813, .T. ) ;
#4631 = FACE_OUTER_BOUND ( 'NONE', #2632, .T. ) ;
#4632 = ORIENTED_EDGE ( 'NONE', *, *, #2620, .T. ) ;
#4633 = CARTESIAN_POINT ( 'NONE',  ( 0.3962374507845124461, 1.495963358008544519, 1.997704694233534362 ) ) ;
#4634 = DIRECTION ( 'NONE',  ( -1.000000000000000000, 0.000000000000000000, 4.954937092193129892E-16 ) ) ;
#4635 = DIRECTION ( 'NONE',  ( -0.02990262109231477811, 0.9995528166394258562, 0.000000000000000000 ) ) ;
#4636 = EDGE_CURVE ( 'NONE', #4372, #6559, #2167, .T. ) ;
#4637 = CARTESIAN_POINT ( 'NONE',  ( 109.8236730192914052, 18.99993126322744885, -1.000000000000000000 ) ) ;
#4638 = CARTESIAN_POINT ( 'NONE',  ( 107.7976269828425870, 1.000000000000000000, 6.000000000000000000 ) ) ;
#4639 = CARTESIAN_POINT ( 'NONE',  ( 113.2136612916011984, 0.3438960798054565005, -7.982888372866580262 ) ) ;
#4640 = EDGE_CURVE ( 'NONE', #3189, #2778, #2427, .T. ) ;
#4641 = ORIENTED_EDGE ( 'NONE', *, *, #7021, .F. ) ;
#4642 = CARTESIAN_POINT ( 'NONE',  ( 131.5600996335269883, -2.539357305244242191, -7.847234514412061657 ) ) ;
#4643 = FACE_OUTER_BOUND ( 'NONE', #1741, .T. ) ;
#4644 = CARTESIAN_POINT ( 'NONE',  ( 110.0000000000000000, 0.000000000000000000, 6.000000000000000000 ) ) ;
#4645 = EDGE_CURVE ( 'NONE', #7549, #878, #3423, .T. ) ;
#4646 = CARTESIAN_POINT ( 'NONE',  ( 5.500000000000000000, 7.299999999999999822, 10.49999999999999822 ) ) ;
#4647 = APPROVAL_DATE_TIME ( #6622, #6674 ) ;
#4648 = AXIS2_PLACEMENT_3D ( 'NONE', #2009, #6510, #7136 ) ;
#4649 = PLANE ( 'NONE',  #1926 ) ;
#4650 = VERTEX_POINT ( 'NONE', #4690 ) ;
#4651 = FACE_OUTER_BOUND ( 'NONE', #2121, .T. ) ;
#4652 = CARTESIAN_POINT ( 'NONE',  ( 132.4008736142559997, 16.74507264862305078, 14.35007933772029887 ) ) ;
#4653 = CARTESIAN_POINT ( 'NONE',  ( 110.0000000000000000, 0.000000000000000000, 0.000000000000000000 ) ) ;
#4654 = CARTESIAN_POINT ( 'NONE',  ( 110.1929953962775954, 19.98747038457115011, -6.004091400337808970 ) ) ;
#4655 = DIRECTION ( 'NONE',  ( -4.954937092193129892E-16, 0.000000000000000000, 1.000000000000000000 ) ) ;
#4656 = ORIENTED_EDGE ( 'NONE', *, *, #6362, .F. ) ;
#4657 = CARTESIAN_POINT ( 'NONE',  ( 147.6447310595339957, 10.51517873611856047, -13.70156158262682133 ) ) ;
#4658 = VERTEX_POINT ( 'NONE', #7207 ) ;
#4659 = CARTESIAN_POINT ( 'NONE',  ( 109.8244100512911956, 19.99993095563820233, -1.000268257709596043 ) ) ;
#4660 = ADVANCED_FACE ( 'NONE', ( #1449, #2208 ), #4769, .F. ) ;
#4661 = CARTESIAN_POINT ( 'NONE',  ( 106.8108681113822342, 0.4943070659474679274, 6.865946519691364713 ) ) ;
#4662 = CARTESIAN_POINT ( 'NONE',  ( 147.4992961041500337, 10.35292779324920076, 20.02214867748134708 ) ) ;
#4663 = CARTESIAN_POINT ( 'NONE',  ( 110.0000000000000000, 20.00000000000000000, -1.000000000000000000 ) ) ;
#4664 = CARTESIAN_POINT ( 'NONE',  ( 108.5398957355577210, 0.07323752941602643118, -6.321551631865736098 ) ) ;
#4665 = ORIENTED_EDGE ( 'NONE', *, *, #663, .T. ) ;
#4666 = SECURITY_CLASSIFICATION ( '', '', #221 ) ;
#4667 = EDGE_LOOP ( 'NONE', ( #3512, #7234 ) ) ;
#4668 = CARTESIAN_POINT ( 'NONE',  ( 140.2279390143833950, 14.32471323417171405, 17.29134667305687145 ) ) ;
#4669 = ORIENTED_EDGE ( 'NONE', *, *, #3936, .T. ) ;
#4670 = CARTESIAN_POINT ( 'NONE',  ( 0.09406224877359783965, 2.248380074705658593, 2.498964065842374183 ) ) ;
#4671 = CARTESIAN_POINT ( 'NONE',  ( 110.1561089892504413, 19.97523360075461696, 6.195535176542056099 ) ) ;
#4672 = B_SPLINE_CURVE_WITH_KNOTS ( 'NONE', 3,
 ( #1060, #7374, #7295, #4220, #7336, #432 ),
 .UNSPECIFIED., .F., .F.,
 ( 4, 2, 4 ),
 ( 4.784858239498379161E-17, 0.0007527434974303638801, 0.001505486994860680055 ),
 .UNSPECIFIED. ) ;
#4673 = DIRECTION ( 'NONE',  ( 0.000000000000000000, 0.000000000000000000, 1.000000000000000000 ) ) ;
#4674 = DIRECTION ( 'NONE',  ( -1.000000000000000000, 0.000000000000000000, 0.000000000000000000 ) ) ;
#4675 = DIRECTION ( 'NONE',  ( -1.000000000000000000, 0.000000000000000000, 4.954937092193129892E-16 ) ) ;
#4676 = CARTESIAN_POINT ( 'NONE',  ( 112.1270318274520008, 19.68276276979590023, -7.447327796514370490 ) ) ;
#4677 = VERTEX_POINT ( 'NONE', #7331 ) ;
#4678 = CARTESIAN_POINT ( 'NONE',  ( 109.9999999999852065, 0.9907312614960023245, -6.999999999994885869 ) ) ;
#4679 = CARTESIAN_POINT ( 'NONE',  ( 131.2180794901779848, -2.539357305357685224, -8.786927135194039451 ) ) ;
#4680 = CARTESIAN_POINT ( 'NONE',  ( 108.6126446866057620, 19.99956560792239202, -6.390765015398246263 ) ) ;
#4681 = CARTESIAN_POINT ( 'NONE',  ( 0.2080419764764747104, 18.09773404010991982, -2.268177328265578829 ) ) ;
#4682 = AXIS2_PLACEMENT_3D ( 'NONE', #1151, #3715, #518 ) ;
#4683 = COORDINATED_UNIVERSAL_TIME_OFFSET ( 2, 0, .AHEAD. ) ;
#4684 = CARTESIAN_POINT ( 'NONE',  ( 1.670546387488949902, 0.3035011159708014827, -1.202334077313879979 ) ) ;
#4685 = ORIENTED_EDGE ( 'NONE', *, *, #2113, .T. ) ;
#4686 = DIRECTION ( 'NONE',  ( 0.000000000000000000, 0.000000000000000000, 1.000000000000000000 ) ) ;
#4687 = CARTESIAN_POINT ( 'NONE',  ( 148.7873186094453786, 10.32424018412980082, -16.60038189984980406 ) ) ;
#4688 = EDGE_CURVE ( 'NONE', #3018, #6645, #6600, .T. ) ;
#4689 = CARTESIAN_POINT ( 'NONE',  ( 122.5373951735553675, 18.96308736944355289, 11.71314988313169714 ) ) ;
#4690 = CARTESIAN_POINT ( 'NONE',  ( 5.499000000000000554, 13.40000000000000036, 10.50099999999999945 ) ) ;
#4691 = CARTESIAN_POINT ( 'NONE',  ( 109.8236730192735990, 1.006450157370809784, -1.000000000000000000 ) ) ;
#4692 = LINE ( 'NONE', #2127, #2033 ) ;
#4693 = ORIENTED_EDGE ( 'NONE', *, *, #4227, .F. ) ;
#4694 = CARTESIAN_POINT ( 'NONE',  ( 145.4371913529803919, 11.80742983496702081, -12.89808283848055837 ) ) ;
#4695 = EDGE_LOOP ( 'NONE', ( #97, #5210, #5700, #977 ) ) ;
#4696 = FACE_BOUND ( 'NONE', #7173, .T. ) ;
#4697 = FACE_OUTER_BOUND ( 'NONE', #7643, .T. ) ;
#4698 = CARTESIAN_POINT ( 'NONE',  ( 112.2801796751902828, 0.1897466354789390797, 7.416788654478773779 ) ) ;
#4699 = CARTESIAN_POINT ( 'NONE',  ( 3.000000000000000000, 20.00000000000000000, 9.501000000000001222 ) ) ;
#4700 = CARTESIAN_POINT ( 'NONE',  ( 3.000000000000000000, 0.6999999999999999556, 6.000000000000000000 ) ) ;
#4701 = EDGE_CURVE ( 'NONE', #2387, #500, #2084, .T. ) ;
#4702 = LOCAL_TIME ( 21, 5, 34.00000000000000000, #7540 ) ;
#4703 =( BOUNDED_SURFACE ( )  B_SPLINE_SURFACE ( 3, 2, ( 
 ( #7756, #142, #5737 ),
 ( #769, #1408, #2001 ),
 ( #3933, #7125, #58 ),
 ( #4569, #6502, #3973 ),
 ( #729, #3294, #5865 ),
 ( #6412, #6537, #2705 ),
 ( #1323, #2624, #98 ),
 ( #690, #5145, #4525 ),
 ( #2665, #1446, #5233 ),
 ( #7042, #2044, #3333 ),
 ( #5275, #7204, #7084 ),
 ( #3888, #4483, #6578 ),
 ( #4016, #813, #8296 ),
 ( #2540, #6456, #5099 ) ),
 .UNSPECIFIED., .F., .F., .F. ) 
 B_SPLINE_SURFACE_WITH_KNOTS ( ( 4, 2, 2, 2, 2, 2, 4 ),
 ( 3, 3 ),
 ( 1.570796326794895004, 1.963495408493620031, 2.356194490192344837, 2.552544031041704908, 2.748893571891069865, 2.945243112740429936, 3.141592653589795336 ),
 ( 0.000000000000000000, 1.000000000000000000 ),
 .UNSPECIFIED. ) 
 GEOMETRIC_REPRESENTATION_ITEM ( )  RATIONAL_B_SPLINE_SURFACE ( (
 ( 1.000000000000000000, 1.000000000000000000, 1.000000000000000000),
 ( 1.000000000000000000, 1.000158582174064170, 1.000000000000000000),
 ( 1.000000000000000000, 0.9867291873849279860, 1.000000000000000000),
 ( 1.000000000000000000, 0.9386556523773840199, 1.000000000000000000),
 ( 1.000000000000000000, 0.9038128866905680292, 1.000000000000000000),
 ( 1.000000000000000000, 0.8471316623313740468, 1.000000000000000000),
 ( 1.000000000000000000, 0.8275942669551149544, 1.000000000000000000),
 ( 1.000000000000000000, 0.7902180112882279950, 1.000000000000000000),
 ( 1.000000000000000000, 0.7723968187713090572, 1.000000000000000000),
 ( 1.000000000000000000, 0.7418334209258949929, 1.000000000000000000),
 ( 1.000000000000000000, 0.7291288917604099584, 1.000000000000000000),
 ( 1.000000000000000000, 0.7117460047829069492, 1.000000000000000000),
 ( 1.000000000000000000, 0.7070717266846630045, 1.000000000000000000),
 ( 1.000000000000000000, 0.7071067811865480168, 1.000000000000000000) ) ) 
 REPRESENTATION_ITEM ( '' )  SURFACE ( )  );
#4704 = ORIENTED_EDGE ( 'NONE', *, *, #4213, .F. ) ;
#4705 = ADVANCED_FACE ( 'NONE', ( #7927 ), #516, .T. ) ;
#4706 = CARTESIAN_POINT ( 'NONE',  ( 109.7616366378922095, 19.99997724607450067, 1.000177271887628283 ) ) ;
#4707 = EDGE_LOOP ( 'NONE', ( #4915, #7057, #1622, #1767 ) ) ;
#4708 = FACE_OUTER_BOUND ( 'NONE', #5602, .T. ) ;
#4709 = CARTESIAN_POINT ( 'NONE',  ( 109.7739456908690130, 19.98564999292739941, 6.126471963934120524 ) ) ;
#4710 = VECTOR ( 'NONE', #7539, 1000.000000000000000 ) ;
#4711 = CARTESIAN_POINT ( 'NONE',  ( 66.25000000000000000, -24.29753166064964631, 0.000000000000000000 ) ) ;
#4712 = VECTOR ( 'NONE', #7055, 1000.000000000000000 ) ;
#4713 = CARTESIAN_POINT ( 'NONE',  ( 110.0000000000000000, -10.00000000000000000, -7.000000000000000000 ) ) ;
#4714 = VECTOR ( 'NONE', #2392, 1000.000000000000000 ) ;
#4715 = CARTESIAN_POINT ( 'NONE',  ( 106.3649126752529952, 18.92435079292104660, 7.000000000000000000 ) ) ;
#4716 = DIRECTION ( 'NONE',  ( 0.6071062792351035187, 0.7946206426423294555, -1.040834085586084414E-14 ) ) ;
#4717 = ORIENTED_EDGE ( 'NONE', *, *, #1761, .F. ) ;
#4718 = AXIS2_PLACEMENT_3D ( 'NONE', #7707, #1991, #1947 ) ;
#4719 = CC_DESIGN_PERSON_AND_ORGANIZATION_ASSIGNMENT ( #7079, #6499, ( #7697 ) ) ;
#4720 = CARTESIAN_POINT ( 'NONE',  ( 107.3371803686011958, 19.61192392988494859, 6.791673954991950701 ) ) ;
#4721 = CIRCLE ( 'NONE', #1219, 1.000000000000000888 ) ;
#4722 = CARTESIAN_POINT ( 'NONE',  ( 126.8487596551038052, -0.4515415263369079724, -6.132446998763049884 ) ) ;
#4723 = CARTESIAN_POINT ( 'NONE',  ( 0.04764093688045915875, 17.53254384652645470, -2.644972268789857139 ) ) ;
#4724 = CARTESIAN_POINT ( 'NONE',  ( 148.7083515827920053, -8.081274705556749538, -15.15286556612324809 ) ) ;
#4725 = CALENDAR_DATE ( 2026, 3, 9 ) ;
#4726 = DIRECTION ( 'NONE',  ( 0.000000000000000000, 1.000000000000000000, 0.000000000000000000 ) ) ;
#4727 = ORIENTED_EDGE ( 'NONE', *, *, #5229, .T. ) ;
#4728 = DIRECTION ( 'NONE',  ( 0.000000000000000000, 0.000000000000000000, -1.000000000000000000 ) ) ;
#4729 = VECTOR ( 'NONE', #7438, 1000.000000000000000 ) ;
#4730 = CARTESIAN_POINT ( 'NONE',  ( 140.8676042646561370, -5.898692061478699067, 17.53964610172235439 ) ) ;
#4731 = CARTESIAN_POINT ( 'NONE',  ( 140.8400101496116008, -5.254659816469030353, 12.28902349140729910 ) ) ;
#4732 = EDGE_CURVE ( 'NONE', #4457, #2259, #8081, .T. ) ;
#4733 = CARTESIAN_POINT ( 'NONE',  ( 110.1007955422423237, 19.89411654134607943, -6.461296627110435509 ) ) ;
#4734 = CARTESIAN_POINT ( 'NONE',  ( 1.670546387488949902, 1.202334077313879979, 0.3035011159708014827 ) ) ;
#4735 = DIRECTION ( 'NONE',  ( 0.000000000000000000, 0.000000000000000000, 1.000000000000000000 ) ) ;
#4736 = EDGE_CURVE ( 'NONE', #2933, #8263, #2565, .T. ) ;
#4737 = CARTESIAN_POINT ( 'NONE',  ( 1.469576158976823553E-16, 20.00000000000000000, -1.199999999999999956 ) ) ;
#4738 = ORIENTED_EDGE ( 'NONE', *, *, #4593, .F. ) ;
#4739 = DIRECTION ( 'NONE',  ( 1.000000000000000000, 0.000000000000000000, 0.000000000000000000 ) ) ;
#4740 = PLANE ( 'NONE',  #746 ) ;
#4741 = CARTESIAN_POINT ( 'NONE',  ( 108.6235294388714010, 0.1875877475632465041, 6.577839160665039486 ) ) ;
#4742 = CARTESIAN_POINT ( 'NONE',  ( 107.8264114977261983, 0.1183738699775610109, -6.471069865928519960 ) ) ;
#4743 = ORIENTED_EDGE ( 'NONE', *, *, #1280, .T. ) ;
#4744 = CARTESIAN_POINT ( 'NONE',  ( 5.499000000000000554, -7.810249675906650424, 9.501000000000001222 ) ) ;
#4745 = VERTEX_POINT ( 'NONE', #6273 ) ;
#4746 = CARTESIAN_POINT ( 'NONE',  ( 0.5671210363395305931, 1.241726313549032401, 1.828198658421196443 ) ) ;
#4747 = UNCERTAINTY_MEASURE_WITH_UNIT (LENGTH_MEASURE( 1.000000000000000082E-05 ), #622, 'distance_accuracy_value', 'NONE');
#4748 = ORIENTED_EDGE ( 'NONE', *, *, #4977, .F. ) ;
#4749 = CARTESIAN_POINT ( 'NONE',  ( 3.000000000000000000, -7.810249675906650424, -6.000000000000000000 ) ) ;
#4750 = VECTOR ( 'NONE', #2684, 1000.000000000000000 ) ;
#4751 = ADVANCED_FACE ( 'NONE', ( #509 ), #3706, .T. ) ;
#4752 = DIRECTION ( 'NONE',  ( 0.000000000000000000, 1.000000000000000000, 0.000000000000000000 ) ) ;
#4753 = DIRECTION ( 'NONE',  ( 1.000000000000000000, 0.000000000000000000, 0.000000000000000000 ) ) ;
#4754 = CARTESIAN_POINT ( 'NONE',  ( 110.0000000000000000, 0.000000000000000000, 0.000000000000000000 ) ) ;
#4755 = DIRECTION ( 'NONE',  ( 0.000000000000000000, 1.000000000000000000, 0.000000000000000000 ) ) ;
#4756 = VERTEX_POINT ( 'NONE', #5554 ) ;
#4757 = B_SPLINE_CURVE_WITH_KNOTS ( 'NONE', 3,
 ( #3063, #2240, #378, #5984, #2204, #7964, #3459, #8036, #5624, #2909, #1574, #264, #1014, #1611, #2277, #7404 ),
 .UNSPECIFIED., .F., .F.,
 ( 4, 2, 2, 2, 2, 2, 2, 4 ),
 ( 0.000000000000000000, 0.1249999999999996808, 0.2499999999999993894, 0.3750000000000003331, 0.5000000000000000000, 0.7500000000000006661, 0.8750000000000003331, 1.000000000000000000 ),
 .UNSPECIFIED. ) ;
#4758 = CARTESIAN_POINT ( 'NONE',  ( 146.4464256596835980, -8.890127078178910125, -19.63893517515699827 ) ) ;
#4759 = CARTESIAN_POINT ( 'NONE',  ( 109.0526039926258051, 19.93996183596104999, 6.333903487722399639 ) ) ;
#4760 = LINE ( 'NONE', #2197, #2946 ) ;
#4761 = CARTESIAN_POINT ( 'NONE',  ( 2.561063397309609080, 0.02405878001602842695, -6.253462968017243107 ) ) ;
#4762 = PLANE ( 'NONE',  #6181 ) ;
#4763 = COORDINATED_UNIVERSAL_TIME_OFFSET ( 2, 0, .AHEAD. ) ;
#4764 = EDGE_CURVE ( 'NONE', #8077, #8027, #2955, .T. ) ;
#4765 = CARTESIAN_POINT ( 'NONE',  ( 0.06971567312036144881, 17.43465136250392078, 2.348023190314512565 ) ) ;
#4766 = VERTEX_POINT ( 'NONE', #2246 ) ;
#4767 = FACE_OUTER_BOUND ( 'NONE', #1497, .T. ) ;
#4768 = CARTESIAN_POINT ( 'NONE',  ( 120.9231155692278890, -0.8028253709500799973, 10.03957792695049100 ) ) ;
#4769 = PLANE ( 'NONE',  #4309 ) ;
#4770 = FACE_OUTER_BOUND ( 'NONE', #5824, .T. ) ;
#4771 = FACE_OUTER_BOUND ( 'NONE', #7947, .T. ) ;
#4772 = DIRECTION ( 'NONE',  ( -6.245004513516505540E-17, -5.213962650652818033E-19, 1.000000000000000000 ) ) ;
#4773 = DIRECTION ( 'NONE',  ( 0.000000000000000000, 0.000000000000000000, -1.000000000000000000 ) ) ;
#4774 = EDGE_LOOP ( 'NONE', ( #4566, #5523, #2328 ) ) ;
#4775 = VECTOR ( 'NONE', #915, 1000.000000000000000 ) ;
#4776 = CARTESIAN_POINT ( 'NONE',  ( 107.8301614706124667, 0.003517875563134353119, 6.257423283932454616 ) ) ;
#4777 = DIRECTION ( 'NONE',  ( 0.9396926207858912194, 0.000000000000000000, -0.3420201433257158974 ) ) ;
#4778 = DIRECTION ( 'NONE',  ( -1.000000000000000000, 0.000000000000000000, 0.000000000000000000 ) ) ;
#4779 = DIRECTION ( 'NONE',  ( 0.000000000000000000, -1.000000000000000000, 0.000000000000000000 ) ) ;
#4780 = ORIENTED_EDGE ( 'NONE', *, *, #7769, .T. ) ;
#4781 = CARTESIAN_POINT ( 'NONE',  ( 126.9111323537008076, 17.49812758733265028, -6.155148804483290270 ) ) ;
#4782 = VERTEX_POINT ( 'NONE', #1657 ) ;
#4783 = CARTESIAN_POINT ( 'NONE',  ( 0.06971567311196502637, 2.348023190359885159, 2.565348637525677766 ) ) ;
#4784 = EDGE_LOOP ( 'NONE', ( #243, #3209, #1 ) ) ;
#4785 = CARTESIAN_POINT ( 'NONE',  ( 3.000000000000000000, 20.00000000000000000, 1.000000000000000000 ) ) ;
#4786 = EDGE_CURVE ( 'NONE', #1415, #5086, #2990, .T. ) ;
#4787 = CARTESIAN_POINT ( 'NONE',  ( 2.222152302202450080, 0.09595005240477320896, -1.063966701603181964 ) ) ;
#4788 = EDGE_CURVE ( 'NONE', #7060, #6977, #2282, .T. ) ;
#4789 = LOCAL_TIME ( 21, 5, 34.00000000000000000, #1050 ) ;
#4790 = DIRECTION ( 'NONE',  ( 0.000000000000000000, 0.000000000000000000, 1.000000000000000000 ) ) ;
#4791 = CARTESIAN_POINT ( 'NONE',  ( 147.8886938636780144, 9.539544568843160377, -20.17507026191099939 ) ) ;
#4792 = LINE ( 'NONE', #6173, #3912 ) ;
#4793 = ORIENTED_EDGE ( 'NONE', *, *, #2638, .T. ) ;
#4794 = CARTESIAN_POINT ( 'NONE',  ( 144.0606882880083219, -6.091815727441679762, -13.46125446793050529 ) ) ;
#4795 = CARTESIAN_POINT ( 'NONE',  ( 139.3960761476121775, -5.340902564733429614, -16.98607891619825239 ) ) ;
#4796 = CARTESIAN_POINT ( 'NONE',  ( 113.1310939969461060, 19.99717096549181861, -2.203802788054289863 ) ) ;
#4797 = CARTESIAN_POINT ( 'NONE',  ( 2.129494899290921950, 19.49326369493774180, -6.879429171836065393 ) ) ;
#4798 = PRODUCT_DEFINITION_SHAPE ( 'NONE', 'NONE',  #2956 ) ;
#4799 = EDGE_CURVE ( 'NONE', #1286, #7154, #1689, .T. ) ;
#4800 = COORDINATED_UNIVERSAL_TIME_OFFSET ( 2, 0, .AHEAD. ) ;
#4801 = CIRCLE ( 'NONE', #6557, 1.000000000000000888 ) ;
#4802 = DIRECTION ( 'NONE',  ( 0.000000000000000000, 0.000000000000000000, -1.000000000000000000 ) ) ;
#4803 = ORIENTED_EDGE ( 'NONE', *, *, #6021, .T. ) ;
#4804 = DIRECTION ( 'NONE',  ( 0.000000000000000000, 0.000000000000000000, 1.000000000000000000 ) ) ;
#4805 = DIRECTION ( 'NONE',  ( 0.5640492526383094063, 0.8257411462426738069, 0.000000000000000000 ) ) ;
#4806 = DIRECTION ( 'NONE',  ( 0.000000000000000000, -3.469446951953610245E-16, -1.000000000000000000 ) ) ;
#4807 = LINE ( 'NONE', #2710, #2307 ) ;
#4808 = DIRECTION ( 'NONE',  ( 0.000000000000000000, 1.000000000000000000, 0.000000000000000000 ) ) ;
#4809 = DIRECTION ( 'NONE',  ( 0.000000000000000000, 0.000000000000000000, -1.000000000000000000 ) ) ;
#4810 = ORIENTED_EDGE ( 'NONE', *, *, #8068, .F. ) ;
#4811 = CC_DESIGN_PERSON_AND_ORGANIZATION_ASSIGNMENT ( #6025, #3458, ( #5576 ) ) ;
#4812 = CARTESIAN_POINT ( 'NONE',  ( 110.1975204538019995, 0.04065014866365750101, 6.000536714113939851 ) ) ;
#4813 = DIRECTION ( 'NONE',  ( 0.000000000000000000, -1.000000000000000000, 0.000000000000000000 ) ) ;
#4814 = DIRECTION ( 'NONE',  ( 0.000000000000000000, 1.000000000000000000, 0.000000000000000000 ) ) ;
#4815 =( BOUNDED_CURVE ( )  B_SPLINE_CURVE ( 3, ( #6751, #5905, #7885, #4179 ),
 .UNSPECIFIED., .F., .F. ) 
 B_SPLINE_CURVE_WITH_KNOTS ( ( 4, 4 ),
 ( 3.138987021703475211, 3.141592653589795336 ),
 .UNSPECIFIED. ) 
 CURVE ( )  GEOMETRIC_REPRESENTATION_ITEM ( )  RATIONAL_B_SPLINE_CURVE ( ( 1.000000000000000000, 0.9999994342236190326, 0.9999994342236190326, 1.000000000000000000 ) ) 
 REPRESENTATION_ITEM ( '' )  );
#4816 = DIRECTION ( 'NONE',  ( 0.000000000000000000, 0.000000000000000000, -1.000000000000000000 ) ) ;
#4817 = ORIENTED_EDGE ( 'NONE', *, *, #6706, .F. ) ;
#4818 = CARTESIAN_POINT ( 'NONE',  ( 131.8495872992374132, 16.37578484105030086, -7.952599407923298891 ) ) ;
#4819 = ORIENTED_EDGE ( 'NONE', *, *, #2115, .F. ) ;
#4820 = DIRECTION ( 'NONE',  ( 0.03262965486915155033, -0.9993969486382092704, 0.01187622312675261013 ) ) ;
#4821 = CARTESIAN_POINT ( 'NONE',  ( 3.000000000000000000, 1.000000000000000000, 6.000000000000000000 ) ) ;
#4822 = CARTESIAN_POINT ( 'NONE',  ( 109.8535738694962021, 0.006956536058732440062, -1.010883019453814091 ) ) ;
#4823 = DIRECTION ( 'NONE',  ( -1.000000000000000000, 9.887923813067798860E-15, 0.000000000000000000 ) ) ;
#4824 = SECURITY_CLASSIFICATION ( '', '', #7450 ) ;
#4825 = CARTESIAN_POINT ( 'NONE',  ( 112.1270318274520008, 19.68276276979590023, -7.447327796514370490 ) ) ;
#4826 = EDGE_LOOP ( 'NONE', ( #402, #6269 ) ) ;
#4827 = CARTESIAN_POINT ( 'NONE',  ( 108.6143867890663870, 0.02615882479374869937, 6.008042157133850480 ) ) ;
#4828 = EDGE_CURVE ( 'NONE', #6902, #2358, #815, .T. ) ;
#4829 = VECTOR ( 'NONE', #3517, 1000.000000000000000 ) ;
#4830 = CARTESIAN_POINT ( 'NONE',  ( 122.2822403446672013, -0.07205887981108780038, -11.61723020164886044 ) ) ;
#4831 = VECTOR ( 'NONE', #4814, 1000.000000000000000 ) ;
#4832 = CARTESIAN_POINT ( 'NONE',  ( 144.8889102213815363, 13.65696968876151018, -13.76270259904498516 ) ) ;
#4833 = CARTESIAN_POINT ( 'NONE',  ( 8.000000000000000000, 7.299999999999999822, 11.50000000000000000 ) ) ;
#4834 = VECTOR ( 'NONE', #4284, 1000.000000000000000 ) ;
#4835 = CARTESIAN_POINT ( 'NONE',  ( 110.0605733744499446, 0.3218146443740561580, -6.736425649669423699 ) ) ;
#4836 = VERTEX_POINT ( 'NONE', #3580 ) ;
#4837 = PERSON_AND_ORGANIZATION ( #5375, #6038 ) ;
#4838 = AXIS2_PLACEMENT_3D ( 'NONE', #2533, #3836, #3077 ) ;
#4839 = CARTESIAN_POINT ( 'NONE',  ( 1.958234294933535596E-16, 17.08127481168289208, 2.878087782475667211 ) ) ;
#4840 = VECTOR ( 'NONE', #2976, 1000.000000000000000 ) ;
#4841 = ORIENTED_EDGE ( 'NONE', *, *, #1982, .T. ) ;
#4842 = CARTESIAN_POINT ( 'NONE',  ( 1.196179724907286301, 0.5687620532579702459, 0.5687620532579702459 ) ) ;
#4843 = EDGE_CURVE ( 'NONE', #873, #1886, #8040, .T. ) ;
#4844 = CARTESIAN_POINT ( 'NONE',  ( 106.6708424845321872, 19.32372440025219973, 6.946312041626899969 ) ) ;
#4845 = EDGE_CURVE ( 'NONE', #7426, #8107, #6824, .T. ) ;
#4846 = VECTOR ( 'NONE', #124, 1000.000000000000000 ) ;
#4847 = CARTESIAN_POINT ( 'NONE',  ( 111.5300740875572103, 19.84397608077259889, -7.009654048437650609 ) ) ;
#4848 = DIRECTION ( 'NONE',  ( -0.3420201433257143431, 1.734723475976814983E-14, 0.9396926207858917746 ) ) ;
#4849 = PERSON_AND_ORGANIZATION_ROLE ( 'creator' ) ;
#4850 = CARTESIAN_POINT ( 'NONE',  ( 1.170030629533379996, 19.38532288021784922, 1.409784746521413945 ) ) ;
#4851 = VERTEX_POINT ( 'NONE', #383 ) ;
#4852 = CARTESIAN_POINT ( 'NONE',  ( 3.000000000000000000, 7.299999999999999822, 14.00000000000000000 ) ) ;
#4853 = CARTESIAN_POINT ( 'NONE',  ( 109.0126660568576682, 0.3102644018981197682, 6.801139069240080381 ) ) ;
#4854 = LINE ( 'NONE', #4266, #401 ) ;
#4855 = CARTESIAN_POINT ( 'NONE',  ( 147.7958045053649698, 11.36705165011301943, 14.82072559257989930 ) ) ;
#4856 = VECTOR ( 'NONE', #3611, 1000.000000000000000 ) ;
#4857 = APPROVAL ( #716, 'UNKNOWN' ) ;
#4858 = ORIENTED_EDGE ( 'NONE', *, *, #1391, .T. ) ;
#4859 = CARTESIAN_POINT ( 'NONE',  ( 136.9932039071925942, 16.04146992153784268, -9.824722749676242373 ) ) ;
#4860 = EDGE_LOOP ( 'NONE', ( #7657, #1126, #7528, #2851 ) ) ;
#4861 = DIRECTION ( 'NONE',  ( 1.000000000000000000, -0.000000000000000000, 1.224646799147353207E-16 ) ) ;
#4862 = EDGE_CURVE ( 'NONE', #456, #5207, #1890, .T. ) ;
#4863 = CARTESIAN_POINT ( 'NONE',  ( 0.000000000000000000, 0.000000000000000000, 0.000000000000000000 ) ) ;
#4864 = LINE ( 'NONE', #4785, #1995 ) ;
#4865 = CARTESIAN_POINT ( 'NONE',  ( 111.3324204851446240, 0.06279427554483051066, -6.702794952908321946 ) ) ;
#4866 = CARTESIAN_POINT ( 'NONE',  ( 148.4742428235645946, 9.527018909857000395, -18.61745828572419725 ) ) ;
#4867 = DIRECTION ( 'NONE',  ( 0.000000000000000000, 0.000000000000000000, 1.000000000000000000 ) ) ;
#4868 = ORIENTED_EDGE ( 'NONE', *, *, #4736, .T. ) ;
#4869 = DIRECTION ( 'NONE',  ( 0.000000000000000000, 0.000000000000000000, 1.000000000000000000 ) ) ;
#4870 = AXIS2_PLACEMENT_3D ( 'NONE', #2024, #1341, #2646 ) ;
#4871 = CARTESIAN_POINT ( 'NONE',  ( 143.7276664549098086, -7.250199029872580248, -18.61576831884629613 ) ) ;
#4872 = EDGE_CURVE ( 'NONE', #2110, #4836, #4278, .T. ) ;
#4873 = DIRECTION ( 'NONE',  ( 0.000000000000000000, 0.000000000000000000, -1.000000000000000000 ) ) ;
#4874 = CARTESIAN_POINT ( 'NONE',  ( 109.3347821187996516, 0.04568731136192179243, 6.163415393753033378 ) ) ;
#4875 = VECTOR ( 'NONE', #2631, 1000.000000000000000 ) ;
#4876 = CARTESIAN_POINT ( 'NONE',  ( 110.0559960276503944, 0.3460880874454419498, -6.760297920852569753 ) ) ;
#4877 = PERSON_AND_ORGANIZATION_ROLE ( 'classification_officer' ) ;
#4878 = VERTEX_POINT ( 'NONE', #2947 ) ;
#4879 = CARTESIAN_POINT ( 'NONE',  ( 1.670546387488949902, 0.3035011159708014827, 1.202334077313879979 ) ) ;
#4880 = CIRCLE ( 'NONE', #5160, 1.000000000000000000 ) ;
#4881 = ADVANCED_FACE ( 'NONE', ( #427 ), #6191, .T. ) ;
#4882 = CARTESIAN_POINT ( 'NONE',  ( 108.2688908795419991, 19.83372482030254957, -6.552440334893249840 ) ) ;
#4883 = CARTESIAN_POINT ( 'NONE',  ( 5.500999999999999446, 20.00000000000000000, -9.501000000000001222 ) ) ;
#4884 = PERSON_AND_ORGANIZATION ( #5375, #6038 ) ;
#4885 = CARTESIAN_POINT ( 'NONE',  ( 126.9108965764419992, 17.49817445640179869, -6.155062988579079963 ) ) ;
#4886 = EDGE_LOOP ( 'NONE', ( #611, #1769, #6904, #6005, #3981 ) ) ;
#4887 = CARTESIAN_POINT ( 'NONE',  ( 146.4464256596835980, -8.890127078178910125, 19.63893517515699827 ) ) ;
#4888 = CARTESIAN_POINT ( 'NONE',  ( 111.1037227320729528, 0.2932188727052034150, 7.166729529257568565 ) ) ;
#4889 = DIRECTION ( 'NONE',  ( 0.000000000000000000, -1.000000000000000000, 0.000000000000000000 ) ) ;
#4890 = CARTESIAN_POINT ( 'NONE',  ( 128.4100320266906010, 18.12578080329054941, 7.764881442075459717 ) ) ;
#4891 = ORIENTED_EDGE ( 'NONE', *, *, #7003, .T. ) ;
#4892 = CARTESIAN_POINT ( 'NONE',  ( 145.8530644921902990, 12.70455763032072660, -13.04944828238851073 ) ) ;
#4893 = ADVANCED_FACE ( 'NONE', ( #4300 ), #6907, .T. ) ;
#4894 = ORIENTED_EDGE ( 'NONE', *, *, #3982, .T. ) ;
#4895 = CARTESIAN_POINT ( 'NONE',  ( 111.7719218454355996, 0.2519819323418684975, -7.291308761153740825 ) ) ;
#4896 = CARTESIAN_POINT ( 'NONE',  ( 146.9151267896243951, -8.898778239808470047, -18.39072758581389877 ) ) ;
#4897 = ORIENTED_EDGE ( 'NONE', *, *, #517, .T. ) ;
#4898 = DIRECTION ( 'NONE',  ( 0.000000000000000000, 1.000000000000000000, 0.000000000000000000 ) ) ;
#4899 = CARTESIAN_POINT ( 'NONE',  ( 131.7781745664653954, -1.566504953067384909, 7.926607298846691130 ) ) ;
#4900 = CIRCLE ( 'NONE', #1289, 2.498999999999999666 ) ;
#4901 = CARTESIAN_POINT ( 'NONE',  ( 8.000000000000000000, 13.40000000000000036, -7.000000000000000000 ) ) ;
#4902 = ORIENTED_EDGE ( 'NONE', *, *, #1853, .F. ) ;
#4903 = CARTESIAN_POINT ( 'NONE',  ( 148.1814683552015879, 9.533286117507801194, -19.39626424301305008 ) ) ;
#4904 =( LENGTH_UNIT ( ) NAMED_UNIT ( * ) SI_UNIT ( .MILLI., .METRE. ) );
#4905 = VERTEX_POINT ( 'NONE', #6494 ) ;
#4906 = CARTESIAN_POINT ( 'NONE',  ( 0.000000000000000000, 20.00000000000000000, 0.000000000000000000 ) ) ;
#4907 =( BOUNDED_CURVE ( )  B_SPLINE_CURVE ( 3, ( #380, #8078, #1687, #4916 ),
 .UNSPECIFIED., .F., .F. ) 
 B_SPLINE_CURVE_WITH_KNOTS ( ( 4, 4 ),
 ( 3.138987021703475211, 3.141592653589795336 ),
 .UNSPECIFIED. ) 
 CURVE ( )  GEOMETRIC_REPRESENTATION_ITEM ( )  RATIONAL_B_SPLINE_CURVE ( ( 1.000000000000000000, 0.9999994342236190326, 0.9999994342236190326, 1.000000000000000000 ) ) 
 REPRESENTATION_ITEM ( '' )  );
#4908 = CARTESIAN_POINT ( 'NONE',  ( 113.0509330527603993, 19.24837823142275184, 8.081463338565841426 ) ) ;
#4909 = CC_DESIGN_PERSON_AND_ORGANIZATION_ASSIGNMENT ( #2662, #5094, ( #3487 ) ) ;
#4910 = CARTESIAN_POINT ( 'NONE',  ( 0.000000000000000000, 0.000000000000000000, 6.000000000000000000 ) ) ;
#4911 = DIRECTION ( 'NONE',  ( 0.000000000000000000, 1.000000000000000000, 0.000000000000000000 ) ) ;
#4912 = CARTESIAN_POINT ( 'NONE',  ( 109.6174781541735967, 1.000000000000000000, -4.553649124439119412E-15 ) ) ;
#4913 = CC_DESIGN_APPROVAL ( #6358, ( #901 ) ) ;
#4914 = APPROVAL_ROLE ( '' ) ;
#4915 = ORIENTED_EDGE ( 'NONE', *, *, #4213, .T. ) ;
#4916 = CARTESIAN_POINT ( 'NONE',  ( 113.4025997963560002, 1.000000000000000000, 8.279130362457099324 ) ) ;
#4917 = CARTESIAN_POINT ( 'NONE',  ( 128.0159810679063526, -2.184477292068708998, -12.70671432829314895 ) ) ;
#4918 = CARTESIAN_POINT ( 'NONE',  ( 146.9526503818007654, -8.047637791034109256, -19.82318590585735052 ) ) ;
#4919 = CARTESIAN_POINT ( 'NONE',  ( 110.0917359582968515, 19.87498980823295014, -6.502959674699661186 ) ) ;
#4920 = CARTESIAN_POINT ( 'NONE',  ( 148.7083515827920053, -8.081274705556749538, 15.15286556612324809 ) ) ;
#4921 = DATE_AND_TIME ( #5480, #6044 ) ;
#4922 = DIRECTION ( 'NONE',  ( 0.000000000000000000, 1.000000000000000000, 0.000000000000000000 ) ) ;
#4923 = ORIENTED_EDGE ( 'NONE', *, *, #1884, .F. ) ;
#4924 = ADVANCED_FACE ( 'NONE', ( #5772 ), #50, .T. ) ;
#4926 = VECTOR ( 'NONE', #5410, 1000.000000000000000 ) ;
#4925 = CARTESIAN_POINT ( 'NONE',  ( 139.0461898743210440, -5.337638133409456920, 17.91925751057567950 ) ) ;
#4927 = CARTESIAN_POINT ( 'NONE',  ( 109.5971853112044982, 0.3290510395755422146, 6.897934875154573930 ) ) ;
#4928 = LINE ( 'NONE', #6122, #5912 ) ;
#4929 = CARTESIAN_POINT ( 'NONE',  ( 136.6712169496749993, -2.824868183189260140, -9.707529081337870736 ) ) ;
#4930 = CARTESIAN_POINT ( 'NONE',  ( 143.1588489250683836, 12.92249133445229958, 12.06883401125483957 ) ) ;
#4931 = EDGE_CURVE ( 'NONE', #1422, #6947, #821, .T. ) ;
#4932 = VECTOR ( 'NONE', #4451, 1000.000000000000000 ) ;
#4933 = ORIENTED_EDGE ( 'NONE', *, *, #57, .F. ) ;
#4934 = CARTESIAN_POINT ( 'NONE',  ( 128.5616867241026284, 17.14643179163940090, -6.755901465347480261 ) ) ;
#4935 = VERTEX_POINT ( 'NONE', #552 ) ;
#4936 = CARTESIAN_POINT ( 'NONE',  ( 109.4187722011694035, 0.2295466016701479817, -6.711454251932149617 ) ) ;
#4937 = CARTESIAN_POINT ( 'NONE',  ( 3.000000000000000000, 0.000000000000000000, 6.000000000000000000 ) ) ;
#4938 = CARTESIAN_POINT ( 'NONE',  ( 110.2867599399140488, 19.98612794173110174, -6.074764841284580719 ) ) ;
#4939 = CARTESIAN_POINT ( 'NONE',  ( 117.6040175797104155, 18.58156849775780017, -9.858558262797080474 ) ) ;
#4940 = ADVANCED_FACE ( 'NONE', ( #3880 ), #2492, .T. ) ;
#4941 = CARTESIAN_POINT ( 'NONE',  ( 111.3513936784657830, 0.06351961925414967292, -6.714392529984166025 ) ) ;
#4942 = CARTESIAN_POINT ( 'NONE',  ( 106.3657828942394019, 19.00000000000000000, -7.000000000000000000 ) ) ;
#4943 = ADVANCED_FACE ( 'NONE', ( #1854 ), #3629, .T. ) ;
#4944 = ORIENTED_EDGE ( 'NONE', *, *, #6326, .F. ) ;
#4945 = CARTESIAN_POINT ( 'NONE',  ( 0.000000000000000000, 0.000000000000000000, 0.000000000000000000 ) ) ;
#4946 = ORIENTED_EDGE ( 'NONE', *, *, #4405, .F. ) ;
#4947 = CYLINDRICAL_SURFACE ( 'NONE', #1681, 0.9999999999999991118 ) ;
#4948 = EDGE_LOOP ( 'NONE', ( #4084, #3226, #4307, #3428 ) ) ;
#4949 = LINE ( 'NONE', #2523, #5797 ) ;
#4950 = AXIS2_PLACEMENT_3D ( 'NONE', #3411, #5974, #7274 ) ;
#4951 = DIRECTION ( 'NONE',  ( 0.000000000000000000, 0.000000000000000000, 1.000000000000000000 ) ) ;
#4952 = CARTESIAN_POINT ( 'NONE',  ( 2.561063397309653489, 19.25346296801722090, -6.975941219983977426 ) ) ;
#4953 = CARTESIAN_POINT ( 'NONE',  ( 110.0936547820760865, 0.1848896660515273183, -6.555063764910199708 ) ) ;
#4954 = CC_DESIGN_APPROVAL ( #6925, ( #798 ) ) ;
#4955 = APPROVAL_DATE_TIME ( #337, #6358 ) ;
#4956 = CC_DESIGN_DATE_AND_TIME_ASSIGNMENT ( #2941, #3661, ( #895 ) ) ;
#4957 = EDGE_LOOP ( 'NONE', ( #85, #2548, #3312, #2811 ) ) ;
#4958 = CARTESIAN_POINT ( 'NONE',  ( 2.803648237606790161, 2.633728631076509817E-16, 1.000000000004059864 ) ) ;
#4959 = EDGE_CURVE ( 'NONE', #233, #4935, #6835, .T. ) ;
#4960 = CARTESIAN_POINT ( 'NONE',  ( 106.4381354882419970, 19.13900552161159752, 6.992700768108929488 ) ) ;
#4961 = AXIS2_PLACEMENT_3D ( 'NONE', #3710, #346, #4808 ) ;
#4962 = CARTESIAN_POINT ( 'NONE',  ( 109.8236730192735990, 1.006450157370809784, -1.000000000000000000 ) ) ;
#4963 = VECTOR ( 'NONE', #2296, 1000.000000000000000 ) ;
#4964 = CARTESIAN_POINT ( 'NONE',  ( 5.499000000000000554, 20.00000000000000000, -9.501000000000001222 ) ) ;
#4965 = CARTESIAN_POINT ( 'NONE',  ( 76.12500000000000000, -30.69597054535374880, 6.000000000000000000 ) ) ;
#4966 = PERSON_AND_ORGANIZATION ( #5375, #6038 ) ;
#4967 = CARTESIAN_POINT ( 'NONE',  ( 137.0000000000000000, 7.299999999999999822, 6.000000000000000000 ) ) ;
#4968 = ORIENTED_EDGE ( 'NONE', *, *, #2742, .T. ) ;
#4969 = AXIS2_PLACEMENT_3D ( 'NONE', #5897, #3457, #931 ) ;
#4970 = CARTESIAN_POINT ( 'NONE',  ( 131.8052716024199924, -3.096584501359370023, 14.13148112219350061 ) ) ;
#4971 = CIRCLE ( 'NONE', #686, 1.249999999999999334 ) ;
#4972 = CARTESIAN_POINT ( 'NONE',  ( 110.0992954716834333, 0.3301657841554433981, 6.984585333474057300 ) ) ;
#4973 = DIRECTION ( 'NONE',  ( -1.000000000000000000, 0.000000000000000000, 0.000000000000000000 ) ) ;
#4974 = B_SPLINE_CURVE_WITH_KNOTS ( 'NONE', 3,
 ( #4381, #3111, #5129, #5675, #1221, #6353, #7067, #1306, #589, #2610, #6942, #3743, #3872, #672, #4552, #5811, #1173, #5173, #7108, #5720 ),
 .UNSPECIFIED., .F., .F.,
 ( 4, 2, 2, 2, 2, 2, 2, 2, 2, 4 ),
 ( 0.000000000000000000, 0.002335614338262939974, 0.004671228676525879947, 0.009342457353051749486, 0.01401368602957761902, 0.01634930036784055032, 0.01868491470610349897, 0.02335614338262929912, 0.02802737205915509927, 0.03736982941220665100 ),
 .UNSPECIFIED. ) ;
#4975 = DIRECTION ( 'NONE',  ( 0.000000000000000000, -1.000000000000000000, 0.000000000000000000 ) ) ;
#4976 = CARTESIAN_POINT ( 'NONE',  ( 113.5495984286437334, 19.99710712753671160, 1.291948171519750055 ) ) ;
#4977 = EDGE_CURVE ( 'NONE', #8037, #6118, #1751, .T. ) ;
#4978 = ORIENTED_EDGE ( 'NONE', *, *, #7231, .T. ) ;
#4979 = DIRECTION ( 'NONE',  ( 0.3518843560536765724, 0.000000000000000000, -0.9360434818771451448 ) ) ;
#4980 = CIRCLE ( 'NONE', #6192, 0.4499999999999869660 ) ;
#4981 = ORIENTED_EDGE ( 'NONE', *, *, #1897, .F. ) ;
#4982 = CARTESIAN_POINT ( 'NONE',  ( 109.6579798566741886, 20.00000000000000000, 0.9396926207858429247 ) ) ;
#4983 = CARTESIAN_POINT ( 'NONE',  ( 111.2947872876259368, 19.88702508520111323, -6.833925905896570008 ) ) ;
#4984 = CARTESIAN_POINT ( 'NONE',  ( 136.7557597447711544, 15.43411936455125044, -17.05822215613893533 ) ) ;
#4985 = CIRCLE ( 'NONE', #7147, 2.498999999999999666 ) ;
#4986 = DIRECTION ( 'NONE',  ( 1.000000000000000000, 0.000000000000000000, 0.000000000000000000 ) ) ;
#4987 = CIRCLE ( 'NONE', #4606, 0.9999999999999991118 ) ;
#4988 = EDGE_CURVE ( 'NONE', #3189, #4935, #144, .T. ) ;
#4989 = CARTESIAN_POINT ( 'NONE',  ( 0.000000000000000000, 19.75000000000000000, 0.000000000000000000 ) ) ;
#4990 = ORIENTED_EDGE ( 'NONE', *, *, #1078, .F. ) ;
#4991 = VERTEX_POINT ( 'NONE', #8206 ) ;
#4992 = CARTESIAN_POINT ( 'NONE',  ( 110.1256746847984402, 0.8561365802623414067, 7.008385457728726564 ) ) ;
#4993 = ORIENTED_EDGE ( 'NONE', *, *, #5981, .T. ) ;
#4994 = CARTESIAN_POINT ( 'NONE',  ( 0.03590615327191803291, 17.30872862719807870, 2.536846310879433464 ) ) ;
#4995 = CARTESIAN_POINT ( 'NONE',  ( 112.7112185300020002, 19.45011328348170210, 7.858632890500750534 ) ) ;
#4996 = FACE_OUTER_BOUND ( 'NONE', #1686, .T. ) ;
#4997 = CARTESIAN_POINT ( 'NONE',  ( 109.0403987246794202, 0.3115526335823368131, -6.805624025002945388 ) ) ;
#4998 = PRODUCT ( 'Ansamblu ochelari rama V1 de la Raul', 'Ansamblu ochelari rama V1 de la Raul', '', ( #6115 ) ) ;
#4999 = CARTESIAN_POINT ( 'NONE',  ( 112.4887249738339960, 0.1495202028093782221, -7.438990414871109458 ) ) ;
#5000 = ORIENTED_EDGE ( 'NONE', *, *, #1645, .F. ) ;
#5001 = PERSON_AND_ORGANIZATION ( #5375, #6038 ) ;
#5002 = B_SPLINE_CURVE_WITH_KNOTS ( 'NONE', 3,
 ( #3052, #1163, #616, #5661 ),
 .UNSPECIFIED., .F., .F.,
 ( 4, 4 ),
 ( 1.767524482132400005E-14, 0.0002035676569856035179 ),
 .UNSPECIFIED. ) ;
#5003 = VERTEX_POINT ( 'NONE', #7661 ) ;
#5004 = CARTESIAN_POINT ( 'NONE',  ( 112.9728094684169974, 19.30033643336374993, 8.031537066837280747 ) ) ;
#5005 =( REPRESENTATION_RELATIONSHIP ('NONE','NONE', #3275, #7083 ) REPRESENTATION_RELATIONSHIP_WITH_TRANSFORMATION ( #4251 )SHAPE_REPRESENTATION_RELATIONSHIP( ) );
#5006 = CARTESIAN_POINT ( 'NONE',  ( 110.0000000000000000, 0.000000000000000000, 0.000000000000000000 ) ) ;
#5007 = VECTOR ( 'NONE', #7134, 1000.000000000000000 ) ;
#5008 = CARTESIAN_POINT ( 'NONE',  ( 109.7616151436057663, 20.00015452572975150, -2.852294890081274203E-12 ) ) ;
#5009 = LINE ( 'NONE', #7579, #410 ) ;
#5010 = CARTESIAN_POINT ( 'NONE',  ( 5.499000000000000554, 20.00000000000000000, -10.75099999999999945 ) ) ;
#5011 = CARTESIAN_POINT ( 'NONE',  ( 121.3530357646897926, 19.79048529598060213, -5.196344859382600490 ) ) ;
#5012 = EDGE_CURVE ( 'NONE', #7082, #2054, #1902, .T. ) ;
#5013 = MECHANICAL_CONTEXT ( 'NONE', #1141, 'mechanical' ) ;
#5014 = FACE_OUTER_BOUND ( 'NONE', #5646, .T. ) ;
#5015 = ORIENTED_EDGE ( 'NONE', *, *, #2085, .T. ) ;
#5016 = AXIS2_PLACEMENT_3D ( 'NONE', #4495, #3097, #3815 ) ;
#5017 = LINE ( 'NONE', #4353, #4270 ) ;
#5018 = CARTESIAN_POINT ( 'NONE',  ( 146.1596007226665961, 11.37632723193712003, 19.51915414770265400 ) ) ;
#5019 = CARTESIAN_POINT ( 'NONE',  ( 115.0214027841279858, 19.85615662973296836, -7.818964271826145840 ) ) ;
#5020 = CARTESIAN_POINT ( 'NONE',  ( 146.1264596888281915, -6.289932917312968996, -13.14895599615132227 ) ) ;
#5021 = CARTESIAN_POINT ( 'NONE',  ( 148.8821912558941563, 10.86240310497534978, 14.15196026024755405 ) ) ;
#5022 = ORIENTED_EDGE ( 'NONE', *, *, #2730, .F. ) ;
#5023 = CARTESIAN_POINT ( 'NONE',  ( 3.000000000000000000, 1.000000000000000000, 7.000000000000000000 ) ) ;
#5024 = ORIENTED_EDGE ( 'NONE', *, *, #6831, .F. ) ;
#5025 = CARTESIAN_POINT ( 'NONE',  ( 110.1265724981229823, 0.09537853894557465906, 6.362592498241261829 ) ) ;
#5026 = CARTESIAN_POINT ( 'NONE',  ( 147.7958045053750027, 11.36705165011029983, -14.82072559256656064 ) ) ;
#5027 = CARTESIAN_POINT ( 'NONE',  ( 111.4186429878256064, 19.86446859556820854, -6.926649728055782163 ) ) ;
#5028 = CARTESIAN_POINT ( 'NONE',  ( 125.5545182545909881, 17.32640274926989932, -12.84736900124082126 ) ) ;
#5029 = CARTESIAN_POINT ( 'NONE',  ( 111.2881913846204753, 0.06114508891997583184, -6.675750030182309835 ) ) ;
#5030 = CARTESIAN_POINT ( 'NONE',  ( 109.9642328246693097, 19.06784239930574998, -7.020496480623759084 ) ) ;
#5031 = EDGE_LOOP ( 'NONE', ( #1652, #4665, #7776, #3004 ) ) ;
#5032 = ORIENTED_EDGE ( 'NONE', *, *, #2440, .T. ) ;
#5033 = CARTESIAN_POINT ( 'NONE',  ( 110.1557333258209326, 0.8201358946337790057, 7.013680890035901783 ) ) ;
#5034 = ORIENTED_EDGE ( 'NONE', *, *, #2577, .T. ) ;
#5035 = CARTESIAN_POINT ( 'NONE',  ( 109.6360297657336673, 19.00000000000000000, 0.000000000000000000 ) ) ;
#5036 = DIRECTION ( 'NONE',  ( 0.000000000000000000, 0.000000000000000000, 1.000000000000000000 ) ) ;
#5037 = EDGE_CURVE ( 'NONE', #1744, #7879, #1523, .T. ) ;
#5038 = VECTOR ( 'NONE', #4869, 1000.000000000000000 ) ;
#5039 = CARTESIAN_POINT ( 'NONE',  ( 137.0000000000000000, 7.299999999999999822, 11.50000000000000000 ) ) ;
#5040 = CARTESIAN_POINT ( 'NONE',  ( 107.7976269828429992, 0.2155315424312604922, -6.620168718237009919 ) ) ;
#5041 = FACE_OUTER_BOUND ( 'NONE', #3217, .T. ) ;
#5042 = ORIENTED_EDGE ( 'NONE', *, *, #3877, .T. ) ;
#5043 = COORDINATED_UNIVERSAL_TIME_OFFSET ( 2, 0, .AHEAD. ) ;
#5044 = VERTEX_POINT ( 'NONE', #1478 ) ;
#5045 = CARTESIAN_POINT ( 'NONE',  ( 106.6978224660646077, 19.34025658328230080, 6.940493646036509645 ) ) ;
#5046 = CARTESIAN_POINT ( 'NONE',  ( 149.0503717261175893, 9.501908822039640157, 14.21317294533733921 ) ) ;
#5047 = EDGE_CURVE ( 'NONE', #7099, #8107, #1366, .T. ) ;
#5048 = CARTESIAN_POINT ( 'NONE',  ( 124.8623014719766076, 17.43751137921674754, -12.58714577281627989 ) ) ;
#5049 = CC_DESIGN_APPROVAL ( #6674, ( #3085 ) ) ;
#5050 = FACE_OUTER_BOUND ( 'NONE', #797, .T. ) ;
#5051 = FACE_OUTER_BOUND ( 'NONE', #1942, .T. ) ;
#5052 = EDGE_CURVE ( 'NONE', #7041, #5621, #849, .T. ) ;
#5053 = DATE_AND_TIME ( #1318, #3216 ) ;
#5054 = CARTESIAN_POINT ( 'NONE',  ( 0.3786408315590474860, 1.489143067042953961, -1.992762044695335133 ) ) ;
#5055 = VERTEX_POINT ( 'NONE', #5389 ) ;
#5056 = CARTESIAN_POINT ( 'NONE',  ( 143.7891013173752128, -6.351718911750219299, 19.70224769350785010 ) ) ;
#5057 = DIRECTION ( 'NONE',  ( 0.000000000000000000, 0.000000000000000000, 1.000000000000000000 ) ) ;
#5058 = DIRECTION ( 'NONE',  ( 0.000000000000000000, 0.000000000000000000, 1.000000000000000000 ) ) ;
#5059 = CARTESIAN_POINT ( 'NONE',  ( 148.1814683552015879, 9.533286117507801194, 19.39626424301305008 ) ) ;
#5060 = DIRECTION ( 'NONE',  ( 0.1400195966565233596, 0.6670611073288769122, 0.7317267192342488125 ) ) ;
#5061 = ORIENTED_EDGE ( 'NONE', *, *, #4540, .F. ) ;
#5062 = CARTESIAN_POINT ( 'NONE',  ( 109.3142168343605363, 19.96133800502246558, -6.258900291608984645 ) ) ;
#5063 = EDGE_LOOP ( 'NONE', ( #7047, #1159 ) ) ;
#5064 = CC_DESIGN_PERSON_AND_ORGANIZATION_ASSIGNMENT ( #2829, #6574, ( #3492 ) ) ;
#5065 = CARTESIAN_POINT ( 'NONE',  ( 108.2386239531165870, 0.08884661930382480033, 6.383164950794910197 ) ) ;
#5066 = CARTESIAN_POINT ( 'NONE',  ( 148.2014095504335955, 10.33730810948065937, -18.15690948464204979 ) ) ;
#5067 = CARTESIAN_POINT ( 'NONE',  ( 111.1785229487018682, 19.90601873782297204, -6.746732588068447001 ) ) ;
#5068 = CARTESIAN_POINT ( 'NONE',  ( 130.0422221154982196, 17.35037702541999849, -13.46354687173316123 ) ) ;
#5069 = DIRECTION ( 'NONE',  ( 0.000000000000000000, 0.000000000000000000, 1.000000000000000000 ) ) ;
#5070 = DIRECTION ( 'NONE',  ( -0.9360434818771397047, 0.000000000000000000, -0.3518843560536910053 ) ) ;
#5071 = AXIS2_PLACEMENT_3D ( 'NONE', #1335, #2763, #5958 ) ;
#5072 = VERTEX_POINT ( 'NONE', #3452 ) ;
#5073 =( NAMED_UNIT ( * ) SI_UNIT ( $, .STERADIAN. ) SOLID_ANGLE_UNIT ( ) );
#5074 = EDGE_LOOP ( 'NONE', ( #1583, #7517, #1081, #4894 ) ) ;
#5075 = CARTESIAN_POINT ( 'NONE',  ( 113.1143353405731915, 0.3016513197200179630, 7.903108611886731083 ) ) ;
#5076 = EDGE_LOOP ( 'NONE', ( #3802, #6477, #6967, #3322 ) ) ;
#5077 = DIRECTION ( 'NONE',  ( 0.000000000000000000, 0.000000000000000000, -1.000000000000000000 ) ) ;
#5078 = CARTESIAN_POINT ( 'NONE',  ( 111.9853253214714925, 19.72912903902792081, 7.345064009876298705 ) ) ;
#5079 = ADVANCED_FACE ( 'NONE', ( #4089 ), #255, .T. ) ;
#5080 = CARTESIAN_POINT ( 'NONE',  ( 109.6862067745636011, 1.002243944376671969, 0.000000000000000000 ) ) ;
#5081 = CARTESIAN_POINT ( 'NONE',  ( 5.499000000000000554, 6.599999999999999645, 10.50099999999999945 ) ) ;
#5082 = CARTESIAN_POINT ( 'NONE',  ( 5.499000000000000554, -7.810249675906650424, -9.501000000000001222 ) ) ;
#5083 = ORIENTED_EDGE ( 'NONE', *, *, #2695, .T. ) ;
#5084 = ADVANCED_FACE ( 'NONE', ( #5467 ), #374, .T. ) ;
#5085 = COORDINATED_UNIVERSAL_TIME_OFFSET ( 2, 0, .AHEAD. ) ;
#5086 = VERTEX_POINT ( 'NONE', #1719 ) ;
#5087 = CARTESIAN_POINT ( 'NONE',  ( 148.7083515827920053, -8.081274705556770854, -15.15286556612324809 ) ) ;
#5088 = EDGE_CURVE ( 'NONE', #696, #361, #2572, .T. ) ;
#5089 = CARTESIAN_POINT ( 'NONE',  ( 109.7611252681749932, 18.99997736292004902, -1.778091562876225063E-14 ) ) ;
#5090 = DIRECTION ( 'NONE',  ( 0.000000000000000000, -1.000000000000000000, 0.000000000000000000 ) ) ;
#5091 = APPROVAL_PERSON_ORGANIZATION ( #7121, #1830, #1996 ) ;
#5092 = LINE ( 'NONE', #5137, #5665 ) ;
#5093 = CARTESIAN_POINT ( 'NONE',  ( 145.0492668004177972, 13.60780882192909758, -13.82106762068256067 ) ) ;
#5094 = PERSON_AND_ORGANIZATION_ROLE ( 'classification_officer' ) ;
#5095 = FACE_OUTER_BOUND ( 'NONE', #2961, .T. ) ;
#5096 = ORIENTED_EDGE ( 'NONE', *, *, #8118, .T. ) ;
#5097 = EDGE_CURVE ( 'NONE', #8037, #5921, #2045, .T. ) ;
#5098 = VECTOR ( 'NONE', #992, 1000.000000000000000 ) ;
#5099 = CARTESIAN_POINT ( 'NONE',  ( 3.000000000000000000, 19.00000000000000000, 4.336808689942014778E-16 ) ) ;
#5100 = EDGE_CURVE ( 'NONE', #898, #4905, #7361, .T. ) ;
#5101 = CARTESIAN_POINT ( 'NONE',  ( 139.5552220382870132, 13.38457708149153902, 18.11061662873804678 ) ) ;
#5102 = AXIS2_PLACEMENT_3D ( 'NONE', #6677, #5915, #3399 ) ;
#5103 = DIRECTION ( 'NONE',  ( 0.000000000000000000, 0.000000000000000000, 1.000000000000000000 ) ) ;
#5104 = DIRECTION ( 'NONE',  ( 0.000000000000000000, -1.000000000000000000, 0.000000000000000000 ) ) ;
#5105 = CARTESIAN_POINT ( 'NONE',  ( 0.09406224879350665036, 2.498964065790284739, -2.248380074628687719 ) ) ;
#5106 = CIRCLE ( 'NONE', #4950, 1.000000000000000888 ) ;
#5107 = EDGE_LOOP ( 'NONE', ( #5220, #6439, #3179, #1364, #5123, #3137, #7254, #4981, #4717 ) ) ;
#5108 = CARTESIAN_POINT ( 'NONE',  ( 108.4501646010266427, 19.87906672175288492, -6.504680711197689646 ) ) ;
#5109 = AXIS2_PLACEMENT_3D ( 'NONE', #4918, #7489, #1727 ) ;
#5110 = VERTEX_POINT ( 'NONE', #5505 ) ;
#5111 = CARTESIAN_POINT ( 'NONE',  ( 108.5783175859681933, 0.07142782194025439069, 6.313569761134269598 ) ) ;
#5112 = CARTESIAN_POINT ( 'NONE',  ( 0.3786408315590474860, 1.992762044695335133, 1.489143067042953961 ) ) ;
#5113 = AXIS2_PLACEMENT_3D ( 'NONE', #1479, #3453, #92 ) ;
#5114 = CARTESIAN_POINT ( 'NONE',  ( 112.1270318274520008, 19.68276276979590023, -7.447327796514370490 ) ) ;
#5115 = CARTESIAN_POINT ( 'NONE',  ( 130.2602861421986233, 16.17928001001435234, -14.61639590536300126 ) ) ;
#5116 = CARTESIAN_POINT ( 'NONE',  ( 5.499000000000000554, 20.00000000000000000, 12.00000000000000000 ) ) ;
#5117 = CARTESIAN_POINT ( 'NONE',  ( 110.0000000000000000, 20.00000000000000000, 0.000000000000000000 ) ) ;
#5118 = ORIENTED_EDGE ( 'NONE', *, *, #6446, .F. ) ;
#5119 = CIRCLE ( 'NONE', #7952, 0.9999999999999997780 ) ;
#5120 = ORIENTED_EDGE ( 'NONE', *, *, #4493, .F. ) ;
#5121 = EDGE_CURVE ( 'NONE', #5714, #7670, #2866, .T. ) ;
#5122 = CARTESIAN_POINT ( 'NONE',  ( 107.5496060052752085, 0.2612916244206754390, 6.678994401539720016 ) ) ;
#5123 = ORIENTED_EDGE ( 'NONE', *, *, #3826, .F. ) ;
#5124 = CARTESIAN_POINT ( 'NONE',  ( 0.04938844939533607037, 2.457878949056302886, 2.638586081881825418 ) ) ;
#5125 = CIRCLE ( 'NONE', #7277, 0.4499999999999869660 ) ;
#5126 = CARTESIAN_POINT ( 'NONE',  ( 112.2065680289120024, 19.65673119011919923, 7.504734451837940412 ) ) ;
#5127 = CIRCLE ( 'NONE', #7012, 0.9999999999999991118 ) ;
#5128 = CARTESIAN_POINT ( 'NONE',  ( 0.000000000000000000, 0.000000000000000000, 0.000000000000000000 ) ) ;
#5129 = CARTESIAN_POINT ( 'NONE',  ( 145.3562642656281980, -7.236110627178689469, -20.29138712511985077 ) ) ;
#5130 = ORIENTED_EDGE ( 'NONE', *, *, #5450, .F. ) ;
#5131 = CALENDAR_DATE ( 2026, 3, 9 ) ;
#5132 = EDGE_CURVE ( 'NONE', #6334, #3819, #825, .T. ) ;
#5133 = ORIENTED_EDGE ( 'NONE', *, *, #848, .F. ) ;
#5134 = CARTESIAN_POINT ( 'NONE',  ( 113.3622432453166056, 18.96404306972290144, 8.263538765513509077 ) ) ;
#5135 = CARTESIAN_POINT ( 'NONE',  ( 116.9035587476030003, 18.90712183869265317, 2.512689894635540266 ) ) ;
#5136 = DIRECTION ( 'NONE',  ( 0.000000000000000000, -1.000000000000000000, 0.000000000000000000 ) ) ;
#5137 = CARTESIAN_POINT ( 'NONE',  ( 134.5000000000000000, -32.00100000000000477, 10.49999999999999822 ) ) ;
#5138 = FACE_OUTER_BOUND ( 'NONE', #3073, .T. ) ;
#5139 = PERSON_AND_ORGANIZATION ( #5375, #6038 ) ;
#5140 = CARTESIAN_POINT ( 'NONE',  ( 2.222152302202450080, 1.063966701603181964, -0.09595005240477320896 ) ) ;
#5141 = ORIENTED_EDGE ( 'NONE', *, *, #1008, .F. ) ;
#5143 = EDGE_CURVE ( 'NONE', #5621, #3189, #296, .T. ) ;
#5142 = MANIFOLD_SOLID_BREP ( 'NONE', #1506 ) ;
#5144 = AXIS2_PLACEMENT_3D ( 'NONE', #4417, #6981, #1887 ) ;
#5145 = CARTESIAN_POINT ( 'NONE',  ( 1.196179724907271869, 19.43123794674217208, 0.5687620532580019983 ) ) ;
#5146 = EDGE_CURVE ( 'NONE', #6118, #3228, #6328, .T. ) ;
#5147 = CARTESIAN_POINT ( 'NONE',  ( 109.8244100512911956, 19.99993095563820233, 1.000268257709596043 ) ) ;
#5148 = CARTESIAN_POINT ( 'NONE',  ( 5.499000000000000554, 20.00000000000000000, -9.501000000000001222 ) ) ;
#5149 = FACE_OUTER_BOUND ( 'NONE', #7591, .T. ) ;
#5150 = DIRECTION ( 'NONE',  ( -1.000000000000000000, 0.000000000000000000, 0.000000000000000000 ) ) ;
#5151 = CIRCLE ( 'NONE', #1534, 0.9999999999999991118 ) ;
#5152 = ORIENTED_EDGE ( 'NONE', *, *, #4558, .F. ) ;
#5153 = FACE_OUTER_BOUND ( 'NONE', #3605, .T. ) ;
#5154 = ORIENTED_EDGE ( 'NONE', *, *, #930, .F. ) ;
#5155 = CARTESIAN_POINT ( 'NONE',  ( 110.1128077931054037, 0.1269101171731359667, 6.444673707156208131 ) ) ;
#5156 = CARTESIAN_POINT ( 'NONE',  ( 109.6360297657336673, 19.00000000000000000, 0.000000000000000000 ) ) ;
#5157 = CARTESIAN_POINT ( 'NONE',  ( 109.6360897656749813, 19.99999999999310063, -1.000000083918126004 ) ) ;
#5158 = DIRECTION ( 'NONE',  ( -1.000000000000000000, 0.000000000000000000, 0.000000000000000000 ) ) ;
#5159 = CARTESIAN_POINT ( 'NONE',  ( 112.2469076468332645, 0.1222654150715565408, 7.280020740558128090 ) ) ;
#5160 = AXIS2_PLACEMENT_3D ( 'NONE', #2470, #3727, #6294 ) ;
#5161 = CARTESIAN_POINT ( 'NONE',  ( 113.3350776769899824, 0.4099964228256659515, -8.085118958299096548 ) ) ;
#5162 = ORIENTED_EDGE ( 'NONE', *, *, #542, .T. ) ;
#5163 = ADVANCED_FACE ( 'NONE', ( #7479 ), #6066, .T. ) ;
#5164 = EDGE_LOOP ( 'NONE', ( #481, #1444, #2032, #1241, #7636 ) ) ;
#5165 = VECTOR ( 'NONE', #5986, 1000.000000000000000 ) ;
#5166 = CARTESIAN_POINT ( 'NONE',  ( 113.5063471156298078, 0.7742865658354090019, 8.307140367706129069 ) ) ;
#5167 = VERTEX_POINT ( 'NONE', #1009 ) ;
#5168 = CARTESIAN_POINT ( 'NONE',  ( 2.033353018320509964, 18.89785220735890192, -0.1532216889614815003 ) ) ;
#5169 = AXIS2_PLACEMENT_3D ( 'NONE', #5761, #3192, #496 ) ;
#5170 = LINE ( 'NONE', #7905, #1456 ) ;
#5171 = CARTESIAN_POINT ( 'NONE',  ( 136.6511837637715985, 16.04146992120844928, 10.76441537044594021 ) ) ;
#5172 = DIRECTION ( 'NONE',  ( 0.3420201433256669921, 0.000000000000000000, 0.9396926207859089830 ) ) ;
#5173 = CARTESIAN_POINT ( 'NONE',  ( 119.1237144583570000, 0.4470804528511079790, -10.42985390011825864 ) ) ;
#5174 = CARTESIAN_POINT ( 'NONE',  ( 107.5978124678230046, 0.1480340635525282111, -6.535429587664049578 ) ) ;
#5175 = ORIENTED_EDGE ( 'NONE', *, *, #4593, .T. ) ;
#5176 = PERSON_AND_ORGANIZATION_ROLE ( 'classification_officer' ) ;
#5177 = MANIFOLD_SOLID_BREP ( 'NONE', #1901 ) ;
#5178 = EDGE_LOOP ( 'NONE', ( #6631, #6599, #6803, #1195, #248, #4933 ) ) ;
#5179 = CC_DESIGN_PERSON_AND_ORGANIZATION_ASSIGNMENT ( #5898, #2788, ( #4666 ) ) ;
#5180 = AXIS2_PLACEMENT_3D ( 'NONE', #2934, #1601, #414 ) ;
#5181 = CARTESIAN_POINT ( 'NONE',  ( 106.3372671515495540, 0.8087663734094039381, -6.999505109105523815 ) ) ;
#5182 = EDGE_CURVE ( 'NONE', #2722, #4372, #3564, .T. ) ;
#5183 = CARTESIAN_POINT ( 'NONE',  ( 109.8244100512911956, 19.99993095563820233, 1.000268257709579833 ) ) ;
#5184 = CARTESIAN_POINT ( 'NONE',  ( 0.000000000000000000, 19.00000000000000000, 3.000000000000000000 ) ) ;
#5185 = DIRECTION ( 'NONE',  ( 4.336808689942015369E-15, 1.000000000000000000, 0.000000000000000000 ) ) ;
#5186 = AXIS2_PLACEMENT_3D ( 'NONE', #3030, #2361, #1053 ) ;
#5187 = DIRECTION ( 'NONE',  ( 0.000000000000000000, 1.000000000000000000, 0.000000000000000000 ) ) ;
#5188 = COORDINATED_UNIVERSAL_TIME_OFFSET ( 2, 0, .AHEAD. ) ;
#5189 = DIRECTION ( 'NONE',  ( 0.000000000000000000, 0.000000000000000000, 1.000000000000000000 ) ) ;
#5190 = EDGE_LOOP ( 'NONE', ( #6125, #4096, #6891 ) ) ;
#5191 = LINE ( 'NONE', #7796, #648 ) ;
#5192 = CARTESIAN_POINT ( 'NONE',  ( 3.000000000000000000, 1.000000000000000000, 0.000000000000000000 ) ) ;
#5193 = APPROVAL_PERSON_ORGANIZATION ( #3379, #6414, #896 ) ;
#5194 = CARTESIAN_POINT ( 'NONE',  ( 141.4355489556170369, -5.214441228830870578, 18.81748296484899896 ) ) ;
#5195 = CARTESIAN_POINT ( 'NONE',  ( 149.3519358227040073, 9.508195648614400142, 16.28271734939194815 ) ) ;
#5196 = CARTESIAN_POINT ( 'NONE',  ( 3.000000000000000000, 1.000000000000000000, 0.000000000000000000 ) ) ;
#5197 = ORIENTED_EDGE ( 'NONE', *, *, #6908, .T. ) ;
#5198 = ADVANCED_FACE ( 'NONE', ( #3023 ), #4203, .F. ) ;
#5199 = CARTESIAN_POINT ( 'NONE',  ( 110.1656931626149998, 1.006450157371265863, -0.06030737921327079115 ) ) ;
#5200 = EDGE_LOOP ( 'NONE', ( #7813, #6958, #6197, #633 ) ) ;
#5201 = PLANE ( 'NONE',  #4648 ) ;
#5202 = DIRECTION ( 'NONE',  ( 0.3518742894375671559, -0.007564037364538213869, -0.9360167037887493491 ) ) ;
#5203 = CARTESIAN_POINT ( 'NONE',  ( 148.7083515827920053, -10.00000000000000000, -15.15286556612324809 ) ) ;
#5204 = CARTESIAN_POINT ( 'NONE',  ( 112.5513943275472002, 0.1585229760157979839, 7.481283546191629164 ) ) ;
#5205 = EDGE_CURVE ( 'NONE', #8187, #6490, #2040, .T. ) ;
#5206 = CARTESIAN_POINT ( 'NONE',  ( 112.1270318274518019, 19.68276276979569772, -7.447327796514510823 ) ) ;
#5207 = VERTEX_POINT ( 'NONE', #6179 ) ;
#5208 = ORIENTED_EDGE ( 'NONE', *, *, #7490, .T. ) ;
#5209 = CARTESIAN_POINT ( 'NONE',  ( 118.0473914109808504, 19.57688420438266164, 8.955814228972910129 ) ) ;
#5210 = ORIENTED_EDGE ( 'NONE', *, *, #1008, .T. ) ;
#5211 = LINE ( 'NONE', #7777, #7703 ) ;
#5212 = DIRECTION ( 'NONE',  ( 0.000000000000000000, 0.000000000000000000, 1.000000000000000000 ) ) ;
#5213 = EDGE_CURVE ( 'NONE', #6325, #128, #2982, .T. ) ;
#5214 = AXIS2_PLACEMENT_3D ( 'NONE', #2056, #5158, #5913 ) ;
#5215 = ADVANCED_FACE ( 'NONE', ( #6857, #1090 ), #6225, .F. ) ;
#5216 = CARTESIAN_POINT ( 'NONE',  ( 138.2928594947582042, 15.55953114947934957, 11.36193647084540004 ) ) ;
#5217 = DIRECTION ( 'NONE',  ( 0.3518843560536765724, 0.000000000000000000, 0.9360434818771451448 ) ) ;
#5218 = DIRECTION ( 'NONE',  ( -0.9396923317465776249, 0.0007843330717037105826, -0.3420200381239563714 ) ) ;
#5219 = CARTESIAN_POINT ( 'NONE',  ( 110.1701322576242461, 0.7998406990173312359, -7.016065597092627115 ) ) ;
#5220 = ORIENTED_EDGE ( 'NONE', *, *, #2317, .F. ) ;
#5221 = VECTOR ( 'NONE', #3010, 1000.000000000000000 ) ;
#5222 = VERTEX_POINT ( 'NONE', #1172 ) ;
#5223 = PLANE ( 'NONE',  #6654 ) ;
#5224 = CARTESIAN_POINT ( 'NONE',  ( 126.6765942296621290, -1.434937610375681905, -6.069783908543411322 ) ) ;
#5225 = CARTESIAN_POINT ( 'NONE',  ( 146.9526503818005949, 9.539544568843229655, 19.82318590585735052 ) ) ;
#5226 = CYLINDRICAL_SURFACE ( 'NONE', #8075, 1.000000000000000000 ) ;
#5227 = DIRECTION ( 'NONE',  ( 0.9396926207858911084, 0.000000000000000000, -0.3420201433257158419 ) ) ;
#5228 = DATE_TIME_ROLE ( 'classification_date' ) ;
#5229 = EDGE_CURVE ( 'NONE', #2832, #2521, #3068, .T. ) ;
#5230 = CARTESIAN_POINT ( 'NONE',  ( 107.8161785944026008, 19.00000000000000000, -6.000000000000000000 ) ) ;
#5231 = ORIENTED_EDGE ( 'NONE', *, *, #2468, .T. ) ;
#5232 = VECTOR ( 'NONE', #7309, 1000.000000000000000 ) ;
#5233 = CARTESIAN_POINT ( 'NONE',  ( 1.670546387488949902, 18.79766592268629921, 0.3035011159708014827 ) ) ;
#5234 = CARTESIAN_POINT ( 'NONE',  ( 116.3095231652221884, -0.1838665319894199346, 8.304593205059603633 ) ) ;
#5235 = AXIS2_PLACEMENT_3D ( 'NONE', #7210, #5322, #2212 ) ;
#5236 = CARTESIAN_POINT ( 'NONE',  ( 143.4148550467310201, -6.162433999526959916, 19.56155828056839852 ) ) ;
#5237 = DIRECTION ( 'NONE',  ( 0.9396926207859840341, 0.000000000000000000, -0.3420201433254610457 ) ) ;
#5238 = CARTESIAN_POINT ( 'NONE',  ( 0.04764093688219917661, 2.644972268783341018, -2.467456153463948976 ) ) ;
#5239 = ORIENTED_EDGE ( 'NONE', *, *, #1911, .F. ) ;
#5240 = CARTESIAN_POINT ( 'NONE',  ( 5.500999999999999446, 6.599999999999999645, -12.00000000000000000 ) ) ;
#5241 = EDGE_LOOP ( 'NONE', ( #6838, #526, #504, #2150, #7287, #8144 ) ) ;
#5242 = EDGE_CURVE ( 'NONE', #2387, #1349, #4980, .T. ) ;
#5243 = CARTESIAN_POINT ( 'NONE',  ( 149.6400405280753318, -9.912378441609552837, 15.51633337431110782 ) ) ;
#5244 = CARTESIAN_POINT ( 'NONE',  ( 148.7083515827920053, 9.501908822039640157, -15.15286556612324809 ) ) ;
#5245 = PLANE ( 'NONE',  #6788 ) ;
#5246 = ADVANCED_FACE ( 'NONE', ( #7027 ), #7698, .T. ) ;
#5247 = CARTESIAN_POINT ( 'NONE',  ( 110.0000000000000284, 18.88652285270513431, -6.999999999999998224 ) ) ;
#5248 = AXIS2_PLACEMENT_3D ( 'NONE', #200, #6598, #4816 ) ;
#5249 = CARTESIAN_POINT ( 'NONE',  ( 109.9977639494924659, 19.53116847852759008, -6.901684355119421355 ) ) ;
#5250 = EDGE_LOOP ( 'NONE', ( #7922, #886, #7932, #2377, #4414 ) ) ;
#5251 = AXIS2_PLACEMENT_3D ( 'NONE', #3718, #5485, #3088 ) ;
#5252 = VERTEX_POINT ( 'NONE', #5039 ) ;
#5253 = DIRECTION ( 'NONE',  ( 0.000000000000000000, 0.000000000000000000, -1.000000000000000000 ) ) ;
#5254 = AXIS2_PLACEMENT_3D ( 'NONE', #4989, #6975, #1675 ) ;
#5255 = VERTEX_POINT ( 'NONE', #6983 ) ;
#5256 = CARTESIAN_POINT ( 'NONE',  ( 109.6862068386953979, 1.002243946465609881, 4.553649124439119412E-15 ) ) ;
#5257 = CARTESIAN_POINT ( 'NONE',  ( 110.7916377601046065, 19.95495237055780180, 6.455689336831039959 ) ) ;
#5258 = EDGE_CURVE ( 'NONE', #4361, #2230, #588, .T. ) ;
#5259 = DIRECTION ( 'NONE',  ( 0.000000000000000000, 0.000000000000000000, 1.000000000000000000 ) ) ;
#5260 = VECTOR ( 'NONE', #2068, 1000.000000000000000 ) ;
#5261 = CARTESIAN_POINT ( 'NONE',  ( 112.2845556778755309, 0.1834542444565623875, -7.404636743125278642 ) ) ;
#5262 = CARTESIAN_POINT ( 'NONE',  ( 109.9991962003592505, 18.90577707465780932, 7.000000000001572964 ) ) ;
#5263 = CARTESIAN_POINT ( 'NONE',  ( 0.000000000000000000, 17.00000000000000000, -4.000000000000000000 ) ) ;
#5264 = VERTEX_POINT ( 'NONE', #3237 ) ;
#5265 = VECTOR ( 'NONE', #1905, 1000.000000000000000 ) ;
#5266 = PLANE ( 'NONE',  #1946 ) ;
#5267 = CARTESIAN_POINT ( 'NONE',  ( 110.2042572562888836, 19.72187167679144437, -6.678568776282160613 ) ) ;
#5268 = AXIS2_PLACEMENT_3D ( 'NONE', #8031, #4911, #6142 ) ;
#5269 = CYLINDRICAL_SURFACE ( 'NONE', #4464, 0.9999999999999991118 ) ;
#5270 = SPHERICAL_SURFACE ( 'NONE', #3628, 1.000000000000000000 ) ;
#5271 = APPLICATION_PROTOCOL_DEFINITION ( 'international standard', 'config_control_design', 1994, #387 ) ;
#5272 = EDGE_CURVE ( 'NONE', #1880, #3745, #6306, .T. ) ;
#5273 = DIRECTION ( 'NONE',  ( 1.000000000000000000, 0.000000000000000000, 0.000000000000000000 ) ) ;
#5274 = VERTEX_POINT ( 'NONE', #6899 ) ;
#5275 = CARTESIAN_POINT ( 'NONE',  ( 2.222152302202439866, 19.90404994759520108, 1.063966701603181964 ) ) ;
#5276 = CARTESIAN_POINT ( 'NONE',  ( 115.8307140974390848, -0.1381840905458526780, -8.124502085781568184 ) ) ;
#5277 = CARTESIAN_POINT ( 'NONE',  ( 106.3647230434517894, 0.9973943710621530068, -6.999996605343159928 ) ) ;
#5278 = EDGE_CURVE ( 'NONE', #1880, #7244, #1804, .T. ) ;
#5279 = CARTESIAN_POINT ( 'NONE',  ( 107.7976269828425870, 1.000000000000000000, 6.000000000000000000 ) ) ;
#5280 = CARTESIAN_POINT ( 'NONE',  ( 149.7093515827920100, 6.599999999999999645, 12.00000000000000000 ) ) ;
#5281 = DIRECTION ( 'NONE',  ( 0.000000000000000000, 0.000000000000000000, 1.000000000000000000 ) ) ;
#5282 = ORIENTED_EDGE ( 'NONE', *, *, #2488, .F. ) ;
#5283 = CARTESIAN_POINT ( 'NONE',  ( 106.3649126752824117, 18.88652285270550024, -7.000000000000000000 ) ) ;
#5284 = ORIENTED_EDGE ( 'NONE', *, *, #4370, .T. ) ;
#5285 = VECTOR ( 'NONE', #16, 1000.000000000000000 ) ;
#5286 = CARTESIAN_POINT ( 'NONE',  ( 109.7616366378922095, 19.99997724607450067, -1.000177271887628283 ) ) ;
#5287 = FACE_OUTER_BOUND ( 'NONE', #4886, .T. ) ;
#5288 = DIRECTION ( 'NONE',  ( -0.9360434818771458110, 0.000000000000000000, -0.3518843560536749071 ) ) ;
#5289 = DIRECTION ( 'NONE',  ( 0.000000000000000000, 0.000000000000000000, 1.000000000000000000 ) ) ;
#5290 = CARTESIAN_POINT ( 'NONE',  ( 113.4856310630694480, 0.8162513279628854646, -8.303957183550398469 ) ) ;
#5291 = ORIENTED_EDGE ( 'NONE', *, *, #5998, .T. ) ;
#5292 = CIRCLE ( 'NONE', #717, 1.000000000000000888 ) ;
#5293 = ORIENTED_EDGE ( 'NONE', *, *, #6609, .T. ) ;
#5294 = CARTESIAN_POINT ( 'NONE',  ( 133.1841186874837319, 16.53735983485940153, 14.64449068144896415 ) ) ;
#5295 = ORIENTED_EDGE ( 'NONE', *, *, #6950, .T. ) ;
#5296 = CARTESIAN_POINT ( 'NONE',  ( 0.1832449974683016125, 1.967164050986912605, 2.311452305491706660 ) ) ;
#5297 = LINE ( 'NONE', #3233, #4153 ) ;
#5298 = CARTESIAN_POINT ( 'NONE',  ( 107.8302566377117984, 0.0006030513617902579730, -6.011876223126760621 ) ) ;
#5299 = DIRECTION ( 'NONE',  ( 0.000000000000000000, 0.000000000000000000, 1.000000000000000000 ) ) ;
#5300 = CARTESIAN_POINT ( 'NONE',  ( 109.8236730192891883, 1.006450157371265863, 0.9999999999995841105 ) ) ;
#5301 = CARTESIAN_POINT ( 'NONE',  ( 112.8040152408405703, 19.39869569752124079, -7.920376695596149652 ) ) ;
#5302 = EDGE_LOOP ( 'NONE', ( #1796, #424 ) ) ;
#5303 = ADVANCED_FACE ( 'NONE', ( #4996 ), #5629, .T. ) ;
#5304 = CARTESIAN_POINT ( 'NONE',  ( 112.2065680289120024, 19.65673119011919923, 7.504734451837940412 ) ) ;
#5305 = CARTESIAN_POINT ( 'NONE',  ( 148.5423865121058213, -8.922563096391787241, -14.02828144798968246 ) ) ;
#5306 = DIRECTION ( 'NONE',  ( 0.3518744015698616612, -0.007521791966615704039, -0.9360170020707224703 ) ) ;
#5307 = CARTESIAN_POINT ( 'NONE',  ( 110.1656931626149998, 1.006450157371265863, 0.06030737921327079115 ) ) ;
#5308 = CARTESIAN_POINT ( 'NONE',  ( 147.5368095076242128, -10.00000000000000000, -21.11111374378814887 ) ) ;
#5309 = DATE_AND_TIME ( #3330, #8278 ) ;
#5310 = AXIS2_PLACEMENT_3D ( 'NONE', #7456, #1152, #2255 ) ;
#5311 = DIRECTION ( 'NONE',  ( 1.000000000000000000, 0.000000000000000000, 0.000000000000000000 ) ) ;
#5312 = EDGE_LOOP ( 'NONE', ( #5335, #151, #3747, #5282 ) ) ;
#5313 = CARTESIAN_POINT ( 'NONE',  ( 3.000000000000000000, 19.00000000000000000, -7.000000000000000000 ) ) ;
#5314 = CARTESIAN_POINT ( 'NONE',  ( 149.2570228453243999, 10.31374609175085943, -15.35256557408235167 ) ) ;
#5315 = EDGE_CURVE ( 'NONE', #6454, #7327, #7289, .T. ) ;
#5316 = CARTESIAN_POINT ( 'NONE',  ( 132.6041327018839695, 15.56725065090000015, 15.49751195746085131 ) ) ;
#5317 = CIRCLE ( 'NONE', #5186, 1.000000000000000000 ) ;
#5318 = CARTESIAN_POINT ( 'NONE',  ( 133.4009354777575993, -1.967797664551454995, 8.517243967887710099 ) ) ;
#5319 = EDGE_CURVE ( 'NONE', #1267, #2140, #4178, .T. ) ;
#5320 = CARTESIAN_POINT ( 'NONE',  ( 1.670546387488949902, 18.79766592268629921, -0.3035011159708014827 ) ) ;
#5321 = DIRECTION ( 'NONE',  ( 0.000000000000000000, 0.000000000000000000, 1.000000000000000000 ) ) ;
#5322 = DIRECTION ( 'NONE',  ( 0.000000000000000000, 0.000000000000000000, 1.000000000000000000 ) ) ;
#5323 = ORIENTED_EDGE ( 'NONE', *, *, #4184, .F. ) ;
#5324 = CARTESIAN_POINT ( 'NONE',  ( 5.500000000000000000, -32.00100000000000477, 11.50000000000000000 ) ) ;
#5325 = ORIENTED_EDGE ( 'NONE', *, *, #4845, .T. ) ;
#5326 = DIRECTION ( 'NONE',  ( -1.000000000000000000, 1.734723475976804876E-16, 0.000000000000000000 ) ) ;
#5327 = CYLINDRICAL_SURFACE ( 'NONE', #779, 3.000000000000000000 ) ;
#5328 = CARTESIAN_POINT ( 'NONE',  ( 112.3015452205527396, 0.1873863077402330435, 7.421751846005013142 ) ) ;
#5329 = LINE ( 'NONE', #8013, #2687 ) ;
#5330 = CARTESIAN_POINT ( 'NONE',  ( 108.7062463747002710, 0.06632383119147759742, -6.288013678092836400 ) ) ;
#5331 = CC_DESIGN_APPROVAL ( #3681, ( #4666 ) ) ;
#5332 = PRODUCT_RELATED_PRODUCT_CATEGORY ( 'detail', '', ( #1514 ) ) ;
#5333 = EDGE_LOOP ( 'NONE', ( #7030, #5698, #2022 ) ) ;
#5334 = CARTESIAN_POINT ( 'NONE',  ( 109.6360697656946144, 19.99999999999770139, 1.000000055945251987 ) ) ;
#5335 = ORIENTED_EDGE ( 'NONE', *, *, #1233, .F. ) ;
#5336 = CARTESIAN_POINT ( 'NONE',  ( 80.00000000000000000, -5.000000000000000000, 0.000000000000000000 ) ) ;
#5337 = DESIGN_CONTEXT ( 'detailed design', #2968, 'design' ) ;
#5338 = CARTESIAN_POINT ( 'NONE',  ( 109.8236730192891883, 1.006450157371265863, 0.9999999999991679989 ) ) ;
#5339 = CARTESIAN_POINT ( 'NONE',  ( 2.803648237606790161, 2.633728631076509817E-16, -1.000000000004059864 ) ) ;
#5340 = CARTESIAN_POINT ( 'NONE',  ( 131.2127313850501764, 15.93403339920205042, 14.97444613213779974 ) ) ;
#5341 = LINE ( 'NONE', #5930, #7530 ) ;
#5342 = CARTESIAN_POINT ( 'NONE',  ( 110.2580882724176803, 0.6199184417970029504, -6.999523686151807311 ) ) ;
#5343 = ORIENTED_EDGE ( 'NONE', *, *, #5998, .F. ) ;
#5344 = CARTESIAN_POINT ( 'NONE',  ( 113.4025997963560002, 18.98526096017659981, 8.279130362457099324 ) ) ;
#5345 = EDGE_CURVE ( 'NONE', #8263, #2933, #3513, .T. ) ;
#5346 = CARTESIAN_POINT ( 'NONE',  ( 141.1820302927901025, -5.254659816983077825, -11.34933087056472623 ) ) ;
#5347 = EDGE_CURVE ( 'NONE', #5765, #2800, #558, .T. ) ;
#5348 = FACE_OUTER_BOUND ( 'NONE', #3105, .T. ) ;
#5349 = CARTESIAN_POINT ( 'NONE',  ( 2.782701330032841813, 0.8745428680457369985, -7.000000000000002665 ) ) ;
#5350 = DIRECTION ( 'NONE',  ( -1.000000000000000000, -8.595445695815679977E-32, 0.000000000000000000 ) ) ;
#5351 = AXIS2_PLACEMENT_3D ( 'NONE', #5946, #7246, #187 ) ;
#5352 = PERSON_AND_ORGANIZATION ( #5375, #6038 ) ;
#5353 = CARTESIAN_POINT ( 'NONE',  ( 0.2027417934594959170, 17.72276401166229576, 1.915852438288677906 ) ) ;
#5354 = ORIENTED_EDGE ( 'NONE', *, *, #8203, .F. ) ;
#5355 = PRODUCT_DEFINITION_SHAPE ( 'NONE', 'NONE',  #8319 ) ;
#5356 = CARTESIAN_POINT ( 'NONE',  ( 0.05345479281063252042, 2.337867473981271704, 2.337867473981271704 ) ) ;
#5357 = CARTESIAN_POINT ( 'NONE',  ( 136.4019352407949555, -4.349615928607188486, 15.85991935362798166 ) ) ;
#5358 = ADVANCED_FACE ( 'NONE', ( #6650 ), #3957, .F. ) ;
#5359 = CARTESIAN_POINT ( 'NONE',  ( 109.3608700487885983, 19.96479223521905055, -6.245780707316059832 ) ) ;
#5360 = DIRECTION ( 'NONE',  ( 0.000000000000000000, -1.000000000000000000, 0.000000000000000000 ) ) ;
#5361 = LINE ( 'NONE', #65, #7706 ) ;
#5362 = ORIENTED_EDGE ( 'NONE', *, *, #619, .T. ) ;
#5363 = ADVANCED_FACE ( 'NONE', ( #7151 ), #5929, .T. ) ;
#5364 = FACE_OUTER_BOUND ( 'NONE', #8021, .T. ) ;
#5365 = AXIS2_PLACEMENT_3D ( 'NONE', #5308, #853, #7162 ) ;
#5366 = CARTESIAN_POINT ( 'NONE',  ( 148.7083515827920053, 9.501908822039640157, 15.15286556612324809 ) ) ;
#5367 = CARTESIAN_POINT ( 'NONE',  ( 112.1453443218093753, 0.2042540921675862764, 7.385806580060269688 ) ) ;
#5368 = LINE ( 'NONE', #2847, #4831 ) ;
#5369 = DIRECTION ( 'NONE',  ( 0.000000000000000000, 1.000000000000000000, 0.000000000000000000 ) ) ;
#5370 = APPROVAL_PERSON_ORGANIZATION ( #4433, #2708, #557 ) ;
#5371 = EDGE_LOOP ( 'NONE', ( #1468, #7634, #4371, #7343, #6108, #3820, #4500, #1778, #7973 ) ) ;
#5372 = VERTEX_POINT ( 'NONE', #7865 ) ;
#5373 = CYLINDRICAL_SURFACE ( 'NONE', #6223, 2.000000000000001776 ) ;
#5374 = ORIENTED_EDGE ( 'NONE', *, *, #4862, .T. ) ;
#5375 = PERSON ( 'UNSPECIFIED', 'UNSPECIFIED', 'UNSPECIFIED', ('UNSPECIFIED'), ('UNSPECIFIED'), ('UNSPECIFIED') ) ;
#5376 = CARTESIAN_POINT ( 'NONE',  ( 107.9030759292970032, 19.75984114947405246, 6.650843912689600401 ) ) ;
#5377 = VECTOR ( 'NONE', #7172, 1000.000000000000000 ) ;
#5378 = FACE_OUTER_BOUND ( 'NONE', #5512, .T. ) ;
#5379 = CIRCLE ( 'NONE', #1743, 0.4499999999999869660 ) ;
#5380 = CARTESIAN_POINT ( 'NONE',  ( 3.000000000000000000, -7.810249675906650424, 9.501000000000001222 ) ) ;
#5381 = EDGE_CURVE ( 'NONE', #5264, #3895, #4600, .T. ) ;
#5382 = DIRECTION ( 'NONE',  ( -4.336808689942015369E-15, -1.000000000000000000, 0.000000000000000000 ) ) ;
#5383 = CARTESIAN_POINT ( 'NONE',  ( 113.3990003999760035, 18.89209477623894884, -8.277761672821089434 ) ) ;
#5384 = ORIENTED_EDGE ( 'NONE', *, *, #4645, .F. ) ;
#5385 = AXIS2_PLACEMENT_3D ( 'NONE', #7700, #8197, #499 ) ;
#5386 = CARTESIAN_POINT ( 'NONE',  ( 113.4025997963407946, 0.9817572793277667964, -8.279130362451388336 ) ) ;
#5387 = AXIS2_PLACEMENT_3D ( 'NONE', #2578, #1814, #4429 ) ;
#5388 = B_SPLINE_CURVE_WITH_KNOTS ( 'NONE', 3,
 ( #7803, #1329, #6461, #6506, #5870, #7131, #1867, #4574, #5238, #7760, #695, #7087, #1239, #5105, #6332, #2050, #3260, #5830, #2588, #566, #3807, #63, #1916, #4617, #3213, #4487, #5786, #1194, #5743, #6417, #2005, #3134, #1370, #733, #3765, #3894, #2545, #3939, #2629, #3300, #5196 ),
 .UNSPECIFIED., .F., .F.,
 ( 4, 2, 2, 1, 1, 1, 2, 2, 2, 2, 1, 1, 2, 2, 2, 2, 1, 1, 2, 2, 2, 2, 2, 4 ),
 ( 0.000000000000000000, 0.06249999999999764078, 0.09374999999999646116, 0.1093749999999959477, 0.1171874999999955591, 0.1210937499999952260, 0.1230468749999952954, 0.1249999999999953648, 0.1874999999999943934, 0.2187499999999938660, 0.2343749999999936995, 0.2421874999999936440, 0.2460937499999936440, 0.2499999999999936717, 0.3749999999999945044, 0.4374999999999948930, 0.4687499999999951150, 0.4843749999999952816, 0.4921874999999953371, 0.4999999999999954481, 0.6249999999999964473, 0.6874999999999970024, 0.7499999999999975575, 1.000000000000000000 ),
 .UNSPECIFIED. ) ;
#5389 = CARTESIAN_POINT ( 'NONE',  ( 5.500999999999999446, 20.00000000000000000, 12.00000000000000000 ) ) ;
#5390 = CARTESIAN_POINT ( 'NONE',  ( 109.4096261370167866, 19.99537881500869219, -6.391763965967895089 ) ) ;
#5391 = CARTESIAN_POINT ( 'NONE',  ( 0.8625208021228624178, 19.10506897972280171, -1.596622664766032207 ) ) ;
#5392 = CARTESIAN_POINT ( 'NONE',  ( 0.000000000000000000, 3.000000000000000000, 3.000000000000000000 ) ) ;
#5393 = VECTOR ( 'NONE', #4975, 1000.000000000000000 ) ;
#5394 = DATE_TIME_ROLE ( 'classification_date' ) ;
#5395 = CARTESIAN_POINT ( 'NONE',  ( 63.87500000000000000, -30.69597054535374880, 6.000000000000000000 ) ) ;
#5396 = EDGE_LOOP ( 'NONE', ( #6246, #715, #4149, #7405 ) ) ;
#5397 = CARTESIAN_POINT ( 'NONE',  ( 3.035766082959410049E-15, 2.607230121851484839, 2.738153414567654931 ) ) ;
#5398 = CIRCLE ( 'NONE', #6913, 0.9999999999999953371 ) ;
#5399 = CLOSED_SHELL ( 'NONE', ( #5163, #5198, #2175, #169, #4325, #1669, #1201, #1110, #7401, #1753, #6183, #568, #5936, #3787, #5215, #6647, #7502, #8245, #4893, #7821, #7522, #7852, #8033, #2975, #5933, #5976, #2991, #3206, #5653, #832, #6435, #736, #1161, #6962, #5409, #3559, #932, #3349, #5725, #1775, #7065, #7303, #3160, #373, #1614, #3705, #1403, #1498, #4705, #6214, #1447, #3505, #2980, #2014, #5893, #6608, #6553, #4604, #4609, #7685, #3341, #1295, #4234, #3272, #2725, #6080, #2176, #768, #428, #2774, #4624, #2803, #6451, #6124, #6703 ) ) ;
#5400 = AXIS2_PLACEMENT_3D ( 'NONE', #6276, #8209, #6235 ) ;
#5401 = CARTESIAN_POINT ( 'NONE',  ( 130.0422221154982196, 17.35037702541999849, 13.46354687173316123 ) ) ;
#5402 = CARTESIAN_POINT ( 'NONE',  ( 126.3345740863840092, -1.434937610148868004, 7.009476529337320017 ) ) ;
#5403 = CARTESIAN_POINT ( 'NONE',  ( 109.7739456908870181, 19.98564999292720046, -6.126471963934240428 ) ) ;
#5404 = CARTESIAN_POINT ( 'NONE',  ( 113.4025997963560002, 1.000000000000000000, -8.279130362457099324 ) ) ;
#5405 = DATE_AND_TIME ( #4181, #1870 ) ;
#5406 = CARTESIAN_POINT ( 'NONE',  ( 146.9526503818007654, 9.539544568843169259, -19.82318590585730078 ) ) ;
#5407 = ORIENTED_EDGE ( 'NONE', *, *, #6186, .F. ) ;
#5408 = EDGE_CURVE ( 'NONE', #2506, #4158, #5972, .T. ) ;
#5409 = ADVANCED_FACE ( 'NONE', ( #1346 ), #2107, .T. ) ;
#5410 = DIRECTION ( 'NONE',  ( -1.000000000000000000, 0.000000000000000000, -4.954937092193129892E-16 ) ) ;
#5411 = CARTESIAN_POINT ( 'NONE',  ( 149.2570228453243999, 10.31374609175089851, 15.35256557408235167 ) ) ;
#5412 = FACE_OUTER_BOUND ( 'NONE', #2681, .T. ) ;
#5413 = DIRECTION ( 'NONE',  ( 0.3518763988791945296, -0.006724995583397952448, -0.9360223150898772104 ) ) ;
#5414 = VERTEX_POINT ( 'NONE', #3319 ) ;
#5415 = CARTESIAN_POINT ( 'NONE',  ( 116.9035311861839972, 18.90712816081335035, -2.512679863099394950 ) ) ;
#5416 = VERTEX_POINT ( 'NONE', #2029 ) ;
#5417 = CARTESIAN_POINT ( 'NONE',  ( 0.6269225563552308644, 1.162100372170964624, 1.775038133058162604 ) ) ;
#5418 = CARTESIAN_POINT ( 'NONE',  ( 107.8161785944026008, 20.00000000000000000, -6.000000000000000000 ) ) ;
#5419 = FACE_OUTER_BOUND ( 'NONE', #5190, .T. ) ;
#5420 = CIRCLE ( 'NONE', #3947, 0.9499999999999999556 ) ;
#5421 = EDGE_CURVE ( 'NONE', #3924, #5072, #5847, .T. ) ;
#5422 = CYLINDRICAL_SURFACE ( 'NONE', #3166, 3.000000000000000000 ) ;
#5423 = VECTOR ( 'NONE', #5326, 1000.000000000000000 ) ;
#5424 = DIRECTION ( 'NONE',  ( -0.9360434818771650178, 0.000000000000000000, -0.3518843560536241699 ) ) ;
#5425 = DIRECTION ( 'NONE',  ( 0.000000000000000000, 1.000000000000000000, 0.000000000000000000 ) ) ;
#5426 = CARTESIAN_POINT ( 'NONE',  ( 5.499000000000000554, -7.810249675906650424, -12.00000000000000000 ) ) ;
#5427 = ORIENTED_EDGE ( 'NONE', *, *, #3759, .T. ) ;
#5428 = CARTESIAN_POINT ( 'NONE',  ( 112.9994566441984034, 19.28314899720840003, 8.048690059065069846 ) ) ;
#5429 = DIRECTION ( 'NONE',  ( 1.000000000000000000, 0.000000000000000000, 0.000000000000000000 ) ) ;
#5430 = CARTESIAN_POINT ( 'NONE',  ( 3.000000000000000000, 0.000000000000000000, -6.000000000000000000 ) ) ;
#5431 = CARTESIAN_POINT ( 'NONE',  ( 108.9304834003816040, 0.05745187353662870033, -6.242974608997220010 ) ) ;
#5432 = DATE_TIME_ROLE ( 'classification_date' ) ;
#5433 = CC_DESIGN_PERSON_AND_ORGANIZATION_ASSIGNMENT ( #4966, #2951, ( #798 ) ) ;
#5434 = LINE ( 'NONE', #6146, #3128 ) ;
#5435 = ORIENTED_EDGE ( 'NONE', *, *, #3780, .T. ) ;
#5436 = DIRECTION ( 'NONE',  ( -1.719089139163134901E-31, 1.000000000000000000, 0.000000000000000000 ) ) ;
#5437 = DIRECTION ( 'NONE',  ( 0.000000000000000000, 0.000000000000000000, 1.000000000000000000 ) ) ;
#5438 = DIRECTION ( 'NONE',  ( 0.000000000000000000, 1.000000000000000000, 0.000000000000000000 ) ) ;
#5439 = CARTESIAN_POINT ( 'NONE',  ( 1.496547972348960087, 18.73566319573160044, -0.3965052064026104994 ) ) ;
#5440 = CARTESIAN_POINT ( 'NONE',  ( 2.033353018320509964, 1.102147792640975954, 0.1532216889614815003 ) ) ;
#5441 = APPROVAL_STATUS ( 'not_yet_approved' ) ;
#5442 = DIRECTION ( 'NONE',  ( 0.000000000000000000, 0.000000000000000000, -1.000000000000000000 ) ) ;
#5443 = EDGE_LOOP ( 'NONE', ( #567, #1427, #2664, #5975, #6390, #1600, #6515, #300, #6653, #5755, #6712, #7694, #824, #718, #1278, #5722, #174, #3103, #5015, #5907, #3678, #6309 ) ) ;
#5444 = VECTOR ( 'NONE', #3050, 1000.000000000000000 ) ;
#5445 = CARTESIAN_POINT ( 'NONE',  ( 107.8263656776197621, 0.1197772705776619789, 6.473689807818184150 ) ) ;
#5446 = EDGE_CURVE ( 'NONE', #6490, #8187, #20, .T. ) ;
#5447 = CARTESIAN_POINT ( 'NONE',  ( 109.6128078367476490, 0.3292988855214742383, 6.900588860247676593 ) ) ;
#5448 = DIRECTION ( 'NONE',  ( 0.000000000000000000, 1.000000000000000000, 0.000000000000000000 ) ) ;
#5449 = CARTESIAN_POINT ( 'NONE',  ( 108.9966289142835620, 0.05639309321742502767, -6.230261852592655636 ) ) ;
#5450 = EDGE_CURVE ( 'NONE', #233, #3992, #6582, .T. ) ;
#5451 = ORIENTED_EDGE ( 'NONE', *, *, #182, .T. ) ;
#5452 = CARTESIAN_POINT ( 'NONE',  ( 136.1714310985269094, 16.26875201332381593, -9.525621908011151717 ) ) ;
#5453 = EDGE_LOOP ( 'NONE', ( #213, #2432, #5323 ) ) ;
#5454 = CARTESIAN_POINT ( 'NONE',  ( 109.6174781541735967, 1.000000000000000000, 1.000000000000000000 ) ) ;
#5455 = ORIENTED_EDGE ( 'NONE', *, *, #2902, .F. ) ;
#5456 = LINE ( 'NONE', #6804, #5232 ) ;
#5457 = EDGE_CURVE ( 'NONE', #2289, #4878, #4379, .T. ) ;
#5458 = CARTESIAN_POINT ( 'NONE',  ( 106.3649126752824117, 18.88652285270550024, 27.00000000000000000 ) ) ;
#5459 = LOCAL_TIME ( 21, 5, 34.00000000000000000, #5085 ) ;
#5460 = FACE_BOUND ( 'NONE', #3577, .T. ) ;
#5461 = DIRECTION ( 'NONE',  ( 0.000000000000000000, -1.000000000000000000, 0.000000000000000000 ) ) ;
#5462 = ORIENTED_EDGE ( 'NONE', *, *, #4515, .F. ) ;
#5463 = CARTESIAN_POINT ( 'NONE',  ( 118.2104738258139349, 0.2900807937219123112, -4.052545854294011818 ) ) ;
#5464 = EDGE_CURVE ( 'NONE', #6387, #7617, #1089, .T. ) ;
#5465 = CARTESIAN_POINT ( 'NONE',  ( 139.0461898743209304, -5.337638133410132824, -17.91925751058445826 ) ) ;
#5466 = EDGE_CURVE ( 'NONE', #2883, #621, #6834, .T. ) ;
#5467 = FACE_OUTER_BOUND ( 'NONE', #5076, .T. ) ;
#5468 = DIRECTION ( 'NONE',  ( -0.9999759799133167704, 0.006931060265350833492, 0.000000000000000000 ) ) ;
#5469 = CARTESIAN_POINT ( 'NONE',  ( 112.1615038554194115, 0.1140412492303824049, -7.224699600035890512 ) ) ;
#5470 = CALENDAR_DATE ( 2026, 3, 9 ) ;
#5471 = CARTESIAN_POINT ( 'NONE',  ( 5.499000000000000554, 6.599999999999999645, -9.501000000000001222 ) ) ;
#5472 = VERTEX_POINT ( 'NONE', #6965 ) ;
#5473 = DIRECTION ( 'NONE',  ( 1.734723475976805122E-15, 1.000000000000000000, -6.104220532753050132E-16 ) ) ;
#5474 = CARTESIAN_POINT ( 'NONE',  ( 106.9394937663250005, 19.46786434609534666, 6.886502143979369883 ) ) ;
#5475 = AXIS2_PLACEMENT_3D ( 'NONE', #4581, #6550, #5795 ) ;
#5476 = DIRECTION ( 'NONE',  ( -0.9360434818771672383, 0.000000000000000000, 0.3518843560536181192 ) ) ;
#5477 = CARTESIAN_POINT ( 'NONE',  ( 113.4012474132096031, 18.88825774370570088, -8.278621964629619967 ) ) ;
#5478 = CARTESIAN_POINT ( 'NONE',  ( 113.5092551128844036, 0.6743423103827680398, 8.281157727821637948 ) ) ;
#5479 = EDGE_CURVE ( 'NONE', #1820, #7519, #3676, .T. ) ;
#5480 = CALENDAR_DATE ( 2026, 3, 9 ) ;
#5481 = CYLINDRICAL_SURFACE ( 'NONE', #5542, 4.000000000000003553 ) ;
#5482 = ORIENTED_EDGE ( 'NONE', *, *, #5981, .F. ) ;
#5483 = CARTESIAN_POINT ( 'NONE',  ( 5.499000000000000554, 0.000000000000000000, -12.00000000000000000 ) ) ;
#5484 = CARTESIAN_POINT ( 'NONE',  ( 109.0701780519546276, 0.3129422546137196059, 6.810421470500788388 ) ) ;
#5485 = DIRECTION ( 'NONE',  ( -0.3420201433255969370, 1.561251128379140584E-14, 0.9396926207859345181 ) ) ;
#5486 = CARTESIAN_POINT ( 'NONE',  ( 135.8294109552350051, 16.26875201363095158, 10.46531452880824098 ) ) ;
#5487 = ORIENTED_EDGE ( 'NONE', *, *, #1138, .T. ) ;
#5488 = DIRECTION ( 'NONE',  ( 0.000000000000000000, 1.000000000000000000, 0.000000000000000000 ) ) ;
#5489 = EDGE_CURVE ( 'NONE', #3739, #25, #1559, .T. ) ;
#5490 = ORIENTED_EDGE ( 'NONE', *, *, #5805, .T. ) ;
#5491 = LINE ( 'NONE', #485, #5444 ) ;
#5492 = ORIENTED_EDGE ( 'NONE', *, *, #5381, .F. ) ;
#5493 = CARTESIAN_POINT ( 'NONE',  ( 146.6007660257469922, 9.539544568843218997, -20.75922938773445026 ) ) ;
#5494 = CARTESIAN_POINT ( 'NONE',  ( 111.3693388281147918, 0.06421264007209173674, -6.725360052204930383 ) ) ;
#5495 = APPROVAL_PERSON_ORGANIZATION ( #1058, #6925, #3037 ) ;
#5496 = CARTESIAN_POINT ( 'NONE',  ( 110.0000000000000000, 0.000000000000000000, 7.000000000000000000 ) ) ;
#5497 = DIRECTION ( 'NONE',  ( -0.9392167804700469746, -0.03181982016604929797, -0.3418469516144320153 ) ) ;
#5498 = ORIENTED_EDGE ( 'NONE', *, *, #2263, .T. ) ;
#5499 = CARTESIAN_POINT ( 'NONE',  ( 146.4464256596835980, -8.890127078178899467, -19.63893517515695208 ) ) ;
#5500 = EDGE_CURVE ( 'NONE', #4361, #5086, #6869, .T. ) ;
#5501 = VECTOR ( 'NONE', #4779, 1000.000000000000000 ) ;
#5502 =( BOUNDED_SURFACE ( )  B_SPLINE_SURFACE ( 3, 2, ( 
 ( #5911, #68, #7726 ),
 ( #1457, #2092, #2011 ),
 ( #154, #2761, #1292 ),
 ( #2674, #5243, #2717 ) ),
 .UNSPECIFIED., .F., .F., .F. ) 
 B_SPLINE_SURFACE_WITH_KNOTS ( ( 4, 4 ),
 ( 3, 3 ),
 ( 0.05680533708812099403, 0.06179487708665809542 ),
 ( 0.000000000000000000, 1.000000000000000000 ),
 .UNSPECIFIED. ) 
 GEOMETRIC_REPRESENTATION_ITEM ( )  RATIONAL_B_SPLINE_SURFACE ( (
 ( 1.000000000000000000, 0.4802690385462030087, 1.000000000000000000),
 ( 1.000000000000000000, 0.4799444129462500097, 1.000000000000000000),
 ( 1.000000000000000000, 0.4796190268390490008, 1.000000000000000000),
 ( 1.000000000000000000, 0.4792928781289149676, 1.000000000000000000) ) ) 
 REPRESENTATION_ITEM ( '' )  SURFACE ( )  );
#5503 = CARTESIAN_POINT ( 'NONE',  ( 125.4301498236840047, -0.6676952068081019043, -12.80061550520095892 ) ) ;
#5504 = CIRCLE ( 'NONE', #6, 1.000000000000000000 ) ;
#5505 = CARTESIAN_POINT ( 'NONE',  ( 3.000000000000000000, 19.00000000000000000, 0.000000000000000000 ) ) ;
#5506 = CARTESIAN_POINT ( 'NONE',  ( 60.00000000000000000, -5.000000000000000000, 0.000000000000000000 ) ) ;
#5507 = AXIS2_PLACEMENT_3D ( 'NONE', #6773, #3566, #292 ) ;
#5508 = CARTESIAN_POINT ( 'NONE',  ( 108.2386239531455914, 0.08884661930444810729, -6.383164950794589565 ) ) ;
#5509 = APPROVAL_DATE_TIME ( #6781, #2245 ) ;
#5510 = VECTOR ( 'NONE', #1537, 1000.000000000000114 ) ;
#5511 = AXIS2_PLACEMENT_3D ( 'NONE', #7232, #6651, #1473 ) ;
#5512 = EDGE_LOOP ( 'NONE', ( #2680, #3598, #4868, #3691 ) ) ;
#5513 = LINE ( 'NONE', #1613, #7496 ) ;
#5514 = CARTESIAN_POINT ( 'NONE',  ( 136.9561288301910622, -4.534878974993271861, -16.06793839236030408 ) ) ;
#5515 = CARTESIAN_POINT ( 'NONE',  ( 1.707106781187663458, 0.2928932188129195202, 6.707106781186766398 ) ) ;
#5516 = AXIS2_PLACEMENT_3D ( 'NONE', #7236, #6656, #6618 ) ;
#5517 = EDGE_CURVE ( 'NONE', #5831, #7424, #962, .T. ) ;
#5518 = CARTESIAN_POINT ( 'NONE',  ( 112.0561950959181985, 19.70594708066650114, -7.396200136960959348 ) ) ;
#5519 = CARTESIAN_POINT ( 'NONE',  ( 0.000000000000000000, 8.000000000000000000, 6.000000000000000000 ) ) ;
#5520 = APPROVAL_DATE_TIME ( #4921, #8304 ) ;
#5521 = CARTESIAN_POINT ( 'NONE',  ( 135.9367795830958130, 15.30041878589574900, -9.440215740970209879 ) ) ;
#5522 = CLOSED_SHELL ( 'NONE', ( #2486, #6978, #3130, #3901, #3031, #3344, #3657, #2516, #3048, #3600, #4943 ) ) ;
#5523 = ORIENTED_EDGE ( 'NONE', *, *, #8186, .T. ) ;
#5524 = AXIS2_PLACEMENT_3D ( 'NONE', #5630, #7481, #1134 ) ;
#5525 = CARTESIAN_POINT ( 'NONE',  ( 115.9656533722990019, 0.8229555721771009136, 9.242652329719879489 ) ) ;
#5526 = CARTESIAN_POINT ( 'NONE',  ( 110.2424551052309596, 0.3278579209484239199, 7.009737010004232438 ) ) ;
#5527 = LINE ( 'NONE', #353, #6318 ) ;
#5528 = CARTESIAN_POINT ( 'NONE',  ( 139.4551525494021007, 15.30472753550397869, 10.72079877375000656 ) ) ;
#5529 = ORIENTED_EDGE ( 'NONE', *, *, #6345, .F. ) ;
#5530 = CARTESIAN_POINT ( 'NONE',  ( 136.6511837637830240, 16.04146992120610093, -10.76441537043936059 ) ) ;
#5531 = ORIENTED_EDGE ( 'NONE', *, *, #4088, .F. ) ;
#5532 = CARTESIAN_POINT ( 'NONE',  ( 109.7874909845974116, 0.3356896432806434905, -6.929736164976409540 ) ) ;
#5533 = CARTESIAN_POINT ( 'NONE',  ( 1.836970198721029934E-16, 22.00000000000000000, 1.500000000000000000 ) ) ;
#5534 = EDGE_LOOP ( 'NONE', ( #8066, #6037, #2132, #6291 ) ) ;
#5535 = CARTESIAN_POINT ( 'NONE',  ( 112.1270318274518019, 19.68276276979569772, 7.447327796514500164 ) ) ;
#5536 = CARTESIAN_POINT ( 'NONE',  ( 109.6174781541735967, 1.000000000000000000, 1.000000000000000000 ) ) ;
#5537 = CARTESIAN_POINT ( 'NONE',  ( 5.499000000000000554, -7.810249675906650424, -9.501000000000001222 ) ) ;
#5538 = LINE ( 'NONE', #329, #4840 ) ;
#5539 = CARTESIAN_POINT ( 'NONE',  ( 8.000000000000000000, -7.810249675906650424, -6.000000000000000000 ) ) ;
#5540 = EDGE_LOOP ( 'NONE', ( #6215, #6761, #4632, #7991, #1254, #341, #7422, #5871 ) ) ;
#5541 = DIRECTION ( 'NONE',  ( 0.000000000000000000, -1.000000000000000000, 0.000000000000000000 ) ) ;
#5542 = AXIS2_PLACEMENT_3D ( 'NONE', #6117, #4809, #1621 ) ;
#5543 = CARTESIAN_POINT ( 'NONE',  ( 145.9232613202555910, -7.584846244139969329, -20.50453683163965124 ) ) ;
#5544 = CARTESIAN_POINT ( 'NONE',  ( 132.0000000000000000, 0.6999999999999999556, 6.000000000000000000 ) ) ;
#5545 = CARTESIAN_POINT ( 'NONE',  ( 109.9836185147466097, 0.000000000000000000, 0.005962373025284939919 ) ) ;
#5546 = VECTOR ( 'NONE', #1918, 1000.000000000000000 ) ;
#5547 = FACE_OUTER_BOUND ( 'NONE', #4784, .T. ) ;
#5548 = EDGE_CURVE ( 'NONE', #2832, #7466, #5119, .T. ) ;
#5549 = DATE_AND_TIME ( #5470, #4391 ) ;
#5550 =( BOUNDED_SURFACE ( )  B_SPLINE_SURFACE ( 3, 2, ( 
 ( #7553, #1790, #3141 ),
 ( #6928, #2469, #4364 ),
 ( #5026, #7596, #1832 ),
 ( #1202, #1668, #2337 ),
 ( #2260, #4892, #5568 ),
 ( #357, #7462, #4317 ),
 ( #4148, #6762, #1631 ),
 ( #8016, #7505, #4230 ),
 ( #7981, #6883, #1742 ),
 ( #5530, #4859, #399 ),
 ( #2891, #5452, #6089 ),
 ( #6046, #3638, #8133 ),
 ( #2376, #2220, #4818 ),
 ( #3005, #1032, #4934 ),
 ( #3595, #2299, #4781 ),
 ( #3480, #6800, #7383 ),
 ( #4191, #283, #2853 ),
 ( #2926, #997, #5415 ),
 ( #955, #6206, #1703 ),
 ( #7344, #6126, #1592 ) ),
 .UNSPECIFIED., .F., .F., .F. ) 
 B_SPLINE_SURFACE_WITH_KNOTS ( ( 4, 2, 2, 2, 2, 2, 2, 2, 2, 4 ),
 ( 3, 3 ),
 ( 0.009947478393410740666, 0.01265185436308629945, 0.01535623033276184955, 0.02076498227211300007, 0.02346935824178854671, 0.02617373421146410029, 0.03158248615081524907, 0.03699123809016634928, 0.04239999002951749807, 0.05321749390821970543 ),
 ( 0.000000000000000000, 1.000000000000000000 ),
 .UNSPECIFIED. ) 
 GEOMETRIC_REPRESENTATION_ITEM ( )  RATIONAL_B_SPLINE_SURFACE ( (
 ( 1.000000000000000000, 0.7071067811865460184, 1.000000000000000000),
 ( 1.000000000000000000, 0.7071067811865460184, 1.000000000000000000),
 ( 1.000000000000000000, 0.7071067811865430208, 1.000000000000000000),
 ( 1.000000000000000000, 0.7071067811865430208, 1.000000000000000000),
 ( 1.000000000000000000, 0.7071067811865420216, 1.000000000000000000),
 ( 1.000000000000000000, 0.7071067811865420216, 1.000000000000000000),
 ( 1.000000000000000000, 0.7071067811865470176, 1.000000000000000000),
 ( 1.000000000000000000, 0.7071067811865470176, 1.000000000000000000),
 ( 1.000000000000000000, 0.7071067811865450192, 1.000000000000000000),
 ( 1.000000000000000000, 0.7071067811865450192, 1.000000000000000000),
 ( 1.000000000000000000, 0.7071067811865470176, 1.000000000000000000),
 ( 1.000000000000000000, 0.7071067811865470176, 1.000000000000000000),
 ( 1.000000000000000000, 0.7071067811865470176, 1.000000000000000000),
 ( 1.000000000000000000, 0.7071067811865470176, 1.000000000000000000),
 ( 1.000000000000000000, 0.7071067811865470176, 1.000000000000000000),
 ( 1.000000000000000000, 0.7071067811865470176, 1.000000000000000000),
 ( 1.000000000000000000, 0.7071067811865490160, 1.000000000000000000),
 ( 1.000000000000000000, 0.7071067811865490160, 1.000000000000000000),
 ( 1.000000000000000000, 0.7071067811865480168, 1.000000000000000000),
 ( 1.000000000000000000, 0.7071067811865480168, 1.000000000000000000) ) ) 
 REPRESENTATION_ITEM ( '' )  SURFACE ( )  );
#5551 = ORIENTED_EDGE ( 'NONE', *, *, #290, .F. ) ;
#5552 = CARTESIAN_POINT ( 'NONE',  ( 1.371507409466758531, 0.4487819921551858826, 0.4487819921551858826 ) ) ;
#5553 = CARTESIAN_POINT ( 'NONE',  ( 141.6413779624902531, -6.230051831258613504, -17.83005864621892300 ) ) ;
#5554 = CARTESIAN_POINT ( 'NONE',  ( 109.6174781541735967, 0.000000000000000000, -1.000000000000000000 ) ) ;
#5555 = CARTESIAN_POINT ( 'NONE',  ( 107.9030759292756017, 19.75984114951225123, -6.650843912647649958 ) ) ;
#5556 = DIRECTION ( 'NONE',  ( 0.000000000000000000, -1.000000000000000000, 0.000000000000000000 ) ) ;
#5557 = APPROVAL_ROLE ( '' ) ;
#5558 = CARTESIAN_POINT ( 'NONE',  ( 106.4161672331923967, 19.15638239099266826, -7.000000000000000000 ) ) ;
#5559 = EDGE_LOOP ( 'NONE', ( #3176, #5000, #2081, #7888 ) ) ;
#5560 = EDGE_CURVE ( 'NONE', #1288, #1880, #4318, .T. ) ;
#5561 = CARTESIAN_POINT ( 'NONE',  ( 125.6042084890086130, -1.649741895921984947, 11.79984876500878066 ) ) ;
#5562 = EDGE_CURVE ( 'NONE', #2519, #6969, #8218, .T. ) ;
#5563 = DIRECTION ( 'NONE',  ( 0.000000000000000000, -1.000000000000000000, 0.000000000000000000 ) ) ;
#5564 = CARTESIAN_POINT ( 'NONE',  ( 127.5250017795261641, 17.96078498107468491, -12.51871601909379272 ) ) ;
#5565 = CARTESIAN_POINT ( 'NONE',  ( 146.9526503818007654, 9.539544568843169259, 19.82318590585730078 ) ) ;
#5566 = CARTESIAN_POINT ( 'NONE',  ( 149.0503717261177883, 9.501908822039599301, 14.21317294533737829 ) ) ;
#5567 = ORIENTED_EDGE ( 'NONE', *, *, #3609, .F. ) ;
#5568 = CARTESIAN_POINT ( 'NONE',  ( 145.4378635181639936, 11.80707839701945971, -12.89832748659989825 ) ) ;
#5569 = ORIENTED_EDGE ( 'NONE', *, *, #3972, .T. ) ;
#5570 = AXIS2_PLACEMENT_3D ( 'NONE', #6785, #5437, #2321 ) ;
#5571 = CARTESIAN_POINT ( 'NONE',  ( 112.5513943275453954, 0.1585229760157989831, -7.481283546190889311 ) ) ;
#5572 = CARTESIAN_POINT ( 'NONE',  ( 146.4464256596835980, -8.890127078178910125, -19.63893517515699827 ) ) ;
#5573 = CARTESIAN_POINT ( 'NONE',  ( 110.1929953962747959, 19.98747038457119984, -6.004091400336680096 ) ) ;
#5574 = CARTESIAN_POINT ( 'NONE',  ( 125.7414896071139907, 18.30864227371053232, -12.91765664839675942 ) ) ;
#5575 = CARTESIAN_POINT ( 'NONE',  ( 138.2928941157983900, -3.274455059628170073, 10.29777129939595959 ) ) ;
#5576 = PRODUCT_DEFINITION ( 'UNKNOWN', '', #7610, #7348 ) ;
#5577 = VECTOR ( 'NONE', #6256, 1000.000000000000000 ) ;
#5578 = CARTESIAN_POINT ( 'NONE',  ( 110.2042572562888836, 19.72187167679141595, 6.678568776282152619 ) ) ;
#5579 = ORIENTED_EDGE ( 'NONE', *, *, #3892, .T. ) ;
#5580 = LINE ( 'NONE', #5426, #1888 ) ;
#5581 = ORIENTED_EDGE ( 'NONE', *, *, #6855, .F. ) ;
#5582 = EDGE_CURVE ( 'NONE', #2943, #105, #4357, .T. ) ;
#5583 = CARTESIAN_POINT ( 'NONE',  ( 149.6400405280755308, -9.912378441609488888, -15.51633337431111492 ) ) ;
#5584 = ORIENTED_EDGE ( 'NONE', *, *, #4788, .T. ) ;
#5585 = DIRECTION ( 'NONE',  ( 0.000000000000000000, 0.000000000000000000, -1.000000000000000000 ) ) ;
#5586 = CC_DESIGN_SECURITY_CLASSIFICATION ( #3085, ( #3492 ) ) ;
#5587 = CARTESIAN_POINT ( 'NONE',  ( 113.4957801935680806, 0.04838343779563212405, -1.272359935989360036 ) ) ;
#5588 = CARTESIAN_POINT ( 'NONE',  ( 2.781020684318709524, 19.12642745078396089, -7.000000000000000000 ) ) ;
#5589 = CARTESIAN_POINT ( 'NONE',  ( 107.7819870890703982, 0.1231198657326599971, -6.482542287861069674 ) ) ;
#5590 = VERTEX_POINT ( 'NONE', #7547 ) ;
#5591 = APPROVAL_PERSON_ORGANIZATION ( #8283, #1376, #7112 ) ;
#5592 = ITEM_DEFINED_TRANSFORMATION ( 'NONE', 'NONE', #268,  #6993 ) ;
#5593 = EDGE_CURVE ( 'NONE', #5, #2623, #1263, .T. ) ;
#5594 = ORIENTED_EDGE ( 'NONE', *, *, #4376, .F. ) ;
#5595 = CARTESIAN_POINT ( 'NONE',  ( 1.017519744401138126, 0.7398395684795799898, 1.493226378986386216 ) ) ;
#5596 = CARTESIAN_POINT ( 'NONE',  ( 106.7544384682749978, 19.37277418918529648, 6.928085257171590072 ) ) ;
#5597 = CARTESIAN_POINT ( 'NONE',  ( 0.000000000000000000, 0.5000000000000109912, 0.000000000000000000 ) ) ;
#5598 = DIRECTION ( 'NONE',  ( 0.3420201433256669921, 0.000000000000000000, -0.9396926207859089830 ) ) ;
#5599 = CARTESIAN_POINT ( 'NONE',  ( 137.0000000000000000, 0.000000000000000000, 6.000000000000000000 ) ) ;
#5600 = CALENDAR_DATE ( 2026, 3, 9 ) ;
#5601 = CARTESIAN_POINT ( 'NONE',  ( 76.12500000000000000, -30.69597054535374880, 0.000000000000000000 ) ) ;
#5602 = EDGE_LOOP ( 'NONE', ( #4656, #6701, #4435 ) ) ;
#5603 = EDGE_CURVE ( 'NONE', #7617, #3546, #2844, .T. ) ;
#5605 = AXIS2_PLACEMENT_3D ( 'NONE', #249, #7388, #3558 ) ;
#5604 = CARTESIAN_POINT ( 'NONE',  ( 146.6007660257469922, -8.047637791034128796, 20.75922938773449999 ) ) ;
#5606 = CARTESIAN_POINT ( 'NONE',  ( 110.1933376404579263, 0.3287713077659146776, 7.001089578172618566 ) ) ;
#5607 = CARTESIAN_POINT ( 'NONE',  ( 109.6501078090427939, 0.0006030513617909449234, -1.011876223126736196 ) ) ;
#5608 = CARTESIAN_POINT ( 'NONE',  ( 149.0503717261175893, -8.081274705556781512, -14.21317294533733921 ) ) ;
#5609 = CARTESIAN_POINT ( 'NONE',  ( 133.4872947641134147, 15.95750605121865107, 8.548676177573749868 ) ) ;
#5610 = AXIS2_PLACEMENT_3D ( 'NONE', #8137, #2379, #6252 ) ;
#5611 = EDGE_LOOP ( 'NONE', ( #5374, #5802, #2821, #5482 ) ) ;
#5612 = DIRECTION ( 'NONE',  ( -1.000000000000000000, 0.000000000000000000, 0.000000000000000000 ) ) ;
#5613 = EDGE_LOOP ( 'NONE', ( #8301, #4328, #4319, #954, #5770, #2760 ) ) ;
#5614 = SPHERICAL_SURFACE ( 'NONE', #339, 1.000000000000000000 ) ;
#5615 = FACE_OUTER_BOUND ( 'NONE', #987, .T. ) ;
#5616 = CARTESIAN_POINT ( 'NONE',  ( 149.6443950646691974, -10.00000000000000000, -15.50474992217694847 ) ) ;
#5617 = CARTESIAN_POINT ( 'NONE',  ( 136.4926134611594080, 14.47088121324839882, -16.95929826813604890 ) ) ;
#5618 = DIRECTION ( 'NONE',  ( 0.000000000000000000, 0.000000000000000000, 1.000000000000000000 ) ) ;
#5619 = CYLINDRICAL_SURFACE ( 'NONE', #1626, 2.498999999999999666 ) ;
#5620 = EDGE_LOOP ( 'NONE', ( #3263, #5034 ) ) ;
#5621 = VERTEX_POINT ( 'NONE', #1193 ) ;
#5622 = FACE_OUTER_BOUND ( 'NONE', #2683, .T. ) ;
#5623 = ORIENTED_EDGE ( 'NONE', *, *, #2594, .T. ) ;
#5624 = CARTESIAN_POINT ( 'NONE',  ( 131.2180794901775869, -2.539357305357650141, 8.786927135193989713 ) ) ;
#5625 = AXIS2_PLACEMENT_3D ( 'NONE', #6512, #742, #5877 ) ;
#5626 = LINE ( 'NONE', #6303, #242 ) ;
#5627 = LOCAL_TIME ( 21, 5, 34.00000000000000000, #6153 ) ;
#5628 = EDGE_CURVE ( 'NONE', #1702, #7943, #3635, .T. ) ;
#5629 = CYLINDRICAL_SURFACE ( 'NONE', #7536, 1.000000000000005107 ) ;
#5630 = CARTESIAN_POINT ( 'NONE',  ( 3.000000000000000000, 0.000000000000000000, 3.000000000000000000 ) ) ;
#5631 = DIRECTION ( 'NONE',  ( 0.000000000000000000, 1.000000000000000000, 0.000000000000000000 ) ) ;
#5632 = ORIENTED_EDGE ( 'NONE', *, *, #2048, .T. ) ;
#5633 = LOCAL_TIME ( 21, 5, 34.00000000000000000, #5188 ) ;
#5634 = EDGE_LOOP ( 'NONE', ( #1707, #5594, #1933, #7857, #6027 ) ) ;
#5635 = CARTESIAN_POINT ( 'NONE',  ( 109.9575348463390014, 19.13420747226033214, 7.023782417520687993 ) ) ;
#5636 = CARTESIAN_POINT ( 'NONE',  ( 0.000000000000000000, 0.000000000000000000, 0.000000000000000000 ) ) ;
#5637 = AXIS2_PLACEMENT_3D ( 'NONE', #5117, #662, #6427 ) ;
#5638 = CARTESIAN_POINT ( 'NONE',  ( 0.000000000000000000, 20.00000000000000000, 0.000000000000000000 ) ) ;
#5639 = CARTESIAN_POINT ( 'NONE',  ( 120.5841875559669916, 18.20775683482679952, -10.97888569771764189 ) ) ;
#5640 = CIRCLE ( 'NONE', #6592, 1.000000000000000888 ) ;
#5641 = CARTESIAN_POINT ( 'NONE',  ( 113.3990003999760035, 18.89209477623894884, -8.277761672821089434 ) ) ;
#5642 = CYLINDRICAL_SURFACE ( 'NONE', #1740, 1.000000000000000000 ) ;
#5643 = TOROIDAL_SURFACE ( 'NONE', #543, 1.250000000000000000, 0.2500000000000000000 ) ;
#5644 = DATE_TIME_ROLE ( 'classification_date' ) ;
#5645 = CYLINDRICAL_SURFACE ( 'NONE', #7834, 0.9499999999999999556 ) ;
#5646 = EDGE_LOOP ( 'NONE', ( #5427, #3045, #3864 ) ) ;
#5647 = CARTESIAN_POINT ( 'NONE',  ( 139.3466073720726115, -4.393717437517739910, 18.03219266777315255 ) ) ;
#5648 = AXIS2_PLACEMENT_3D ( 'NONE', #5225, #5306, #7159 ) ;
#5649 = FACE_OUTER_BOUND ( 'NONE', #5843, .T. ) ;
#5650 = DIRECTION ( 'NONE',  ( 0.000000000000000000, 0.000000000000000000, -1.000000000000000000 ) ) ;
#5651 = DIRECTION ( 'NONE',  ( 0.3420201433256001566, -1.561251128379140584E-14, -0.9396926207859334079 ) ) ;
#5652 = CARTESIAN_POINT ( 'NONE',  ( 122.0415153207093937, 19.34600871987418103, 4.382753152188610279 ) ) ;
#5653 = ADVANCED_FACE ( 'NONE', ( #3764 ), #1388, .F. ) ;
#5654 = ORIENTED_EDGE ( 'NONE', *, *, #417, .T. ) ;
#5655 = EDGE_CURVE ( 'NONE', #7891, #4620, #6072, .T. ) ;
#5656 = CARTESIAN_POINT ( 'NONE',  ( 78.00000000000000000, -30.00000000000000000, 6.000000000000000000 ) ) ;
#5657 = VECTOR ( 'NONE', #3286, 1000.000000000000000 ) ;
#5658 = ORIENTED_EDGE ( 'NONE', *, *, #19, .F. ) ;
#5659 = CARTESIAN_POINT ( 'NONE',  ( 110.0674605321581794, 0.3913882757224633746, 6.806411421172420262 ) ) ;
#5660 = CARTESIAN_POINT ( 'NONE',  ( 0.000000000000000000, 19.75000000000000000, 0.000000000000000000 ) ) ;
#5661 = CARTESIAN_POINT ( 'NONE',  ( 109.6501078090427939, 0.0006030513617909449234, 1.011876223126736196 ) ) ;
#5662 = CARTESIAN_POINT ( 'NONE',  ( 115.2685707601848009, 19.78600525139840371, -8.980599902847002269 ) ) ;
#5663 = AXIS2_PLACEMENT_3D ( 'NONE', #2636, #6511, #7176 ) ;
#5664 = DIRECTION ( 'NONE',  ( 0.000000000000000000, 1.000000000000000000, 0.000000000000000000 ) ) ;
#5665 = VECTOR ( 'NONE', #6496, 1000.000000000000000 ) ;
#5666 = CARTESIAN_POINT ( 'NONE',  ( 109.9546129979187441, 19.20885135759507989, -7.021412940207934383 ) ) ;
#5667 = EDGE_LOOP ( 'NONE', ( #8188, #6429, #6127, #4803 ) ) ;
#5668 = ORIENTED_EDGE ( 'NONE', *, *, #6274, .T. ) ;
#5669 = CARTESIAN_POINT ( 'NONE',  ( 110.0635610978085737, 0.9171920783618813244, 6.999106467763877681 ) ) ;
#5670 = EDGE_LOOP ( 'NONE', ( #6980, #7761, #7375, #1338, #8316 ) ) ;
#5671 = CARTESIAN_POINT ( 'NONE',  ( 0.07808197337323910525, 17.52349577415515114, -2.214756338766505017 ) ) ;
#5672 = DIRECTION ( 'NONE',  ( 0.3518843560536241144, 2.775557561562908075E-14, -0.9360434818771647958 ) ) ;
#5673 = EDGE_CURVE ( 'NONE', #6546, #3552, #4987, .T. ) ;
#5674 = CARTESIAN_POINT ( 'NONE',  ( 109.6967738932245879, 0.2366849164787428461, -6.768583686903069108 ) ) ;
#5675 = CARTESIAN_POINT ( 'NONE',  ( 144.0697038691291993, -6.502850060019369494, -19.80773387031764798 ) ) ;
#5676 = DIRECTION ( 'NONE',  ( 0.000000000000000000, 0.000000000000000000, 1.000000000000000000 ) ) ;
#5677 = ORIENTED_EDGE ( 'NONE', *, *, #8079, .T. ) ;
#5678 = APPROVAL_DATE_TIME ( #6491, #4857 ) ;
#5679 = ORIENTED_EDGE ( 'NONE', *, *, #7003, .F. ) ;
#5680 = CARTESIAN_POINT ( 'NONE',  ( 109.9674949821731786, 19.04870113220113481, 7.018098415909564736 ) ) ;
#5681 = B_SPLINE_CURVE_WITH_KNOTS ( 'NONE', 3,
 ( #7750, #3707, #1184, #3078, #5639, #1903, #5048, #682, #3837, #6952, #7620, #3797, #596, #641, #8207, #1855, #3121, #5685 ),
 .UNSPECIFIED., .F., .F.,
 ( 4, 2, 2, 2, 2, 2, 2, 2, 4 ),
 ( 0.003628342191538419786, 0.008249617387935349530, 0.01287089258433227884, 0.01749216778072920295, 0.02211344297712614787, 0.02442408057532464982, 0.02673471817352314830, 0.03135599336992005159, 0.04059854376271400389 ),
 .UNSPECIFIED. ) ;
#5682 = FACE_OUTER_BOUND ( 'NONE', #5613, .T. ) ;
#5683 = CIRCLE ( 'NONE', #2072, 0.9999999999999947820 ) ;
#5684 = CARTESIAN_POINT ( 'NONE',  ( 109.6988187964824135, 20.00000000000000000, 1.000087818555041919 ) ) ;
#5685 = CARTESIAN_POINT ( 'NONE',  ( 146.6007660257469922, 9.539544568843169259, -20.75922938773445026 ) ) ;
#5686 = DIRECTION ( 'NONE',  ( -1.000000000000000000, 0.000000000000000000, 0.000000000000000000 ) ) ;
#5687 = CC_DESIGN_PERSON_AND_ORGANIZATION_ASSIGNMENT ( #7582, #1858, ( #7352 ) ) ;
#5688 = CARTESIAN_POINT ( 'NONE',  ( 149.0503717261175893, -10.00000000000000000, -14.21317294533733921 ) ) ;
#5689 = CALENDAR_DATE ( 2026, 3, 9 ) ;
#5690 = CARTESIAN_POINT ( 'NONE',  ( 0.07808197337323899423, 2.214756338766505017, -2.476504225844305296 ) ) ;
#5691 = ORIENTED_EDGE ( 'NONE', *, *, #3466, .T. ) ;
#5692 = VECTOR ( 'NONE', #6972, 1000.000000000000000 ) ;
#5693 = DIRECTION ( 'NONE',  ( 0.000000000000000000, 1.000000000000000000, 0.000000000000000000 ) ) ;
#5694 = DIRECTION ( 'NONE',  ( -0.000000000000000000, 1.000000000000000000, 0.000000000000000000 ) ) ;
#5695 = CARTESIAN_POINT ( 'NONE',  ( 127.6211409979478049, -1.143565211727036068, 13.62426903562126057 ) ) ;
#5696 = CARTESIAN_POINT ( 'NONE',  ( 106.3648494416946022, 0.9982627546022790899, 6.999998868036130695 ) ) ;
#5697 = CARTESIAN_POINT ( 'NONE',  ( 1.163414459189985682E-16, 20.00000000000000000, 0.9499999999999999556 ) ) ;
#5698 = ORIENTED_EDGE ( 'NONE', *, *, #986, .T. ) ;
#5699 = CARTESIAN_POINT ( 'NONE',  ( 109.1295791158453028, 19.94657562880172108, -6.311887853094204637 ) ) ;
#5700 = ORIENTED_EDGE ( 'NONE', *, *, #7415, .T. ) ;
#5701 = CARTESIAN_POINT ( 'NONE',  ( 110.0936547821051761, 0.1848896661070867087, 6.555063764892196332 ) ) ;
#5702 = CARTESIAN_POINT ( 'NONE',  ( 147.8503526955332177, 10.34512460394769917, -19.08952897585129804 ) ) ;
#5703 = SPHERICAL_SURFACE ( 'NONE', #4214, 1.000000000000000000 ) ;
#5704 = CARTESIAN_POINT ( 'NONE',  ( 129.4773802264431879, 16.37637832760499990, -14.32208015043270066 ) ) ;
#5705 = DIRECTION ( 'NONE',  ( 0.000000000000000000, 1.000000000000000000, 0.000000000000000000 ) ) ;
#5706 = EDGE_CURVE ( 'NONE', #3546, #7794, #3467, .T. ) ;
#5707 = CARTESIAN_POINT ( 'NONE',  ( 109.9984331797471953, 18.94426705251422760, -7.000000000000015987 ) ) ;
#5708 = ORIENTED_EDGE ( 'NONE', *, *, #4339, .T. ) ;
#5709 = AXIS2_PLACEMENT_3D ( 'NONE', #4286, #6852, #3606 ) ;
#5710 =( LENGTH_UNIT ( ) NAMED_UNIT ( * ) SI_UNIT ( .MILLI., .METRE. ) );
#5711 = ORIENTED_EDGE ( 'NONE', *, *, #1280, .F. ) ;
#5712 = CARTESIAN_POINT ( 'NONE',  ( 110.2116120445453475, 0.7277204244929098564, 7.017604224022782056 ) ) ;
#5713 = APPLICATION_CONTEXT ( 'configuration controlled 3d designs of mechanical parts and assemblies' ) ;
#5714 = VERTEX_POINT ( 'NONE', #1369 ) ;
#5715 = CARTESIAN_POINT ( 'NONE',  ( 109.6174781541735967, 1.000000000000000000, 0.000000000000000000 ) ) ;
#5716 = ADVANCED_FACE ( 'NONE', ( #5149 ), #1958, .T. ) ;
#5717 = DIRECTION ( 'NONE',  ( -0.9360434818771647958, 0.000000000000000000, -0.3518843560536241144 ) ) ;
#5718 = VECTOR ( 'NONE', #6770, 1000.000000000000000 ) ;
#5719 = CARTESIAN_POINT ( 'NONE',  ( 110.7949281755809778, 0.2475319861814598565, -7.012322133694830484 ) ) ;
#5720 = CARTESIAN_POINT ( 'NONE',  ( 113.4024101645254063, 0.9452817923039531500, -8.279059074663440043 ) ) ;
#5721 = CARTESIAN_POINT ( 'NONE',  ( 113.4998991504551924, 0.6155885605757109857, -8.257982685700190117 ) ) ;
#5722 = ORIENTED_EDGE ( 'NONE', *, *, #2730, .T. ) ;
#5723 = ADVANCED_FACE ( 'NONE', ( #7171 ), #4486, .T. ) ;
#5724 = COORDINATED_UNIVERSAL_TIME_OFFSET ( 2, 0, .AHEAD. ) ;
#5725 = ADVANCED_FACE ( 'NONE', ( #4529 ), #3174, .T. ) ;
#5726 = ORIENTED_EDGE ( 'NONE', *, *, #1897, .T. ) ;
#5727 = CARTESIAN_POINT ( 'NONE',  ( 107.0689313560631746, 0.3987656977318611573, -6.799078216523604112 ) ) ;
#5728 = CARTESIAN_POINT ( 'NONE',  ( 145.4371913529803919, 11.80742983496702081, 12.89808283848055837 ) ) ;
#5729 = CARTESIAN_POINT ( 'NONE',  ( 110.0000000000000000, 0.000000000000000000, -7.000000000000000000 ) ) ;
#5730 = APPROVAL_PERSON_ORGANIZATION ( #2239, #1943, #263 ) ;
#5731 = DIRECTION ( 'NONE',  ( 0.7613763160049186185, -0.5817069397674078379, 0.2862221893096619230 ) ) ;
#5732 = DIRECTION ( 'NONE',  ( 0.000000000000000000, 1.000000000000000000, 0.000000000000000000 ) ) ;
#5733 = DATE_TIME_ROLE ( 'creation_date' ) ;
#5734 = DIRECTION ( 'NONE',  ( 0.6071062792351035187, 0.7946206426423294555, -1.040834085586084414E-14 ) ) ;
#5735 = ORIENTED_EDGE ( 'NONE', *, *, #4088, .T. ) ;
#5736 = CC_DESIGN_PERSON_AND_ORGANIZATION_ASSIGNMENT ( #462, #4877, ( #895 ) ) ;
#5737 = CARTESIAN_POINT ( 'NONE',  ( 3.035766082959410049E-15, 17.00000000000000000, 3.000000000000000000 ) ) ;
#5738 = CARTESIAN_POINT ( 'NONE',  ( 140.2279390151499854, 14.32471323416439901, 17.29134667100964862 ) ) ;
#5739 = AXIS2_PLACEMENT_3D ( 'NONE', #6784, #3616, #342 ) ;
#5740 = CARTESIAN_POINT ( 'NONE',  ( 63.87500000000000000, -30.69597054535374880, 0.000000000000000000 ) ) ;
#5741 = EDGE_CURVE ( 'NONE', #4585, #696, #2587, .T. ) ;
#5742 = CARTESIAN_POINT ( 'NONE',  ( 4.217769985503176412E-12, 17.32723944852072506, -2.672760551480239055 ) ) ;
#5743 = CARTESIAN_POINT ( 'NONE',  ( 0.8223141166868835894, 1.624261445243434965, -0.9363564213453113849 ) ) ;
#5744 = ORIENTED_EDGE ( 'NONE', *, *, #7444, .T. ) ;
#5745 = LINE ( 'NONE', #7681, #5546 ) ;
#5746 = ORIENTED_EDGE ( 'NONE', *, *, #6362, .T. ) ;
#5747 = CARTESIAN_POINT ( 'NONE',  ( 110.1834106557370063, 0.04062809819006810153, 6.000602840071089794 ) ) ;
#5748 = CARTESIAN_POINT ( 'NONE',  ( 8.000000000000000000, 20.00000000000000000, -6.000000000000000000 ) ) ;
#5749 = LINE ( 'NONE', #5616, #1541 ) ;
#5750 = CARTESIAN_POINT ( 'NONE',  ( 118.8561700703258026, 19.48669079827524797, -9.259716059188258797 ) ) ;
#5751 = CARTESIAN_POINT ( 'NONE',  ( 112.2257175532072466, 0.1201784188711644413, 7.266270825955846391 ) ) ;
#5752 = CARTESIAN_POINT ( 'NONE',  ( 109.6501078090427939, 0.0006030513617909449234, -1.011876223126736196 ) ) ;
#5753 = CIRCLE ( 'NONE', #2391, 20.00000000000000711 ) ;
#5754 = ADVANCED_FACE ( 'NONE', ( #1411 ), #1978, .T. ) ;
#5755 = ORIENTED_EDGE ( 'NONE', *, *, #1725, .F. ) ;
#5756 =( LENGTH_UNIT ( ) NAMED_UNIT ( * ) SI_UNIT ( .MILLI., .METRE. ) );
#5757 = VERTEX_POINT ( 'NONE', #2170 ) ;
#5758 = CARTESIAN_POINT ( 'NONE',  ( 106.3657828942394019, 19.00000000000000000, 7.000000000000000000 ) ) ;
#5759 = EDGE_LOOP ( 'NONE', ( #709, #3126, #4002, #3866 ) ) ;
#5760 = CARTESIAN_POINT ( 'NONE',  ( 0.04869043697219250372, 2.461691891554129263, 2.641128474341148724 ) ) ;
#5761 = CARTESIAN_POINT ( 'NONE',  ( 146.9526503818005949, 9.539544568843208339, -19.82318590585730078 ) ) ;
#5762 = CARTESIAN_POINT ( 'NONE',  ( 108.5591253379613619, 0.1803987063645208500, -6.571067542565435460 ) ) ;
#5763 = CARTESIAN_POINT ( 'NONE',  ( 112.1750502687813906, 0.2018544740776838931, -7.391982264965410110 ) ) ;
#5764 = CYLINDRICAL_SURFACE ( 'NONE', #6597, 0.9999999999999991118 ) ;
#5765 = VERTEX_POINT ( 'NONE', #2755 ) ;
#5766 = COORDINATED_UNIVERSAL_TIME_OFFSET ( 2, 0, .AHEAD. ) ;
#5767 = EDGE_CURVE ( 'NONE', #5252, #2098, #4807, .T. ) ;
#5768 = EDGE_CURVE ( 'NONE', #3572, #7426, #4815, .T. ) ;
#5769 =( GEOMETRIC_REPRESENTATION_CONTEXT ( 3 ) GLOBAL_UNCERTAINTY_ASSIGNED_CONTEXT ( ( #445 ) ) GLOBAL_UNIT_ASSIGNED_CONTEXT ( ( #5756, #8313, #5073 ) ) REPRESENTATION_CONTEXT ( 'NONE', 'WORKASPACE' ) );
#5770 = ORIENTED_EDGE ( 'NONE', *, *, #7564, .T. ) ;
#5771 = PLANE ( 'NONE',  #1547 ) ;
#5772 = FACE_OUTER_BOUND ( 'NONE', #162, .T. ) ;
#5773 = DIRECTION ( 'NONE',  ( 0.000000000000000000, 1.000000000000000000, 0.000000000000000000 ) ) ;
#5774 = CARTESIAN_POINT ( 'NONE',  ( 107.7976269828425870, 0.2155315424314035166, 6.620168718237189331 ) ) ;
#5775 = CARTESIAN_POINT ( 'NONE',  ( 2.561112365989215434, 19.97594935219020229, 6.253435210406031786 ) ) ;
#5776 = APPROVAL_ROLE ( '' ) ;
#5777 = DIRECTION ( 'NONE',  ( 0.000000000000000000, -1.000000000000000000, 0.000000000000000000 ) ) ;
#5778 = ORIENTED_EDGE ( 'NONE', *, *, #5655, .F. ) ;
#5779 = VECTOR ( 'NONE', #4442, 1000.000000000000000 ) ;
#5780 = FACE_OUTER_BOUND ( 'NONE', #7434, .T. ) ;
#5781 = CARTESIAN_POINT ( 'NONE',  ( 135.5374198649876121, 15.89253728450815117, 15.52896817507354932 ) ) ;
#5782 = EDGE_CURVE ( 'NONE', #5207, #1179, #7402, .T. ) ;
#5783 = VECTOR ( 'NONE', #7219, 1000.000000000000000 ) ;
#5784 = CARTESIAN_POINT ( 'NONE',  ( 107.7976269828425870, 0.000000000000000000, 6.000000000000000000 ) ) ;
#5785 = CARTESIAN_POINT ( 'NONE',  ( 1.017519744401138126, 18.50677362101369994, -0.7398395684795799898 ) ) ;
#5786 = CARTESIAN_POINT ( 'NONE',  ( 0.7194935261596919762, 1.700309574859508288, -1.050222289170002599 ) ) ;
#5787 = CIRCLE ( 'NONE', #6840, 1.199999999999999956 ) ;
#5788 = ORIENTED_EDGE ( 'NONE', *, *, #4862, .F. ) ;
#5789 = CARTESIAN_POINT ( 'NONE',  ( 1.707106781187663458, 0.2928932188129195202, 6.707106781186766398 ) ) ;
#5790 = AXIS2_PLACEMENT_3D ( 'NONE', #6404, #640, #6994 ) ;
#5791 = ORIENTED_EDGE ( 'NONE', *, *, #7836, .T. ) ;
#5792 = CARTESIAN_POINT ( 'NONE',  ( 0.6009994805188100253, 1.770906554907939912, 1.156359832361905982 ) ) ;
#5793 = AXIS2_PLACEMENT_3D ( 'NONE', #2617, #5136, #6405 ) ;
#5794 = CARTESIAN_POINT ( 'NONE',  ( 134.5000000000000000, 7.299999999999999822, 10.49999999999999822 ) ) ;
#5795 = DIRECTION ( 'NONE',  ( 0.9396926207858911084, 0.000000000000000000, 0.3420201433257158419 ) ) ;
#5796 = CARTESIAN_POINT ( 'NONE',  ( 112.1177162505984768, 0.1101368945322220294, 7.196497677435011120 ) ) ;
#5797 = VECTOR ( 'NONE', #5585, 1000.000000000000000 ) ;
#5798 = CARTESIAN_POINT ( 'NONE',  ( 113.2795545055122375, 0.3756848399226525581, -8.037066217667346635 ) ) ;
#5799 = EDGE_LOOP ( 'NONE', ( #1826, #379, #1785, #5841, #2103 ) ) ;
#5800 = AXIS2_PLACEMENT_3D ( 'NONE', #6063, #1763, #420 ) ;
#5801 = PRODUCT_RELATED_PRODUCT_CATEGORY ( 'detail', '', ( #2253 ) ) ;
#5802 = ORIENTED_EDGE ( 'NONE', *, *, #7196, .T. ) ;
#5803 = CARTESIAN_POINT ( 'NONE',  ( 106.3525691281460013, 0.9138943059017811121, 6.999779034418589951 ) ) ;
#5805 = EDGE_CURVE ( 'NONE', #4585, #1267, #7149, .T. ) ;
#5804 = ORIENTED_EDGE ( 'NONE', *, *, #5466, .T. ) ;
#5806 = CARTESIAN_POINT ( 'NONE',  ( 3.000000000000000000, 19.00000000000000000, 0.000000000000000000 ) ) ;
#5807 = VECTOR ( 'NONE', #3221, 1000.000000000000227 ) ;
#5808 = LINE ( 'NONE', #3357, #6961 ) ;
#5809 = AXIS2_PLACEMENT_3D ( 'NONE', #5279, #1494, #4062 ) ;
#5810 = CARTESIAN_POINT ( 'NONE',  ( 110.5028356779715182, 0.2496901089190574907, -6.942508122682460758 ) ) ;
#5811 = CARTESIAN_POINT ( 'NONE',  ( 124.7993627741002030, -0.5433733857725580041, -12.56348539421000154 ) ) ;
#5812 = CARTESIAN_POINT ( 'NONE',  ( 106.3525691281700034, 0.9138943059000680380, -6.999779034418589951 ) ) ;
#5813 = ORIENTED_EDGE ( 'NONE', *, *, #1183, .T. ) ;
#5814 = COORDINATED_UNIVERSAL_TIME_OFFSET ( 2, 0, .AHEAD. ) ;
#5815 = ORIENTED_EDGE ( 'NONE', *, *, #2225, .F. ) ;
#5816 = CARTESIAN_POINT ( 'NONE',  ( 113.0758263618070032, 19.23074448269084868, 8.097122786959140228 ) ) ;
#5817 = CARTESIAN_POINT ( 'NONE',  ( 128.5614080700536022, 17.14649250933979729, 6.755800043568009450 ) ) ;
#5818 = ADVANCED_FACE ( 'NONE', ( #4770 ), #3508, .F. ) ;
#5819 = LINE ( 'NONE', #6909, #6467 ) ;
#5820 = CARTESIAN_POINT ( 'NONE',  ( 109.4035642274779576, 0.2722378168953486499, 6.791328416098934007 ) ) ;
#5821 = CARTESIAN_POINT ( 'NONE',  ( 0.000000000000000000, 0.5000000000000109912, 0.000000000000000000 ) ) ;
#5822 = DATE_AND_TIME ( #3252, #8175 ) ;
#5823 = CARTESIAN_POINT ( 'NONE',  ( 3.000000000000000000, 1.000000000000000000, 7.000000000000000000 ) ) ;
#5824 = EDGE_LOOP ( 'NONE', ( #7460, #6163, #966, #8314 ) ) ;
#5825 = ADVANCED_FACE ( 'NONE', ( #230 ), #7132, .F. ) ;
#5826 = DIRECTION ( 'NONE',  ( 0.000000000000000000, 0.000000000000000000, -1.000000000000000000 ) ) ;
#5827 = CARTESIAN_POINT ( 'NONE',  ( 143.9413926079289752, 11.35488858733063999, 19.75949815649024899 ) ) ;
#5828 = DIRECTION ( 'NONE',  ( 0.9994674359039728007, 0.03263195623216809393, 0.000000000000000000 ) ) ;
#5829 = CARTESIAN_POINT ( 'NONE',  ( 3.035766082959410049E-15, 17.39276987814955078, -2.738153414568420096 ) ) ;
#5830 = CARTESIAN_POINT ( 'NONE',  ( 0.1832449974823922301, 2.311452305465119039, -1.967164050948867926 ) ) ;
#5831 = VERTEX_POINT ( 'NONE', #2451 ) ;
#5832 = EDGE_CURVE ( 'NONE', #3228, #5921, #968, .T. ) ;
#5833 = DIRECTION ( 'NONE',  ( 0.000000000000000000, 0.000000000000000000, 1.000000000000000000 ) ) ;
#5834 = ORIENTED_EDGE ( 'NONE', *, *, #3235, .F. ) ;
#5835 = CARTESIAN_POINT ( 'NONE',  ( 111.6968029705523975, 0.07993136478402358691, 6.929217623707499385 ) ) ;
#5836 = ADVANCED_FACE ( 'NONE', ( #4217 ), #6113, .F. ) ;
#5837 = CYLINDRICAL_SURFACE ( 'NONE', #2384, 0.9999999999999991118 ) ;
#5838 = CARTESIAN_POINT ( 'NONE',  ( 109.9984331797471953, 18.94426705251422760, -7.000000000000015987 ) ) ;
#5839 = CARTESIAN_POINT ( 'NONE',  ( 107.3371803685810022, 19.61192392988554900, -6.791673954991520823 ) ) ;
#5840 = ORIENTED_EDGE ( 'NONE', *, *, #3921, .T. ) ;
#5841 = ORIENTED_EDGE ( 'NONE', *, *, #947, .T. ) ;
#5842 = PLANE ( 'NONE',  #3297 ) ;
#5843 = EDGE_LOOP ( 'NONE', ( #679, #2809, #4075, #4296, #6350, #1999, #6944 ) ) ;
#5844 = CARTESIAN_POINT ( 'NONE',  ( 0.5671210364439643881, 18.17180134168535943, 1.241726313404529547 ) ) ;
#5845 = CC_DESIGN_DATE_AND_TIME_ASSIGNMENT ( #6357, #1350, ( #7476 ) ) ;
#5846 = CARTESIAN_POINT ( 'NONE',  ( 5.499000000000000554, 0.000000000000000000, -8.501000000000001222 ) ) ;
#5847 = LINE ( 'NONE', #5888, #4846 ) ;
#5848 = EDGE_CURVE ( 'NONE', #8107, #2890, #3058, .T. ) ;
#5849 = CARTESIAN_POINT ( 'NONE',  ( 109.9986739337298474, 18.92502530965099439, 7.000000000000638600 ) ) ;
#5850 = CARTESIAN_POINT ( 'NONE',  ( 113.1143353405831959, 0.3016513197220634934, -7.903108611892971425 ) ) ;
#5851 = ORIENTED_EDGE ( 'NONE', *, *, #6950, .F. ) ;
#5852 = SECURITY_CLASSIFICATION_LEVEL ( 'unclassified' ) ;
#5853 = ORIENTED_EDGE ( 'NONE', *, *, #1617, .T. ) ;
#5854 = TOROIDAL_SURFACE ( 'NONE', #6662, 1.199999999999999956, 0.2500000000000000000 ) ;
#5855 = CARTESIAN_POINT ( 'NONE',  ( 60.00000000000000000, -5.000000000000000000, 6.000000000000000000 ) ) ;
#5856 = CARTESIAN_POINT ( 'NONE',  ( 108.7484798367604100, 19.90795286627765037, 6.419958929128619651 ) ) ;
#5857 = DIRECTION ( 'NONE',  ( -1.000000000000000000, 0.000000000000000000, 0.000000000000000000 ) ) ;
#5858 = CARTESIAN_POINT ( 'NONE',  ( 111.7719218454320043, 0.2519819323615550277, 7.291308761184509990 ) ) ;
#5859 = FACE_OUTER_BOUND ( 'NONE', #7827, .T. ) ;
#5860 = EDGE_CURVE ( 'NONE', #1744, #8311, #1577, .T. ) ;
#5861 = COORDINATED_UNIVERSAL_TIME_OFFSET ( 2, 0, .AHEAD. ) ;
#5862 = CARTESIAN_POINT ( 'NONE',  ( 1.707106781187663458, 0.2928932188129195202, 6.707106781186766398 ) ) ;
#5863 = ORIENTED_EDGE ( 'NONE', *, *, #101, .F. ) ;
#5864 = EDGE_CURVE ( 'NONE', #2358, #6902, #5127, .T. ) ;
#5865 = CARTESIAN_POINT ( 'NONE',  ( 0.6009994805188100253, 18.22909344509189822, 1.156359832361905982 ) ) ;
#5866 = CARTESIAN_POINT ( 'NONE',  ( 112.8422388115625523, 19.92727999649746096, 8.068475336166272882 ) ) ;
#5867 = LOCAL_TIME ( 21, 5, 34.00000000000000000, #7403 ) ;
#5868 = CARTESIAN_POINT ( 'NONE',  ( 107.7976269828415923, 0.9999999999999670264, -6.000000000000000000 ) ) ;
#5869 = CARTESIAN_POINT ( 'NONE',  ( 149.6443950646691974, 9.501908822039640157, 15.50474992217694847 ) ) ;
#5870 = CARTESIAN_POINT ( 'NONE',  ( 0.02743338835214714777, 2.729029463105922648, -2.593425988107809221 ) ) ;
#5871 = ORIENTED_EDGE ( 'NONE', *, *, #6898, .F. ) ;
#5872 = FACE_OUTER_BOUND ( 'NONE', #2499, .T. ) ;
#5873 = ORIENTED_EDGE ( 'NONE', *, *, #6581, .T. ) ;
#5874 = EDGE_CURVE ( 'NONE', #5055, #3988, #6870, .T. ) ;
#5875 = DIRECTION ( 'NONE',  ( 0.000000000000000000, -1.000000000000000000, 0.000000000000000000 ) ) ;
#5876 = DIRECTION ( 'NONE',  ( 0.000000000000000000, 1.000000000000000000, 0.000000000000000000 ) ) ;
#5877 = DIRECTION ( 'NONE',  ( 4.336808689942017736E-16, 0.000000000000000000, -1.000000000000000000 ) ) ;
#5878 = CARTESIAN_POINT ( 'NONE',  ( 111.5964258414242778, 0.07447419582965689178, 6.866388279406512751 ) ) ;
#5879 = CARTESIAN_POINT ( 'NONE',  ( 109.9564079697054240, 19.26631486484368949, -7.013490280240559649 ) ) ;
#5880 = ORIENTED_EDGE ( 'NONE', *, *, #2764, .T. ) ;
#5881 = EDGE_LOOP ( 'NONE', ( #3680, #1919 ) ) ;
#5882 = CARTESIAN_POINT ( 'NONE',  ( 144.7359421715985945, 12.23847681197618265, 18.98457163624487265 ) ) ;
#5883 = EDGE_LOOP ( 'NONE', ( #5880, #6829, #1071 ) ) ;
#5884 = CARTESIAN_POINT ( 'NONE',  ( 109.7182842004370400, -0.008859822145772721855, -1.472122159799726878E-12 ) ) ;
#5885 = CARTESIAN_POINT ( 'NONE',  ( 107.7976269828425870, 1.000000000000000000, -6.000000000000000000 ) ) ;
#5886 = CIRCLE ( 'NONE', #7783, 0.9999999999999998890 ) ;
#5887 = CARTESIAN_POINT ( 'NONE',  ( 128.4100320266906010, 18.12578080329054941, 7.764881442075459717 ) ) ;
#5888 = CARTESIAN_POINT ( 'NONE',  ( 5.499000000000000554, -7.810249675906650424, 12.00000000000000000 ) ) ;
#5889 = CARTESIAN_POINT ( 'NONE',  ( 113.4011431239280085, 18.88839153019339889, 8.278582759435179739 ) ) ;
#5890 = CARTESIAN_POINT ( 'NONE',  ( 113.4682475065457936, 0.5401141251092229645, -8.214387861925500189 ) ) ;
#5891 = ORIENTED_EDGE ( 'NONE', *, *, #3746, .T. ) ;
#5892 = CARTESIAN_POINT ( 'NONE',  ( 1.163414459189985682E-16, 20.00000000000000000, 0.9499999999999999556 ) ) ;
#5893 = ADVANCED_FACE ( 'NONE', ( #1101 ), #2285, .T. ) ;
#5894 = CARTESIAN_POINT ( 'NONE',  ( 107.9030759292970032, 19.75984114947405246, 6.650843912689600401 ) ) ;
#5895 = FACE_OUTER_BOUND ( 'NONE', #4383, .T. ) ;
#5896 = CARTESIAN_POINT ( 'NONE',  ( 1.537535242541717695, 19.62129006364910921, -1.252639734849902320 ) ) ;
#5897 = CARTESIAN_POINT ( 'NONE',  ( 109.8236730192891883, 1.006450157371265863, 0.9999999999991679989 ) ) ;
#5898 = PERSON_AND_ORGANIZATION ( #5375, #6038 ) ;
#5899 = CARTESIAN_POINT ( 'NONE',  ( 1.170030629533429956, 0.6146771197821209176, -1.409784746521413945 ) ) ;
#5900 = ORIENTED_EDGE ( 'NONE', *, *, #740, .T. ) ;
#5901 = LINE ( 'NONE', #2082, #2801 ) ;
#5902 = CARTESIAN_POINT ( 'NONE',  ( 115.2685707601850567, 19.78600525139841437, 8.980599902847778537 ) ) ;
#5903 = LOCAL_TIME ( 21, 5, 34.00000000000000000, #8163 ) ;
#5904 = CARTESIAN_POINT ( 'NONE',  ( 132.8422825135116057, -2.940901478952020032, 9.378088690062188704 ) ) ;
#5905 = CARTESIAN_POINT ( 'NONE',  ( 113.4025365857099388, 0.9635211587512880760, -8.279106599845759362 ) ) ;
#5906 = DIRECTION ( 'NONE',  ( -1.000000000000000000, 0.000000000000000000, -4.954937092193129892E-16 ) ) ;
#5907 = ORIENTED_EDGE ( 'NONE', *, *, #152, .T. ) ;
#5908 = CARTESIAN_POINT ( 'NONE',  ( 1.163414459189985682E-16, 19.75000000000000000, 0.9499999999999999556 ) ) ;
#5909 = EDGE_LOOP ( 'NONE', ( #2262, #4359, #4448, #2456 ) ) ;
#5910 = CIRCLE ( 'NONE', #4583, 20.00000000000000000 ) ;
#5911 = CARTESIAN_POINT ( 'NONE',  ( 146.4464256596835980, -8.890127078178910125, 19.63893517515699827 ) ) ;
#5912 = VECTOR ( 'NONE', #6878, 1000.000000000000000 ) ;
#5913 = DIRECTION ( 'NONE',  ( 0.000000000000000000, 0.000000000000000000, 1.000000000000000000 ) ) ;
#5914 = CARTESIAN_POINT ( 'NONE',  ( 148.6711131933410002, 10.32684392034416021, 16.90909271825290006 ) ) ;
#5915 = DIRECTION ( 'NONE',  ( 0.006931036737909994187, 0.9999725855010873632, -0.002605566350841821439 ) ) ;
#5916 = AXIS2_PLACEMENT_3D ( 'NONE', #5539, #2267, #8106 ) ;
#5917 = DIRECTION ( 'NONE',  ( 1.000000000000000000, 0.000000000000000000, 0.000000000000000000 ) ) ;
#5918 = EDGE_CURVE ( 'NONE', #5472, #2141, #1639, .T. ) ;
#5919 = ORIENTED_EDGE ( 'NONE', *, *, #678, .F. ) ;
#5920 = VECTOR ( 'NONE', #564, 1000.000000000000114 ) ;
#5921 = VERTEX_POINT ( 'NONE', #5010 ) ;
#5922 = DIRECTION ( 'NONE',  ( 1.000000000000000000, 0.000000000000000000, 0.000000000000000000 ) ) ;
#5923 = ORIENTED_EDGE ( 'NONE', *, *, #229, .T. ) ;
#5924 = FACE_OUTER_BOUND ( 'NONE', #6045, .T. ) ;
#5925 = UNCERTAINTY_MEASURE_WITH_UNIT (LENGTH_MEASURE( 1.000000000000000082E-05 ), #6389, 'distance_accuracy_value', 'NONE');
#5926 = CARTESIAN_POINT ( 'NONE',  ( 110.3672879358623931, 19.98497357519615036, 6.135440817241939904 ) ) ;
#5927 = CARTESIAN_POINT ( 'NONE',  ( 0.07808197337323899423, 2.214756338766505017, -2.476504225844305296 ) ) ;
#5928 = AXIS2_PLACEMENT_3D ( 'NONE', #1647, #2936, #4951 ) ;
#5929 = SPHERICAL_SURFACE ( 'NONE', #153, 1.000000000000000000 ) ;
#5930 = CARTESIAN_POINT ( 'NONE',  ( 80.00000000000000000, 3.061616997868384620E-15, 0.000000000000000000 ) ) ;
#5931 = CARTESIAN_POINT ( 'NONE',  ( 107.1119959433112143, 0.3841809444067230128, -6.788158927799090137 ) ) ;
#5932 = EDGE_LOOP ( 'NONE', ( #5853, #1199, #472, #1532 ) ) ;
#5933 = ADVANCED_FACE ( 'NONE', ( #467 ), #3035, .T. ) ;
#5934 = VECTOR ( 'NONE', #1866, 1000.000000000000227 ) ;
#5935 = CARTESIAN_POINT ( 'NONE',  ( 109.9583729554592111, 0.03978144824520529754, -5.915965449577909041 ) ) ;
#5936 = ADVANCED_FACE ( 'NONE', ( #3079 ), #8083, .T. ) ;
#5937 = CARTESIAN_POINT ( 'NONE',  ( 109.3608700488066034, 19.96479223521849988, 6.245780707317519997 ) ) ;
#5938 = CARTESIAN_POINT ( 'NONE',  ( 108.6128177528851921, 20.00000000000000000, 6.001114202575819512 ) ) ;
#5939 = VECTOR ( 'NONE', #3570, 1000.000000000000000 ) ;
#5940 = CARTESIAN_POINT ( 'NONE',  ( 0.04947040167658096899, 17.54257391809940358, -2.638284059476918131 ) ) ;
#5941 = DIRECTION ( 'NONE',  ( 5.204170427930419311E-16, 1.734723475976804876E-16, -1.000000000000000000 ) ) ;
#5942 = DATE_AND_TIME ( #7753, #5633 ) ;
#5943 = CARTESIAN_POINT ( 'NONE',  ( 1.371507409466758531, 0.4487819921551858826, -0.4487819921551858826 ) ) ;
#5944 = ORIENTED_EDGE ( 'NONE', *, *, #894, .F. ) ;
#5945 = CARTESIAN_POINT ( 'NONE',  ( 149.3540966133424206, -8.075699334250399986, 16.27696945535185336 ) ) ;
#5946 = CARTESIAN_POINT ( 'NONE',  ( 78.00000000000000000, -30.00000000000000000, 6.000000000000000000 ) ) ;
#5947 = CARTESIAN_POINT ( 'NONE',  ( 130.8296947695314145, 17.15212823964800037, 13.75952478347345931 ) ) ;
#5948 = CC_DESIGN_PERSON_AND_ORGANIZATION_ASSIGNMENT ( #388, #4849, ( #2403 ) ) ;
#5949 = CARTESIAN_POINT ( 'NONE',  ( 106.3649126752824117, 18.92434968069115087, 7.000000000000000000 ) ) ;
#5950 = CARTESIAN_POINT ( 'NONE',  ( 3.000000000000000000, 19.00000000000000000, -4.336808689942014778E-16 ) ) ;
#5951 = CARTESIAN_POINT ( 'NONE',  ( 1.017519744401138126, 1.493226378986386216, 0.7398395684795799898 ) ) ;
#5952 =( BOUNDED_CURVE ( )  B_SPLINE_CURVE ( 3, ( #6097, #7432, #1714, #2228 ),
 .UNSPECIFIED., .F., .F. ) 
 B_SPLINE_CURVE_WITH_KNOTS ( ( 4, 4 ),
 ( 0.4455612539428099872, 1.570796326794895004 ),
 .UNSPECIFIED. ) 
 CURVE ( )  GEOMETRIC_REPRESENTATION_ITEM ( )  RATIONAL_B_SPLINE_CURVE ( ( 1.000000000000000000, 0.8972412072652139470, 0.8972412072652139470, 1.000000000000000000 ) ) 
 REPRESENTATION_ITEM ( '' )  );
#5953 = VERTEX_POINT ( 'NONE', #1228 ) ;
#5954 = CARTESIAN_POINT ( 'NONE',  ( 5.500000000000000000, -32.00100000000000477, 10.49999999999999822 ) ) ;
#5955 = ORIENTED_EDGE ( 'NONE', *, *, #1861, .T. ) ;
#5956 = CIRCLE ( 'NONE', #2989, 0.9999999999999995559 ) ;
#5957 = CARTESIAN_POINT ( 'NONE',  ( 109.6174781541735967, 1.000000000000000000, -1.000000000000000000 ) ) ;
#5958 = DIRECTION ( 'NONE',  ( 0.000000000000000000, 0.000000000000000000, 1.000000000000000000 ) ) ;
#5959 = CARTESIAN_POINT ( 'NONE',  ( 147.4992961041500337, 10.35292779324915990, 20.02214867748140037 ) ) ;
#5960 = PRODUCT_DEFINITION_SHAPE ( 'NONE', 'NONE',  #7538 ) ;
#5961 = DIRECTION ( 'NONE',  ( 0.000000000000000000, 0.000000000000000000, 1.000000000000000000 ) ) ;
#5962 = CIRCLE ( 'NONE', #2329, 0.9999999999999995559 ) ;
#5963 = LINE ( 'NONE', #3002, #8052 ) ;
#5964 = ORIENTED_EDGE ( 'NONE', *, *, #1380, .T. ) ;
#5965 = ORIENTED_EDGE ( 'NONE', *, *, #5860, .F. ) ;
#5966 = CARTESIAN_POINT ( 'NONE',  ( 110.0000000000000000, 19.00000000000000000, 0.000000000000000000 ) ) ;
#5967 = ORIENTED_EDGE ( 'NONE', *, *, #6326, .T. ) ;
#5968 = DIRECTION ( 'NONE',  ( 1.000000000000000000, 0.000000000000000000, 0.000000000000000000 ) ) ;
#5969 = DIRECTION ( 'NONE',  ( -0.000000000000000000, -0.000000000000000000, -1.000000000000000000 ) ) ;
#5970 = EDGE_CURVE ( 'NONE', #8156, #2430, #3386, .T. ) ;
#5971 = CARTESIAN_POINT ( 'NONE',  ( 1.170030629533429956, 0.6146771197821209176, -1.409784746521413945 ) ) ;
#5972 = LINE ( 'NONE', #5380, #5260 ) ;
#5973 = CARTESIAN_POINT ( 'NONE',  ( 113.3990003999760035, 18.89209477623894884, 8.277761672821080552 ) ) ;
#5974 = DIRECTION ( 'NONE',  ( 0.000000000000000000, -1.000000000000000000, 0.000000000000000000 ) ) ;
#5975 = ORIENTED_EDGE ( 'NONE', *, *, #1019, .T. ) ;
#5976 = ADVANCED_FACE ( 'NONE', ( #3754 ), #2243, .T. ) ;
#5977 = CARTESIAN_POINT ( 'NONE',  ( 112.7503632870734123, 0.05798968564096947109, -8.033936812830894780 ) ) ;
#5978 = CARTESIAN_POINT ( 'NONE',  ( 145.7129606828534634, -7.189016121357037825, -12.99845466607952993 ) ) ;
#5979 = CARTESIAN_POINT ( 'NONE',  ( 2.627557016408078372, 20.00000000000000000, -1.000000000000000222 ) ) ;
#5980 = FACE_OUTER_BOUND ( 'NONE', #7181, .T. ) ;
#5981 = EDGE_CURVE ( 'NONE', #456, #2289, #423, .T. ) ;
#5982 = PERSON_AND_ORGANIZATION ( #5375, #6038 ) ;
#5983 = AXIS2_PLACEMENT_3D ( 'NONE', #4159, #6733, #6775 ) ;
#5984 = CARTESIAN_POINT ( 'NONE',  ( 142.3821263252313827, -5.827574054849200103, 12.85030787710743816 ) ) ;
#5985 = ORIENTED_EDGE ( 'NONE', *, *, #3293, .F. ) ;
#5986 = DIRECTION ( 'NONE',  ( 0.000000000000000000, 0.000000000000000000, -1.000000000000000000 ) ) ;
#5987 = ADVANCED_BREP_SHAPE_REPRESENTATION ( '', ( #5177, #6993 ), #1344 ) ;
#5988 = CARTESIAN_POINT ( 'NONE',  ( 122.4841670398094209, -1.059358472559969178, 10.62660659799055374 ) ) ;
#5989 = CIRCLE ( 'NONE', #2356, 1.000000000000000888 ) ;
#5990 = CARTESIAN_POINT ( 'NONE',  ( 147.6168443084570185, -7.101016365880440162, 13.69141163530436067 ) ) ;
#5991 = DIRECTION ( 'NONE',  ( 0.9995528166394257452, 0.02990262109231479545, 0.000000000000000000 ) ) ;
#5992 = CARTESIAN_POINT ( 'NONE',  ( 148.4751571749424386, 10.04072706644376112, -18.61502603019988200 ) ) ;
#5993 = ORIENTED_EDGE ( 'NONE', *, *, #889, .T. ) ;
#5994 = CARTESIAN_POINT ( 'NONE',  ( 109.8535756403659036, 0.006897340731378616592, 0.9999999999991679989 ) ) ;
#5995 = ORIENTED_EDGE ( 'NONE', *, *, #3607, .F. ) ;
#5996 = DIRECTION ( 'NONE',  ( 0.000000000000000000, 0.000000000000000000, 1.000000000000000000 ) ) ;
#5997 = CARTESIAN_POINT ( 'NONE',  ( 120.7055738280867843, 0.1870754599071554891, 11.02451811867413944 ) ) ;
#5998 = EDGE_CURVE ( 'NONE', #8213, #368, #5092, .T. ) ;
#5999 = DIRECTION ( 'NONE',  ( 0.000000000000000000, 1.000000000000000000, 0.000000000000000000 ) ) ;
#6000 = DIRECTION ( 'NONE',  ( 0.000000000000000000, 0.000000000000000000, 1.000000000000000000 ) ) ;
#6001 = CARTESIAN_POINT ( 'NONE',  ( 108.9719538358404236, 0.05713095153616764427, -6.235127625777142413 ) ) ;
#6002 = CC_DESIGN_APPROVAL ( #3066, ( #7538 ) ) ;
#6003 = ORIENTED_EDGE ( 'NONE', *, *, #1555, .F. ) ;
#6004 = CARTESIAN_POINT ( 'NONE',  ( 132.4008736134884714, 16.74507264862839406, 14.35007933976591588 ) ) ;
#6005 = ORIENTED_EDGE ( 'NONE', *, *, #2317, .T. ) ;
#6006 = CARTESIAN_POINT ( 'NONE',  ( 1.450054041636471558, 0.4293786870797021149, 1.286458956974393164 ) ) ;
#6007 = ORIENTED_EDGE ( 'NONE', *, *, #1961, .T. ) ;
#6008 = CARTESIAN_POINT ( 'NONE',  ( 3.000000000000000000, 3.000000000000000000, 0.000000000000000000 ) ) ;
#6009 = FACE_OUTER_BOUND ( 'NONE', #1520, .T. ) ;
#6010 = ADVANCED_FACE ( 'NONE', ( #723 ), #5226, .T. ) ;
#6011 = CARTESIAN_POINT ( 'NONE',  ( 134.0153576668635935, 15.18159674635714929, 16.02803003451945330 ) ) ;
#6012 = CARTESIAN_POINT ( 'NONE',  ( 5.499000000000000554, 19.75000000000000000, 8.501000000000001222 ) ) ;
#6013 = CARTESIAN_POINT ( 'NONE',  ( 110.3501617376178672, 0.3765114181044984520, -6.873085481295993837 ) ) ;
#6014 = ORIENTED_EDGE ( 'NONE', *, *, #4640, .T. ) ;
#6015 = AXIS2_PLACEMENT_3D ( 'NONE', #8100, #8059, #6094 ) ;
#6016 = CARTESIAN_POINT ( 'NONE',  ( 109.9999387557696906, 0.9814641883763782770, -6.999976976616910207 ) ) ;
#6017 = B_SPLINE_CURVE_WITH_KNOTS ( 'NONE', 3,
 ( #3019, #4827, #7357, #6894 ),
 .UNSPECIFIED., .F., .F.,
 ( 4, 4 ),
 ( 1.838319552191060253E-05, 0.002372010007980539757 ),
 .UNSPECIFIED. ) ;
#6018 = CARTESIAN_POINT ( 'NONE',  ( 143.0541880501712058, -4.890153083401629353, -12.03074056809994019 ) ) ;
#6019 = CARTESIAN_POINT ( 'NONE',  ( 109.4098835015879985, 19.99634408621570003, -6.002485625600010088 ) ) ;
#6020 = CARTESIAN_POINT ( 'NONE',  ( 0.7664982464612828394, 19.00382965825165371, -1.664198353258199203 ) ) ;
#6021 = EDGE_CURVE ( 'NONE', #7154, #7244, #1185, .T. ) ;
#6022 = PLANE ( 'NONE',  #8312 ) ;
#6023 = AXIS2_PLACEMENT_3D ( 'NONE', #4852, #7416, #1663 ) ;
#6024 = ADVANCED_FACE ( 'NONE', ( #5050 ), #597, .F. ) ;
#6025 = PERSON_AND_ORGANIZATION ( #5375, #6038 ) ;
#6026 = DIRECTION ( 'NONE',  ( 0.000000000000000000, 0.000000000000000000, -1.000000000000000000 ) ) ;
#6027 = ORIENTED_EDGE ( 'NONE', *, *, #6581, .F. ) ;
#6028 = CARTESIAN_POINT ( 'NONE',  ( 5.500999999999999446, 6.599999999999999645, 12.00000000000000000 ) ) ;
#6029 = CARTESIAN_POINT ( 'NONE',  ( 132.0486866492679781, 16.74752384794221527, 15.28870458863031878 ) ) ;
#6030 = CARTESIAN_POINT ( 'NONE',  ( 123.5478477801600121, 0.1573017852030180186, 4.931013330347679968 ) ) ;
#6031 = CARTESIAN_POINT ( 'NONE',  ( 1.496547972349010047, 19.60349479359739888, -1.264336804268406000 ) ) ;
#6032 = DIRECTION ( 'NONE',  ( 0.000000000000000000, -1.000000000000000000, 0.000000000000000000 ) ) ;
#6033 =( REPRESENTATION_RELATIONSHIP ('NONE','NONE', #3275, #1604 ) REPRESENTATION_RELATIONSHIP_WITH_TRANSFORMATION ( #6400 )SHAPE_REPRESENTATION_RELATIONSHIP( ) );
#6034 = CALENDAR_DATE ( 2026, 3, 9 ) ;
#6035 = DIRECTION ( 'NONE',  ( 0.000000000000000000, -1.000000000000000000, 0.000000000000000000 ) ) ;
#6036 = VECTOR ( 'NONE', #4152, 1000.000000000000000 ) ;
#6037 = ORIENTED_EDGE ( 'NONE', *, *, #2190, .T. ) ;
#6038 = ORGANIZATION ( 'UNSPECIFIED', 'UNSPECIFIED', '' ) ;
#6039 = EDGE_CURVE ( 'NONE', #7617, #3992, #6198, .T. ) ;
#6040 = CARTESIAN_POINT ( 'NONE',  ( 109.4082637749368558, 0.1562364728290647209, 6.468910032396946619 ) ) ;
#6041 = CARTESIAN_POINT ( 'NONE',  ( 148.4739276883111927, 9.527034403051660050, 18.61829657334585164 ) ) ;
#6042 = CARTESIAN_POINT ( 'NONE',  ( 110.0000000000000000, 20.00000000000000000, -6.000000000000000000 ) ) ;
#6043 = CARTESIAN_POINT ( 'NONE',  ( 5.499000000000000554, 13.40000000000000036, 9.501000000000001222 ) ) ;
#6044 = LOCAL_TIME ( 21, 5, 34.00000000000000000, #1187 ) ;
#6045 = EDGE_LOOP ( 'NONE', ( #88, #2509, #6884, #2489 ) ) ;
#6046 = CARTESIAN_POINT ( 'NONE',  ( 133.3659851175577842, 16.92958154912454560, -9.568700849575339618 ) ) ;
#6047 = ORIENTED_EDGE ( 'NONE', *, *, #6661, .T. ) ;
#6048 = CARTESIAN_POINT ( 'NONE',  ( 0.2080419764762650170, 1.902265959890615088, 2.268177328265947867 ) ) ;
#6049 = ORIENTED_EDGE ( 'NONE', *, *, #7452, .F. ) ;
#6050 = CYLINDRICAL_SURFACE ( 'NONE', #7765, 1.000000000000000000 ) ;
#6051 = VECTOR ( 'NONE', #5917, 1000.000000000000000 ) ;
#6052 =( BOUNDED_CURVE ( )  B_SPLINE_CURVE ( 3, ( #1588, #3516, #4145, #239 ),
 .UNSPECIFIED., .F., .T. ) 
 B_SPLINE_CURVE_WITH_KNOTS ( ( 4, 4 ),
 ( 3.141592653589795336, 3.144198285476049737 ),
 .UNSPECIFIED. ) 
 CURVE ( )  GEOMETRIC_REPRESENTATION_ITEM ( )  RATIONAL_B_SPLINE_CURVE ( ( 1.000000000000000000, 0.9999994342236190326, 0.9999994342236190326, 1.000000000000000000 ) ) 
 REPRESENTATION_ITEM ( '' )  );
#6053 = CARTESIAN_POINT ( 'NONE',  ( 8.000000000000000000, 19.00000000000000000, -7.000000000000000000 ) ) ;
#6054 = CIRCLE ( 'NONE', #7127, 0.9499999999999999556 ) ;
#6055 = PRODUCT_RELATED_PRODUCT_CATEGORY ( 'detail', '', ( #7352 ) ) ;
#6056 = DIRECTION ( 'NONE',  ( 0.000000000000000000, 1.000000000000000000, 0.000000000000000000 ) ) ;
#6057 = DIRECTION ( 'NONE',  ( -1.719089139163134901E-31, 1.000000000000000000, 3.469446951953610245E-16 ) ) ;
#6058 = DIRECTION ( 'NONE',  ( -1.000000000000000000, 0.000000000000000000, 0.000000000000000000 ) ) ;
#6059 = ORIENTED_EDGE ( 'NONE', *, *, #138, .T. ) ;
#6060 = CIRCLE ( 'NONE', #2165, 1.000000000000000000 ) ;
#6061 = CARTESIAN_POINT ( 'NONE',  ( 113.3042678018239968, 19.03561518842100142, 8.233554659591181490 ) ) ;
#6062 = CIRCLE ( 'NONE', #7137, 3.000000000000000000 ) ;
#6063 = CARTESIAN_POINT ( 'NONE',  ( 109.6174781541735967, 1.000000000000000000, -1.000000000000000000 ) ) ;
#6064 = FACE_OUTER_BOUND ( 'NONE', #4183, .T. ) ;
#6065 = CARTESIAN_POINT ( 'NONE',  ( 110.1265724981954577, 0.09537853870211306095, -6.362592498300839061 ) ) ;
#6066 = TOROIDAL_SURFACE ( 'NONE', #6742, 1.250000000000000000, 0.2500000000000000000 ) ;
#6067 = DATE_AND_TIME ( #4725, #6263 ) ;
#6068 = CARTESIAN_POINT ( 'NONE',  ( 0.1718344562558467015, 17.66731593394107236, 1.998998822367497930 ) ) ;
#6069 = ORIENTED_EDGE ( 'NONE', *, *, #6021, .F. ) ;
#6070 = DIRECTION ( 'NONE',  ( 0.000000000000000000, 0.000000000000000000, -1.000000000000000000 ) ) ;
#6071 = EDGE_CURVE ( 'NONE', #898, #579, #2535, .T. ) ;
#6072 = CIRCLE ( 'NONE', #7278, 1.000000000000000000 ) ;
#6073 = CARTESIAN_POINT ( 'NONE',  ( 127.6941911070158824, -2.111851301751923149, -12.58571639613759352 ) ) ;
#6074 = CARTESIAN_POINT ( 'NONE',  ( 142.3821263252313827, -5.827574054849200103, 12.85030787710743816 ) ) ;
#6075 = CARTESIAN_POINT ( 'NONE',  ( 1.371507409466824035, 19.55121800784492692, -0.4487819921551701730 ) ) ;
#6076 = CARTESIAN_POINT ( 'NONE',  ( 2.607305765700779876, 1.012892176783895870, 0.01933826517584500207 ) ) ;
#6077 = B_SPLINE_CURVE_WITH_KNOTS ( 'NONE', 3,
 ( #3799, #6367, #643, #5775, #7710, #1316 ),
 .UNSPECIFIED., .F., .F.,
 ( 4, 2, 4 ),
 ( 4.784858239498379161E-17, 0.0007527434974303638801, 0.001505486994860680055 ),
 .UNSPECIFIED. ) ;
#6078 = APPROVAL_DATE_TIME ( #5405, #443 ) ;
#6079 = CARTESIAN_POINT ( 'NONE',  ( 121.9211384360436057, 18.35392968316829609, -4.338939549286604525 ) ) ;
#6080 = ADVANCED_FACE ( 'NONE', ( #3882 ), #4475, .T. ) ;
#6081 = ORIENTED_EDGE ( 'NONE', *, *, #6771, .T. ) ;
#6082 = CARTESIAN_POINT ( 'NONE',  ( 122.4841670408636105, -1.059358472565005815, 10.62660659518522088 ) ) ;
#6083 = CARTESIAN_POINT ( 'NONE',  ( 149.0503717261175893, -8.081274705556781512, 14.21317294533733921 ) ) ;
#6084 = DIRECTION ( 'NONE',  ( 0.000000000000000000, -1.000000000000000000, 0.000000000000000000 ) ) ;
#6085 = CARTESIAN_POINT ( 'NONE',  ( 0.000000000000000000, 19.75000000000000000, 0.000000000000000000 ) ) ;
#6086 = EDGE_CURVE ( 'NONE', #3791, #3528, #7992, .T. ) ;
#6087 = ORIENTED_EDGE ( 'NONE', *, *, #2393, .F. ) ;
#6088 = EDGE_CURVE ( 'NONE', #7102, #3528, #2706, .T. ) ;
#6089 = CARTESIAN_POINT ( 'NONE',  ( 135.9372498736045998, 15.30029012267874933, -9.440386912716919099 ) ) ;
#6090 = ORIENTED_EDGE ( 'NONE', *, *, #5381, .T. ) ;
#6091 = DIRECTION ( 'NONE',  ( 1.224646799147353454E-16, 0.000000000000000000, -1.000000000000000000 ) ) ;
#6092 = ORIENTED_EDGE ( 'NONE', *, *, #4072, .F. ) ;
#6093 = B_SPLINE_CURVE_WITH_KNOTS ( 'NONE', 3,
 ( #4791, #4903, #4866, #3603, #2308, #1676, #4240 ),
 .UNSPECIFIED., .F., .F.,
 ( 4, 3, 4 ),
 ( 0.000000000000000000, 0.002496127796316760256, 0.004989568642188879979 ),
 .UNSPECIFIED. ) ;
#6094 = DIRECTION ( 'NONE',  ( 0.9396926207858911084, 0.000000000000000000, -0.3420201433257158419 ) ) ;
#6095 = AXIS2_PLACEMENT_3D ( 'NONE', #1363, #2663, #7081 ) ;
#6096 = CARTESIAN_POINT ( 'NONE',  ( 1.836970198721029934E-16, 22.00000000000000000, 1.500000000000000000 ) ) ;
#6097 = CARTESIAN_POINT ( 'NONE',  ( 1.707106781187729849, 0.2928932188133665515, -6.707106781187213151 ) ) ;
#6098 = CARTESIAN_POINT ( 'NONE',  ( 0.000000000000000000, 0.5000000000000109912, -0.9499999999999999556 ) ) ;
#6099 = VERTEX_POINT ( 'NONE', #5307 ) ;
#6100 = CARTESIAN_POINT ( 'NONE',  ( 147.8886938636780144, -8.047637791034109256, -20.17507026191094965 ) ) ;
#6101 = CARTESIAN_POINT ( 'NONE',  ( 143.0187002552219724, -6.892117024444029738, -18.34899603248434730 ) ) ;
#6102 = EDGE_CURVE ( 'NONE', #7102, #3791, #4591, .T. ) ;
#6103 = CARTESIAN_POINT ( 'NONE',  ( 111.5029582973832021, 0.06283619767793119371, -1.611209856037679966 ) ) ;
#6104 = CARTESIAN_POINT ( 'NONE',  ( 109.7556139748839996, 0.03996907522172014199, 6.082769240123043986 ) ) ;
#6105 = CARTESIAN_POINT ( 'NONE',  ( 110.1834106557364095, 0.04062809819006810153, -6.000602840074269473 ) ) ;
#6106 = PERSON_AND_ORGANIZATION_ROLE ( 'creator' ) ;
#6107 = DIRECTION ( 'NONE',  ( 0.000000000000000000, 1.000000000000000000, 0.000000000000000000 ) ) ;
#6108 = ORIENTED_EDGE ( 'NONE', *, *, #4640, .F. ) ;
#6109 = FACE_OUTER_BOUND ( 'NONE', #7982, .T. ) ;
#6110 = VECTOR ( 'NONE', #6137, 1000.000000000000000 ) ;
#6111 = CARTESIAN_POINT ( 'NONE',  ( 107.8161785944026008, 19.73900687360029949, 6.673697885384509476 ) ) ;
#6112 = CARTESIAN_POINT ( 'NONE',  ( 111.5029582973686075, 0.06283619767730089234, 1.611209856019985009 ) ) ;
#6113 = CYLINDRICAL_SURFACE ( 'NONE', #6482, 1.000000000000000888 ) ;
#6114 = CARTESIAN_POINT ( 'NONE',  ( 113.3710955675928176, 0.4365944213817320452, 8.117432354015061691 ) ) ;
#6115 = MECHANICAL_CONTEXT ( 'NONE', #3999, 'mechanical' ) ;
#6116 = EDGE_CURVE ( 'NONE', #5086, #4585, #2699, .T. ) ;
#6117 = CARTESIAN_POINT ( 'NONE',  ( 70.00000000000000000, -25.68947275135709774, 6.000000000000000000 ) ) ;
#6118 = VERTEX_POINT ( 'NONE', #7874 ) ;
#6119 = AXIS2_PLACEMENT_3D ( 'NONE', #6175, #8028, #4200 ) ;
#6120 = CARTESIAN_POINT ( 'NONE',  ( 1.163414459189985682E-16, 0.5000000000000109912, -0.9499999999999999556 ) ) ;
#6121 = CARTESIAN_POINT ( 'NONE',  ( 110.0624216424912873, 0.3305719680811259331, 6.978134867932960006 ) ) ;
#6122 = CARTESIAN_POINT ( 'NONE',  ( 3.000000000000000000, 0.000000000000000000, -4.000000000000000000 ) ) ;
#6123 = CARTESIAN_POINT ( 'NONE',  ( 131.7214533645450274, 17.34962084982375075, 8.970140242175091316 ) ) ;
#6124 = ADVANCED_FACE ( 'NONE', ( #6064 ), #5269, .F. ) ;
#6125 = ORIENTED_EDGE ( 'NONE', *, *, #5548, .T. ) ;
#6126 = CARTESIAN_POINT ( 'NONE',  ( 110.1664301946169076, 19.99993095563818812, -0.06057563692370161040 ) ) ;
#6127 = ORIENTED_EDGE ( 'NONE', *, *, #7378, .T. ) ;
#6128 = SPHERICAL_SURFACE ( 'NONE', #7594, 1.000000000000000000 ) ;
#6129 = ORIENTED_EDGE ( 'NONE', *, *, #6837, .F. ) ;
#6130 = CARTESIAN_POINT ( 'NONE',  ( 8.000000000000000000, 0.6999999999999999556, 11.50000000000000000 ) ) ;
#6131 = DIRECTION ( 'NONE',  ( -0.9994674359039734668, -0.03263195623214619479, 0.000000000000000000 ) ) ;
#6132 = LOCAL_TIME ( 21, 5, 34.00000000000000000, #934 ) ;
#6133 = DIRECTION ( 'NONE',  ( 0.000000000000000000, 0.000000000000000000, -1.000000000000000000 ) ) ;
#6134 = CARTESIAN_POINT ( 'NONE',  ( 1.917418236061759984, 0.1924500978636584647, 6.606663660236636204 ) ) ;
#6135 = ORIENTED_EDGE ( 'NONE', *, *, #3699, .F. ) ;
#6136 = CARTESIAN_POINT ( 'NONE',  ( 148.2003663687800099, -8.922563096391790793, -14.96797406877562153 ) ) ;
#6137 = DIRECTION ( 'NONE',  ( -5.204170427930419311E-16, -3.469446951953610245E-16, 1.000000000000000000 ) ) ;
#6138 = CIRCLE ( 'NONE', #365, 1.000000000000000888 ) ;
#6139 = EDGE_CURVE ( 'NONE', #6745, #8223, #2670, .T. ) ;
#6140 = APPLICATION_CONTEXT ( 'configuration controlled 3d designs of mechanical parts and assemblies' ) ;
#6141 = DIRECTION ( 'NONE',  ( 0.000000000000000000, 0.000000000000000000, -1.000000000000000000 ) ) ;
#6142 = DIRECTION ( 'NONE',  ( 0.000000000000000000, 0.000000000000000000, 1.000000000000000000 ) ) ;
#6143 = CARTESIAN_POINT ( 'NONE',  ( 109.7182842004371963, -0.008859822145863968310, 1.434342838225720880E-12 ) ) ;
#6144 = ORIENTED_EDGE ( 'NONE', *, *, #8068, .T. ) ;
#6145 = PERSON_AND_ORGANIZATION_ROLE ( 'design_supplier' ) ;
#6146 = CARTESIAN_POINT ( 'NONE',  ( 8.000000000000000000, 0.000000000000000000, -7.000000000000000000 ) ) ;
#6147 = ORIENTED_EDGE ( 'NONE', *, *, #651, .F. ) ;
#6148 = CARTESIAN_POINT ( 'NONE',  ( 134.1470315852524493, -3.718600518434012514, -15.01185533881884027 ) ) ;
#6149 = CIRCLE ( 'NONE', #4568, 0.9999999999999997780 ) ;
#6150 = CARTESIAN_POINT ( 'NONE',  ( 113.4025997963560002, 18.98526096017659981, -8.279130362457099324 ) ) ;
#6151 = DIRECTION ( 'NONE',  ( 0.000000000000000000, 0.000000000000000000, 1.000000000000000000 ) ) ;
#6152 = PLANE ( 'NONE',  #4436 ) ;
#6153 = COORDINATED_UNIVERSAL_TIME_OFFSET ( 2, 0, .AHEAD. ) ;
#6154 = CARTESIAN_POINT ( 'NONE',  ( 134.5000000000000000, 0.6999999999999999556, 11.50000000000000000 ) ) ;
#6155 = EDGE_LOOP ( 'NONE', ( #2996, #5584, #5284, #1594, #7308 ) ) ;
#6156 = CARTESIAN_POINT ( 'NONE',  ( 116.2349590846822025, -0.1738630264089960076, 8.276552679588908390 ) ) ;
#6157 = CARTESIAN_POINT ( 'NONE',  ( 111.8706373807235224, 0.2316830708534880212, 7.324523663917386074 ) ) ;
#6158 = CARTESIAN_POINT ( 'NONE',  ( 135.9495160558666385, 15.77310033535234446, -15.68353285351601123 ) ) ;
#6159 = CARTESIAN_POINT ( 'NONE',  ( 146.2823078705416151, 12.28717291877621953, 14.26985786782875998 ) ) ;
#6160 = B_SPLINE_CURVE_WITH_KNOTS ( 'NONE', 3,
 ( #2465, #7592, #6923, #610, #1287, #5062, #2507, #3138, #5699, #7635, #4446, #5108, #1242, #3811 ),
 .UNSPECIFIED., .F., .F.,
 ( 4, 2, 2, 2, 2, 2, 4 ),
 ( 0.000000000000000000, 0.2500000000000072720, 0.3750000000000108802, 0.4375000000000058287, 0.4687500000000098810, 0.5000000000000138778, 1.000000000000000000 ),
 .UNSPECIFIED. ) ;
#6161 = VERTEX_POINT ( 'NONE', #498 ) ;
#6162 = CARTESIAN_POINT ( 'NONE',  ( 3.000000000000000000, -7.810249675906650424, -6.000000000000000000 ) ) ;
#6163 = ORIENTED_EDGE ( 'NONE', *, *, #8277, .T. ) ;
#6164 = CARTESIAN_POINT ( 'NONE',  ( 145.0492668004177972, 13.60780882192909758, 13.82106762068256067 ) ) ;
#6165 = DIRECTION ( 'NONE',  ( 0.000000000000000000, 0.000000000000000000, 1.000000000000000000 ) ) ;
#6166 =( BOUNDED_SURFACE ( )  B_SPLINE_SURFACE ( 3, 2, ( 
 ( #6657, #132, #2698 ),
 ( #1439, #803, #5938 ),
 ( #4327, #577, #7431 ),
 ( #5578, #3777, #7470 ) ),
 .UNSPECIFIED., .F., .F., .F. ) 
 B_SPLINE_SURFACE_WITH_KNOTS ( ( 4, 4 ),
 ( 3, 3 ),
 ( 0.000000000000000000, 0.002373707868671480307 ),
 ( 0.5252126961646619296, 1.000000000000000000 ),
 .UNSPECIFIED. ) 
 GEOMETRIC_REPRESENTATION_ITEM ( )  RATIONAL_B_SPLINE_SURFACE ( (
 ( 0.8539257633439990558, 0.8609380183279070620, 1.000000000000000000),
 ( 0.8541222196928489607, 0.8611250438418410758, 1.000000000000000000),
 ( 0.8543638836572730044, 0.8613551067917559756, 1.000000000000000000),
 ( 0.8546515949703140658, 0.8616290065995300118, 1.000000000000000000) ) ) 
 REPRESENTATION_ITEM ( '' )  SURFACE ( )  );
#6167 = DIRECTION ( 'NONE',  ( -1.000000000000000000, 0.000000000000000000, 4.954937092193129892E-16 ) ) ;
#6168 = DIRECTION ( 'NONE',  ( 1.000000000000000000, 0.000000000000000000, 0.000000000000000000 ) ) ;
#6169 = EDGE_CURVE ( 'NONE', #7099, #7549, #971, .T. ) ;
#6170 = CC_DESIGN_APPROVAL ( #4571, ( #2403 ) ) ;
#6171 = CARTESIAN_POINT ( 'NONE',  ( 113.0509330527516028, 19.24837823142325277, -8.081463338562448584 ) ) ;
#6172 = DIRECTION ( 'NONE',  ( 1.000000000000000000, 0.000000000000000000, 0.000000000000000000 ) ) ;
#6173 = CARTESIAN_POINT ( 'NONE',  ( 8.000000000000000000, -7.810249675906650424, 9.501000000000001222 ) ) ;
#6174 = VERTEX_POINT ( 'NONE', #4833 ) ;
#6175 = CARTESIAN_POINT ( 'NONE',  ( 5.500999999999999446, -7.810249675906650424, -9.501000000000001222 ) ) ;
#6176 = AXIS2_PLACEMENT_3D ( 'NONE', #24, #5150, #7720 ) ;
#6177 = CARTESIAN_POINT ( 'NONE',  ( 129.9095720690293945, -2.704357397728592183, -14.48455288933495488 ) ) ;
#6178 = CIRCLE ( 'NONE', #4301, 2.500000000000002220 ) ;
#6179 = CARTESIAN_POINT ( 'NONE',  ( 109.8535756403659036, 0.006897340731378616592, -0.9999999999991679989 ) ) ;
#6180 = DIRECTION ( 'NONE',  ( -1.000000000000000000, 0.000000000000000000, 0.000000000000000000 ) ) ;
#6181 = AXIS2_PLACEMENT_3D ( 'NONE', #220, #6697, #5350 ) ;
#6182 = CARTESIAN_POINT ( 'NONE',  ( 109.6862068386951989, 1.002243946465535940, -4.553649124439119412E-15 ) ) ;
#6183 = ADVANCED_FACE ( 'NONE', ( #3069 ), #8112, .T. ) ;
#6184 = PERSON_AND_ORGANIZATION ( #5375, #6038 ) ;
#6185 = VECTOR ( 'NONE', #6750, 1000.000000000000000 ) ;
#6186 = EDGE_CURVE ( 'NONE', #3819, #4351, #834, .T. ) ;
#6187 = AXIS2_PLACEMENT_3D ( 'NONE', #722, #3327, #7832 ) ;
#6188 = ORIENTED_EDGE ( 'NONE', *, *, #5146, .T. ) ;
#6189 = CARTESIAN_POINT ( 'NONE',  ( 80.00000000000000000, -5.000000000000000000, 6.000000000000000000 ) ) ;
#6190 = CARTESIAN_POINT ( 'NONE',  ( 107.4268732634771908, 19.63918312602535110, 6.769835735016939360 ) ) ;
#6191 = SPHERICAL_SURFACE ( 'NONE', #5109, 1.000000000000000000 ) ;
#6192 = AXIS2_PLACEMENT_3D ( 'NONE', #5128, #2567, #3870 ) ;
#6193 = CARTESIAN_POINT ( 'NONE',  ( 109.4007520801746125, 19.99638328709029977, 6.002470043986189552 ) ) ;
#6194 = LINE ( 'NONE', #430, #2417 ) ;
#6195 = DATE_TIME_ROLE ( 'creation_date' ) ;
#6196 = CARTESIAN_POINT ( 'NONE',  ( 0.07808197337295169627, 17.78524366123279776, 2.476504225844305296 ) ) ;
#6197 = ORIENTED_EDGE ( 'NONE', *, *, #7155, .T. ) ;
#6198 = CIRCLE ( 'NONE', #554, 0.9999999999999998890 ) ;
#6199 = APPROVAL ( #1022, 'UNSPECIFIED' ) ;
#6200 = CARTESIAN_POINT ( 'NONE',  ( 145.7931754083699900, -8.443839911605479642, 19.39307058774449999 ) ) ;
#6201 = CARTESIAN_POINT ( 'NONE',  ( 111.5517546170298289, 0.2594773341604347250, 7.256961138720573246 ) ) ;
#6202 = CARTESIAN_POINT ( 'NONE',  ( 132.7663888026229415, 16.64845002262036644, -14.48798247936275096 ) ) ;
#6203 = CARTESIAN_POINT ( 'NONE',  ( 113.4025997963560002, 1.000000000007368106, 8.279130362457108205 ) ) ;
#6204 = DIRECTION ( 'NONE',  ( 0.000000000000000000, -3.469446951953610245E-16, 1.000000000000000000 ) ) ;
#6205 = ORIENTED_EDGE ( 'NONE', *, *, #247, .F. ) ;
#6206 = CARTESIAN_POINT ( 'NONE',  ( 113.5495984284886219, 19.99710712738734131, -1.291948171591758232 ) ) ;
#6207 = ORIENTED_EDGE ( 'NONE', *, *, #4872, .T. ) ;
#6208 = CARTESIAN_POINT ( 'NONE',  ( 108.6235294388686015, 0.1875877475681620166, -6.577839160674209040 ) ) ;
#6209 = CARTESIAN_POINT ( 'NONE',  ( 147.4997738575430049, -8.909585086529080655, -16.83374057639725052 ) ) ;
#6210 = CARTESIAN_POINT ( 'NONE',  ( 137.0000000000000000, 0.6999999999999999556, 14.00000000000000000 ) ) ;
#6211 = CARTESIAN_POINT ( 'NONE',  ( 134.9413091293667719, 14.92682960561469940, -16.37612052436129773 ) ) ;
#6212 = CARTESIAN_POINT ( 'NONE',  ( 109.8244102490587295, 20.00019928524677226, 1.785434279737737672E-14 ) ) ;
#6213 = CARTESIAN_POINT ( 'NONE',  ( 113.3622432453137918, 18.96404306972864973, -8.263538765512370432 ) ) ;
#6214 = ADVANCED_FACE ( 'NONE', ( #3696 ), #6265, .T. ) ;
#6215 = ORIENTED_EDGE ( 'NONE', *, *, #6333, .T. ) ;
#6216 = FACE_OUTER_BOUND ( 'NONE', #856, .T. ) ;
#6217 = LINE ( 'NONE', #2310, #2562 ) ;
#6218 = EDGE_LOOP ( 'NONE', ( #3473, #3200, #3502, #5529 ) ) ;
#6219 = CARTESIAN_POINT ( 'NONE',  ( 149.0552157854059772, -9.899529894175957523, -17.07201886924287848 ) ) ;
#6220 = ORIENTED_EDGE ( 'NONE', *, *, #7417, .T. ) ;
#6221 =( BOUNDED_SURFACE ( )  B_SPLINE_SURFACE ( 3, 2, ( 
 ( #7569, #1986, #632 ),
 ( #5812, #44, #3873 ),
 ( #2611, #3697, #1939 ),
 ( #1266, #7613, #1846 ),
 ( #6266, #8318, #4509 ),
 ( #1806, #590, #5721 ),
 ( #8281, #2526, #4468 ),
 ( #7029, #3196, #5890 ),
 ( #1394, #5219, #3959 ),
 ( #3918, #7233, #2690 ),
 ( #1474, #885, #4042 ),
 ( #6526, #2070, #4001 ),
 ( #5931, #2651, #4639 ),
 ( #714, #7191, #3447 ),
 ( #6566, #5342, #5850 ),
 ( #7826, #84, #2031 ),
 ( #2820, #2735, #1433 ),
 ( #7912, #6013, #7867 ) ),
 .UNSPECIFIED., .F., .F., .T. ) 
 B_SPLINE_SURFACE_WITH_KNOTS ( ( 4, 2, 2, 2, 2, 2, 2, 2, 4 ),
 ( 3, 3 ),
 ( 0.000000000000000000, 0.005188432083047199959, 0.006485540103808989758, 0.007782648124570789964, 0.01037686416609439992, 0.01297108020761800033, 0.01426818822837980054, 0.01556529624914160075, 0.02075372833218879984 ),
 ( 0.000000000000000000, 1.000000000000000000 ),
 .UNSPECIFIED. ) 
 GEOMETRIC_REPRESENTATION_ITEM ( )  RATIONAL_B_SPLINE_SURFACE ( (
 ( 1.000000000000000000, 0.9838801513219880279, 1.000000000000000000),
 ( 1.000000000000000000, 0.9835037302492150024, 1.000000000000000000),
 ( 1.000000000000000000, 0.9834451255924460122, 1.000000000000000000),
 ( 1.000000000000000000, 0.9838051515150479931, 1.000000000000000000),
 ( 1.000000000000000000, 0.9838988276935789479, 1.000000000000000000),
 ( 1.000000000000000000, 0.9841304155932160125, 1.000000000000000000),
 ( 1.000000000000000000, 0.9842686028594299641, 1.000000000000000000),
 ( 1.000000000000000000, 0.9847427542198899930, 1.000000000000000000),
 ( 1.000000000000000000, 0.9851398184353749032, 1.000000000000000000),
 ( 1.000000000000000000, 0.9860790780435810809, 1.000000000000000000),
 ( 1.000000000000000000, 0.9866213613249730230, 1.000000000000000000),
 ( 1.000000000000000000, 0.9875283756926309664, 1.000000000000000000),
 ( 1.000000000000000000, 0.9878474383870459175, 1.000000000000000000),
 ( 1.000000000000000000, 0.9885071864204399983, 1.000000000000000000),
 ( 1.000000000000000000, 0.9888473862899970213, 1.000000000000000000),
 ( 1.000000000000000000, 0.9905877065731359954, 1.000000000000000000),
 ( 1.000000000000000000, 0.9921076109464740389, 1.000000000000000000),
 ( 1.000000000000000000, 0.9935817251825049823, 1.000000000000000000) ) ) 
 REPRESENTATION_ITEM ( '' )  SURFACE ( )  );
#6222 = EDGE_CURVE ( 'NONE', #534, #2261, #4175, .T. ) ;
#6223 = AXIS2_PLACEMENT_3D ( 'NONE', #2104, #1552, #3315 ) ;
#6224 = CARTESIAN_POINT ( 'NONE',  ( 3.000000000000000000, 8.000000000000000000, 3.000000000000000000 ) ) ;
#6225 = PLANE ( 'NONE',  #6611 ) ;
#6226 = CARTESIAN_POINT ( 'NONE',  ( 3.000000000000000000, 1.000000000000000000, 1.000000000000000000 ) ) ;
#6227 = VECTOR ( 'NONE', #482, 1000.000000000000000 ) ;
#6228 = CARTESIAN_POINT ( 'NONE',  ( 112.2888651874364001, 0.1265192561253369874, -7.307311024419990808 ) ) ;
#6229 = APPROVAL_DATE_TIME ( #6862, #3618 ) ;
#6230 = EDGE_LOOP ( 'NONE', ( #5569, #4858, #4968, #844, #3978 ) ) ;
#6231 = DIRECTION ( 'NONE',  ( 0.000000000000000000, 0.000000000000000000, -1.000000000000000000 ) ) ;
#6232 = CARTESIAN_POINT ( 'NONE',  ( 144.9650101786518519, -7.922196182937482511, -19.08117688261681977 ) ) ;
#6233 = DIRECTION ( 'NONE',  ( 0.9995528166394257452, 0.02990262109231479545, 0.000000000000000000 ) ) ;
#6234 = EDGE_CURVE ( 'NONE', #2140, #4140, #7187, .T. ) ;
#6235 = DIRECTION ( 'NONE',  ( 0.000000000000000000, 0.000000000000000000, 1.000000000000000000 ) ) ;
#6236 = DIRECTION ( 'NONE',  ( 0.000000000000000000, 0.000000000000000000, -1.000000000000000000 ) ) ;
#6237 = MECHANICAL_CONTEXT ( 'NONE', #6471, 'mechanical' ) ;
#6238 = DIRECTION ( 'NONE',  ( 0.000000000000000000, 0.000000000000000000, -1.000000000000000000 ) ) ;
#6239 = ORIENTED_EDGE ( 'NONE', *, *, #2440, .F. ) ;
#6240 = CARTESIAN_POINT ( 'NONE',  ( 130.2602214497579780, -2.706676382939000369, 13.55056971767083951 ) ) ;
#6241 = CARTESIAN_POINT ( 'NONE',  ( 110.0872169456010994, 0.3303077576666643700, 6.982471013756154754 ) ) ;
#6242 = CARTESIAN_POINT ( 'NONE',  ( 8.000000000000000000, 6.599999999999999645, 7.000000000000079936 ) ) ;
#6243 = CARTESIAN_POINT ( 'NONE',  ( 148.7083515827920053, 9.501908822039649039, 15.15286556612324809 ) ) ;
#6244 = CARTESIAN_POINT ( 'NONE',  ( 121.6994951773645965, 19.34600871967525038, 5.322445772970679556 ) ) ;
#6245 = CC_DESIGN_PERSON_AND_ORGANIZATION_ASSIGNMENT ( #8283, #1397, ( #7476 ) ) ;
#6246 = ORIENTED_EDGE ( 'NONE', *, *, #1843, .F. ) ;
#6247 = CARTESIAN_POINT ( 'NONE',  ( 147.8500702623209975, -8.916069417549829623, 15.90085734603779954 ) ) ;
#6248 = ORIENTED_EDGE ( 'NONE', *, *, #2785, .T. ) ;
#6249 = AXIS2_PLACEMENT_3D ( 'NONE', #1822, #3131, #5057 ) ;
#6250 = CYLINDRICAL_SURFACE ( 'NONE', #6528, 1.000000000000000000 ) ;
#6251 = EDGE_CURVE ( 'NONE', #7891, #4756, #2937, .T. ) ;
#6252 = DIRECTION ( 'NONE',  ( 1.000000000000000000, 1.734723475976804876E-16, 0.000000000000000000 ) ) ;
#6253 = LINE ( 'NONE', #4407, #1401 ) ;
#6254 = CARTESIAN_POINT ( 'NONE',  ( 141.0509066129984035, 12.76672593425286095, -18.67288538400600117 ) ) ;
#6255 = B_SPLINE_CURVE_WITH_KNOTS ( 'NONE', 3,
 ( #8191, #4839, #4131, #1651, #6700, #4994, #7563, #4209, #6782, #3576, #1800, #1531, #4765, #3501, #2831, #4375, #6068, #7326, #2789, #5353, #7921, #2162, #4095, #6663, #5844, #7061, #4504, #1302, #3867, #3108, #4590, #8275, #2605, #8236, #1977, #79, #1934, #1259, #7607, #6433, #668 ),
 .UNSPECIFIED., .F., .F.,
 ( 4, 2, 2, 1, 1, 1, 2, 2, 2, 2, 1, 1, 2, 2, 2, 2, 1, 1, 2, 2, 2, 2, 2, 4 ),
 ( 0.000000000000000000, 0.06250000000000535683, 0.09375000000000749401, 0.1093750000000092010, 0.1171875000000094785, 0.1210937500000089928, 0.1230468750000087430, 0.1250000000000084932, 0.1875000000000048572, 0.2187500000000029421, 0.2343750000000019151, 0.2421875000000009437, 0.2460937500000004163, 0.2499999999999998890, 0.3749999999999997780, 0.4374999999999992228, 0.4687499999999985567, 0.4843749999999982236, 0.4921874999999980571, 0.4999999999999978906, 0.6249999999999988898, 0.6874999999999992228, 0.7499999999999994449, 1.000000000000000000 ),
 .UNSPECIFIED. ) ;
#6256 = DIRECTION ( 'NONE',  ( 0.000000000000000000, -1.000000000000000000, 0.000000000000000000 ) ) ;
#6257 = CARTESIAN_POINT ( 'NONE',  ( 106.4381354882520014, 19.13900552161159752, -6.992700768108929488 ) ) ;
#6258 = ORIENTED_EDGE ( 'NONE', *, *, #6517, .F. ) ;
#6259 = ORIENTED_EDGE ( 'NONE', *, *, #3588, .T. ) ;
#6260 = CARTESIAN_POINT ( 'NONE',  ( 147.6157203080132092, -8.911725111987209402, -16.52496120971964899 ) ) ;
#6261 = ORIENTED_EDGE ( 'NONE', *, *, #4828, .F. ) ;
#6262 = CARTESIAN_POINT ( 'NONE',  ( 110.1929953962747959, 19.98747038457119984, 6.004091400336680096 ) ) ;
#6263 = LOCAL_TIME ( 21, 5, 34.00000000000000000, #4763 ) ;
#6264 = CARTESIAN_POINT ( 'NONE',  ( 8.000000000000000000, 0.000000000000000000, 7.000000000000000000 ) ) ;
#6265 = CYLINDRICAL_SURFACE ( 'NONE', #2579, 1.000000000000000000 ) ;
#6266 = CARTESIAN_POINT ( 'NONE',  ( 106.4810713638802042, 0.7122143360373930365, -6.957920364613300102 ) ) ;
#6267 = VERTEX_POINT ( 'NONE', #5506 ) ;
#6268 = COORDINATED_UNIVERSAL_TIME_OFFSET ( 2, 0, .AHEAD. ) ;
#6269 = ORIENTED_EDGE ( 'NONE', *, *, #5205, .F. ) ;
#6270 = DIRECTION ( 'NONE',  ( 0.000000000000000000, -8.673617379884027583E-15, -1.000000000000000000 ) ) ;
#6271 = CARTESIAN_POINT ( 'NONE',  ( 135.8294109552350051, 16.26875201363095158, 10.46531452880824098 ) ) ;
#6272 = EDGE_CURVE ( 'NONE', #2464, #3422, #7362, .T. ) ;
#6273 = CARTESIAN_POINT ( 'NONE',  ( 107.8161785944026008, 19.73900687360029949, -6.673697885384509476 ) ) ;
#6274 = EDGE_CURVE ( 'NONE', #4589, #7731, #1094, .T. ) ;
#6275 = FACE_OUTER_BOUND ( 'NONE', #8221, .T. ) ;
#6276 = CARTESIAN_POINT ( 'NONE',  ( 0.000000000000000000, 20.00000000000000000, 0.000000000000000000 ) ) ;
#6277 = CARTESIAN_POINT ( 'NONE',  ( 113.1143353405731915, 0.3016513197200179630, 7.903108611886731083 ) ) ;
#6278 = CALENDAR_DATE ( 2026, 3, 9 ) ;
#6279 = CARTESIAN_POINT ( 'NONE',  ( 107.8191928093802119, 0.0006030513617855579565, -6.042273841640140475 ) ) ;
#6280 = ORIENTED_EDGE ( 'NONE', *, *, #3780, .F. ) ;
#6281 = B_SPLINE_SURFACE_WITH_KNOTS ( 'NONE', 3, 1, ( 
 ( #7425, #1671 ),
 ( #4233, #6164 ),
 ( #8096, #2339 ),
 ( #7464, #1705 ),
 ( #4275, #6842 ),
 ( #3771, #4982 ) ),
 .UNSPECIFIED., .F., .F., .F.,
 ( 4, 1, 1, 4 ),
 ( 2, 2 ),
 ( 0.000000000000000000, 0.3913258261608759669, 0.7536021087335850188, 0.9940654583502910313 ),
 ( 0.000000000000000000, 1.000000000000000000 ),
 .UNSPECIFIED. ) ;
#6283 = AXIS2_PLACEMENT_3D ( 'NONE', #111, #1458, #2012 ) ;
#6282 = CARTESIAN_POINT ( 'NONE',  ( 122.2822403446726014, -0.07205887981108780038, 11.61723020165088016 ) ) ;
#6284 = CARTESIAN_POINT ( 'NONE',  ( 3.000000000000000000, 20.00000000000000000, -6.000000000000000000 ) ) ;
#6285 = CARTESIAN_POINT ( 'NONE',  ( 149.2570228453243999, 10.31374609175085943, -15.35256557408235167 ) ) ;
#6286 = CARTESIAN_POINT ( 'NONE',  ( 138.2928941157983900, -3.274455059628170073, -10.29777129939595959 ) ) ;
#6287 = CARTESIAN_POINT ( 'NONE',  ( 116.6114768588713986, 19.90697178502475140, 3.470558553658774859 ) ) ;
#6288 = ORIENTED_EDGE ( 'NONE', *, *, #4493, .T. ) ;
#6289 = EDGE_CURVE ( 'NONE', #2278, #8190, #698, .T. ) ;
#6290 = CARTESIAN_POINT ( 'NONE',  ( 134.5000000000000000, 0.6999999999999999556, 14.00000000000000000 ) ) ;
#6291 = ORIENTED_EDGE ( 'NONE', *, *, #8216, .F. ) ;
#6292 = CARTESIAN_POINT ( 'NONE',  ( 110.0559960276435447, 0.3460880874413314046, 6.760297920853404641 ) ) ;
#6293 = DIRECTION ( 'NONE',  ( 0.000000000000000000, -1.000000000000000000, 0.000000000000000000 ) ) ;
#6294 = DIRECTION ( 'NONE',  ( 0.000000000000000000, 0.000000000000000000, 1.000000000000000000 ) ) ;
#6295 = CARTESIAN_POINT ( 'NONE',  ( 115.2086237460529929, 18.78733874696740003, -8.958064180020960166 ) ) ;
#6296 = CARTESIAN_POINT ( 'NONE',  ( 126.8608371328115965, -0.4539522570571439819, 6.136842841153730355 ) ) ;
#6297 = CARTESIAN_POINT ( 'NONE',  ( 112.9728094684265898, 19.30033643336384941, -8.031537066840670036 ) ) ;
#6298 = ORIENTED_EDGE ( 'NONE', *, *, #6793, .F. ) ;
#6299 = VERTEX_POINT ( 'NONE', #7399 ) ;
#6300 = CARTESIAN_POINT ( 'NONE',  ( 106.5491821503320011, 0.6529864607523671038, 6.938088990555909774 ) ) ;
#6301 = EDGE_LOOP ( 'NONE', ( #2892, #6360, #3059, #195 ) ) ;
#6302 = CARTESIAN_POINT ( 'NONE',  ( 8.000000000000000000, 19.00000000000000000, -6.000000000000000000 ) ) ;
#6303 = CARTESIAN_POINT ( 'NONE',  ( 137.0000000000000000, 7.299999999999999822, 6.000000000000000000 ) ) ;
#6304 = AXIS2_PLACEMENT_3D ( 'NONE', #6347, #4735, #1620 ) ;
#6305 = PRODUCT_DEFINITION ( 'UNKNOWN', '', #129, #205 ) ;
#6306 = LINE ( 'NONE', #4334, #7142 ) ;
#6307 = CARTESIAN_POINT ( 'NONE',  ( 110.3578140999605779, 0.3252763630653439098, -7.030214054078879116 ) ) ;
#6308 = DIRECTION ( 'NONE',  ( 1.000000000000000000, 0.000000000000000000, -4.336808689942015271E-16 ) ) ;
#6309 = ORIENTED_EDGE ( 'NONE', *, *, #5121, .T. ) ;
#6310 = COORDINATED_UNIVERSAL_TIME_OFFSET ( 2, 0, .AHEAD. ) ;
#6311 = VERTEX_POINT ( 'NONE', #2273 ) ;
#6312 = AXIS2_PLACEMENT_3D ( 'NONE', #6551, #199, #6716 ) ;
#6313 = CARTESIAN_POINT ( 'NONE',  ( 107.1164255257013593, 0.3828761941207216579, -6.786905946529377509 ) ) ;
#6314 = FACE_OUTER_BOUND ( 'NONE', #1372, .T. ) ;
#6315 = CIRCLE ( 'NONE', #805, 2.498999999999999666 ) ;
#6316 = CARTESIAN_POINT ( 'NONE',  ( 139.1844280254852038, 14.34700621490562078, 10.62226310536106055 ) ) ;
#6317 = CARTESIAN_POINT ( 'NONE',  ( 109.4082637749360316, 0.1562364728284535154, -6.468910032400073007 ) ) ;
#6318 = VECTOR ( 'NONE', #4224, 1000.000000000000000 ) ;
#6319 = CARTESIAN_POINT ( 'NONE',  ( 108.5933649829254080, 0.2899439767602459694, 6.733934996675039919 ) ) ;
#6320 = CARTESIAN_POINT ( 'NONE',  ( 3.000000000000000000, 19.00000000000000000, 7.000000000000000000 ) ) ;
#6321 = ADVANCED_FACE ( 'NONE', ( #4292 ), #561, .T. ) ;
#6322 = CIRCLE ( 'NONE', #2566, 4.999999999999997335 ) ;
#6323 = DATE_AND_TIME ( #3124, #3352 ) ;
#6324 = CARTESIAN_POINT ( 'NONE',  ( 60.00000000000000000, 3.061616997868384620E-15, 0.000000000000000000 ) ) ;
#6325 = VERTEX_POINT ( 'NONE', #8151 ) ;
#6326 = EDGE_CURVE ( 'NONE', #1415, #223, #1010, .T. ) ;
#6327 = LINE ( 'NONE', #8167, #508 ) ;
#6328 = CIRCLE ( 'NONE', #7005, 0.2500000000000002220 ) ;
#6329 = CARTESIAN_POINT ( 'NONE',  ( 148.4008717782543840, -9.061101949209209749, 15.04095206963359921 ) ) ;
#6330 = DIRECTION ( 'NONE',  ( 0.000000000000000000, -1.000000000000000000, 0.000000000000000000 ) ) ;
#6331 = CARTESIAN_POINT ( 'NONE',  ( 131.7781745664653954, -1.566504953067384909, -7.926607298846691130 ) ) ;
#6332 = CARTESIAN_POINT ( 'NONE',  ( 0.1350244900109973667, 2.405898237215421176, -2.108783410899006672 ) ) ;
#6333 = EDGE_CURVE ( 'NONE', #8018, #4836, #6816, .T. ) ;
#6334 = VERTEX_POINT ( 'NONE', #6858 ) ;
#6335 = DIRECTION ( 'NONE',  ( -1.000000000000000000, 0.000000000000000000, 0.000000000000000000 ) ) ;
#6336 = ORIENTED_EDGE ( 'NONE', *, *, #5500, .T. ) ;
#6337 = CARTESIAN_POINT ( 'NONE',  ( 107.6703907301237990, 0.1375403643582900071, 6.514547278297199817 ) ) ;
#6338 = DIRECTION ( 'NONE',  ( 0.000000000000000000, -1.000000000000000000, 0.000000000000000000 ) ) ;
#6339 = DIRECTION ( 'NONE',  ( 0.000000000000000000, 0.000000000000000000, -1.000000000000000000 ) ) ;
#6340 = CARTESIAN_POINT ( 'NONE',  ( 109.6001099966550072, 18.99028763057805236, -6.849670406296509917 ) ) ;
#6341 = EDGE_CURVE ( 'NONE', #3518, #1424, #168, .T. ) ;
#6342 = CARTESIAN_POINT ( 'NONE',  ( 143.0613026777961920, -4.893073177058838930, 12.03333008078329946 ) ) ;
#6343 = AXIS2_PLACEMENT_3D ( 'NONE', #6226, #2395, #7525 ) ;
#6344 = CARTESIAN_POINT ( 'NONE',  ( 106.6708424845269860, 19.32372440025199722, -6.946312041626971023 ) ) ;
#6345 = EDGE_CURVE ( 'NONE', #7746, #656, #1765, .T. ) ;
#6346 = ORIENTED_EDGE ( 'NONE', *, *, #5832, .F. ) ;
#6347 = CARTESIAN_POINT ( 'NONE',  ( 0.000000000000000000, 0.000000000000000000, 0.000000000000000000 ) ) ;
#6348 = ORIENTED_EDGE ( 'NONE', *, *, #5319, .T. ) ;
#6349 = CARTESIAN_POINT ( 'NONE',  ( 112.7482922127304050, 0.1921497077953914778, 7.624215221015670174 ) ) ;
#6350 = ORIENTED_EDGE ( 'NONE', *, *, #5464, .F. ) ;
#6351 = CARTESIAN_POINT ( 'NONE',  ( 0.000000000000000000, 3.000000000000000000, 3.000000000000000000 ) ) ;
#6352 = CARTESIAN_POINT ( 'NONE',  ( 109.6174781541735967, 1.000000000000000000, 0.000000000000000000 ) ) ;
#6353 = CARTESIAN_POINT ( 'NONE',  ( 141.4355489556170369, -5.214441228830870578, -18.81748296484899896 ) ) ;
#6354 = PRODUCT_DEFINITION_SHAPE ( 'NONE', 'NONE',  #8321 ) ;
#6355 = CARTESIAN_POINT ( 'NONE',  ( 110.0674605321616752, 0.3913882757341449747, -6.806411421165199371 ) ) ;
#6356 = ORIENTED_EDGE ( 'NONE', *, *, #4843, .F. ) ;
#6357 = DATE_AND_TIME ( #3793, #1701 ) ;
#6358 = APPROVAL ( #2985, 'UNSPECIFIED' ) ;
#6359 = AXIS2_PLACEMENT_3D ( 'NONE', #559, #8212, #6238 ) ;
#6360 = ORIENTED_EDGE ( 'NONE', *, *, #6274, .F. ) ;
#6361 = DIRECTION ( 'NONE',  ( -0.000000000000000000, 1.000000000000000000, 0.000000000000000000 ) ) ;
#6362 = EDGE_CURVE ( 'NONE', #7327, #2341, #3075, .T. ) ;
#6363 = AXIS2_PLACEMENT_3D ( 'NONE', #7805, #2173, #7089 ) ;
#6364 = CARTESIAN_POINT ( 'NONE',  ( 110.1656931626172025, 18.99993126322744885, 0.06030737921409259905 ) ) ;
#6365 = CARTESIAN_POINT ( 'NONE',  ( 0.000000000000000000, 17.00000000000000000, -3.000000000000000000 ) ) ;
#6366 = DIRECTION ( 'NONE',  ( 0.000000000000000000, 0.000000000000000000, 1.000000000000000000 ) ) ;
#6367 = CARTESIAN_POINT ( 'NONE',  ( 1.917430067067430022, 19.80755555253296052, 6.606658009840015389 ) ) ;
#6368 = COORDINATED_UNIVERSAL_TIME_OFFSET ( 2, 0, .AHEAD. ) ;
#6369 = CARTESIAN_POINT ( 'NONE',  ( 129.3366940638427991, -2.143090290290424971, -13.87400381405022110 ) ) ;
#6370 = ORIENTED_EDGE ( 'NONE', *, *, #75, .T. ) ;
#6371 = CARTESIAN_POINT ( 'NONE',  ( 136.3039534892572249, -3.386431822489279764, 16.88837582274619820 ) ) ;
#6372 = EDGE_CURVE ( 'NONE', #6969, #3572, #4974, .T. ) ;
#6373 = CARTESIAN_POINT ( 'NONE',  ( 141.4079967384040231, 13.69566194947418403, 18.80712533255154995 ) ) ;
#6374 = CARTESIAN_POINT ( 'NONE',  ( 137.3665077998884101, -3.719666483223814879, 17.28781906080894970 ) ) ;
#6375 = CARTESIAN_POINT ( 'NONE',  ( 0.3786408315593344787, 18.51085693295774703, -1.992762044695335133 ) ) ;
#6376 = LINE ( 'NONE', #608, #141 ) ;
#6377 = VERTEX_POINT ( 'NONE', #5081 ) ;
#6378 = CARTESIAN_POINT ( 'NONE',  ( 146.4464256596835980, -8.890127078178910125, 19.63893517515699827 ) ) ;
#6379 = ORIENTED_EDGE ( 'NONE', *, *, #3716, .T. ) ;
#6380 = CARTESIAN_POINT ( 'NONE',  ( 112.4887249738343939, 0.1495202028090800161, 7.438990414870829682 ) ) ;
#6381 = CARTESIAN_POINT ( 'NONE',  ( 147.1494771536397934, -8.903110064257450773, -17.76662375899929813 ) ) ;
#6382 = CARTESIAN_POINT ( 'NONE',  ( 111.6461313065429266, 19.81649140042634727, -7.096069597700833675 ) ) ;
#6383 = CARTESIAN_POINT ( 'NONE',  ( 139.5552220382870132, 13.38457708149153902, -18.11061662873804678 ) ) ;
#6384 = CARTESIAN_POINT ( 'NONE',  ( 0.000000000000000000, 8.000000000000000000, 6.000000000000000000 ) ) ;
#6385 = ADVANCED_FACE ( 'NONE', ( #8280 ), #7652, .F. ) ;
#6386 = CARTESIAN_POINT ( 'NONE',  ( 112.6984222806884475, 0.1840204746465931851, -7.588141477250260003 ) ) ;
#6387 = VERTEX_POINT ( 'NONE', #1985 ) ;
#6388 = VECTOR ( 'NONE', #5563, 1000.000000000000000 ) ;
#6389 =( LENGTH_UNIT ( ) NAMED_UNIT ( * ) SI_UNIT ( .MILLI., .METRE. ) );
#6390 = ORIENTED_EDGE ( 'NONE', *, *, #2609, .T. ) ;
#6391 = CARTESIAN_POINT ( 'NONE',  ( 106.4619130033174059, 0.7321045113065690613, 6.963669145924880510 ) ) ;
#6392 = VERTEX_POINT ( 'NONE', #1347 ) ;
#6393 = CARTESIAN_POINT ( 'NONE',  ( 2.222152302202450080, 18.93603329839680072, -0.09595005240477320896 ) ) ;
#6394 = LINE ( 'NONE', #4505, #1075 ) ;
#6395 = CIRCLE ( 'NONE', #612, 1.000000000000001110 ) ;
#6396 = DIRECTION ( 'NONE',  ( 8.595445695815679977E-32, -1.000000000000000000, -1.734723475976804876E-16 ) ) ;
#6397 = CARTESIAN_POINT ( 'NONE',  ( 111.4767997318197104, 0.2652096223160000932, -7.241764859706819379 ) ) ;
#6398 = CARTESIAN_POINT ( 'NONE',  ( 147.4992961041500337, 10.35292779324920076, -20.02214867748134708 ) ) ;
#6399 = VERTEX_POINT ( 'NONE', #6613 ) ;
#6400 = ITEM_DEFINED_TRANSFORMATION ( 'NONE', 'NONE', #933,  #6993 ) ;
#6401 = ORIENTED_EDGE ( 'NONE', *, *, #6649, .F. ) ;
#6402 = EDGE_CURVE ( 'NONE', #3522, #6947, #2715, .T. ) ;
#6403 = CARTESIAN_POINT ( 'NONE',  ( 106.9492965281481816, 0.4418246276460893740, -6.830057804187108061 ) ) ;
#6404 = CARTESIAN_POINT ( 'NONE',  ( 109.8236730192891883, 1.006450157371265863, -0.9999999999991679989 ) ) ;
#6405 = DIRECTION ( 'NONE',  ( 0.000000000000000000, 0.000000000000000000, -1.000000000000000000 ) ) ;
#6406 = LOCAL_TIME ( 21, 5, 34.00000000000000000, #5814 ) ;
#6407 = DIRECTION ( 'NONE',  ( 0.000000000000000000, 1.000000000000000000, 0.000000000000000000 ) ) ;
#6408 = CARTESIAN_POINT ( 'NONE',  ( 1.707106781187665234, 19.70710678118708259, 6.707106781186760180 ) ) ;
#6409 = PERSON_AND_ORGANIZATION_ROLE ( 'creator' ) ;
#6410 = FACE_OUTER_BOUND ( 'NONE', #2813, .T. ) ;
#6411 = EDGE_LOOP ( 'NONE', ( #8009, #6841, #2252, #3851 ) ) ;
#6412 = CARTESIAN_POINT ( 'NONE',  ( 1.017519744401145898, 19.26016043152045043, 1.493226378986386216 ) ) ;
#6413 = CARTESIAN_POINT ( 'NONE',  ( 139.8760168639846029, 14.32807068450977006, 18.23121218101670138 ) ) ;
#6414 = APPROVAL ( #4093, 'UNSPECIFIED' ) ;
#6415 = CARTESIAN_POINT ( 'NONE',  ( 131.1218800645692113, -1.990025680704795352, 14.94029263497339954 ) ) ;
#6416 = CARTESIAN_POINT ( 'NONE',  ( 110.0000000000000000, 19.00000000000000000, -1.000000000000000000 ) ) ;
#6417 = CARTESIAN_POINT ( 'NONE',  ( 0.8464159169682858863, 1.607615524081654534, -0.9114099664938819512 ) ) ;
#6418 = ORIENTED_EDGE ( 'NONE', *, *, #6587, .T. ) ;
#6419 = DIRECTION ( 'NONE',  ( 0.000000000000000000, 0.000000000000000000, -1.000000000000000000 ) ) ;
#6420 = ORIENTED_EDGE ( 'NONE', *, *, #4024, .F. ) ;
#6421 = CARTESIAN_POINT ( 'NONE',  ( 112.2469091463638051, 0.1222652618801585989, 7.280021096273149972 ) ) ;
#6422 = AXIS2_PLACEMENT_3D ( 'NONE', #5885, #7104, #5212 ) ;
#6423 = CARTESIAN_POINT ( 'NONE',  ( 148.1836291463959867, -8.053274538710230246, 19.39051634749419861 ) ) ;
#6424 = CARTESIAN_POINT ( 'NONE',  ( 90.34702482936529577, 20.00000000000000000, 53.99610550642090345 ) ) ;
#6425 = CARTESIAN_POINT ( 'NONE',  ( 107.8161785944026008, 20.00000000000000000, -6.000000000000000000 ) ) ;
#6426 = DIRECTION ( 'NONE',  ( 0.000000000000000000, 1.000000000000000000, 0.000000000000000000 ) ) ;
#6427 = DIRECTION ( 'NONE',  ( 0.000000000000000000, 0.000000000000000000, -1.000000000000000000 ) ) ;
#6428 = AXIS2_PLACEMENT_3D ( 'NONE', #1954, #4613, #1912 ) ;
#6429 = ORIENTED_EDGE ( 'NONE', *, *, #5272, .T. ) ;
#6430 = EDGE_LOOP ( 'NONE', ( #7679, #2051, #7507, #453, #3690 ) ) ;
#6431 = CARTESIAN_POINT ( 'NONE',  ( 110.2515391048219868, 0.6365772239962833590, 7.003697298591592180 ) ) ;
#6432 = ORIENTED_EDGE ( 'NONE', *, *, #1853, .T. ) ;
#6433 = CARTESIAN_POINT ( 'NONE',  ( 2.627557016442311433, 19.00000000000000000, -1.464425851030771237E-16 ) ) ;
#6434 = SPHERICAL_SURFACE ( 'NONE', #7533, 1.000000000000000000 ) ;
#6435 = ADVANCED_FACE ( 'NONE', ( #3320 ), #4225, .F. ) ;
#6436 = CARTESIAN_POINT ( 'NONE',  ( 110.3414739301271652, 0.2486187887968718813, -6.905694863398479377 ) ) ;
#6437 = CARTESIAN_POINT ( 'NONE',  ( 109.5138535025981668, 0.3276977507239974829, -6.883706893307737218 ) ) ;
#6438 = CARTESIAN_POINT ( 'NONE',  ( 5.499000000000000554, 19.75000000000000000, -10.50099999999999945 ) ) ;
#6439 = ORIENTED_EDGE ( 'NONE', *, *, #5741, .F. ) ;
#6440 = DATE_AND_TIME ( #592, #635 ) ;
#6441 = EDGE_CURVE ( 'NONE', #5765, #2722, #7801, .T. ) ;
#6442 = AXIS2_PLACEMENT_3D ( 'NONE', #2118, #6533, #7199 ) ;
#6443 = ORIENTED_EDGE ( 'NONE', *, *, #5582, .T. ) ;
#6444 = CARTESIAN_POINT ( 'NONE',  ( 107.0843573745605397, 0.3935416492289006141, -6.795116659601470488 ) ) ;
#6445 = CARTESIAN_POINT ( 'NONE',  ( 109.6985775169879958, 19.00000000001604761, 1.301042606982603940E-15 ) ) ;
#6446 = EDGE_CURVE ( 'NONE', #3721, #3898, #126, .T. ) ;
#6447 = LINE ( 'NONE', #5184, #1361 ) ;
#6448 = APPROVAL_PERSON_ORGANIZATION ( #2841, #443, #3510 ) ;
#6449 = DIRECTION ( 'NONE',  ( 0.000000000000000000, 0.000000000000000000, -1.000000000000000000 ) ) ;
#6450 = DIRECTION ( 'NONE',  ( 1.000000000000000000, 0.000000000000000000, 0.000000000000000000 ) ) ;
#6451 = ADVANCED_FACE ( 'NONE', ( #1393 ), #2030, .T. ) ;
#6452 = COORDINATED_UNIVERSAL_TIME_OFFSET ( 2, 0, .AHEAD. ) ;
#6453 = CARTESIAN_POINT ( 'NONE',  ( 1.496547972348960087, 1.264336804268406000, -0.3965052064026104994 ) ) ;
#6454 = VERTEX_POINT ( 'NONE', #6565 ) ;
#6455 = AXIS2_PLACEMENT_3D ( 'NONE', #2797, #5360, #6584 ) ;
#6456 = CARTESIAN_POINT ( 'NONE',  ( 3.000000000000001332, 19.99999999999999645, 4.336808689942016750E-16 ) ) ;
#6457 = CARTESIAN_POINT ( 'NONE',  ( 141.0509066129984035, 12.76672593425286095, 18.67288538400600117 ) ) ;
#6458 = CIRCLE ( 'NONE', #2557, 2.498999999999999666 ) ;
#6459 = DIRECTION ( 'NONE',  ( -0.3518742894375671559, 0.007564037364538213869, -0.9360167037887493491 ) ) ;
#6460 = CARTESIAN_POINT ( 'NONE',  ( 106.3649126752670071, 0.9991312990075890133, 7.000000000000000000 ) ) ;
#6461 = CARTESIAN_POINT ( 'NONE',  ( 0.007317931771091379725, 2.847760607106938124, -2.771472793426993597 ) ) ;
#6462 = VECTOR ( 'NONE', #2200, 1000.000000000000000 ) ;
#6463 = ORIENTED_EDGE ( 'NONE', *, *, #8252, .F. ) ;
#6464 = LINE ( 'NONE', #5954, #4875 ) ;
#6465 = ORIENTED_EDGE ( 'NONE', *, *, #4828, .T. ) ;
#6466 = CARTESIAN_POINT ( 'NONE',  ( 112.2888651874326058, 0.1265192561253369874, 7.307311024418290835 ) ) ;
#6467 = VECTOR ( 'NONE', #5090, 1000.000000000000000 ) ;
#6468 = CARTESIAN_POINT ( 'NONE',  ( 5.500000000000000000, 7.299999999999999822, 11.50000000000000000 ) ) ;
#6469 = DIRECTION ( 'NONE',  ( -0.7905524928205136526, 0.5405865734979358184, -0.2877375760116018810 ) ) ;
#6470 = ADVANCED_FACE ( 'NONE', ( #210 ), #2776, .T. ) ;
#6471 = APPLICATION_CONTEXT ( 'configuration controlled 3d designs of mechanical parts and assemblies' ) ;
#6472 = DIRECTION ( 'NONE',  ( 0.000000000000000000, 0.000000000000000000, 1.000000000000000000 ) ) ;
#6473 = CIRCLE ( 'NONE', #3241, 1.000000000000000000 ) ;
#6474 = CARTESIAN_POINT ( 'NONE',  ( 107.4268732634467938, 19.63918312602610072, -6.769835735016249245 ) ) ;
#6475 = ORIENTED_EDGE ( 'NONE', *, *, #2134, .T. ) ;
#6476 = VECTOR ( 'NONE', #6056, 1000.000000000000000 ) ;
#6477 = ORIENTED_EDGE ( 'NONE', *, *, #2473, .T. ) ;
#6478 = CARTESIAN_POINT ( 'NONE',  ( 107.2154422925849957, 0.3521252516635829943, 6.762027502895549880 ) ) ;
#6479 = VERTEX_POINT ( 'NONE', #3958 ) ;
#6480 = CARTESIAN_POINT ( 'NONE',  ( 1.496547972348960087, 18.73566319573160044, -0.3965052064026104994 ) ) ;
#6481 = CARTESIAN_POINT ( 'NONE',  ( 107.9930992962531917, 19.77967407800110067, 6.626887559265900229 ) ) ;
#6482 = AXIS2_PLACEMENT_3D ( 'NONE', #4259, #384, #2949 ) ;
#6483 = CARTESIAN_POINT ( 'NONE',  ( 109.6501078090427939, 0.0006030513617909449234, 1.011876223126736196 ) ) ;
#6484 = EDGE_CURVE ( 'NONE', #6174, #5416, #172, .T. ) ;
#6485 = CARTESIAN_POINT ( 'NONE',  ( 146.6007660257469922, 9.539544568843169259, 20.75922938773445026 ) ) ;
#6486 = PERSON ( 'NAUO-PER2', 'UNSPECIFIED', 'UNSPECIFIED', ('UNSPECIFIED'), ('UNSPECIFIED'), ('UNSPECIFIED') ) ;
#6487 = CARTESIAN_POINT ( 'NONE',  ( 110.4320895299729699, 0.3231428091124343704, -7.043516251240959924 ) ) ;
#6488 = CARTESIAN_POINT ( 'NONE',  ( 112.9350549284844476, 19.32411482308426898, -8.007244126773045423 ) ) ;
#6489 = EDGE_CURVE ( 'NONE', #5414, #2883, #5341, .T. ) ;
#6490 = VERTEX_POINT ( 'NONE', #2819 ) ;
#6491 = DATE_AND_TIME ( #7655, #6673 ) ;
#6492 = ORIENTED_EDGE ( 'NONE', *, *, #6289, .F. ) ;
#6493 = CARTESIAN_POINT ( 'NONE',  ( 112.5050116195023975, 19.54234680975115168, 7.715971504244839352 ) ) ;
#6494 = CARTESIAN_POINT ( 'NONE',  ( 3.000000000000000000, 8.000000000000000000, 0.000000000000000000 ) ) ;
#6495 = CARTESIAN_POINT ( 'NONE',  ( 3.396642764494502472E-15, 18.18898261130961913, 5.188982611309616466 ) ) ;
#6496 = DIRECTION ( 'NONE',  ( 0.000000000000000000, 1.000000000000000000, 0.000000000000000000 ) ) ;
#6497 = EDGE_CURVE ( 'NONE', #2521, #6099, #4721, .T. ) ;
#6498 = CARTESIAN_POINT ( 'NONE',  ( 113.4024101645254063, 0.9452817923039531500, 8.279059074663440043 ) ) ;
#6499 = PERSON_AND_ORGANIZATION_ROLE ( 'creator' ) ;
#6500 = LINE ( 'NONE', #726, #5285 ) ;
#6501 = EDGE_LOOP ( 'NONE', ( #349, #3392, #5658, #5726, #1799 ) ) ;
#6502 = CARTESIAN_POINT ( 'NONE',  ( 0.2624986687523495621, 18.29738096459074370, 1.702619035409887349 ) ) ;
#6503 = CARTESIAN_POINT ( 'NONE',  ( 130.2602861422039950, 16.17928001001880389, 14.61639590536506184 ) ) ;
#6504 = CARTESIAN_POINT ( 'NONE',  ( 145.9860958218436053, -7.627767386478829792, 20.52815804001005162 ) ) ;
#6505 = CARTESIAN_POINT ( 'NONE',  ( 107.7976269828425870, 1.000000000000000000, -6.000000000000000000 ) ) ;
#6506 = CARTESIAN_POINT ( 'NONE',  ( 0.02193356960474363362, 2.756779080900865431, -2.635016442064049613 ) ) ;
#6507 = EDGE_LOOP ( 'NONE', ( #4211, #837, #5567, #7815, #4023, #6069 ) ) ;
#6508 = FACE_OUTER_BOUND ( 'NONE', #1715, .T. ) ;
#6509 = ORIENTED_EDGE ( 'NONE', *, *, #3592, .F. ) ;
#6510 = DIRECTION ( 'NONE',  ( -0.000000000000000000, 1.000000000000000000, 0.000000000000000000 ) ) ;
#6511 = DIRECTION ( 'NONE',  ( -1.000000000000000000, 0.000000000000000000, 0.000000000000000000 ) ) ;
#6512 = CARTESIAN_POINT ( 'NONE',  ( 3.000000000000000000, 19.00000000000000000, 6.000000000000000000 ) ) ;
#6513 = LINE ( 'NONE', #112, #4712 ) ;
#6514 = CARTESIAN_POINT ( 'NONE',  ( 3.000000000000000000, 6.599999999999999645, 7.000000000000000000 ) ) ;
#6515 = ORIENTED_EDGE ( 'NONE', *, *, #4799, .T. ) ;
#6516 = ORIENTED_EDGE ( 'NONE', *, *, #6484, .T. ) ;
#6517 = EDGE_CURVE ( 'NONE', #4650, #6479, #2294, .T. ) ;
#6518 = CYLINDRICAL_SURFACE ( 'NONE', #1956, 3.000000000000000000 ) ;
#6519 = ORIENTED_EDGE ( 'NONE', *, *, #4246, .T. ) ;
#6520 = CARTESIAN_POINT ( 'NONE',  ( 0.8692502088445306363, 0.8881091040361835942, 1.592072818213096097 ) ) ;
#6521 = CIRCLE ( 'NONE', #3963, 3.000000000000000000 ) ;
#6522 = DIRECTION ( 'NONE',  ( 0.000000000000000000, -1.000000000000000000, 0.000000000000000000 ) ) ;
#6523 = CARTESIAN_POINT ( 'NONE',  ( 0.000000000000000000, 3.000000000000000000, -3.000000000000000000 ) ) ;
#6524 = DIRECTION ( 'NONE',  ( 0.000000000000000000, -1.000000000000000000, 0.000000000000000000 ) ) ;
#6525 = CARTESIAN_POINT ( 'NONE',  ( 8.000000000000000000, 7.299999999999999822, 14.00000000000000000 ) ) ;
#6526 = CARTESIAN_POINT ( 'NONE',  ( 107.0625117799918087, 0.4006850786444349777, -6.800779082497190764 ) ) ;
#6527 = EDGE_LOOP ( 'NONE', ( #7859, #5451, #4512, #193, #7560, #7515, #2163, #7692, #4117 ) ) ;
#6528 = AXIS2_PLACEMENT_3D ( 'NONE', #3682, #6802, #8057 ) ;
#6529 = CARTESIAN_POINT ( 'NONE',  ( 3.000000000000000000, -7.810249675906650424, 6.000000000000000000 ) ) ;
#6530 = CARTESIAN_POINT ( 'NONE',  ( 146.1224718940825937, -6.287794555808229546, -13.14750455756355940 ) ) ;
#6531 = DIRECTION ( 'NONE',  ( 0.000000000000000000, 0.000000000000000000, -1.000000000000000000 ) ) ;
#6532 = CARTESIAN_POINT ( 'NONE',  ( 0.3962374507709481852, 18.50403664196797848, -1.997704694251234425 ) ) ;
#6533 = DIRECTION ( 'NONE',  ( 0.000000000000000000, 0.000000000000000000, -1.000000000000000000 ) ) ;
#6534 = APPROVAL_DATE_TIME ( #7997, #3681 ) ;
#6535 = CARTESIAN_POINT ( 'NONE',  ( 70.00000000000000000, -25.68947275135709774, 0.000000000000000000 ) ) ;
#6536 = EDGE_LOOP ( 'NONE', ( #1034, #602, #356, #8272 ) ) ;
#6537 = CARTESIAN_POINT ( 'NONE',  ( 0.7586295022792478582, 19.03281166240310540, 0.9671883375967926799 ) ) ;
#6538 = ADVANCED_FACE ( 'NONE', ( #4041 ), #7911, .T. ) ;
#6539 = CARTESIAN_POINT ( 'NONE',  ( 131.8052716013672239, -3.096584501352187768, 14.13148112499812292 ) ) ;
#6540 = APPROVAL_PERSON_ORGANIZATION ( #4884, #6199, #5557 ) ;
#6541 = CARTESIAN_POINT ( 'NONE',  ( 146.8181844261281981, -7.977415231941450635, 14.46490098333066143 ) ) ;
#6542 = DIRECTION ( 'NONE',  ( 0.000000000000000000, 1.000000000000000000, 0.000000000000000000 ) ) ;
#6543 = CARTESIAN_POINT ( 'NONE',  ( 5.499000000000000554, 6.599999999999999645, 9.501000000000001222 ) ) ;
#6544 =( BOUNDED_CURVE ( )  B_SPLINE_CURVE ( 3, ( #2184, #163, #5882, #2724, #4588, #4668, #2102, #2062, #7223, #5294, #6004, #1510, #7858, #7945, #7775, #1467, #5209, #77, #6558, #7305, #6602, #836 ),
 .UNSPECIFIED., .F., .T. ) 
 B_SPLINE_CURVE_WITH_KNOTS ( ( 4, 2, 2, 2, 2, 2, 2, 2, 2, 2, 4 ),
 ( 0.000000000000000000, 0.1257500034708792236, 0.1886250052063185301, 0.2515000069417588358, 0.3772500104126371157, 0.4401250121480760891, 0.5030000138835165613, 0.7545000208252741203, 0.8173750225607144815, 0.8802500242961535104, 1.000000000000000000 ),
 .UNSPECIFIED. ) 
 CURVE ( )  GEOMETRIC_REPRESENTATION_ITEM ( )  RATIONAL_B_SPLINE_CURVE ( ( 0.9999999990894463675, 0.9999999990900971802, 0.9999999990907197933, 0.9999999990915222625, 0.9999999990917682879, 0.9999999990922106008, 0.9999999990924075544, 0.9999999990929160365, 0.9999999990931476290, 0.9999999990933448046, 0.9999999990933774452, 0.9999999990934742566, 0.9999999990935299898, 0.9999999990938479577, 0.9999999990942287642, 0.9999999990948713613, 0.9999999990950145801, 0.9999999990952779250, 0.9999999990953980511, 0.9999999990957121332, 0.9999999990958750029, 0.9999999990959947960 ) ) 
 REPRESENTATION_ITEM ( '' )  );
#6545 = B_SPLINE_CURVE_WITH_KNOTS ( 'NONE', 3,
 ( #2667, #6504, #4485, #4399, #5236, #5194, #7758, #6374, #7128, #7007, #731, #3258, #6415, #2586, #5695, #1237, #606, #1823, #3937, #7631 ),
 .UNSPECIFIED., .F., .F.,
 ( 4, 2, 2, 2, 2, 2, 2, 2, 2, 4 ),
 ( 0.000000000000000000, 0.002335614338262939974, 0.004671228676525879947, 0.009342457353051749486, 0.01401368602957761902, 0.01634930036784055032, 0.01868491470610349897, 0.02335614338262929912, 0.02802737205915509927, 0.03736982941220665100 ),
 .UNSPECIFIED. ) ;
#6546 = VERTEX_POINT ( 'NONE', #6012 ) ;
#6547 = DIRECTION ( 'NONE',  ( 3.052279086265420196E-15, -1.000000000000000000, -8.673617379884030739E-15 ) ) ;
#6548 = EDGE_LOOP ( 'NONE', ( #5492, #6799, #3863, #324 ) ) ;
#6549 = DIRECTION ( 'NONE',  ( -8.595445695815679977E-32, 1.000000000000000000, 0.000000000000000000 ) ) ;
#6550 = DIRECTION ( 'NONE',  ( -0.3420201433257158974, 1.734723475976814983E-14, 0.9396926207858913305 ) ) ;
#6551 = CARTESIAN_POINT ( 'NONE',  ( 109.8236730192914052, -10.00000000000000000, -1.000000000000000000 ) ) ;
#6552 = CARTESIAN_POINT ( 'NONE',  ( 107.7130659539469946, 19.71561476284639980, -6.699357652188260737 ) ) ;
#6553 = ADVANCED_FACE ( 'NONE', ( #2192, #252 ), #7954, .F. ) ;
#6554 = ORIENTED_EDGE ( 'NONE', *, *, #2, .F. ) ;
#6555 = ORIENTED_EDGE ( 'NONE', *, *, #370, .T. ) ;
#6556 = EDGE_CURVE ( 'NONE', #621, #5714, #146, .T. ) ;
#6557 = AXIS2_PLACEMENT_3D ( 'NONE', #681, #2532, #6270 ) ;
#6558 = CARTESIAN_POINT ( 'NONE',  ( 115.6206123018692296, 19.78533573124001066, 8.043896840133522019 ) ) ;
#6559 = VERTEX_POINT ( 'NONE', #3651 ) ;
#6560 = CARTESIAN_POINT ( 'NONE',  ( 2.250406918788308896, 0.07021614557948158142, 1.046807799291713970 ) ) ;
#6561 = CARTESIAN_POINT ( 'NONE',  ( 109.4638458652562036, 19.97109433230304987, 6.216131546032129584 ) ) ;
#6562 = CIRCLE ( 'NONE', #4010, 1.500000000000000000 ) ;
#6563 = DIRECTION ( 'NONE',  ( 0.000000000000000000, -1.000000000000000000, 0.000000000000000000 ) ) ;
#6564 = CARTESIAN_POINT ( 'NONE',  ( 112.5513943275472002, 0.1585229760157979839, -7.481283546191629164 ) ) ;
#6565 = CARTESIAN_POINT ( 'NONE',  ( 107.8264114977261983, 0.1183738699775610109, -6.471069865928519960 ) ) ;
#6566 = CARTESIAN_POINT ( 'NONE',  ( 107.2693266370960146, 0.3365878588042595099, -6.748534933891660259 ) ) ;
#6567 = VERTEX_POINT ( 'NONE', #4825 ) ;
#6568 = CC_DESIGN_PERSON_AND_ORGANIZATION_ASSIGNMENT ( #192, #7971, ( #4998 ) ) ;
#6569 = CARTESIAN_POINT ( 'NONE',  ( 109.6015236825080024, 1.039767490175276032, -6.850201849488770200 ) ) ;
#6570 = CARTESIAN_POINT ( 'NONE',  ( 118.5428638461035860, 0.7482622056456990078, -3.109348155370609934 ) ) ;
#6571 = CARTESIAN_POINT ( 'NONE',  ( 110.1656931626172025, 18.99993126322744885, 0.06030737921409259905 ) ) ;
#6572 = CARTESIAN_POINT ( 'NONE',  ( 3.000000000000000000, 1.000000000000000000, -7.000000000000000000 ) ) ;
#6573 = CARTESIAN_POINT ( 'NONE',  ( 0.000000000000000000, 22.00000000000000000, -1.500000000000000000 ) ) ;
#6574 = PERSON_AND_ORGANIZATION_ROLE ( 'design_supplier' ) ;
#6575 = CARTESIAN_POINT ( 'NONE',  ( 1.770616071965686267, 0.2397537308007662848, -0.2397537308007662848 ) ) ;
#6576 = VERTEX_POINT ( 'NONE', #411 ) ;
#6577 = CARTESIAN_POINT ( 'NONE',  ( 1.163414459189985682E-16, 0.5000000000000109912, 0.9499999999999999556 ) ) ;
#6578 = CARTESIAN_POINT ( 'NONE',  ( 2.607305765700779876, 18.98710782321614943, 0.01933826517584500207 ) ) ;
#6579 = CARTESIAN_POINT ( 'NONE',  ( 120.4764274669370678, -0.7354314348848450811, -9.871575804757370065 ) ) ;
#6580 = CARTESIAN_POINT ( 'NONE',  ( 106.3649126752824117, 1.000000000000000000, -7.000000000000000000 ) ) ;
#6581 = EDGE_CURVE ( 'NONE', #3791, #320, #5952, .T. ) ;
#6582 = B_SPLINE_CURVE_WITH_KNOTS ( 'NONE', 3,
 ( #7230, #3279, #82, #7780, #2775, #1472, #4040, #6612, #4596, #5340, #7272, #1517, #6011, #3916, #4080, #883, #251, #6485 ),
 .UNSPECIFIED., .F., .F.,
 ( 4, 2, 2, 2, 2, 2, 2, 2, 4 ),
 ( 0.003628342191538419786, 0.008249617387935349530, 0.01287089258433227884, 0.01749216778072920295, 0.02211344297712614787, 0.02442408057532464982, 0.02673471817352314830, 0.03135599336992005159, 0.04059854376271400389 ),
 .UNSPECIFIED. ) ;
#6583 = CARTESIAN_POINT ( 'NONE',  ( 1.670546387488979878, 19.69649888402920013, -1.202334077313879979 ) ) ;
#6584 = DIRECTION ( 'NONE',  ( 0.000000000000000000, 0.000000000000000000, -1.000000000000000000 ) ) ;
#6585 = APPROVAL_DATE_TIME ( #6709, #4197 ) ;
#6586 = ORIENTED_EDGE ( 'NONE', *, *, #1360, .F. ) ;
#6587 = EDGE_CURVE ( 'NONE', #6933, #7785, #5538, .T. ) ;
#6588 = CARTESIAN_POINT ( 'NONE',  ( 143.1582144603142126, 12.92275690649618092, -12.06860308496955980 ) ) ;
#6589 = EDGE_LOOP ( 'NONE', ( #6664, #2183, #4685, #6463, #3723 ) ) ;
#6590 = CIRCLE ( 'NONE', #3224, 1.000000000000000888 ) ;
#6591 = CARTESIAN_POINT ( 'NONE',  ( 148.7083515827920053, -8.081274705556749538, 15.15286556612324809 ) ) ;
#6592 = AXIS2_PLACEMENT_3D ( 'NONE', #7380, #952, #1546 ) ;
#6593 = CARTESIAN_POINT ( 'NONE',  ( 106.9636249145091256, 0.4309655900643017956, 6.825748255778426810 ) ) ;
#6594 = CARTESIAN_POINT ( 'NONE',  ( 148.0852042723149680, 10.33990438774135967, 18.46562042988874808 ) ) ;
#6595 = VECTOR ( 'NONE', #7026, 1000.000000000000000 ) ;
#6596 = DIRECTION ( 'NONE',  ( 0.000000000000000000, 0.000000000000000000, -1.000000000000000000 ) ) ;
#6597 = AXIS2_PLACEMENT_3D ( 'NONE', #5082, #5631, #3112 ) ;
#6598 = DIRECTION ( 'NONE',  ( 8.595445695815679977E-32, -1.000000000000000000, 0.000000000000000000 ) ) ;
#6599 = ORIENTED_EDGE ( 'NONE', *, *, #2742, .F. ) ;
#6600 = CIRCLE ( 'NONE', #1079, 1.000000000000006661 ) ;
#6601 = ORIENTED_EDGE ( 'NONE', *, *, #6749, .F. ) ;
#6602 = CARTESIAN_POINT ( 'NONE',  ( 111.7312693644992123, 19.96781766353200638, 6.582253171797002089 ) ) ;
#6603 = CIRCLE ( 'NONE', #5113, 0.9999999999999991118 ) ;
#6604 = ORIENTED_EDGE ( 'NONE', *, *, #1848, .T. ) ;
#6605 = DIRECTION ( 'NONE',  ( -0.03263195623215420921, 0.9994674359039732447, 0.000000000000000000 ) ) ;
#6606 = DESIGN_CONTEXT ( 'detailed design', #3835, 'design' ) ;
#6607 = CARTESIAN_POINT ( 'NONE',  ( 110.1190518234112830, 19.92715122271718542, 6.375607663117099477 ) ) ;
#6608 = ADVANCED_FACE ( 'NONE', ( #6772 ), #8105, .F. ) ;
#6609 = EDGE_CURVE ( 'NONE', #3745, #6174, #3236, .T. ) ;
#6610 = DIRECTION ( 'NONE',  ( 0.000000000000000000, 0.000000000000000000, -1.000000000000000000 ) ) ;
#6611 = AXIS2_PLACEMENT_3D ( 'NONE', #2608, #6396, #630 ) ;
#6612 = CARTESIAN_POINT ( 'NONE',  ( 127.6951004178150129, 16.81350588601594964, 13.65207240516333975 ) ) ;
#6613 = CARTESIAN_POINT ( 'NONE',  ( 146.6007660257469922, -8.047637791034109256, 20.75922938773445026 ) ) ;
#6614 = CARTESIAN_POINT ( 'NONE',  ( 113.0830343286818191, 19.22624395092505623, -8.102278173092264169 ) ) ;
#6615 = ORIENTED_EDGE ( 'NONE', *, *, #400, .T. ) ;
#6616 = CIRCLE ( 'NONE', #2970, 1.000000000000000000 ) ;
#6617 = CARTESIAN_POINT ( 'NONE',  ( 120.5718072136847638, -0.8013184971383155997, -10.97423158829388434 ) ) ;
#6618 = DIRECTION ( 'NONE',  ( -1.000000000000000000, 9.887923813067798860E-15, 0.000000000000000000 ) ) ;
#6619 = CARTESIAN_POINT ( 'NONE',  ( 1.715021725813077547, 19.71271001020393854, -1.191590019597635441 ) ) ;
#6620 = CC_DESIGN_DATE_AND_TIME_ASSIGNMENT ( #5549, #2276, ( #8010 ) ) ;
#6621 = CARTESIAN_POINT ( 'NONE',  ( 107.8161785944026008, 19.73900687360029949, 6.673697885384509476 ) ) ;
#6622 = DATE_AND_TIME ( #2702, #8141 ) ;
#6623 = EDGE_CURVE ( 'NONE', #6719, #7442, #7667, .T. ) ;
#6624 = CARTESIAN_POINT ( 'NONE',  ( 137.0000000000000000, 0.000000000000000000, 6.000000000000000000 ) ) ;
#6625 = ORIENTED_EDGE ( 'NONE', *, *, #7129, .T. ) ;
#6626 = CARTESIAN_POINT ( 'NONE',  ( 5.499000000000000554, 19.75000000000000000, -9.501000000000001222 ) ) ;
#6627 = SPHERICAL_SURFACE ( 'NONE', #3876, 1.000000000000000000 ) ;
#6628 = CARTESIAN_POINT ( 'NONE',  ( 116.0775312717300949, 19.72664531794434595, 9.284710293223341182 ) ) ;
#6629 = CARTESIAN_POINT ( 'NONE',  ( 118.5428638460795980, 0.7482622056447300052, 3.109348155361914667 ) ) ;
#6630 = CARTESIAN_POINT ( 'NONE',  ( 149.0603917663004268, 10.02762330132503443, -17.05825030142277754 ) ) ;
#6631 = ORIENTED_EDGE ( 'NONE', *, *, #113, .F. ) ;
#6632 = CARTESIAN_POINT ( 'NONE',  ( 55.00000000000000000, 0.000000000000000000, 0.000000000000000000 ) ) ;
#6633 = ORIENTED_EDGE ( 'NONE', *, *, #7105, .F. ) ;
#6634 = CONICAL_SURFACE ( 'NONE', #7565, 0.9499999999999999556, 0.7853981633974503884 ) ;
#6635 = EDGE_CURVE ( 'NONE', #7082, #5372, #4283, .T. ) ;
#6636 = DIRECTION ( 'NONE',  ( -0.9396926207858912194, 0.000000000000000000, -0.3420201433257158974 ) ) ;
#6637 = CARTESIAN_POINT ( 'NONE',  ( 109.6015236825080024, 1.039767490175276032, 6.850201849488770200 ) ) ;
#6638 = CARTESIAN_POINT ( 'NONE',  ( 112.2591313732980041, 0.1920578996626503554, 7.411914836258817196 ) ) ;
#6639 = CARTESIAN_POINT ( 'NONE',  ( 3.000000000000000000, 0.000000000000000000, 6.000000000000000000 ) ) ;
#6640 = CARTESIAN_POINT ( 'NONE',  ( 113.4024101645254063, 0.9452817923039531500, -8.279059074663440043 ) ) ;
#6641 = ORIENTED_EDGE ( 'NONE', *, *, #1046, .T. ) ;
#6642 = CARTESIAN_POINT ( 'NONE',  ( 148.7083515827920053, 9.501908822039649039, -15.15286556612324809 ) ) ;
#6643 = ORIENTED_EDGE ( 'NONE', *, *, #6186, .T. ) ;
#6644 = CARTESIAN_POINT ( 'NONE',  ( 109.7857474473709942, 0.004931039905966170048, -1.011213553019185918 ) ) ;
#6645 = VERTEX_POINT ( 'NONE', #3489 ) ;
#6646 = CARTESIAN_POINT ( 'NONE',  ( 111.8348851186240154, 19.76979926522369979, 7.234669608495220672 ) ) ;
#6647 = ADVANCED_FACE ( 'NONE', ( #5460, #8025 ), #7472, .F. ) ;
#6648 = DIRECTION ( 'NONE',  ( 1.000000000000000000, -1.734723475976805517E-15, 0.000000000000000000 ) ) ;
#6649 = EDGE_CURVE ( 'NONE', #2726, #6392, #8063, .T. ) ;
#6650 = FACE_OUTER_BOUND ( 'NONE', #560, .T. ) ;
#6651 = DIRECTION ( 'NONE',  ( 1.719089139163134901E-31, -1.000000000000000000, 0.000000000000000000 ) ) ;
#6652 = CYLINDRICAL_SURFACE ( 'NONE', #7919, 2.498999999999999666 ) ;
#6653 = ORIENTED_EDGE ( 'NONE', *, *, #2134, .F. ) ;
#6654 = AXIS2_PLACEMENT_3D ( 'NONE', #847, #4004, #7829 ) ;
#6655 = CARTESIAN_POINT ( 'NONE',  ( 109.9662654827300798, 19.36155671667316724, 6.985041702417420950 ) ) ;
#6656 = DIRECTION ( 'NONE',  ( 9.887923813067800438E-15, 1.000000000000000000, 0.000000000000000000 ) ) ;
#6657 = CARTESIAN_POINT ( 'NONE',  ( 107.8161785944026150, 19.73601571288765300, 6.676964452820438822 ) ) ;
#6658 = CARTESIAN_POINT ( 'NONE',  ( 0.1494220505278451017, 17.93610905121032317, -2.375961465916550441 ) ) ;
#6659 = DIRECTION ( 'NONE',  ( -2.312964634635744929E-16, 1.000000000000000000, 0.000000000000000000 ) ) ;
#6660 = APPROVAL_ROLE ( '' ) ;
#6661 = EDGE_CURVE ( 'NONE', #656, #2506, #3371, .T. ) ;
#6662 = AXIS2_PLACEMENT_3D ( 'NONE', #465, #8158, #426 ) ;
#6663 = CARTESIAN_POINT ( 'NONE',  ( 0.3962374508738466528, 18.00229530587302307, 1.495963357853890896 ) ) ;
#6664 = ORIENTED_EDGE ( 'NONE', *, *, #5052, .T. ) ;
#6665 = CARTESIAN_POINT ( 'NONE',  ( 109.6985775211162064, 19.00000000000000000, 0.000000000000000000 ) ) ;
#6666 = CARTESIAN_POINT ( 'NONE',  ( 118.0473914117488050, 19.57688420438044830, 8.955814226929179611 ) ) ;
#6667 = CARTESIAN_POINT ( 'NONE',  ( 116.8646542981067995, 0.8912261298014010347, 2.498529833038395154 ) ) ;
#6668 = CARTESIAN_POINT ( 'NONE',  ( 110.1748044396117621, 19.98728001395337728, -6.100596767719773439 ) ) ;
#6669 = CARTESIAN_POINT ( 'NONE',  ( 2.222152302202450080, 1.063966701603181964, 0.09595005240477320896 ) ) ;
#6670 = CALENDAR_DATE ( 2026, 3, 9 ) ;
#6671 = CYLINDRICAL_SURFACE ( 'NONE', #3268, 20.00000000000000000 ) ;
#6672 = ORIENTED_EDGE ( 'NONE', *, *, #313, .T. ) ;
#6673 = LOCAL_TIME ( 21, 5, 34.00000000000000000, #5766 ) ;
#6674 = APPROVAL ( #136, 'UNSPECIFIED' ) ;
#6675 = LINE ( 'NONE', #6120, #3869 ) ;
#6676 = CARTESIAN_POINT ( 'NONE',  ( 112.0019011663201951, 0.2188656008916035622, 7.353566721281307395 ) ) ;
#6677 = CARTESIAN_POINT ( 'NONE',  ( 106.3647230434517894, 0.9452817923051530791, -26.99992871220629809 ) ) ;
#6678 = DIRECTION ( 'NONE',  ( 0.000000000000000000, 1.000000000000000000, 0.000000000000000000 ) ) ;
#6679 = APPROVAL_PERSON_ORGANIZATION ( #1177, #3003, #2487 ) ;
#6680 = ORIENTED_EDGE ( 'NONE', *, *, #3607, .T. ) ;
#6681 = DIRECTION ( 'NONE',  ( 0.000000000000000000, 0.000000000000000000, -1.000000000000000000 ) ) ;
#6682 = ORIENTED_EDGE ( 'NONE', *, *, #3380, .F. ) ;
#6683 = CARTESIAN_POINT ( 'NONE',  ( 0.1718344562404074682, 1.998998822410988696, 2.332684066088518637 ) ) ;
#6684 = ORIENTED_EDGE ( 'NONE', *, *, #1813, .F. ) ;
#6685 = DIRECTION ( 'NONE',  ( -1.000000000000000000, 0.000000000000000000, 0.000000000000000000 ) ) ;
#6686 = CARTESIAN_POINT ( 'NONE',  ( 109.6178656985668596, 0.9881301017232810846, -7.052482475420306096E-05 ) ) ;
#6687 = DIRECTION ( 'NONE',  ( -0.9994674359039732447, -0.03263195623215420921, 0.000000000000000000 ) ) ;
#6688 = DIRECTION ( 'NONE',  ( 0.000000000000000000, 0.000000000000000000, -1.000000000000000000 ) ) ;
#6689 = CARTESIAN_POINT ( 'NONE',  ( 109.8236730192891883, 1.006450157371265863, 0.9999999999991679989 ) ) ;
#6690 = EDGE_LOOP ( 'NONE', ( #1940, #3908, #1150, #835 ) ) ;
#6691 = EDGE_CURVE ( 'NONE', #8027, #6559, #6093, .T. ) ;
#6692 = AXIS2_PLACEMENT_3D ( 'NONE', #3741, #1802, #1171 ) ;
#6693 = CARTESIAN_POINT ( 'NONE',  ( 134.5289103154667032, -3.913919078294697318, -16.22108852653978772 ) ) ;
#6694 = CARTESIAN_POINT ( 'NONE',  ( 110.1656931626149998, 1.006450157371265863, -0.06030737921326059792 ) ) ;
#6695 = ADVANCED_FACE ( 'NONE', ( #6216 ), #1924, .T. ) ;
#6696 = CARTESIAN_POINT ( 'NONE',  ( 0.03590615325959783943, 17.46315368904212662, -2.691271372854866062 ) ) ;
#6697 = DIRECTION ( 'NONE',  ( 8.595445695815679977E-32, -1.000000000000000000, 1.734723475976804876E-16 ) ) ;
#6698 = AXIS2_PLACEMENT_3D ( 'NONE', #4321, #486, #3051 ) ;
#6699 = PERSON_AND_ORGANIZATION_ROLE ( 'design_supplier' ) ;
#6700 = CARTESIAN_POINT ( 'NONE',  ( 0.02743338835845586868, 17.27097053692459383, 2.593425988062465493 ) ) ;
#6701 = ORIENTED_EDGE ( 'NONE', *, *, #5315, .F. ) ;
#6702 = CARTESIAN_POINT ( 'NONE',  ( 2.479904456292403303, 0.03222929600371983450, 0.03222929600371983450 ) ) ;
#6703 = ADVANCED_FACE ( 'NONE', ( #7663 ), #817, .T. ) ;
#6704 = CARTESIAN_POINT ( 'NONE',  ( 106.3883930297754006, 19.07017710494820051, 7.000000000000000000 ) ) ;
#6705 = DIRECTION ( 'NONE',  ( -0.000000000000000000, 1.000000000000000000, 0.000000000000000000 ) ) ;
#6706 = EDGE_CURVE ( 'NONE', #2943, #8213, #3915, .T. ) ;
#6707 = CARTESIAN_POINT ( 'NONE',  ( 110.1929953962743980, 19.98747038457119984, -6.004091400336660556 ) ) ;
#6708 = CARTESIAN_POINT ( 'NONE',  ( 149.0591614263265967, 9.514489249922590375, -17.06152311519205256 ) ) ;
#6709 = DATE_AND_TIME ( #6670, #4294 ) ;
#6710 = CARTESIAN_POINT ( 'NONE',  ( 107.5186140633401095, 19.66627739547741527, -6.747342349004953554 ) ) ;
#6711 = AXIS2_PLACEMENT_3D ( 'NONE', #1543, #4107, #4739 ) ;
#6712 = ORIENTED_EDGE ( 'NONE', *, *, #1945, .T. ) ;
#6713 =( GEOMETRIC_REPRESENTATION_CONTEXT ( 3 ) GLOBAL_UNCERTAINTY_ASSIGNED_CONTEXT ( ( #4747 ) ) GLOBAL_UNIT_ASSIGNED_CONTEXT ( ( #622, #6892, #3735 ) ) REPRESENTATION_CONTEXT ( 'NONE', 'WORKASPACE' ) );
#6714 = CARTESIAN_POINT ( 'NONE',  ( 112.7503632870734123, 0.05798968564096947109, 8.033936812830894780 ) ) ;
#6715 = CARTESIAN_POINT ( 'NONE',  ( 112.2694951530289416, 0.1909216181841146831, 7.414312672306236252 ) ) ;
#6716 = DIRECTION ( 'NONE',  ( 0.000000000000000000, 0.000000000000000000, -1.000000000000000000 ) ) ;
#6717 = DIRECTION ( 'NONE',  ( 0.000000000000000000, -1.000000000000000000, 0.000000000000000000 ) ) ;
#6718 = APPROVAL_PERSON_ORGANIZATION ( #95, #2344, #1907 ) ;
#6719 = VERTEX_POINT ( 'NONE', #1948 ) ;
#6720 = CARTESIAN_POINT ( 'NONE',  ( 3.000000000000000000, 20.00000000000000000, 6.000000000000000000 ) ) ;
#6721 = EDGE_LOOP ( 'NONE', ( #1209, #3640, #6144, #2298, #4396 ) ) ;
#6722 = CARTESIAN_POINT ( 'NONE',  ( 110.9806022712153890, 0.3153562399973969810, -7.139500756309389295 ) ) ;
#6723 = ADVANCED_FACE ( 'NONE', ( #6275 ), #7074, .F. ) ;
#6724 = EDGE_LOOP ( 'NONE', ( #3230, #3062, #1551, #4132, #5711 ) ) ;
#6725 = CARTESIAN_POINT ( 'NONE',  ( 150.0000000000000000, -10.00000000000000000, -14.55880937064809899 ) ) ;
#6726 = CIRCLE ( 'NONE', #1623, 5.000000000000004441 ) ;
#6727 = CARTESIAN_POINT ( 'NONE',  ( 110.3789825856245841, 0.04102113659253549954, -6.119247058426321217 ) ) ;
#6728 = AXIS2_PLACEMENT_3D ( 'NONE', #317, #5448, #1628 ) ;
#6729 = AXIS2_PLACEMENT_3D ( 'NONE', #2689, #1432, #7152 ) ;
#6730 = CARTESIAN_POINT ( 'NONE',  ( 108.6192609635536002, 0.02631768018107435297, -6.008018324478119787 ) ) ;
#6731 = CARTESIAN_POINT ( 'NONE',  ( 2.781020684318190384, 5.717472393966525748E-18, 6.126427450783103801 ) ) ;
#6732 = ORIENTED_EDGE ( 'NONE', *, *, #3293, .T. ) ;
#6733 = DIRECTION ( 'NONE',  ( 0.9999997283918594659, -0.0007370320262295462993, 0.000000000000000000 ) ) ;
#6734 = CARTESIAN_POINT ( 'NONE',  ( 125.2532527430281135, -1.647767821327102533, -12.73411505249178433 ) ) ;
#6735 = EDGE_CURVE ( 'NONE', #4658, #320, #5819, .T. ) ;
#6736 = VECTOR ( 'NONE', #3154, 1000.000000000000000 ) ;
#6737 =( REPRESENTATION_RELATIONSHIP ('NONE','NONE', #3275, #1561 ) REPRESENTATION_RELATIONSHIP_WITH_TRANSFORMATION ( #7070 )SHAPE_REPRESENTATION_RELATIONSHIP( ) );
#6738 = ADVANCED_FACE ( 'NONE', ( #1314 ), #1144, .F. ) ;
#6739 = DIRECTION ( 'NONE',  ( 0.000000000000000000, 0.000000000000000000, -1.000000000000000000 ) ) ;
#6740 = CARTESIAN_POINT ( 'NONE',  ( 107.9921628011809105, 0.1045675014772708550, 6.435096097594843023 ) ) ;
#6741 = CARTESIAN_POINT ( 'NONE',  ( 109.1737518888698020, 0.05080276668260159945, -6.195313776709420850 ) ) ;
#6742 = AXIS2_PLACEMENT_3D ( 'NONE', #7994, #4247, #8030 ) ;
#6743 = PERSON_AND_ORGANIZATION_ROLE ( 'design_owner' ) ;
#6744 = DIRECTION ( 'NONE',  ( -0.9375000000000037748, 0.3479852726768664084, 0.000000000000000000 ) ) ;
#6745 = VERTEX_POINT ( 'NONE', #6365 ) ;
#6746 = CARTESIAN_POINT ( 'NONE',  ( 3.000000000000000000, 1.000000000000000000, 4.336808689942014778E-16 ) ) ;
#6747 = CIRCLE ( 'NONE', #2305, 1.000000000000000888 ) ;
#6748 = LINE ( 'NONE', #6822, #474 ) ;
#6749 = EDGE_CURVE ( 'NONE', #8107, #2519, #5681, .T. ) ;
#6750 = DIRECTION ( 'NONE',  ( 0.000000000000000000, 1.000000000000000000, 0.000000000000000000 ) ) ;
#6751 = CARTESIAN_POINT ( 'NONE',  ( 113.4024101645254063, 0.9452817923039531500, -8.279059074663440043 ) ) ;
#6752 = CARTESIAN_POINT ( 'NONE',  ( 113.2437475485081961, 0.3587379658120805059, 8.007704605724910607 ) ) ;
#6753 = DIRECTION ( 'NONE',  ( -1.000000000000000000, 6.123233995736768501E-17, 6.245004513516505540E-17 ) ) ;
#6754 = CARTESIAN_POINT ( 'NONE',  ( 2.033353018320480210, 19.84677831103849854, 1.102147792640975954 ) ) ;
#6755 = ORIENTED_EDGE ( 'NONE', *, *, #3395, .F. ) ;
#6756 = DIRECTION ( 'NONE',  ( 0.000000000000000000, 1.000000000000000000, 0.000000000000000000 ) ) ;
#6757 = CARTESIAN_POINT ( 'NONE',  ( 110.1885292796384448, 0.3288549699293831785, 7.000243954566928828 ) ) ;
#6758 = CARTESIAN_POINT ( 'NONE',  ( 134.5000000000000000, 0.6999999999999999556, 11.50000000000000000 ) ) ;
#6759 = CARTESIAN_POINT ( 'NONE',  ( 108.4354201629349745, 0.07827746892241038701, -6.342859930823842696 ) ) ;
#6760 = VECTOR ( 'NONE', #6937, 1000.000000000000114 ) ;
#6761 = ORIENTED_EDGE ( 'NONE', *, *, #4872, .F. ) ;
#6762 = CARTESIAN_POINT ( 'NONE',  ( 141.8983206623876185, 14.48115687785220373, -11.61003924418179345 ) ) ;
#6763 = EDGE_CURVE ( 'NONE', #7211, #3721, #3204, .T. ) ;
#6764 = ORIENTED_EDGE ( 'NONE', *, *, #2085, .F. ) ;
#6765 = CARTESIAN_POINT ( 'NONE',  ( 109.8001467689719419, 0.2830862102353706722, -6.863321056930923092 ) ) ;
#6766 = UNCERTAINTY_MEASURE_WITH_UNIT (LENGTH_MEASURE( 1.000000000000000082E-05 ), #4904, 'distance_accuracy_value', 'NONE');
#6767 = ORIENTED_EDGE ( 'NONE', *, *, #1635, .T. ) ;
#6768 =( BOUNDED_SURFACE ( )  B_SPLINE_SURFACE ( 3, 2, ( 
 ( #3469, #148, #7209 ),
 ( #6708, #6630, #942 ),
 ( #862, #5992, #231 ),
 ( #7293, #2840, #7970 ) ),
 .UNSPECIFIED., .F., .F., .T. ) 
 B_SPLINE_SURFACE_WITH_KNOTS ( ( 4, 4 ),
 ( 3, 3 ),
 ( 0.06123577898449950041, 0.06622534749146000155 ),
 ( 0.000000000000000000, 1.000000000000000000 ),
 .UNSPECIFIED. ) 
 GEOMETRIC_REPRESENTATION_ITEM ( )  RATIONAL_B_SPLINE_SURFACE ( (
 ( 1.000000000000000000, 0.8899020922807560074, 1.000000000000000000),
 ( 1.000000000000000000, 0.8897000029666090049, 1.000000000000000000),
 ( 1.000000000000000000, 0.8894980930780710393, 1.000000000000000000),
 ( 1.000000000000000000, 0.8892963656938309702, 1.000000000000000000) ) ) 
 REPRESENTATION_ITEM ( '' )  SURFACE ( )  );
#6769 = VECTOR ( 'NONE', #6335, 1000.000000000000000 ) ;
#6770 = DIRECTION ( 'NONE',  ( -1.000000000000000000, 0.000000000000000000, -4.954937092193129892E-16 ) ) ;
#6771 = EDGE_CURVE ( 'NONE', #7984, #8233, #6447, .T. ) ;
#6772 = FACE_OUTER_BOUND ( 'NONE', #5371, .T. ) ;
#6773 = CARTESIAN_POINT ( 'NONE',  ( 5.500999999999999446, 13.40000000000000036, 9.501000000000001222 ) ) ;
#6774 = ORIENTED_EDGE ( 'NONE', *, *, #3633, .T. ) ;
#6775 = DIRECTION ( 'NONE',  ( -0.0007370320262295454320, -0.9999997283918593549, 0.000000000000000000 ) ) ;
#6776 = CARTESIAN_POINT ( 'NONE',  ( 145.1181102968629943, -8.027872587397679283, -19.13901221042105050 ) ) ;
#6777 = CARTESIAN_POINT ( 'NONE',  ( 5.499000000000000554, -7.810249675906650424, 9.501000000000001222 ) ) ;
#6778 = CARTESIAN_POINT ( 'NONE',  ( 0.000000000000000000, 0.5000000000000109912, 0.000000000000000000 ) ) ;
#6779 = CARTESIAN_POINT ( 'NONE',  ( 110.0576929939949764, 0.3369715750337676785, -6.751472964696643153 ) ) ;
#6780 = ORIENTED_EDGE ( 'NONE', *, *, #6735, .T. ) ;
#6781 = DATE_AND_TIME ( #1685, #7338 ) ;
#6782 = CARTESIAN_POINT ( 'NONE',  ( 0.04764093688345660133, 17.35502773122137654, 2.467456153457002532 ) ) ;
#6783 = ORIENTED_EDGE ( 'NONE', *, *, #4445, .F. ) ;
#6784 = CARTESIAN_POINT ( 'NONE',  ( 109.8236730192891883, 1.006450157371265863, 0.9999999999991679989 ) ) ;
#6785 = CARTESIAN_POINT ( 'NONE',  ( 55.00000000000000000, -5.000000000000000000, 0.000000000000000000 ) ) ;
#6786 = CARTESIAN_POINT ( 'NONE',  ( 8.000000000000000000, -7.810249675906650424, -9.501000000000001222 ) ) ;
#6787 = CARTESIAN_POINT ( 'NONE',  ( 0.000000000000000000, 0.000000000000000000, 0.000000000000000000 ) ) ;
#6788 = AXIS2_PLACEMENT_3D ( 'NONE', #2057, #7853, #3985 ) ;
#6789 = CARTESIAN_POINT ( 'NONE',  ( 112.7569574550179254, 0.1942414573771865383, 7.630649340533497416 ) ) ;
#6790 = DATE_AND_TIME ( #5600, #3613 ) ;
#6791 = CARTESIAN_POINT ( 'NONE',  ( 1.670546387488979878, 19.69649888402920013, 1.202334077313879979 ) ) ;
#6792 = ORIENTED_EDGE ( 'NONE', *, *, #6896, .T. ) ;
#6793 = EDGE_CURVE ( 'NONE', #5110, #3518, #10, .T. ) ;
#6794 = AXIS2_PLACEMENT_3D ( 'NONE', #5458, #7908, #4823 ) ;
#6795 = DIRECTION ( 'NONE',  ( -0.9360434818771647958, 0.000000000000000000, 0.3518843560536241144 ) ) ;
#6796 = CARTESIAN_POINT ( 'NONE',  ( 109.6300223287583862, 0.3295623269951671319, 6.903515331582190662 ) ) ;
#6797 = CARTESIAN_POINT ( 'NONE',  ( 73.75000000000000000, -24.29753166064964631, 6.000000000000000000 ) ) ;
#6798 = CARTESIAN_POINT ( 'NONE',  ( 110.1656931626172025, 18.99993126322744885, 0.06030737921407619551 ) ) ;
#6799 = ORIENTED_EDGE ( 'NONE', *, *, #3380, .T. ) ;
#6800 = CARTESIAN_POINT ( 'NONE',  ( 123.7312721762795604, 19.09095435199833091, -4.997774350749911498 ) ) ;
#6801 = ORIENTED_EDGE ( 'NONE', *, *, #4558, .T. ) ;
#6802 = DIRECTION ( 'NONE',  ( -1.000000000000000000, 0.000000000000000000, 0.000000000000000000 ) ) ;
#6803 = ORIENTED_EDGE ( 'NONE', *, *, #2130, .F. ) ;
#6804 = CARTESIAN_POINT ( 'NONE',  ( 110.0000000000000000, 19.00000000000000000, -7.000000000000000000 ) ) ;
#6805 = EDGE_CURVE ( 'NONE', #8311, #254, #5009, .T. ) ;
#6806 = CARTESIAN_POINT ( 'NONE',  ( 109.6985775169879958, 19.00000000001604761, -1.301042606982603940E-15 ) ) ;
#6807 = CC_DESIGN_APPROVAL ( #3618, ( #8010 ) ) ;
#6808 = CARTESIAN_POINT ( 'NONE',  ( 8.000000000000000000, 13.40000000000000036, -9.501000000000001222 ) ) ;
#6809 = EDGE_CURVE ( 'NONE', #254, #5621, #1493, .T. ) ;
#6810 = CARTESIAN_POINT ( 'NONE',  ( 107.8263656776190516, 0.1197772705777969265, -6.473689807818437281 ) ) ;
#6811 = CARTESIAN_POINT ( 'NONE',  ( 3.000000000000000000, 0.000000000000000000, 6.000000000000000000 ) ) ;
#6812 = EDGE_LOOP ( 'NONE', ( #8142, #6680, #6288, #1139, #6092 ) ) ;
#6813 = FACE_OUTER_BOUND ( 'NONE', #7701, .T. ) ;
#6814 = CARTESIAN_POINT ( 'NONE',  ( 106.3649126752824117, -10.00000000000000000, 27.00000000000000000 ) ) ;
#6815 = DIRECTION ( 'NONE',  ( 0.000000000000000000, 1.000000000000000000, 0.000000000000000000 ) ) ;
#6816 = LINE ( 'NONE', #1048, #4856 ) ;
#6817 = CARTESIAN_POINT ( 'NONE',  ( 109.7549384636623984, 1.004393894476667937, 4.336808689942020103E-15 ) ) ;
#6818 = CC_DESIGN_DATE_AND_TIME_ASSIGNMENT ( #272, #3544, ( #6305 ) ) ;
#6819 = EDGE_LOOP ( 'NONE', ( #4207, #4578, #2749 ) ) ;
#6820 = B_SPLINE_CURVE_WITH_KNOTS ( 'NONE', 3,
 ( #6351, #2522, #7695, #7648, #4462, #626, #7025, #8317, #3190, #5760, #5124, #2142, #4783, #4670, #789, #3356, #6683, #5296, #7819, #4035, #2064, #6048, #7307, #4633, #4746, #5417, #7948, #877, #7267, #1428, #7860, #6520, #7983, #3442, #6006, #2771, #750, #3993, #6560, #246, #7186 ),
 .UNSPECIFIED., .F., .F.,
 ( 4, 2, 2, 1, 1, 1, 2, 2, 2, 2, 1, 1, 2, 2, 2, 2, 1, 1, 2, 2, 2, 2, 2, 4 ),
 ( 0.000000000000000000, 0.06249999999999170108, 0.09374999999998755162, 0.1093749999999855532, 0.1171874999999847067, 0.1210937499999842626, 0.1230468749999841516, 0.1249999999999840405, 0.1874999999999837630, 0.2187499999999835132, 0.2343749999999835132, 0.2421874999999834854, 0.2460937499999835132, 0.2499999999999835132, 0.3749999999999847899, 0.4374999999999854006, 0.4687499999999858447, 0.4843749999999860667, 0.4921874999999862332, 0.4999999999999863443, 0.6249999999999897859, 0.6874999999999915623, 0.7499999999999932276, 1.000000000000000000 ),
 .UNSPECIFIED. ) ;
#6821 = DIRECTION ( 'NONE',  ( 0.9396926207859346292, 0.000000000000000000, -0.3420201433255969925 ) ) ;
#6822 = CARTESIAN_POINT ( 'NONE',  ( 76.12500000000000000, -30.69597054535374880, 6.000000000000000000 ) ) ;
#6823 = VECTOR ( 'NONE', #6293, 1000.000000000000000 ) ;
#6824 = LINE ( 'NONE', #6150, #6185 ) ;
#6825 = CARTESIAN_POINT ( 'NONE',  ( 113.4025997963563839, 18.88652285270470088, -8.279130362457289394 ) ) ;
#6826 = DIRECTION ( 'NONE',  ( 0.000000000000000000, -1.000000000000000000, 0.000000000000000000 ) ) ;
#6827 = CALENDAR_DATE ( 2026, 3, 9 ) ;
#6828 = CARTESIAN_POINT ( 'NONE',  ( 107.0641262719540237, 19.51600632596787932, -6.857052922348827906 ) ) ;
#6829 = ORIENTED_EDGE ( 'NONE', *, *, #3633, .F. ) ;
#6830 = DIRECTION ( 'NONE',  ( 0.3518843560536241144, 2.775557561562908075E-14, -0.9360434818771647958 ) ) ;
#6831 = EDGE_CURVE ( 'NONE', #5921, #3228, #4971, .T. ) ;
#6832 = CARTESIAN_POINT ( 'NONE',  ( 111.4181107925138861, 0.2698871158472904153, 7.229743764846170428 ) ) ;
#6833 = CARTESIAN_POINT ( 'NONE',  ( 141.3027922690661740, 13.90190974598499984, -17.69413214587918404 ) ) ;
#6834 = LINE ( 'NONE', #3133, #3923 ) ;
#6835 = B_SPLINE_CURVE_WITH_KNOTS ( 'NONE', 3,
 ( #4427, #7073, #1313, #3163 ),
 .UNSPECIFIED., .F., .F.,
 ( 4, 4 ),
 ( 9.971422467452479586E-15, 6.773130543666699573E-06 ),
 .UNSPECIFIED. ) ;
#6836 = CARTESIAN_POINT ( 'NONE',  ( 148.3618554525849902, 10.02887871690343857, 13.96257351596359975 ) ) ;
#6837 = EDGE_CURVE ( 'NONE', #7763, #2933, #7916, .T. ) ;
#6838 = ORIENTED_EDGE ( 'NONE', *, *, #493, .T. ) ;
#6839 = DIRECTION ( 'NONE',  ( 0.000000000000000000, 0.000000000000000000, 1.000000000000000000 ) ) ;
#6840 = AXIS2_PLACEMENT_3D ( 'NONE', #1528, #4608, #7835 ) ;
#6841 = ORIENTED_EDGE ( 'NONE', *, *, #4405, .T. ) ;
#6842 = CARTESIAN_POINT ( 'NONE',  ( 113.0214302141565952, 20.00000000000000000, 2.163888435341485117 ) ) ;
#6843 = FACE_BOUND ( 'NONE', #5620, .T. ) ;
#6844 = ORIENTED_EDGE ( 'NONE', *, *, #3746, .F. ) ;
#6845 = CARTESIAN_POINT ( 'NONE',  ( 141.7855783206025819, 12.43480543381375902, -18.94906858034934771 ) ) ;
#6846 = CARTESIAN_POINT ( 'NONE',  ( 109.7611252681749932, 18.99997736292004902, 1.778091562876225063E-14 ) ) ;
#6847 = CC_DESIGN_SECURITY_CLASSIFICATION ( #798, ( #2403 ) ) ;
#6848 = CYLINDRICAL_SURFACE ( 'NONE', #3766, 0.9999999999999991118 ) ;
#6849 = ORIENTED_EDGE ( 'NONE', *, *, #2695, .F. ) ;
#6850 = CARTESIAN_POINT ( 'NONE',  ( 107.8301614706119551, 0.003517875563121527008, -6.257423283932604718 ) ) ;
#6851 = ORIENTED_EDGE ( 'NONE', *, *, #2048, .F. ) ;
#6852 = DIRECTION ( 'NONE',  ( 0.000000000000000000, -1.000000000000000000, 0.000000000000000000 ) ) ;
#6853 = EDGE_LOOP ( 'NONE', ( #5343, #959, #6443, #398 ) ) ;
#6854 = CARTESIAN_POINT ( 'NONE',  ( 140.5179501755297622, -5.895054929094999174, -18.47253247689240752 ) ) ;
#6855 = EDGE_CURVE ( 'NONE', #3343, #484, #6603, .T. ) ;
#6856 = CIRCLE ( 'NONE', #137, 1.500000000000000000 ) ;
#6857 = FACE_BOUND ( 'NONE', #5063, .T. ) ;
#6858 = CARTESIAN_POINT ( 'NONE',  ( 109.6174781541735967, 0.9881174495463059815, -7.059999482218141248E-05 ) ) ;
#6859 = CIRCLE ( 'NONE', #5385, 0.9999999999999997780 ) ;
#6860 =( BOUNDED_SURFACE ( )  B_SPLINE_SURFACE ( 3, 2, ( 
 ( #708, #4545, #2520 ),
 ( #8189, #3229, #5803 ),
 ( #5166, #5669, #666 ),
 ( #38, #3106, #6391 ),
 ( #7561, #7734, #3738 ),
 ( #2433, #4992, #2477 ),
 ( #1975, #7023, #6300 ),
 ( #4502, #5033, #3865 ),
 ( #7101, #1798, #1300 ),
 ( #7605, #1839, #536 ),
 ( #1885, #5712, #1339 ),
 ( #4415, #4460, #6979 ),
 ( #8273, #3909, #3821 ),
 ( #1213, #6431, #6478 ),
 ( #5075, #3783, #3188 ),
 ( #2559, #8315, #5122 ),
 ( #6349, #7693, #1932 ),
 ( #7059, #4033, #202 ) ),
 .UNSPECIFIED., .F., .F., .F. ) 
 B_SPLINE_SURFACE_WITH_KNOTS ( ( 4, 2, 2, 2, 2, 2, 2, 2, 4 ),
 ( 3, 3 ),
 ( 0.000000000000000000, 0.005188432083047240725, 0.006485540103809050473, 0.007782648124570849812, 0.01037686416609446063, 0.01297108020761810095, 0.01426818822837989942, 0.01556529624914169962, 0.02075372833218894902 ),
 ( 0.000000000000000000, 1.000000000000000000 ),
 .UNSPECIFIED. ) 
 GEOMETRIC_REPRESENTATION_ITEM ( )  RATIONAL_B_SPLINE_SURFACE ( (
 ( 1.000000000000000000, 0.9838801513219880279, 1.000000000000000000),
 ( 1.000000000000000000, 0.9835037302489980648, 1.000000000000000000),
 ( 1.000000000000000000, 0.9834451255927350033, 1.000000000000000000),
 ( 1.000000000000000000, 0.9838051515149749404, 1.000000000000000000),
 ( 1.000000000000000000, 0.9838988276936280197, 1.000000000000000000),
 ( 1.000000000000000000, 0.9841304155931669406, 1.000000000000000000),
 ( 1.000000000000000000, 0.9842686028593570224, 1.000000000000000000),
 ( 1.000000000000000000, 0.9847427542200349881, 1.000000000000000000),
 ( 1.000000000000000000, 0.9851398184354229759, 1.000000000000000000),
 ( 1.000000000000000000, 0.9860790780435330083, 1.000000000000000000),
 ( 1.000000000000000000, 0.9866213613249249503, 1.000000000000000000),
 ( 1.000000000000000000, 0.9875283756926550582, 1.000000000000000000),
 ( 1.000000000000000000, 0.9878474383869499942, 1.000000000000000000),
 ( 1.000000000000000000, 0.9885071864205370318, 1.000000000000000000),
 ( 1.000000000000000000, 0.9888473862900699629, 1.000000000000000000),
 ( 1.000000000000000000, 0.9905877065728470043, 1.000000000000000000),
 ( 1.000000000000000000, 0.9921076109466919757, 1.000000000000000000),
 ( 1.000000000000000000, 0.9935817251825049823, 1.000000000000000000) ) ) 
 REPRESENTATION_ITEM ( '' )  SURFACE ( )  );
#6861 = CARTESIAN_POINT ( 'NONE',  ( 110.4122799511639954, 0.04109086834887414053, -6.139438390586319905 ) ) ;
#6862 = DATE_AND_TIME ( #4295, #1571 ) ;
#6863 = AXIS2_PLACEMENT_3D ( 'NONE', #3891, #6459, #61 ) ;
#6864 = CIRCLE ( 'NONE', #7946, 0.9999999999999991118 ) ;
#6865 = ORIENTED_EDGE ( 'NONE', *, *, #3655, .T. ) ;
#6866 = CARTESIAN_POINT ( 'NONE',  ( 3.000000000000001332, 4.336808689942016750E-16, 4.336808689942016750E-16 ) ) ;
#6867 = CARTESIAN_POINT ( 'NONE',  ( 107.3371803686011958, 19.61192392988494859, 6.791673954991950701 ) ) ;
#6868 = DIRECTION ( 'NONE',  ( 0.000000000000000000, 0.000000000000000000, 1.000000000000000000 ) ) ;
#6869 = CIRCLE ( 'NONE', #3242, 1.000000000000000000 ) ;
#6870 = LINE ( 'NONE', #4302, #3248 ) ;
#6871 = LINE ( 'NONE', #6912, #4 ) ;
#6872 = ADVANCED_FACE ( 'NONE', ( #5348 ), #4508, .T. ) ;
#6873 = SECURITY_CLASSIFICATION_LEVEL ( 'unclassified' ) ;
#6874 = DIRECTION ( 'NONE',  ( 0.000000000000000000, 0.000000000000000000, -1.000000000000000000 ) ) ;
#6875 = ORIENTED_EDGE ( 'NONE', *, *, #976, .T. ) ;
#6876 = CARTESIAN_POINT ( 'NONE',  ( 145.4456703769589296, -8.439166206042203910, 20.32499732854718033 ) ) ;
#6877 = CARTESIAN_POINT ( 'NONE',  ( 109.9420691751501380, 0.3314322614120438493, 6.957154530393890646 ) ) ;
#6878 = DIRECTION ( 'NONE',  ( 0.000000000000000000, 0.000000000000000000, -1.000000000000000000 ) ) ;
#6879 = B_SPLINE_CURVE_WITH_KNOTS ( 'NONE', 3,
 ( #7449, #8162, #7492, #4180 ),
 .UNSPECIFIED., .F., .F.,
 ( 4, 4 ),
 ( 0.000000000000000000, 0.0002062957268852284702 ),
 .UNSPECIFIED. ) ;
#6880 = CARTESIAN_POINT ( 'NONE',  ( 109.6174781541735967, 1.000000000000000000, 1.000000000000000000 ) ) ;
#6881 = CARTESIAN_POINT ( 'NONE',  ( 135.9372498735664010, 15.30029012268644983, 9.440386912703059963 ) ) ;
#6882 = ORIENTED_EDGE ( 'NONE', *, *, #5970, .F. ) ;
#6883 = CARTESIAN_POINT ( 'NONE',  ( 138.6348796379878934, 15.55953114915016933, -10.42224385004301368 ) ) ;
#6884 = ORIENTED_EDGE ( 'NONE', *, *, #1521, .F. ) ;
#6885 = CARTESIAN_POINT ( 'NONE',  ( 110.9979396675706056, 0.2561840602252989929, -7.050777294627759595 ) ) ;
#6886 = CARTESIAN_POINT ( 'NONE',  ( 147.8500702623209975, -8.916069417549829623, -15.90085734603779954 ) ) ;
#6887 = CARTESIAN_POINT ( 'NONE',  ( 148.7083515827920053, -8.081274705556749538, 15.15286556612324809 ) ) ;
#6888 = CARTESIAN_POINT ( 'NONE',  ( 116.0775312717414778, 19.72664531794588783, -9.284710293233541023 ) ) ;
#6889 = B_SPLINE_SURFACE_WITH_KNOTS ( 'NONE', 3, 1, ( 
 ( #4438, #2541 ),
 ( #4398, #3257 ),
 ( #3889, #6963 ),
 ( #2002, #4526 ),
 ( #3847, #6329 ) ),
 .UNSPECIFIED., .F., .F., .F.,
 ( 4, 1, 4 ),
 ( 2, 2 ),
 ( 0.000000000000000000, 0.6023521778354850031, 0.9628731215458929960 ),
 ( 0.000000000000000000, 1.000000000000000000 ),
 .UNSPECIFIED. ) ;
#6890 = CARTESIAN_POINT ( 'NONE',  ( 110.1656931626172025, -10.00000000000000000, 0.06030737921409669994 ) ) ;
#6891 = ORIENTED_EDGE ( 'NONE', *, *, #3965, .T. ) ;
#6892 =( NAMED_UNIT ( * ) PLANE_ANGLE_UNIT ( ) SI_UNIT ( $, .RADIAN. ) );
#6893 = VERTEX_POINT ( 'NONE', #7237 ) ;
#6894 = CARTESIAN_POINT ( 'NONE',  ( 110.1834106557184043, 0.04062809819003854878, 6.000602840071009858 ) ) ;
#6895 = ORIENTED_EDGE ( 'NONE', *, *, #5517, .T. ) ;
#6896 = EDGE_CURVE ( 'NONE', #5003, #2604, #6062, .T. ) ;
#6897 = CARTESIAN_POINT ( 'NONE',  ( 66.25000000000000000, -24.29753166064964631, 6.000000000000000000 ) ) ;
#6898 = EDGE_CURVE ( 'NONE', #8018, #4073, #3584, .T. ) ;
#6899 = CARTESIAN_POINT ( 'NONE',  ( 5.499000000000000554, 0.000000000000000000, -10.50099999999999945 ) ) ;
#6900 = CARTESIAN_POINT ( 'NONE',  ( 108.5397919167745755, 0.07265380121866776841, 6.321166507556421621 ) ) ;
#6901 = CARTESIAN_POINT ( 'NONE',  ( 109.9263164358011977, 0.04023204323323825021, -6.049982621335800559 ) ) ;
#6902 = VERTEX_POINT ( 'NONE', #2658 ) ;
#6903 = APPROVAL_ROLE ( '' ) ;
#6904 = ORIENTED_EDGE ( 'NONE', *, *, #5088, .F. ) ;
#6905 = CARTESIAN_POINT ( 'NONE',  ( 107.6305984208141098, 0.2468161964681249987, -6.659741537013860402 ) ) ;
#6906 = CARTESIAN_POINT ( 'NONE',  ( 109.8236730192735990, 1.006450157370809784, 1.000000000000000000 ) ) ;
#6907 =( BOUNDED_SURFACE ( )  B_SPLINE_SURFACE ( 3, 2, ( 
 ( #4389, #7749, #3926 ),
 ( #5684, #7578, #6445 ),
 ( #1812, #5008, #5089 ),
 ( #5183, #3202, #3246 ) ),
 .UNSPECIFIED., .F., .F., .F. ) 
 B_SPLINE_SURFACE_WITH_KNOTS ( ( 4, 4 ),
 ( 3, 3 ),
 ( 0.1147231158758871966, 0.1149107591296505970 ),
 ( 0.000000000000000000, 1.000000000000000000 ),
 .UNSPECIFIED. ) 
 GEOMETRIC_REPRESENTATION_ITEM ( )  RATIONAL_B_SPLINE_SURFACE ( (
 ( 1.000000000000000000, 0.7071067811865480168, 1.000000000000000000),
 ( 1.000000000000000000, 0.7070757326388229513, 1.000000000000000000),
 ( 1.000000000000000000, 0.7070441165777779924, 1.000000000000000000),
 ( 1.000000000000000000, 0.7070119314022930146, 1.000000000000000000) ) ) 
 REPRESENTATION_ITEM ( '' )  SURFACE ( )  );
#6908 = EDGE_CURVE ( 'NONE', #6118, #8037, #6864, .T. ) ;
#6909 = CARTESIAN_POINT ( 'NONE',  ( 0.000000000000000000, 1.000000000000000000, -4.000000000000000000 ) ) ;
#6910 = EDGE_CURVE ( 'NONE', #5757, #7143, #4007, .T. ) ;
#6911 = CARTESIAN_POINT ( 'NONE',  ( 108.6084624952605964, 20.00000000000000000, 6.001108117557629740 ) ) ;
#6912 = CARTESIAN_POINT ( 'NONE',  ( 5.500999999999999446, -7.810249675906650424, 12.00000000000000000 ) ) ;
#6913 = AXIS2_PLACEMENT_3D ( 'NONE', #6591, #2802, #6636 ) ;
#6914 = DATE_AND_TIME ( #4349, #4702 ) ;
#6915 = CARTESIAN_POINT ( 'NONE',  ( 1.836970198721029934E-16, 22.00000000000000000, 1.500000000000000000 ) ) ;
#6916 = ORIENTED_EDGE ( 'NONE', *, *, #6837, .T. ) ;
#6917 = DIRECTION ( 'NONE',  ( 0.000000000000000000, -1.000000000000000000, 0.000000000000000000 ) ) ;
#6918 = CARTESIAN_POINT ( 'NONE',  ( 109.6014030831364749, 0.3291189378500373186, 6.898651190975876091 ) ) ;
#6919 = CARTESIAN_POINT ( 'NONE',  ( 3.000000000000000000, 1.000000000000000000, -1.000000000000000000 ) ) ;
#6920 = CARTESIAN_POINT ( 'NONE',  ( 149.3540966133424206, -8.075699334250399986, -16.27696945535185336 ) ) ;
#6921 = CARTESIAN_POINT ( 'NONE',  ( 133.7080052610991459, 16.92958154970017048, 8.629008228876543285 ) ) ;
#6922 = ORIENTED_EDGE ( 'NONE', *, *, #5918, .T. ) ;
#6923 = CARTESIAN_POINT ( 'NONE',  ( 109.8940590156762624, 19.98824729171762371, -6.091052705662889366 ) ) ;
#6924 = EDGE_LOOP ( 'NONE', ( #118, #6147, #4014, #4329 ) ) ;
#6925 = APPROVAL ( #3670, 'UNSPECIFIED' ) ;
#6926 = CIRCLE ( 'NONE', #8264, 1.000000000000000222 ) ;
#6927 = CARTESIAN_POINT ( 'NONE',  ( 112.1177176580342092, 0.1101367577975862072, 7.196498001269290512 ) ) ;
#6928 = CARTESIAN_POINT ( 'NONE',  ( 148.5401711129020157, 10.86240310537437814, -15.09165288106945013 ) ) ;
#6929 = DIRECTION ( 'NONE',  ( -1.734723475976805122E-15, 1.000000000000000000, 5.933431893716630308E-16 ) ) ;
#6930 = CARTESIAN_POINT ( 'NONE',  ( 132.4008736142546070, 16.74507264862240064, -14.35007933773175992 ) ) ;
#6931 = CARTESIAN_POINT ( 'NONE',  ( 111.0239585243579512, 0.05244969179493536721, -6.513976817648757134 ) ) ;
#6932 = CARTESIAN_POINT ( 'NONE',  ( 113.3042678018427978, 19.03561518842189670, -8.233554659597810854 ) ) ;
#6933 = VERTEX_POINT ( 'NONE', #7197 ) ;
#6934 = ORIENTED_EDGE ( 'NONE', *, *, #2473, .F. ) ;
#6935 = CARTESIAN_POINT ( 'NONE',  ( 85.00000000000000000, 0.000000000000000000, 0.000000000000000000 ) ) ;
#6936 = ORIENTED_EDGE ( 'NONE', *, *, #5741, .T. ) ;
#6937 = DIRECTION ( 'NONE',  ( 0.3479852726768664084, 0.9375000000000036637, 0.000000000000000000 ) ) ;
#6938 = DIRECTION ( 'NONE',  ( -0.3420201433256692680, 0.000000000000000000, -0.9396926207859082059 ) ) ;
#6939 = CC_DESIGN_APPROVAL ( #2245, ( #895 ) ) ;
#6940 = ADVANCED_FACE ( 'NONE', ( #2076 ), #850, .T. ) ;
#6941 = CARTESIAN_POINT ( 'NONE',  ( 109.4006101321698026, 0.2268905509884700245, -6.710990629886859793 ) ) ;
#6942 = CARTESIAN_POINT ( 'NONE',  ( 133.2125777128296136, -2.533310394540575050, -15.72624308482390276 ) ) ;
#6943 = DIRECTION ( 'NONE',  ( 0.9396926207858917746, 0.000000000000000000, 0.3420201433257143431 ) ) ;
#6944 = ORIENTED_EDGE ( 'NONE', *, *, #979, .F. ) ;
#6945 = EDGE_CURVE ( 'NONE', #3637, #738, #6322, .T. ) ;
#6946 = DATE_AND_TIME ( #5131, #7075 ) ;
#6947 = VERTEX_POINT ( 'NONE', #6571 ) ;
#6948 = CARTESIAN_POINT ( 'NONE',  ( 107.1970920472570867, 0.3570201736205768084, -6.766377885827729699 ) ) ;
#6949 = CARTESIAN_POINT ( 'NONE',  ( 146.9526503818007654, -8.047637791034109256, -19.82318590585730078 ) ) ;
#6950 = EDGE_CURVE ( 'NONE', #6387, #3546, #956, .T. ) ;
#6951 = CARTESIAN_POINT ( 'NONE',  ( 123.5903416698211998, 18.10208273456870032, 4.946479841322610760 ) ) ;
#6952 = CARTESIAN_POINT ( 'NONE',  ( 131.2127313850501764, 15.93403339920205042, -14.97444613213779974 ) ) ;
#6953 = DIRECTION ( 'NONE',  ( 0.000000000000000000, 0.000000000000000000, 1.000000000000000000 ) ) ;
#6954 = PLANE ( 'NONE',  #2954 ) ;
#6955 = AXIS2_PLACEMENT_3D ( 'NONE', #2873, #5436, #8002 ) ;
#6956 = PERSON_AND_ORGANIZATION ( #5375, #6038 ) ;
#6957 = CARTESIAN_POINT ( 'NONE',  ( 3.035766082959410049E-15, 2.607230121851484839, -2.738153414567654931 ) ) ;
#6958 = ORIENTED_EDGE ( 'NONE', *, *, #2283, .T. ) ;
#6959 = ADVANCED_FACE ( 'NONE', ( #4643 ), #5643, .T. ) ;
#6961 = VECTOR ( 'NONE', #7778, 1000.000000000000000 ) ;
#6960 = DIRECTION ( 'NONE',  ( 0.000000000000000000, 0.000000000000000000, -1.000000000000000000 ) ) ;
#6962 = ADVANCED_FACE ( 'NONE', ( #5895 ), #6166, .T. ) ;
#6963 = CARTESIAN_POINT ( 'NONE',  ( 131.1917292807525826, -2.143090290290424971, 8.777336443297430790 ) ) ;
#6964 = DIRECTION ( 'NONE',  ( 0.000000000000000000, 1.000000000000000000, 0.000000000000000000 ) ) ;
#6965 = CARTESIAN_POINT ( 'NONE',  ( 0.000000000000000000, 20.00000000000000000, 1.199999999999999956 ) ) ;
#6966 = CARTESIAN_POINT ( 'NONE',  ( 146.1844659870249927, 11.40290675261088005, 13.17006856209495957 ) ) ;
#6967 = ORIENTED_EDGE ( 'NONE', *, *, #4102, .F. ) ;
#6968 = DIRECTION ( 'NONE',  ( -1.000000000000000000, 0.000000000000000000, 0.000000000000000000 ) ) ;
#6969 = VERTEX_POINT ( 'NONE', #1711 ) ;
#6970 = CARTESIAN_POINT ( 'NONE',  ( 109.9263164357670064, 0.04023204323318554931, 6.049982621342369526 ) ) ;
#6971 = LINE ( 'NONE', #4937, #6823 ) ;
#6972 = DIRECTION ( 'NONE',  ( 0.000000000000000000, 1.000000000000000000, 0.000000000000000000 ) ) ;
#6973 = CARTESIAN_POINT ( 'NONE',  ( 111.2250793227069323, 19.97247623183144682, -7.460540837029794758 ) ) ;
#6974 = CARTESIAN_POINT ( 'NONE',  ( 111.8462822384550037, 1.063387004410456083, 0.6719917788520389790 ) ) ;
#6975 = DIRECTION ( 'NONE',  ( 0.000000000000000000, 1.000000000000000000, 0.000000000000000000 ) ) ;
#6976 = ORIENTED_EDGE ( 'NONE', *, *, #6169, .F. ) ;
#6977 = VERTEX_POINT ( 'NONE', #6808 ) ;
#6978 = ADVANCED_FACE ( 'NONE', ( #4239 ), #2036, .F. ) ;
#6979 = CARTESIAN_POINT ( 'NONE',  ( 107.0625117799949919, 0.4006850786440699363, 6.800779082496930528 ) ) ;
#6980 = ORIENTED_EDGE ( 'NONE', *, *, #848, .T. ) ;
#6981 = DIRECTION ( 'NONE',  ( 0.000000000000000000, 1.000000000000000000, 0.000000000000000000 ) ) ;
#6982 = CARTESIAN_POINT ( 'NONE',  ( 3.000000000000000000, 0.6999999999999999556, 14.00000000000000000 ) ) ;
#6983 = CARTESIAN_POINT ( 'NONE',  ( 3.000000000000000000, 6.599999999999999645, 9.501000000000001222 ) ) ;
#6984 = CARTESIAN_POINT ( 'NONE',  ( 110.2080999797560423, 0.3284987457076123940, -7.003702101124477331 ) ) ;
#6985 = CARTESIAN_POINT ( 'NONE',  ( 110.0728454031877988, 0.4140457103421080198, -6.826684312958881229 ) ) ;
#6986 = ORIENTED_EDGE ( 'NONE', *, *, #7350, .T. ) ;
#6987 = SECURITY_CLASSIFICATION_LEVEL ( 'unclassified' ) ;
#6988 = CIRCLE ( 'NONE', #677, 1.500000000000000000 ) ;
#6989 = ADVANCED_FACE ( 'NONE', ( #1795 ), #5619, .T. ) ;
#6990 = EDGE_LOOP ( 'NONE', ( #2187, #2862, #7214, #7495 ) ) ;
#6991 = CIRCLE ( 'NONE', #4039, 0.9999999999999997780 ) ;
#6992 = CARTESIAN_POINT ( 'NONE',  ( 0.000000000000000000, 0.000000000000000000, 6.000000000000000000 ) ) ;
#6993 = AXIS2_PLACEMENT_3D ( 'NONE', #4945, #3339, #7603 ) ;
#6994 = DIRECTION ( 'NONE',  ( -1.000000000000000000, 0.000000000000000000, 0.000000000000000000 ) ) ;
#6995 = DIRECTION ( 'NONE',  ( 0.000000000000000000, -1.000000000000000000, 0.000000000000000000 ) ) ;
#6996 = AXIS2_PLACEMENT_3D ( 'NONE', #2362, #4346, #8004 ) ;
#6997 = CARTESIAN_POINT ( 'NONE',  ( 108.2104340125861199, 0.2006803496967330125, 6.601946198580804115 ) ) ;
#6998 = DIRECTION ( 'NONE',  ( -0.000000000000000000, -0.000000000000000000, -1.000000000000000000 ) ) ;
#6999 = VECTOR ( 'NONE', #7393, 1000.000000000000000 ) ;
#7000 = APPLICATION_PROTOCOL_DEFINITION ( 'international standard', 'config_control_design', 1994, #2968 ) ;
#7001 = CARTESIAN_POINT ( 'NONE',  ( 0.3786408315590474860, 1.992762044695335133, -1.489143067042953961 ) ) ;
#7002 = ORIENTED_EDGE ( 'NONE', *, *, #2940, .F. ) ;
#7003 = EDGE_CURVE ( 'NONE', #3988, #4158, #4172, .T. ) ;
#7004 = CARTESIAN_POINT ( 'NONE',  ( 130.1194723655173959, -1.732177460824285031, 14.56346015388322002 ) ) ;
#7005 = AXIS2_PLACEMENT_3D ( 'NONE', #927, #3658, #6141 ) ;
#7006 = FACE_OUTER_BOUND ( 'NONE', #907, .T. ) ;
#7007 = CARTESIAN_POINT ( 'NONE',  ( 133.9080096067089869, -2.719736377508405134, 15.98767496154214918 ) ) ;
#7008 = CARTESIAN_POINT ( 'NONE',  ( 0.2624986687523495621, 18.29738096459074370, -1.702619035409887349 ) ) ;
#7009 = CARTESIAN_POINT ( 'NONE',  ( 3.000000000000000000, 0.000000000000000000, 7.000000000000000000 ) ) ;
#7010 = EDGE_LOOP ( 'NONE', ( #6205, #7222, #5295, #8001 ) ) ;
#7011 = DIRECTION ( 'NONE',  ( 0.000000000000000000, 0.000000000000000000, 1.000000000000000000 ) ) ;
#7012 = AXIS2_PLACEMENT_3D ( 'NONE', #429, #2363, #8041 ) ;
#7013 = ORIENTED_EDGE ( 'NONE', *, *, #4072, .T. ) ;
#7014 =( BOUNDED_SURFACE ( )  B_SPLINE_SURFACE ( 3, 2, ( 
 ( #2780, #4602, #256 ),
 ( #2823, #4678, #5386 ),
 ( #7786, #6016, #1437 ),
 ( #7115, #4559, #3961 ) ),
 .UNSPECIFIED., .F., .F., .F. ) 
 B_SPLINE_SURFACE_WITH_KNOTS ( ( 4, 4 ),
 ( 3, 3 ),
 ( 0.8283662775698309444, 0.8291187212665609430 ),
 ( 0.000000000000000000, 1.000000000000000000 ),
 .UNSPECIFIED. ) 
 GEOMETRIC_REPRESENTATION_ITEM ( )  RATIONAL_B_SPLINE_SURFACE ( (
 ( 1.000000000000000000, 0.9838809587234489396, 1.000000000000000000),
 ( 1.000000000000000000, 0.9838809587235159970, 1.000000000000000000),
 ( 1.000000000000000000, 0.9838806894920140156, 1.000000000000000000),
 ( 1.000000000000000000, 0.9838801513219820327, 1.000000000000000000) ) ) 
 REPRESENTATION_ITEM ( '' )  SURFACE ( )  );
#7015 = CARTESIAN_POINT ( 'NONE',  ( 107.7819870890703982, 0.1231198657327536167, 6.482542287861219776 ) ) ;
#7016 = DIRECTION ( 'NONE',  ( 0.000000000000000000, 0.000000000000000000, 1.000000000000000000 ) ) ;
#7017 = CARTESIAN_POINT ( 'NONE',  ( 5.499000000000000554, -7.810249675906650424, 8.501000000000001222 ) ) ;
#7018 = CARTESIAN_POINT ( 'NONE',  ( 140.2279390151499854, 14.32471323416439901, -17.29134667100964862 ) ) ;
#7019 = CARTESIAN_POINT ( 'NONE',  ( 109.9893182360002157, 19.49669824789729233, -6.923585852928069606 ) ) ;
#7020 = ORIENTED_EDGE ( 'NONE', *, *, #6661, .F. ) ;
#7021 = EDGE_CURVE ( 'NONE', #1886, #3721, #4760, .T. ) ;
#7022 = ORIENTED_EDGE ( 'NONE', *, *, #370, .F. ) ;
#7023 = CARTESIAN_POINT ( 'NONE',  ( 110.1333125729693450, 0.8474961408458746570, 7.009759572390070304 ) ) ;
#7024 = ORIENTED_EDGE ( 'NONE', *, *, #4428, .T. ) ;
#7025 = CARTESIAN_POINT ( 'NONE',  ( 0.04020039697472096996, 2.510007257485358245, 2.673358911785884917 ) ) ;
#7026 = DIRECTION ( 'NONE',  ( 0.000000000000000000, 0.000000000000000000, -1.000000000000000000 ) ) ;
#7027 = FACE_OUTER_BOUND ( 'NONE', #3479, .T. ) ;
#7028 = DIRECTION ( 'NONE',  ( 1.000000000000000000, 0.000000000000000000, 0.000000000000000000 ) ) ;
#7029 = CARTESIAN_POINT ( 'NONE',  ( 106.6297291183421976, 0.5951444667273950717, -6.915319288375350482 ) ) ;
#7030 = ORIENTED_EDGE ( 'NONE', *, *, #4764, .T. ) ;
#7031 = APPROVAL_ROLE ( '' ) ;
#7032 = AXIS2_PLACEMENT_3D ( 'NONE', #6302, #3152, #538 ) ;
#7033 = ORIENTED_EDGE ( 'NONE', *, *, #2738, .T. ) ;
#7034 = CARTESIAN_POINT ( 'NONE',  ( 106.5509448499574034, 19.24044558879500144, 6.971277641222980215 ) ) ;
#7035 = AXIS2_PLACEMENT_3D ( 'NONE', #194, #1373, #1499 ) ;
#7036 = CARTESIAN_POINT ( 'NONE',  ( 141.5867764680193943, 13.53722577317819997, 11.49664643077919912 ) ) ;
#7037 = CARTESIAN_POINT ( 'NONE',  ( 5.500999999999999446, -7.810249675906650424, 9.501000000000001222 ) ) ;
#7038 = CARTESIAN_POINT ( 'NONE',  ( 1.917418236061868564, 19.60666366023657758, 6.807549902136381448 ) ) ;
#7039 = PERSON_AND_ORGANIZATION_ROLE ( 'creator' ) ;
#7040 = CARTESIAN_POINT ( 'NONE',  ( 134.5000000000000000, 0.6999999999999999556, 14.00000000000000000 ) ) ;
#7041 = VERTEX_POINT ( 'NONE', #1039 ) ;
#7042 = CARTESIAN_POINT ( 'NONE',  ( 2.033353018320480210, 19.84677831103849854, 1.102147792640975954 ) ) ;
#7043 = CYLINDRICAL_SURFACE ( 'NONE', #6249, 1.000000000000000000 ) ;
#7044 = DIRECTION ( 'NONE',  ( -0.3518763988791945296, 0.006724995583397952448, -0.9360223150898772104 ) ) ;
#7045 = CARTESIAN_POINT ( 'NONE',  ( 0.6009994805188100253, 18.22909344509189822, -1.156359832361905982 ) ) ;
#7046 = LINE ( 'NONE', #8260, #1481 ) ;
#7047 = ORIENTED_EDGE ( 'NONE', *, *, #7478, .F. ) ;
#7048 = ADVANCED_FACE ( 'NONE', ( #2383 ), #6848, .F. ) ;
#7049 = CARTESIAN_POINT ( 'NONE',  ( 107.8264114977261983, 0.1183738699775610109, 6.471069865928519960 ) ) ;
#7050 = ORIENTED_EDGE ( 'NONE', *, *, #290, .T. ) ;
#7051 = CARTESIAN_POINT ( 'NONE',  ( 107.5978124678180023, 0.1480340635427772056, 6.535429587649740135 ) ) ;
#7052 = LINE ( 'NONE', #5748, #5165 ) ;
#7053 = DIRECTION ( 'NONE',  ( 0.000000000000000000, 0.000000000000000000, 1.000000000000000000 ) ) ;
#7054 = CARTESIAN_POINT ( 'NONE',  ( 106.5704441135805496, 0.6286968705176803063, 6.931521320598173830 ) ) ;
#7055 = DIRECTION ( 'NONE',  ( 0.000000000000000000, 0.000000000000000000, -1.000000000000000000 ) ) ;
#7056 = CARTESIAN_POINT ( 'NONE',  ( 113.1117111094648635, 0.3011097305735996321, -7.901382682562869242 ) ) ;
#7057 = ORIENTED_EDGE ( 'NONE', *, *, #7320, .T. ) ;
#7058 = ORIENTED_EDGE ( 'NONE', *, *, #1587, .F. ) ;
#7059 = CARTESIAN_POINT ( 'NONE',  ( 112.5362860887421874, 0.1559196707453700259, 7.470311579425660042 ) ) ;
#7060 = VERTEX_POINT ( 'NONE', #4901 ) ;
#7061 = CARTESIAN_POINT ( 'NONE',  ( 0.6269225564560361175, 18.22496186703951437, 1.162100372042370378 ) ) ;
#7062 = CARTESIAN_POINT ( 'NONE',  ( 111.8360806709216035, 19.77107963867598883, 7.235845183518462953 ) ) ;
#7063 = ADVANCED_FACE ( 'NONE', ( #1080 ), #419, .F. ) ;
#7064 = CIRCLE ( 'NONE', #4519, 2.500000000000002220 ) ;
#7065 = ADVANCED_FACE ( 'NONE', ( #2555 ), #2600, .T. ) ;
#7066 = CARTESIAN_POINT ( 'NONE',  ( 110.1636930561696346, 0.2465424503411589863, -6.866436868579397945 ) ) ;
#7067 = CARTESIAN_POINT ( 'NONE',  ( 140.0902099224892083, -4.676188621609299823, -18.31173321228770234 ) ) ;
#7068 = CARTESIAN_POINT ( 'NONE',  ( 73.75000000000000000, -24.29753166064964631, 0.000000000000000000 ) ) ;
#7069 = ORIENTED_EDGE ( 'NONE', *, *, #4086, .T. ) ;
#7070 = ITEM_DEFINED_TRANSFORMATION ( 'NONE', 'NONE', #4155,  #6993 ) ;
#7071 = ORIENTED_EDGE ( 'NONE', *, *, #73, .F. ) ;
#7072 = CARTESIAN_POINT ( 'NONE',  ( 109.9883773892885159, 18.96897736453122363, 7.003897581629940028 ) ) ;
#7073 = CARTESIAN_POINT ( 'NONE',  ( 113.4012474132096031, 18.88825774370570088, 8.278621964629619967 ) ) ;
#7074 = PLANE ( 'NONE',  #4047 ) ;
#7075 = LOCAL_TIME ( 21, 5, 34.00000000000000000, #6310 ) ;
#7076 = CARTESIAN_POINT ( 'NONE',  ( 110.0000000000000000, 19.00000000000000000, -6.000000000000000000 ) ) ;
#7077 = CC_DESIGN_PERSON_AND_ORGANIZATION_ASSIGNMENT ( #5139, #7039, ( #2956 ) ) ;
#7078 = SPHERICAL_SURFACE ( 'NONE', #2816, 1.000000000000000000 ) ;
#7079 = PERSON_AND_ORGANIZATION ( #5375, #6038 ) ;
#7080 = ADVANCED_FACE ( 'NONE', ( #3948, #2640 ), #7642, .F. ) ;
#7081 = DIRECTION ( 'NONE',  ( 0.000000000000000000, 0.000000000000000000, 1.000000000000000000 ) ) ;
#7082 = VERTEX_POINT ( 'NONE', #6514 ) ;
#7083 = SHAPE_REPRESENTATION ( 'BratV1 Dreapta de la Raul', ( #6993 ), #5769 ) ;
#7084 = CARTESIAN_POINT ( 'NONE',  ( 2.222152302202450080, 18.93603329839680072, 0.09595005240477320896 ) ) ;
#7085 = CARTESIAN_POINT ( 'NONE',  ( 144.3848522377738846, 12.24270467286384800, 19.92620676490258447 ) ) ;
#7086 = CARTESIAN_POINT ( 'NONE',  ( 8.000000000000000000, -7.810249675906650424, 6.000000000000000000 ) ) ;
#7087 = CARTESIAN_POINT ( 'NONE',  ( 0.04947040167617185180, 2.638284059478359200, -2.457426081902814641 ) ) ;
#7088 = VERTEX_POINT ( 'NONE', #3350 ) ;
#7089 = DIRECTION ( 'NONE',  ( 0.000000000000000000, 0.000000000000000000, -1.000000000000000000 ) ) ;
#7090 = ORIENTED_EDGE ( 'NONE', *, *, #6763, .F. ) ;
#7091 = CARTESIAN_POINT ( 'NONE',  ( 107.8232118139687969, 0.1186377852087766027, 6.471766822162319244 ) ) ;
#7092 = CIRCLE ( 'NONE', #3464, 1.000000000000000888 ) ;
#7093 = EDGE_CURVE ( 'NONE', #1179, #4351, #7898, .T. ) ;
#7094 = CYLINDRICAL_SURFACE ( 'NONE', #1116, 1.000000000000000888 ) ;
#7095 = CARTESIAN_POINT ( 'NONE',  ( 106.3536841794166037, 0.9214594753940084093, 6.999798746510045966 ) ) ;
#7096 = CARTESIAN_POINT ( 'NONE',  ( 5.499000000000000554, 6.599999999999999645, 9.501000000000001222 ) ) ;
#7097 = CARTESIAN_POINT ( 'NONE',  ( 146.9526503818007654, -8.047637791034109256, 19.82318590585735052 ) ) ;
#7098 = CIRCLE ( 'NONE', #3474, 1.000000000000000888 ) ;
#7099 = VERTEX_POINT ( 'NONE', #784 ) ;
#7100 = ORIENTED_EDGE ( 'NONE', *, *, #5560, .F. ) ;
#7101 = CARTESIAN_POINT ( 'NONE',  ( 113.4421420117830053, 0.5044442161830349214, 8.186005388405909855 ) ) ;
#7102 = VERTEX_POINT ( 'NONE', #7770 ) ;
#7103 = PLANE ( 'NONE',  #4870 ) ;
#7104 = DIRECTION ( 'NONE',  ( -1.000000000000000000, 0.000000000000000000, 0.000000000000000000 ) ) ;
#7105 = EDGE_CURVE ( 'NONE', #7327, #3572, #1059, .T. ) ;
#7106 = CARTESIAN_POINT ( 'NONE',  ( 63.87500000000000000, -30.69597054535374880, 6.000000000000000000 ) ) ;
#7107 = CARTESIAN_POINT ( 'NONE',  ( 148.7083515827920053, -8.081274705556749538, -15.15286556612324809 ) ) ;
#7108 = CARTESIAN_POINT ( 'NONE',  ( 116.2719649250585974, 0.7890006794690690439, -9.357803223435269047 ) ) ;
#7109 = FACE_OUTER_BOUND ( 'NONE', #7224, .T. ) ;
#7110 = ORIENTED_EDGE ( 'NONE', *, *, #7240, .T. ) ;
#7111 = AXIS2_PLACEMENT_3D ( 'NONE', #2637, #3945, #4538 ) ;
#7112 = APPROVAL_ROLE ( '' ) ;
#7113 = PRODUCT_DEFINITION_FORMATION_WITH_SPECIFIED_SOURCE ( 'ANY', '', #7352, .NOT_KNOWN. ) ;
#7114 = ORIENTED_EDGE ( 'NONE', *, *, #3936, .F. ) ;
#7115 = CARTESIAN_POINT ( 'NONE',  ( 106.3647230434517894, 0.9973943710621521186, -6.999996605343170586 ) ) ;
#7116 = DIRECTION ( 'NONE',  ( 0.000000000000000000, 1.000000000000000000, 0.000000000000000000 ) ) ;
#7117 = DIRECTION ( 'NONE',  ( 0.000000000000000000, -1.000000000000000000, 0.000000000000000000 ) ) ;
#7118 = LOCAL_TIME ( 21, 5, 34.00000000000000000, #6452 ) ;
#7119 = CARTESIAN_POINT ( 'NONE',  ( 110.9875377309944469, 0.2836965241759490941, 7.096185919478030790 ) ) ;
#7120 = CARTESIAN_POINT ( 'NONE',  ( 149.4580134698330198, 10.15820703061711860, -15.42572017876990031 ) ) ;
#7121 = PERSON_AND_ORGANIZATION ( #5375, #6038 ) ;
#7122 = CARTESIAN_POINT ( 'NONE',  ( 0.8904653425075180762, 0.8286349231175567098, -0.8286349231175567098 ) ) ;
#7123 = VERTEX_POINT ( 'NONE', #2721 ) ;
#7124 = CIRCLE ( 'NONE', #2554, 0.9999999999999991118 ) ;
#7125 = CARTESIAN_POINT ( 'NONE',  ( 0.05345479281059682675, 17.66213252601815853, 2.337867473981267707 ) ) ;
#7126 = CARTESIAN_POINT ( 'NONE',  ( 133.1841186882512318, 16.53735983485400141, 14.64449067940329918 ) ) ;
#7127 = AXIS2_PLACEMENT_3D ( 'NONE', #1505, #6084, #5289 ) ;
#7128 = CARTESIAN_POINT ( 'NONE',  ( 135.9880804565737833, -3.301630399261465065, 16.76963050711454883 ) ) ;
#7129 = EDGE_CURVE ( 'NONE', #6479, #4650, #7124, .T. ) ;
#7130 = CARTESIAN_POINT ( 'NONE',  ( 113.4025997963403825, 0.9817572793326470038, 8.279130362451248004 ) ) ;
#7131 = CARTESIAN_POINT ( 'NONE',  ( 0.03590615326675158231, 2.691271372824127095, -2.536846310912325375 ) ) ;
#7132 =( BOUNDED_SURFACE ( )  B_SPLINE_SURFACE ( 3, 2, ( 
 ( #6707, #4654, #307 ),
 ( #2878, #6668, #270 ),
 ( #5403, #3426, #7332 ),
 ( #7208, #1451, #2796 ),
 ( #5359, #2209, #7969 ),
 ( #7928, #4733, #1538 ),
 ( #7410, #4919, #1658 ),
 ( #1020, #3668, #2404 ),
 ( #1145, #345, #4847 ),
 ( #4882, #3542, #982 ),
 ( #7447, #1815, #3622 ),
 ( #1690, #4392, #2992 ),
 ( #5555, #7580, #5518 ),
 ( #7537, #2914, #1773 ) ),
 .UNSPECIFIED., .F., .F., .F. ) 
 B_SPLINE_SURFACE_WITH_KNOTS ( ( 4, 2, 2, 2, 2, 2, 4 ),
 ( 3, 3 ),
 ( -5.237670905361099962E-05, 0.003840509713920664970, 0.005786952925407809999, 0.007733396136894940716, 0.01162628255986922036, 0.01357272577135635976, 0.01551916898284349915 ),
 ( 0.000000000000000000, 1.000000000000000000 ),
 .UNSPECIFIED. ) 
 GEOMETRIC_REPRESENTATION_ITEM ( )  RATIONAL_B_SPLINE_SURFACE ( (
 ( 1.000000000000000000, 1.000000000000000000, 1.000000000000000000),
 ( 1.000000000000000000, 0.9999998246536160318, 1.000000000000000000),
 ( 1.000000000000000000, 0.9998569221498210258, 1.000000000000000000),
 ( 1.000000000000000000, 0.9994422691177919926, 1.000000000000000000),
 ( 1.000000000000000000, 0.9992706087085729827, 1.000000000000000000),
 ( 1.000000000000000000, 0.9988616697575429804, 1.000000000000000000),
 ( 1.000000000000000000, 0.9986230020514319516, 1.000000000000000000),
 ( 1.000000000000000000, 0.9978202687362600631, 1.000000000000000000),
 ( 1.000000000000000000, 0.9971741073035740310, 1.000000000000000000),
 ( 1.000000000000000000, 0.9960704989954159982, 1.000000000000000000),
 ( 1.000000000000000000, 0.9956801688505679815, 1.000000000000000000),
 ( 1.000000000000000000, 0.9948596648067180581, 1.000000000000000000),
 ( 1.000000000000000000, 0.9944280681868860050, 1.000000000000000000),
 ( 1.000000000000000000, 0.9939865686229439889, 1.000000000000000000) ) ) 
 REPRESENTATION_ITEM ( '' )  SURFACE ( )  );
#7133 = EDGE_LOOP ( 'NONE', ( #5083, #1268 ) ) ;
#7134 = DIRECTION ( 'NONE',  ( -1.000000000000000000, 0.000000000000000000, 0.000000000000000000 ) ) ;
#7135 = ORIENTED_EDGE ( 'NONE', *, *, #1961, .F. ) ;
#7136 = DIRECTION ( 'NONE',  ( 1.000000000000000000, 0.000000000000000000, 0.000000000000000000 ) ) ;
#7137 = AXIS2_PLACEMENT_3D ( 'NONE', #1525, #7117, #4049 ) ;
#7138 = CARTESIAN_POINT ( 'NONE',  ( 5.500999999999999446, -7.810249675906650424, 12.00000000000000000 ) ) ;
#7139 = DIRECTION ( 'NONE',  ( 0.000000000000000000, 0.000000000000000000, 1.000000000000000000 ) ) ;
#7140 = CARTESIAN_POINT ( 'NONE',  ( 109.9822896739099747, 19.46232986257929909, -6.942035002791725695 ) ) ;
#7141 = EDGE_LOOP ( 'NONE', ( #463, #5579, #5995 ) ) ;
#7142 = VECTOR ( 'NONE', #7567, 1000.000000000000000 ) ;
#7143 = VERTEX_POINT ( 'NONE', #1548 ) ;
#7144 = CARTESIAN_POINT ( 'NONE',  ( 109.6360897656749813, 19.99999999999310063, 1.000000083918126004 ) ) ;
#7145 = ORIENTED_EDGE ( 'NONE', *, *, #1343, .F. ) ;
#7146 = DIRECTION ( 'NONE',  ( 0.000000000000000000, 1.000000000000000000, 0.000000000000000000 ) ) ;
#7147 = AXIS2_PLACEMENT_3D ( 'NONE', #1378, #6549, #7053 ) ;
#7148 = CARTESIAN_POINT ( 'NONE',  ( 110.1929953962745969, 19.98747038457119984, 6.004091400336649897 ) ) ;
#7149 = CIRCLE ( 'NONE', #5809, 1.000000000000000000 ) ;
#7150 = CARTESIAN_POINT ( 'NONE',  ( 148.5401711128814100, 10.86240310537143827, 15.09165288113795178 ) ) ;
#7151 = FACE_OUTER_BOUND ( 'NONE', #918, .T. ) ;
#7152 = DIRECTION ( 'NONE',  ( 0.000000000000000000, 1.000000000000000000, 0.000000000000000000 ) ) ;
#7153 = CARTESIAN_POINT ( 'NONE',  ( 113.1401690068411341, 19.18268274973412346, -8.137604511587449352 ) ) ;
#7154 = VERTEX_POINT ( 'NONE', #7381 ) ;
#7155 = EDGE_CURVE ( 'NONE', #3282, #8263, #3437, .T. ) ;
#7156 = ADVANCED_FACE ( 'NONE', ( #7900 ), #7933, .F. ) ;
#7157 = CARTESIAN_POINT ( 'NONE',  ( 109.6174781541735967, 1.000000000000000000, 1.000000000000000000 ) ) ;
#7158 = CARTESIAN_POINT ( 'NONE',  ( 118.1162129850910105, -0.2478815997139295346, -4.018237714018424889 ) ) ;
#7159 = DIRECTION ( 'NONE',  ( -0.9360434818771672383, 0.000000000000000000, -0.3518843560536181192 ) ) ;
#7160 = CARTESIAN_POINT ( 'NONE',  ( 5.499000000000000554, -7.810249675906650424, 9.501000000000001222 ) ) ;
#7161 = AXIS2_PLACEMENT_3D ( 'NONE', #3291, #5311, #1485 ) ;
#7162 = DIRECTION ( 'NONE',  ( 0.000000000000000000, 1.000000000000000000, 0.000000000000000000 ) ) ;
#7163 = APPROVAL_STATUS ( 'not_yet_approved' ) ;
#7164 = CARTESIAN_POINT ( 'NONE',  ( 107.7976269828425870, 1.000000000000000000, 6.000000000000000000 ) ) ;
#7165 = ORIENTED_EDGE ( 'NONE', *, *, #5421, .T. ) ;
#7166 = VECTOR ( 'NONE', #4922, 1000.000000000000000 ) ;
#7167 = CARTESIAN_POINT ( 'NONE',  ( 110.1929953962747959, 19.98747038457119984, 6.004091400336680096 ) ) ;
#7168 = EDGE_CURVE ( 'NONE', #2713, #7891, #1507, .T. ) ;
#7169 = CARTESIAN_POINT ( 'NONE',  ( 143.0187002541831589, -6.892117024435204797, 18.34899603528369028 ) ) ;
#7170 = CARTESIAN_POINT ( 'NONE',  ( 147.1602045690578677, -7.977415232487309993, 13.52520836235192192 ) ) ;
#7171 = FACE_OUTER_BOUND ( 'NONE', #3809, .T. ) ;
#7172 = DIRECTION ( 'NONE',  ( -1.000000000000000000, 0.000000000000000000, -4.954937092193129892E-16 ) ) ;
#7173 = EDGE_LOOP ( 'NONE', ( #6465, #2338 ) ) ;
#7174 = CARTESIAN_POINT ( 'NONE',  ( 0.000000000000000000, 19.75000000000000000, 0.000000000000000000 ) ) ;
#7175 = ORIENTED_EDGE ( 'NONE', *, *, #4428, .F. ) ;
#7176 = DIRECTION ( 'NONE',  ( 0.000000000000000000, 0.000000000000000000, 1.000000000000000000 ) ) ;
#7177 = CARTESIAN_POINT ( 'NONE',  ( 109.8236730192891883, 1.006450157371265863, -0.9999999999991679989 ) ) ;
#7178 = CARTESIAN_POINT ( 'NONE',  ( 147.8886938636780144, 9.539544568843190575, 20.17507026191105268 ) ) ;
#7179 = DIRECTION ( 'NONE',  ( 0.000000000000000000, 1.000000000000000000, 0.000000000000000000 ) ) ;
#7180 = CARTESIAN_POINT ( 'NONE',  ( 112.8270300555417691, 0.2129984224708146301, -7.683504928058366268 ) ) ;
#7181 = EDGE_LOOP ( 'NONE', ( #4923, #2223, #6934, #5993, #5118, #4641 ) ) ;
#7182 = CC_DESIGN_DATE_AND_TIME_ASSIGNMENT ( #6790, #5644, ( #4824 ) ) ;
#7183 = ORIENTED_EDGE ( 'NONE', *, *, #1093, .F. ) ;
#7184 = DIRECTION ( 'NONE',  ( 0.000000000000000000, -1.000000000000000000, 0.000000000000000000 ) ) ;
#7185 = ORIENTED_EDGE ( 'NONE', *, *, #4168, .T. ) ;
#7186 = CARTESIAN_POINT ( 'NONE',  ( 3.000000000000000000, 0.000000000000000000, 1.000000000000000000 ) ) ;
#7187 = B_SPLINE_CURVE_WITH_KNOTS ( 'NONE', 3,
 ( #2315, #6740, #459, #6900, #421, #4874, #6104, #2983 ),
 .UNSPECIFIED., .F., .F.,
 ( 4, 2, 2, 4 ),
 ( 0.000000000000000000, 0.2499999999999999445, 0.4999999999999998890, 1.000000000000000000 ),
 .UNSPECIFIED. ) ;
#7188 = CARTESIAN_POINT ( 'NONE',  ( 110.0000000000000000, 19.00000000000000000, 1.000000000000000000 ) ) ;
#7189 = DIRECTION ( 'NONE',  ( -1.000000000000000000, 0.000000000000000000, 0.000000000000000000 ) ) ;
#7190 = DIRECTION ( 'NONE',  ( 0.03262965486915155033, -0.9993969486382092704, 0.01187622312675241064 ) ) ;
#7191 = CARTESIAN_POINT ( 'NONE',  ( 110.2515391048370645, 0.6365772239941961397, -7.003697298597094445 ) ) ;
#7192 = ORIENTED_EDGE ( 'NONE', *, *, #693, .F. ) ;
#7193 = CIRCLE ( 'NONE', #1007, 0.2500000000000000000 ) ;
#7194 = CARTESIAN_POINT ( 'NONE',  ( 109.6360297657336673, 20.00000000000000000, -0.9999999965867703011 ) ) ;
#7195 = CARTESIAN_POINT ( 'NONE',  ( 116.4588654762987971, -0.1067529409697381970, -3.415012552982729765 ) ) ;
#7196 = EDGE_CURVE ( 'NONE', #5207, #1475, #6590, .T. ) ;
#7197 = CARTESIAN_POINT ( 'NONE',  ( 132.0000000000000000, 0.6999999999999999556, 11.50000000000000000 ) ) ;
#7198 = CARTESIAN_POINT ( 'NONE',  ( -1.129377263005063112E-18, 17.12191221744493319, -2.918725188370046908 ) ) ;
#7199 = DIRECTION ( 'NONE',  ( -1.000000000000000000, 0.000000000000000000, 0.000000000000000000 ) ) ;
#7200 = APPROVAL_DATE_TIME ( #5942, #2344 ) ;
#7201 = CARTESIAN_POINT ( 'NONE',  ( 3.000000000000000000, 0.000000000000000000, 0.000000000000000000 ) ) ;
#7202 = ORIENTED_EDGE ( 'NONE', *, *, #4257, .F. ) ;
#7203 = EDGE_CURVE ( 'NONE', #8132, #6745, #318, .T. ) ;
#7204 = CARTESIAN_POINT ( 'NONE',  ( 1.993848566583860560, 19.84648367744294362, 0.1535163225570043422 ) ) ;
#7205 = CARTESIAN_POINT ( 'NONE',  ( 110.1834106557184043, 0.04062809819003854878, -6.000602840071009858 ) ) ;
#7206 = CC_DESIGN_SECURITY_CLASSIFICATION ( #350, ( #8321 ) ) ;
#7207 = CARTESIAN_POINT ( 'NONE',  ( 0.000000000000000000, 17.00000000000000000, -4.000000000000000000 ) ) ;
#7208 = CARTESIAN_POINT ( 'NONE',  ( 109.4638458652471940, 19.97109433230309961, -6.216131546032089616 ) ) ;
#7209 = CARTESIAN_POINT ( 'NONE',  ( 149.2570228453243999, 10.31374609175089851, -15.35256557408235167 ) ) ;
#7210 = CARTESIAN_POINT ( 'NONE',  ( 552.2572832678160921, 902.0560692359273389, 1296.660769518145571 ) ) ;
#7211 = VERTEX_POINT ( 'NONE', #2888 ) ;
#7212 = EDGE_CURVE ( 'NONE', #6454, #5222, #1277, .T. ) ;
#7213 = CYLINDRICAL_SURFACE ( 'NONE', #7035, 0.9999999999999991118 ) ;
#7214 = ORIENTED_EDGE ( 'NONE', *, *, #7461, .F. ) ;
#7215 = EDGE_CURVE ( 'NONE', #7559, #25, #946, .T. ) ;
#7216 = FACE_OUTER_BOUND ( 'NONE', #757, .T. ) ;
#7217 = CARTESIAN_POINT ( 'NONE',  ( 107.3370611072320600, 0.3137696783169148795, 6.731271241095258873 ) ) ;
#7218 = CARTESIAN_POINT ( 'NONE',  ( 149.6443950646691974, 9.501908822039631275, 15.50474992217699999 ) ) ;
#7219 = DIRECTION ( 'NONE',  ( 1.000000000000000000, 0.000000000000000000, 0.000000000000000000 ) ) ;
#7220 = CARTESIAN_POINT ( 'NONE',  ( 108.9873213387625128, 0.05666888961765181171, -6.232096212838255767 ) ) ;
#7221 = ORIENTED_EDGE ( 'NONE', *, *, #6272, .T. ) ;
#7222 = ORIENTED_EDGE ( 'NONE', *, *, #3360, .T. ) ;
#7223 = CARTESIAN_POINT ( 'NONE',  ( 135.5374198642203964, 15.89253728451386927, 15.52896817711952515 ) ) ;
#7224 = EDGE_LOOP ( 'NONE', ( #6633, #5746, #5919, #1989 ) ) ;
#7225 = B_SPLINE_CURVE_WITH_KNOTS ( 'NONE', 3,
 ( #6523, #3361, #5927, #2265, #1638, #2896, #5971, #328, #1002, #3524, #4787, #2858, #5339, #881 ),
 .UNSPECIFIED., .F., .F.,
 ( 4, 2, 2, 2, 2, 2, 4 ),
 ( 0.000000000000000000, 0.2499999999999999722, 0.4999999999999997780, 0.6249999999999982236, 0.7499999999999997780, 0.8749999999999982236, 1.000000000000000000 ),
 .UNSPECIFIED. ) ;
#7226 = CARTESIAN_POINT ( 'NONE',  ( 109.6174781541735967, 1.000000000000000000, -1.000000000000000000 ) ) ;
#7227 = CARTESIAN_POINT ( 'NONE',  ( 110.1282925437576949, 19.94117270582113122, 6.331385666582252547 ) ) ;
#7228 = CIRCLE ( 'NONE', #6428, 0.4499999999999869660 ) ;
#7229 = CARTESIAN_POINT ( 'NONE',  ( 149.7093515827920100, 6.599999999999999645, 7.000000000000079936 ) ) ;
#7230 = CARTESIAN_POINT ( 'NONE',  ( 113.4025997963563839, 18.88652285270470088, 8.279130362457289394 ) ) ;
#7231 = EDGE_CURVE ( 'NONE', #3758, #5414, #912, .T. ) ;
#7232 = CARTESIAN_POINT ( 'NONE',  ( 5.499000000000000554, 13.40000000000000036, 9.501000000000001222 ) ) ;
#7233 = CARTESIAN_POINT ( 'NONE',  ( 110.1980752859906403, 0.7536284943963439398, -7.018026591971891825 ) ) ;
#7234 = ORIENTED_EDGE ( 'NONE', *, *, #4385, .F. ) ;
#7235 = CARTESIAN_POINT ( 'NONE',  ( 115.9656533722990019, 0.8229555721771009136, -9.242652329719879489 ) ) ;
#7236 = CARTESIAN_POINT ( 'NONE',  ( 106.3649126752824117, 18.88652285270550024, -27.00000000000000000 ) ) ;
#7237 = CARTESIAN_POINT ( 'NONE',  ( 134.5000000000000000, 7.299999999999999822, 14.00000000000000000 ) ) ;
#7238 = CARTESIAN_POINT ( 'NONE',  ( 0.8692502088456134368, 19.11189089596490120, -1.592072818212614704 ) ) ;
#7239 = CYLINDRICAL_SURFACE ( 'NONE', #1055, 2.500000000000000444 ) ;
#7240 = EDGE_CURVE ( 'NONE', #3736, #4677, #7656, .T. ) ;
#7241 =( GEOMETRIC_REPRESENTATION_CONTEXT ( 3 ) GLOBAL_UNCERTAINTY_ASSIGNED_CONTEXT ( ( #6766 ) ) GLOBAL_UNIT_ASSIGNED_CONTEXT ( ( #4904, #330, #1084 ) ) REPRESENTATION_CONTEXT ( 'NONE', 'WORKASPACE' ) );
#7242 = COORDINATED_UNIVERSAL_TIME_OFFSET ( 2, 0, .AHEAD. ) ;
#7243 = CARTESIAN_POINT ( 'NONE',  ( 3.000000000000000000, 1.000000000000000000, -4.336808689942014778E-16 ) ) ;
#7244 = VERTEX_POINT ( 'NONE', #4700 ) ;
#7245 = CARTESIAN_POINT ( 'NONE',  ( 5.499000000000000554, -7.810249675906650424, 12.00000000000000000 ) ) ;
#7246 = DIRECTION ( 'NONE',  ( 0.000000000000000000, 0.000000000000000000, -1.000000000000000000 ) ) ;
#7247 = CARTESIAN_POINT ( 'NONE',  ( 116.4295889587818067, 19.72586848769944723, 8.347895768701148356 ) ) ;
#7248 = CARTESIAN_POINT ( 'NONE',  ( 138.0340769685473390, -4.236194617663796791, 10.20356956167220552 ) ) ;
#7249 = CARTESIAN_POINT ( 'NONE',  ( 3.000000000000001332, 19.99999999999999645, -4.336808689942016750E-16 ) ) ;
#7250 = DIRECTION ( 'NONE',  ( 0.000000000000000000, 1.000000000000000000, 0.000000000000000000 ) ) ;
#7251 = APPLICATION_PROTOCOL_DEFINITION ( 'international standard', 'config_control_design', 1994, #3999 ) ;
#7252 = ORIENTED_EDGE ( 'NONE', *, *, #651, .T. ) ;
#7253 = CARTESIAN_POINT ( 'NONE',  ( 132.0000000000000000, 7.299999999999999822, 14.00000000000000000 ) ) ;
#7254 = ORIENTED_EDGE ( 'NONE', *, *, #3877, .F. ) ;
#7255 = EDGE_CURVE ( 'NONE', #534, #7713, #2217, .T. ) ;
#7256 = VECTOR ( 'NONE', #5187, 1000.000000000000000 ) ;
#7257 = ADVANCED_FACE ( 'NONE', ( #8014, #7342 ), #831, .T. ) ;
#7258 = CARTESIAN_POINT ( 'NONE',  ( 149.7093515827920100, 13.40000000000000036, -7.000000000000079936 ) ) ;
#7259 = CIRCLE ( 'NONE', #3621, 1.000000000000001332 ) ;
#7260 = DIRECTION ( 'NONE',  ( 1.734723475976805122E-15, -1.000000000000000000, 5.933431893716630308E-16 ) ) ;
#7261 = CARTESIAN_POINT ( 'NONE',  ( 112.2649156982518690, 0.1914240693115726588, 7.413252736497001116 ) ) ;
#7262 = CARTESIAN_POINT ( 'NONE',  ( 3.000000000000000000, 0.000000000000000000, -7.000000000000000000 ) ) ;
#7263 = ORIENTED_EDGE ( 'NONE', *, *, #6222, .F. ) ;
#7264 = DIRECTION ( 'NONE',  ( 0.000000000000000000, 1.000000000000000000, 0.000000000000000000 ) ) ;
#7265 = AXIS2_PLACEMENT_3D ( 'NONE', #4517, #7708, #4474 ) ;
#7266 = ORIENTED_EDGE ( 'NONE', *, *, #5047, .F. ) ;
#7267 = CARTESIAN_POINT ( 'NONE',  ( 0.8223141166774342592, 0.9363564213552095783, 1.624261445249882696 ) ) ;
#7268 = ORIENTED_EDGE ( 'NONE', *, *, #2027, .T. ) ;
#7269 = CARTESIAN_POINT ( 'NONE',  ( 110.1007955421832634, 19.89411654124169004, 6.461296627063649822 ) ) ;
#7270 = AXIS2_PLACEMENT_3D ( 'NONE', #2688, #3446, #3363 ) ;
#7271 = EDGE_CURVE ( 'NONE', #7041, #4991, #5963, .T. ) ;
#7272 = CARTESIAN_POINT ( 'NONE',  ( 131.9143194328748052, 15.74988910693750022, 15.23819227556334965 ) ) ;
#7273 = CARTESIAN_POINT ( 'NONE',  ( 149.7093515827920100, 6.599999999999999645, -7.000000000000079936 ) ) ;
#7274 = DIRECTION ( 'NONE',  ( 0.000000000000000000, 0.000000000000000000, 1.000000000000000000 ) ) ;
#7275 = ORIENTED_EDGE ( 'NONE', *, *, #5560, .T. ) ;
#7276 = AXIS2_PLACEMENT_3D ( 'NONE', #1416, #3983, #110 ) ;
#7277 = AXIS2_PLACEMENT_3D ( 'NONE', #4863, #1036, #6165 ) ;
#7278 = AXIS2_PLACEMENT_3D ( 'NONE', #6505, #3938, #5237 ) ;
#7279 = LINE ( 'NONE', #5344, #734 ) ;
#7280 = CARTESIAN_POINT ( 'NONE',  ( 123.5478477801121926, 0.1573017852010815121, -4.931013330330289435 ) ) ;
#7281 = CARTESIAN_POINT ( 'NONE',  ( 107.8161785944026008, 20.00000000000000000, -6.000000000000000000 ) ) ;
#7282 = CARTESIAN_POINT ( 'NONE',  ( 2.561112365989265616, 0.7465647895939907519, -6.975949352190205843 ) ) ;
#7283 = CARTESIAN_POINT ( 'NONE',  ( 3.000000000000000000, 19.00000000000000000, 0.000000000000000000 ) ) ;
#7284 = PERSON_AND_ORGANIZATION ( #5375, #6038 ) ;
#7285 = CC_DESIGN_PERSON_AND_ORGANIZATION_ASSIGNMENT ( #1776, #2326, ( #4824 ) ) ;
#7286 = FACE_OUTER_BOUND ( 'NONE', #3778, .T. ) ;
#7287 = ORIENTED_EDGE ( 'NONE', *, *, #4450, .T. ) ;
#7288 = DIRECTION ( 'NONE',  ( 0.03262965486915155033, -0.9993969486382092704, -0.01187622312675241064 ) ) ;
#7289 = B_SPLINE_CURVE_WITH_KNOTS ( 'NONE', 3,
 ( #3194, #1892, #3110, #5762, #544, #7740, #497, #4380, #42, #2441, #8279, #6941, #5674, #8239, #3827, #3989, #2482, #7066, #3067, #7611, #4466, #1844, #6436, #5810, #5719, #4419, #1220, #3788, #2524, #7651, #2818, #3997, #5261, #6564 ),
 .UNSPECIFIED., .F., .F.,
 ( 4, 2, 2, 1, 2, 2, 2, 2, 1, 1, 1, 1, 2, 2, 2, 2, 1, 2, 2, 4 ),
 ( 0.000000000000000000, 0.1249999999997735700, 0.1874999999996603273, 0.2187499999996082301, 0.2343749999995822508, 0.2499999999995562439, 0.3749999999993751110, 0.4374999999992845168, 0.4687499999992392752, 0.4843749999992166821, 0.4921874999992053579, 0.4960937499991996957, 0.4980468749991929789, 0.4999999999991862065, 0.6249999999993727240, 0.6874999999994660937, 0.7187499999995161648, 0.7343749999995412558, 0.7499999999995663469, 1.000000000000000000 ),
 .UNSPECIFIED. ) ;
#7290 = CARTESIAN_POINT ( 'NONE',  ( 125.3630036701897694, -1.609709308855076904, -11.70913723253440608 ) ) ;
#7291 = CARTESIAN_POINT ( 'NONE',  ( 123.0642098621966056, -0.8321133085842449262, 5.819161296507640024 ) ) ;
#7292 = DIRECTION ( 'NONE',  ( 0.000000000000000000, 0.000000000000000000, 1.000000000000000000 ) ) ;
#7293 = CARTESIAN_POINT ( 'NONE',  ( 147.8886938636780144, 9.539544568843190575, -20.17507026191105268 ) ) ;
#7294 = DIRECTION ( 'NONE',  ( 6.245004513516505540E-17, 1.408682550464100535E-18, 1.000000000000000000 ) ) ;
#7295 = CARTESIAN_POINT ( 'NONE',  ( 2.129518763937048309, 19.87943732693580046, -6.493250982671135318 ) ) ;
#7296 = EDGE_LOOP ( 'NONE', ( #8242, #4489, #4285, #3812 ) ) ;
#7297 = AXIS2_PLACEMENT_3D ( 'NONE', #3911, #3823, #5077 ) ;
#7298 = DIRECTION ( 'NONE',  ( 0.3518843560536241144, 2.775557561562908075E-14, 0.9360434818771647958 ) ) ;
#7299 = CARTESIAN_POINT ( 'NONE',  ( 112.1159855112255599, 0.2073255775632746878, 7.379138354845431458 ) ) ;
#7300 = CARTESIAN_POINT ( 'NONE',  ( 110.9979396675588106, 0.2561840602448934856, 7.050777294661719985 ) ) ;
#7301 = B_SPLINE_CURVE_WITH_KNOTS ( 'NONE', 3,
 ( #372, #1603, #6061, #295, #2864, #2351, #4908, #5428, #7993, #7696, #4995, #7566, #8193, #3694, #5126, #8147 ),
 .UNSPECIFIED., .F., .F.,
 ( 4, 2, 2, 2, 2, 2, 2, 4 ),
 ( 0.000000000000000000, 0.2500000000000000000, 0.3749999999999998890, 0.4374999999999999445, 0.5000000000000000000, 0.7499999999999997780, 0.8749999999999992228, 1.000000000000000000 ),
 .UNSPECIFIED. ) ;
#7302 = CARTESIAN_POINT ( 'NONE',  ( 108.1412947474119761, 0.09431410969003711786, -6.403489193146026714 ) ) ;
#7303 = ADVANCED_FACE ( 'NONE', ( #522 ), #2781, .T. ) ;
#7304 = ORIENTED_EDGE ( 'NONE', *, *, #947, .F. ) ;
#7305 = CARTESIAN_POINT ( 'NONE',  ( 113.2712719091833549, 19.92241031507457194, 7.161023038505645921 ) ) ;
#7306 = ORIENTED_EDGE ( 'NONE', *, *, #2746, .T. ) ;
#7307 = CARTESIAN_POINT ( 'NONE',  ( 0.2936149475788499275, 1.686113036875122262, 2.124074664406070845 ) ) ;
#7308 = ORIENTED_EDGE ( 'NONE', *, *, #2787, .T. ) ;
#7309 = DIRECTION ( 'NONE',  ( 1.000000000000000000, 0.000000000000000000, 0.000000000000000000 ) ) ;
#7310 = SPHERICAL_SURFACE ( 'NONE', #215, 1.000000000000000000 ) ;
#7311 = CARTESIAN_POINT ( 'NONE',  ( 141.4878845092291897, -4.308704101398888930, -11.46065270137126113 ) ) ;
#7312 = TOROIDAL_SURFACE ( 'NONE', #4094, 1.250000000000000000, 0.2500000000000000000 ) ;
#7313 = DIRECTION ( 'NONE',  ( -0.000000000000000000, 1.000000000000000000, 0.000000000000000000 ) ) ;
#7314 = DIRECTION ( 'NONE',  ( 0.000000000000000000, -1.000000000000000000, 0.000000000000000000 ) ) ;
#7315 = ORIENTED_EDGE ( 'NONE', *, *, #7601, .F. ) ;
#7316 = AXIS2_PLACEMENT_3D ( 'NONE', #6982, #3109, #8238 ) ;
#7317 = CIRCLE ( 'NONE', #3013, 0.9999999999999961142 ) ;
#7318 = EDGE_CURVE ( 'NONE', #8132, #1630, #5388, .T. ) ;
#7319 = DIRECTION ( 'NONE',  ( 0.000000000000000000, 0.000000000000000000, -1.000000000000000000 ) ) ;
#7320 = EDGE_CURVE ( 'NONE', #4851, #500, #7678, .T. ) ;
#7321 = CARTESIAN_POINT ( 'NONE',  ( 140.8400101496119987, -5.254659816468500111, -12.28902349140128081 ) ) ;
#7322 = CARTESIAN_POINT ( 'NONE',  ( 2.781020684318190384, 5.717472393966525748E-18, -6.126427450783103801 ) ) ;
#7323 = CARTESIAN_POINT ( 'NONE',  ( 0.000000000000000000, 17.00000000000000000, 4.000000000000000000 ) ) ;
#7324 = APPROVAL_STATUS ( 'not_yet_approved' ) ;
#7325 = VECTOR ( 'NONE', #4373, 1000.000000000000114 ) ;
#7326 = CARTESIAN_POINT ( 'NONE',  ( 0.1832449974805742676, 17.68854769453094988, 1.967164050953777554 ) ) ;
#7327 = VERTEX_POINT ( 'NONE', #104 ) ;
#7328 = CARTESIAN_POINT ( 'NONE',  ( 149.6480442035778822, -8.081274705556770854, 15.49488570944896360 ) ) ;
#7329 = CARTESIAN_POINT ( 'NONE',  ( 118.4010714645963986, 18.49267739412164957, 10.15819262642801846 ) ) ;
#7330 = APPROVAL ( #636, 'UNKNOWN' ) ;
#7331 = CARTESIAN_POINT ( 'NONE',  ( 146.4464256596835980, -8.890127078178910125, 19.63893517515699827 ) ) ;
#7332 = CARTESIAN_POINT ( 'NONE',  ( 110.5383983974949871, 19.97644906001154652, -6.264669427660339629 ) ) ;
#7333 = DIRECTION ( 'NONE',  ( 0.000000000000000000, 0.000000000000000000, 1.000000000000000000 ) ) ;
#7334 = EDGE_CURVE ( 'NONE', #2475, #5372, #3175, .T. ) ;
#7335 = DIRECTION ( 'NONE',  ( 0.000000000000000000, 0.000000000000000000, 1.000000000000000000 ) ) ;
#7336 = CARTESIAN_POINT ( 'NONE',  ( 2.782701330030334042, 20.00000000000000000, -6.125457131949974432 ) ) ;
#7337 = ORIENTED_EDGE ( 'NONE', *, *, #2146, .T. ) ;
#7338 = LOCAL_TIME ( 21, 5, 34.00000000000000000, #6268 ) ;
#7339 = FACE_OUTER_BOUND ( 'NONE', #6812, .T. ) ;
#7340 = LINE ( 'NONE', #828, #4378 ) ;
#7341 = CARTESIAN_POINT ( 'NONE',  ( 107.8264114977261983, 0.1183738699775610109, 6.471069865928519960 ) ) ;
#7342 = FACE_OUTER_BOUND ( 'NONE', #8255, .T. ) ;
#7343 = ORIENTED_EDGE ( 'NONE', *, *, #1138, .F. ) ;
#7344 = CARTESIAN_POINT ( 'NONE',  ( 109.8244100512911956, 19.99993095563820233, -1.000268257709610031 ) ) ;
#7345 = EDGE_CURVE ( 'NONE', #4650, #3552, #7046, .T. ) ;
#7346 = EDGE_LOOP ( 'NONE', ( #7542, #3157, #1575, #2612 ) ) ;
#7347 = CARTESIAN_POINT ( 'NONE',  ( 1.163414459189985682E-16, 0.5000000000000109912, 0.9499999999999999556 ) ) ;
#7348 = DESIGN_CONTEXT ( 'detailed design', #2434, 'design' ) ;
#7349 = ORIENTED_EDGE ( 'NONE', *, *, #4272, .T. ) ;
#7350 = EDGE_CURVE ( 'NONE', #4745, #6567, #5910, .T. ) ;
#7351 = CARTESIAN_POINT ( 'NONE',  ( 0.000000000000000000, 0.000000000000000000, 0.000000000000000000 ) ) ;
#7352 = PRODUCT ( 'Rama transversala V1 de la Raul', 'Rama transversala V1 de la Raul', '', ( #5013 ) ) ;
#7353 = CYLINDRICAL_SURFACE ( 'NONE', #3438, 0.9499999999999999556 ) ;
#7354 = CIRCLE ( 'NONE', #6955, 2.498999999999999666 ) ;
#7355 = CARTESIAN_POINT ( 'NONE',  ( 0.000000000000000000, 22.00000000000000000, 0.000000000000000000 ) ) ;
#7356 = EDGE_LOOP ( 'NONE', ( #1255, #3016, #7002, #274, #64, #6298 ) ) ;
#7357 = CARTESIAN_POINT ( 'NONE',  ( 109.3988641137878091, 0.03933087681750104675, 6.004280147944790258 ) ) ;
#7358 = EDGE_CURVE ( 'NONE', #6933, #6325, #6376, .T. ) ;
#7359 = AXIS2_PLACEMENT_3D ( 'NONE', #5244, #781, #3346 ) ;
#7360 = CARTESIAN_POINT ( 'NONE',  ( 140.8676042657253902, -5.898692061496089600, -17.53964609891124837 ) ) ;
#7361 = LINE ( 'NONE', #4291, #7397 ) ;
#7362 = LINE ( 'NONE', #4248, #4729 ) ;
#7363 = CARTESIAN_POINT ( 'NONE',  ( 111.8904180273996047, 0.09217262018437220872, -7.051301507088539644 ) ) ;
#7364 = PERSON_AND_ORGANIZATION ( #5375, #6038 ) ;
#7365 = CARTESIAN_POINT ( 'NONE',  ( 63.87500000000000000, -30.69597054535374880, 6.000000000000000000 ) ) ;
#7366 = ORIENTED_EDGE ( 'NONE', *, *, #5100, .F. ) ;
#7367 = CARTESIAN_POINT ( 'NONE',  ( 2.033353018320509964, 0.1532216889614815003, 1.102147792640975954 ) ) ;
#7368 = CARTESIAN_POINT ( 'NONE',  ( 107.6146512073363937, 19.69096715915839724, 6.723717149492220102 ) ) ;
#7369 = ADVANCED_FACE ( 'NONE', ( #3850 ), #653, .T. ) ;
#7370 = CARTESIAN_POINT ( 'NONE',  ( 5.500999999999999446, -7.810249675906650424, -12.00000000000000000 ) ) ;
#7371 = CARTESIAN_POINT ( 'NONE',  ( 2.222152302202439866, 19.90404994759520108, -1.063966701603181964 ) ) ;
#7372 = DIRECTION ( 'NONE',  ( -1.000000000000000000, 0.000000000000000000, 0.000000000000000000 ) ) ;
#7373 =( LENGTH_UNIT ( ) NAMED_UNIT ( * ) SI_UNIT ( .MILLI., .METRE. ) );
#7374 = CARTESIAN_POINT ( 'NONE',  ( 1.917430067067430022, 19.80755555253296052, -6.606658009840015389 ) ) ;
#7375 = ORIENTED_EDGE ( 'NONE', *, *, #1096, .T. ) ;
#7376 = LOCAL_TIME ( 21, 5, 34.00000000000000000, #3471 ) ;
#7377 = CARTESIAN_POINT ( 'NONE',  ( 109.8236730192914052, 18.99993126322744885, -1.000000000000000000 ) ) ;
#7378 = EDGE_CURVE ( 'NONE', #3745, #7154, #1959, .T. ) ;
#7379 = DIRECTION ( 'NONE',  ( 0.000000000000000000, 1.000000000000000000, 0.000000000000000000 ) ) ;
#7380 = CARTESIAN_POINT ( 'NONE',  ( 148.7083515827920053, 9.501908822039640157, 15.15286556612324809 ) ) ;
#7381 = CARTESIAN_POINT ( 'NONE',  ( 3.000000000000000000, 7.299999999999999822, 6.000000000000000000 ) ) ;
#7382 = ORIENTED_EDGE ( 'NONE', *, *, #6251, .T. ) ;
#7383 = CARTESIAN_POINT ( 'NONE',  ( 123.5904909114800034, 18.10205957990574888, -4.946534160844069383 ) ) ;
#7384 = AXIS2_PLACEMENT_3D ( 'NONE', #1969, #6426, #5069 ) ;
#7385 = ORIENTED_EDGE ( 'NONE', *, *, #8216, .T. ) ;
#7386 = CARTESIAN_POINT ( 'NONE',  ( 107.7976269828425870, 0.2155315424314035166, -6.620168718237189331 ) ) ;
#7387 = DIRECTION ( 'NONE',  ( 4.336808689942017736E-16, 0.000000000000000000, -1.000000000000000000 ) ) ;
#7388 = DIRECTION ( 'NONE',  ( 0.03262965486915155033, -0.9993969486382092704, 0.01187622312675261013 ) ) ;
#7389 = AXIS2_PLACEMENT_3D ( 'NONE', #409, #7558, #2974 ) ;
#7390 = CARTESIAN_POINT ( 'NONE',  ( 5.500999999999999446, 0.000000000000000000, 9.501000000000001222 ) ) ;
#7391 = AXIS2_PLACEMENT_3D ( 'NONE', #8286, #7116, #1355 ) ;
#7392 = AXIS2_PLACEMENT_3D ( 'NONE', #1040, #1003, #6172 ) ;
#7393 = DIRECTION ( 'NONE',  ( 0.000000000000000000, 1.000000000000000000, 0.000000000000000000 ) ) ;
#7394 = EDGE_LOOP ( 'NONE', ( #3557, #1883, #1678 ) ) ;
#7395 = CYLINDRICAL_SURFACE ( 'NONE', #4106, 1.500000000000000000 ) ;
#7396 = DIRECTION ( 'NONE',  ( 0.000000000000000000, -1.000000000000000000, 0.000000000000000000 ) ) ;
#7397 = VECTOR ( 'NONE', #970, 1000.000000000000000 ) ;
#7398 = CARTESIAN_POINT ( 'NONE',  ( 149.2570228453243999, 10.31374609175085943, -15.35256557408235167 ) ) ;
#7399 = CARTESIAN_POINT ( 'NONE',  ( 3.000000000000000000, 0.000000000000000000, -1.000000000000000000 ) ) ;
#7400 = CARTESIAN_POINT ( 'NONE',  ( 107.9230939282108039, 0.1104859877629029985, -6.450047028321940878 ) ) ;
#7401 = ADVANCED_FACE ( 'NONE', ( #819 ), #2248, .T. ) ;
#7402 = CIRCLE ( 'NONE', #2444, 1.000000000000000222 ) ;
#7403 = COORDINATED_UNIVERSAL_TIME_OFFSET ( 2, 0, .AHEAD. ) ;
#7404 = CARTESIAN_POINT ( 'NONE',  ( 109.8535738694962021, 0.006956536058732440062, 1.010883019453814091 ) ) ;
#7405 = ORIENTED_EDGE ( 'NONE', *, *, #5446, .T. ) ;
#7406 = CARTESIAN_POINT ( 'NONE',  ( 1.670546387488949902, 1.202334077313879979, 0.3035011159708014827 ) ) ;
#7407 = VECTOR ( 'NONE', #3034, 1000.000000000000000 ) ;
#7408 = CARTESIAN_POINT ( 'NONE',  ( 106.5509448499574034, 19.24044558879500144, 6.971277641222980215 ) ) ;
#7409 = CARTESIAN_POINT ( 'NONE',  ( 8.000000000000000000, 0.000000000000000000, 6.000000000000000000 ) ) ;
#7410 = CARTESIAN_POINT ( 'NONE',  ( 109.0526039926578079, 19.93996183596519955, -6.333903487711360469 ) ) ;
#7411 = CARTESIAN_POINT ( 'NONE',  ( 113.4998991504694033, 0.6155885605745380351, 8.257982685705329118 ) ) ;
#7412 = APPROVAL_DATE_TIME ( #4394, #6199 ) ;
#7413 = FACE_OUTER_BOUND ( 'NONE', #6924, .T. ) ;
#7414 = ORIENTED_EDGE ( 'NONE', *, *, #2083, .F. ) ;
#7415 = EDGE_CURVE ( 'NONE', #4271, #674, #4692, .T. ) ;
#7416 = DIRECTION ( 'NONE',  ( -1.734723475976804876E-16, -1.000000000000000000, 0.000000000000000000 ) ) ;
#7417 = EDGE_CURVE ( 'NONE', #3314, #2311, #7520, .T. ) ;
#7418 = CARTESIAN_POINT ( 'NONE',  ( 137.0000000000000000, 0.6999999999999999556, 6.000000000000000000 ) ) ;
#7419 = CARTESIAN_POINT ( 'NONE',  ( 143.4796913597269565, 12.89168786911181819, -18.51198519042626955 ) ) ;
#7420 = CARTESIAN_POINT ( 'NONE',  ( 141.5563005192804269, 14.48115687849239919, 12.54973186505529981 ) ) ;
#7421 = VECTOR ( 'NONE', #1952, 1000.000000000000000 ) ;
#7422 = ORIENTED_EDGE ( 'NONE', *, *, #7817, .T. ) ;
#7423 = CARTESIAN_POINT ( 'NONE',  ( 109.6501078090427939, 0.0006030513617909239983, -1.011876223126762175 ) ) ;
#7424 = VERTEX_POINT ( 'NONE', #1539 ) ;
#7425 = CARTESIAN_POINT ( 'NONE',  ( 147.6051613999876224, 10.15820703061711860, 20.51638940225934959 ) ) ;
#7426 = VERTEX_POINT ( 'NONE', #5404 ) ;
#7427 = CARTESIAN_POINT ( 'NONE',  ( 147.1486106866369425, 10.35793492846719666, -20.96517918541705683 ) ) ;
#7428 = AXIS2_PLACEMENT_3D ( 'NONE', #5656, #2547, #5612 ) ;
#7429 = CARTESIAN_POINT ( 'NONE',  ( 113.5249428700754066, 1.048294687665854097, 1.282974282196324145 ) ) ;
#7430 = CC_DESIGN_PERSON_AND_ORGANIZATION_ASSIGNMENT ( #3081, #3756, ( #129 ) ) ;
#7431 = CARTESIAN_POINT ( 'NONE',  ( 109.4098835015879985, 19.99634408621564674, 6.002485625610860076 ) ) ;
#7432 = CARTESIAN_POINT ( 'NONE',  ( 0.6342058179246293781, 0.8053024039620045871, -6.194697596038007070 ) ) ;
#7433 = FACE_OUTER_BOUND ( 'NONE', #3340, .T. ) ;
#7434 = EDGE_LOOP ( 'NONE', ( #1871, #749, #6764, #7626 ) ) ;
#7435 = DIRECTION ( 'NONE',  ( 0.000000000000000000, 1.000000000000000000, 0.000000000000000000 ) ) ;
#7436 = CARTESIAN_POINT ( 'NONE',  ( 144.7702680567589368, -8.023363292442629913, -20.07109511667555068 ) ) ;
#7437 = CARTESIAN_POINT ( 'NONE',  ( 111.8401359761766116, 1.063178774408350069, -0.6697547223306919983 ) ) ;
#7438 = DIRECTION ( 'NONE',  ( 0.000000000000000000, -1.000000000000000000, 0.000000000000000000 ) ) ;
#7439 =( BOUNDED_SURFACE ( )  B_SPLINE_SURFACE ( 3, 2, ( 
 ( #6100, #3568, #5499 ),
 ( #8067, #1086, #2312 ),
 ( #3653, #6219, #6260 ),
 ( #454, #5583, #8145 ) ),
 .UNSPECIFIED., .F., .F., .F. ) 
 B_SPLINE_SURFACE_WITH_KNOTS ( ( 4, 4 ),
 ( 3, 3 ),
 ( 0.05680533708812109811, 0.06179487708665809542 ),
 ( 0.000000000000000000, 1.000000000000000000 ),
 .UNSPECIFIED. ) 
 GEOMETRIC_REPRESENTATION_ITEM ( )  RATIONAL_B_SPLINE_SURFACE ( (
 ( 1.000000000000000000, 0.4802690385462030087, 1.000000000000000000),
 ( 1.000000000000000000, 0.4799444129462689945, 1.000000000000000000),
 ( 1.000000000000000000, 0.4796190268390250200, 1.000000000000000000),
 ( 1.000000000000000000, 0.4792928781289269580, 1.000000000000000000) ) ) 
 REPRESENTATION_ITEM ( '' )  SURFACE ( )  );
#7440 = CARTESIAN_POINT ( 'NONE',  ( 107.8232118139741971, 0.1186377852088381923, -6.471766822162099864 ) ) ;
#7441 = PERSON_AND_ORGANIZATION ( #5375, #6038 ) ;
#7442 = VERTEX_POINT ( 'NONE', #2711 ) ;
#7443 = PLANE ( 'NONE',  #4258 ) ;
#7444 = EDGE_CURVE ( 'NONE', #7984, #3518, #3061, .T. ) ;
#7445 = DIRECTION ( 'NONE',  ( -0.7886192640222903227, 0.5386919478482882218, -0.2964635588674571220 ) ) ;
#7446 = DIRECTION ( 'NONE',  ( 0.000000000000000000, 1.000000000000000000, 0.000000000000000000 ) ) ;
#7447 = CARTESIAN_POINT ( 'NONE',  ( 108.1758737493370006, 19.81657835299944992, -6.577719845080880035 ) ) ;
#7448 = CIRCLE ( 'NONE', #3833, 1.000000000000000888 ) ;
#7449 = CARTESIAN_POINT ( 'NONE',  ( 109.6174781541735967, 1.000000000000000000, 0.000000000000000000 ) ) ;
#7450 = SECURITY_CLASSIFICATION_LEVEL ( 'unclassified' ) ;
#7451 = CARTESIAN_POINT ( 'NONE',  ( 3.000000000000000000, 20.00000000000000000, 1.000000000000000000 ) ) ;
#7452 = EDGE_CURVE ( 'NONE', #550, #5072, #904, .T. ) ;
#7453 = ORIENTED_EDGE ( 'NONE', *, *, #6039, .T. ) ;
#7454 = CIRCLE ( 'NONE', #6794, 20.00000000000000355 ) ;
#7455 = LINE ( 'NONE', #2411, #1596 ) ;
#7456 = CARTESIAN_POINT ( 'NONE',  ( 148.7083515827920053, -8.081274705556770854, -15.15286556612329960 ) ) ;
#7457 = CARTESIAN_POINT ( 'NONE',  ( 5.499000000000000554, 0.000000000000000000, -9.501000000000001222 ) ) ;
#7458 = CARTESIAN_POINT ( 'NONE',  ( 149.0637981458834247, -8.070130742568871085, -17.04918903144019637 ) ) ;
#7459 = CARTESIAN_POINT ( 'NONE',  ( 127.0869548559190605, 18.48064933642188734, 6.219142961789365209 ) ) ;
#7460 = ORIENTED_EDGE ( 'NONE', *, *, #3962, .T. ) ;
#7461 = EDGE_CURVE ( 'NONE', #3187, #2883, #6726, .T. ) ;
#7462 = CARTESIAN_POINT ( 'NONE',  ( 143.5063686077500904, 13.85309566857823071, -12.19532083156296487 ) ) ;
#7463 = ORIENTED_EDGE ( 'NONE', *, *, #4168, .F. ) ;
#7464 = CARTESIAN_POINT ( 'NONE',  ( 119.5001836948446083, 19.79048529598060213, 10.28701408287206043 ) ) ;
#7465 = CARTESIAN_POINT ( 'NONE',  ( 3.000000000000000000, 0.000000000000000000, 6.000000000000000000 ) ) ;
#7466 = VERTEX_POINT ( 'NONE', #191 ) ;
#7467 = LINE ( 'NONE', #2342, #1178 ) ;
#7468 = CARTESIAN_POINT ( 'NONE',  ( 149.0503717261175893, -8.081274705556781512, 14.21317294533733921 ) ) ;
#7469 = SECURITY_CLASSIFICATION ( '', '', #6987 ) ;
#7470 = CARTESIAN_POINT ( 'NONE',  ( 110.2072625810630058, 19.98730930247020154, 6.004120626716900055 ) ) ;
#7471 = VERTEX_POINT ( 'NONE', #4138 ) ;
#7472 = PLANE ( 'NONE',  #8200 ) ;
#7473 = CARTESIAN_POINT ( 'NONE',  ( 1.707106781187663458, 0.2928932188129195202, 6.707106781186766398 ) ) ;
#7474 = ORIENTED_EDGE ( 'NONE', *, *, #7345, .T. ) ;
#7475 = DIRECTION ( 'NONE',  ( 0.000000000000000000, 0.000000000000000000, 1.000000000000000000 ) ) ;
#7476 = SECURITY_CLASSIFICATION ( '', '', #1988 ) ;
#7477 = CARTESIAN_POINT ( 'NONE',  ( 143.3792129391030130, -7.246009888475846594, -19.54815943710877946 ) ) ;
#7478 = EDGE_CURVE ( 'NONE', #4766, #6377, #3904, .T. ) ;
#7479 = FACE_OUTER_BOUND ( 'NONE', #6536, .T. ) ;
#7480 = PERSON ( 'NAUO-PER1', 'UNSPECIFIED', 'UNSPECIFIED', ('UNSPECIFIED'), ('UNSPECIFIED'), ('UNSPECIFIED') ) ;
#7481 = DIRECTION ( 'NONE',  ( 0.000000000000000000, 1.000000000000000000, 0.000000000000000000 ) ) ;
#7482 = CARTESIAN_POINT ( 'NONE',  ( 107.9741968848127982, 0.1066181748487603914, -6.439062361732549533 ) ) ;
#7483 = APPLICATION_PROTOCOL_DEFINITION ( 'international standard', 'config_control_design', 1994, #6140 ) ;
#7484 = ORIENTED_EDGE ( 'NONE', *, *, #7093, .F. ) ;
#7485 = CARTESIAN_POINT ( 'NONE',  ( 1.993848566583860560, 0.1535163225570043422, 0.1535163225570043422 ) ) ;
#7486 = B_SPLINE_CURVE_WITH_KNOTS ( 'NONE', 3,
 ( #5314, #2751, #4687, #1489, #5066, #5702, #7638 ),
 .UNSPECIFIED., .F., .F.,
 ( 4, 3, 4 ),
 ( 5.295880929093769423E-17, 0.002000000000080969995, 0.004989603678288699953 ),
 .UNSPECIFIED. ) ;
#7487 = FACE_OUTER_BOUND ( 'NONE', #48, .T. ) ;
#7488 = AXIS2_PLACEMENT_3D ( 'NONE', #4264, #6830, #1062 ) ;
#7489 = DIRECTION ( 'NONE',  ( 0.3518843560536910053, 1.040834085586124015E-14, 0.9360434818771397047 ) ) ;
#7490 = EDGE_CURVE ( 'NONE', #2517, #3878, #6988, .T. ) ;
#7491 = DIRECTION ( 'NONE',  ( -1.000000000000000000, 0.000000000000000000, 0.000000000000000000 ) ) ;
#7492 = CARTESIAN_POINT ( 'NONE',  ( 109.7549385276565914, 1.004393896386317930, 0.000000000000000000 ) ) ;
#7493 = APPROVAL_ROLE ( '' ) ;
#7494 = CARTESIAN_POINT ( 'NONE',  ( 109.6742280262899953, 0.0006030513617855579565, -0.9456064708873459512 ) ) ;
#7495 = ORIENTED_EDGE ( 'NONE', *, *, #3982, .F. ) ;
#7496 = VECTOR ( 'NONE', #8116, 1000.000000000000000 ) ;
#7497 = CARTESIAN_POINT ( 'NONE',  ( 140.5179501755004026, -5.895054929105804753, 18.47253247689921452 ) ) ;
#7498 = CARTESIAN_POINT ( 'NONE',  ( 109.4768317939054754, 0.3270378064298359311, 6.877510995749922529 ) ) ;
#7499 = CARTESIAN_POINT ( 'NONE',  ( 119.4912479147557320, 19.44327629239509392, -9.499163798355805710 ) ) ;
#7500 = CARTESIAN_POINT ( 'NONE',  ( 148.7734996624059818, -8.064568907250949437, -17.82140865013899855 ) ) ;
#7501 = CARTESIAN_POINT ( 'NONE',  ( 138.2928594947582042, 15.55953114947934957, 11.36193647084540004 ) ) ;
#7502 = ADVANCED_FACE ( 'NONE', ( #7845 ), #7886, .T. ) ;
#7503 = ORIENTED_EDGE ( 'NONE', *, *, #3033, .T. ) ;
#7504 = ADVANCED_FACE ( 'NONE', ( #1495 ), #6768, .T. ) ;
#7505 = CARTESIAN_POINT ( 'NONE',  ( 139.4551525494142652, 15.30472753550025189, -10.72079877375995238 ) ) ;
#7506 = AXIS2_PLACEMENT_3D ( 'NONE', #2229, #965, #412 ) ;
#7507 = ORIENTED_EDGE ( 'NONE', *, *, #1229, .T. ) ;
#7508 = CARTESIAN_POINT ( 'NONE',  ( 111.7781188144260085, 0.2310944005048734817, -7.259698308058210259 ) ) ;
#7509 = DIRECTION ( 'NONE',  ( -0.9998823287991006614, 0.01534042226560057912, 0.000000000000000000 ) ) ;
#7510 = LINE ( 'NONE', #6210, #2874 ) ;
#7511 = CARTESIAN_POINT ( 'NONE',  ( 144.3848522377781478, 12.24270467288824804, -19.92620676492769149 ) ) ;
#7512 = CARTESIAN_POINT ( 'NONE',  ( 109.8236730192914052, 18.99993126322744885, 1.778091562876225063E-14 ) ) ;
#7513 = APPROVAL_PERSON_ORGANIZATION ( #2128, #4197, #2712 ) ;
#7514 = CARTESIAN_POINT ( 'NONE',  ( 113.1469348542385944, 19.17779316735544981, -8.141276887315308741 ) ) ;
#7515 = ORIENTED_EDGE ( 'NONE', *, *, #461, .T. ) ;
#7516 = SHAPE_REPRESENTATION_RELATIONSHIP ( 'NONE' , 'NONE' ,  #1604, #1566 ) ;
#7517 = ORIENTED_EDGE ( 'NONE', *, *, #2902, .T. ) ;
#7518 = FACE_OUTER_BOUND ( 'NONE', #1670, .T. ) ;
#7519 = VERTEX_POINT ( 'NONE', #2211 ) ;
#7520 = CIRCLE ( 'NONE', #6455, 20.00000000000000000 ) ;
#7521 = DIRECTION ( 'NONE',  ( 0.000000000000000000, 0.000000000000000000, -1.000000000000000000 ) ) ;
#7522 = ADVANCED_FACE ( 'NONE', ( #4771 ), #5642, .T. ) ;
#7523 = CIRCLE ( 'NONE', #3907, 0.9999999999999991118 ) ;
#7524 = DIRECTION ( 'NONE',  ( 0.000000000000000000, 0.000000000000000000, 1.000000000000000000 ) ) ;
#7525 = DIRECTION ( 'NONE',  ( 0.000000000000000000, 0.000000000000000000, 1.000000000000000000 ) ) ;
#7526 = CIRCLE ( 'NONE', #812, 0.9999999999999947820 ) ;
#7527 = CARTESIAN_POINT ( 'NONE',  ( 108.4625973871350055, 0.07678489246372779964, -6.337045672346669711 ) ) ;
#7528 = ORIENTED_EDGE ( 'NONE', *, *, #214, .T. ) ;
#7529 = APPROVAL_ROLE ( '' ) ;
#7530 = VECTOR ( 'NONE', #2734, 1000.000000000000000 ) ;
#7531 = ORIENTED_EDGE ( 'NONE', *, *, #6086, .T. ) ;
#7532 = CARTESIAN_POINT ( 'NONE',  ( 134.5000000000000000, 0.6999999999999999556, 11.50000000000000000 ) ) ;
#7533 = AXIS2_PLACEMENT_3D ( 'NONE', #8276, #5672, #5717 ) ;
#7534 = CARTESIAN_POINT ( 'NONE',  ( 3.000000000000000000, -7.810249675906650424, -9.501000000000001222 ) ) ;
#7535 = CARTESIAN_POINT ( 'NONE',  ( 0.6342058179246293781, 0.8053024039620045871, 6.194697596038007070 ) ) ;
#7536 = AXIS2_PLACEMENT_3D ( 'NONE', #671, #5172, #1132 ) ;
#7537 = CARTESIAN_POINT ( 'NONE',  ( 107.8161785944026008, 19.73900687360024619, -6.673697885384500594 ) ) ;
#7538 = PRODUCT_DEFINITION ( 'UNKNOWN', '', #901, #3556 ) ;
#7539 = DIRECTION ( 'NONE',  ( 0.000000000000000000, 0.000000000000000000, -1.000000000000000000 ) ) ;
#7540 = COORDINATED_UNIVERSAL_TIME_OFFSET ( 2, 0, .AHEAD. ) ;
#7541 = CYLINDRICAL_SURFACE ( 'NONE', #3665, 1.000000000000000000 ) ;
#7542 = ORIENTED_EDGE ( 'NONE', *, *, #4688, .T. ) ;
#7543 = AXIS2_PLACEMENT_3D ( 'NONE', #7621, #1856, #6366 ) ;
#7544 = CARTESIAN_POINT ( 'NONE',  ( 134.5289103154698012, -3.913919078294036513, 16.22108852654682920 ) ) ;
#7545 = CARTESIAN_POINT ( 'NONE',  ( 108.9992240953599065, 0.3096173709320051426, 6.798976413054991674 ) ) ;
#7546 = CARTESIAN_POINT ( 'NONE',  ( 147.4992961041500337, 10.35292779324920076, -20.02214867748134708 ) ) ;
#7547 = CARTESIAN_POINT ( 'NONE',  ( 60.00000000000000000, -30.00000000000000000, 6.000000000000000000 ) ) ;
#7548 = CARTESIAN_POINT ( 'NONE',  ( 110.1664301946168933, 19.99993095563818457, 0.06057563692367663732 ) ) ;
#7549 = VERTEX_POINT ( 'NONE', #3623 ) ;
#7550 = LINE ( 'NONE', #8262, #2739 ) ;
#7551 = ORIENTED_EDGE ( 'NONE', *, *, #121, .F. ) ;
#7552 = CARTESIAN_POINT ( 'NONE',  ( 111.5964268734975917, 0.07447411999853088826, 6.866388493217999489 ) ) ;
#7553 = CARTESIAN_POINT ( 'NONE',  ( 149.2570228453240020, 10.31374609175119872, -15.35256557408215095 ) ) ;
#7554 = DIRECTION ( 'NONE',  ( 0.000000000000000000, -1.000000000000000000, 0.000000000000000000 ) ) ;
#7555 = CARTESIAN_POINT ( 'NONE',  ( 137.1076719908041923, 15.43136335144790117, -16.11904235188275081 ) ) ;
#7556 = CARTESIAN_POINT ( 'NONE',  ( 123.5605643668973954, 0.1552127349429884839, 4.935641789401580048 ) ) ;
#7557 = ADVANCED_FACE ( 'NONE', ( #8122 ), #1730, .F. ) ;
#7558 = DIRECTION ( 'NONE',  ( 0.000000000000000000, -1.000000000000000000, 0.000000000000000000 ) ) ;
#7559 = VERTEX_POINT ( 'NONE', #3669 ) ;
#7560 = ORIENTED_EDGE ( 'NONE', *, *, #4269, .T. ) ;
#7561 = CARTESIAN_POINT ( 'NONE',  ( 113.5076652204511873, 0.6545925981843320196, 8.274468302827020949 ) ) ;
#7562 = ORIENTED_EDGE ( 'NONE', *, *, #7784, .F. ) ;
#7563 = CARTESIAN_POINT ( 'NONE',  ( 0.04020039697894691594, 17.32664108823110993, 2.510007257460222352 ) ) ;
#7564 = EDGE_CURVE ( 'NONE', #456, #5765, #2364, .T. ) ;
#7565 = AXIS2_PLACEMENT_3D ( 'NONE', #3082, #4479, #1909 ) ;
#7566 = CARTESIAN_POINT ( 'NONE',  ( 112.5050116195023975, 19.54234680975115168, 7.715971504244839352 ) ) ;
#7567 = DIRECTION ( 'NONE',  ( 0.000000000000000000, 1.000000000000000000, 0.000000000000000000 ) ) ;
#7568 = CARTESIAN_POINT ( 'NONE',  ( 109.0204766049665182, 0.3106146761388543509, -6.802413001154660854 ) ) ;
#7569 = CARTESIAN_POINT ( 'NONE',  ( 106.3647230434520026, 0.9973943710632870996, -6.999996605343170586 ) ) ;
#7570 = ORIENTED_EDGE ( 'NONE', *, *, #57, .T. ) ;
#7571 = EDGE_CURVE ( 'NONE', #6645, #3310, #1351, .T. ) ;
#7572 = APPROVAL_STATUS ( 'not_yet_approved' ) ;
#7573 = EDGE_CURVE ( 'NONE', #3214, #456, #6879, .T. ) ;
#7574 = ORIENTED_EDGE ( 'NONE', *, *, #2865, .F. ) ;
#7575 = CARTESIAN_POINT ( 'NONE',  ( 109.9568590391846499, 19.14627868520237541, 7.023705936299259101 ) ) ;
#7576 = ADVANCED_BREP_SHAPE_REPRESENTATION ( '', ( #2350, #6993 ), #5769 ) ;
#7577 = CARTESIAN_POINT ( 'NONE',  ( 63.87500000000000000, -30.69597054535374880, 6.000000000000000000 ) ) ;
#7578 = CARTESIAN_POINT ( 'NONE',  ( 109.6988215536295286, 20.00008782242723981, 2.250984151063389387E-13 ) ) ;
#7579 = CARTESIAN_POINT ( 'NONE',  ( 110.0000000000000000, 20.00000000000000000, 6.000000000000000000 ) ) ;
#7580 = CARTESIAN_POINT ( 'NONE',  ( 110.0028372023660808, 19.56142953925556327, -6.881844091279631037 ) ) ;
#7581 = CARTESIAN_POINT ( 'NONE',  ( 1.469576158976823553E-16, 19.75000000000000000, -1.199999999999999956 ) ) ;
#7582 = PERSON_AND_ORGANIZATION ( #5375, #6038 ) ;
#7583 = ORIENTED_EDGE ( 'NONE', *, *, #4184, .T. ) ;
#7584 = CC_DESIGN_PERSON_AND_ORGANIZATION_ASSIGNMENT ( #3, #86, ( #350 ) ) ;
#7585 = CARTESIAN_POINT ( 'NONE',  ( 125.2532527430256550, -1.647767821323888437, 12.73411505247461406 ) ) ;
#7586 = LINE ( 'NONE', #8297, #3433 ) ;
#7587 = CARTESIAN_POINT ( 'NONE',  ( 134.5000000000000000, 7.299999999999999822, 11.50000000000000000 ) ) ;
#7588 = EDGE_CURVE ( 'NONE', #3422, #6325, #4348, .T. ) ;
#7589 = CARTESIAN_POINT ( 'NONE',  ( 148.1836291463959867, -8.053274538710230246, -19.39051634749419861 ) ) ;
#7590 = CARTESIAN_POINT ( 'NONE',  ( 136.1714310984897054, 16.26875201333306364, 9.525621907994182180 ) ) ;
#7591 = EDGE_LOOP ( 'NONE', ( #6755, #5498, #1105, #4147 ) ) ;
#7592 = CARTESIAN_POINT ( 'NONE',  ( 110.0600029816953054, 19.98880631321664225, -6.042989229312742516 ) ) ;
#7593 = ORIENTED_EDGE ( 'NONE', *, *, #4143, .F. ) ;
#7594 = AXIS2_PLACEMENT_3D ( 'NONE', #5454, #4820, #3597 ) ;
#7595 = CARTESIAN_POINT ( 'NONE',  ( 107.8101776961947991, 0.1196597318017056100, 6.474465808134310052 ) ) ;
#7596 = CARTESIAN_POINT ( 'NONE',  ( 148.1378246485031411, 11.36705164974870286, -13.88103297170257378 ) ) ;
#7597 = CARTESIAN_POINT ( 'NONE',  ( 111.3701158068127341, 19.87368184511792890, -6.890352921250877394 ) ) ;
#7598 = CARTESIAN_POINT ( 'NONE',  ( 118.0473914117370100, 19.57688420438164911, -8.955814226920349341 ) ) ;
#7599 = CARTESIAN_POINT ( 'NONE',  ( 136.6712169496749993, -2.824868183189260140, 9.707529081337870736 ) ) ;
#7600 = DIRECTION ( 'NONE',  ( 0.000000000000000000, 1.000000000000000000, 0.000000000000000000 ) ) ;
#7601 = EDGE_CURVE ( 'NONE', #7123, #5757, #6315, .T. ) ;
#7602 = ORIENTED_EDGE ( 'NONE', *, *, #8203, .T. ) ;
#7603 = DIRECTION ( 'NONE',  ( 1.000000000000000000, 0.000000000000000000, 0.000000000000000000 ) ) ;
#7604 = VERTEX_POINT ( 'NONE', #4304 ) ;
#7605 = CARTESIAN_POINT ( 'NONE',  ( 113.3710955675928176, 0.4365944213817320452, 8.117432354015061691 ) ) ;
#7606 = ORIENTED_EDGE ( 'NONE', *, *, #1573, .T. ) ;
#7607 = CARTESIAN_POINT ( 'NONE',  ( 2.250406918807569490, 18.95319220070827981, 0.07021614557185548722 ) ) ;
#7608 = EDGE_CURVE ( 'NONE', #7746, #5055, #6871, .T. ) ;
#7609 = CARTESIAN_POINT ( 'NONE',  ( 112.1270318274520008, 19.68276276979590023, 7.447327796514370490 ) ) ;
#7610 = PRODUCT_DEFINITION_FORMATION_WITH_SPECIFIED_SOURCE ( 'ANY', '', #2806, .NOT_KNOWN. ) ;
#7611 = CARTESIAN_POINT ( 'NONE',  ( 110.1966078148536354, 0.2469507185929617765, -6.873677556133874766 ) ) ;
#7612 = CARTESIAN_POINT ( 'NONE',  ( 112.3652882573886558, 0.1809749668134917611, -7.436153433494374632 ) ) ;
#7613 = CARTESIAN_POINT ( 'NONE',  ( 110.1025464495193233, 0.8801753915489433089, -7.004537492191079018 ) ) ;
#7614 = VERTEX_POINT ( 'NONE', #1102 ) ;
#7615 = APPROVAL_DATE_TIME ( #6946, #3003 ) ;
#7616 = EDGE_CURVE ( 'NONE', #1840, #7731, #8181, .T. ) ;
#7617 = VERTEX_POINT ( 'NONE', #2286 ) ;
#7618 = DIRECTION ( 'NONE',  ( 1.000000000000000000, 0.000000000000000000, 0.000000000000000000 ) ) ;
#7619 = CARTESIAN_POINT ( 'NONE',  ( 138.3754629482379812, 14.59834059997458056, 10.32782389668216005 ) ) ;
#7620 = CARTESIAN_POINT ( 'NONE',  ( 131.9143194328748052, 15.74988910693750022, -15.23819227556334965 ) ) ;
#7621 = CARTESIAN_POINT ( 'NONE',  ( 5.499000000000000554, -7.810249675906650424, -9.501000000000001222 ) ) ;
#7622 = DIRECTION ( 'NONE',  ( -1.000000000000000000, 0.000000000000000000, 0.000000000000000000 ) ) ;
#7623 = CIRCLE ( 'NONE', #4005, 0.9999999999999991118 ) ;
#7624 = PERSON_AND_ORGANIZATION_ROLE ( 'design_owner' ) ;
#7625 = CARTESIAN_POINT ( 'NONE',  ( 0.2624986687523072071, 1.702619035409893566, -1.702619035409893566 ) ) ;
#7626 = ORIENTED_EDGE ( 'NONE', *, *, #7680, .T. ) ;
#7628 = VECTOR ( 'NONE', #960, 1000.000000000000000 ) ;
#7627 = LINE ( 'NONE', #7842, #7907 ) ;
#7629 = DIRECTION ( 'NONE',  ( 4.954937092193129892E-16, 0.000000000000000000, 1.000000000000000000 ) ) ;
#7630 = ADVANCED_FACE ( 'NONE', ( #3582 ), #6152, .F. ) ;
#7631 = CARTESIAN_POINT ( 'NONE',  ( 113.4024101645254063, 0.9452817923039531500, 8.279059074663440043 ) ) ;
#7632 = DIRECTION ( 'NONE',  ( 0.000000000000000000, 0.000000000000000000, -1.000000000000000000 ) ) ;
#7633 = DIRECTION ( 'NONE',  ( 0.000000000000000000, -0.7390068736002751715, 0.6736978853844999282 ) ) ;
#7634 = ORIENTED_EDGE ( 'NONE', *, *, #5258, .F. ) ;
#7635 = CARTESIAN_POINT ( 'NONE',  ( 109.0654659117760730, 19.94073012901504072, -6.330179204992287367 ) ) ;
#7636 = ORIENTED_EDGE ( 'NONE', *, *, #311, .F. ) ;
#7637 = CARTESIAN_POINT ( 'NONE',  ( 109.6716086830663954, 0.04219303750132820385, 6.098828517657170600 ) ) ;
#7638 = CARTESIAN_POINT ( 'NONE',  ( 147.4992961041500337, 10.35292779324920076, -20.02214867748134708 ) ) ;
#7639 = DIRECTION ( 'NONE',  ( 0.000000000000000000, 0.000000000000000000, 1.000000000000000000 ) ) ;
#7640 = CARTESIAN_POINT ( 'NONE',  ( 139.0969910643516414, 14.62040345588047074, -17.93835506790870937 ) ) ;
#7641 = CARTESIAN_POINT ( 'NONE',  ( 112.2574474499934638, 0.1233201007693444790, 7.286867695991872118 ) ) ;
#7642 = PLANE ( 'NONE',  #5637 ) ;
#7643 = EDGE_LOOP ( 'NONE', ( #5293, #6516, #285, #8261 ) ) ;
#7644 = SHAPE_REPRESENTATION_RELATIONSHIP ( 'NONE' , 'NONE' ,  #7083, #7576 ) ;
#7645 = EDGE_LOOP ( 'NONE', ( #3303, #7100, #2367, #609 ) ) ;
#7646 = DIRECTION ( 'NONE',  ( 0.000000000000000000, 0.000000000000000000, -1.000000000000000000 ) ) ;
#7647 = ORIENTED_EDGE ( 'NONE', *, *, #3810, .F. ) ;
#7648 = CARTESIAN_POINT ( 'NONE',  ( 0.02193356960474331444, 2.635016442064050501, 2.756779080900865875 ) ) ;
#7649 = CARTESIAN_POINT ( 'NONE',  ( 60.00000000000000000, 3.061616997868384620E-15, 6.000000000000000000 ) ) ;
#7650 = AXIS2_PLACEMENT_3D ( 'NONE', #7846, #5281, #2798 ) ;
#7651 = CARTESIAN_POINT ( 'NONE',  ( 111.3205422598201721, 0.2355096919329346117, -7.144001690737380450 ) ) ;
#7652 = PLANE ( 'NONE',  #1234 ) ;
#7653 = CYLINDRICAL_SURFACE ( 'NONE', #3890, 5.000000000000004441 ) ;
#7654 = ORIENTED_EDGE ( 'NONE', *, *, #4257, .T. ) ;
#7655 = CALENDAR_DATE ( 2026, 3, 9 ) ;
#7656 = CIRCLE ( 'NONE', #4299, 1.000000000000001332 ) ;
#7657 = ORIENTED_EDGE ( 'NONE', *, *, #7345, .F. ) ;
#7658 = CIRCLE ( 'NONE', #2284, 0.9999999999999991118 ) ;
#7659 = CARTESIAN_POINT ( 'NONE',  ( 109.9564079697155705, 19.26631486482337507, 7.013490280222840489 ) ) ;
#7660 = AXIS2_PLACEMENT_3D ( 'NONE', #1562, #2386, #924 ) ;
#7661 = CARTESIAN_POINT ( 'NONE',  ( 3.000000000000000000, 0.000000000000000000, 6.000000000000000000 ) ) ;
#7662 = EDGE_CURVE ( 'NONE', #3898, #3528, #6194, .T. ) ;
#7663 = FACE_OUTER_BOUND ( 'NONE', #4957, .T. ) ;
#7664 = VECTOR ( 'NONE', #4806, 1000.000000000000000 ) ;
#7665 = DIRECTION ( 'NONE',  ( 1.000000000000000000, 0.000000000000000000, 0.000000000000000000 ) ) ;
#7666 = CARTESIAN_POINT ( 'NONE',  ( 5.500999999999999446, 13.40000000000000036, 12.00000000000000000 ) ) ;
#7667 = CIRCLE ( 'NONE', #7392, 2.000000000000001776 ) ;
#7668 = COORDINATED_UNIVERSAL_TIME_OFFSET ( 2, 0, .AHEAD. ) ;
#7669 = CARTESIAN_POINT ( 'NONE',  ( 3.000000000000000000, 19.00000000000000000, 7.000000000000000000 ) ) ;
#7670 = VERTEX_POINT ( 'NONE', #5599 ) ;
#7671 =( BOUNDED_SURFACE ( )  B_SPLINE_SURFACE ( 3, 2, ( 
 ( #2677, #5838, #3307 ),
 ( #2015, #661, #2553 ),
 ( #1876, #4455, #2598 ),
 ( #33, #5247, #2513 ) ),
 .UNSPECIFIED., .F., .F., .F. ) 
 B_SPLINE_SURFACE_WITH_KNOTS ( ( 4, 4 ),
 ( 3, 3 ),
 ( 0.000000000000000000, 0.0001134804839570899970 ),
 ( 0.000000000000000000, 1.000000000000000000 ),
 .UNSPECIFIED. ) 
 GEOMETRIC_REPRESENTATION_ITEM ( )  RATIONAL_B_SPLINE_SURFACE ( (
 ( 1.000000000000000000, 0.9838983474828449927, 1.000000000000000000),
 ( 1.000000000000000000, 0.9838937114229340253, 1.000000000000000000),
 ( 1.000000000000000000, 0.9838879159037289268, 1.000000000000000000),
 ( 1.000000000000000000, 0.9838809587234489396, 1.000000000000000000) ) ) 
 REPRESENTATION_ITEM ( '' )  SURFACE ( )  );
#7672 = B_SPLINE_CURVE_WITH_KNOTS ( 'NONE', 3,
 ( #906, #2952, #6196, #8044, #4182, #273, #4850, #1661, #6791, #6754, #1023, #8124, #8086, #7451 ),
 .UNSPECIFIED., .F., .F.,
 ( 4, 2, 2, 2, 2, 2, 4 ),
 ( 0.000000000000000000, 0.2499999999999999722, 0.4999999999999997780, 0.6249999999999982236, 0.7499999999999997780, 0.8749999999999982236, 1.000000000000000000 ),
 .UNSPECIFIED. ) ;
#7673 = CARTESIAN_POINT ( 'NONE',  ( 3.000000000000000000, 0.000000000000000000, 4.000000000000000000 ) ) ;
#7674 = VECTOR ( 'NONE', #8130, 1000.000000000000000 ) ;
#7675 = CARTESIAN_POINT ( 'NONE',  ( 139.4489782054249929, 14.61718590473281942, 16.99870638896399910 ) ) ;
#7676 = PLANE ( 'NONE',  #7942 ) ;
#7677 = CARTESIAN_POINT ( 'NONE',  ( 148.7670172685745911, 9.520742910012119253, 17.83865239055725027 ) ) ;
#7678 = LINE ( 'NONE', #5697, #5779 ) ;
#7679 = ORIENTED_EDGE ( 'NONE', *, *, #6898, .T. ) ;
#7680 = EDGE_CURVE ( 'NONE', #3822, #2422, #2405, .T. ) ;
#7681 = CARTESIAN_POINT ( 'NONE',  ( 8.000000000000000000, 0.6999999999999999556, 6.000000000000000000 ) ) ;
#7682 = VECTOR ( 'NONE', #2117, 1000.000000000000000 ) ;
#7683 = VERTEX_POINT ( 'NONE', #1774 ) ;
#7684 = CARTESIAN_POINT ( 'NONE',  ( 111.0767931488259990, 0.05319215718628600431, 6.544625339051729718 ) ) ;
#7685 = ADVANCED_FACE ( 'NONE', ( #5138 ), #13, .F. ) ;
#7686 = LINE ( 'NONE', #1291, #7718 ) ;
#7687 = CARTESIAN_POINT ( 'NONE',  ( 111.5591741537461132, 19.83618978059746141, -7.031522358344974855 ) ) ;
#7688 = CARTESIAN_POINT ( 'NONE',  ( 130.8296947695326082, 17.15212823964870026, -13.75952478346196095 ) ) ;
#7689 = CARTESIAN_POINT ( 'NONE',  ( 112.2150638329129890, 0.1191462361474143195, 7.259366594644339088 ) ) ;
#7690 = CARTESIAN_POINT ( 'NONE',  ( 109.9662654827353521, 19.36155671666294609, -6.985041702408466335 ) ) ;
#7691 = ORIENTED_EDGE ( 'NONE', *, *, #1635, .F. ) ;
#7692 = ORIENTED_EDGE ( 'NONE', *, *, #6910, .T. ) ;
#7693 = CARTESIAN_POINT ( 'NONE',  ( 110.3163875287697664, 0.4558443624435536412, 6.935708313286155224 ) ) ;
#7694 = ORIENTED_EDGE ( 'NONE', *, *, #909, .T. ) ;
#7695 = CARTESIAN_POINT ( 'NONE',  ( 0.007317931771090716193, 2.771472793426998926, 2.847760607106939013 ) ) ;
#7696 = CARTESIAN_POINT ( 'NONE',  ( 112.8351827302615931, 19.38528580130749646, 7.942039155958600105 ) ) ;
#7697 = PRODUCT_DEFINITION ( 'UNKNOWN', '', #3492, #8020 ) ;
#7698 = PLANE ( 'NONE',  #2439 ) ;
#7699 = CARTESIAN_POINT ( 'NONE',  ( 109.4122159126414147, 0.3253185536422779633, -6.866636175828170430 ) ) ;
#7700 = CARTESIAN_POINT ( 'NONE',  ( 109.8236730192891883, 1.006450157371265863, -0.9999999999991679989 ) ) ;
#7701 = EDGE_LOOP ( 'NONE', ( #7202, #6882, #5791, #5654 ) ) ;
#7702 = PERSON_AND_ORGANIZATION_ROLE ( 'classification_officer' ) ;
#7703 = VECTOR ( 'NONE', #7146, 1000.000000000000000 ) ;
#7704 = ORIENTED_EDGE ( 'NONE', *, *, #1311, .F. ) ;
#7705 = CARTESIAN_POINT ( 'NONE',  ( 113.1897497571929989, 19.14233891617919880, 8.167061631829090729 ) ) ;
#7706 = VECTOR ( 'NONE', #823, 1000.000000000000000 ) ;
#7707 = CARTESIAN_POINT ( 'NONE',  ( 0.000000000000000000, 0.5000000000000109912, 0.000000000000000000 ) ) ;
#7708 = DIRECTION ( 'NONE',  ( 0.000000000000000000, -1.000000000000000000, 0.000000000000000000 ) ) ;
#7709 = CARTESIAN_POINT ( 'NONE',  ( 112.5513943275453954, 0.1585229760157989831, 7.481283546190889311 ) ) ;
#7710 = CARTESIAN_POINT ( 'NONE',  ( 2.782701330030334042, 20.00000000000000000, 6.125457131949974432 ) ) ;
#7711 = APPROVAL_STATUS ( 'not_yet_approved' ) ;
#7712 = CARTESIAN_POINT ( 'NONE',  ( 2.803648237606790161, 2.633728631076509817E-16, -1.000000000004059864 ) ) ;
#7713 = VERTEX_POINT ( 'NONE', #8290 ) ;
#7714 = ADVANCED_FACE ( 'NONE', ( #2453 ), #4336, .F. ) ;
#7715 = CARTESIAN_POINT ( 'NONE',  ( 8.000000000000000000, 20.00000000000000000, -6.000000000000000000 ) ) ;
#7716 = DIRECTION ( 'NONE',  ( 1.000000000000000000, 0.000000000000000000, 0.000000000000000000 ) ) ;
#7717 = DIRECTION ( 'NONE',  ( 0.000000000000000000, 0.000000000000000000, 1.000000000000000000 ) ) ;
#7718 = VECTOR ( 'NONE', #2206, 1000.000000000000227 ) ;
#7719 = CARTESIAN_POINT ( 'NONE',  ( 109.9999999999854055, 0.9907312614984598031, 6.999999999994957811 ) ) ;
#7720 = DIRECTION ( 'NONE',  ( 0.000000000000000000, 0.000000000000000000, 1.000000000000000000 ) ) ;
#7721 = ORIENTED_EDGE ( 'NONE', *, *, #1229, .F. ) ;
#7722 = DIRECTION ( 'NONE',  ( 0.000000000000000000, 0.000000000000000000, -1.000000000000000000 ) ) ;
#7723 = ORIENTED_EDGE ( 'NONE', *, *, #986, .F. ) ;
#7724 = CARTESIAN_POINT ( 'NONE',  ( 110.0704950812937142, 0.2739926021427011582, 6.683628193564836728 ) ) ;
#7725 = CARTESIAN_POINT ( 'NONE',  ( 109.8236730192914052, 1.006450157371265863, 0.000000000000000000 ) ) ;
#7726 = CARTESIAN_POINT ( 'NONE',  ( 147.8886938636780144, -8.047637791034128796, 20.17507026191099939 ) ) ;
#7727 = CARTESIAN_POINT ( 'NONE',  ( 8.000000000000000000, 0.000000000000000000, 9.501000000000001222 ) ) ;
#7728 = CARTESIAN_POINT ( 'NONE',  ( 112.2888636607377748, 0.1265194142483225814, 7.307310658219999588 ) ) ;
#7729 = CARTESIAN_POINT ( 'NONE',  ( 113.4012507524994362, 0.4646377263236108335, -8.146433531744929013 ) ) ;
#7730 = EDGE_CURVE ( 'NONE', #4878, #3094, #7752, .T. ) ;
#7731 = VERTEX_POINT ( 'NONE', #6498 ) ;
#7732 = AXIS2_PLACEMENT_3D ( 'NONE', #4243, #7435, #1043 ) ;
#7733 = ORIENTED_EDGE ( 'NONE', *, *, #7828, .F. ) ;
#7734 = CARTESIAN_POINT ( 'NONE',  ( 110.1102928200181879, 0.8724716855202838683, 7.005774570744019769 ) ) ;
#7735 = ORIENTED_EDGE ( 'NONE', *, *, #4732, .F. ) ;
#7736 = CARTESIAN_POINT ( 'NONE',  ( 1.017519744401138126, 18.50677362101369994, -0.7398395684795799898 ) ) ;
#7737 = DIRECTION ( 'NONE',  ( 0.000000000000000000, 1.000000000000000000, 0.000000000000000000 ) ) ;
#7738 = AXIS2_PLACEMENT_3D ( 'NONE', #7188, #507, #3995 ) ;
#7739 = CARTESIAN_POINT ( 'NONE',  ( 139.1131324059797976, 15.30472753517994988, 11.66049139450228012 ) ) ;
#7740 = CARTESIAN_POINT ( 'NONE',  ( 108.7958886856217191, 0.1957837736423211072, -6.607776912832430405 ) ) ;
#7741 = DIRECTION ( 'NONE',  ( -0.000000000000000000, 1.000000000000000000, 0.000000000000000000 ) ) ;
#7742 = DIRECTION ( 'NONE',  ( 0.3518843560536241144, 2.775557561562908075E-14, 0.9360434818771647958 ) ) ;
#7743 = ORIENTED_EDGE ( 'NONE', *, *, #2620, .F. ) ;
#7744 = CC_DESIGN_PERSON_AND_ORGANIZATION_ASSIGNMENT ( #974, #1768, ( #8010 ) ) ;
#7745 = CC_DESIGN_SECURITY_CLASSIFICATION ( #7469, ( #8322 ) ) ;
#7746 = VERTEX_POINT ( 'NONE', #7666 ) ;
#7747 = CARTESIAN_POINT ( 'NONE',  ( 106.6708424845321872, 19.32372440025219973, 6.946312041626899969 ) ) ;
#7748 = ADVANCED_FACE ( 'NONE', ( #2581 ), #3619, .T. ) ;
#7749 = CARTESIAN_POINT ( 'NONE',  ( 109.6360297657336673, 19.99999999999999645, 1.301042606982605124E-15 ) ) ;
#7750 = CARTESIAN_POINT ( 'NONE',  ( 113.4025997963563839, 18.88652285270470088, -8.279130362457289394 ) ) ;
#7751 = DIRECTION ( 'NONE',  ( 0.000000000000000000, 0.000000000000000000, 1.000000000000000000 ) ) ;
#7752 = LINE ( 'NONE', #5688, #7256 ) ;
#7753 = CALENDAR_DATE ( 2026, 3, 9 ) ;
#7754 = CARTESIAN_POINT ( 'NONE',  ( 1.017519744401138126, 1.493226378986386216, -0.7398395684795799898 ) ) ;
#7755 = ORIENTED_EDGE ( 'NONE', *, *, #5848, .T. ) ;
#7756 = CARTESIAN_POINT ( 'NONE',  ( 3.035766082959410049E-15, 17.00000000000000000, 3.000000000000000000 ) ) ;
#7757 = CARTESIAN_POINT ( 'NONE',  ( 134.9413091293857860, 14.92682960561172045, 16.37612052436844934 ) ) ;
#7758 = CARTESIAN_POINT ( 'NONE',  ( 140.0902099224892083, -4.676188621609299823, 18.31173321228770234 ) ) ;
#7759 = CARTESIAN_POINT ( 'NONE',  ( 0.7586295022792559628, 19.03281166240310540, -0.9671883375967926799 ) ) ;
#7760 = CARTESIAN_POINT ( 'NONE',  ( 0.04869043697219122696, 2.641128474341148724, -2.461691891554137257 ) ) ;
#7761 = ORIENTED_EDGE ( 'NONE', *, *, #5408, .T. ) ;
#7762 = CARTESIAN_POINT ( 'NONE',  ( 106.3649126752824117, 18.92434968069115087, -7.000000000000000000 ) ) ;
#7763 = VERTEX_POINT ( 'NONE', #1857 ) ;
#7764 = CARTESIAN_POINT ( 'NONE',  ( 0.000000000000000000, 0.000000000000000000, 6.000000000000000000 ) ) ;
#7765 = AXIS2_PLACEMENT_3D ( 'NONE', #8022, #6685, #2264 ) ;
#7766 = FACE_OUTER_BOUND ( 'NONE', #3292, .T. ) ;
#7767 = DIRECTION ( 'NONE',  ( 0.000000000000000000, 1.000000000000000000, 0.000000000000000000 ) ) ;
#7768 = DIRECTION ( 'NONE',  ( 0.000000000000000000, 0.000000000000000000, 1.000000000000000000 ) ) ;
#7769 = EDGE_CURVE ( 'NONE', #2409, #4271, #2158, .T. ) ;
#7770 = CARTESIAN_POINT ( 'NONE',  ( 3.000000000000000000, 0.000000000000000000, -6.000000000000000000 ) ) ;
#7771 = VECTOR ( 'NONE', #6338, 1000.000000000000000 ) ;
#7772 = ADVANCED_FACE ( 'NONE', ( #5859 ), #6954, .T. ) ;
#7773 = ORIENTED_EDGE ( 'NONE', *, *, #1183, .F. ) ;
#7774 = ORIENTED_EDGE ( 'NONE', *, *, #1262, .F. ) ;
#7775 = CARTESIAN_POINT ( 'NONE',  ( 122.8888812815820728, 18.96145957469940058, 10.77509382969389584 ) ) ;
#7776 = ORIENTED_EDGE ( 'NONE', *, *, #4290, .T. ) ;
#7777 = CARTESIAN_POINT ( 'NONE',  ( 5.499000000000000554, -7.810249675906650424, 10.50099999999999945 ) ) ;
#7778 = DIRECTION ( 'NONE',  ( 4.954937092193129892E-16, 0.000000000000000000, -1.000000000000000000 ) ) ;
#7779 = CARTESIAN_POINT ( 'NONE',  ( 146.2823078705416151, 12.28717291877621953, 14.26985786782875998 ) ) ;
#7780 = CARTESIAN_POINT ( 'NONE',  ( 119.1538310902601978, 18.41116402046139555, 10.44117556607600150 ) ) ;
#7781 = CARTESIAN_POINT ( 'NONE',  ( 113.2893543025278973, 19.05365497309595924, -8.226311081493452804 ) ) ;
#7782 = ORIENTED_EDGE ( 'NONE', *, *, #1573, .F. ) ;
#7783 = AXIS2_PLACEMENT_3D ( 'NONE', #3065, #2564, #6938 ) ;
#7784 = EDGE_CURVE ( 'NONE', #5831, #1422, #1354, .T. ) ;
#7785 = VERTEX_POINT ( 'NONE', #53 ) ;
#7786 = CARTESIAN_POINT ( 'NONE',  ( 106.3648494416950001, 0.9982627546019299247, -6.999998868036130695 ) ) ;
#7787 = CARTESIAN_POINT ( 'NONE',  ( 126.3345740863835971, -1.434937610148800058, -7.009476529337209882 ) ) ;
#7788 = CARTESIAN_POINT ( 'NONE',  ( 107.8161785944027145, 20.00000000000001066, -6.389952952496259719 ) ) ;
#7789 = CC_DESIGN_APPROVAL ( #8148, ( #3487 ) ) ;
#7790 = CARTESIAN_POINT ( 'NONE',  ( 109.8147378296892072, 0.2425544982610045031, 6.789277180199509765 ) ) ;
#7791 = CARTESIAN_POINT ( 'NONE',  ( 0.000000000000000000, 20.00000000000000000, -1.500000000000000000 ) ) ;
#7792 = DATE_AND_TIME ( #5689, #2026 ) ;
#7793 = DIRECTION ( 'NONE',  ( 1.000000000000000000, 0.000000000000000000, 0.000000000000000000 ) ) ;
#7794 = VERTEX_POINT ( 'NONE', #1906 ) ;
#7795 = AXIS2_PLACEMENT_3D ( 'NONE', #4920, #4848, #385 ) ;
#7796 = CARTESIAN_POINT ( 'NONE',  ( 3.000000000000000000, 0.6999999999999999556, 6.000000000000000000 ) ) ;
#7797 = CARTESIAN_POINT ( 'NONE',  ( 122.8888812823483931, 18.96145957469585142, 10.77509382764871937 ) ) ;
#7798 = AXIS2_PLACEMENT_3D ( 'NONE', #829, #2766, #5961 ) ;
#7799 = CC_DESIGN_PERSON_AND_ORGANIZATION_ASSIGNMENT ( #7364, #7963, ( #2806 ) ) ;
#7800 = CARTESIAN_POINT ( 'NONE',  ( 106.3649126752825538, 0.9991314557922141848, -7.000000000000007105 ) ) ;
#7801 = CIRCLE ( 'NONE', #2838, 0.9999999999999993339 ) ;
#7802 = CARTESIAN_POINT ( 'NONE',  ( 5.499000000000000554, 19.75000000000000000, 9.501000000000001222 ) ) ;
#7803 = CARTESIAN_POINT ( 'NONE',  ( 0.000000000000000000, 3.000000000000000000, -3.000000000000000000 ) ) ;
#7804 = EDGE_LOOP ( 'NONE', ( #2006, #570 ) ) ;
#7805 = CARTESIAN_POINT ( 'NONE',  ( 5.500999999999999446, -7.810249675906650424, 9.501000000000001222 ) ) ;
#7806 = ORIENTED_EDGE ( 'NONE', *, *, #473, .T. ) ;
#7807 = VECTOR ( 'NONE', #2352, 1000.000000000000000 ) ;
#7808 = CARTESIAN_POINT ( 'NONE',  ( 109.6988632006815862, 19.99999998551244929, -1.000087881675149948 ) ) ;
#7809 = CARTESIAN_POINT ( 'NONE',  ( 109.8575326939045880, 0.007023560549398446748, -0.9999999999991679989 ) ) ;
#7810 = PLANE ( 'NONE',  #8257 ) ;
#7811 = LINE ( 'NONE', #4626, #808 ) ;
#7812 = CARTESIAN_POINT ( 'NONE',  ( 112.5513943275472002, 0.1585229760157979839, -7.481283546191629164 ) ) ;
#7813 = ORIENTED_EDGE ( 'NONE', *, *, #755, .F. ) ;
#7814 = AXIS2_PLACEMENT_3D ( 'NONE', #6787, #3581, #6151 ) ;
#7815 = ORIENTED_EDGE ( 'NONE', *, *, #6896, .F. ) ;
#7816 = CARTESIAN_POINT ( 'NONE',  ( 109.6174781541735967, 1.000000000000000000, 0.000000000000000000 ) ) ;
#7817 = EDGE_CURVE ( 'NONE', #2475, #4073, #166, .T. ) ;
#7818 = VERTEX_POINT ( 'NONE', #556 ) ;
#7819 = CARTESIAN_POINT ( 'NONE',  ( 0.1968529049378000551, 1.931086998605558769, 2.287394061920174693 ) ) ;
#7820 = CARTESIAN_POINT ( 'NONE',  ( 110.0492957601978361, 19.76141807049245358, 6.691316517934924768 ) ) ;
#7821 = ADVANCED_FACE ( 'NONE', ( #5051 ), #7078, .T. ) ;
#7822 = AXIS2_PLACEMENT_3D ( 'NONE', #4964, #8121, #1729 ) ;
#7823 = CARTESIAN_POINT ( 'NONE',  ( 8.000000000000000000, 6.599999999999999645, -7.000000000000000000 ) ) ;
#7824 = CARTESIAN_POINT ( 'NONE',  ( 109.6985775211162064, 19.00000000000000000, 0.000000000000000000 ) ) ;
#7825 = CARTESIAN_POINT ( 'NONE',  ( 106.3657828942394019, 19.00000000000000000, 7.000000000000000000 ) ) ;
#7826 = CARTESIAN_POINT ( 'NONE',  ( 107.5496060053114036, 0.2612916244196195059, -6.678994401538750125 ) ) ;
#7827 = EDGE_LOOP ( 'NONE', ( #6554, #1953, #1085, #735 ) ) ;
#7828 = EDGE_CURVE ( 'NONE', #4073, #1972, #6077, .T. ) ;
#7829 = DIRECTION ( 'NONE',  ( 0.000000000000000000, 0.000000000000000000, 1.000000000000000000 ) ) ;
#7830 = CARTESIAN_POINT ( 'NONE',  ( 147.1602045690024454, -7.977415232474596607, -13.52520836232861612 ) ) ;
#7831 = EDGE_CURVE ( 'NONE', #3518, #2832, #2619, .T. ) ;
#7832 = DIRECTION ( 'NONE',  ( 0.9396926207859346292, 0.000000000000000000, -0.3420201433255969925 ) ) ;
#7833 = DIRECTION ( 'NONE',  ( 1.000000000000000000, 0.000000000000000000, -4.336808689942015271E-16 ) ) ;
#7834 = AXIS2_PLACEMENT_3D ( 'NONE', #3208, #5777, #6874 ) ;
#7835 = DIRECTION ( 'NONE',  ( 0.000000000000000000, 0.000000000000000000, 1.000000000000000000 ) ) ;
#7836 = EDGE_CURVE ( 'NONE', #8156, #7901, #94, .T. ) ;
#7837 = PERSON_AND_ORGANIZATION_ROLE ( 'classification_officer' ) ;
#7838 = CARTESIAN_POINT ( 'NONE',  ( 2.033353018320509964, 1.102147792640975954, -0.1532216889614815003 ) ) ;
#7839 = EDGE_LOOP ( 'NONE', ( #6401, #6248, #8284, #1087 ) ) ;
#7840 = B_SPLINE_CURVE_WITH_KNOTS ( 'NONE', 3,
 ( #7341, #2887, #4741, #4070, #2096, #7300, #4109, #911 ),
 .UNSPECIFIED., .F., .F.,
 ( 4, 2, 2, 4 ),
 ( 0.000000000000000000, 0.2500000000000001110, 0.5000000000000000000, 1.000000000000000000 ),
 .UNSPECIFIED. ) ;
#7841 = AXIS2_PLACEMENT_3D ( 'NONE', #655, #26, #2591 ) ;
#7842 = CARTESIAN_POINT ( 'NONE',  ( 110.0000000000000000, 1.000000000000000000, -7.000000000000000000 ) ) ;
#7843 = CARTESIAN_POINT ( 'NONE',  ( 113.2523460798761050, 0.04638344793349231249, 7.154837720489383379 ) ) ;
#7844 = CARTESIAN_POINT ( 'NONE',  ( 131.7670208760625883, -1.563821355605089947, 7.922547687537839778 ) ) ;
#7845 = FACE_OUTER_BOUND ( 'NONE', #5670, .T. ) ;
#7846 = CARTESIAN_POINT ( 'NONE',  ( 0.000000000000000000, 0.000000000000000000, 0.000000000000000000 ) ) ;
#7847 = EDGE_LOOP ( 'NONE', ( #3430, #1051, #5964 ) ) ;
#7848 = CARTESIAN_POINT ( 'NONE',  ( 113.4025997963560002, 1.000000000000000000, 8.279130362457099324 ) ) ;
#7849 = ORIENTED_EDGE ( 'NONE', *, *, #5918, .F. ) ;
#7850 = LINE ( 'NONE', #3396, #5423 ) ;
#7851 = DIRECTION ( 'NONE',  ( 0.3420201433256692680, 0.000000000000000000, 0.9396926207859082059 ) ) ;
#7852 = ADVANCED_FACE ( 'NONE', ( #763 ), #4009, .T. ) ;
#7853 = DIRECTION ( 'NONE',  ( -0.000000000000000000, 1.000000000000000000, 0.000000000000000000 ) ) ;
#7854 = LINE ( 'NONE', #4663, #5783 ) ;
#7855 = CARTESIAN_POINT ( 'NONE',  ( 113.5038144480749622, 0.7398724858314117414, -8.295671406920545721 ) ) ;
#7856 = EDGE_LOOP ( 'NONE', ( #593, #4793, #7185 ) ) ;
#7857 = ORIENTED_EDGE ( 'NONE', *, *, #3033, .F. ) ;
#7858 = CARTESIAN_POINT ( 'NONE',  ( 130.0422221147306061, 17.35037702542506111, 13.46354687377859349 ) ) ;
#7859 = ORIENTED_EDGE ( 'NONE', *, *, #3483, .T. ) ;
#7860 = CARTESIAN_POINT ( 'NONE',  ( 0.8625208021244251677, 0.8949310202756137755, 1.596622664764580035 ) ) ;
#7861 = CARTESIAN_POINT ( 'NONE',  ( 111.3720727830376092, 19.87531553506135040, 6.891829880106490336 ) ) ;
#7862 = CARTESIAN_POINT ( 'NONE',  ( 5.499000000000000554, 0.000000000000000000, 9.501000000000001222 ) ) ;
#7863 = ADVANCED_FACE ( 'NONE', ( #135 ), #7239, .T. ) ;
#7864 = CIRCLE ( 'NONE', #5310, 1.000000000000006661 ) ;
#7865 = CARTESIAN_POINT ( 'NONE',  ( 3.000000000000000000, 13.40000000000000036, 7.000000000000000000 ) ) ;
#7866 = CARTESIAN_POINT ( 'NONE',  ( 109.8236730192914052, 18.99993126322744885, 1.000000000000000000 ) ) ;
#7867 = CARTESIAN_POINT ( 'NONE',  ( 112.5362860887421874, 0.1559196707453665010, -7.470311579425679582 ) ) ;
#7868 = ORIENTED_EDGE ( 'NONE', *, *, #4246, .F. ) ;
#7869 = AXIS2_PLACEMENT_3D ( 'NONE', #5636, #3278, #8205 ) ;
#7870 =( BOUNDED_SURFACE ( )  B_SPLINE_SURFACE ( 3, 2, ( 
 ( #3406, #4036, #7148 ),
 ( #5926, #2143, #2105 ),
 ( #2025, #4671, #4709 ),
 ( #5257, #7227, #6561 ),
 ( #1470, #6607, #751 ),
 ( #4592, #7269, #3994 ),
 ( #1979, #4078, #1513 ),
 ( #7861, #1429, #2729 ),
 ( #3316, #7820, #2065 ),
 ( #2772, #2607, #206 ),
 ( #6646, #4548, #1342 ),
 ( #3913, #791, #6481 ),
 ( #711, #3277, #5376 ),
 ( #5535, #4195, #2224 ) ),
 .UNSPECIFIED., .F., .F., .F. ) 
 B_SPLINE_SURFACE_WITH_KNOTS ( ( 4, 2, 2, 2, 2, 2, 4 ),
 ( 3, 3 ),
 ( -5.237670905361099962E-05, 0.003840509713920670174, 0.005786952925407809999, 0.007733396136894950257, 0.01162628255986922036, 0.01357272577135635976, 0.01551916898284349915 ),
 ( 0.000000000000000000, 1.000000000000000000 ),
 .UNSPECIFIED. ) 
 GEOMETRIC_REPRESENTATION_ITEM ( )  RATIONAL_B_SPLINE_SURFACE ( (
 ( 1.000000000000000000, 1.000000000000000000, 1.000000000000000000),
 ( 1.000000000000000000, 0.9999998246536160318, 1.000000000000000000),
 ( 1.000000000000000000, 0.9998569221498210258, 1.000000000000000000),
 ( 1.000000000000000000, 0.9994422691177919926, 1.000000000000000000),
 ( 1.000000000000000000, 0.9992706087085360123, 1.000000000000000000),
 ( 1.000000000000000000, 0.9988616697575789516, 1.000000000000000000),
 ( 1.000000000000000000, 0.9986230020515050043, 1.000000000000000000),
 ( 1.000000000000000000, 0.9978202687361149570, 1.000000000000000000),
 ( 1.000000000000000000, 0.9971741073036459735, 1.000000000000000000),
 ( 1.000000000000000000, 0.9960704989953800270, 1.000000000000000000),
 ( 1.000000000000000000, 0.9956801688505320103, 1.000000000000000000),
 ( 1.000000000000000000, 0.9948596648067540293, 1.000000000000000000),
 ( 1.000000000000000000, 0.9944280681868600258, 1.000000000000000000),
 ( 1.000000000000000000, 0.9939865686229439889, 1.000000000000000000) ) ) 
 REPRESENTATION_ITEM ( '' )  SURFACE ( )  );
#7871 = CARTESIAN_POINT ( 'NONE',  ( 112.4326939608416041, 19.57229531509674914, 7.665341478005800013 ) ) ;
#7872 = CARTESIAN_POINT ( 'NONE',  ( 109.1554989539969966, 19.94925369154724848, 6.304596119238240703 ) ) ;
#7873 = CARTESIAN_POINT ( 'NONE',  ( 1.707106781187665234, 19.70710678118708259, 6.707106781186760180 ) ) ;
#7874 = CARTESIAN_POINT ( 'NONE',  ( 5.499000000000000554, 19.75000000000000000, -8.501000000000001222 ) ) ;
#7875 = ADVANCED_FACE ( 'NONE', ( #3498, #5980 ), #4762, .F. ) ;
#7876 = CARTESIAN_POINT ( 'NONE',  ( 109.6360297657337242, 20.00000000000000000, 0.9999999965867721885 ) ) ;
#7877 = DATE_TIME_ROLE ( 'creation_date' ) ;
#7878 = CARTESIAN_POINT ( 'NONE',  ( 1.017519744401138126, 0.7398395684795799898, -1.493226378986386216 ) ) ;
#7879 = VERTEX_POINT ( 'NONE', #6621 ) ;
#7880 = CARTESIAN_POINT ( 'NONE',  ( 3.035766082959410049E-15, 3.000000000000000000, 3.000000000000000000 ) ) ;
#7881 = DIRECTION ( 'NONE',  ( -0.3420201433255969370, 1.561251128379140584E-14, 0.9396926207859345181 ) ) ;
#7882 = CARTESIAN_POINT ( 'NONE',  ( 129.6900285725522792, 17.35269859372760237, 14.40202048203782859 ) ) ;
#7883 = APPROVAL_PERSON_ORGANIZATION ( #3, #4857, #7031 ) ;
#7884 = CARTESIAN_POINT ( 'NONE',  ( 123.4062300055716577, -0.8321133083540124264, 4.879468675724536908 ) ) ;
#7885 = CARTESIAN_POINT ( 'NONE',  ( 113.4025997963559007, 0.9817605716360643386, -8.279130362457102876 ) ) ;
#7886 = PLANE ( 'NONE',  #3359 ) ;
#7887 = DIRECTION ( 'NONE',  ( 1.000000000000000000, 0.000000000000000000, 0.000000000000000000 ) ) ;
#7888 = ORIENTED_EDGE ( 'NONE', *, *, #7203, .F. ) ;
#7889 = CARTESIAN_POINT ( 'NONE',  ( 148.7083515827920053, -8.081274705556770854, 15.15286556612324809 ) ) ;
#7890 = CARTESIAN_POINT ( 'NONE',  ( 5.499000000000000554, 19.75000000000000000, 10.75099999999999945 ) ) ;
#7891 = VERTEX_POINT ( 'NONE', #2786 ) ;
#7892 = MANIFOLD_SOLID_BREP ( 'NONE', #1764 ) ;
#7893 = LINE ( 'NONE', #6424, #5807 ) ;
#7894 = CIRCLE ( 'NONE', #1033, 0.9999999999999991118 ) ;
#7895 = ADVANCED_FACE ( 'NONE', ( #7918 ), #5270, .T. ) ;
#7896 = CARTESIAN_POINT ( 'NONE',  ( 8.572527594031391838E-17, 0.000000000000000000, -0.4499999999999869660 ) ) ;
#7897 = FACE_OUTER_BOUND ( 'NONE', #4386, .T. ) ;
#7898 = B_SPLINE_CURVE_WITH_KNOTS ( 'NONE', 3,
 ( #4498, #1252, #3818, #5752 ),
 .UNSPECIFIED., .F., .F.,
 ( 4, 4 ),
 ( 1.767524482132400005E-14, 0.0002035676569856035179 ),
 .UNSPECIFIED. ) ;
#7899 = CARTESIAN_POINT ( 'NONE',  ( 0.000000000000000000, 19.75000000000000000, -0.9499999999999999556 ) ) ;
#7900 = FACE_OUTER_BOUND ( 'NONE', #2336, .T. ) ;
#7901 = VERTEX_POINT ( 'NONE', #7791 ) ;
#7902 = FACE_OUTER_BOUND ( 'NONE', #6507, .T. ) ;
#7903 = VERTEX_POINT ( 'NONE', #7283 ) ;
#7904 = CARTESIAN_POINT ( 'NONE',  ( 109.8236730192734001, 1.006450157370804011, -4.336808689942020103E-15 ) ) ;
#7905 = CARTESIAN_POINT ( 'NONE',  ( 5.499000000000000554, -7.810249675906650424, 12.00000000000000000 ) ) ;
#7906 = MANIFOLD_SOLID_BREP ( 'NONE', #5522 ) ;
#7907 = VECTOR ( 'NONE', #3255, 1000.000000000000000 ) ;
#7908 = DIRECTION ( 'NONE',  ( -9.887923813067800438E-15, -1.000000000000000000, 0.000000000000000000 ) ) ;
#7909 = CC_DESIGN_PERSON_AND_ORGANIZATION_ASSIGNMENT ( #4305, #4219, ( #2403 ) ) ;
#7910 = DIRECTION ( 'NONE',  ( 0.000000000000000000, 1.000000000000000000, 0.000000000000000000 ) ) ;
#7911 = CYLINDRICAL_SURFACE ( 'NONE', #4311, 1.000000000000000000 ) ;
#7912 = CARTESIAN_POINT ( 'NONE',  ( 108.1066236522566157, 0.1635420686402385138, -6.548031138773489523 ) ) ;
#7913 = ORIENTED_EDGE ( 'NONE', *, *, #2692, .T. ) ;
#7914 = DIRECTION ( 'NONE',  ( 0.000000000000000000, -1.000000000000000000, 0.000000000000000000 ) ) ;
#7915 = CARTESIAN_POINT ( 'NONE',  ( 137.6920568250739905, -4.236194618177609783, -11.14326218241206057 ) ) ;
#7916 = LINE ( 'NONE', #3287, #2169 ) ;
#7917 = CARTESIAN_POINT ( 'NONE',  ( 0.000000000000000000, 17.00000000000000000, -3.000000000000000000 ) ) ;
#7918 = FACE_OUTER_BOUND ( 'NONE', #2129, .T. ) ;
#7919 = AXIS2_PLACEMENT_3D ( 'NONE', #253, #4755, #8065 ) ;
#7920 = CALENDAR_DATE ( 2026, 3, 9 ) ;
#7921 = CARTESIAN_POINT ( 'NONE',  ( 0.2066796630456087247, 17.72950214909994315, 1.905746416601795890 ) ) ;
#7922 = ORIENTED_EDGE ( 'NONE', *, *, #8118, .F. ) ;
#7923 = CARTESIAN_POINT ( 'NONE',  ( 149.6443950646691974, -8.081274705556770854, 15.50474992217694847 ) ) ;
#7924 = EDGE_CURVE ( 'NONE', #2704, #5110, #7962, .T. ) ;
#7925 = CARTESIAN_POINT ( 'NONE',  ( 146.4464256596835980, -8.890127078178910125, 19.63893517515699827 ) ) ;
#7926 = AXIS2_PLACEMENT_3D ( 'NONE', #2088, #6753, #7294 ) ;
#7927 = FACE_OUTER_BOUND ( 'NONE', #6230, .T. ) ;
#7928 = CARTESIAN_POINT ( 'NONE',  ( 109.1554989540150018, 19.94925369154670136, -6.304596119239709751 ) ) ;
#7929 = CARTESIAN_POINT ( 'NONE',  ( 3.035766082959410049E-15, 2.738153414567654931, 2.607230121851484839 ) ) ;
#7930 = DIRECTION ( 'NONE',  ( -1.000000000000000000, -6.123233995736767268E-17, -6.245004513516505540E-17 ) ) ;
#7931 = CARTESIAN_POINT ( 'NONE',  ( 106.3652026147251917, 18.96217762314260113, -7.000000000000000000 ) ) ;
#7932 = ORIENTED_EDGE ( 'NONE', *, *, #6139, .T. ) ;
#7933 = TOROIDAL_SURFACE ( 'NONE', #3760, 1.199999999999999956, 0.2500000000000000000 ) ;
#7934 = PLANE ( 'NONE',  #7988 ) ;
#7935 = CIRCLE ( 'NONE', #2948, 1.000000000000000000 ) ;
#7936 = DIRECTION ( 'NONE',  ( 1.000000000000000000, 0.000000000000000000, 0.000000000000000000 ) ) ;
#7937 = CARTESIAN_POINT ( 'NONE',  ( 112.4296393594564449, 0.1729371524441916941, 7.451849281493639232 ) ) ;
#7938 = VECTOR ( 'NONE', #1130, 1000.000000000000000 ) ;
#7939 = FACE_OUTER_BOUND ( 'NONE', #3113, .T. ) ;
#7940 = CARTESIAN_POINT ( 'NONE',  ( 113.5017766947476048, 0.7497783676556617483, -8.296978373601533008 ) ) ;
#7941 = EDGE_CURVE ( 'NONE', #2409, #7683, #5787, .T. ) ;
#7942 = AXIS2_PLACEMENT_3D ( 'NONE', #7086, #1914, #1326 ) ;
#7943 = VERTEX_POINT ( 'NONE', #7876 ) ;
#7944 = ADVANCED_FACE ( 'NONE', ( #2828 ), #4051, .F. ) ;
#7945 = CARTESIAN_POINT ( 'NONE',  ( 126.0933560594071565, 18.30667491315738360, 11.97937101222175826 ) ) ;
#7946 = AXIS2_PLACEMENT_3D ( 'NONE', #177, #2743, #6531 ) ;
#7947 = EDGE_LOOP ( 'NONE', ( #3951, #2060, #1061, #4669 ) ) ;
#7948 = CARTESIAN_POINT ( 'NONE',  ( 0.7194935261379643565, 1.050222289195311243, 1.700309574875227714 ) ) ;
#7949 = ORIENTED_EDGE ( 'NONE', *, *, #4931, .F. ) ;
#7950 = SPHERICAL_SURFACE ( 'NONE', #5605, 1.000000000000000000 ) ;
#7951 = CARTESIAN_POINT ( 'NONE',  ( 3.000000000000000000, 0.000000000000000000, 4.000000000000000000 ) ) ;
#7952 = AXIS2_PLACEMENT_3D ( 'NONE', #6880, #6687, #1065 ) ;
#7953 = CARTESIAN_POINT ( 'NONE',  ( 5.499000000000000554, -7.810249675906650424, -8.501000000000001222 ) ) ;
#7954 = PLANE ( 'NONE',  #3631 ) ;
#7955 = CARTESIAN_POINT ( 'NONE',  ( 112.4032237870958397, 19.59237169581190230, -7.646679399211979700 ) ) ;
#7956 = ORIENTED_EDGE ( 'NONE', *, *, #1695, .F. ) ;
#7957 = CARTESIAN_POINT ( 'NONE',  ( 139.3466073720746010, -4.393717437518110280, -18.03219266777390217 ) ) ;
#7958 = EDGE_CURVE ( 'NONE', #5255, #7082, #1404, .T. ) ;
#7959 = CARTESIAN_POINT ( 'NONE',  ( 141.4796629027514143, -4.305760436613229380, -11.45766028133549952 ) ) ;
#7960 = DIRECTION ( 'NONE',  ( 0.000000000000000000, 0.000000000000000000, -1.000000000000000000 ) ) ;
#7961 = CARTESIAN_POINT ( 'NONE',  ( 0.2936149475722117375, 18.31388696310810715, -2.124074664417870739 ) ) ;
#7962 = LINE ( 'NONE', #3377, #1728 ) ;
#7963 = PERSON_AND_ORGANIZATION_ROLE ( 'design_owner' ) ;
#7964 = CARTESIAN_POINT ( 'NONE',  ( 137.6920568250741894, -4.236194618177090199, 11.14326218240604049 ) ) ;
#7965 = ORIENTED_EDGE ( 'NONE', *, *, #909, .F. ) ;
#7966 = CARTESIAN_POINT ( 'NONE',  ( 148.7734996624059818, -8.064568907250949437, 17.82140865013899855 ) ) ;
#7967 = CARTESIAN_POINT ( 'NONE',  ( 109.6098628040218728, 19.99034293820999864, 6.853336753433699080 ) ) ;
#7968 = CARTESIAN_POINT ( 'NONE',  ( 106.3649126752824117, 18.88652285270550024, 7.000000000000000000 ) ) ;
#7969 = CARTESIAN_POINT ( 'NONE',  ( 110.8754968781995984, 19.94632634233354906, -6.518905655209169758 ) ) ;
#7970 = CARTESIAN_POINT ( 'NONE',  ( 147.4992961041500337, 10.35292779324915990, -20.02214867748140037 ) ) ;
#7971 = PERSON_AND_ORGANIZATION_ROLE ( 'design_owner' ) ;
#7972 = CARTESIAN_POINT ( 'NONE',  ( 107.6603498901965281, 19.70365560833405638, -6.712476139835008127 ) ) ;
#7973 = ORIENTED_EDGE ( 'NONE', *, *, #6635, .F. ) ;
#7974 = CIRCLE ( 'NONE', #2322, 0.9999999999999991118 ) ;
#7975 = CARTESIAN_POINT ( 'NONE',  ( 149.0221706692672115, 10.31899613928726112, 15.97647368981930072 ) ) ;
#7976 = DIRECTION ( 'NONE',  ( 0.000000000000000000, -1.000000000000000000, 0.000000000000000000 ) ) ;
#7977 = DIRECTION ( 'NONE',  ( -0.9360434818771455889, 0.000000000000000000, -0.3518843560536759063 ) ) ;
#7978 = CIRCLE ( 'NONE', #1129, 1.000000000000000888 ) ;
#7979 = ADVANCED_FACE ( 'NONE', ( #3418 ), #6022, .F. ) ;
#7980 = VERTEX_POINT ( 'NONE', #4646 ) ;
#7981 = CARTESIAN_POINT ( 'NONE',  ( 138.2928594947462102, 15.55953114948189864, -11.36193647085172032 ) ) ;
#7982 = EDGE_LOOP ( 'NONE', ( #6865, #2091, #3254, #7252 ) ) ;
#7983 = CARTESIAN_POINT ( 'NONE',  ( 1.029550817973582832, 0.7278084949071319532, 1.485204348247844308 ) ) ;
#7984 = VERTEX_POINT ( 'NONE', #5392 ) ;
#7985 = LINE ( 'NONE', #7351, #6036 ) ;
#7986 = CARTESIAN_POINT ( 'NONE',  ( 3.000000000000000000, 6.599999999999999645, -7.000000000000000000 ) ) ;
#7987 = DIRECTION ( 'NONE',  ( 0.000000000000000000, -1.000000000000000000, 0.000000000000000000 ) ) ;
#7988 = AXIS2_PLACEMENT_3D ( 'NONE', #7258, #1502, #3431 ) ;
#7989 = CARTESIAN_POINT ( 'NONE',  ( 5.499000000000000554, 0.000000000000000000, 9.501000000000001222 ) ) ;
#7990 = FACE_OUTER_BOUND ( 'NONE', #2531, .T. ) ;
#7991 = ORIENTED_EDGE ( 'NONE', *, *, #5012, .F. ) ;
#7992 = B_SPLINE_CURVE_WITH_KNOTS ( 'NONE', 3,
 ( #52, #2618, #2077, #7282, #5349, #6572 ),
 .UNSPECIFIED., .F., .F.,
 ( 4, 2, 4 ),
 ( 5.461248063972052510E-17, 0.0007527434974302902627, 0.001505486994860525882 ),
 .UNSPECIFIED. ) ;
#7993 = CARTESIAN_POINT ( 'NONE',  ( 112.9728094684169974, 19.30033643336374993, 8.031537066837280747 ) ) ;
#7994 = CARTESIAN_POINT ( 'NONE',  ( 5.499000000000000554, 19.75000000000000000, 9.501000000000001222 ) ) ;
#7995 = CARTESIAN_POINT ( 'NONE',  ( 0.2027417934538563171, 18.08414756169679194, -2.277235988347556361 ) ) ;
#7996 = CARTESIAN_POINT ( 'NONE',  ( 108.5783175859353946, 0.07142782194236539650, -6.313569761143550174 ) ) ;
#7997 = DATE_AND_TIME ( #3499, #1973 ) ;
#7998 = CIRCLE ( 'NONE', #3161, 0.9999999999999953371 ) ;
#7999 = EDGE_CURVE ( 'NONE', #6902, #6118, #893, .T. ) ;
#8000 = DIRECTION ( 'NONE',  ( 0.000000000000000000, 1.000000000000000000, 0.000000000000000000 ) ) ;
#8001 = ORIENTED_EDGE ( 'NONE', *, *, #5706, .T. ) ;
#8002 = DIRECTION ( 'NONE',  ( 0.000000000000000000, 0.000000000000000000, 1.000000000000000000 ) ) ;
#8003 = CARTESIAN_POINT ( 'NONE',  ( 128.7482858150234790, -2.353744906993152419, -12.98206879468412644 ) ) ;
#8004 = DIRECTION ( 'NONE',  ( -0.9994674359039734668, -0.03263195623214619479, 0.000000000000000000 ) ) ;
#8005 = CARTESIAN_POINT ( 'NONE',  ( 1.770616071965627425, 19.76024626919915406, -0.2397537308007803569 ) ) ;
#8006 = CARTESIAN_POINT ( 'NONE',  ( 2.803648237606790161, 1.000000000004059864, 2.633728631076509817E-16 ) ) ;
#8007 = APPLICATION_PROTOCOL_DEFINITION ( 'international standard', 'config_control_design', 1994, #1257 ) ;
#8008 = CARTESIAN_POINT ( 'NONE',  ( 107.3271496390803037, 19.60853015477358241, -6.793915983789434954 ) ) ;
#8009 = ORIENTED_EDGE ( 'NONE', *, *, #793, .F. ) ;
#8010 = SECURITY_CLASSIFICATION ( '', '', #8114 ) ;
#8011 = CARTESIAN_POINT ( 'NONE',  ( 108.6196013889412626, 0.02830546960858923433, 6.254170751802424988 ) ) ;
#8012 = CARTESIAN_POINT ( 'NONE',  ( 109.2214462925188485, 0.3191397957812226460, 6.835100312617860219 ) ) ;
#8013 = CARTESIAN_POINT ( 'NONE',  ( 1.836970198721029934E-16, 22.00000000000000000, 1.500000000000000000 ) ) ;
#8014 = FACE_BOUND ( 'NONE', #1453, .T. ) ;
#8015 = ORIENTED_EDGE ( 'NONE', *, *, #8120, .T. ) ;
#8016 = CARTESIAN_POINT ( 'NONE',  ( 139.1131324059913936, 15.30472753517580031, -11.66049139450819894 ) ) ;
#8017 = B_SPLINE_CURVE_WITH_KNOTS ( 'NONE', 3,
 ( #4025, #3858, #659, #5157, #7808, #5286, #4659 ),
 .UNSPECIFIED., .F., .F.,
 ( 4, 3, 4 ),
 ( -5.999999996471499757E-08, 0.000000000000000000, 0.0001883204892168914839 ),
 .UNSPECIFIED. ) ;
#8018 = VERTEX_POINT ( 'NONE', #7323 ) ;
#8019 = FACE_OUTER_BOUND ( 'NONE', #5611, .T. ) ;
#8020 = DESIGN_CONTEXT ( 'detailed design', #5713, 'design' ) ;
#8021 = EDGE_LOOP ( 'NONE', ( #2539, #3351, #1352, #235, #1224, #2478 ) ) ;
#8022 = CARTESIAN_POINT ( 'NONE',  ( 110.0000000000000000, 19.00000000000000000, 6.000000000000000000 ) ) ;
#8023 = CARTESIAN_POINT ( 'NONE',  ( 108.6143867890663870, 0.02615882479374869937, -6.008042157133850480 ) ) ;
#8024 = ADVANCED_FACE ( 'NONE', ( #1569 ), #4129, .T. ) ;
#8025 = FACE_OUTER_BOUND ( 'NONE', #2089, .T. ) ;
#8026 = FACE_OUTER_BOUND ( 'NONE', #4115, .T. ) ;
#8027 = VERTEX_POINT ( 'NONE', #1441 ) ;
#8028 = DIRECTION ( 'NONE',  ( 0.000000000000000000, 1.000000000000000000, 0.000000000000000000 ) ) ;
#8029 = CARTESIAN_POINT ( 'NONE',  ( 143.0590185263470175, -5.983105064754439262, -19.42778959646340198 ) ) ;
#8030 = DIRECTION ( 'NONE',  ( 0.000000000000000000, 0.000000000000000000, 1.000000000000000000 ) ) ;
#8031 = CARTESIAN_POINT ( 'NONE',  ( 5.499000000000000554, 20.00000000000000000, 9.501000000000001222 ) ) ;
#8032 = CARTESIAN_POINT ( 'NONE',  ( 111.6968029705519996, 0.07993136478106330212, -6.929217623698799677 ) ) ;
#8033 = ADVANCED_FACE ( 'NONE', ( #180 ), #8149, .T. ) ;
#8034 = APPROVAL_ROLE ( '' ) ;
#8035 = ADVANCED_FACE ( 'NONE', ( #5547 ), #8204, .F. ) ;
#8036 = CARTESIAN_POINT ( 'NONE',  ( 132.8422825135116057, -2.940901478952020032, 9.378088690062188704 ) ) ;
#8037 = VERTEX_POINT ( 'NONE', #6438 ) ;
#8038 = CARTESIAN_POINT ( 'NONE',  ( 0.000000000000000000, 0.5000000000000109912, -0.9499999999999999556 ) ) ;
#8039 = CARTESIAN_POINT ( 'NONE',  ( 106.5949696325872083, 19.27394843308790229, 6.962376291164490638 ) ) ;
#8040 = LINE ( 'NONE', #6786, #683 ) ;
#8041 = DIRECTION ( 'NONE',  ( 0.000000000000000000, 0.000000000000000000, 1.000000000000000000 ) ) ;
#8042 = CARTESIAN_POINT ( 'NONE',  ( 113.4024101645254063, 0.9452817923039531500, 8.279059074663440043 ) ) ;
#8043 = APPROVAL_STATUS ( 'not_yet_approved' ) ;
#8044 = CARTESIAN_POINT ( 'NONE',  ( 0.3786408315593344787, 18.51085693295774703, 1.992762044695335133 ) ) ;
#8045 = ORIENTED_EDGE ( 'NONE', *, *, #3135, .T. ) ;
#8046 = CC_DESIGN_APPROVAL ( #8304, ( #598 ) ) ;
#8047 = CC_DESIGN_PERSON_AND_ORGANIZATION_ASSIGNMENT ( #2880, #2250, ( #129 ) ) ;
#8048 = PLANE ( 'NONE',  #6023 ) ;
#8049 = CARTESIAN_POINT ( 'NONE',  ( 110.2134465754028554, 0.3284111660957311774, 7.004627624640393790 ) ) ;
#8050 = PLANE ( 'NONE',  #1484 ) ;
#8051 = CARTESIAN_POINT ( 'NONE',  ( 121.9212435416229994, 18.35391645343484868, 4.338977804588910026 ) ) ;
#8052 = VECTOR ( 'NONE', #6204, 1000.000000000000000 ) ;
#8053 = ORIENTED_EDGE ( 'NONE', *, *, #2330, .T. ) ;
#8054 = LINE ( 'NONE', #7423, #2000 ) ;
#8055 = CIRCLE ( 'NONE', #1070, 2.498999999999999666 ) ;
#8056 = ORIENTED_EDGE ( 'NONE', *, *, #1249, .F. ) ;
#8057 = DIRECTION ( 'NONE',  ( 0.000000000000000000, 0.000000000000000000, 1.000000000000000000 ) ) ;
#8058 = DIRECTION ( 'NONE',  ( -1.000000000000000000, 0.000000000000000000, -4.336808689942015271E-16 ) ) ;
#8059 = DIRECTION ( 'NONE',  ( -0.3420201433257158974, 1.734723475976814983E-14, -0.9396926207858913305 ) ) ;
#8060 = LINE ( 'NONE', #6890, #5577 ) ;
#8061 = AXIS2_PLACEMENT_3D ( 'NONE', #5597, #5438, #6868 ) ;
#8062 = ADVANCED_FACE ( 'NONE', ( #2569 ), #7653, .F. ) ;
#8063 = CIRCLE ( 'NONE', #4595, 0.9999999999999991118 ) ;
#8064 = DIRECTION ( 'NONE',  ( 0.000000000000000000, -1.000000000000000000, 0.000000000000000000 ) ) ;
#8065 = DIRECTION ( 'NONE',  ( 0.000000000000000000, 0.000000000000000000, 1.000000000000000000 ) ) ;
#8066 = ORIENTED_EDGE ( 'NONE', *, *, #8252, .T. ) ;
#8067 = CARTESIAN_POINT ( 'NONE',  ( 148.4739276611900038, -8.058822669330860222, -18.61829664549079766 ) ) ;
#8068 = EDGE_CURVE ( 'NONE', #534, #3627, #1749, .T. ) ;
#8069 = CARTESIAN_POINT ( 'NONE',  ( 122.1329999630548144, -1.057680782257449659, -11.56112665879883217 ) ) ;
#8070 = AXIS2_PLACEMENT_3D ( 'NONE', #7107, #4551, #754 ) ;
#8071 = DIRECTION ( 'NONE',  ( 1.000000000000000000, 0.000000000000000000, 0.000000000000000000 ) ) ;
#8072 = EDGE_CURVE ( 'NONE', #2289, #1475, #6859, .T. ) ;
#8073 = DIRECTION ( 'NONE',  ( -0.03263195623215420921, 0.9994674359039732447, 0.000000000000000000 ) ) ;
#8074 = CARTESIAN_POINT ( 'NONE',  ( 110.0571231222787816, 0.3400080376328107890, -6.754441877974324271 ) ) ;
#8075 = AXIS2_PLACEMENT_3D ( 'NONE', #7076, #5686, #6953 ) ;
#8076 = SHAPE_DEFINITION_REPRESENTATION ( #1321, #7083 ) ;
#8077 = VERTEX_POINT ( 'NONE', #6398 ) ;
#8078 = CARTESIAN_POINT ( 'NONE',  ( 113.4025365857099388, 0.9635211587512880760, 8.279106599845759362 ) ) ;
#8079 = EDGE_CURVE ( 'NONE', #696, #3672, #7526, .T. ) ;
#8080 = CARTESIAN_POINT ( 'NONE',  ( 146.4464256596835980, -8.890127078178910125, -19.63893517515699827 ) ) ;
#8081 = LINE ( 'NONE', #7370, #4045 ) ;
#8082 = ADVANCED_FACE ( 'NONE', ( #1307 ), #5764, .F. ) ;
#8083 = CYLINDRICAL_SURFACE ( 'NONE', #1508, 3.000000000000000000 ) ;
#8084 = DIRECTION ( 'NONE',  ( 0.000000000000000000, 1.000000000000000000, 0.000000000000000000 ) ) ;
#8085 = COORDINATED_UNIVERSAL_TIME_OFFSET ( 2, 0, .AHEAD. ) ;
#8086 = CARTESIAN_POINT ( 'NONE',  ( 2.803648237606785276, 20.00000000000000000, 1.000000000004059864 ) ) ;
#8087 = ORIENTED_EDGE ( 'NONE', *, *, #4376, .T. ) ;
#8088 = CARTESIAN_POINT ( 'NONE',  ( 129.9095720690293945, -2.704357397728217816, 14.48455288933495488 ) ) ;
#8089 = CARTESIAN_POINT ( 'NONE',  ( 108.4164743127140014, 0.2812492896285458954, 6.705322961479111221 ) ) ;
#8090 = DIRECTION ( 'NONE',  ( -1.000000000000000000, 4.625929269271489858E-16, 0.000000000000000000 ) ) ;
#8091 = CARTESIAN_POINT ( 'NONE',  ( 136.9932039071804581, 16.04146992153305717, 9.824722749687245127 ) ) ;
#8092 = AXIS2_PLACEMENT_3D ( 'NONE', #3801, #2538, #3169 ) ;
#8093 = ORIENTED_EDGE ( 'NONE', *, *, #2, .T. ) ;
#8094 = DIRECTION ( 'NONE',  ( -1.000000000000000000, 0.000000000000000000, 1.224646799147353207E-16 ) ) ;
#8095 = ORIENTED_EDGE ( 'NONE', *, *, #8243, .T. ) ;
#8096 = CARTESIAN_POINT ( 'NONE',  ( 133.0052752356177734, 16.73537762227810077, 15.20246541475384916 ) ) ;
#8097 = ADVANCED_FACE ( 'NONE', ( #5041 ), #2484, .T. ) ;
#8098 = CARTESIAN_POINT ( 'NONE',  ( 148.2003663687800099, -8.922563096391790793, -14.96797406877562153 ) ) ;
#8099 = VERTEX_POINT ( 'NONE', #7068 ) ;
#8100 = CARTESIAN_POINT ( 'NONE',  ( 148.7083515827920053, -8.081274705556749538, -15.15286556612324809 ) ) ;
#8101 = B_SPLINE_CURVE_WITH_KNOTS ( 'NONE', 3,
 ( #3902, #7095, #2597, #4026, #7054, #4661, #6593, #7217, #3397, #660 ),
 .UNSPECIFIED., .F., .F.,
 ( 4, 2, 2, 2, 4 ),
 ( 0.000000000000000000, 0.2500000000000000000, 0.5000000000000000000, 0.7500000000000000000, 1.000000000000000000 ),
 .UNSPECIFIED. ) ;
#8102 = CIRCLE ( 'NONE', #4488, 0.2500000000000002220 ) ;
#8103 = CARTESIAN_POINT ( 'NONE',  ( 110.1656931626172025, 18.99993126322744885, -0.06030737921409259905 ) ) ;
#8104 = CARTESIAN_POINT ( 'NONE',  ( 109.9788008335647760, 18.99656058139624903, -7.010118294662764704 ) ) ;
#8105 = PLANE ( 'NONE',  #1755 ) ;
#8106 = DIRECTION ( 'NONE',  ( 0.000000000000000000, 1.000000000000000000, 0.000000000000000000 ) ) ;
#8107 = VERTEX_POINT ( 'NONE', #3829 ) ;
#8108 = CARTESIAN_POINT ( 'NONE',  ( 5.499000000000000554, 20.00000000000000000, 9.501000000000001222 ) ) ;
#8109 = CARTESIAN_POINT ( 'NONE',  ( 8.000000000000000000, 0.000000000000000000, -9.501000000000001222 ) ) ;
#8110 = ADVANCED_FACE ( 'NONE', ( #7109 ), #6221, .F. ) ;
#8111 = CARTESIAN_POINT ( 'NONE',  ( 113.1537600502460066, 0.04838343788831429848, -2.212052556778945078 ) ) ;
#8112 = CYLINDRICAL_SURFACE ( 'NONE', #5524, 3.000000000000000000 ) ;
#8113 = CARTESIAN_POINT ( 'NONE',  ( 111.5964268734686016, 0.07447411999935679705, -6.866388493207800536 ) ) ;
#8114 = SECURITY_CLASSIFICATION_LEVEL ( 'unclassified' ) ;
#8115 = ORIENTED_EDGE ( 'NONE', *, *, #6735, .F. ) ;
#8116 = DIRECTION ( 'NONE',  ( 1.000000000000000000, 0.000000000000000000, 0.000000000000000000 ) ) ;
#8117 = DIRECTION ( 'NONE',  ( 0.000000000000000000, 1.000000000000000000, 0.000000000000000000 ) ) ;
#8118 = EDGE_CURVE ( 'NONE', #4658, #2261, #2407, .T. ) ;
#8119 = DIRECTION ( 'NONE',  ( -0.02990262109231477811, 0.9995528166394258562, 0.000000000000000000 ) ) ;
#8120 = EDGE_CURVE ( 'NONE', #2890, #6567, #3470, .T. ) ;
#8121 = DIRECTION ( 'NONE',  ( 0.000000000000000000, -1.000000000000000000, 0.000000000000000000 ) ) ;
#8122 = FACE_OUTER_BOUND ( 'NONE', #5667, .T. ) ;
#8123 = PERSON_AND_ORGANIZATION_ROLE ( 'creator' ) ;
#8124 = CARTESIAN_POINT ( 'NONE',  ( 2.607305765700790090, 19.98066173482415309, 1.012892176783895870 ) ) ;
#8125 = ORIENTED_EDGE ( 'NONE', *, *, #2419, .T. ) ;
#8126 = AXIS2_PLACEMENT_3D ( 'NONE', #1771, #4344, #5259 ) ;
#8127 = CARTESIAN_POINT ( 'NONE',  ( 146.0993758418595974, -8.885380540972404262, 20.57074309900452391 ) ) ;
#8128 = CARTESIAN_POINT ( 'NONE',  ( 109.8336585615134169, 0.3314294690402687649, 6.938391579523202068 ) ) ;
#8129 = CARTESIAN_POINT ( 'NONE',  ( 125.6269600240955668, 18.38425679590670825, -11.80539819932037382 ) ) ;
#8130 = DIRECTION ( 'NONE',  ( 0.000000000000000000, 1.000000000000000000, 0.000000000000000000 ) ) ;
#8131 = CARTESIAN_POINT ( 'NONE',  ( 141.5873796711099999, 13.53700226820490116, 11.49686597874940119 ) ) ;
#8132 = VERTEX_POINT ( 'NONE', #843 ) ;
#8133 = CARTESIAN_POINT ( 'NONE',  ( 133.4872947640361929, 15.95750605123424926, -8.548676177545649679 ) ) ;
#8134 = EDGE_CURVE ( 'NONE', #105, #368, #5106, .T. ) ;
#8135 = EDGE_LOOP ( 'NONE', ( #3990, #1910, #4810 ) ) ;
#8136 = CARTESIAN_POINT ( 'NONE',  ( 109.3895992746190160, 0.3290194716903150352, -6.862141704945440068 ) ) ;
#8137 = CARTESIAN_POINT ( 'NONE',  ( 137.0000000000000000, 7.299999999999999822, 14.00000000000000000 ) ) ;
#8138 = DIRECTION ( 'NONE',  ( 4.625929269271489858E-16, 1.000000000000000000, 0.000000000000000000 ) ) ;
#8139 = CARTESIAN_POINT ( 'NONE',  ( 122.3812018429526063, 17.97426856483479796, -11.65443253655366007 ) ) ;
#8140 = CARTESIAN_POINT ( 'NONE',  ( 85.00000000000000000, 0.000000000000000000, 0.000000000000000000 ) ) ;
#8141 = LOCAL_TIME ( 21, 5, 34.00000000000000000, #4683 ) ;
#8142 = ORIENTED_EDGE ( 'NONE', *, *, #3563, .T. ) ;
#8143 = CARTESIAN_POINT ( 'NONE',  ( 1.836970198721029934E-16, 20.00000000000000000, 1.500000000000000000 ) ) ;
#8144 = ORIENTED_EDGE ( 'NONE', *, *, #1311, .T. ) ;
#8145 = CARTESIAN_POINT ( 'NONE',  ( 148.2003663687800099, -8.922563096391810333, -14.96797406877562153 ) ) ;
#8146 = ORIENTED_EDGE ( 'NONE', *, *, #1019, .F. ) ;
#8147 = CARTESIAN_POINT ( 'NONE',  ( 112.1270318274520008, 19.68276276979590023, 7.447327796514370490 ) ) ;
#8148 = APPROVAL ( #3290, 'UNSPECIFIED' ) ;
#8149 =( BOUNDED_SURFACE ( )  B_SPLINE_SURFACE ( 3, 2, ( 
 ( #2237, #4293, #2396 ),
 ( #3571, #1608, #6817 ),
 ( #422, #6143, #6182 ),
 ( #376, #2905, #4912 ) ),
 .UNSPECIFIED., .F., .F., .F. ) 
 B_SPLINE_SURFACE_WITH_KNOTS ( ( 4, 4 ),
 ( 3, 3 ),
 ( -2.082752373344654757E-16, 0.0002062957268671784827 ),
 ( 0.000000000000000000, 1.000000000000000000 ),
 .UNSPECIFIED. ) 
 GEOMETRIC_REPRESENTATION_ITEM ( )  RATIONAL_B_SPLINE_SURFACE ( (
 ( 1.000000000000000000, 0.7032485266767849463, 1.000000000000000000),
 ( 1.000000000000000000, 0.7031310242749230222, 1.000000000000000000),
 ( 1.000000000000000000, 0.7030133015410929831, 1.000000000000000000),
 ( 1.000000000000000000, 0.7028953609440199424, 1.000000000000000000) ) ) 
 REPRESENTATION_ITEM ( '' )  SURFACE ( )  );
#8150 = DIRECTION ( 'NONE',  ( -1.000000000000000000, -0.000000000000000000, -0.000000000000000000 ) ) ;
#8151 = CARTESIAN_POINT ( 'NONE',  ( 132.0000000000000000, 0.6999999999999999556, 6.000000000000000000 ) ) ;
#8152 = B_SPLINE_SURFACE_WITH_KNOTS ( 'NONE', 3, 1, ( 
 ( #471, #3125 ),
 ( #4350, #2408 ),
 ( #6369, #514 ),
 ( #1732, #8164 ),
 ( #6279, #7494 ) ),
 .UNSPECIFIED., .F., .F., .F.,
 ( 4, 1, 4 ),
 ( 2, 2 ),
 ( 0.03673942410017665139, 0.3972603678105849911, 0.9996125456460689396 ),
 ( 0.000000000000000000, 1.000000000000000000 ),
 .UNSPECIFIED. ) ;
#8153 = CARTESIAN_POINT ( 'NONE',  ( 112.3095308722605949, 0.1286994293116678068, -7.320806339589950973 ) ) ;
#8154 = COORDINATED_UNIVERSAL_TIME_OFFSET ( 2, 0, .AHEAD. ) ;
#8155 = CIRCLE ( 'NONE', #1850, 1.000000000000000000 ) ;
#8156 = VERTEX_POINT ( 'NONE', #212 ) ;
#8157 = CARTESIAN_POINT ( 'NONE',  ( 1.170030629533429956, 1.409784746521413945, 0.6146771197821209176 ) ) ;
#8158 = DIRECTION ( 'NONE',  ( 0.000000000000000000, 1.000000000000000000, 0.000000000000000000 ) ) ;
#8159 = VECTOR ( 'NONE', #1279, 1000.000000000000000 ) ;
#8160 = DIRECTION ( 'NONE',  ( 0.000000000000000000, 0.000000000000000000, 1.000000000000000000 ) ) ;
#8161 = DIRECTION ( 'NONE',  ( 0.9396926207859098712, 0.000000000000000000, 0.3420201433256648826 ) ) ;
#8162 = CARTESIAN_POINT ( 'NONE',  ( 109.6862067745636011, 1.002243944376671969, 0.000000000000000000 ) ) ;
#8163 = COORDINATED_UNIVERSAL_TIME_OFFSET ( 2, 0, .AHEAD. ) ;
#8164 = CARTESIAN_POINT ( 'NONE',  ( 118.0941025510276035, 0.3119240735625360417, -4.010190174148169362 ) ) ;
#8165 = ORIENTED_EDGE ( 'NONE', *, *, #3892, .F. ) ;
#8166 = EDGE_CURVE ( 'NONE', #6576, #2519, #262, .T. ) ;
#8167 = CARTESIAN_POINT ( 'NONE',  ( 147.8886938636780144, -10.00000000000000000, -20.17507026191099939 ) ) ;
#8168 = CARTESIAN_POINT ( 'NONE',  ( 110.1345737523064230, 0.3297161204362074605, 6.990765912878585731 ) ) ;
#8169 = CARTESIAN_POINT ( 'NONE',  ( 112.6703391644021650, 19.95581067114791196, -6.935203503046285078 ) ) ;
#8170 = CARTESIAN_POINT ( 'NONE',  ( 5.500000000000000000, -32.00100000000000477, 12.50000000000000000 ) ) ;
#8171 = CARTESIAN_POINT ( 'NONE',  ( 113.5351631809070057, 18.99711886853589959, 1.286694171123920150 ) ) ;
#8172 = CIRCLE ( 'NONE', #2530, 1.000000000000000222 ) ;
#8173 = ORIENTED_EDGE ( 'NONE', *, *, #327, .F. ) ;
#8174 = CARTESIAN_POINT ( 'NONE',  ( 148.2003663687800099, -8.922563096391790793, 14.96797406877562153 ) ) ;
#8175 = LOCAL_TIME ( 21, 5, 34.00000000000000000, #8292 ) ;
#8176 = ORIENTED_EDGE ( 'NONE', *, *, #3360, .F. ) ;
#8177 = DIRECTION ( 'NONE',  ( 0.000000000000000000, -0.000000000000000000, 1.000000000000000000 ) ) ;
#8178 = CARTESIAN_POINT ( 'NONE',  ( 3.000000000000000000, 0.6999999999999999556, 11.50000000000000000 ) ) ;
#8179 = CARTESIAN_POINT ( 'NONE',  ( 112.0205378423147806, 19.71762299582033151, -7.370470450078997260 ) ) ;
#8180 = CARTESIAN_POINT ( 'NONE',  ( 132.6041327018935760, 15.56725065089849913, -15.49751195746440224 ) ) ;
#8181 = B_SPLINE_CURVE_WITH_KNOTS ( 'NONE', 3,
 ( #1619, #6789, #1691, #6277, #1021, #4260, #6752, #1147, #6114, #3080, #8210, #983, #7411, #3543, #5478, #469, #2950, #8042 ),
 .UNSPECIFIED., .F., .F.,
 ( 4, 2, 2, 2, 2, 2, 2, 2, 4 ),
 ( 0.000000000000000000, 0.2455046761365424213, 0.3083792864584968263, 0.3712538967804511758, 0.4970031174243619287, 0.6227523380682712384, 0.6856269483902256434, 0.7485015587121804925, 1.000000000000000000 ),
 .UNSPECIFIED. ) ;
#8182 = ADVANCED_FACE ( 'NONE', ( #4083 ), #6652, .T. ) ;
#8183 = CARTESIAN_POINT ( 'NONE',  ( 118.5565854046307948, 0.7469340496673511076, 3.114342394242235024 ) ) ;
#8184 = CC_DESIGN_APPROVAL ( #2344, ( #3492 ) ) ;
#8185 = CARTESIAN_POINT ( 'NONE',  ( 109.9575348463515780, 19.13420747226159691, -7.023782417526096999 ) ) ;
#8186 = EDGE_CURVE ( 'NONE', #2843, #667, #280, .T. ) ;
#8187 = VERTEX_POINT ( 'NONE', #8143 ) ;
#8188 = ORIENTED_EDGE ( 'NONE', *, *, #5278, .F. ) ;
#8189 = CARTESIAN_POINT ( 'NONE',  ( 113.4697039340936016, 0.8581661314343870250, 8.304356643878449518 ) ) ;
#8190 = VERTEX_POINT ( 'NONE', #2932 ) ;
#8191 = CARTESIAN_POINT ( 'NONE',  ( 0.000000000000000000, 17.00000000000000000, 3.000000000000000000 ) ) ;
#8192 = VECTOR ( 'NONE', #8084, 1000.000000000000000 ) ;
#8193 = CARTESIAN_POINT ( 'NONE',  ( 112.4326939608416041, 19.57229531509674914, 7.665341478005800013 ) ) ;
#8194 = AXIS2_PLACEMENT_3D ( 'NONE', #575, #5705, #8269 ) ;
#8195 = CARTESIAN_POINT ( 'NONE',  ( 109.7549385276565914, 1.004393896386317930, 0.000000000000000000 ) ) ;
#8196 = CARTESIAN_POINT ( 'NONE',  ( 110.8296381168256630, 0.3069925898630003758, -7.115909741436962754 ) ) ;
#8197 = DIRECTION ( 'NONE',  ( 0.9392167804700469746, 0.03181982016604929797, -0.3418469516144320153 ) ) ;
#8198 = ORIENTED_EDGE ( 'NONE', *, *, #2225, .T. ) ;
#8199 = APPROVAL_STATUS ( 'not_yet_approved' ) ;
#8200 = AXIS2_PLACEMENT_3D ( 'NONE', #1640, #6057, #2346 ) ;
#8201 = ORIENTED_EDGE ( 'NONE', *, *, #7271, .T. ) ;
#8202 = CARTESIAN_POINT ( 'NONE',  ( 106.7841415320164060, 19.38880713691595048, 6.921481390959650426 ) ) ;
#8203 = EDGE_CURVE ( 'NONE', #1702, #5110, #6060, .T. ) ;
#8204 =( BOUNDED_SURFACE ( )  B_SPLINE_SURFACE ( 3, 2, ( 
 ( #2869, #6105, #1049 ),
 ( #6861, #336, #6901 ),
 ( #2938, #299, #1135 ),
 ( #2984, #6065, #6741 ),
 ( #1092, #3612, #5431 ),
 ( #8113, #4953, #7996 ),
 ( #8032, #2354, #7527 ),
 ( #7363, #3025, #5508 ),
 ( #4167, #2274, #4206 ),
 ( #973, #3535, #7482 ),
 ( #5469, #4835, #7400 ),
 ( #1649, #6779, #1721 ),
 ( #1011, #8074, #2316 ),
 ( #4337, #4876, #7440 ),
 ( #1684, #4249, #3660 ),
 ( #6228, #460, #5589 ),
 ( #8153, #1766, #4553 ),
 ( #4421, #6355, #3156 ),
 ( #4999, #6985, #5174 ),
 ( #1222, #3239, #1175 ) ),
 .UNSPECIFIED., .F., .F., .T. ) 
 B_SPLINE_SURFACE_WITH_KNOTS ( ( 4, 2, 2, 2, 2, 2, 2, 2, 2, 4 ),
 ( 3, 3 ),
 ( -4.279198900428380086E-05, 0.003078286128553584834, 0.006199364246111459947, 0.007759903304890390131, 0.009320442363669330724, 0.01010071189305880059, 0.01029577927540615938, 0.01049084665775351990, 0.01088098142244826004, 0.01244152048122720150 ),
 ( 0.000000000000000000, 1.000000000000000000 ),
 .UNSPECIFIED. ) 
 GEOMETRIC_REPRESENTATION_ITEM ( )  RATIONAL_B_SPLINE_SURFACE ( (
 ( 1.000000000000000000, 1.000000000000000000, 1.000000000000000000),
 ( 1.000000000000000000, 1.000000693825392029, 1.000000000000000000),
 ( 1.000000000000000000, 0.9997691697372229624, 1.000000000000000000),
 ( 1.000000000000000000, 0.9989004543908560629, 1.000000000000000000),
 ( 1.000000000000000000, 0.9982629012298450677, 1.000000000000000000),
 ( 1.000000000000000000, 0.9970692872234899751, 1.000000000000000000),
 ( 1.000000000000000000, 0.9966301413823470678, 1.000000000000000000),
 ( 1.000000000000000000, 0.9956980490281840401, 1.000000000000000000),
 ( 1.000000000000000000, 0.9952060640451040330, 1.000000000000000000),
 ( 1.000000000000000000, 0.9944430912636439412, 1.000000000000000000),
 ( 1.000000000000000000, 0.9941845951826639993, 1.000000000000000000),
 ( 1.000000000000000000, 0.9938576621788640653, 1.000000000000000000),
 ( 1.000000000000000000, 0.9937920848022649967, 1.000000000000000000),
 ( 1.000000000000000000, 0.9936605830202280831, 1.000000000000000000),
 ( 1.000000000000000000, 0.9935926556792330500, 1.000000000000000000),
 ( 1.000000000000000000, 0.9934188012160379833, 1.000000000000000000),
 ( 1.000000000000000000, 0.9933024520505809862, 1.000000000000000000),
 ( 1.000000000000000000, 0.9927189031029119981, 1.000000000000000000),
 ( 1.000000000000000000, 0.9922463020001199840, 1.000000000000000000),
 ( 1.000000000000000000, 0.9917733153127720191, 1.000000000000000000) ) ) 
 REPRESENTATION_ITEM ( '' )  SURFACE ( )  );
#8205 = DIRECTION ( 'NONE',  ( 1.000000000000000000, 0.000000000000000000, 0.000000000000000000 ) ) ;
#8206 = CARTESIAN_POINT ( 'NONE',  ( 8.000000000000000000, 13.40000000000000036, 9.501000000000001222 ) ) ;
#8207 = CARTESIAN_POINT ( 'NONE',  ( 137.4955416922086044, 14.14272984318965953, -17.33632643144634855 ) ) ;
#8208 = VECTOR ( 'NONE', #4506, 1000.000000000000000 ) ;
#8209 = DIRECTION ( 'NONE',  ( 0.000000000000000000, 1.000000000000000000, 0.000000000000000000 ) ) ;
#8210 = CARTESIAN_POINT ( 'NONE',  ( 113.4682475065265947, 0.5401141251088229511, 8.214387861917661127 ) ) ;
#8211 = SHAPE_DEFINITION_REPRESENTATION ( #298, #1561 ) ;
#8212 = DIRECTION ( 'NONE',  ( 8.595445695815679977E-32, -1.000000000000000000, 0.000000000000000000 ) ) ;
#8213 = VERTEX_POINT ( 'NONE', #3527 ) ;
#8214 = AXIS2_PLACEMENT_3D ( 'NONE', #511, #5598, #8161 ) ;
#8215 = CARTESIAN_POINT ( 'NONE',  ( 142.6699864724808720, -6.888106547119932976, 19.28154180303294751 ) ) ;
#8216 = EDGE_CURVE ( 'NONE', #4991, #7746, #3232, .T. ) ;
#8217 = CARTESIAN_POINT ( 'NONE',  ( 146.1397589593833288, 11.34196334294031239, -19.51151488299127834 ) ) ;
#8218 = LINE ( 'NONE', #2460, #5393 ) ;
#8219 = CARTESIAN_POINT ( 'NONE',  ( 131.8495872991701958, 16.37578484105954857, 7.952599407898859774 ) ) ;
#8220 = EDGE_CURVE ( 'NONE', #7794, #3018, #6217, .T. ) ;
#8221 = EDGE_LOOP ( 'NONE', ( #2573, #5813, #284, #7033, #4743, #3039, #4554, #4021, #4413 ) ) ;
#8222 = LINE ( 'NONE', #569, #857 ) ;
#8223 = VERTEX_POINT ( 'NONE', #2347 ) ;
#8224 = CARTESIAN_POINT ( 'NONE',  ( 108.4625973871640099, 0.07678489246434409832, 6.337045672346349967 ) ) ;
#8225 = CARTESIAN_POINT ( 'NONE',  ( 5.500999999999999446, 6.599999999999999645, -9.501000000000001222 ) ) ;
#8226 = CARTESIAN_POINT ( 'NONE',  ( 111.1908525944929380, 19.90410093041357698, -6.755983080079216663 ) ) ;
#8227 = CARTESIAN_POINT ( 'NONE',  ( 115.6206123026490076, 19.78533573123795009, -8.043896838090178747 ) ) ;
#8228 = CARTESIAN_POINT ( 'NONE',  ( 0.000000000000000000, 20.00000000000000000, 0.000000000000000000 ) ) ;
#8229 = ADVANCED_FACE ( 'NONE', ( #7433 ), #4241, .T. ) ;
#8230 = CIRCLE ( 'NONE', #4482, 1.000000000000000000 ) ;
#8231 = CARTESIAN_POINT ( 'NONE',  ( 112.7112185299586002, 19.45011328348790158, -7.858632890480889088 ) ) ;
#8232 = EDGE_LOOP ( 'NONE', ( #7691, #7275, #2953, #8294 ) ) ;
#8233 = VERTEX_POINT ( 'NONE', #1004 ) ;
#8234 = CARTESIAN_POINT ( 'NONE',  ( 1.163414459189985682E-16, 0.5000000000000109912, -0.9499999999999999556 ) ) ;
#8235 = ORIENTED_EDGE ( 'NONE', *, *, #3449, .F. ) ;
#8236 = CARTESIAN_POINT ( 'NONE',  ( 1.193252742455400472, 18.60220028312436114, 0.5963839781476879542 ) ) ;
#8237 = CIRCLE ( 'NONE', #7428, 2.000000000000001776 ) ;
#8238 = DIRECTION ( 'NONE',  ( 1.000000000000000000, 0.000000000000000000, 0.000000000000000000 ) ) ;
#8239 = CARTESIAN_POINT ( 'NONE',  ( 109.7968817701752755, 0.2394945745337214160, -6.788712228691445638 ) ) ;
#8240 = CARTESIAN_POINT ( 'NONE',  ( 110.5808856661762860, 0.3182810428279909121, -7.070319335287196694 ) ) ;
#8241 = CARTESIAN_POINT ( 'NONE',  ( 109.6174781541735967, 1.000000000000000000, 1.000000000000000000 ) ) ;
#8242 = ORIENTED_EDGE ( 'NONE', *, *, #2468, .F. ) ;
#8243 = EDGE_CURVE ( 'NONE', #4221, #2110, #863, .T. ) ;
#8244 = ORIENTED_EDGE ( 'NONE', *, *, #5673, .F. ) ;
#8245 = ADVANCED_FACE ( 'NONE', ( #8026 ), #3490, .T. ) ;
#8246 = DIRECTION ( 'NONE',  ( -3.052279086265420196E-15, 1.000000000000000000, -8.673617379884030739E-15 ) ) ;
#8247 = CARTESIAN_POINT ( 'NONE',  ( 123.3892520328613926, 19.09095435220649861, 5.937466971538960081 ) ) ;
#8248 = CARTESIAN_POINT ( 'NONE',  ( 113.5343802452578075, 18.99711952091784894, 1.286409205852341975 ) ) ;
#8249 = DIRECTION ( 'NONE',  ( 0.000000000000000000, 1.000000000000000000, 0.000000000000000000 ) ) ;
#8250 = DIRECTION ( 'NONE',  ( 0.000000000000000000, -1.000000000000000000, 0.000000000000000000 ) ) ;
#8251 = CARTESIAN_POINT ( 'NONE',  ( 119.5001836948446083, 19.79048529598060213, -10.28701408287206043 ) ) ;
#8252 = EDGE_CURVE ( 'NONE', #4991, #3353, #4792, .T. ) ;
#8253 = PERSON_AND_ORGANIZATION ( #5375, #6038 ) ;
#8254 = CARTESIAN_POINT ( 'NONE',  ( 0.07808197337323899423, 2.476504225844305296, -2.214756338766505017 ) ) ;
#8255 = EDGE_LOOP ( 'NONE', ( #6370, #5708, #914, #322, #7071 ) ) ;
#8256 = DIRECTION ( 'NONE',  ( 0.000000000000000000, 0.000000000000000000, 1.000000000000000000 ) ) ;
#8257 = AXIS2_PLACEMENT_3D ( 'NONE', #3435, #4144, #951 ) ;
#8258 = CARTESIAN_POINT ( 'NONE',  ( 107.8302566377117984, 0.0006030513617902579730, -6.011876223126760621 ) ) ;
#8259 = DIRECTION ( 'NONE',  ( 0.000000000000000000, -1.000000000000000000, 0.000000000000000000 ) ) ;
#8260 = CARTESIAN_POINT ( 'NONE',  ( 5.499000000000000554, -7.810249675906650424, 10.50099999999999945 ) ) ;
#8261 = ORIENTED_EDGE ( 'NONE', *, *, #7378, .F. ) ;
#8262 = CARTESIAN_POINT ( 'NONE',  ( 3.000000000000000000, -7.810249675906650424, 9.501000000000001222 ) ) ;
#8263 = VERTEX_POINT ( 'NONE', #6098 ) ;
#8264 = AXIS2_PLACEMENT_3D ( 'NONE', #3150, #2603, #3273 ) ;
#8265 = CARTESIAN_POINT ( 'NONE',  ( 110.1834106557359974, 0.04062809819006810153, 6.000602840077450040 ) ) ;
#8266 = CARTESIAN_POINT ( 'NONE',  ( 146.6807762917188143, -8.894450581663440047, -19.01483139128439959 ) ) ;
#8267 = DIRECTION ( 'NONE',  ( 0.9396926207858911084, 0.000000000000000000, 0.3420201433257158419 ) ) ;
#8268 = FACE_OUTER_BOUND ( 'NONE', #3284, .T. ) ;
#8269 = DIRECTION ( 'NONE',  ( 0.000000000000000000, 0.000000000000000000, 1.000000000000000000 ) ) ;
#8270 = CARTESIAN_POINT ( 'NONE',  ( 112.9923634922346025, 0.2599223030270423340, -7.808786220233276509 ) ) ;
#8271 = ORIENTED_EDGE ( 'NONE', *, *, #7168, .T. ) ;
#8272 = ORIENTED_EDGE ( 'NONE', *, *, #993, .F. ) ;
#8273 = CARTESIAN_POINT ( 'NONE',  ( 113.2136612916224010, 0.3438960798037065114, 7.982888372873980565 ) ) ;
#8274 = ORIENTED_EDGE ( 'NONE', *, *, #3455, .T. ) ;
#8275 = CARTESIAN_POINT ( 'NONE',  ( 0.8692502088405954508, 18.40792718178538934, 0.8881091040401198899 ) ) ;
#8276 = CARTESIAN_POINT ( 'NONE',  ( 146.9526503818005949, 9.539544568843208339, 19.82318590585730078 ) ) ;
#8277 = EDGE_CURVE ( 'NONE', #5274, #7559, #2861, .T. ) ;
#8278 = LOCAL_TIME ( 21, 5, 34.00000000000000000, #4130 ) ;
#8279 = CARTESIAN_POINT ( 'NONE',  ( 109.2097790026027582, 0.2185157983522984515, -6.676343555402221241 ) ) ;
#8280 = FACE_OUTER_BOUND ( 'NONE', #3332, .T. ) ;
#8281 = CARTESIAN_POINT ( 'NONE',  ( 106.5491821503320011, 0.6529864607521820297, -6.938088990555829838 ) ) ;
#8282 = ORIENTED_EDGE ( 'NONE', *, *, #3091, .F. ) ;
#8283 = PERSON_AND_ORGANIZATION ( #1460, #2514 ) ;
#8284 = ORIENTED_EDGE ( 'NONE', *, *, #676, .T. ) ;
#8285 = CARTESIAN_POINT ( 'NONE',  ( 112.8351827302615931, 19.38528580130749646, 7.942039155958600105 ) ) ;
#8286 = CARTESIAN_POINT ( 'NONE',  ( 5.499000000000000554, 19.75000000000000000, -9.501000000000001222 ) ) ;
#8287 = EDGE_CURVE ( 'NONE', #1633, #7143, #5580, .T. ) ;
#8288 = CARTESIAN_POINT ( 'NONE',  ( 110.1975204538019995, 0.04065014866365750101, -6.000536714113939851 ) ) ;
#8289 = DIRECTION ( 'NONE',  ( 0.6071062792351035187, 0.7946206426423294555, 1.040834085586084414E-14 ) ) ;
#8290 = CARTESIAN_POINT ( 'NONE',  ( 3.000000000000000000, 13.40000000000000036, -7.000000000000000000 ) ) ;
#8291 = EDGE_CURVE ( 'NONE', #777, #7088, #4289, .T. ) ;
#8292 = COORDINATED_UNIVERSAL_TIME_OFFSET ( 2, 0, .AHEAD. ) ;
#8293 = LINE ( 'NONE', #7040, #7166 ) ;
#8294 = ORIENTED_EDGE ( 'NONE', *, *, #1725, .T. ) ;
#8296 = CARTESIAN_POINT ( 'NONE',  ( 2.803648237606790161, 18.99999999999635136, 2.633728631076504887E-16 ) ) ;
#8295 = CIRCLE ( 'NONE', #4141, 2.498999999999999666 ) ;
#8297 = CARTESIAN_POINT ( 'NONE',  ( 0.000000000000000000, 0.000000000000000000, 0.000000000000000000 ) ) ;
#8298 = LINE ( 'NONE', #5740, #5920 ) ;
#8299 = CARTESIAN_POINT ( 'NONE',  ( 0.05345479281059682675, 17.66213252601815853, -2.337867473981267707 ) ) ;
#8300 = DIRECTION ( 'NONE',  ( 0.000000000000000000, 1.000000000000000000, 0.000000000000000000 ) ) ;
#8301 = ORIENTED_EDGE ( 'NONE', *, *, #3235, .T. ) ;
#8302 = FACE_OUTER_BOUND ( 'NONE', #1189, .T. ) ;
#8303 = ORIENTED_EDGE ( 'NONE', *, *, #1712, .F. ) ;
#8304 = APPROVAL ( #1692, 'UNSPECIFIED' ) ;
#8305 = CARTESIAN_POINT ( 'NONE',  ( 110.0593990901189301, 0.3632256448795982973, 6.777979157108789288 ) ) ;
#8306 = CARTESIAN_POINT ( 'NONE',  ( 3.000000000000000000, 0.000000000000000000, 9.501000000000001222 ) ) ;
#8307 = DIRECTION ( 'NONE',  ( 0.000000000000000000, 0.000000000000000000, -1.000000000000000000 ) ) ;
#8308 = CARTESIAN_POINT ( 'NONE',  ( 116.0077712051953966, 18.72857516928290167, -9.258485575497500619 ) ) ;
#8309 = DIRECTION ( 'NONE',  ( -8.595445695815679977E-32, 1.000000000000000000, 0.000000000000000000 ) ) ;
#8310 = CARTESIAN_POINT ( 'NONE',  ( 113.2104602057204374, 0.3428988554168375114, -7.980493413935823455 ) ) ;
#8311 = VERTEX_POINT ( 'NONE', #2977 ) ;
#8312 = AXIS2_PLACEMENT_3D ( 'NONE', #4092, #3968, #6659 ) ;
#8313 =( NAMED_UNIT ( * ) PLANE_ANGLE_UNIT ( ) SI_UNIT ( $, .RADIAN. ) );
#8314 = ORIENTED_EDGE ( 'NONE', *, *, #5489, .F. ) ;
#8315 = CARTESIAN_POINT ( 'NONE',  ( 110.2908405054122483, 0.5339466761571712849, 6.973467704475246443 ) ) ;
#8316 = ORIENTED_EDGE ( 'NONE', *, *, #7334, .T. ) ;
#8317 = CARTESIAN_POINT ( 'NONE',  ( 0.04517654503550531248, 2.481220285131247927, 2.654152562754249267 ) ) ;
#8318 = CARTESIAN_POINT ( 'NONE',  ( 110.1102928200240711, 0.8724716855186819275, -7.005774570749287555 ) ) ;
#8319 = NEXT_ASSEMBLY_USAGE_OCCURRENCE ( 'NAUO1', ' ', ' ', #6305, #7538, $ ) ;
#8320 = NEXT_ASSEMBLY_USAGE_OCCURRENCE ( 'NAUO2', ' ', ' ', #6305, #5576, $ ) ;
#8321 = NEXT_ASSEMBLY_USAGE_OCCURRENCE ( 'NAUO3', ' ', ' ', #6305, #7697, $ ) ;
#8322 = NEXT_ASSEMBLY_USAGE_OCCURRENCE ( 'NAUO4', ' ', ' ', #6305, #2956, $ ) ;
#8323 = NEXT_ASSEMBLY_USAGE_OCCURRENCE ( 'NAUO5', ' ', ' ', #6305, #598, $ ) ;
ENDSEC;
END-ISO-10303-21;
