ISO-10303-21;
HEADER;
FILE_DESCRIPTION (( 'STEP AP203' ),
    '1' );
FILE_NAME ('BratV1 Stanga de la Raul.STEP',
    '2026-09-03T17:52:22',
    ( '' ),
    ( '' ),
    'SwSTEP 2.0',
    'SolidWorks 2026',
    '' );
FILE_SCHEMA (( 'CONFIG_CONTROL_DESIGN' ));
ENDSEC;

DATA;
#1 = DIRECTION ( 'NONE',  ( 0.9396926207859334079, 0.000000000000000000, -0.3420201433256000456 ) ) ;
#2 = CARTESIAN_POINT ( 'NONE',  ( 136.8103610369820728, 15.99643839196992268, -10.82235115986771667 ) ) ;
#3 = CARTESIAN_POINT ( 'NONE',  ( 149.7093515827920100, 6.599999999999998757, -12.00000000000008171 ) ) ;
#4 = ORIENTED_EDGE ( 'NONE', *, *, #2240, .T. ) ;
#5 = ORIENTED_EDGE ( 'NONE', *, *, #1706, .F. ) ;
#6 = EDGE_CURVE ( 'NONE', #2572, #2758, #461, .T. ) ;
#7 = CARTESIAN_POINT ( 'NONE',  ( 108.1304763176290464, 0.09553749738943355385, -6.405783514190193095 ) ) ;
#8 = CARTESIAN_POINT ( 'NONE',  ( 113.1029060339097043, 0.05753122341824196823, -7.098635657351533013 ) ) ;
#9 = VERTEX_POINT ( 'NONE', #1595 ) ;
#10 = CARTESIAN_POINT ( 'NONE',  ( 113.0214302141567373, 20.00000000000000000, -2.163888435341486005 ) ) ;
#11 = AXIS2_PLACEMENT_3D ( 'NONE', #310, #986, #961 ) ;
#12 = B_SPLINE_CURVE_WITH_KNOTS ( 'NONE', 3,
 ( #561, #808, #578, #2776 ),
 .UNSPECIFIED., .F., .F.,
 ( 4, 4 ),
 ( 0.000000000000000000, 0.002376854027354023419 ),
 .UNSPECIFIED. ) ;
#13 = CARTESIAN_POINT ( 'NONE',  ( 113.4025997963560144, 1.000000000000002665, -8.279130362457097547 ) ) ;
#14 = CARTESIAN_POINT ( 'NONE',  ( 112.5513943275471718, 0.1585229760157977619, -7.481283546191628275 ) ) ;
#15 = FACE_OUTER_BOUND ( 'NONE', #193, .T. ) ;
#16 = CARTESIAN_POINT ( 'NONE',  ( 0.000000000000000000, 0.000000000000000000, 0.000000000000000000 ) ) ;
#17 = CARTESIAN_POINT ( 'NONE',  ( 111.7728010335388120, 0.08088664250800417510, -6.975219400542155945 ) ) ;
#18 = ADVANCED_FACE ( 'NONE', ( #498 ), #896, .T. ) ;
#19 = VECTOR ( 'NONE', #78, 1000.000000000000000 ) ;
#20 = ORIENTED_EDGE ( 'NONE', *, *, #117, .T. ) ;
#21 = ORIENTED_EDGE ( 'NONE', *, *, #1088, .T. ) ;
#22 = LINE ( 'NONE', #2585, #2272 ) ;
#23 = CARTESIAN_POINT ( 'NONE',  ( 146.9526503818007654, 9.539544568843174588, -19.82318590585731144 ) ) ;
#24 = CIRCLE ( 'NONE', #811, 20.00000000000000355 ) ;
#25 = VERTEX_POINT ( 'NONE', #1802 ) ;
#26 = EDGE_CURVE ( 'NONE', #2483, #1301, #2058, .T. ) ;
#27 = CARTESIAN_POINT ( 'NONE',  ( 5.499000000000000554, -7.810249675906655753, -9.501000000000018986 ) ) ;
#28 = CARTESIAN_POINT ( 'NONE',  ( 131.8179997513900616, -3.100099776827210274, -14.13626731809368486 ) ) ;
#29 = ADVANCED_FACE ( 'NONE', ( #2435 ), #1340, .T. ) ;
#30 = CIRCLE ( 'NONE', #1065, 1.000000000000000000 ) ;
#31 = CARTESIAN_POINT ( 'NONE',  ( 106.3649126752672913, 0.9991312990075332801, -7.000000000000002665 ) ) ;
#32 = AXIS2_PLACEMENT_3D ( 'NONE', #1791, #1382, #2237 ) ;
#33 = CARTESIAN_POINT ( 'NONE',  ( 139.0969910643515846, 14.62040345588047074, -17.93835506790870937 ) ) ;
#34 = CARTESIAN_POINT ( 'NONE',  ( 113.5025721023792897, 0.6200368052970964827, -8.261131022551705172 ) ) ;
#35 = CARTESIAN_POINT ( 'NONE',  ( 118.5565854046307948, 0.7469340496673507745, -3.114342394242235024 ) ) ;
#36 = DIRECTION ( 'NONE',  ( 0.000000000000000000, 0.000000000000000000, -1.000000000000000000 ) ) ;
#37 = CYLINDRICAL_SURFACE ( 'NONE', #1548, 1.000000000000000000 ) ;
#38 = CARTESIAN_POINT ( 'NONE',  ( 144.7711427433670508, 12.21682387970791694, -18.99778929595560584 ) ) ;
#39 = AXIS2_PLACEMENT_3D ( 'NONE', #2089, #1420, #1034 ) ;
#40 = CARTESIAN_POINT ( 'NONE',  ( 135.1853337569682196, 15.89515867635508073, -16.46785605868096525 ) ) ;
#41 = CARTESIAN_POINT ( 'NONE',  ( 134.8793181068110130, -3.916501348579256803, -15.28732414882066415 ) ) ;
#42 = VERTEX_POINT ( 'NONE', #472 ) ;
#43 = EDGE_CURVE ( 'NONE', #559, #465, #2001, .T. ) ;
#44 = CARTESIAN_POINT ( 'NONE',  ( 1.242640687119288323, 19.00000000000000000, -2.152144457471159282E-16 ) ) ;
#45 = EDGE_CURVE ( 'NONE', #1372, #2292, #1620, .T. ) ;
#46 = CARTESIAN_POINT ( 'NONE',  ( 109.6862068386953837, 1.002243946465610769, 4.553649124439118623E-15 ) ) ;
#47 = PRODUCT_DEFINITION_FORMATION_WITH_SPECIFIED_SOURCE ( 'ANY', '', #1397, .NOT_KNOWN. ) ;
#48 = CARTESIAN_POINT ( 'NONE',  ( 106.3649126752824969, 1.000000000000000000, -7.000000000000006217 ) ) ;
#49 = CARTESIAN_POINT ( 'NONE',  ( 109.3895992746188597, 0.3290194716903148131, -6.862141704945436516 ) ) ;
#50 = PERSON_AND_ORGANIZATION_ROLE ( 'design_owner' ) ;
#51 = DIRECTION ( 'NONE',  ( 0.000000000000000000, 0.000000000000000000, -1.000000000000000000 ) ) ;
#52 = ORIENTED_EDGE ( 'NONE', *, *, #43, .T. ) ;
#53 = CARTESIAN_POINT ( 'NONE',  ( 5.499000000000000554, 20.00000000000000000, -9.501000000000018986 ) ) ;
#54 = CARTESIAN_POINT ( 'NONE',  ( 130.2602214497581201, -2.706676382939000813, -13.55056971767085017 ) ) ;
#55 = VERTEX_POINT ( 'NONE', #121 ) ;
#56 = CARTESIAN_POINT ( 'NONE',  ( 5.499000000000000554, 20.00000000000000000, -8.251000000000018986 ) ) ;
#57 = EDGE_CURVE ( 'NONE', #1372, #1252, #1322, .T. ) ;
#58 = CIRCLE ( 'NONE', #1412, 1.000000000000000000 ) ;
#59 = CARTESIAN_POINT ( 'NONE',  ( 8.000000000000000000, -7.810249675906655753, -9.501000000000002998 ) ) ;
#60 = CARTESIAN_POINT ( 'NONE',  ( 113.4919893775253144, 0.5891753843041623862, -8.244934749581016575 ) ) ;
#61 = FACE_OUTER_BOUND ( 'NONE', #1055, .T. ) ;
#62 = PERSON_AND_ORGANIZATION ( #1096, #720 ) ;
#63 = CARTESIAN_POINT ( 'NONE',  ( 107.8301614706118983, 0.003517875563121525273, -6.257423283932595837 ) ) ;
#64 = CARTESIAN_POINT ( 'NONE',  ( 118.2673598003565019, 19.56817715357419729, -9.038455424771258961 ) ) ;
#65 = B_SPLINE_CURVE_WITH_KNOTS ( 'NONE', 3,
 ( #2374, #681, #1267, #2150 ),
 .UNSPECIFIED., .F., .F.,
 ( 4, 4 ),
 ( 1.767524482132398111E-14, 0.0002035676569856035179 ),
 .UNSPECIFIED. ) ;
#66 = CARTESIAN_POINT ( 'NONE',  ( 108.2168414574241666, 0.08553805565433744706, -6.385759274438683519 ) ) ;
#67 = CARTESIAN_POINT ( 'NONE',  ( 146.0993758418595974, -8.885380540972407815, -20.57074309900451681 ) ) ;
#68 = CARTESIAN_POINT ( 'NONE',  ( 132.0486866492701097, 16.74752384795213089, -15.28870458864746062 ) ) ;
#69 = ORIENTED_EDGE ( 'NONE', *, *, #1506, .F. ) ;
#70 = CARTESIAN_POINT ( 'NONE',  ( 2.607305765700781652, 1.012892176783896092, -0.01933826517584499860 ) ) ;
#71 = VERTEX_POINT ( 'NONE', #1439 ) ;
#72 = CARTESIAN_POINT ( 'NONE',  ( 109.7179254311675152, 0.002813311715544937735, -1.011544623535185705 ) ) ;
#73 = DIRECTION ( 'NONE',  ( -0.3518763205489095491, 0.006758014491651208148, -0.9360221067245643178 ) ) ;
#74 = CARTESIAN_POINT ( 'NONE',  ( 113.4024101645254348, 0.9452817923039528170, -8.279059074663440043 ) ) ;
#75 = CARTESIAN_POINT ( 'NONE',  ( 110.9979396675706909, 0.2561840602252991594, -7.050777294627761371 ) ) ;
#76 = CARTESIAN_POINT ( 'NONE',  ( 110.1975204538019000, 0.04065014866365748714, -6.000536714113942516 ) ) ;
#77 = ORIENTED_EDGE ( 'NONE', *, *, #652, .F. ) ;
#78 = DIRECTION ( 'NONE',  ( 1.000000000000000000, -0.000000000000000000, -0.000000000000000000 ) ) ;
#79 = CARTESIAN_POINT ( 'NONE',  ( 122.4841670408637100, -1.059358472564315257, -10.62660659517342587 ) ) ;
#80 = VERTEX_POINT ( 'NONE', #785 ) ;
#81 = ORIENTED_EDGE ( 'NONE', *, *, #1027, .T. ) ;
#82 = DIRECTION ( 'NONE',  ( -0.3420201433256690460, 0.000000000000000000, -0.9396926207859083169 ) ) ;
#83 = B_SPLINE_SURFACE_WITH_KNOTS ( 'NONE', 3, 1, ( 
 ( #2165, #1061 ),
 ( #1947, #1798 ),
 ( #2446, #2285 ),
 ( #2667, #738 ),
 ( #1626, #2262 ) ),
 .UNSPECIFIED., .F., .F., .F.,
 ( 4, 1, 4 ),
 ( 2, 2 ),
 ( 0.03673942410017667221, 0.3972603678105848246, 0.9996125456460692726 ),
 ( 0.000000000000000000, 1.000000000000000000 ),
 .UNSPECIFIED. ) ;
#84 = CARTESIAN_POINT ( 'NONE',  ( 2.561063397309608636, 0.02405878001602801061, -6.253462968017250212 ) ) ;
#85 = CARTESIAN_POINT ( 'NONE',  ( 132.6041327018935476, 15.56725065089851157, -15.49751195746441290 ) ) ;
#86 = ADVANCED_FACE ( 'NONE', ( #1423 ), #2267, .T. ) ;
#87 = CC_DESIGN_APPROVAL ( #1292, ( #47 ) ) ;
#88 = DIRECTION ( 'NONE',  ( 0.000000000000000000, -1.000000000000000000, 0.000000000000000000 ) ) ;
#89 = DIRECTION ( 'NONE',  ( -1.000000000000000000, -0.000000000000000000, 0.000000000000000000 ) ) ;
#90 = CARTESIAN_POINT ( 'NONE',  ( 110.0028372023659671, 19.56142953925554551, -6.881844091279628373 ) ) ;
#91 = EDGE_LOOP ( 'NONE', ( #689, #575, #449 ) ) ;
#92 = DIRECTION ( 'NONE',  ( 0.000000000000000000, 0.000000000000000000, -1.000000000000000000 ) ) ;
#93 = DIRECTION ( 'NONE',  ( 0.000000000000000000, 0.000000000000000000, -1.000000000000000000 ) ) ;
#94 = EDGE_CURVE ( 'NONE', #2572, #95, #2473, .T. ) ;
#95 = VERTEX_POINT ( 'NONE', #1561 ) ;
#96 = ORIENTED_EDGE ( 'NONE', *, *, #707, .T. ) ;
#97 = EDGE_CURVE ( 'NONE', #437, #503, #320, .T. ) ;
#98 = CARTESIAN_POINT ( 'NONE',  ( 148.8821912559368457, 10.86240310499026407, -14.15196026016986330 ) ) ;
#99 = EDGE_CURVE ( 'NONE', #2773, #619, #918, .T. ) ;
#100 = DIRECTION ( 'NONE',  ( 5.204170427930420297E-16, 1.734723475976806848E-16, 1.000000000000000000 ) ) ;
#101 = DIRECTION ( 'NONE',  ( -1.000000000000000000, 0.000000000000000000, -0.000000000000000000 ) ) ;
#102 = APPROVAL_DATE_TIME ( #2704, #1292 ) ;
#103 = DIRECTION ( 'NONE',  ( -1.000000000000000000, -0.000000000000000000, 0.000000000000000000 ) ) ;
#104 = CARTESIAN_POINT ( 'NONE',  ( 107.8161785944026860, 19.73900687360027462, -6.673697885384504147 ) ) ;
#105 = EDGE_CURVE ( 'NONE', #2827, #664, #903, .T. ) ;
#106 = CARTESIAN_POINT ( 'NONE',  ( 110.0000000000000711, 18.88652285270510944, -6.999999999999993783 ) ) ;
#107 = CARTESIAN_POINT ( 'NONE',  ( 130.0422221154982481, 17.35037702541999849, -13.46354687173317011 ) ) ;
#108 = ORIENTED_EDGE ( 'NONE', *, *, #712, .T. ) ;
#109 = CARTESIAN_POINT ( 'NONE',  ( 142.2858829589926586, -5.788352540060422768, -12.81527815655167402 ) ) ;
#110 = ADVANCED_FACE ( 'NONE', ( #282 ), #862, .T. ) ;
#111 = ADVANCED_FACE ( 'NONE', ( #2174 ), #455, .F. ) ;
#112 = CARTESIAN_POINT ( 'NONE',  ( 121.9212435415479376, 18.35391645343175426, -4.338977804561662488 ) ) ;
#113 = DIRECTION ( 'NONE',  ( 0.000000000000000000, 1.000000000000000000, 0.000000000000000000 ) ) ;
#114 = CARTESIAN_POINT ( 'NONE',  ( 107.8161785944027145, 19.73900687360027817, -6.673697885384504147 ) ) ;
#115 = CARTESIAN_POINT ( 'NONE',  ( 108.6196013889417031, 0.02830546960472860724, -6.254170751844253751 ) ) ;
#116 = AXIS2_PLACEMENT_3D ( 'NONE', #1563, #89, #482 ) ;
#117 = EDGE_CURVE ( 'NONE', #1252, #280, #1772, .T. ) ;
#118 = FACE_OUTER_BOUND ( 'NONE', #1881, .T. ) ;
#119 = CARTESIAN_POINT ( 'NONE',  ( 5.499000000000000554, -7.810249675906655753, -9.501000000000018986 ) ) ;
#120 = CARTESIAN_POINT ( 'NONE',  ( 141.5867764680193943, 13.53722577317819642, -11.49664643077920800 ) ) ;
#121 = CARTESIAN_POINT ( 'NONE',  ( 5.500999999999983459, 0.000000000000000000, -12.00000000000001954 ) ) ;
#122 = ORIENTED_EDGE ( 'NONE', *, *, #2244, .F. ) ;
#124 = AXIS2_PLACEMENT_3D ( 'NONE', #693, #1580, #893 ) ;
#123 = DIRECTION ( 'NONE',  ( 8.595445695815679977E-32, -1.000000000000000000, 1.734723475976806848E-16 ) ) ;
#125 = CARTESIAN_POINT ( 'NONE',  ( 0.2624986687523492845, 18.29738096459075081, -1.702619035409886239 ) ) ;
#126 = ORIENTED_EDGE ( 'NONE', *, *, #406, .F. ) ;
#127 = AXIS2_PLACEMENT_3D ( 'NONE', #1849, #2772, #1251 ) ;
#128 = CARTESIAN_POINT ( 'NONE',  ( 141.5563005192558705, 14.48115687850103228, -12.54973186504298077 ) ) ;
#129 = CARTESIAN_POINT ( 'NONE',  ( 8.000000000000000000, 0.000000000000000000, -9.501000000000002998 ) ) ;
#130 = ADVANCED_FACE ( 'NONE', ( #1546 ), #466, .F. ) ;
#131 = DIRECTION ( 'NONE',  ( -1.719089139163135776E-31, 1.000000000000000000, -3.469446951953612217E-16 ) ) ;
#132 = FACE_OUTER_BOUND ( 'NONE', #1482, .T. ) ;
#133 = CARTESIAN_POINT ( 'NONE',  ( 109.1554989540150444, 19.94925369154671557, -6.304596119239707086 ) ) ;
#134 = CARTESIAN_POINT ( 'NONE',  ( 3.396642764494504444E-15, 18.18898261130961558, -5.188982611309625348 ) ) ;
#135 = CARTESIAN_POINT ( 'NONE',  ( 109.4096261370167440, 19.99537881500869219, -6.391763965967886207 ) ) ;
#136 = CARTESIAN_POINT ( 'NONE',  ( 110.1256746847924433, 0.8561365802639614442, -7.008385457723385947 ) ) ;
#137 = DIRECTION ( 'NONE',  ( -1.000000000000000000, 0.000000000000000000, -0.000000000000000000 ) ) ;
#138 = CARTESIAN_POINT ( 'NONE',  ( 106.4324661959902727, 19.12728019054613426, -6.993190809623864190 ) ) ;
#139 = ORIENTED_EDGE ( 'NONE', *, *, #2016, .T. ) ;
#140 = CARTESIAN_POINT ( 'NONE',  ( 8.000000000000000000, -7.810249675906655753, -6.000000000000019540 ) ) ;
#141 = ORIENTED_EDGE ( 'NONE', *, *, #733, .F. ) ;
#142 = EDGE_CURVE ( 'NONE', #664, #372, #1657, .T. ) ;
#143 = CARTESIAN_POINT ( 'NONE',  ( 131.7214533646179859, 17.34962084980775288, -8.970140242186932511 ) ) ;
#144 = CARTESIAN_POINT ( 'NONE',  ( 113.5148263069510080, 1.048461714367740383, -1.279292154345987642 ) ) ;
#145 = CARTESIAN_POINT ( 'NONE',  ( 109.6360297657336957, 19.26179938779915091, -2.286988957586610299E-17 ) ) ;
#146 = CARTESIAN_POINT ( 'NONE',  ( 149.0552157854060908, -9.899529894175966405, -17.07201886924289269 ) ) ;
#147 = CARTESIAN_POINT ( 'NONE',  ( 112.9126794863274483, 19.34021981269368240, -7.993109191236823285 ) ) ;
#148 = LINE ( 'NONE', #1394, #2817 ) ;
#149 = FACE_OUTER_BOUND ( 'NONE', #1602, .T. ) ;
#150 = EDGE_CURVE ( 'NONE', #855, #1878, #1643, .T. ) ;
#151 = CARTESIAN_POINT ( 'NONE',  ( 113.4998991504553061, 0.6155885605757105417, -8.257982685700190117 ) ) ;
#152 = CARTESIAN_POINT ( 'NONE',  ( 139.1844280254853743, 14.34700621490561723, -10.62226310536106055 ) ) ;
#153 = ORIENTED_EDGE ( 'NONE', *, *, #1699, .T. ) ;
#154 = FACE_OUTER_BOUND ( 'NONE', #204, .T. ) ;
#155 = EDGE_LOOP ( 'NONE', ( #1865, #1822, #2386, #2280 ) ) ;
#156 = FACE_OUTER_BOUND ( 'NONE', #2156, .T. ) ;
#157 = CARTESIAN_POINT ( 'NONE',  ( 113.1537600502461203, 0.04838343788831431236, -2.212052556778944634 ) ) ;
#158 = CARTESIAN_POINT ( 'NONE',  ( 8.000000000000007105, 0.000000000000000000, -7.000000000000006217 ) ) ;
#159 = CARTESIAN_POINT ( 'NONE',  ( 106.5949696325974116, 19.27394843308832861, -6.962376291164356523 ) ) ;
#160 = VECTOR ( 'NONE', #2434, 1000.000000000000000 ) ;
#161 = CARTESIAN_POINT ( 'NONE',  ( 123.5478477801121500, 0.1573017852010812900, -4.931013330330290323 ) ) ;
#162 = DIRECTION ( 'NONE',  ( 0.000000000000000000, 1.000000000000000000, -0.000000000000000000 ) ) ;
#163 = CARTESIAN_POINT ( 'NONE',  ( 107.7976269828415781, 0.9999999999999820144, -5.999999999999984013 ) ) ;
#164 = CARTESIAN_POINT ( 'NONE',  ( 110.2316599924942437, 0.6840554423743930856, -7.012652866501862370 ) ) ;
#165 = PLANE ( 'NONE',  #1573 ) ;
#166 = EDGE_LOOP ( 'NONE', ( #994, #291, #69, #978 ) ) ;
#167 = CC_DESIGN_PERSON_AND_ORGANIZATION_ASSIGNMENT ( #2219, #1125, ( #2311 ) ) ;
#168 = DIRECTION ( 'NONE',  ( 4.954937092193131864E-16, 0.000000000000000000, 1.000000000000000000 ) ) ;
#169 = ORIENTED_EDGE ( 'NONE', *, *, #2665, .F. ) ;
#170 = AXIS2_PLACEMENT_3D ( 'NONE', #2017, #2261, #2666 ) ;
#171 = SPHERICAL_SURFACE ( 'NONE', #2444, 1.000000000000000000 ) ;
#172 = AXIS2_PLACEMENT_3D ( 'NONE', #818, #123, #1195 ) ;
#173 = CARTESIAN_POINT ( 'NONE',  ( 107.6146512073670038, 19.69096715915762630, -6.723717149492927092 ) ) ;
#174 = CARTESIAN_POINT ( 'NONE',  ( 5.500999999999983459, -7.810249675906655753, -12.00000000000001954 ) ) ;
#175 = CARTESIAN_POINT ( 'NONE',  ( 106.3657828942394445, 19.00000000000000000, -27.00000000000000711 ) ) ;
#176 = CARTESIAN_POINT ( 'NONE',  ( 126.8222166510920914, 18.46511069917655590, -7.186963907850742572 ) ) ;
#177 = CARTESIAN_POINT ( 'NONE',  ( 110.1333125729603779, 0.8474961408455048417, -7.009759572386654369 ) ) ;
#178 = CARTESIAN_POINT ( 'NONE',  ( 113.5343802452578217, 18.99711952091787026, -1.286409205852342419 ) ) ;
#179 = ORIENTED_EDGE ( 'NONE', *, *, #57, .F. ) ;
#180 = EDGE_LOOP ( 'NONE', ( #1052, #278, #169, #402 ) ) ;
#181 = CARTESIAN_POINT ( 'NONE',  ( 112.3095308722606092, 0.1286994293116678345, -7.320806339589948308 ) ) ;
#182 = CARTESIAN_POINT ( 'NONE',  ( 3.035766082959412415E-15, 17.26184658543302319, -2.607230121851674021 ) ) ;
#183 = ORIENTED_EDGE ( 'NONE', *, *, #1728, .T. ) ;
#184 = CARTESIAN_POINT ( 'NONE',  ( 8.000000000000000000, 13.40000000000000213, -9.501000000000002998 ) ) ;
#185 = CARTESIAN_POINT ( 'NONE',  ( 146.6007660257471343, -8.047637791034114585, -20.75922938773447157 ) ) ;
#186 = EDGE_CURVE ( 'NONE', #1636, #1301, #2489, .T. ) ;
#187 = FACE_OUTER_BOUND ( 'NONE', #196, .T. ) ;
#188 = CARTESIAN_POINT ( 'NONE',  ( 148.7873186094455207, 10.32424018412979727, -16.60038189984981827 ) ) ;
#189 = CARTESIAN_POINT ( 'NONE',  ( 121.7575113146104968, 19.33806974303937309, -5.343561920042229296 ) ) ;
#190 = CARTESIAN_POINT ( 'NONE',  ( 110.2580882724177087, 0.6199184417970028393, -6.999523686151801094 ) ) ;
#191 = CARTESIAN_POINT ( 'NONE',  ( 133.4868876759970817, 15.95761024346703216, -8.548528009616658707 ) ) ;
#192 = ORIENTED_EDGE ( 'NONE', *, *, #2471, .T. ) ;
#193 = EDGE_LOOP ( 'NONE', ( #1633, #2787, #2512, #1299 ) ) ;
#194 = AXIS2_PLACEMENT_3D ( 'NONE', #1169, #93, #137 ) ;
#195 = CARTESIAN_POINT ( 'NONE',  ( 110.1265724981953440, 0.09537853870211308871, -6.362592498300835508 ) ) ;
#196 = EDGE_LOOP ( 'NONE', ( #662, #874, #1695, #1600 ) ) ;
#197 = CARTESIAN_POINT ( 'NONE',  ( 0.4261790687600819916, 1.390307040943883354, -1.390307040943883354 ) ) ;
#198 = EDGE_CURVE ( 'NONE', #2670, #2802, #2382, .T. ) ;
#199 = CARTESIAN_POINT ( 'NONE',  ( 131.5600996335271304, -2.539357305244246188, -7.847234514412072315 ) ) ;
#200 = CARTESIAN_POINT ( 'NONE',  ( 5.499000000000000554, 6.599999999999999645, -8.501000000000018986 ) ) ;
#201 = CARTESIAN_POINT ( 'NONE',  ( 107.2315450620328505, 0.3347635290713267819, -6.756810540236242169 ) ) ;
#202 = CARTESIAN_POINT ( 'NONE',  ( 3.000000000000002665, 1.000000000000000000, 0.000000000000000000 ) ) ;
#203 = CARTESIAN_POINT ( 'NONE',  ( 3.000000000000002665, 19.00000000000000000, 0.000000000000000000 ) ) ;
#204 = EDGE_LOOP ( 'NONE', ( #141, #2036, #108, #1361, #1616 ) ) ;
#205 = EDGE_LOOP ( 'NONE', ( #1041, #719, #1166, #1264, #2054, #621 ) ) ;
#206 = EDGE_CURVE ( 'NONE', #2827, #2823, #2176, .T. ) ;
#207 = CARTESIAN_POINT ( 'NONE',  ( 110.4122799511639954, 0.04109086834887414746, -6.139438390586317240 ) ) ;
#208 = DIRECTION ( 'NONE',  ( 0.000000000000000000, -1.000000000000000000, 0.000000000000000000 ) ) ;
#209 = ORIENTED_EDGE ( 'NONE', *, *, #892, .F. ) ;
#210 = VECTOR ( 'NONE', #2007, 1000.000000000000000 ) ;
#211 = EDGE_CURVE ( 'NONE', #2600, #1288, #419, .T. ) ;
#212 = CARTESIAN_POINT ( 'NONE',  ( 1.170030629533428401, 1.409784746521414167, -0.6146771197821211397 ) ) ;
#213 = EDGE_CURVE ( 'NONE', #2292, #745, #799, .T. ) ;
#214 = CARTESIAN_POINT ( 'NONE',  ( 106.3649126752824827, 1.000000000000000222, -7.000000000000002665 ) ) ;
#215 = AXIS2_PLACEMENT_3D ( 'NONE', #2639, #670, #1324 ) ;
#216 = EDGE_CURVE ( 'NONE', #516, #2292, #1362, .T. ) ;
#217 = CARTESIAN_POINT ( 'NONE',  ( 123.0642098621477487, -0.8321133085786979189, -5.819161296495529712 ) ) ;
#218 = CARTESIAN_POINT ( 'NONE',  ( 109.9999999999999858, 1.000000000000000000, -1.000000000000000000 ) ) ;
#219 = CARTESIAN_POINT ( 'NONE',  ( 149.0503717261176462, -8.081274705556779736, -14.21317294533734632 ) ) ;
#220 = AXIS2_PLACEMENT_3D ( 'NONE', #346, #1665, #1411 ) ;
#221 = CARTESIAN_POINT ( 'NONE',  ( 109.8154807238174868, 0.2425727140729318498, -6.789430763082831888 ) ) ;
#222 = ORIENTED_EDGE ( 'NONE', *, *, #707, .F. ) ;
#223 = ORIENTED_EDGE ( 'NONE', *, *, #2714, .T. ) ;
#224 = CARTESIAN_POINT ( 'NONE',  ( 110.1548107730774859, 0.05225520739100453921, -6.187648216065159801 ) ) ;
#225 = CARTESIAN_POINT ( 'NONE',  ( 109.6015236825080308, 1.039767490175275588, -6.850201849488767536 ) ) ;
#226 = EDGE_LOOP ( 'NONE', ( #1261, #1234, #2226, #2439, #1152, #1329 ) ) ;
#227 = CARTESIAN_POINT ( 'NONE',  ( 132.8319408375701016, 16.53983647042578653, -15.58315126874911627 ) ) ;
#228 = AXIS2_PLACEMENT_3D ( 'NONE', #695, #1062, #1948 ) ;
#229 = CARTESIAN_POINT ( 'NONE',  ( 1.017519744401137682, 1.493226378986386882, -0.7398395684795802119 ) ) ;
#230 = ADVANCED_FACE ( 'NONE', ( #653 ), #2145, .T. ) ;
#231 = CARTESIAN_POINT ( 'NONE',  ( 150.0000000000000000, -9.999999999999998224, -14.55880937064811498 ) ) ;
#232 = DIRECTION ( 'NONE',  ( 0.000000000000000000, 0.000000000000000000, 1.000000000000000000 ) ) ;
#233 = CARTESIAN_POINT ( 'NONE',  ( 3.000000000000002665, 0.000000000000000000, -7.000000000000006217 ) ) ;
#234 = CARTESIAN_POINT ( 'NONE',  ( 147.4992961041498631, 10.35292779324920609, -20.02214867748137195 ) ) ;
#235 = ADVANCED_FACE ( 'NONE', ( #2509 ), #327, .F. ) ;
#236 = ORIENTED_EDGE ( 'NONE', *, *, #2422, .T. ) ;
#237 = EDGE_LOOP ( 'NONE', ( #2470, #2454, #2601 ) ) ;
#238 = EDGE_CURVE ( 'NONE', #489, #1516, #744, .T. ) ;
#239 = CARTESIAN_POINT ( 'NONE',  ( 110.0550936014048204, 0.3491909021789389445, -6.763147697939719372 ) ) ;
#240 = CARTESIAN_POINT ( 'NONE',  ( 5.500999999999983459, 6.599999999999997868, -12.00000000000001954 ) ) ;
#241 = ORIENTED_EDGE ( 'NONE', *, *, #1216, .T. ) ;
#242 = CARTESIAN_POINT ( 'NONE',  ( 147.4992961041499768, 10.35292779324917234, -20.02214867748137905 ) ) ;
#243 = TOROIDAL_SURFACE ( 'NONE', #283, 1.250000000000001776, 0.2500000000000000000 ) ;
#244 = CARTESIAN_POINT ( 'NONE',  ( 149.0503717261176462, 9.501908822039640157, -14.21317294533734987 ) ) ;
#245 = CARTESIAN_POINT ( 'NONE',  ( 137.1076719908043060, 15.43136335144788163, -16.11904235188276147 ) ) ;
#246 = CARTESIAN_POINT ( 'NONE',  ( 138.7923520152251058, 13.67110435193218443, -17.82383291407615289 ) ) ;
#247 = CARTESIAN_POINT ( 'NONE',  ( 148.2014095504335671, 10.33730810948065759, -18.15690948464203558 ) ) ;
#248 = CARTESIAN_POINT ( 'NONE',  ( 143.3027612493734182, 13.79246823554008117, -13.18539158612174234 ) ) ;
#249 = CARTESIAN_POINT ( 'NONE',  ( 8.000000000000007105, 19.00000000000000000, -7.000000000000006217 ) ) ;
#250 = VECTOR ( 'NONE', #2451, 1000.000000000000000 ) ;
#251 = ORIENTED_EDGE ( 'NONE', *, *, #1533, .F. ) ;
#252 = CARTESIAN_POINT ( 'NONE',  ( 149.0503717261176462, -8.081274705556779736, -14.21317294533734632 ) ) ;
#253 = CARTESIAN_POINT ( 'NONE',  ( 125.4301498236841326, -0.6676952068081014602, -12.80061550520096247 ) ) ;
#254 = ORIENTED_EDGE ( 'NONE', *, *, #623, .T. ) ;
#255 = CARTESIAN_POINT ( 'NONE',  ( 125.7093792128905818, -1.671754172290480955, -11.83939546340153548 ) ) ;
#256 = CIRCLE ( 'NONE', #2771, 1.000000000000000888 ) ;
#257 = CARTESIAN_POINT ( 'NONE',  ( 109.6501078090427796, 0.0006030513617903167367, -1.011876223126748187 ) ) ;
#258 = AXIS2_PLACEMENT_3D ( 'NONE', #1659, #964, #2088 ) ;
#259 = DIRECTION ( 'NONE',  ( 4.437993115611288700E-15, 1.000000000000000000, -0.000000000000000000 ) ) ;
#260 = DATE_AND_TIME ( #471, #1685 ) ;
#261 = CARTESIAN_POINT ( 'NONE',  ( 1.242640687119288323, 2.152144457471159282E-16, -1.000000000000001110 ) ) ;
#262 = ORIENTED_EDGE ( 'NONE', *, *, #2016, .F. ) ;
#263 = CIRCLE ( 'NONE', #349, 1.000000000000000000 ) ;
#264 = DIRECTION ( 'NONE',  ( -0.9994674359039734668, -0.03263195623214609070, 0.000000000000000000 ) ) ;
#265 = CARTESIAN_POINT ( 'NONE',  ( 126.8109896210453087, -1.981303180946547116, -13.31971096636617879 ) ) ;
#266 = ORIENTED_EDGE ( 'NONE', *, *, #6, .F. ) ;
#267 = LINE ( 'NONE', #2013, #2306 ) ;
#268 = ORIENTED_EDGE ( 'NONE', *, *, #2764, .T. ) ;
#269 = EDGE_CURVE ( 'NONE', #855, #1275, #1726, .T. ) ;
#270 = CARTESIAN_POINT ( 'NONE',  ( 113.4024101645254348, 0.9452817923039528170, -8.279059074663440043 ) ) ;
#271 = CARTESIAN_POINT ( 'NONE',  ( 113.1098229628647402, 0.2951715370863645660, -7.898037404336395895 ) ) ;
#272 = CARTESIAN_POINT ( 'NONE',  ( 109.8147378296834233, 0.2425544982706762664, -6.789277180216273244 ) ) ;
#273 = DIRECTION ( 'NONE',  ( 0.000000000000000000, 0.000000000000000000, 1.000000000000000000 ) ) ;
#274 = CARTESIAN_POINT ( 'NONE',  ( 140.3384211079638249, 14.28136718234710223, -17.33285084903359419 ) ) ;
#275 = FACE_OUTER_BOUND ( 'NONE', #540, .T. ) ;
#276 = VECTOR ( 'NONE', #1742, 1000.000000000000114 ) ;
#277 = CARTESIAN_POINT ( 'NONE',  ( 145.1181102968630796, -8.027872587397675730, -19.13901221042106471 ) ) ;
#278 = ORIENTED_EDGE ( 'NONE', *, *, #2653, .F. ) ;
#279 = CARTESIAN_POINT ( 'NONE',  ( 130.2986309306802184, -2.716428141892658576, -13.56501149938791428 ) ) ;
#280 = VERTEX_POINT ( 'NONE', #1422 ) ;
#281 = CARTESIAN_POINT ( 'NONE',  ( 143.5063686077500051, 13.85309566857822894, -12.19532083156295243 ) ) ;
#282 = FACE_OUTER_BOUND ( 'NONE', #2397, .T. ) ;
#283 = AXIS2_PLACEMENT_3D ( 'NONE', #1225, #610, #1016 ) ;
#284 = DIRECTION ( 'NONE',  ( 0.9360434818771451448, 0.000000000000000000, -0.3518843560536762949 ) ) ;
#285 = CARTESIAN_POINT ( 'NONE',  ( 148.1814683552015879, 9.533286117507797641, -19.39626424301306429 ) ) ;
#286 = CARTESIAN_POINT ( 'NONE',  ( 108.5933649829196099, 0.2899439767677914892, -6.733934996684042495 ) ) ;
#287 = CARTESIAN_POINT ( 'NONE',  ( 109.8236730192915331, -9.999999999999998224, -1.000000000000000888 ) ) ;
#288 = CARTESIAN_POINT ( 'NONE',  ( 126.2737162290025736, 18.26727503577865619, -12.04715490355324015 ) ) ;
#289 = CARTESIAN_POINT ( 'NONE',  ( 109.3959069696147282, 0.04469004102913810839, -6.151621691574140627 ) ) ;
#290 = CARTESIAN_POINT ( 'NONE',  ( 136.3039534892552354, -3.386431822488908949, -16.88837582274548765 ) ) ;
#291 = ORIENTED_EDGE ( 'NONE', *, *, #1118, .T. ) ;
#292 = ORIENTED_EDGE ( 'NONE', *, *, #2471, .F. ) ;
#293 = EDGE_CURVE ( 'NONE', #372, #280, #1845, .T. ) ;
#294 = CARTESIAN_POINT ( 'NONE',  ( 8.000000000000007105, 6.599999999999999645, -7.000000000000079936 ) ) ;
#295 = CIRCLE ( 'NONE', #842, 1.000000000000000888 ) ;
#296 = EDGE_CURVE ( 'NONE', #25, #1500, #2723, .T. ) ;
#297 = PLANE ( 'NONE',  #2593 ) ;
#298 = CARTESIAN_POINT ( 'NONE',  ( 109.6174781541736394, 0.000000000000000000, -1.000000000000000000 ) ) ;
#299 = CARTESIAN_POINT ( 'NONE',  ( 109.0526039926577653, 19.93996183596519955, -6.333903487711358693 ) ) ;
#300 = DIRECTION ( 'NONE',  ( 0.9995528166394257452, 0.02990262109231492382, -0.000000000000000000 ) ) ;
#301 = CARTESIAN_POINT ( 'NONE',  ( 5.501000000000000334, 6.599999999999999645, -9.501000000000018986 ) ) ;
#302 = CARTESIAN_POINT ( 'NONE',  ( 109.6001099966548935, 18.99028763057805946, -6.849670406296508141 ) ) ;
#303 = ORIENTED_EDGE ( 'NONE', *, *, #2044, .T. ) ;
#304 = VECTOR ( 'NONE', #445, 1000.000000000000000 ) ;
#305 = ORIENTED_EDGE ( 'NONE', *, *, #2147, .F. ) ;
#306 = CARTESIAN_POINT ( 'NONE',  ( 116.2719649250586826, 0.7890006794690689329, -9.357803223435270823 ) ) ;
#307 = EDGE_CURVE ( 'NONE', #2427, #1290, #930, .T. ) ;
#308 = CARTESIAN_POINT ( 'NONE',  ( 3.000000000000002665, 0.000000000000000000, -7.000000000000006217 ) ) ;
#309 = CARTESIAN_POINT ( 'NONE',  ( 110.9806022712153748, 0.3153562399973970920, -7.139500756309392848 ) ) ;
#310 = CARTESIAN_POINT ( 'NONE',  ( 5.499000000000000554, 0.000000000000000000, -9.501000000000018986 ) ) ;
#311 = CARTESIAN_POINT ( 'NONE',  ( 116.6563952050939577, 19.71986472576300642, -8.433135672075282585 ) ) ;
#312 = B_SPLINE_CURVE_WITH_KNOTS ( 'NONE', 3,
 ( #812, #1689, #188, #2248, #247, #1377, #1551 ),
 .UNSPECIFIED., .F., .F.,
 ( 4, 3, 4 ),
 ( 5.295880929093772504E-17, 0.002000000000080967826, 0.004989603678288702555 ),
 .UNSPECIFIED. ) ;
#313 = EDGE_CURVE ( 'NONE', #1965, #1290, #58, .T. ) ;
#314 = PLANE ( 'NONE',  #2225 ) ;
#315 = CARTESIAN_POINT ( 'NONE',  ( 109.6098628040219438, 19.99034293821000929, -6.853336753433699968 ) ) ;
#316 = ORIENTED_EDGE ( 'NONE', *, *, #2032, .T. ) ;
#317 = EDGE_CURVE ( 'NONE', #2157, #9, #2785, .T. ) ;
#318 = VERTEX_POINT ( 'NONE', #815 ) ;
#319 = CARTESIAN_POINT ( 'NONE',  ( 138.2928594947462386, 15.55953114948190041, -11.36193647085172564 ) ) ;
#320 = B_SPLINE_CURVE_WITH_KNOTS ( 'NONE', 3,
 ( #1351, #2043, #84, #945, #2003, #735 ),
 .UNSPECIFIED., .F., .F.,
 ( 4, 2, 4 ),
 ( -1.095446141998132898E-05, 0.0007476109544463898759, 0.001506176370312761054 ),
 .UNSPECIFIED. ) ;
#321 = CARTESIAN_POINT ( 'NONE',  ( 5.499000000000000554, 13.40000000000000213, -9.501000000000018986 ) ) ;
#322 = DIRECTION ( 'NONE',  ( 0.000000000000000000, 0.000000000000000000, -1.000000000000000000 ) ) ;
#323 = CARTESIAN_POINT ( 'NONE',  ( 111.7596233023522387, 19.78930674405539847, -7.179307913097959570 ) ) ;
#324 = B_SPLINE_CURVE_WITH_KNOTS ( 'NONE', 3,
 ( #459, #2377, #1107, #414, #35, #2596, #1963, #894, #1776, #683, #629, #1552, #2623, #2180, #1091, #219 ),
 .UNSPECIFIED., .F., .F.,
 ( 4, 2, 2, 2, 2, 2, 2, 4 ),
 ( 0.0001760889429417033961, 0.005534384564555957370, 0.01089268018617021126, 0.02160927142939871731, 0.02696756705101296947, 0.03232586267262722857, 0.03768415829424148072, 0.04304245391585573288 ),
 .UNSPECIFIED. ) ;
#325 = CARTESIAN_POINT ( 'NONE',  ( 0.000000000000000000, 3.000000000000000000, -0.9999999999999995559 ) ) ;
#326 = CARTESIAN_POINT ( 'NONE',  ( 5.499000000000017430, -7.810249675906655753, -12.00000000000001954 ) ) ;
#327 = PLANE ( 'NONE',  #194 ) ;
#328 = CARTESIAN_POINT ( 'NONE',  ( 106.3657828942394445, 19.00000000000000000, -7.000000000000006217 ) ) ;
#329 = ORIENTED_EDGE ( 'NONE', *, *, #1829, .F. ) ;
#330 = SPHERICAL_SURFACE ( 'NONE', #1774, 1.000000000000000000 ) ;
#331 = EDGE_CURVE ( 'NONE', #2381, #1053, #788, .T. ) ;
#332 = ORIENTED_EDGE ( 'NONE', *, *, #2453, .F. ) ;
#333 = CARTESIAN_POINT ( 'NONE',  ( 121.6994951772784219, 19.34600871968383018, -5.322445772964733202 ) ) ;
#334 = CARTESIAN_POINT ( 'NONE',  ( 5.499000000000000554, -7.810249675906655753, -9.501000000000018986 ) ) ;
#335 = DIRECTION ( 'NONE',  ( 0.5644578978191974183, 0.8254618595607750020, 0.000000000000000000 ) ) ;
#336 = CARTESIAN_POINT ( 'NONE',  ( 109.9662654827353236, 19.36155671666296385, -6.985041702408469888 ) ) ;
#337 = CARTESIAN_POINT ( 'NONE',  ( 110.1929953962744833, 19.98747038457119984, -6.004091400336657891 ) ) ;
#338 = AXIS2_PLACEMENT_3D ( 'NONE', #2722, #2026, #1421 ) ;
#339 = CARTESIAN_POINT ( 'NONE',  ( 1.371507409466823368, 19.55121800784491271, -0.4487819921551700064 ) ) ;
#340 = CARTESIAN_POINT ( 'NONE',  ( 110.1656931626149145, 1.006450157371267196, -0.06030737921327081197 ) ) ;
#341 = CARTESIAN_POINT ( 'NONE',  ( 110.0674605321617463, 0.3913882757341449747, -6.806411421165199371 ) ) ;
#342 = CARTESIAN_POINT ( 'NONE',  ( 110.1834106557184612, 0.04062809819003856959, -6.000602840071008082 ) ) ;
#343 = CARTESIAN_POINT ( 'NONE',  ( 122.8888812823250163, 18.96145957469899912, -10.77509382763696877 ) ) ;
#344 = EDGE_LOOP ( 'NONE', ( #1679, #1181, #2769 ) ) ;
#345 = EDGE_CURVE ( 'NONE', #1212, #2307, #1807, .T. ) ;
#347 = AXIS2_PLACEMENT_3D ( 'NONE', #2554, #2337, #2318 ) ;
#346 = CARTESIAN_POINT ( 'NONE',  ( 5.499000000000000554, 6.599999999999999645, -9.501000000000018986 ) ) ;
#348 = ORIENTED_EDGE ( 'NONE', *, *, #603, .F. ) ;
#349 = AXIS2_PLACEMENT_3D ( 'NONE', #2284, #749, #1173 ) ;
#350 = CARTESIAN_POINT ( 'NONE',  ( 128.7520521699047151, 18.12578080311623197, -6.825188821268352690 ) ) ;
#351 = FACE_OUTER_BOUND ( 'NONE', #1038, .T. ) ;
#352 = CARTESIAN_POINT ( 'NONE',  ( 109.6360297657337100, 19.00000000000000000, 0.000000000000000000 ) ) ;
#353 = CARTESIAN_POINT ( 'NONE',  ( 106.3883930297746332, 19.07017710494594098, -7.000000000000009770 ) ) ;
#354 = DIRECTION ( 'NONE',  ( 1.000000000000000000, -0.000000000000000000, -4.954937092193131864E-16 ) ) ;
#355 = VECTOR ( 'NONE', #447, 1000.000000000000000 ) ;
#356 = DIRECTION ( 'NONE',  ( -0.000000000000000000, -0.000000000000000000, 1.000000000000000000 ) ) ;
#357 = CARTESIAN_POINT ( 'NONE',  ( 109.6501078090428223, 0.0006030513617909452487, -1.011876223126735530 ) ) ;
#358 = FACE_OUTER_BOUND ( 'NONE', #2699, .T. ) ;
#359 = DIRECTION ( 'NONE',  ( 0.000000000000000000, 1.000000000000000000, 0.000000000000000000 ) ) ;
#360 = ORIENTED_EDGE ( 'NONE', *, *, #317, .T. ) ;
#361 = DIRECTION ( 'NONE',  ( 0.9994674359039731337, 0.03263195623215975338, -0.000000000000000000 ) ) ;
#362 = ORIENTED_EDGE ( 'NONE', *, *, #2331, .F. ) ;
#363 = CARTESIAN_POINT ( 'NONE',  ( 141.5873796710826298, 13.53700226821122676, -11.49686597873943761 ) ) ;
#364 = CARTESIAN_POINT ( 'NONE',  ( 111.8449784407243612, 0.06283619752501987121, -0.6715172352407257073 ) ) ;
#365 = CARTESIAN_POINT ( 'NONE',  ( 1.916836832895330467, 19.60694133388453508, -6.807272228490031551 ) ) ;
#366 = CARTESIAN_POINT ( 'NONE',  ( 113.3042678018427978, 19.03561518842191802, -8.233554659597807301 ) ) ;
#367 = CARTESIAN_POINT ( 'NONE',  ( 140.8400101496120271, -5.254659816468503664, -12.28902349140127903 ) ) ;
#368 = CARTESIAN_POINT ( 'NONE',  ( 109.9986739337298616, 18.92502530965101570, -7.000000000000867750 ) ) ;
#369 = CARTESIAN_POINT ( 'NONE',  ( 108.6128177528853342, 20.00000000000000000, -6.001114202575815959 ) ) ;
#370 = CARTESIAN_POINT ( 'NONE',  ( 106.5246873945571338, 0.6726594629280856497, -6.945135009463068165 ) ) ;
#371 = CARTESIAN_POINT ( 'NONE',  ( 3.000000000000002665, 0.000000000000000000, -6.000000000000006217 ) ) ;
#372 = VERTEX_POINT ( 'NONE', #2798 ) ;
#373 = ORIENTED_EDGE ( 'NONE', *, *, #2429, .T. ) ;
#374 = CIRCLE ( 'NONE', #1973, 1.000000000000000888 ) ;
#375 = FACE_OUTER_BOUND ( 'NONE', #1093, .T. ) ;
#376 = VERTEX_POINT ( 'NONE', #203 ) ;
#377 = CIRCLE ( 'NONE', #2350, 1.000000000000000000 ) ;
#378 =( BOUNDED_SURFACE ( )  B_SPLINE_SURFACE ( 3, 2, ( 
 ( #1498, #677, #2395 ),
 ( #207, #1953, #1067 ),
 ( #1925, #224, #435 ),
 ( #2187, #195, #1082 ),
 ( #1054, #1739, #832 ),
 ( #2825, #1039, #1968 ),
 ( #857, #1939, #2615 ),
 ( #1543, #647, #2801 ),
 ( #2410, #884, #7 ),
 ( #2646, #870, #2629 ),
 ( #1722, #2812, #2158 ),
 ( #1526, #451, #389 ),
 ( #620, #1263, #844 ),
 ( #1317, #2198, #634 ),
 ( #1707, #239, #1485 ),
 ( #2144, #1097, #1981 ),
 ( #181, #2371, #404 ),
 ( #2364, #341, #2121 ),
 ( #384, #1227, #1875 ),
 ( #1049, #1660, #1257 ) ),
 .UNSPECIFIED., .F., .F., .F. ) 
 B_SPLINE_SURFACE_WITH_KNOTS ( ( 4, 2, 2, 2, 2, 2, 2, 2, 2, 4 ),
 ( 3, 3 ),
 ( -4.279198900428378730E-05, 0.003078286128553586569, 0.006199364246111457345, 0.007759903304890392733, 0.009320442363669327254, 0.01010071189305879538, 0.01029577927540616111, 0.01049084665775352858, 0.01088098142244826178, 0.01244152048122719803 ),
 ( 0.000000000000000000, 1.000000000000000000 ),
 .UNSPECIFIED. ) 
 GEOMETRIC_REPRESENTATION_ITEM ( )  RATIONAL_B_SPLINE_SURFACE ( (
 ( 1.000000000000000000, 1.000000000000000000, 1.000000000000000000),
 ( 1.000000000000000000, 1.000000693825392251, 1.000000000000000000),
 ( 1.000000000000000000, 0.9997691697372230735, 1.000000000000000000),
 ( 1.000000000000000000, 0.9989004543908561740, 1.000000000000000000),
 ( 1.000000000000000000, 0.9982629012298446236, 1.000000000000000000),
 ( 1.000000000000000000, 0.9970692872234901971, 1.000000000000000000),
 ( 1.000000000000000000, 0.9966301413823466238, 1.000000000000000000),
 ( 1.000000000000000000, 0.9956980490281843732, 1.000000000000000000),
 ( 1.000000000000000000, 0.9952060640451044771, 1.000000000000000000),
 ( 1.000000000000000000, 0.9944430912636437192, 1.000000000000000000),
 ( 1.000000000000000000, 0.9941845951826637773, 1.000000000000000000),
 ( 1.000000000000000000, 0.9938576621788643983, 1.000000000000000000),
 ( 1.000000000000000000, 0.9937920848022651077, 1.000000000000000000),
 ( 1.000000000000000000, 0.9936605830202279721, 1.000000000000000000),
 ( 1.000000000000000000, 0.9935926556792327169, 1.000000000000000000),
 ( 1.000000000000000000, 0.9934188012160385384, 1.000000000000000000),
 ( 1.000000000000000000, 0.9933024520505806532, 1.000000000000000000),
 ( 1.000000000000000000, 0.9927189031029115540, 1.000000000000000000),
 ( 1.000000000000000000, 0.9922463020001195400, 1.000000000000000000),
 ( 1.000000000000000000, 0.9917733153127719081, 1.000000000000000000) ) ) 
 REPRESENTATION_ITEM ( '' )  SURFACE ( )  );
#379 = CARTESIAN_POINT ( 'NONE',  ( 109.9822896739100173, 19.46232986257932041, -6.942035002791723919 ) ) ;
#380 = CARTESIAN_POINT ( 'NONE',  ( 8.000000000000007105, 1.000000000000000000, -7.000000000000006217 ) ) ;
#381 = B_SPLINE_CURVE_WITH_KNOTS ( 'NONE', 3,
 ( #1678, #1481, #1691, #1036, #221, #840, #587, #829 ),
 .UNSPECIFIED., .F., .F.,
 ( 4, 2, 2, 4 ),
 ( 8.677149833022628859E-15, 0.001211192980607986563, 0.002422385961207296039, 0.004844771922405914123 ),
 .UNSPECIFIED. ) ;
#382 = CARTESIAN_POINT ( 'NONE',  ( 2.222152302202441199, 19.90404994759522594, -1.063966701603183074 ) ) ;
#383 = SPHERICAL_SURFACE ( 'NONE', #1952, 1.000000000000000000 ) ;
#384 = CARTESIAN_POINT ( 'NONE',  ( 112.4887249738338397, 0.1495202028093782498, -7.438990414871106793 ) ) ;
#385 = CARTESIAN_POINT ( 'NONE',  ( 107.0625117799918371, 0.4006850786444349777, -6.800779082497185435 ) ) ;
#386 = CARTESIAN_POINT ( 'NONE',  ( 1.917430067068046418, 19.80755555253320921, -6.606658009841409829 ) ) ;
#387 = VECTOR ( 'NONE', #1158, 1000.000000000000000 ) ;
#388 = VERTEX_POINT ( 'NONE', #616 ) ;
#389 = CARTESIAN_POINT ( 'NONE',  ( 107.8604711048570692, 0.1155456001724567972, -6.463642979426839297 ) ) ;
#390 = ORIENTED_EDGE ( 'NONE', *, *, #1957, .T. ) ;
#391 = AXIS2_PLACEMENT_3D ( 'NONE', #1283, #2376, #1932 ) ;
#392 = EDGE_CURVE ( 'NONE', #42, #1978, #381, .T. ) ;
#393 = CARTESIAN_POINT ( 'NONE',  ( 109.6579798566742596, 20.00000000000000000, -0.9396926207858434799 ) ) ;
#394 = AXIS2_PLACEMENT_3D ( 'NONE', #1866, #2725, #758 ) ;
#395 = CARTESIAN_POINT ( 'NONE',  ( 109.9999999999999858, 20.00000000000000000, -6.000000000000006217 ) ) ;
#396 = ADVANCED_FACE ( 'NONE', ( #1718, #1703 ), #165, .F. ) ;
#397 = CARTESIAN_POINT ( 'NONE',  ( 2.607305765700781652, 18.98710782321613522, -0.01933826517584500901 ) ) ;
#398 = CARTESIAN_POINT ( 'NONE',  ( 109.7616366378922237, 19.99997724607449712, -1.000177271887627839 ) ) ;
#399 = CARTESIAN_POINT ( 'NONE',  ( 110.2072625810631479, 19.98730930247018378, -6.004120626716902720 ) ) ;
#400 = CARTESIAN_POINT ( 'NONE',  ( 107.2154422925849957, 0.3521252516634604257, -6.762027502895445963 ) ) ;
#401 = CARTESIAN_POINT ( 'NONE',  ( 123.5903416698213277, 18.10208273456870032, -4.946479841322605431 ) ) ;
#402 = ORIENTED_EDGE ( 'NONE', *, *, #105, .F. ) ;
#403 = VERTEX_POINT ( 'NONE', #2599 ) ;
#404 = CARTESIAN_POINT ( 'NONE',  ( 107.7632969587389198, 0.1254792596251337600, -6.487899235671081399 ) ) ;
#405 = ORIENTED_EDGE ( 'NONE', *, *, #1321, .F. ) ;
#406 = EDGE_CURVE ( 'NONE', #1100, #2427, #2768, .T. ) ;
#407 = CC_DESIGN_PERSON_AND_ORGANIZATION_ASSIGNMENT ( #1390, #739, ( #47 ) ) ;
#408 = DIRECTION ( 'NONE',  ( -1.000000000000000000, 0.000000000000000000, 0.000000000000000000 ) ) ;
#409 = VECTOR ( 'NONE', #1811, 1000.000000000000000 ) ;
#410 = DIRECTION ( 'NONE',  ( -0.000000000000000000, -1.000000000000000000, 0.000000000000000000 ) ) ;
#411 = CARTESIAN_POINT ( 'NONE',  ( 136.0862288827780162, -3.790965350072580620, -10.55878861006891434 ) ) ;
#412 = EDGE_CURVE ( 'NONE', #388, #9, #659, .T. ) ;
#413 = FACE_OUTER_BOUND ( 'NONE', #2197, .T. ) ;
#414 = CARTESIAN_POINT ( 'NONE',  ( 116.8788409273238784, 0.8902501645751395021, -2.503693343798027549 ) ) ;
#415 = CARTESIAN_POINT ( 'NONE',  ( 113.1489272563485429, 0.3153471055304259973, -7.930569828478118310 ) ) ;
#416 = CARTESIAN_POINT ( 'NONE',  ( 135.9367795830957562, 15.30041878589577031, -9.440215740970213432 ) ) ;
#417 = ORIENTED_EDGE ( 'NONE', *, *, #497, .F. ) ;
#418 = EDGE_LOOP ( 'NONE', ( #867, #1441, #2463, #841, #1979, #1396 ) ) ;
#419 = CIRCLE ( 'NONE', #1787, 2.498999999999999666 ) ;
#420 = FACE_OUTER_BOUND ( 'NONE', #91, .T. ) ;
#421 = ADVANCED_FACE ( 'NONE', ( #2140 ), #1063, .T. ) ;
#422 = LINE ( 'NONE', #2296, #2252 ) ;
#423 = ORIENTED_EDGE ( 'NONE', *, *, #603, .T. ) ;
#424 = ADVANCED_FACE ( 'NONE', ( #643 ), #2392, .T. ) ;
#425 = CARTESIAN_POINT ( 'NONE',  ( 0.3786408315590472640, 1.992762044695335355, -1.489143067042955293 ) ) ;
#426 = DIRECTION ( 'NONE',  ( -1.000000000000000000, 0.000000000000000000, 0.000000000000000000 ) ) ;
#427 = CARTESIAN_POINT ( 'NONE',  ( 118.1162129850908684, -0.2478815997139294791, -4.018237714018423112 ) ) ;
#428 = CARTESIAN_POINT ( 'NONE',  ( 148.7083515827920621, 9.501908822039654368, -15.15286556612327296 ) ) ;
#429 = DIRECTION ( 'NONE',  ( -1.000000000000000000, 4.336808689942013792E-15, 0.000000000000000000 ) ) ;
#430 = CARTESIAN_POINT ( 'NONE',  ( 106.3649126752824969, -9.999999999999998224, -27.00000000000000711 ) ) ;
#431 = CARTESIAN_POINT ( 'NONE',  ( 8.000000000000000000, -7.810249675906655753, -6.000000000000019540 ) ) ;
#432 = EDGE_LOOP ( 'NONE', ( #2383, #1218 ) ) ;
#433 = B_SPLINE_CURVE_WITH_KNOTS ( 'NONE', 3,
 ( #1839, #2716, #921, #2006 ),
 .UNSPECIFIED., .F., .F.,
 ( 4, 4 ),
 ( 1.838319552191058898E-05, 0.002372010007980538456 ),
 .UNSPECIFIED. ) ;
#434 = ORIENTED_EDGE ( 'NONE', *, *, #213, .F. ) ;
#435 = CARTESIAN_POINT ( 'NONE',  ( 109.6716086830160322, 0.04219303749817440025, -6.098828517639875102 ) ) ;
#436 = DIRECTION ( 'NONE',  ( -0.9360434818771660170, 0.000000000000000000, 0.3518843560536211168 ) ) ;
#437 = VERTEX_POINT ( 'NONE', #371 ) ;
#438 = EDGE_CURVE ( 'NONE', #1094, #1978, #2610, .T. ) ;
#439 = VECTOR ( 'NONE', #426, 1000.000000000000000 ) ;
#440 = CARTESIAN_POINT ( 'NONE',  ( 133.0052752356178303, 16.73537762227809367, -15.20246541475383317 ) ) ;
#441 = CARTESIAN_POINT ( 'NONE',  ( 8.000000000000007105, 13.40000000000000036, -7.000000000000080824 ) ) ;
#442 = ADVANCED_FACE ( 'NONE', ( #673 ), #1766, .T. ) ;
#443 = CARTESIAN_POINT ( 'NONE',  ( 139.8760168639845460, 14.32807068450977894, -18.23121218101670848 ) ) ;
#444 = FACE_OUTER_BOUND ( 'NONE', #830, .T. ) ;
#445 = DIRECTION ( 'NONE',  ( 0.000000000000000000, 1.000000000000000000, 0.000000000000000000 ) ) ;
#446 = PERSON_AND_ORGANIZATION ( #1096, #720 ) ;
#447 = DIRECTION ( 'NONE',  ( -4.954937092193131864E-16, 0.000000000000000000, -1.000000000000000000 ) ) ;
#448 = ORIENTED_EDGE ( 'NONE', *, *, #2128, .F. ) ;
#449 = ORIENTED_EDGE ( 'NONE', *, *, #438, .F. ) ;
#450 = CARTESIAN_POINT ( 'NONE',  ( 143.9413926079378427, 11.35488858734828455, -19.75949815649353525 ) ) ;
#451 = CARTESIAN_POINT ( 'NONE',  ( 110.0576929939948201, 0.3369715750337674565, -6.751472964696636048 ) ) ;
#452 = CARTESIAN_POINT ( 'NONE',  ( 145.4456703769800470, -8.439166206040288998, -20.32499732854013530 ) ) ;
#453 = ORIENTED_EDGE ( 'NONE', *, *, #1535, .T. ) ;
#454 = CC_DESIGN_SECURITY_CLASSIFICATION ( #900, ( #47 ) ) ;
#455 = CYLINDRICAL_SURFACE ( 'NONE', #772, 1.000000000000000888 ) ;
#456 = CARTESIAN_POINT ( 'NONE',  ( 1.770616071965686267, 0.2397537308007659518, -0.2397537308007659518 ) ) ;
#457 = CARTESIAN_POINT ( 'NONE',  ( 111.7678394604606922, 0.2438477599892860948, -7.299888626451124907 ) ) ;
#458 = CARTESIAN_POINT ( 'NONE',  ( 106.3649126752824969, 0.9991314557922141848, -7.000000000000007105 ) ) ;
#459 = CARTESIAN_POINT ( 'NONE',  ( 110.1656931626149145, 1.006450157371267196, -0.06030737921327081197 ) ) ;
#460 = DIRECTION ( 'NONE',  ( 0.000000000000000000, -1.000000000000000000, 0.000000000000000000 ) ) ;
#461 = CIRCLE ( 'NONE', #1924, 1.000000000000000000 ) ;
#462 = ORIENTED_EDGE ( 'NONE', *, *, #1757, .F. ) ;
#463 = CARTESIAN_POINT ( 'NONE',  ( 110.1929953962748243, 19.98747038457119629, -6.004091400336685425 ) ) ;
#464 = CARTESIAN_POINT ( 'NONE',  ( 120.7055738280867416, 0.1870754599071553781, -11.02451811867413589 ) ) ;
#465 = VERTEX_POINT ( 'NONE', #908 ) ;
#466 = PLANE ( 'NONE',  #638 ) ;
#467 = CARTESIAN_POINT ( 'NONE',  ( 3.000000000000005329, 1.000000000000000444, -4.336808689942017736E-16 ) ) ;
#468 = CARTESIAN_POINT ( 'NONE',  ( 146.2823078705308717, 12.28717291877947559, -14.26985786784178067 ) ) ;
#469 = CARTESIAN_POINT ( 'NONE',  ( 5.499000000000004107, 6.599999999999998757, -12.00000000000001066 ) ) ;
#470 = CARTESIAN_POINT ( 'NONE',  ( 0.000000000000000000, 17.00000000000000000, -4.000000000000004441 ) ) ;
#471 = CALENDAR_DATE ( 2026, 3, 9 ) ;
#472 = CARTESIAN_POINT ( 'NONE',  ( 107.8264114977261414, 0.1183738699775608860, -6.471069865928523512 ) ) ;
#473 =( BOUNDED_SURFACE ( )  B_SPLINE_SURFACE ( 3, 2, ( 
 ( #214, #1045, #13 ),
 ( #31, #655, #2191 ),
 ( #2388, #1293, #1549 ),
 ( #1943, #1280, #2177 ) ),
 .UNSPECIFIED., .F., .F., .T. ) 
 B_SPLINE_SURFACE_WITH_KNOTS ( ( 4, 4 ),
 ( 3, 3 ),
 ( 0.8283662775698308334, 0.8291187212665607209 ),
 ( 0.000000000000000000, 1.000000000000000000 ),
 .UNSPECIFIED. ) 
 GEOMETRIC_REPRESENTATION_ITEM ( )  RATIONAL_B_SPLINE_SURFACE ( (
 ( 1.000000000000000000, 0.9838809587234487175, 1.000000000000000000),
 ( 1.000000000000000000, 0.9838809587235155529, 1.000000000000000000),
 ( 1.000000000000000000, 0.9838806894920140156, 1.000000000000000000),
 ( 1.000000000000000000, 0.9838801513219824768, 1.000000000000000000) ) ) 
 REPRESENTATION_ITEM ( '' )  SURFACE ( )  );
#474 = CARTESIAN_POINT ( 'NONE',  ( 107.7976269828426155, 1.000000000000000000, -6.000000000000006217 ) ) ;
#475 = DIRECTION ( 'NONE',  ( 0.6071062792351042958, 0.7946206426423287894, -1.040834085586085834E-14 ) ) ;
#476 = ORIENTED_EDGE ( 'NONE', *, *, #105, .T. ) ;
#477 = CARTESIAN_POINT ( 'NONE',  ( 1.993848566583859672, 0.1535163225570045364, -0.1535163225570045364 ) ) ;
#478 = AXIS2_PLACEMENT_3D ( 'NONE', #2034, #2491, #1826 ) ;
#479 = CARTESIAN_POINT ( 'NONE',  ( 123.3817524803965853, -0.2700084166964356602, -12.03056689737420015 ) ) ;
#480 = CIRCLE ( 'NONE', #1809, 1.000000000000000888 ) ;
#481 = CARTESIAN_POINT ( 'NONE',  ( 149.0594765572744791, 9.514473665951367565, -17.06068483902384969 ) ) ;
#482 = DIRECTION ( 'NONE',  ( 0.000000000000000000, 0.000000000000000000, 1.000000000000000000 ) ) ;
#483 = DATE_AND_TIME ( #922, #1960 ) ;
#484 = CARTESIAN_POINT ( 'NONE',  ( 5.499000000000000554, 20.00000000000000000, -9.501000000000018986 ) ) ;
#485 = CARTESIAN_POINT ( 'NONE',  ( 123.0892855075457248, 18.92474429310603057, -10.85040563589703133 ) ) ;
#486 = VECTOR ( 'NONE', #88, 1000.000000000000000 ) ;
#487 = CARTESIAN_POINT ( 'NONE',  ( 110.1929953962748243, 19.98747038457119629, -6.004091400336685425 ) ) ;
#488 = CARTESIAN_POINT ( 'NONE',  ( 107.8161785944026860, 34.51914434560578115, -20.14765559307450005 ) ) ;
#489 = VERTEX_POINT ( 'NONE', #660 ) ;
#490 = CARTESIAN_POINT ( 'NONE',  ( 149.2570228453244283, 10.31374609175085943, -15.35256557408234634 ) ) ;
#491 = ORIENTED_EDGE ( 'NONE', *, *, #2032, .F. ) ;
#492 = CARTESIAN_POINT ( 'NONE',  ( 148.1378246485031980, 11.36705164974869753, -13.88103297170257022 ) ) ;
#493 = CARTESIAN_POINT ( 'NONE',  ( 4.185732752414179995E-15, 1.828427124746190069, -1.242640687119284992 ) ) ;
#494 = CARTESIAN_POINT ( 'NONE',  ( 147.8886938636779576, 9.539544568843165706, -20.17507026191098518 ) ) ;
#495 = CARTESIAN_POINT ( 'NONE',  ( 107.8121371302624141, 0.1601290424468773399, -6.550088573221412247 ) ) ;
#496 = DIRECTION ( 'NONE',  ( -1.000000000000000000, 9.887923813067798860E-15, 0.000000000000000000 ) ) ;
#497 = EDGE_CURVE ( 'NONE', #1913, #437, #1092, .T. ) ;
#498 = FACE_OUTER_BOUND ( 'NONE', #180, .T. ) ;
#499 = CARTESIAN_POINT ( 'NONE',  ( 109.9999999999999858, 1.000000000000000000, 0.000000000000000000 ) ) ;
#500 = CARTESIAN_POINT ( 'NONE',  ( 140.8676042657255039, -5.898692061496089600, -17.53964609891125193 ) ) ;
#501 = EDGE_CURVE ( 'NONE', #941, #1516, #710, .T. ) ;
#502 = ORIENTED_EDGE ( 'NONE', *, *, #269, .F. ) ;
#503 = VERTEX_POINT ( 'NONE', #1339 ) ;
#504 = EDGE_CURVE ( 'NONE', #745, #2381, #24, .T. ) ;
#505 = CARTESIAN_POINT ( 'NONE',  ( 109.6504999836577809, -0.01140866359944738700, 4.411347589300396166E-15 ) ) ;
#506 = AXIS2_PLACEMENT_3D ( 'NONE', #2657, #1366, #51 ) ;
#507 = DIRECTION ( 'NONE',  ( 0.000000000000000000, 1.000000000000000000, 0.000000000000000000 ) ) ;
#508 = CARTESIAN_POINT ( 'NONE',  ( 111.7751759194193539, 0.2415216634217280944, -7.275544994266557985 ) ) ;
#509 = CARTESIAN_POINT ( 'NONE',  ( 110.1975202580661488, 0.04078288581566590770, -6.247851390142053596 ) ) ;
#510 = DIRECTION ( 'NONE',  ( 8.595445695815679977E-32, -1.000000000000000000, 1.734723475976806848E-16 ) ) ;
#511 = AXIS2_PLACEMENT_3D ( 'NONE', #2603, #635, #436 ) ;
#512 = DIRECTION ( 'NONE',  ( 0.9360434818771460330, 5.204170427930416550E-15, -0.3518843560536742965 ) ) ;
#513 = CARTESIAN_POINT ( 'NONE',  ( 145.4371913529804772, 11.80742983496703147, -12.89808283848056902 ) ) ;
#514 = ORIENTED_EDGE ( 'NONE', *, *, #1760, .F. ) ;
#515 = EDGE_CURVE ( 'NONE', #437, #1751, #2406, .T. ) ;
#516 = VERTEX_POINT ( 'NONE', #249 ) ;
#517 = FACE_OUTER_BOUND ( 'NONE', #2561, .T. ) ;
#518 = CARTESIAN_POINT ( 'NONE',  ( 0.000000000000000000, 19.00000000000000000, -3.000000000000000000 ) ) ;
#519 = ADVANCED_FACE ( 'NONE', ( #2250 ), #37, .T. ) ;
#520 = DIRECTION ( 'NONE',  ( 0.000000000000000000, 0.000000000000000000, 1.000000000000000000 ) ) ;
#521 = CARTESIAN_POINT ( 'NONE',  ( 108.6235294388685446, 0.1875877475681620166, -6.577839160674206376 ) ) ;
#522 = DATE_AND_TIME ( #949, #583 ) ;
#523 = CARTESIAN_POINT ( 'NONE',  ( 109.9977639494925512, 19.53116847852761495, -6.901684355119446224 ) ) ;
#524 = EDGE_CURVE ( 'NONE', #2827, #1913, #2547, .T. ) ;
#525 = EDGE_LOOP ( 'NONE', ( #2146, #514, #1737 ) ) ;
#526 = AXIS2_PLACEMENT_3D ( 'NONE', #1861, #2072, #1419 ) ;
#527 = DIRECTION ( 'NONE',  ( 0.000000000000000000, 0.000000000000000000, -1.000000000000000000 ) ) ;
#528 = CARTESIAN_POINT ( 'NONE',  ( 115.2685707601849714, 19.78600525139841437, -8.980599902847009375 ) ) ;
#529 = ORIENTED_EDGE ( 'NONE', *, *, #913, .T. ) ;
#530 = AXIS2_PLACEMENT_3D ( 'NONE', #2066, #1233, #2513 ) ;
#531 = ORIENTED_EDGE ( 'NONE', *, *, #412, .F. ) ;
#532 = CARTESIAN_POINT ( 'NONE',  ( 113.5351631807944841, 18.99711886845485154, -1.286694171083021088 ) ) ;
#533 = CARTESIAN_POINT ( 'NONE',  ( 134.0153576668635935, 15.18159674635712975, -16.02803003451944974 ) ) ;
#534 = CARTESIAN_POINT ( 'NONE',  ( 112.5513943275454380, 0.1585229760158041179, -7.481283546190891975 ) ) ;
#535 = CARTESIAN_POINT ( 'NONE',  ( 110.1190518233527200, 19.92715122261337157, -6.375607663070553599 ) ) ;
#536 = ADVANCED_FACE ( 'NONE', ( #2220 ), #1977, .T. ) ;
#537 = CARTESIAN_POINT ( 'NONE',  ( 109.9999999999999858, 20.00000000000000000, 0.000000000000000000 ) ) ;
#538 = CARTESIAN_POINT ( 'NONE',  ( 2.479904456292406856, 0.03222929600371984837, -0.03222929600371984837 ) ) ;
#539 = CARTESIAN_POINT ( 'NONE',  ( 149.6443950646691405, -8.081274705556772631, -15.50474992217694314 ) ) ;
#540 = EDGE_LOOP ( 'NONE', ( #2468, #1171, #1170, #462, #531 ) ) ;
#541 =( BOUNDED_SURFACE ( )  B_SPLINE_SURFACE ( 3, 2, ( 
 ( #2503, #495, #1581 ),
 ( #2249, #2476, #2233 ),
 ( #286, #2692, #521 ),
 ( #49, #1786, #906 ),
 ( #1814, #936, #272 ),
 ( #309, #1365, #75 ),
 ( #2048, #508, #1378 ),
 ( #534, #1162, #1354 ) ),
 .UNSPECIFIED., .F., .F., .T. ) 
 B_SPLINE_SURFACE_WITH_KNOTS ( ( 4, 2, 2, 4 ),
 ( 3, 3 ),
 ( 0.000000000000000000, 0.001271176157730037962, 0.002542352315460075923, 0.005084704630920151847 ),
 ( 0.000000000000000000, 1.000000000000000000 ),
 .UNSPECIFIED. ) 
 GEOMETRIC_REPRESENTATION_ITEM ( )  RATIONAL_B_SPLINE_SURFACE ( (
 ( 1.000000000000000000, 0.9959293863778903022, 1.000000000000000000),
 ( 1.000000000000000000, 0.9956866105311492632, 1.000000000000000000),
 ( 1.000000000000000000, 0.9955221140498579091, 1.000000000000000000),
 ( 1.000000000000000000, 0.9958108630864611621, 1.000000000000000000),
 ( 1.000000000000000000, 0.9964052467864291662, 1.000000000000000000),
 ( 1.000000000000000000, 0.9987594747451868926, 1.000000000000000000),
 ( 1.000000000000000000, 1.000316632629465463, 1.000000000000000000),
 ( 1.000000000000000000, 1.000000000000000000, 1.000000000000000000) ) ) 
 REPRESENTATION_ITEM ( '' )  SURFACE ( )  );
#542 = CARTESIAN_POINT ( 'NONE',  ( 3.000000000000002665, -7.810249675906655753, -6.000000000000019540 ) ) ;
#543 = ORIENTED_EDGE ( 'NONE', *, *, #2465, .F. ) ;
#544 = AXIS2_PLACEMENT_3D ( 'NONE', #1128, #510, #1994 ) ;
#545 = CARTESIAN_POINT ( 'NONE',  ( 136.9932039071926511, 16.04146992153783913, -9.824722749676247702 ) ) ;
#546 = B_SPLINE_CURVE_WITH_KNOTS ( 'NONE', 3,
 ( #2207, #1780, #1995, #2268, #2022, #463 ),
 .UNSPECIFIED., .F., .F.,
 ( 4, 2, 4 ),
 ( 0.000000000000000000, 0.001220692317116322785, 0.002441384634232645571 ),
 .UNSPECIFIED. ) ;
#547 = VECTOR ( 'NONE', #359, 1000.000000000000000 ) ;
#548 = CARTESIAN_POINT ( 'NONE',  ( 144.2299480809764702, 11.35089753899441511, -19.86797405401523875 ) ) ;
#549 = CARTESIAN_POINT ( 'NONE',  ( 106.7544384682876029, 19.37277418918540661, -6.928085257171535005 ) ) ;
#550 = FACE_OUTER_BOUND ( 'NONE', #1011, .T. ) ;
#551 = CARTESIAN_POINT ( 'NONE',  ( 142.1628724030622948, 13.35495175348969532, -19.09090374913359156 ) ) ;
#552 = CARTESIAN_POINT ( 'NONE',  ( 106.3649126752825538, 18.88652285270547537, -7.000000000000002665 ) ) ;
#553 = CARTESIAN_POINT ( 'NONE',  ( 135.9832889764208801, 16.22655159519774060, -10.52132154823024202 ) ) ;
#554 = CARTESIAN_POINT ( 'NONE',  ( 149.7093515827920100, 6.599999999999999645, -7.000000000000079936 ) ) ;
#555 = CARTESIAN_POINT ( 'NONE',  ( 149.0637981458835384, -8.070130742568865756, -17.04918903144019282 ) ) ;
#556 = ORIENTED_EDGE ( 'NONE', *, *, #933, .F. ) ;
#557 = CARTESIAN_POINT ( 'NONE',  ( 5.498999999999999666, 13.40000000000000213, -12.00000000000001243 ) ) ;
#558 = CARTESIAN_POINT ( 'NONE',  ( 0.6009994805188101363, 18.22909344509188756, -1.156359832361907092 ) ) ;
#559 = VERTEX_POINT ( 'NONE', #234 ) ;
#560 = CARTESIAN_POINT ( 'NONE',  ( 128.5616867241025716, 17.14643179163938314, -6.755901465347482038 ) ) ;
#561 = CARTESIAN_POINT ( 'NONE',  ( 110.1929953962748243, 19.98747038457119629, -6.004091400336685425 ) ) ;
#562 = CARTESIAN_POINT ( 'NONE',  ( 123.4378633101955813, 17.72107563361540983, -12.05166049355184832 ) ) ;
#563 = CARTESIAN_POINT ( 'NONE',  ( 112.9994566442073989, 19.28314899720790621, -8.048690059068517755 ) ) ;
#564 = CARTESIAN_POINT ( 'NONE',  ( 109.4638458652471797, 19.97109433230309961, -6.216131546032088728 ) ) ;
#565 = VECTOR ( 'NONE', #1683, 1000.000000000000000 ) ;
#566 = CARTESIAN_POINT ( 'NONE',  ( 1.770616071965626981, 19.76024626919913629, -0.2397537308007802459 ) ) ;
#567 = CARTESIAN_POINT ( 'NONE',  ( 113.3990003999758613, 18.89209477623892397, -8.277761672821075223 ) ) ;
#568 = DIRECTION ( 'NONE',  ( 0.3420201433254608792, -4.890320548438853788E-15, 0.9396926207859840341 ) ) ;
#569 = CARTESIAN_POINT ( 'NONE',  ( 106.6297291183422971, 0.5951444667273950717, -6.915319288375354922 ) ) ;
#570 = CARTESIAN_POINT ( 'NONE',  ( 148.3614239807840818, 10.02920895314922412, -13.96241647307111400 ) ) ;
#571 = DIRECTION ( 'NONE',  ( 0.000000000000000000, 0.000000000000000000, -1.000000000000000000 ) ) ;
#572 = ORIENTED_EDGE ( 'NONE', *, *, #2055, .T. ) ;
#574 = AXIS2_PLACEMENT_3D ( 'NONE', #218, #1270, #2795 ) ;
#573 = PLANE ( 'NONE',  #1487 ) ;
#575 = ORIENTED_EDGE ( 'NONE', *, *, #392, .T. ) ;
#576 = AXIS2_PLACEMENT_3D ( 'NONE', #1583, #1126, #684 ) ;
#577 = CARTESIAN_POINT ( 'NONE',  ( 126.9111323537008502, 17.49812758733266449, -6.155148804483289382 ) ) ;
#578 = CARTESIAN_POINT ( 'NONE',  ( 108.6084624952606532, 20.00000000000000000, -6.001108117557628852 ) ) ;
#579 =( BOUNDED_SURFACE ( )  B_SPLINE_SURFACE ( 3, 2, ( 
 ( #781, #1905, #567 ),
 ( #1843, #368, #2782 ),
 ( #1208, #2522, #1614 ),
 ( #552, #106, #2721 ) ),
 .UNSPECIFIED., .F., .F., .F. ) 
 B_SPLINE_SURFACE_WITH_KNOTS ( ( 4, 4 ),
 ( 3, 3 ),
 ( 0.000000000000000000, 0.0001134804839570899022 ),
 ( 0.000000000000000000, 1.000000000000000000 ),
 .UNSPECIFIED. ) 
 GEOMETRIC_REPRESENTATION_ITEM ( )  RATIONAL_B_SPLINE_SURFACE ( (
 ( 1.000000000000000000, 0.9838983474828451037, 1.000000000000000000),
 ( 1.000000000000000000, 0.9838937114229339143, 1.000000000000000000),
 ( 1.000000000000000000, 0.9838879159037289268, 1.000000000000000000),
 ( 1.000000000000000000, 0.9838809587234489396, 1.000000000000000000) ) ) 
 REPRESENTATION_ITEM ( '' )  SURFACE ( )  );
#580 = DIRECTION ( 'NONE',  ( 1.000000000000000000, 0.000000000000000000, -0.000000000000000000 ) ) ;
#581 = CARTESIAN_POINT ( 'NONE',  ( 112.8351827302233801, 19.38528580130720513, -7.942039155945074036 ) ) ;
#582 = CARTESIAN_POINT ( 'NONE',  ( 126.3345740863836255, -1.434937610148801390, -7.009476529337209882 ) ) ;
#583 = LOCAL_TIME ( 20, 52, 22.00000000000000000, #1788 ) ;
#584 = CARTESIAN_POINT ( 'NONE',  ( 5.499000000000000554, 19.75000000000000000, -8.501000000000018986 ) ) ;
#585 = PLANE ( 'NONE',  #1028 ) ;
#586 = CARTESIAN_POINT ( 'NONE',  ( 106.3788522234510907, 0.8321075008869993628, -6.989258085364713047 ) ) ;
#587 = CARTESIAN_POINT ( 'NONE',  ( 111.7784208248761360, 0.2307434472950239124, -7.259254428565355965 ) ) ;
#588 = ORIENTED_EDGE ( 'NONE', *, *, #1145, .T. ) ;
#589 = CARTESIAN_POINT ( 'NONE',  ( 148.2003663687800383, -8.922563096391785464, -14.96797406877561620 ) ) ;
#590 = ADVANCED_FACE ( 'NONE', ( #866 ), #2008, .T. ) ;
#591 = CARTESIAN_POINT ( 'NONE',  ( 4.217769985503172373E-12, 17.32723944852072862, -2.672760551480233726 ) ) ;
#592 = ORIENTED_EDGE ( 'NONE', *, *, #2353, .T. ) ;
#593 = CARTESIAN_POINT ( 'NONE',  ( 141.8983206623875049, 14.48115687785220551, -11.61003924418178990 ) ) ;
#594 = EDGE_CURVE ( 'NONE', #2307, #2643, #2480, .T. ) ;
#595 = CARTESIAN_POINT ( 'NONE',  ( 148.2003663687800383, -8.922563096391805004, -14.96797406877561620 ) ) ;
#596 = DIRECTION ( 'NONE',  ( 0.000000000000000000, 1.000000000000000000, 0.000000000000000000 ) ) ;
#597 = ADVANCED_FACE ( 'NONE', ( #1789 ), #2462, .T. ) ;
#598 = DIRECTION ( 'NONE',  ( 0.000000000000000000, 0.000000000000000000, -1.000000000000000000 ) ) ;
#599 = CARTESIAN_POINT ( 'NONE',  ( 113.2441424843970310, 19.99707660730200942, -2.244949072514839550 ) ) ;
#600 = CARTESIAN_POINT ( 'NONE',  ( 110.1025464495195081, 0.8801753915489433089, -7.004537492191080794 ) ) ;
#601 = CARTESIAN_POINT ( 'NONE',  ( 121.9211384360435773, 18.35392968316829965, -4.338939549286605413 ) ) ;
#602 = ORIENTED_EDGE ( 'NONE', *, *, #919, .T. ) ;
#603 = EDGE_CURVE ( 'NONE', #2813, #2157, #1371, .T. ) ;
#604 = CARTESIAN_POINT ( 'NONE',  ( 137.5800686935137094, -4.203503362351447947, -11.10250183593204554 ) ) ;
#605 = EDGE_LOOP ( 'NONE', ( #2531, #2041, #2527, #2486, #448 ) ) ;
#606 = ADVANCED_FACE ( 'NONE', ( #1749 ), #957, .T. ) ;
#607 = CIRCLE ( 'NONE', #1009, 20.00000000000000355 ) ;
#608 = CARTESIAN_POINT ( 'NONE',  ( 1.670546387488951234, 1.202334077313879090, -0.3035011159708014827 ) ) ;
#609 = CARTESIAN_POINT ( 'NONE',  ( 109.9642328246693666, 19.06784239930574643, -7.020496480623756419 ) ) ;
#610 = DIRECTION ( 'NONE',  ( 0.000000000000000000, -1.000000000000000000, 0.000000000000000000 ) ) ;
#611 = EDGE_CURVE ( 'NONE', #675, #1636, #1463, .T. ) ;
#612 = CARTESIAN_POINT ( 'NONE',  ( 3.000000000000005329, 19.00000000000000000, -4.336808689942017736E-16 ) ) ;
#613 = CARTESIAN_POINT ( 'NONE',  ( 109.6360297657336957, 20.00000000000000000, -1.000000000000014655 ) ) ;
#614 = EDGE_CURVE ( 'NONE', #403, #632, #2111, .T. ) ;
#615 = CARTESIAN_POINT ( 'NONE',  ( 110.1701322576242887, 0.7998406990173310138, -7.016065597092625339 ) ) ;
#616 = CARTESIAN_POINT ( 'NONE',  ( 1.707106781187908595, 19.70710678118719628, -6.707106781187394340 ) ) ;
#617 = EDGE_LOOP ( 'NONE', ( #373, #1008, #1867, #1756, #602 ) ) ;
#618 = CIRCLE ( 'NONE', #478, 2.498999999999999666 ) ;
#619 = VERTEX_POINT ( 'NONE', #2061 ) ;
#620 = CARTESIAN_POINT ( 'NONE',  ( 112.2257190376541161, 0.1201782683927822420, -7.266271176311872360 ) ) ;
#621 = ORIENTED_EDGE ( 'NONE', *, *, #795, .T. ) ;
#622 = VECTOR ( 'NONE', #1178, 1000.000000000000000 ) ;
#623 = EDGE_CURVE ( 'NONE', #1290, #1132, #1642, .T. ) ;
#624 = DIRECTION ( 'NONE',  ( 0.000000000000000000, 1.000000000000000000, -0.000000000000000000 ) ) ;
#625 = CIRCLE ( 'NONE', #2316, 2.498999999999999666 ) ;
#626 = CARTESIAN_POINT ( 'NONE',  ( 112.5513943275471718, 0.1585229760157977619, -7.481283546191628275 ) ) ;
#627 = CARTESIAN_POINT ( 'NONE',  ( 138.2831114884841384, -3.271572175838235896, -10.29421071424071243 ) ) ;
#628 = DIRECTION ( 'NONE',  ( -0.9360434818771637966, 0.000000000000000000, 0.3518843560536272230 ) ) ;
#629 = CARTESIAN_POINT ( 'NONE',  ( 138.2928941157983331, -3.274455059628172293, -10.29777129939597025 ) ) ;
#630 = CARTESIAN_POINT ( 'NONE',  ( 113.5063471156767605, 0.7742865658338646817, -8.307140367724114682 ) ) ;
#631 = DIRECTION ( 'NONE',  ( 0.000000000000000000, 0.000000000000000000, 1.000000000000000000 ) ) ;
#632 = VERTEX_POINT ( 'NONE', #2520 ) ;
#633 = ORIENTED_EDGE ( 'NONE', *, *, #1517, .F. ) ;
#634 = CARTESIAN_POINT ( 'NONE',  ( 107.8232118139741544, 0.1186377852088383034, -6.471766822162100752 ) ) ;
#635 = DIRECTION ( 'NONE',  ( -0.3518744015698638816, 0.007521791966615700570, -0.9360170020707216931 ) ) ;
#636 = ORIENTED_EDGE ( 'NONE', *, *, #57, .T. ) ;
#637 = CARTESIAN_POINT ( 'NONE',  ( 4.217769985506373659E-12, 2.672760551479985924, -2.672760551479985924 ) ) ;
#638 = AXIS2_PLACEMENT_3D ( 'NONE', #2440, #2469, #284 ) ;
#639 = DIRECTION ( 'NONE',  ( 0.000000000000000000, -3.469446951953612217E-16, -1.000000000000000000 ) ) ;
#640 = CARTESIAN_POINT ( 'NONE',  ( 147.1602045690027012, -7.977415232474603712, -13.52520836232863566 ) ) ;
#641 = CARTESIAN_POINT ( 'NONE',  ( 113.4025997963560286, 18.98526096017661047, -8.279130362457102876 ) ) ;
#642 = CARTESIAN_POINT ( 'NONE',  ( 109.7616151436058658, 20.00015452572976571, 2.836473379097647836E-12 ) ) ;
#643 = FACE_OUTER_BOUND ( 'NONE', #2756, .T. ) ;
#644 = ADVANCED_FACE ( 'NONE', ( #550 ), #1084, .F. ) ;
#645 = VERTEX_POINT ( 'NONE', #380 ) ;
#646 = EDGE_LOOP ( 'NONE', ( #1998, #2583, #1589 ) ) ;
#647 = CARTESIAN_POINT ( 'NONE',  ( 110.0759078633169850, 0.2506657188821860838, -6.654200829219792723 ) ) ;
#648 = CARTESIAN_POINT ( 'NONE',  ( 5.499000000000000554, 19.75000000000000000, -8.251000000000018986 ) ) ;
#649 = AXIS2_PLACEMENT_3D ( 'NONE', #484, #2681, #273 ) ;
#650 = ORIENTED_EDGE ( 'NONE', *, *, #1639, .F. ) ;
#651 = CARTESIAN_POINT ( 'NONE',  ( 3.035766082959412415E-15, 2.738153414567656707, -2.607230121851484839 ) ) ;
#652 = EDGE_CURVE ( 'NONE', #55, #941, #1729, .T. ) ;
#653 = FACE_OUTER_BOUND ( 'NONE', #820, .T. ) ;
#654 = CIRCLE ( 'NONE', #742, 0.9999999999999993339 ) ;
#655 = CARTESIAN_POINT ( 'NONE',  ( 109.9999999999851923, 0.9907312614960021024, -6.999999999994888533 ) ) ;
#656 =( BOUNDED_SURFACE ( )  B_SPLINE_SURFACE ( 3, 2, ( 
 ( #1278, #821, #2803 ),
 ( #1956, #637, #651 ),
 ( #2815, #1503, #1709 ),
 ( #2190, #1518, #425 ),
 ( #1696, #197, #1291 ),
 ( #1056, #875, #229 ),
 ( #2399, #2175, #212 ),
 ( #1070, #1759, #1086 ),
 ( #1971, #665, #608 ),
 ( #2414, #456, #1320 ),
 ( #2508, #477, #1117 ),
 ( #901, #538, #70 ),
 ( #1360, #1547, #2241 ),
 ( #769, #2073, #467 ) ),
 .UNSPECIFIED., .F., .F., .T. ) 
 B_SPLINE_SURFACE_WITH_KNOTS ( ( 4, 2, 2, 2, 2, 2, 4 ),
 ( 3, 3 ),
 ( 1.570796326794896558, 1.963495408493620697, 2.356194490192344837, 2.552544031041707129, 2.748893571891068976, 2.945243112740430824, 3.141592653589793116 ),
 ( 0.000000000000000000, 1.000000000000000000 ),
 .UNSPECIFIED. ) 
 GEOMETRIC_REPRESENTATION_ITEM ( )  RATIONAL_B_SPLINE_SURFACE ( (
 ( 1.000000000000000000, 1.000000000000000000, 1.000000000000000000),
 ( 1.000000000000000000, 1.000158582174080157, 1.000000000000000000),
 ( 1.000000000000000000, 0.9867291873849087791, 1.000000000000000000),
 ( 1.000000000000000000, 0.9386556523774040039, 1.000000000000000000),
 ( 1.000000000000000000, 0.9038128866905857928, 1.000000000000000000),
 ( 1.000000000000000000, 0.8471316623313646099, 1.000000000000000000),
 ( 1.000000000000000000, 0.8275942669551060726, 1.000000000000000000),
 ( 1.000000000000000000, 0.7902180112882357665, 1.000000000000000000),
 ( 1.000000000000000000, 0.7723968187713018407, 1.000000000000000000),
 ( 1.000000000000000000, 0.7418334209259030976, 1.000000000000000000),
 ( 1.000000000000000000, 0.7291288917604100694, 1.000000000000000000),
 ( 1.000000000000000000, 0.7117460047829068381, 1.000000000000000000),
 ( 1.000000000000000000, 0.7070717266846634486, 1.000000000000000000),
 ( 1.000000000000000000, 0.7071067811865475727, 1.000000000000000000) ) ) 
 REPRESENTATION_ITEM ( '' )  SURFACE ( )  );
#657 = PLANE ( 'NONE',  #973 ) ;
#658 = CARTESIAN_POINT ( 'NONE',  ( 109.8244100512911814, 19.99993095563820233, -1.000268257709581388 ) ) ;
#659 = B_SPLINE_CURVE_WITH_KNOTS ( 'NONE', 3,
 ( #2167, #386, #2182, #1259, #1920, #2379 ),
 .UNSPECIFIED., .F., .F.,
 ( 4, 2, 4 ),
 ( 2.168404344971008868E-19, 0.0007527434974304062724, 0.001505486994860812328 ),
 .UNSPECIFIED. ) ;
#660 = CARTESIAN_POINT ( 'NONE',  ( 5.499000000000017430, 0.000000000000000000, -12.00000000000001954 ) ) ;
#661 = ORIENTED_EDGE ( 'NONE', *, *, #1221, .T. ) ;
#662 = ORIENTED_EDGE ( 'NONE', *, *, #835, .F. ) ;
#663 = CARTESIAN_POINT ( 'NONE',  ( 116.4588654762987545, -0.1067529409697382248, -3.415012552982727989 ) ) ;
#664 = VERTEX_POINT ( 'NONE', #1031 ) ;
#665 = CARTESIAN_POINT ( 'NONE',  ( 1.371507409466760974, 0.4487819921551857161, -0.4487819921551857161 ) ) ;
#666 = APPROVAL ( #1992, 'UNSPECIFIED' ) ;
#667 = B_SPLINE_CURVE_WITH_KNOTS ( 'NONE', 3,
 ( #626, #2652, #457, #668, #2833, #1744, #1323, #2635 ),
 .UNSPECIFIED., .F., .F.,
 ( 4, 2, 2, 4 ),
 ( -0.0002444079404647945620, 0.0009638777272608386017, 0.002172163394986471874, 0.004588734730437737767 ),
 .UNSPECIFIED. ) ;
#668 = CARTESIAN_POINT ( 'NONE',  ( 110.9781825447754926, 0.3023623000187728449, -7.141696926907720844 ) ) ;
#669 = VECTOR ( 'NONE', #838, 1000.000000000000000 ) ;
#670 = DIRECTION ( 'NONE',  ( -0.9870644848500209623, -0.09942777054401047421, 0.1257689198188899349 ) ) ;
#671 = CARTESIAN_POINT ( 'NONE',  ( 109.6985775169881094, 19.00000000001605827, -1.301042606982605321E-15 ) ) ;
#672 = LINE ( 'NONE', #1976, #210 ) ;
#673 = FACE_OUTER_BOUND ( 'NONE', #2172, .T. ) ;
#674 = ORIENTED_EDGE ( 'NONE', *, *, #1757, .T. ) ;
#675 = VERTEX_POINT ( 'NONE', #2577 ) ;
#676 =( BOUNDED_SURFACE ( )  B_SPLINE_SURFACE ( 3, 2, ( 
 ( #988, #1479, #2796 ),
 ( #369, #2766, #827 ),
 ( #798, #135, #2752 ),
 ( #399, #2540, #782 ) ),
 .UNSPECIFIED., .F., .F., .T. ) 
 B_SPLINE_SURFACE_WITH_KNOTS ( ( 4, 4 ),
 ( 3, 3 ),
 ( 0.000000000000000000, 0.002373707868671450383 ),
 ( 0.000000000000000000, 0.4747873038353380148 ),
 .UNSPECIFIED. ) 
 GEOMETRIC_REPRESENTATION_ITEM ( )  RATIONAL_B_SPLINE_SURFACE ( (
 ( 1.000000000000000000, 0.8609380183279071730, 0.8539257633439985007),
 ( 1.000000000000000000, 0.8611250438418414088, 0.8541222196928486277),
 ( 1.000000000000000000, 0.8613551067917573079, 0.8543638836572744477),
 ( 1.000000000000000000, 0.8616290065995300118, 0.8546515949703130666) ) ) 
 REPRESENTATION_ITEM ( '' )  SURFACE ( )  );
#677 = CARTESIAN_POINT ( 'NONE',  ( 110.1834106557365089, 0.04062809819006807377, -6.000602840074267696 ) ) ;
#678 = CARTESIAN_POINT ( 'NONE',  ( 120.5718072136846644, -0.8013184971383150446, -10.97423158829388257 ) ) ;
#679 = ORIENTED_EDGE ( 'NONE', *, *, #238, .T. ) ;
#680 = CARTESIAN_POINT ( 'NONE',  ( 134.8457399670625705, -3.907425741719086965, -15.27469834872493060 ) ) ;
#681 = CARTESIAN_POINT ( 'NONE',  ( 109.7857490250056429, 0.004931087018762459265, -1.011213545331345776 ) ) ;
#682 = CARTESIAN_POINT ( 'NONE',  ( 147.5368095076242696, -9.999999999999998224, -21.11111374378814176 ) ) ;
#683 = CARTESIAN_POINT ( 'NONE',  ( 136.6712169496749141, -2.824868183189261472, -9.707529081337868959 ) ) ;
#684 = DIRECTION ( 'NONE',  ( -0.9994674359039734668, -0.03263195623214609070, 0.000000000000000000 ) ) ;
#685 = DIRECTION ( 'NONE',  ( -0.02990262109231478505, 0.9995528166394257452, 0.000000000000000000 ) ) ;
#686 = CYLINDRICAL_SURFACE ( 'NONE', #2625, 3.000000000000000000 ) ;
#687 = CARTESIAN_POINT ( 'NONE',  ( 143.7891013173873205, -6.351718911764103304, -19.70224769351237626 ) ) ;
#688 = EDGE_CURVE ( 'NONE', #1053, #883, #1852, .T. ) ;
#689 = ORIENTED_EDGE ( 'NONE', *, *, #1102, .F. ) ;
#690 = CARTESIAN_POINT ( 'NONE',  ( 136.3529597977456547, -4.335201047018943044, -15.84150102627601697 ) ) ;
#691 = ADVANCED_BREP_SHAPE_REPRESENTATION ( 'BratV1 Stanga de la Raul', ( #1232, #1222 ), #2828 ) ;
#692 = CARTESIAN_POINT ( 'NONE',  ( 149.0503717261172767, 9.501908822039940361, -14.21317294533720954 ) ) ;
#693 = CARTESIAN_POINT ( 'NONE',  ( 107.7976269828426155, 1.000000000000000000, -6.000000000000006217 ) ) ;
#694 = CARTESIAN_POINT ( 'NONE',  ( 106.3649126752824969, 1.000000000000000000, -7.000000000000006217 ) ) ;
#695 = CARTESIAN_POINT ( 'NONE',  ( 109.9999999999999858, 19.00000000000000000, -6.000000000000006217 ) ) ;
#696 = CARTESIAN_POINT ( 'NONE',  ( 5.499000000000000554, -7.810249675906655753, -9.501000000000018986 ) ) ;
#697 = ORIENTED_EDGE ( 'NONE', *, *, #1929, .T. ) ;
#698 = EDGE_CURVE ( 'NONE', #1212, #1155, #374, .T. ) ;
#699 = DIRECTION ( 'NONE',  ( 1.000000000000000000, 0.000000000000000000, -0.000000000000000000 ) ) ;
#700 = CC_DESIGN_PERSON_AND_ORGANIZATION_ASSIGNMENT ( #1610, #2049, ( #900 ) ) ;
#701 = DIRECTION ( 'NONE',  ( -0.000000000000000000, -1.000000000000000000, -0.000000000000000000 ) ) ;
#702 = ORIENTED_EDGE ( 'NONE', *, *, #2143, .T. ) ;
#703 = DIRECTION ( 'NONE',  ( 0.000000000000000000, 1.000000000000000000, 0.000000000000000000 ) ) ;
#704 = ADVANCED_FACE ( 'NONE', ( #187 ), #243, .T. ) ;
#705 = CARTESIAN_POINT ( 'NONE',  ( 0.000000000000000000, 3.000000000000000000, -3.000000000000000000 ) ) ;
#706 = AXIS2_PLACEMENT_3D ( 'NONE', #2192, #2595, #628 ) ;
#707 = EDGE_CURVE ( 'NONE', #2142, #1146, #736, .T. ) ;
#708 = DIRECTION ( 'NONE',  ( -0.9360434818771458110, 0.000000000000000000, 0.3518843560536749626 ) ) ;
#709 = FACE_OUTER_BOUND ( 'NONE', #1588, .T. ) ;
#710 = LINE ( 'NONE', #3, #160 ) ;
#711 = DIRECTION ( 'NONE',  ( -1.000000000000000000, 0.000000000000000000, -0.000000000000000000 ) ) ;
#712 = EDGE_CURVE ( 'NONE', #1575, #9, #1882, .T. ) ;
#713 = CIRCLE ( 'NONE', #172, 1.000000000000000888 ) ;
#714 = DIRECTION ( 'NONE',  ( 0.000000000000000000, 0.000000000000000000, -1.000000000000000000 ) ) ;
#715 = CARTESIAN_POINT ( 'NONE',  ( 126.9999955605723443, -1.004005059776560849, -13.39076347046506221 ) ) ;
#716 = B_SPLINE_CURVE_WITH_KNOTS ( 'NONE', 3,
 ( #589, #2293, #2342, #2078, #1911, #109, #2788, #604, #1471, #967, #980, #1302, #2384, #1276, #1514, #2602, #1769, #1754 ),
 .UNSPECIFIED., .F., .F.,
 ( 4, 2, 2, 2, 2, 2, 2, 2, 4 ),
 ( 0.000000000000000000, 0.002675730337895439355, 0.005351460675790878710, 0.01070292135158175742, 0.01605438202737263786, 0.02140584270316351484, 0.03210876405474527573, 0.03746022473053615270, 0.04281168540632702968 ),
 .UNSPECIFIED. ) ;
#717 = ADVANCED_FACE ( 'NONE', ( #1001 ), #2430, .T. ) ;
#718 = ORIENTED_EDGE ( 'NONE', *, *, #919, .F. ) ;
#719 = ORIENTED_EDGE ( 'NONE', *, *, #2653, .T. ) ;
#720 = ORGANIZATION ( 'UNSPECIFIED', 'UNSPECIFIED', '' ) ;
#721 = LINE ( 'NONE', #294, #387 ) ;
#722 = DIRECTION ( 'NONE',  ( -1.719089139163135776E-31, 1.000000000000000000, -3.469446951953612217E-16 ) ) ;
#723 = CARTESIAN_POINT ( 'NONE',  ( 3.000000000000002665, 1.000000000000000000, 0.000000000000000000 ) ) ;
#724 = DIRECTION ( 'NONE',  ( 0.3518843560536749071, 0.000000000000000000, 0.9360434818771457000 ) ) ;
#725 = DIRECTION ( 'NONE',  ( 0.6077829740196690755, 0.7941031774850206837, 0.000000000000000000 ) ) ;
#726 = CARTESIAN_POINT ( 'NONE',  ( 109.4094544016288069, 0.04053574768424588609, -6.250973846267665834 ) ) ;
#727 = ORIENTED_EDGE ( 'NONE', *, *, #2562, .F. ) ;
#728 = DIRECTION ( 'NONE',  ( 0.000000000000000000, 0.000000000000000000, 1.000000000000000000 ) ) ;
#729 = CARTESIAN_POINT ( 'NONE',  ( 148.4785644126783666, -8.058918236021854753, -18.60596247679837489 ) ) ;
#730 = EDGE_LOOP ( 'NONE', ( #20, #2093, #1522, #2574, #52, #868 ) ) ;
#731 = ADVANCED_FACE ( 'NONE', ( #1220 ), #1499, .T. ) ;
#732 = VERTEX_POINT ( 'NONE', #129 ) ;
#733 = EDGE_CURVE ( 'NONE', #619, #1752, #422, .T. ) ;
#734 = CARTESIAN_POINT ( 'NONE',  ( 109.9836185147466523, 0.000000000000000000, 0.005962373025284939919 ) ) ;
#735 = CARTESIAN_POINT ( 'NONE',  ( 1.707106781187911038, 0.2928932188128021696, -6.707106781187396116 ) ) ;
#736 = CIRCLE ( 'NONE', #2707, 1.000000000000000000 ) ;
#737 = DIRECTION ( 'NONE',  ( 0.000000000000000000, 0.000000000000000000, 1.000000000000000000 ) ) ;
#738 = CARTESIAN_POINT ( 'NONE',  ( 118.0941025510276887, 0.3119240735625362082, -4.010190174148168474 ) ) ;
#739 = PERSON_AND_ORGANIZATION_ROLE ( 'design_supplier' ) ;
#740 = CARTESIAN_POINT ( 'NONE',  ( 108.2688908795420417, 19.83372482030257444, -6.552440334893251617 ) ) ;
#741 = CARTESIAN_POINT ( 'NONE',  ( 141.8444856743859077, 13.65439043551188192, -17.89859206113757750 ) ) ;
#742 = AXIS2_PLACEMENT_3D ( 'NONE', #1804, #1569, #1318 ) ;
#743 = CARTESIAN_POINT ( 'NONE',  ( 109.9999999999999858, 0.000000000000000000, -7.000000000000006217 ) ) ;
#744 = LINE ( 'NONE', #2321, #547 ) ;
#745 = VERTEX_POINT ( 'NONE', #2081 ) ;
#746 = ORIENTED_EDGE ( 'NONE', *, *, #1095, .T. ) ;
#747 = CARTESIAN_POINT ( 'NONE',  ( 109.6174781541736252, 0.9999999999999995559, 4.553649124439118623E-15 ) ) ;
#748 = VECTOR ( 'NONE', #1773, 1000.000000000000000 ) ;
#749 = DIRECTION ( 'NONE',  ( 1.000000000000000000, -0.000000000000000000, -4.954937092193131864E-16 ) ) ;
#750 = CARTESIAN_POINT ( 'NONE',  ( 148.7083515827915789, 9.501908822039926150, -15.15286556612313262 ) ) ;
#751 = APPROVAL_STATUS ( 'not_yet_approved' ) ;
#752 = CARTESIAN_POINT ( 'NONE',  ( 107.7976269828426155, 1.000000000000000000, -6.000000000000006217 ) ) ;
#753 = AXIS2_PLACEMENT_3D ( 'NONE', #1153, #939, #728 ) ;
#754 = CARTESIAN_POINT ( 'NONE',  ( 0.000000000000000000, 17.00000000000000000, -3.000000000000000000 ) ) ;
#755 = CARTESIAN_POINT ( 'NONE',  ( 129.6900285725523361, 17.35269859372759882, -14.40202048203780372 ) ) ;
#756 = EDGE_LOOP ( 'NONE', ( #2688, #954, #1370, #434 ) ) ;
#757 = AXIS2_PLACEMENT_3D ( 'NONE', #1906, #1004, #1245 ) ;
#758 = DIRECTION ( 'NONE',  ( 0.3420201433256692680, 0.000000000000000000, 0.9396926207859082059 ) ) ;
#759 = ORIENTED_EDGE ( 'NONE', *, *, #889, .T. ) ;
#760 =( BOUNDED_SURFACE ( )  B_SPLINE_SURFACE ( 3, 2, ( 
 ( #1253, #2129, #1029 ),
 ( #1637, #2516, #2634 ),
 ( #1474, #2360, #1928 ),
 ( #1489, #2201, #242 ) ),
 .UNSPECIFIED., .F., .F., .T. ) 
 B_SPLINE_SURFACE_WITH_KNOTS ( ( 4, 4 ),
 ( 3, 3 ),
 ( 0.06123577898449946572, 0.06622534749146002930 ),
 ( 0.000000000000000000, 1.000000000000000000 ),
 .UNSPECIFIED. ) 
 GEOMETRIC_REPRESENTATION_ITEM ( )  RATIONAL_B_SPLINE_SURFACE ( (
 ( 1.000000000000000000, 0.8899020922807557854, 1.000000000000000000),
 ( 1.000000000000000000, 0.8897000029666093379, 1.000000000000000000),
 ( 1.000000000000000000, 0.8894980930780708173, 1.000000000000000000),
 ( 1.000000000000000000, 0.8892963656938307482, 1.000000000000000000) ) ) 
 REPRESENTATION_ITEM ( '' )  SURFACE ( )  );
#761 = DIRECTION ( 'NONE',  ( 0.000000000000000000, -1.734723475976806848E-16, -1.000000000000000000 ) ) ;
#762 = DIRECTION ( 'NONE',  ( 0.000000000000000000, 0.000000000000000000, 1.000000000000000000 ) ) ;
#763 = PERSON_AND_ORGANIZATION ( #1096, #720 ) ;
#764 = CARTESIAN_POINT ( 'NONE',  ( 110.1973500945294830, 0.1561783718431473400, -6.466594205902779002 ) ) ;
#765 = CARTESIAN_POINT ( 'NONE',  ( 141.0509066129985172, 12.76672593425287161, -18.67288538400602604 ) ) ;
#766 = CARTESIAN_POINT ( 'NONE',  ( 2.479904456292406856, 19.96777070399631882, -0.03222929600371986225 ) ) ;
#767 = DIRECTION ( 'NONE',  ( -1.000000000000000000, -0.000000000000000000, 4.954937092193131864E-16 ) ) ;
#768 = DIRECTION ( 'NONE',  ( -0.9985746375020957410, -0.03310035916620288066, 0.04186955410111877635 ) ) ;
#769 = CARTESIAN_POINT ( 'NONE',  ( 3.000000000000005329, 4.336808689942017736E-16, -1.000000000000000444 ) ) ;
#770 = DIRECTION ( 'NONE',  ( 1.000000000000000000, -0.000000000000000000, -0.000000000000000000 ) ) ;
#771 = ORIENTED_EDGE ( 'NONE', *, *, #497, .T. ) ;
#772 = AXIS2_PLACEMENT_3D ( 'NONE', #27, #2618, #1985 ) ;
#773 = LINE ( 'NONE', #992, #1165 ) ;
#774 = ORIENTED_EDGE ( 'NONE', *, *, #2416, .T. ) ;
#775 = CARTESIAN_POINT ( 'NONE',  ( 133.7080052610242262, 16.92958154971892171, -8.629008228842231176 ) ) ;
#776 = CYLINDRICAL_SURFACE ( 'NONE', #876, 1.000000000000000888 ) ;
#777 = CARTESIAN_POINT ( 'NONE',  ( 2.780258213342500007, 19.12686767228245088, -7.000000000000005329 ) ) ;
#778 = CARTESIAN_POINT ( 'NONE',  ( 106.9394937663048779, 19.46786434609557759, -6.886502143979264190 ) ) ;
#779 = CARTESIAN_POINT ( 'NONE',  ( 107.9930992962532201, 19.77967407800410271, -6.626887559261927407 ) ) ;
#780 = CARTESIAN_POINT ( 'NONE',  ( 0.8904653425075524931, 19.17136507688228164, -0.8286349231175230701 ) ) ;
#781 = CARTESIAN_POINT ( 'NONE',  ( 106.3657828942394445, 19.00000000000000000, -7.000000000000009770 ) ) ;
#782 = CARTESIAN_POINT ( 'NONE',  ( 110.2042572562889120, 19.72187167679144437, -6.678568776282160613 ) ) ;
#783 = CARTESIAN_POINT ( 'NONE',  ( 148.7083515827919484, -8.081274705556754867, -15.15286556612323565 ) ) ;
#784 = CARTESIAN_POINT ( 'NONE',  ( 111.5769481060933686, 19.97225624781129127, -6.524255435382560364 ) ) ;
#785 = CARTESIAN_POINT ( 'NONE',  ( 147.8886938636779576, 9.539544568843165706, -20.17507026191098518 ) ) ;
#786 = ORIENTED_EDGE ( 'NONE', *, *, #1738, .F. ) ;
#787 = EDGE_LOOP ( 'NONE', ( #2341, #1664, #929, #362 ) ) ;
#788 = B_SPLINE_CURVE_WITH_KNOTS ( 'NONE', 3,
 ( #2123, #2155, #2570, #1735 ),
 .UNSPECIFIED., .F., .F.,
 ( 4, 4 ),
 ( 9.971422467452485896E-15, 6.773130543666700420E-06 ),
 .UNSPECIFIED. ) ;
#789 = CARTESIAN_POINT ( 'NONE',  ( 138.3759942795208246, 14.59817880926923017, -10.32801728545362963 ) ) ;
#790 = SPHERICAL_SURFACE ( 'NONE', #1837, 1.000000000000000000 ) ;
#791 = CARTESIAN_POINT ( 'NONE',  ( 109.6360297657337242, 20.00000000000000355, -0.7382006122008516469 ) ) ;
#792 = CARTESIAN_POINT ( 'NONE',  ( 109.9604033050360954, 19.09977673449046520, -7.022782570560568871 ) ) ;
#793 = CARTESIAN_POINT ( 'NONE',  ( 137.6920568250739336, -4.236194618177609783, -11.14326218241207123 ) ) ;
#794 = AXIS2_PLACEMENT_3D ( 'NONE', #326, #928, #1406 ) ;
#795 = EDGE_CURVE ( 'NONE', #95, #2358, #1160, .T. ) ;
#796 = CARTESIAN_POINT ( 'NONE',  ( 2.222152302202449636, 18.93603329839678651, -0.09595005240477325059 ) ) ;
#797 = CARTESIAN_POINT ( 'NONE',  ( 109.6174781541736536, 1.000000000000000000, -1.000000000000009770 ) ) ;
#798 = CARTESIAN_POINT ( 'NONE',  ( 109.4098835015879132, 19.99634408621571424, -6.002485625600013641 ) ) ;
#799 = B_SPLINE_CURVE_WITH_KNOTS ( 'NONE', 3,
 ( #2115, #2777, #916, #1577 ),
 .UNSPECIFIED., .F., .F.,
 ( 4, 4 ),
 ( 0.000000000000000000, 0.0001134804839570902274 ),
 .UNSPECIFIED. ) ;
#800 = CARTESIAN_POINT ( 'NONE',  ( 107.2693266370959577, 0.3365878588042594544, -6.748534933891658483 ) ) ;
#801 = CARTESIAN_POINT ( 'NONE',  ( 126.9108965764418855, 17.49817445640178448, -6.155062988579083516 ) ) ;
#802 = ORIENTED_EDGE ( 'NONE', *, *, #2426, .F. ) ;
#803 = ORIENTED_EDGE ( 'NONE', *, *, #293, .F. ) ;
#804 = DIRECTION ( 'NONE',  ( 0.000000000000000000, 0.000000000000000000, -1.000000000000000000 ) ) ;
#805 = ADVANCED_FACE ( 'NONE', ( #351 ), #2171, .F. ) ;
#806 = ORIENTED_EDGE ( 'NONE', *, *, #307, .F. ) ;
#807 = LINE ( 'NONE', #1460, #565 ) ;
#808 = CARTESIAN_POINT ( 'NONE',  ( 109.4007520801746693, 19.99638328709028556, -6.002470043986193993 ) ) ;
#809 = CARTESIAN_POINT ( 'NONE',  ( 112.4326939608694147, 19.57229531509560871, -7.665341478016409305 ) ) ;
#810 = CARTESIAN_POINT ( 'NONE',  ( 146.8181844260905109, -7.977415231910082838, -14.46490098329175211 ) ) ;
#811 = AXIS2_PLACEMENT_3D ( 'NONE', #1355, #2195, #496 ) ;
#812 = CARTESIAN_POINT ( 'NONE',  ( 149.2570228453244283, 10.31374609175085943, -15.35256557408234634 ) ) ;
#813 = CARTESIAN_POINT ( 'NONE',  ( 109.8244100512912382, 19.99993095563820589, -1.000268257709595821 ) ) ;
#814 = CARTESIAN_POINT ( 'NONE',  ( 107.1119959433113138, 0.3841809444067230683, -6.788158927799088360 ) ) ;
#815 = CARTESIAN_POINT ( 'NONE',  ( 3.000000000000000888, 6.599999999999998757, -9.501000000000017209 ) ) ;
#816 = ORIENTED_EDGE ( 'NONE', *, *, #2734, .T. ) ;
#817 = EDGE_CURVE ( 'NONE', #465, #1252, #12, .T. ) ;
#818 = CARTESIAN_POINT ( 'NONE',  ( 5.499000000000000554, 6.599999999999999645, -9.501000000000018986 ) ) ;
#819 = CARTESIAN_POINT ( 'NONE',  ( 0.05345479281059685450, 17.66213252601813366, -2.337867473981266375 ) ) ;
#820 = EDGE_LOOP ( 'NONE', ( #1078, #746, #956, #529, #5, #2728 ) ) ;
#821 = CARTESIAN_POINT ( 'NONE',  ( 3.035766082959412415E-15, 3.000000000000000000, -3.000000000000000000 ) ) ;
#822 = VECTOR ( 'NONE', #1159, 1000.000000000000000 ) ;
#823 = ADVANCED_FACE ( 'NONE', ( #2330 ), #776, .F. ) ;
#824 = CARTESIAN_POINT ( 'NONE',  ( 147.6157203080131524, -8.911725111987205850, -16.52496120971967386 ) ) ;
#825 = DIRECTION ( 'NONE',  ( 4.336808689942017736E-16, 0.000000000000000000, 1.000000000000000000 ) ) ;
#826 = FACE_OUTER_BOUND ( 'NONE', #2658, .T. ) ;
#827 = CARTESIAN_POINT ( 'NONE',  ( 108.6118265600328527, 19.73561639429406256, -6.677398598364855609 ) ) ;
#828 = DIRECTION ( 'NONE',  ( 0.000000000000000000, 0.000000000000000000, -1.000000000000000000 ) ) ;
#829 = CARTESIAN_POINT ( 'NONE',  ( 112.5513943275471718, 0.1585229760157977619, -7.481283546191628275 ) ) ;
#830 = EDGE_LOOP ( 'NONE', ( #476, #1736, #702, #843 ) ) ;
#831 = ORIENTED_EDGE ( 'NONE', *, *, #614, .T. ) ;
#832 = CARTESIAN_POINT ( 'NONE',  ( 108.9304834003815756, 0.05745187353662867952, -6.242974608997222674 ) ) ;
#833 = ORIENTED_EDGE ( 'NONE', *, *, #2429, .F. ) ;
#834 = LINE ( 'NONE', #2387, #1570 ) ;
#835 = EDGE_CURVE ( 'NONE', #1155, #2643, #1470, .T. ) ;
#836 = CARTESIAN_POINT ( 'NONE',  ( 145.9860958218435485, -7.627767386478825351, -20.52815804001006228 ) ) ;
#837 = CARTESIAN_POINT ( 'NONE',  ( 145.7129606828537476, -7.189016121357035161, -12.99845466607953703 ) ) ;
#838 = DIRECTION ( 'NONE',  ( 0.000000000000000000, -1.000000000000000000, 0.000000000000000000 ) ) ;
#839 = CARTESIAN_POINT ( 'NONE',  ( 107.5496060053114604, 0.2612916244196195059, -6.678994401538747461 ) ) ;
#840 = CARTESIAN_POINT ( 'NONE',  ( 110.9984526358008878, 0.2561706282383620081, -7.050911902111492324 ) ) ;
#841 = ORIENTED_EDGE ( 'NONE', *, *, #1184, .F. ) ;
#842 = AXIS2_PLACEMENT_3D ( 'NONE', #948, #1174, #2018 ) ;
#843 = ORIENTED_EDGE ( 'NONE', *, *, #1242, .T. ) ;
#844 = CARTESIAN_POINT ( 'NONE',  ( 107.8480093316958772, 0.1165687683463858815, -6.466355423406932701 ) ) ;
#845 = ORIENTED_EDGE ( 'NONE', *, *, #1628, .T. ) ;
#846 = CIRCLE ( 'NONE', #888, 2.498999999999999666 ) ;
#847 = DIRECTION ( 'NONE',  ( -1.719089139163135776E-31, 1.000000000000000000, -3.469446951953612217E-16 ) ) ;
#848 = ADVANCED_FACE ( 'NONE', ( #1237 ), #790, .T. ) ;
#849 = LINE ( 'NONE', #441, #1523 ) ;
#850 = DIRECTION ( 'NONE',  ( 0.000000000000000000, 0.000000000000000000, 1.000000000000000000 ) ) ;
#851 = CARTESIAN_POINT ( 'NONE',  ( 8.000000000000000000, 20.00000000000000000, -6.000000000000019540 ) ) ;
#852 = CARTESIAN_POINT ( 'NONE',  ( 106.3647230434517894, 0.9973943710621530068, -6.999996605343163480 ) ) ;
#853 = DIRECTION ( 'NONE',  ( 0.3420201433256691015, -0.000000000000000000, 0.9396926207859084279 ) ) ;
#854 = VERTEX_POINT ( 'NONE', #2826 ) ;
#855 = VERTEX_POINT ( 'NONE', #1684 ) ;
#856 = CC_DESIGN_APPROVAL ( #666, ( #2311 ) ) ;
#857 = CARTESIAN_POINT ( 'NONE',  ( 111.6968029705518433, 0.07993136478106327436, -6.929217623698797013 ) ) ;
#858 = CARTESIAN_POINT ( 'NONE',  ( 3.000000000000002665, 0.000000000000000000, -4.000000000000006217 ) ) ;
#859 = ORIENTED_EDGE ( 'NONE', *, *, #94, .F. ) ;
#860 = CARTESIAN_POINT ( 'NONE',  ( 145.0492668004177403, 13.60780882192911356, -13.82106762068256955 ) ) ;
#861 = CARTESIAN_POINT ( 'NONE',  ( 0.000000000000000000, 3.000000000000000000, -4.000000000000006217 ) ) ;
#862 = CYLINDRICAL_SURFACE ( 'NONE', #1873, 1.000000000000000000 ) ;
#863 = CARTESIAN_POINT ( 'NONE',  ( 113.4025997963560286, 1.000000000000000000, -8.279130362457102876 ) ) ;
#864 = CARTESIAN_POINT ( 'NONE',  ( 109.6360297657337100, 20.00000000000000000, -1.000000000000000888 ) ) ;
#865 = DIRECTION ( 'NONE',  ( 1.000000000000000000, 0.000000000000000000, 0.000000000000000000 ) ) ;
#866 = FACE_OUTER_BOUND ( 'NONE', #2024, .T. ) ;
#867 = ORIENTED_EDGE ( 'NONE', *, *, #99, .T. ) ;
#868 = ORIENTED_EDGE ( 'NONE', *, *, #817, .T. ) ;
#869 =( BOUNDED_CURVE ( )  B_SPLINE_CURVE ( 3, ( #1405, #134, #2507, #1191 ),
 .UNSPECIFIED., .F., .F. ) 
 B_SPLINE_CURVE_WITH_KNOTS ( ( 4, 4 ),
 ( 1.570796326794896558, 2.696031399646982241 ),
 .UNSPECIFIED. ) 
 CURVE ( )  GEOMETRIC_REPRESENTATION_ITEM ( )  RATIONAL_B_SPLINE_CURVE ( ( 1.000000000000000000, 0.8972412072652146131, 0.8972412072652146131, 1.000000000000000000 ) ) 
 REPRESENTATION_ITEM ( '' )  );
#870 = CARTESIAN_POINT ( 'NONE',  ( 110.0629792653220562, 0.3097579573104091710, -6.723727011179470026 ) ) ;
#871 = DIRECTION ( 'NONE',  ( 0.000000000000000000, 0.000000000000000000, -1.000000000000000000 ) ) ;
#872 = CARTESIAN_POINT ( 'NONE',  ( 1.017519744401137460, 18.50677362101370349, -0.7398395684795802119 ) ) ;
#873 = VECTOR ( 'NONE', #1627, 1000.000000000000000 ) ;
#874 = ORIENTED_EDGE ( 'NONE', *, *, #698, .F. ) ;
#875 = CARTESIAN_POINT ( 'NONE',  ( 0.7586295022792403087, 0.9671883375968451935, -0.9671883375968451935 ) ) ;
#876 = AXIS2_PLACEMENT_3D ( 'NONE', #996, #2630, #2550 ) ;
#877 = CARTESIAN_POINT ( 'NONE',  ( 113.4025997963565260, 18.88652285270468667, -8.279130362457289394 ) ) ;
#878 = CARTESIAN_POINT ( 'NONE',  ( 113.4831377372274375, 0.8264715083250459005, -8.305014628387663578 ) ) ;
#879 = CARTESIAN_POINT ( 'NONE',  ( 139.2781244087322534, 15.25172730585856939, -11.72054357239722933 ) ) ;
#880 =( NAMED_UNIT ( * ) SI_UNIT ( $, .STERADIAN. ) SOLID_ANGLE_UNIT ( ) );
#881 = CARTESIAN_POINT ( 'NONE',  ( 3.000000000000002665, 0.000000000000000000, -4.000000000000004441 ) ) ;
#882 = ORIENTED_EDGE ( 'NONE', *, *, #1529, .F. ) ;
#883 = VERTEX_POINT ( 'NONE', #983 ) ;
#884 = CARTESIAN_POINT ( 'NONE',  ( 110.0704950812504421, 0.2739926021452677163, -6.683628193554251418 ) ) ;
#885 = CARTESIAN_POINT ( 'NONE',  ( 142.6699864724704696, -6.888106547127266666, -19.28154180303793197 ) ) ;
#886 = EDGE_LOOP ( 'NONE', ( #262, #2094, #915 ) ) ;
#887 = LINE ( 'NONE', #1844, #748 ) ;
#888 = AXIS2_PLACEMENT_3D ( 'NONE', #1453, #162, #527 ) ;
#889 = EDGE_CURVE ( 'NONE', #559, #80, #2711, .T. ) ;
#890 = LINE ( 'NONE', #1987, #1942 ) ;
#891 = AXIS2_PLACEMENT_3D ( 'NONE', #1608, #2490, #2059 ) ;
#892 = EDGE_CURVE ( 'NONE', #632, #1500, #377, .T. ) ;
#893 = DIRECTION ( 'NONE',  ( -0.9994674359039734668, -0.03263195623214609070, 0.000000000000000000 ) ) ;
#894 = CARTESIAN_POINT ( 'NONE',  ( 131.7781745664655091, -1.566504953067384465, -7.926607298846689353 ) ) ;
#895 = CARTESIAN_POINT ( 'NONE',  ( 112.5513943275471718, 0.1585229760157977619, -7.481283546191628275 ) ) ;
#896 = CYLINDRICAL_SURFACE ( 'NONE', #2283, 3.000000000000000000 ) ;
#897 = DIRECTION ( 'NONE',  ( 0.000000000000000000, 0.000000000000000000, -1.000000000000000000 ) ) ;
#898 = CARTESIAN_POINT ( 'NONE',  ( 139.0461898743208735, -5.337638133410131935, -17.91925751058446892 ) ) ;
#899 = ORIENTED_EDGE ( 'NONE', *, *, #1151, .T. ) ;
#900 = SECURITY_CLASSIFICATION ( '', '', #2019 ) ;
#901 = CARTESIAN_POINT ( 'NONE',  ( 2.607305765700781652, 0.01933826517584499860, -1.012892176783896092 ) ) ;
#902 = FACE_OUTER_BOUND ( 'NONE', #2614, .T. ) ;
#903 = LINE ( 'NONE', #518, #2793 ) ;
#904 = ADVANCED_FACE ( 'NONE', ( #2385 ), #2835, .T. ) ;
#905 = CARTESIAN_POINT ( 'NONE',  ( 8.000000000000000000, -7.810249675906655753, -9.501000000000002998 ) ) ;
#906 = CARTESIAN_POINT ( 'NONE',  ( 109.4187722011694888, 0.2295466016701478984, -6.711454251932154946 ) ) ;
#907 = MECHANICAL_CONTEXT ( 'NONE', #2246, 'mechanical' ) ;
#908 = CARTESIAN_POINT ( 'NONE',  ( 110.1929953962748243, 19.98747038457119629, -6.004091400336685425 ) ) ;
#909 = ORIENTED_EDGE ( 'NONE', *, *, #2317, .F. ) ;
#910 = CARTESIAN_POINT ( 'NONE',  ( 113.3990003999759040, 18.89209477623892397, -8.277761672821085881 ) ) ;
#911 = CARTESIAN_POINT ( 'NONE',  ( 140.8498739173631407, -4.962977316959983121, -18.59731169323309885 ) ) ;
#912 = ORIENTED_EDGE ( 'NONE', *, *, #2633, .F. ) ;
#913 = EDGE_CURVE ( 'NONE', #559, #2270, #1250, .T. ) ;
#914 = CARTESIAN_POINT ( 'NONE',  ( 109.8236730192915331, 1.006450157371267196, 0.000000000000000000 ) ) ;
#915 = ORIENTED_EDGE ( 'NONE', *, *, #2413, .F. ) ;
#916 = CARTESIAN_POINT ( 'NONE',  ( 106.3649126752825111, 18.92434968069117218, -7.000000000000006217 ) ) ;
#917 = CARTESIAN_POINT ( 'NONE',  ( 133.9080096067089585, -2.719736377508405134, -15.98767496154213852 ) ) ;
#918 = LINE ( 'NONE', #2676, #1179 ) ;
#919 = EDGE_CURVE ( 'NONE', #2270, #71, #926, .T. ) ;
#920 = DIRECTION ( 'NONE',  ( -1.000000000000000000, 0.000000000000000000, 0.000000000000000000 ) ) ;
#921 = CARTESIAN_POINT ( 'NONE',  ( 109.3988641137877664, 0.03933087681750103287, -6.004280147944792922 ) ) ;
#922 = CALENDAR_DATE ( 2026, 3, 9 ) ;
#923 = CARTESIAN_POINT ( 'NONE',  ( 3.000000000000002665, 0.000000000000000000, -6.000000000000019540 ) ) ;
#924 = CARTESIAN_POINT ( 'NONE',  ( 137.2631375859032801, 15.38199786180339856, -16.17745892226163562 ) ) ;
#925 = CARTESIAN_POINT ( 'NONE',  ( 109.7896926862712519, 0.04002157207379424680, -6.076221167787308808 ) ) ;
#926 = LINE ( 'NONE', #2672, #2256 ) ;
#927 = ORIENTED_EDGE ( 'NONE', *, *, #2370, .T. ) ;
#928 = DIRECTION ( 'NONE',  ( 0.000000000000000000, 0.000000000000000000, -1.000000000000000000 ) ) ;
#929 = ORIENTED_EDGE ( 'NONE', *, *, #1750, .F. ) ;
#930 = B_SPLINE_CURVE_WITH_KNOTS ( 'NONE', 3,
 ( #1229, #570, #1662, #2074, #513, #2542, #120, #152, #1648, #1298, #416, #191, #2582, #1510, #801, #401, #601, #1051, #178, #1273 ),
 .UNSPECIFIED., .F., .F.,
 ( 4, 2, 2, 2, 2, 2, 2, 2, 2, 4 ),
 ( 0.000000000000000000, 0.002708602931443180022, 0.005417205862886360045, 0.01083441172577272009, 0.01354301465721589881, 0.01625161758865908274, 0.02166882345154544018, 0.02708602931443179762, 0.03250323517731816547, 0.04333764690309083178 ),
 .UNSPECIFIED. ) ;
#931 = CARTESIAN_POINT ( 'NONE',  ( 133.2125777128295567, -2.533310394540575050, -15.72624308482392586 ) ) ;
#932 = CARTESIAN_POINT ( 'NONE',  ( 5.499000000000000554, -7.810249675906655753, -8.501000000000018986 ) ) ;
#933 = EDGE_CURVE ( 'NONE', #95, #1965, #654, .T. ) ;
#934 = AXIS2_PLACEMENT_3D ( 'NONE', #175, #1256, #1700 ) ;
#935 = LINE ( 'NONE', #1592, #1435 ) ;
#936 = CARTESIAN_POINT ( 'NONE',  ( 109.8001467689719561, 0.2830862102353706722, -6.863321056930923980 ) ) ;
#937 = CARTESIAN_POINT ( 'NONE',  ( 110.5383983974949018, 19.97644906001156428, -6.264669427660336076 ) ) ;
#938 = ORIENTED_EDGE ( 'NONE', *, *, #2720, .F. ) ;
#939 = DIRECTION ( 'NONE',  ( 0.000000000000000000, 1.000000000000000000, 0.000000000000000000 ) ) ;
#940 = CARTESIAN_POINT ( 'NONE',  ( 143.3792129391030414, -7.246009888475841265, -19.54815943710878301 ) ) ;
#941 = VERTEX_POINT ( 'NONE', #240 ) ;
#942 = EDGE_CURVE ( 'NONE', #1751, #318, #1098, .T. ) ;
#943 = EDGE_LOOP ( 'NONE', ( #122, #2159, #2372 ) ) ;
#944 = CARTESIAN_POINT ( 'NONE',  ( 109.8236730192734854, 1.006450157370804899, -4.336808689942017736E-15 ) ) ;
#945 = CARTESIAN_POINT ( 'NONE',  ( 2.129494899290815813, 0.1205708281639632784, -6.493263694937811970 ) ) ;
#946 = CARTESIAN_POINT ( 'NONE',  ( 2.884690145431574674E-15, 18.75735931288071612, -1.828427124746190069 ) ) ;
#947 = CARTESIAN_POINT ( 'NONE',  ( 120.5841875559670626, 18.20775683482678531, -10.97888569771765077 ) ) ;
#948 = CARTESIAN_POINT ( 'NONE',  ( 148.7083515827920053, -8.081274705556772631, -15.15286556612326763 ) ) ;
#949 = CALENDAR_DATE ( 2026, 3, 9 ) ;
#950 = CARTESIAN_POINT ( 'NONE',  ( 110.7916377600732005, 19.95495237055758153, -6.455689336823466462 ) ) ;
#951 = EDGE_LOOP ( 'NONE', ( #803, #1196, #2124, #2242 ) ) ;
#952 = CARTESIAN_POINT ( 'NONE',  ( 108.6025407902992299, 19.89437530222093287, -6.461473859405774789 ) ) ;
#953 = CARTESIAN_POINT ( 'NONE',  ( 111.2053294841625473, 18.97242078059554871, -7.453116332284571044 ) ) ;
#954 = ORIENTED_EDGE ( 'NONE', *, *, #331, .F. ) ;
#955 = B_SPLINE_CURVE_WITH_KNOTS ( 'NONE', 3,
 ( #613, #2164, #1478, #1060, #1048, #398, #2390 ),
 .UNSPECIFIED., .F., .F.,
 ( 4, 3, 4 ),
 ( -5.999999996471499757E-08, 0.000000000000000000, 0.0001883204892168915110 ),
 .UNSPECIFIED. ) ;
#956 = ORIENTED_EDGE ( 'NONE', *, *, #43, .F. ) ;
#957 =( BOUNDED_SURFACE ( )  B_SPLINE_SURFACE ( 3, 2, ( 
 ( #2020, #63, #1800 ),
 ( #1418, #115, #2299 ),
 ( #2718, #726, #2071 ),
 ( #764, #509, #76 ) ),
 .UNSPECIFIED., .F., .F., .T. ) 
 B_SPLINE_SURFACE_WITH_KNOTS ( ( 4, 4 ),
 ( 3, 3 ),
 ( 0.1900891601871265435, 0.1924891903023804030 ),
 ( 0.6826478517002847468, 1.000000000000000000 ),
 .UNSPECIFIED. ) 
 GEOMETRIC_REPRESENTATION_ITEM ( )  RATIONAL_B_SPLINE_SURFACE ( (
 ( 0.8749092839593077819, 0.9083782980279464514, 1.000000000000000000),
 ( 0.8743217733935211289, 0.9079479805777974644, 1.000000000000000000),
 ( 0.8737433551414630628, 0.9075243227206626351, 1.000000000000000000),
 ( 0.8731775722468275713, 0.9071099195307702479, 1.000000000000000000) ) ) 
 REPRESENTATION_ITEM ( '' )  SURFACE ( )  );
#958 = LINE ( 'NONE', #59, #970 ) ;
#959 = CARTESIAN_POINT ( 'NONE',  ( 5.499000000000000554, 0.000000000000000000, -9.501000000000018986 ) ) ;
#960 = DIRECTION ( 'NONE',  ( 0.000000000000000000, 0.000000000000000000, -1.000000000000000000 ) ) ;
#961 = DIRECTION ( 'NONE',  ( 0.000000000000000000, 0.000000000000000000, 1.000000000000000000 ) ) ;
#962 = CARTESIAN_POINT ( 'NONE',  ( 111.8115082409300243, 19.96678627383414906, -6.612411051988627442 ) ) ;
#963 = PRODUCT_DEFINITION_SHAPE ( 'NONE', 'NONE',  #2311 ) ;
#964 = DIRECTION ( 'NONE',  ( -1.000000000000000000, 0.000000000000000000, -0.000000000000000000 ) ) ;
#965 = CARTESIAN_POINT ( 'NONE',  ( 147.8886938636779576, -8.047637791034093269, -20.17507026191098518 ) ) ;
#966 = ORIENTED_EDGE ( 'NONE', *, *, #1851, .T. ) ;
#967 = CARTESIAN_POINT ( 'NONE',  ( 132.7675310790804986, -2.922225675468296480, -9.350881392991869490 ) ) ;
#968 = ORIENTED_EDGE ( 'NONE', *, *, #1812, .T. ) ;
#969 = CARTESIAN_POINT ( 'NONE',  ( 107.7976269828415923, 0.9999999999999668043, -6.000000000000001776 ) ) ;
#970 = VECTOR ( 'NONE', #1578, 1000.000000000000000 ) ;
#971 = CARTESIAN_POINT ( 'NONE',  ( 127.6951004178148992, 16.81350588601594254, -13.65207240516333442 ) ) ;
#972 = CARTESIAN_POINT ( 'NONE',  ( 146.6007660257471343, 9.539544568843174588, -20.75922938773446802 ) ) ;
#973 = AXIS2_PLACEMENT_3D ( 'NONE', #2136, #2363, #232 ) ;
#974 = EDGE_CURVE ( 'NONE', #1372, #883, #607, .T. ) ;
#975 = DIRECTION ( 'NONE',  ( 0.9396926207858924407, 0.000000000000000000, -0.3420201433257126222 ) ) ;
#976 = DIRECTION ( 'NONE',  ( 0.000000000000000000, 0.000000000000000000, 1.000000000000000000 ) ) ;
#977 = CARTESIAN_POINT ( 'NONE',  ( 129.4773802264431311, 16.37637832760501055, -14.32208015043270244 ) ) ;
#978 = ORIENTED_EDGE ( 'NONE', *, *, #2173, .F. ) ;
#979 = CIRCLE ( 'NONE', #220, 2.498999999999999666 ) ;
#980 = CARTESIAN_POINT ( 'NONE',  ( 131.1571879246481842, -2.524916439692794334, -8.764764417824169485 ) ) ;
#981 = EDGE_LOOP ( 'NONE', ( #1692, #1704, #1808 ) ) ;
#982 = DIRECTION ( 'NONE',  ( 8.595445695815679977E-32, -1.000000000000000000, 1.734723475976806848E-16 ) ) ;
#983 = CARTESIAN_POINT ( 'NONE',  ( 112.1270318274519013, 19.68276276979588246, -7.447327796514371379 ) ) ;
#984 = LINE ( 'NONE', #308, #486 ) ;
#985 = CARTESIAN_POINT ( 'NONE',  ( 113.3990003999758613, 18.89209477623892397, -8.277761672821071670 ) ) ;
#986 = DIRECTION ( 'NONE',  ( 0.000000000000000000, -1.000000000000000000, -0.000000000000000000 ) ) ;
#987 = PLANE ( 'NONE',  #1854 ) ;
#988 = CARTESIAN_POINT ( 'NONE',  ( 107.8161785944026860, 20.00000000000000000, -6.000000000000005329 ) ) ;
#989 = DIRECTION ( 'NONE',  ( 0.9396926207858917746, 0.000000000000000000, -0.3420201433257143431 ) ) ;
#990 = CARTESIAN_POINT ( 'NONE',  ( 149.3540966133425059, -8.075699334250396433, -16.27696945535187112 ) ) ;
#991 = ORIENTED_EDGE ( 'NONE', *, *, #150, .T. ) ;
#992 = CARTESIAN_POINT ( 'NONE',  ( 5.499000000000017430, 0.000000000000000000, -12.00000000000001954 ) ) ;
#993 = EDGE_CURVE ( 'NONE', #2823, #1146, #1331, .T. ) ;
#994 = ORIENTED_EDGE ( 'NONE', *, *, #652, .T. ) ;
#995 = CARTESIAN_POINT ( 'NONE',  ( 122.0415153206223380, 19.34600871986485870, -4.382753152192059076 ) ) ;
#996 = CARTESIAN_POINT ( 'NONE',  ( 5.499000000000000554, -7.810249675906655753, -9.501000000000018986 ) ) ;
#997 = ADVANCED_FACE ( 'NONE', ( #275 ), #686, .T. ) ;
#998 = CARTESIAN_POINT ( 'NONE',  ( 109.6360297657337242, 19.52198665876327865, -0.1077730963901873951 ) ) ;
#999 = CARTESIAN_POINT ( 'NONE',  ( 106.4381354882520299, 19.13900552161157975, -6.992700768108928600 ) ) ;
#1000 = AXIS2_PLACEMENT_3D ( 'NONE', #858, #208, #871 ) ;
#1001 = FACE_OUTER_BOUND ( 'NONE', #1085, .T. ) ;
#1002 = ADVANCED_FACE ( 'NONE', ( #2052 ), #2708, .F. ) ;
#1003 = DIRECTION ( 'NONE',  ( 0.3420201433257106238, 0.000000000000000000, 0.9396926207858933289 ) ) ;
#1004 = DIRECTION ( 'NONE',  ( 0.006931036737909981177, 0.9999725855010873632, -0.002605566350841817536 ) ) ;
#1005 = CARTESIAN_POINT ( 'NONE',  ( 106.3525691281700034, 0.9138943059000678160, -6.999779034418587287 ) ) ;
#1006 = CARTESIAN_POINT ( 'NONE',  ( 115.2086237460530072, 18.78733874696741779, -8.958064180020956613 ) ) ;
#1007 = ORIENTED_EDGE ( 'NONE', *, *, #313, .T. ) ;
#1008 = ORIENTED_EDGE ( 'NONE', *, *, #1328, .T. ) ;
#1009 = AXIS2_PLACEMENT_3D ( 'NONE', #488, #2238, #2467 ) ;
#1010 = DIRECTION ( 'NONE',  ( -0.03263195623215420921, 0.9994674359039732447, 0.000000000000000000 ) ) ;
#1011 = EDGE_LOOP ( 'NONE', ( #1304, #1249, #1540 ) ) ;
#1012 = PLANE ( 'NONE',  #1900 ) ;
#1013 = CARTESIAN_POINT ( 'NONE',  ( 111.5029582973832873, 0.06283619767793120758, -1.611209856037682187 ) ) ;
#1014 = DIRECTION ( 'NONE',  ( 0.000000000000000000, 1.000000000000000000, -0.000000000000000000 ) ) ;
#1015 = CARTESIAN_POINT ( 'NONE',  ( 149.6443950646690553, -8.081274705556756643, -15.50474992217696979 ) ) ;
#1016 = DIRECTION ( 'NONE',  ( 0.000000000000000000, 0.000000000000000000, -1.000000000000000000 ) ) ;
#1017 = ADVANCED_FACE ( 'NONE', ( #2037 ), #1342, .T. ) ;
#1018 = CARTESIAN_POINT ( 'NONE',  ( 2.737946604452145660, 19.99999999990362909, -9.623145977106495992E-11 ) ) ;
#1019 = CYLINDRICAL_SURFACE ( 'NONE', #526, 3.000000000000000000 ) ;
#1020 = DIRECTION ( 'NONE',  ( 0.04189250981498360282, 0.000000000000000000, 0.9991221234771060500 ) ) ;
#1021 = CARTESIAN_POINT ( 'NONE',  ( 110.2383214068877777, 0.6686585578456905044, -7.010267323313925658 ) ) ;
#1022 = DIRECTION ( 'NONE',  ( -0.3420201433256692125, 0.000000000000000000, -0.9396926207859083169 ) ) ;
#1023 = ORIENTED_EDGE ( 'NONE', *, *, #1912, .F. ) ;
#1024 = EDGE_CURVE ( 'NONE', #2643, #2307, #1375, .T. ) ;
#1025 = CARTESIAN_POINT ( 'NONE',  ( 3.000000000000002665, 20.00000000000000000, -0.9999999999999995559 ) ) ;
#1026 = ORIENTED_EDGE ( 'NONE', *, *, #1699, .F. ) ;
#1027 = EDGE_CURVE ( 'NONE', #465, #1372, #2501, .T. ) ;
#1028 = AXIS2_PLACEMENT_3D ( 'NONE', #1454, #1701, #2338 ) ;
#1029 = CARTESIAN_POINT ( 'NONE',  ( 149.2570228453244283, 10.31374609175090562, -15.35256557408236056 ) ) ;
#1030 = CARTESIAN_POINT ( 'NONE',  ( 107.7130659539470656, 19.71561476284638559, -6.699357652188255408 ) ) ;
#1031 = CARTESIAN_POINT ( 'NONE',  ( 0.000000000000000000, 17.00000000000000000, -3.000000000000000000 ) ) ;
#1032 = CARTESIAN_POINT ( 'NONE',  ( 1.017519744401146564, 19.26016043152043267, -1.493226378986386882 ) ) ;
#1033 = CYLINDRICAL_SURFACE ( 'NONE', #574, 1.000000000000000000 ) ;
#1034 = DIRECTION ( 'NONE',  ( 0.000000000000000000, 0.000000000000000000, 1.000000000000000000 ) ) ;
#1035 = CARTESIAN_POINT ( 'NONE',  ( 110.2515391048371782, 0.6365772239941966948, -7.003697298597094445 ) ) ;
#1036 = CARTESIAN_POINT ( 'NONE',  ( 109.4194831494763633, 0.2295761634841535503, -6.711582349018392790 ) ) ;
#1037 = ORIENTED_EDGE ( 'NONE', *, *, #406, .T. ) ;
#1038 = EDGE_LOOP ( 'NONE', ( #1879, #2786, #1927, #2239 ) ) ;
#1039 = CARTESIAN_POINT ( 'NONE',  ( 110.0936547820762001, 0.1848896660515274293, -6.555063764910196156 ) ) ;
#1040 = CARTESIAN_POINT ( 'NONE',  ( 3.035766082959412415E-15, 17.39276987814954012, -2.738153414568418320 ) ) ;
#1041 = ORIENTED_EDGE ( 'NONE', *, *, #1488, .T. ) ;
#1042 = EDGE_CURVE ( 'NONE', #854, #1878, #1605, .T. ) ;
#1043 = FACE_OUTER_BOUND ( 'NONE', #646, .T. ) ;
#1044 = AXIS2_PLACEMENT_3D ( 'NONE', #1367, #2236, #711 ) ;
#1045 = CARTESIAN_POINT ( 'NONE',  ( 110.0000000000000000, 1.000000000000001332, -6.999999999999996447 ) ) ;
#1046 = CARTESIAN_POINT ( 'NONE',  ( 113.3990003999759040, 18.89209477623892397, -8.277761672821085881 ) ) ;
#1047 = CARTESIAN_POINT ( 'NONE',  ( 133.1841186882627710, 16.53735983485123029, -14.64449067940317839 ) ) ;
#1048 = CARTESIAN_POINT ( 'NONE',  ( 109.6988632006816999, 19.99999998551246705, -1.000087881675148838 ) ) ;
#1049 = CARTESIAN_POINT ( 'NONE',  ( 112.5618952446802012, 0.1600202856360741221, -7.488364206805034229 ) ) ;
#1050 = CARTESIAN_POINT ( 'NONE',  ( 113.1143353405831817, 0.3016513197220634934, -7.903108611892974089 ) ) ;
#1051 = CARTESIAN_POINT ( 'NONE',  ( 116.9035587476029860, 18.90712183869266028, -2.512689894635540711 ) ) ;
#1052 = ORIENTED_EDGE ( 'NONE', *, *, #206, .T. ) ;
#1053 = VERTEX_POINT ( 'NONE', #910 ) ;
#1054 = CARTESIAN_POINT ( 'NONE',  ( 111.2899086546131713, 0.06014573422837135586, -6.675693695609482781 ) ) ;
#1055 = EDGE_LOOP ( 'NONE', ( #991, #1213, #1793, #502 ) ) ;
#1056 = CARTESIAN_POINT ( 'NONE',  ( 1.017519744401137682, 0.7398395684795802119, -1.493226378986386882 ) ) ;
#1057 = B_SPLINE_CURVE_WITH_KNOTS ( 'NONE', 3,
 ( #1134, #2674, #1783, #914 ),
 .UNSPECIFIED., .F., .F.,
 ( 4, 4 ),
 ( 0.000000000000000000, 0.0002062957268852283618 ),
 .UNSPECIFIED. ) ;
#1058 = CARTESIAN_POINT ( 'NONE',  ( 106.3657828942394445, 19.00000000000000000, -7.000000000000006217 ) ) ;
#1059 = CARTESIAN_POINT ( 'NONE',  ( 131.2180794901778711, -2.539357305357682559, -8.786927135194041227 ) ) ;
#1060 = CARTESIAN_POINT ( 'NONE',  ( 109.6360897656749813, 19.99999999999307931, -1.000000083918126226 ) ) ;
#1061 = CARTESIAN_POINT ( 'NONE',  ( 148.4008717782543272, -9.061101949209206197, -15.04095206963360631 ) ) ;
#1062 = DIRECTION ( 'NONE',  ( -1.000000000000000000, 0.000000000000000000, 0.000000000000000000 ) ) ;
#1063 = CYLINDRICAL_SURFACE ( 'NONE', #1713, 1.000000000000005995 ) ;
#1064 = ORIENTED_EDGE ( 'NONE', *, *, #117, .F. ) ;
#1065 = AXIS2_PLACEMENT_3D ( 'NONE', #1389, #1139, #322 ) ;
#1066 = ORIENTED_EDGE ( 'NONE', *, *, #1116, .T. ) ;
#1067 = CARTESIAN_POINT ( 'NONE',  ( 109.9263164358013256, 0.04023204323323822940, -6.049982621335802335 ) ) ;
#1068 = DIRECTION ( 'NONE',  ( -5.204170427930418325E-16, -3.469446951953612217E-16, -1.000000000000000000 ) ) ;
#1069 = ORIENTED_EDGE ( 'NONE', *, *, #1341, .F. ) ;
#1070 = CARTESIAN_POINT ( 'NONE',  ( 1.496547972348959865, 0.3965052064026103884, -1.264336804268406889 ) ) ;
#1071 = AXIS2_PLACEMENT_3D ( 'NONE', #163, #768, #1020 ) ;
#1072 = DIRECTION ( 'NONE',  ( 0.000000000000000000, -8.673617379884027583E-15, 1.000000000000000000 ) ) ;
#1073 = CARTESIAN_POINT ( 'NONE',  ( 118.4582331284045580, -0.2478815998223934669, -3.078545093234358099 ) ) ;
#1074 = CARTESIAN_POINT ( 'NONE',  ( 107.8161785944026718, 20.00000000000000000, -6.000000000000019540 ) ) ;
#1075 = CARTESIAN_POINT ( 'NONE',  ( 138.4577260252881388, 15.50906678781640480, -11.42194298058342206 ) ) ;
#1076 = DIRECTION ( 'NONE',  ( 0.000000000000000000, 0.000000000000000000, 1.000000000000000000 ) ) ;
#1077 = DIRECTION ( 'NONE',  ( 4.954937092193131864E-16, -0.000000000000000000, 1.000000000000000000 ) ) ;
#1078 = ORIENTED_EDGE ( 'NONE', *, *, #688, .T. ) ;
#1079 = EDGE_LOOP ( 'NONE', ( #1066, #882, #2496, #1356 ) ) ;
#1080 = APPROVAL_PERSON_ORGANIZATION ( #2717, #2148, #2693 ) ;
#1081 = CARTESIAN_POINT ( 'NONE',  ( 146.1596007226632423, 11.37632723193605244, -19.51915414771617208 ) ) ;
#1082 = CARTESIAN_POINT ( 'NONE',  ( 109.1737518888697736, 0.05080276668260162026, -6.195313776709417297 ) ) ;
#1083 = CARTESIAN_POINT ( 'NONE',  ( 112.7924650387808470, 1.057778206996400794, -8.049764013102524984 ) ) ;
#1084 =( BOUNDED_SURFACE ( )  B_SPLINE_SURFACE ( 3, 2, ( 
 ( #337, #1858, #1204 ),
 ( #2505, #1594, #2733 ),
 ( #2085, #1379, #937 ),
 ( #564, #1150, #950 ),
 ( #2264, #535, #1827 ),
 ( #133, #1404, #2035 ),
 ( #299, #2276, #1434 ),
 ( #1816, #1841, #2287 ),
 ( #2315, #2694, #1872 ),
 ( #740, #1164, #323 ),
 ( #2478, #1611, #2748 ),
 ( #779, #1656, #1190 ),
 ( #2050, #90, #2705 ),
 ( #2492, #523, #1391 ) ),
 .UNSPECIFIED., .F., .F., .F. ) 
 B_SPLINE_SURFACE_WITH_KNOTS ( ( 4, 2, 2, 2, 2, 2, 4 ),
 ( 3, 3 ),
 ( -5.237670905361103350E-05, 0.003840509713920666271, 0.005786952925407804794, 0.007733396136894943318, 0.01162628255986922036, 0.01357272577135635802, 0.01551916898284349741 ),
 ( 0.000000000000000000, 1.000000000000000000 ),
 .UNSPECIFIED. ) 
 GEOMETRIC_REPRESENTATION_ITEM ( )  RATIONAL_B_SPLINE_SURFACE ( (
 ( 1.000000000000000000, 1.000000000000000000, 1.000000000000000000),
 ( 1.000000000000000000, 0.9999998246536165869, 1.000000000000000000),
 ( 1.000000000000000000, 0.9998569221498206927, 1.000000000000000000),
 ( 1.000000000000000000, 0.9994422691177923257, 1.000000000000000000),
 ( 1.000000000000000000, 0.9992706087085727606, 1.000000000000000000),
 ( 1.000000000000000000, 0.9988616697575427583, 1.000000000000000000),
 ( 1.000000000000000000, 0.9986230020514321737, 1.000000000000000000),
 ( 1.000000000000000000, 0.9978202687362602852, 1.000000000000000000),
 ( 1.000000000000000000, 0.9971741073035738090, 1.000000000000000000),
 ( 1.000000000000000000, 0.9960704989954161093, 1.000000000000000000),
 ( 1.000000000000000000, 0.9956801688505682035, 1.000000000000000000),
 ( 1.000000000000000000, 0.9948596648067179471, 1.000000000000000000),
 ( 1.000000000000000000, 0.9944280681868865601, 1.000000000000000000),
 ( 1.000000000000000000, 0.9939865686229437669, 1.000000000000000000) ) ) 
 REPRESENTATION_ITEM ( '' )  SURFACE ( )  );
#1085 = EDGE_LOOP ( 'NONE', ( #1457, #1319, #1023, #2141 ) ) ;
#1086 = CARTESIAN_POINT ( 'NONE',  ( 1.496547972348959865, 1.264336804268406889, -0.3965052064026103884 ) ) ;
#1087 = DIRECTION ( 'NONE',  ( 0.7886192640222944306, -0.5386919478482823376, -0.2964635588674571220 ) ) ;
#1088 = EDGE_CURVE ( 'NONE', #1275, #854, #1721, .T. ) ;
#1089 = CARTESIAN_POINT ( 'NONE',  ( 136.4926134611594364, 14.47088121324839349, -16.95929826813603469 ) ) ;
#1090 = FACE_OUTER_BOUND ( 'NONE', #1680, .T. ) ;
#1091 = CARTESIAN_POINT ( 'NONE',  ( 147.6183369348203200, -7.102037035714901414, -13.69195490687149253 ) ) ;
#1092 = LINE ( 'NONE', #881, #2631 ) ;
#1093 = EDGE_LOOP ( 'NONE', ( #21, #592, #1346 ) ) ;
#1094 = VERTEX_POINT ( 'NONE', #2696 ) ;
#1095 = EDGE_CURVE ( 'NONE', #883, #465, #546, .T. ) ;
#1096 = PERSON ( 'UNSPECIFIED', 'UNSPECIFIED', 'UNSPECIFIED', ('UNSPECIFIED'), ('UNSPECIFIED'), ('UNSPECIFIED') ) ;
#1097 = CARTESIAN_POINT ( 'NONE',  ( 110.0577203655054745, 0.3576036878006264574, -6.772140880035204091 ) ) ;
#1098 = LINE ( 'NONE', #1586, #250 ) ;
#1099 = AXIS2_PLACEMENT_3D ( 'NONE', #1931, #354, #825 ) ;
#1100 = VERTEX_POINT ( 'NONE', #252 ) ;
#1101 = CARTESIAN_POINT ( 'NONE',  ( 0.000000000000000000, 17.00000000000000000, -4.000000000000006217 ) ) ;
#1102 = EDGE_CURVE ( 'NONE', #42, #1094, #2607, .T. ) ;
#1103 = AXIS2_PLACEMENT_3D ( 'NONE', #474, #2223, #264 ) ;
#1104 = DIRECTION ( 'NONE',  ( 0.5640492526383074079, 0.8257411462426751392, 0.000000000000000000 ) ) ;
#1105 = CARTESIAN_POINT ( 'NONE',  ( 109.9999999999999858, 1.000000000000000000, -6.000000000000006217 ) ) ;
#1106 = CARTESIAN_POINT ( 'NONE',  ( 113.2639440903043209, 0.3683023193018001296, -8.024234142925600111 ) ) ;
#1107 = CARTESIAN_POINT ( 'NONE',  ( 113.5249428700754066, 1.048294687665853875, -1.282974282196324367 ) ) ;
#1108 = PERSON_AND_ORGANIZATION ( #1096, #720 ) ;
#1109 = CARTESIAN_POINT ( 'NONE',  ( 0.000000000000000000, 3.000000000000000000, -3.000000000000000000 ) ) ;
#1110 = ADVANCED_FACE ( 'NONE', ( #1585 ), #1368, .T. ) ;
#1111 = CARTESIAN_POINT ( 'NONE',  ( 3.000000000000002665, 0.000000000000000000, -3.000000000000000000 ) ) ;
#1112 = CARTESIAN_POINT ( 'NONE',  ( 108.2072268896280605, 19.83276358170281739, -6.570852302465144845 ) ) ;
#1113 = CARTESIAN_POINT ( 'NONE',  ( 134.7644627015825449, -2.948781942110272780, -16.30963911343749473 ) ) ;
#1114 = VECTOR ( 'NONE', #2302, 1000.000000000000000 ) ;
#1115 = ORIENTED_EDGE ( 'NONE', *, *, #198, .T. ) ;
#1116 = EDGE_CURVE ( 'NONE', #2682, #1921, #480, .T. ) ;
#1117 = CARTESIAN_POINT ( 'NONE',  ( 2.222152302202449636, 1.063966701603183074, -0.09595005240477325059 ) ) ;
#1118 = EDGE_CURVE ( 'NONE', #941, #1910, #1305, .T. ) ;
#1119 = AXIS2_PLACEMENT_3D ( 'NONE', #797, #1003, #975 ) ;
#1120 = CARTESIAN_POINT ( 'NONE',  ( 145.5110443490221996, 12.70455763068771127, -13.98914090323024340 ) ) ;
#1121 = AXIS2_PLACEMENT_3D ( 'NONE', #2274, #2761, #2100 ) ;
#1122 = B_SPLINE_CURVE_WITH_KNOTS ( 'NONE', 3,
 ( #14, #1353, #2217, #2232, #271, #1106, #1149, #2654, #1990, #60, #34, #2033, #2691, #878, #1763, #74 ),
 .UNSPECIFIED., .F., .F.,
 ( 4, 2, 2, 2, 2, 2, 2, 4 ),
 ( 0.000000000000000000, 0.0004261231971493014813, 0.0008522463942986014448, 0.001065307992873249909, 0.001278369591447898372, 0.001384900390735215557, 0.001491431190022532742, 0.001704492788597156703 ),
 .UNSPECIFIED. ) ;
#1123 = CARTESIAN_POINT ( 'NONE',  ( 106.3647230434517894, 0.9973943710621530068, -6.999996605343163480 ) ) ;
#1124 = CARTESIAN_POINT ( 'NONE',  ( 109.7616122214480470, 19.99997726407969623, -1.000177236496400557 ) ) ;
#1125 = PERSON_AND_ORGANIZATION_ROLE ( 'creator' ) ;
#1126 = DIRECTION ( 'NONE',  ( 0.0003875443932753924237, -0.01186989827671890499, 0.9999294751752464405 ) ) ;
#1127 = EDGE_CURVE ( 'NONE', #1719, #2813, #1874, .T. ) ;
#1128 = CARTESIAN_POINT ( 'NONE',  ( 5.499000000000000554, 6.599999999999999645, -9.501000000000018986 ) ) ;
#1129 = CARTESIAN_POINT ( 'NONE',  ( 147.4997738575430617, -8.909585086529080655, -16.83374057639722565 ) ) ;
#1130 =( BOUNDED_SURFACE ( )  B_SPLINE_SURFACE ( 3, 2, ( 
 ( #944, #2042, #1335 ),
 ( #1796, #1590, #1373 ),
 ( #46, #2675, #72 ),
 ( #747, #505, #257 ) ),
 .UNSPECIFIED., .F., .F., .F. ) 
 B_SPLINE_SURFACE_WITH_KNOTS ( ( 4, 4 ),
 ( 3, 3 ),
 ( -2.082752373344654018E-16, 0.0002062957268671644965 ),
 ( 0.000000000000000000, 1.000000000000000000 ),
 .UNSPECIFIED. ) 
 GEOMETRIC_REPRESENTATION_ITEM ( )  RATIONAL_B_SPLINE_SURFACE ( (
 ( 1.000000000000000000, 0.7032485266767851684, 1.000000000000000000),
 ( 1.000000000000000000, 0.7031310242749195805, 1.000000000000000000),
 ( 1.000000000000000000, 0.7030133015410936492, 1.000000000000000000),
 ( 1.000000000000000000, 0.7028953609440196093, 1.000000000000000000) ) ) 
 REPRESENTATION_ITEM ( '' )  SURFACE ( )  );
#1131 = CARTESIAN_POINT ( 'NONE',  ( 129.9095720690295082, -2.704357397728590406, -14.48455288933494778 ) ) ;
#1132 = VERTEX_POINT ( 'NONE', #340 ) ;
#1133 = EDGE_CURVE ( 'NONE', #1922, #1719, #846, .T. ) ;
#1134 = CARTESIAN_POINT ( 'NONE',  ( 109.6174781541736394, 1.000000000000000000, 0.000000000000000000 ) ) ;
#1135 = ADVANCED_FACE ( 'NONE', ( #118 ), #1019, .T. ) ;
#1136 = CARTESIAN_POINT ( 'NONE',  ( 140.0902099224892652, -4.676188621609298934, -18.31173321228767747 ) ) ;
#1137 = AXIS2_PLACEMENT_3D ( 'NONE', #2690, #722, #1400 ) ;
#1138 = CARTESIAN_POINT ( 'NONE',  ( 3.000000000000002220, 6.599999999999999645, -7.000000000000007105 ) ) ;
#1139 = DIRECTION ( 'NONE',  ( 1.000000000000000000, 0.000000000000000000, 0.000000000000000000 ) ) ;
#1140 = CARTESIAN_POINT ( 'NONE',  ( 133.3567941063409705, 16.49109684736701453, -14.70939312244606967 ) ) ;
#1141 = CARTESIAN_POINT ( 'NONE',  ( 109.7952775420819194, 19.99146549606999201, -6.120416538823193697 ) ) ;
#1142 = CARTESIAN_POINT ( 'NONE',  ( 146.4464256596835980, -8.890127078178911901, -19.63893517515699472 ) ) ;
#1143 = ORIENTED_EDGE ( 'NONE', *, *, #2534, .T. ) ;
#1144 = CARTESIAN_POINT ( 'NONE',  ( 143.6897059812289683, -7.198955049586294841, -18.60145961175271623 ) ) ;
#1145 = EDGE_CURVE ( 'NONE', #2142, #1936, #2726, .T. ) ;
#1146 = VERTEX_POINT ( 'NONE', #2278 ) ;
#1147 = CARTESIAN_POINT ( 'NONE',  ( 143.1588489250419229, 12.92249133446947518, -12.06883401124510513 ) ) ;
#1148 = CARTESIAN_POINT ( 'NONE',  ( 1.242640687119287213, 20.00000000000000711, -1.000000000000001110 ) ) ;
#1149 = CARTESIAN_POINT ( 'NONE',  ( 113.3136410234308755, 0.3960645246293548749, -8.066263020517963511 ) ) ;
#1150 = CARTESIAN_POINT ( 'NONE',  ( 110.1282925437892999, 19.94117270497384098, -6.331385666429296677 ) ) ;
#1151 = EDGE_CURVE ( 'NONE', #2251, #645, #148, .T. ) ;
#1152 = ORIENTED_EDGE ( 'NONE', *, *, #1042, .T. ) ;
#1153 = CARTESIAN_POINT ( 'NONE',  ( 5.501000000000000334, -7.810249675906655753, -9.501000000000018986 ) ) ;
#1154 = CARTESIAN_POINT ( 'NONE',  ( 136.4019352418475535, -4.349615928615024885, -15.85991935081802140 ) ) ;
#1155 = VERTEX_POINT ( 'NONE', #584 ) ;
#1156 = ORIENTED_EDGE ( 'NONE', *, *, #1835, .F. ) ;
#1157 = AXIS2_PLACEMENT_3D ( 'NONE', #750, #1593, #725 ) ;
#1158 = DIRECTION ( 'NONE',  ( 0.000000000000000000, 1.734723475976806848E-16, 1.000000000000000000 ) ) ;
#1159 = DIRECTION ( 'NONE',  ( -0.000000000000000000, 1.000000000000000000, -0.000000000000000000 ) ) ;
#1160 = B_SPLINE_CURVE_WITH_KNOTS ( 'NONE', 3,
 ( #1653, #1199, #2744, #1755 ),
 .UNSPECIFIED., .F., .F.,
 ( 4, 4 ),
 ( 2.775557561562891043E-17, 0.0001876432661474988751 ),
 .UNSPECIFIED. ) ;
#1161 = FACE_OUTER_BOUND ( 'NONE', #2811, .T. ) ;
#1162 = CARTESIAN_POINT ( 'NONE',  ( 112.5513943275454380, 0.1585229760157988999, -7.481283546190883982 ) ) ;
#1163 = PERSON_AND_ORGANIZATION_ROLE ( 'creator' ) ;
#1164 = CARTESIAN_POINT ( 'NONE',  ( 110.0277444327956857, 19.67921648078217345, -6.781395102898850169 ) ) ;
#1165 = VECTOR ( 'NONE', #2757, 1000.000000000000000 ) ;
#1166 = ORIENTED_EDGE ( 'NONE', *, *, #993, .T. ) ;
#1167 = DIRECTION ( 'NONE',  ( 8.595445695815679977E-32, -1.000000000000000000, 1.734723475976806848E-16 ) ) ;
#1168 = CC_DESIGN_PERSON_AND_ORGANIZATION_ASSIGNMENT ( #446, #50, ( #1397 ) ) ;
#1169 = CARTESIAN_POINT ( 'NONE',  ( 109.9999999999999858, 0.000000000000000000, 0.000000000000000000 ) ) ;
#1170 = ORIENTED_EDGE ( 'NONE', *, *, #142, .T. ) ;
#1171 = ORIENTED_EDGE ( 'NONE', *, *, #2119, .F. ) ;
#1172 = CARTESIAN_POINT ( 'NONE',  ( 5.499000000000000554, 6.599999999999999645, -10.50100000000002076 ) ) ;
#1173 = DIRECTION ( 'NONE',  ( 4.336808689942017736E-16, 0.000000000000000000, 1.000000000000000000 ) ) ;
#1174 = DIRECTION ( 'NONE',  ( -3.052279086265420591E-15, 1.000000000000000000, -8.119332088559454551E-15 ) ) ;
#1175 = APPROVAL_STATUS ( 'not_yet_approved' ) ;
#1176 = CARTESIAN_POINT ( 'NONE',  ( 110.1656931626172025, -9.999999999999998224, -0.06030737921409665137 ) ) ;
#1177 = CARTESIAN_POINT ( 'NONE',  ( 107.5460598584126757, 19.67772779707836506, -6.740917420639124913 ) ) ;
#1178 = DIRECTION ( 'NONE',  ( -1.000000000000000000, -0.000000000000000000, -0.000000000000000000 ) ) ;
#1179 = VECTOR ( 'NONE', #2488, 1000.000000000000000 ) ;
#1180 = CARTESIAN_POINT ( 'NONE',  ( 116.0775312717414920, 19.72664531794589493, -9.284710293233533918 ) ) ;
#1181 = ORIENTED_EDGE ( 'NONE', *, *, #1197, .T. ) ;
#1182 = CARTESIAN_POINT ( 'NONE',  ( 8.000000000000007105, 20.00000000000000000, -6.000000000000006217 ) ) ;
#1183 = ORIENTED_EDGE ( 'NONE', *, *, #524, .F. ) ;
#1184 = EDGE_CURVE ( 'NONE', #1288, #1834, #2751, .T. ) ;
#1185 = CARTESIAN_POINT ( 'NONE',  ( 136.1714310985267957, 16.26875201332383014, -9.525621908011153494 ) ) ;
#1186 = ADVANCED_FACE ( 'NONE', ( #2120 ), #314, .T. ) ;
#1187 = CARTESIAN_POINT ( 'NONE',  ( 3.000000000000002220, 6.599999999999999645, -7.000000000000007105 ) ) ;
#1188 = CARTESIAN_POINT ( 'NONE',  ( 149.6400405280753603, -9.912378441609481783, -15.51633337431110959 ) ) ;
#1189 = DATE_AND_TIME ( #2461, #1542 ) ;
#1190 = CARTESIAN_POINT ( 'NONE',  ( 111.9830621387950487, 19.72816067670529705, -7.343038335233705638 ) ) ;
#1191 = CARTESIAN_POINT ( 'NONE',  ( 1.707106781187908595, 19.70710678118719628, -6.707106781187394340 ) ) ;
#1192 = CARTESIAN_POINT ( 'NONE',  ( 5.499000000000000554, 13.40000000000000213, -10.50100000000002076 ) ) ;
#1193 = CARTESIAN_POINT ( 'NONE',  ( 148.7734996624061239, -8.064568907250947660, -17.82140865013901987 ) ) ;
#1194 = ORIENTED_EDGE ( 'NONE', *, *, #2562, .T. ) ;
#1195 = DIRECTION ( 'NONE',  ( 0.000000000000000000, 0.000000000000000000, -1.000000000000000000 ) ) ;
#1196 = ORIENTED_EDGE ( 'NONE', *, *, #2228, .T. ) ;
#1197 = EDGE_CURVE ( 'NONE', #2427, #1921, #1484, .T. ) ;
#1198 = FACE_BOUND ( 'NONE', #1847, .T. ) ;
#1199 = CARTESIAN_POINT ( 'NONE',  ( 109.7611252808974882, 18.99997736292632311, 0.000000000000000000 ) ) ;
#1200 = CC_DESIGN_PERSON_AND_ORGANIZATION_ASSIGNMENT ( #763, #1163, ( #47 ) ) ;
#1201 = VECTOR ( 'NONE', #624, 1000.000000000000000 ) ;
#1202 = CYLINDRICAL_SURFACE ( 'NONE', #2497, 1.000000000000000888 ) ;
#1203 = CARTESIAN_POINT ( 'NONE',  ( 109.9564079697053813, 19.26631486484367528, -7.013490280240556984 ) ) ;
#1204 = CARTESIAN_POINT ( 'NONE',  ( 110.1929953962807929, 19.98747038457112168, -6.004091400338958273 ) ) ;
#1205 = AXIS2_PLACEMENT_3D ( 'NONE', #53, #1567, #897 ) ;
#1206 = CARTESIAN_POINT ( 'NONE',  ( 2.033353018320479766, 19.84677831103850920, -1.102147792640976620 ) ) ;
#1207 = ADVANCED_FACE ( 'NONE', ( #1890 ), #579, .F. ) ;
#1208 = CARTESIAN_POINT ( 'NONE',  ( 106.3649126752539473, 18.92435079292110700, -7.000000000000002665 ) ) ;
#1209 = FACE_OUTER_BOUND ( 'NONE', #2712, .T. ) ;
#1210 = CARTESIAN_POINT ( 'NONE',  ( 113.3216381486787014, 0.04653744601556054905, -7.180898741967658871 ) ) ;
#1211 = CARTESIAN_POINT ( 'NONE',  ( 116.0077712051953682, 18.72857516928292299, -9.258485575497497067 ) ) ;
#1212 = VERTEX_POINT ( 'NONE', #2494 ) ;
#1213 = ORIENTED_EDGE ( 'NONE', *, *, #1042, .F. ) ;
#1214 = CIRCLE ( 'NONE', #1442, 1.000000000000000000 ) ;
#1215 = DIRECTION ( 'NONE',  ( 0.000000000000000000, 1.000000000000000000, -0.000000000000000000 ) ) ;
#1216 = EDGE_CURVE ( 'NONE', #1806, #516, #1674, .T. ) ;
#1217 = CARTESIAN_POINT ( 'NONE',  ( 0.4261790687600442440, 18.60969295905617926, -1.390307040943987937 ) ) ;
#1218 = ORIENTED_EDGE ( 'NONE', *, *, #1024, .T. ) ;
#1219 = CARTESIAN_POINT ( 'NONE',  ( 110.1664301946169360, 19.99993095563820944, -0.06057563692370159653 ) ) ;
#1220 = FACE_OUTER_BOUND ( 'NONE', #1486, .T. ) ;
#1221 = EDGE_CURVE ( 'NONE', #2627, #388, #869, .T. ) ;
#1222 = AXIS2_PLACEMENT_3D ( 'NONE', #16, #1076, #865 ) ;
#1223 = CARTESIAN_POINT ( 'NONE',  ( 148.7083515827920053, -8.081274705556779736, -15.15286556612325342 ) ) ;
#1224 = CARTESIAN_POINT ( 'NONE',  ( 147.8843720404875626, -9.873908744127941617, -20.18656669350161792 ) ) ;
#1225 = CARTESIAN_POINT ( 'NONE',  ( 5.499000000000000554, 19.75000000000000000, -9.501000000000018986 ) ) ;
#1226 = FACE_OUTER_BOUND ( 'NONE', #344, .T. ) ;
#1227 = CARTESIAN_POINT ( 'NONE',  ( 110.0728454031877135, 0.4140457103421082419, -6.826684312958878564 ) ) ;
#1228 = CARTESIAN_POINT ( 'NONE',  ( 113.4024101645243405, 0.9452817923052062588, -8.279059074663042139 ) ) ;
#1229 = CARTESIAN_POINT ( 'NONE',  ( 149.0503717261176462, 9.501908822039640157, -14.21317294533734987 ) ) ;
#1230 = EDGE_LOOP ( 'NONE', ( #2800, #771, #2183, #153, #1277, #1937, #2604, #1795, #192 ) ) ;
#1231 = ORIENTED_EDGE ( 'NONE', *, *, #611, .F. ) ;
#1232 = MANIFOLD_SOLID_BREP ( 'Fillet7', #2566 ) ;
#1233 = DIRECTION ( 'NONE',  ( 1.623776602547354877E-15, 1.000000000000000000, -6.104220532753049146E-16 ) ) ;
#1234 = ORIENTED_EDGE ( 'NONE', *, *, #2465, .T. ) ;
#1235 = ADVANCED_FACE ( 'NONE', ( #1630, #2765 ), #987, .F. ) ;
#1236 = CARTESIAN_POINT ( 'NONE',  ( 123.5904909114799182, 18.10205957990573822, -4.946534160844069383 ) ) ;
#1237 = FACE_OUTER_BOUND ( 'NONE', #1897, .T. ) ;
#1238 = CARTESIAN_POINT ( 'NONE',  ( 109.6360297657336957, 20.00000000000000000, -1.000000000000014655 ) ) ;
#1239 = CARTESIAN_POINT ( 'NONE',  ( 113.1469348542385802, 19.17779316735544626, -8.141276887315314070 ) ) ;
#1240 = AXIS2_PLACEMENT_3D ( 'NONE', #696, #1565, #2448 ) ;
#1241 = CARTESIAN_POINT ( 'NONE',  ( 143.0541880501712342, -4.890153083401632017, -12.03074056809993841 ) ) ;
#1242 = EDGE_CURVE ( 'NONE', #2394, #2827, #1436, .T. ) ;
#1243 = CARTESIAN_POINT ( 'NONE',  ( 2.607305765700790090, 19.98066173482415664, -1.012892176783896092 ) ) ;
#1244 = CARTESIAN_POINT ( 'NONE',  ( 5.499000000000017430, 20.00000000000000000, -12.00000000000001954 ) ) ;
#1245 = DIRECTION ( 'NONE',  ( -0.9999759799133167704, 0.006931060265350843901, 0.000000000000000000 ) ) ;
#1246 = ADVANCED_FACE ( 'NONE', ( #1226 ), #383, .T. ) ;
#1247 = CARTESIAN_POINT ( 'NONE',  ( 113.3261512223338627, 0.4044153264096340683, -8.077240354416973744 ) ) ;
#1248 = CARTESIAN_POINT ( 'NONE',  ( 110.1834106557184612, 0.04062809819003856959, -6.000602840071008082 ) ) ;
#1249 = ORIENTED_EDGE ( 'NONE', *, *, #1095, .F. ) ;
#1250 = CIRCLE ( 'NONE', #2210, 0.9999999999999984457 ) ;
#1251 = DIRECTION ( 'NONE',  ( 0.000000000000000000, 0.000000000000000000, 1.000000000000000000 ) ) ;
#1252 = VERTEX_POINT ( 'NONE', #1074 ) ;
#1253 = CARTESIAN_POINT ( 'NONE',  ( 149.6443950646691974, 9.501908822039631275, -15.50474992217697867 ) ) ;
#1254 = CARTESIAN_POINT ( 'NONE',  ( 112.2065680289546492, 19.65673119014162751, -7.504734451826181818 ) ) ;
#1255 = CARTESIAN_POINT ( 'NONE',  ( 113.3216037415562312, 19.01165732553987908, -8.242025377112678797 ) ) ;
#1256 = DIRECTION ( 'NONE',  ( 0.01534042226560049758, 0.9998823287991008835, -0.000000000000000000 ) ) ;
#1257 = CARTESIAN_POINT ( 'NONE',  ( 107.5272590959715302, 0.1593894470092657722, -6.555870718474148262 ) ) ;
#1258 = FACE_OUTER_BOUND ( 'NONE', #155, .T. ) ;
#1259 = CARTESIAN_POINT ( 'NONE',  ( 2.561112365989200335, 19.97594935219020229, -6.253435210406051326 ) ) ;
#1260 = EDGE_LOOP ( 'NONE', ( #1424, #2271, #1143, #348 ) ) ;
#1261 = ORIENTED_EDGE ( 'NONE', *, *, #2426, .T. ) ;
#1262 = CIRCLE ( 'NONE', #1997, 1.000000000000000888 ) ;
#1263 = CARTESIAN_POINT ( 'NONE',  ( 110.0571231222787247, 0.3400080376328106224, -6.754441877974319830 ) ) ;
#1264 = ORIENTED_EDGE ( 'NONE', *, *, #2720, .T. ) ;
#1265 = AXIS2_PLACEMENT_3D ( 'NONE', #1223, #1671, #335 ) ;
#1266 = CARTESIAN_POINT ( 'NONE',  ( 111.1685781443115246, 20.00000000000000000, -7.254557658830957045 ) ) ;
#1267 = CARTESIAN_POINT ( 'NONE',  ( 109.7179268756615613, 0.002813358793385429581, -1.011544616471215186 ) ) ;
#1268 = CARTESIAN_POINT ( 'NONE',  ( 147.6168443083890054, -7.101016365887960369, -13.69141163527963911 ) ) ;
#1269 = CARTESIAN_POINT ( 'NONE',  ( 0.7586295022792567400, 19.03281166240311961, -0.9671883375967934571 ) ) ;
#1270 = DIRECTION ( 'NONE',  ( -1.000000000000000000, 0.000000000000000000, 0.000000000000000000 ) ) ;
#1271 = CARTESIAN_POINT ( 'NONE',  ( 131.8345311221606835, 17.32163521077630008, -9.011297180101442095 ) ) ;
#1272 = DIRECTION ( 'NONE',  ( 5.933103718840724163E-15, 1.000000000000000000, 1.630106849479467362E-14 ) ) ;
#1273 = CARTESIAN_POINT ( 'NONE',  ( 110.1656931626171598, 18.99993126322743464, -0.06030737921409264068 ) ) ;
#1274 = EDGE_LOOP ( 'NONE', ( #1385, #1850, #1511, #1558 ) ) ;
#1275 = VERTEX_POINT ( 'NONE', #1714 ) ;
#1276 = CARTESIAN_POINT ( 'NONE',  ( 118.1242560018099113, -0.2487688404012156906, -4.021165132693254485 ) ) ;
#1277 = ORIENTED_EDGE ( 'NONE', *, *, #1833, .T. ) ;
#1278 = CARTESIAN_POINT ( 'NONE',  ( 3.035766082959412415E-15, 3.000000000000000000, -3.000000000000000000 ) ) ;
#1279 = CARTESIAN_POINT ( 'NONE',  ( 146.6007660257470775, 9.539544568843218997, -20.75922938773443960 ) ) ;
#1280 = CARTESIAN_POINT ( 'NONE',  ( 109.9998163342943798, 0.9721988862522458197, -6.999930955035979174 ) ) ;
#1281 = CARTESIAN_POINT ( 'NONE',  ( 133.4009354777690248, -1.967797664553006198, -8.517243967891882761 ) ) ;
#1282 = VECTOR ( 'NONE', #1407, 1000.000000000000000 ) ;
#1283 = CARTESIAN_POINT ( 'NONE',  ( 146.9526503818007939, -9.999999999999998224, -19.82318590585731499 ) ) ;
#1284 = FACE_OUTER_BOUND ( 'NONE', #226, .T. ) ;
#1285 = CARTESIAN_POINT ( 'NONE',  ( 108.1066236522567152, 0.1635420686402384860, -6.548031138773492188 ) ) ;
#1286 = CARTESIAN_POINT ( 'NONE',  ( 5.499000000000000554, 19.75000000000000000, -10.75100000000002076 ) ) ;
#1287 = ORIENTED_EDGE ( 'NONE', *, *, #1133, .T. ) ;
#1288 = VERTEX_POINT ( 'NONE', #2622 ) ;
#1289 = DIRECTION ( 'NONE',  ( 0.000000000000000000, 1.000000000000000000, 0.000000000000000000 ) ) ;
#1290 = VERTEX_POINT ( 'NONE', #2152 ) ;
#1291 = CARTESIAN_POINT ( 'NONE',  ( 0.6009994805188101363, 1.770906554907938135, -1.156359832361907092 ) ) ;
#1292 = APPROVAL ( #1175, 'UNSPECIFIED' ) ;
#1293 = CARTESIAN_POINT ( 'NONE',  ( 109.9999387557696622, 0.9814641883763778329, -6.999976976616907542 ) ) ;
#1294 = CARTESIAN_POINT ( 'NONE',  ( 116.8646542981260126, 0.8912261297998527176, -2.498529833045439297 ) ) ;
#1295 = CARTESIAN_POINT ( 'NONE',  ( 1.707106781187911038, 0.2928932188128021696, -6.707106781187396116 ) ) ;
#1296 = CARTESIAN_POINT ( 'NONE',  ( 109.6988215536294859, 20.00008782242722560, -2.175627907295822354E-13 ) ) ;
#1297 = CARTESIAN_POINT ( 'NONE',  ( 0.000000000000000000, 3.000000000000000000, -3.000000000000000000 ) ) ;
#1298 = CARTESIAN_POINT ( 'NONE',  ( 136.7518170492841705, 15.07497481776685966, -9.736865118474526071 ) ) ;
#1299 = ORIENTED_EDGE ( 'NONE', *, *, #1426, .F. ) ;
#1300 = CIRCLE ( 'NONE', #1989, 2.498999999999999666 ) ;
#1301 = VERTEX_POINT ( 'NONE', #200 ) ;
#1302 = CARTESIAN_POINT ( 'NONE',  ( 126.3098906418640155, -1.430726297594048013, -7.000492490251288835 ) ) ;
#1303 = CARTESIAN_POINT ( 'NONE',  ( 107.7976269828426155, 1.000000000000000000, -6.000000000000006217 ) ) ;
#1304 = ORIENTED_EDGE ( 'NONE', *, *, #1027, .F. ) ;
#1305 = CIRCLE ( 'NONE', #2082, 2.498999999999999666 ) ;
#1306 = ADVANCED_FACE ( 'NONE', ( #444 ), #657, .T. ) ;
#1307 = CARTESIAN_POINT ( 'NONE',  ( 121.3530357646898210, 19.79048529598061634, -5.196344859382603154 ) ) ;
#1308 = DIRECTION ( 'NONE',  ( 0.9994674359039728007, 0.03263195623216540164, -0.000000000000000000 ) ) ;
#1309 = EDGE_CURVE ( 'NONE', #2292, #1053, #2452, .T. ) ;
#1310 = CYLINDRICAL_SURFACE ( 'NONE', #391, 1.000000000000000888 ) ;
#1311 = LINE ( 'NONE', #470, #1907 ) ;
#1312 = FACE_OUTER_BOUND ( 'NONE', #525, .T. ) ;
#1313 = CARTESIAN_POINT ( 'NONE',  ( 110.5820378449176076, 0.04143412520413924244, -6.242431059924046011 ) ) ;
#1314 = ORIENTED_EDGE ( 'NONE', *, *, #99, .F. ) ;
#1315 = ORIENTED_EDGE ( 'NONE', *, *, #307, .T. ) ;
#1316 = AXIS2_PLACEMENT_3D ( 'NONE', #2181, #1777, #1326 ) ;
#1317 = CARTESIAN_POINT ( 'NONE',  ( 112.2469091463692195, 0.1222652618801910451, -7.280021096275655523 ) ) ;
#1318 = DIRECTION ( 'NONE',  ( -0.0007370320262295454320, -0.9999997283918593549, 0.000000000000000000 ) ) ;
#1319 = ORIENTED_EDGE ( 'NONE', *, *, #1760, .T. ) ;
#1320 = CARTESIAN_POINT ( 'NONE',  ( 2.033353018320507744, 1.102147792640976620, -0.1532216889614815836 ) ) ;
#1321 = EDGE_CURVE ( 'NONE', #503, #1427, #1571, .T. ) ;
#1322 = CIRCLE ( 'NONE', #2662, 1.000000000000000000 ) ;
#1323 = CARTESIAN_POINT ( 'NONE',  ( 108.5971659005757033, 0.3009400571159820958, -6.728204295988178707 ) ) ;
#1324 = DIRECTION ( 'NONE',  ( 0.1263952357497267198, 0.000000000000000000, 0.9919799616825790700 ) ) ;
#1325 = CARTESIAN_POINT ( 'NONE',  ( 147.8547872056283836, 11.38697558073084970, -14.84219353980573786 ) ) ;
#1326 = DIRECTION ( 'NONE',  ( -1.000000000000000000, 0.000000000000000000, 0.000000000000000000 ) ) ;
#1327 = DIRECTION ( 'NONE',  ( 0.000000000000000000, 0.000000000000000000, -1.000000000000000000 ) ) ;
#1328 = EDGE_CURVE ( 'NONE', #1524, #2698, #2046, .T. ) ;
#1329 = ORIENTED_EDGE ( 'NONE', *, *, #1912, .T. ) ;
#1330 = ADVANCED_FACE ( 'NONE', ( #1090 ), #2608, .T. ) ;
#1331 = LINE ( 'NONE', #499, #19 ) ;
#1332 = CARTESIAN_POINT ( 'NONE',  ( 131.6716126695202149, -2.123869089872977511, -15.14695216248483511 ) ) ;
#1333 = ORIENTED_EDGE ( 'NONE', *, *, #1725, .F. ) ;
#1334 = CYLINDRICAL_SURFACE ( 'NONE', #2401, 2.498999999999999666 ) ;
#1335 = CARTESIAN_POINT ( 'NONE',  ( 109.8535738694784527, 0.006956536058199151371, -1.010883019453866272 ) ) ;
#1336 = CARTESIAN_POINT ( 'NONE',  ( 107.7976269828426297, 0.000000000000000000, -6.000000000000006217 ) ) ;
#1337 = CARTESIAN_POINT ( 'NONE',  ( 107.5131374331909058, 0.2688167831700561949, -6.687570683838194974 ) ) ;
#1338 = APPROVAL_DATE_TIME ( #260, #666 ) ;
#1339 = CARTESIAN_POINT ( 'NONE',  ( 1.707106781187911038, 0.2928932188128021696, -6.707106781187396116 ) ) ;
#1340 = PLANE ( 'NONE',  #1044 ) ;
#1341 = EDGE_CURVE ( 'NONE', #1806, #1922, #2179, .T. ) ;
#1342 = SPHERICAL_SURFACE ( 'NONE', #1103, 1.000000000000000000 ) ;
#1343 = CARTESIAN_POINT ( 'NONE',  ( 131.8235565063882007, 15.77426551665704579, -15.20407200811997050 ) ) ;
#1344 = CARTESIAN_POINT ( 'NONE',  ( 115.9656533722990019, 0.8229555721771010246, -9.242652329719875937 ) ) ;
#1345 = VECTOR ( 'NONE', #82, 1000.000000000000114 ) ;
#1346 = ORIENTED_EDGE ( 'NONE', *, *, #1851, .F. ) ;
#1347 = AXIS2_PLACEMENT_3D ( 'NONE', #431, #2557, #1456 ) ;
#1348 = CARTESIAN_POINT ( 'NONE',  ( 140.8046764651759304, -5.872795684337738464, -17.51597194849977868 ) ) ;
#1349 = VECTOR ( 'NONE', #356, 1000.000000000000000 ) ;
#1350 = CARTESIAN_POINT ( 'NONE',  ( 148.3618554525791922, 10.02887871691467581, -13.96257351596146101 ) ) ;
#1351 = CARTESIAN_POINT ( 'NONE',  ( 3.000000000000002665, 0.000000000000000000, -6.000000000000006217 ) ) ;
#1352 = CARTESIAN_POINT ( 'NONE',  ( 5.501000000000000334, 13.40000000000000213, -9.501000000000018986 ) ) ;
#1353 = CARTESIAN_POINT ( 'NONE',  ( 112.6651948421302620, 0.1782948045858188113, -7.563961383659885129 ) ) ;
#1354 = CARTESIAN_POINT ( 'NONE',  ( 112.5513943275454380, 0.1585229760157937096, -7.481283546190875100 ) ) ;
#1355 = CARTESIAN_POINT ( 'NONE',  ( 106.3649126752824827, 18.88652285270547893, -27.00000000000000711 ) ) ;
#1356 = ORIENTED_EDGE ( 'NONE', *, *, #1443, .F. ) ;
#1357 = CARTESIAN_POINT ( 'NONE',  ( 109.3970854218183746, 19.97420337943998803, -6.236179911103216789 ) ) ;
#1358 = CARTESIAN_POINT ( 'NONE',  ( 143.0590185263469607, -5.983105064754441926, -19.42778959646339132 ) ) ;
#1359 = ORIENTED_EDGE ( 'NONE', *, *, #2649, .T. ) ;
#1360 = CARTESIAN_POINT ( 'NONE',  ( 2.803648237606791938, 2.633728631076511789E-16, -1.000000000004059419 ) ) ;
#1361 = ORIENTED_EDGE ( 'NONE', *, *, #317, .F. ) ;
#1362 = LINE ( 'NONE', #2029, #2521 ) ;
#1363 = CARTESIAN_POINT ( 'NONE',  ( 146.6243280140539582, 12.28717291914110454, -13.33016524713394624 ) ) ;
#1364 = CARTESIAN_POINT ( 'NONE',  ( 109.9999999999999858, 19.00000000000000000, 0.000000000000000000 ) ) ;
#1365 = CARTESIAN_POINT ( 'NONE',  ( 110.9875377310065119, 0.2836965241531127502, -7.096185919451132307 ) ) ;
#1366 = DIRECTION ( 'NONE',  ( 0.000000000000000000, -1.000000000000000000, 0.000000000000000000 ) ) ;
#1367 = CARTESIAN_POINT ( 'NONE',  ( 5.499000000000017430, -7.810249675906655753, -12.00000000000001954 ) ) ;
#1368 = CYLINDRICAL_SURFACE ( 'NONE', #753, 2.498999999999999666 ) ;
#1369 = CARTESIAN_POINT ( 'NONE',  ( 122.1329999630549281, -1.057680782257450325, -11.56112665879883572 ) ) ;
#1370 = ORIENTED_EDGE ( 'NONE', *, *, #504, .F. ) ;
#1371 = CIRCLE ( 'NONE', #649, 2.498999999999999666 ) ;
#1372 = VERTEX_POINT ( 'NONE', #1492 ) ;
#1373 = CARTESIAN_POINT ( 'NONE',  ( 109.7857474473711079, 0.004931039905966169180, -1.011213553019186584 ) ) ;
#1374 = CARTESIAN_POINT ( 'NONE',  ( 109.8236730192915331, 0.000000000000000000, 0.000000000000000000 ) ) ;
#1375 = CIRCLE ( 'NONE', #1205, 1.250000000000001110 ) ;
#1376 = PRODUCT_RELATED_PRODUCT_CATEGORY ( 'detail', '', ( #1397 ) ) ;
#1377 = CARTESIAN_POINT ( 'NONE',  ( 147.8503526955332745, 10.34512460394768674, -19.08952897585128383 ) ) ;
#1378 = CARTESIAN_POINT ( 'NONE',  ( 111.7781188144259090, 0.2310944005048734540, -7.259698308058211147 ) ) ;
#1379 = CARTESIAN_POINT ( 'NONE',  ( 110.1561089891876293, 19.97523360244630553, -6.195535176847439374 ) ) ;
#1380 = ORIENTED_EDGE ( 'NONE', *, *, #150, .F. ) ;
#1381 = AXIS2_PLACEMENT_3D ( 'NONE', #2420, #2624, #1539 ) ;
#1382 = DIRECTION ( 'NONE',  ( -0.3518763988791943076, 0.006724995583397948978, -0.9360223150898773214 ) ) ;
#1383 = CARTESIAN_POINT ( 'NONE',  ( 118.0473914117371095, 19.57688420438164556, -8.955814226920351118 ) ) ;
#1384 = EDGE_LOOP ( 'NONE', ( #2673, #2648, #727, #4, #2281 ) ) ;
#1385 = ORIENTED_EDGE ( 'NONE', *, *, #1750, .T. ) ;
#1386 = CARTESIAN_POINT ( 'NONE',  ( 149.2570228453240304, 10.31374609175120760, -15.35256557408216871 ) ) ;
#1387 = VECTOR ( 'NONE', #100, 1000.000000000000000 ) ;
#1388 = LINE ( 'NONE', #1187, #1387 ) ;
#1389 = CARTESIAN_POINT ( 'NONE',  ( 3.000000000000002665, 19.00000000000000000, -1.000000000000000000 ) ) ;
#1390 = PERSON_AND_ORGANIZATION ( #1096, #720 ) ;
#1391 = CARTESIAN_POINT ( 'NONE',  ( 112.1270318274517450, 19.68276276979573325, -7.447327796514503717 ) ) ;
#1392 = AXIS2_PLACEMENT_3D ( 'NONE', #542, #1896, #168 ) ;
#1393 = VERTEX_POINT ( 'NONE', #2403 ) ;
#1394 = CARTESIAN_POINT ( 'NONE',  ( 109.9999999999999858, 1.000000000000000000, -7.000000000000006217 ) ) ;
#1395 = CARTESIAN_POINT ( 'NONE',  ( 118.4010714646080089, 18.49267739412166733, -10.15819262643239540 ) ) ;
#1396 = ORIENTED_EDGE ( 'NONE', *, *, #2370, .F. ) ;
#1397 = PRODUCT ( 'BratV1 Stanga de la Raul', 'BratV1 Stanga de la Raul', '', ( #907 ) ) ;
#1398 = ADVANCED_FACE ( 'NONE', ( #826 ), #1033, .T. ) ;
#1399 = ORIENTED_EDGE ( 'NONE', *, *, #1635, .F. ) ;
#1400 = DIRECTION ( 'NONE',  ( 0.000000000000000000, 0.000000000000000000, 1.000000000000000000 ) ) ;
#1401 = CARTESIAN_POINT ( 'NONE',  ( 119.1538310902602120, 18.41116402046142042, -10.44117556607600861 ) ) ;
#1402 = CARTESIAN_POINT ( 'NONE',  ( 0.000000000000000000, 1.000000000000000000, -4.000000000000006217 ) ) ;
#1403 = DATE_TIME_ROLE ( 'classification_date' ) ;
#1404 = CARTESIAN_POINT ( 'NONE',  ( 110.1007955422422100, 19.89411654134606167, -6.461296627110432844 ) ) ;
#1405 = CARTESIAN_POINT ( 'NONE',  ( 0.000000000000000000, 17.00000000000000000, -4.000000000000006217 ) ) ;
#1406 = DIRECTION ( 'NONE',  ( -1.000000000000000000, 0.000000000000000000, -0.000000000000000000 ) ) ;
#1407 = DIRECTION ( 'NONE',  ( 1.000000000000000000, 0.000000000000000000, -0.000000000000000000 ) ) ;
#1408 = CARTESIAN_POINT ( 'NONE',  ( 106.5894580901859570, 19.27053407523072082, -6.963561514627225613 ) ) ;
#1409 = ORIENTED_EDGE ( 'NONE', *, *, #1321, .T. ) ;
#1410 = ADVANCED_FACE ( 'NONE', ( #413 ), #1310, .T. ) ;
#1411 = DIRECTION ( 'NONE',  ( 0.000000000000000000, 0.000000000000000000, -1.000000000000000000 ) ) ;
#1412 = AXIS2_PLACEMENT_3D ( 'NONE', #1935, #1909, #1022 ) ;
#1413 = ORIENTED_EDGE ( 'NONE', *, *, #2349, .F. ) ;
#1414 = CARTESIAN_POINT ( 'NONE',  ( 135.8294109552715270, 16.26875201362101109, -10.46531452882346436 ) ) ;
#1415 = EDGE_CURVE ( 'NONE', #2698, #2381, #1465, .T. ) ;
#1416 = CYLINDRICAL_SURFACE ( 'NONE', #1121, 1.000000000000000000 ) ;
#1417 = CARTESIAN_POINT ( 'NONE',  ( 109.9568590391947680, 19.14627868519725951, -7.023705936291304575 ) ) ;
#1418 = CARTESIAN_POINT ( 'NONE',  ( 108.6172060037012415, 0.1443008115775418487, -6.471279911555546605 ) ) ;
#1419 = DIRECTION ( 'NONE',  ( 1.000000000000000000, 0.000000000000000000, 0.000000000000000000 ) ) ;
#1420 = DIRECTION ( 'NONE',  ( 0.000000000000000000, -1.000000000000000000, -0.000000000000000000 ) ) ;
#1421 = DIRECTION ( 'NONE',  ( 0.000000000000000000, 0.000000000000000000, -1.000000000000000000 ) ) ;
#1422 = CARTESIAN_POINT ( 'NONE',  ( 109.6360297657336957, 20.00000000000000000, -1.000000000000014655 ) ) ;
#1423 = FACE_OUTER_BOUND ( 'NONE', #2407, .T. ) ;
#1424 = ORIENTED_EDGE ( 'NONE', *, *, #2114, .F. ) ;
#1425 = DIRECTION ( 'NONE',  ( -3.662532319652088234E-15, 1.000000000000000000, -9.742659615284434549E-15 ) ) ;
#1426 = EDGE_CURVE ( 'NONE', #280, #1965, #955, .T. ) ;
#1427 = VERTEX_POINT ( 'NONE', #1974 ) ;
#1428 = CARTESIAN_POINT ( 'NONE',  ( 116.6114768590434352, 19.90697178500756337, -3.470558553670566759 ) ) ;
#1429 = DIRECTION ( 'NONE',  ( 0.000000000000000000, 0.000000000000000000, -1.000000000000000000 ) ) ;
#1430 = AXIS2_PLACEMENT_3D ( 'NONE', #1908, #2753, #828 ) ;
#1431 = VECTOR ( 'NONE', #1077, 1000.000000000000000 ) ;
#1432 = CARTESIAN_POINT ( 'NONE',  ( 146.6007660257471343, 9.539544568843174588, -20.75922938773446802 ) ) ;
#1433 = CARTESIAN_POINT ( 'NONE',  ( 113.3622432453137492, 18.96404306972862841, -8.263538765512368656 ) ) ;
#1434 = CARTESIAN_POINT ( 'NONE',  ( 111.1258139099363405, 19.91443649531750637, -6.707221109821678517 ) ) ;
#1435 = VECTOR ( 'NONE', #507, 1000.000000000000000 ) ;
#1436 = LINE ( 'NONE', #325, #1349 ) ;
#1437 = CARTESIAN_POINT ( 'NONE',  ( 109.8244100512912382, 19.99993095563820589, -1.000268257709595821 ) ) ;
#1438 = CARTESIAN_POINT ( 'NONE',  ( 111.2250793227070886, 19.97247623183147169, -7.460540837029792982 ) ) ;
#1439 = CARTESIAN_POINT ( 'NONE',  ( 146.6007660257471343, -8.047637791034114585, -20.75922938773447157 ) ) ;
#1440 = CARTESIAN_POINT ( 'NONE',  ( 139.4489782054139084, 14.61718590473717683, -16.99870638895532693 ) ) ;
#1441 = ORIENTED_EDGE ( 'NONE', *, *, #733, .T. ) ;
#1442 = AXIS2_PLACEMENT_3D ( 'NONE', #2352, #568, #1646 ) ;
#1443 = EDGE_CURVE ( 'NONE', #2682, #559, #312, .T. ) ;
#1444 = CARTESIAN_POINT ( 'NONE',  ( 0.6342058179246294891, 0.8053024039620041430, -6.194697596038002629 ) ) ;
#1445 = CARTESIAN_POINT ( 'NONE',  ( 0.3786408315593346452, 18.51085693295773638, -1.992762044695335355 ) ) ;
#1446 = ORIENTED_EDGE ( 'NONE', *, *, #1197, .F. ) ;
#1447 = CARTESIAN_POINT ( 'NONE',  ( 127.0869548557943887, 18.48064933642813656, -6.219142961783065360 ) ) ;
#1448 = CARTESIAN_POINT ( 'NONE',  ( 111.8401359761766685, 1.063178774408350513, -0.6697547223306919983 ) ) ;
#1449 = ADVANCED_FACE ( 'NONE', ( #1161 ), #297, .F. ) ;
#1450 = DIRECTION ( 'NONE',  ( 0.000000000000000000, 0.000000000000000000, -1.000000000000000000 ) ) ;
#1451 = CARTESIAN_POINT ( 'NONE',  ( 112.9728094684265898, 19.30033643336382454, -8.031537066840666483 ) ) ;
#1452 = CARTESIAN_POINT ( 'NONE',  ( 148.5423865121057645, -8.922563096391790793, -14.02828144798969667 ) ) ;
#1453 = CARTESIAN_POINT ( 'NONE',  ( 5.501000000000000334, 20.00000000000000000, -9.501000000000018986 ) ) ;
#1454 = CARTESIAN_POINT ( 'NONE',  ( 109.9999999999999858, 0.000000000000000000, 0.000000000000000000 ) ) ;
#1455 = CARTESIAN_POINT ( 'NONE',  ( 110.1980752859907255, 0.7536284943963437177, -7.018026591971898931 ) ) ;
#1456 = DIRECTION ( 'NONE',  ( 0.000000000000000000, 0.000000000000000000, -1.000000000000000000 ) ) ;
#1457 = ORIENTED_EDGE ( 'NONE', *, *, #2055, .F. ) ;
#1458 = CARTESIAN_POINT ( 'NONE',  ( 1.707106781187911038, 0.2928932188128021696, -6.707106781187396116 ) ) ;
#1459 = ORIENTED_EDGE ( 'NONE', *, *, #1133, .F. ) ;
#1460 = CARTESIAN_POINT ( 'NONE',  ( 3.000000000000000888, -7.810249675906655753, -9.501000000000002998 ) ) ;
#1461 = B_SPLINE_CURVE_WITH_KNOTS ( 'NONE', 3,
 ( #2083, #777, #2047, #1654, #365, #1640 ),
 .UNSPECIFIED., .F., .F.,
 ( 4, 2, 4 ),
 ( -1.095446142040941944E-05, 0.0007502522419225947760, 0.001511458945265599114 ),
 .UNSPECIFIED. ) ;
#1462 = CARTESIAN_POINT ( 'NONE',  ( 112.5050116195241543, 19.54234680974805372, -7.715971504254789615 ) ) ;
#1463 = CIRCLE ( 'NONE', #11, 1.000000000000000888 ) ;
#1464 = CARTESIAN_POINT ( 'NONE',  ( 148.2003663687801236, -8.922563096391803228, -14.96797406877559133 ) ) ;
#1465 = LINE ( 'NONE', #641, #2131 ) ;
#1466 = CARTESIAN_POINT ( 'NONE',  ( 123.4519205985363470, 19.08097952120442997, -5.960276464055561441 ) ) ;
#1467 = CARTESIAN_POINT ( 'NONE',  ( 113.2437475485141789, 0.3587379658137253013, -8.007704605728648062 ) ) ;
#1468 = DIRECTION ( 'NONE',  ( -1.719089139163135776E-31, 1.000000000000000000, -3.469446951953612217E-16 ) ) ;
#1469 = ORIENTED_EDGE ( 'NONE', *, *, #1915, .F. ) ;
#1470 = CIRCLE ( 'NONE', #1758, 0.2500000000000002220 ) ;
#1471 = CARTESIAN_POINT ( 'NONE',  ( 135.9806297763247755, -3.762430753524111715, -10.52035367854830916 ) ) ;
#1472 = EDGE_LOOP ( 'NONE', ( #1315, #254, #572, #1037 ) ) ;
#1473 = DIRECTION ( 'NONE',  ( -1.000000000000000000, -0.000000000000000000, 0.000000000000000000 ) ) ;
#1474 = CARTESIAN_POINT ( 'NONE',  ( 148.4739276883113064, 9.527034403051661826, -18.61829657334584098 ) ) ;
#1475 = CIRCLE ( 'NONE', #338, 1.000000000000000888 ) ;
#1476 = CARTESIAN_POINT ( 'NONE',  ( 109.9593047915752635, 19.11097042361159737, -7.023322295734666376 ) ) ;
#1477 = DIRECTION ( 'NONE',  ( -1.000000000000000000, 0.000000000000000000, 0.000000000000000000 ) ) ;
#1478 = CARTESIAN_POINT ( 'NONE',  ( 109.6360697656945717, 19.99999999999769429, -1.000000055945251765 ) ) ;
#1479 = CARTESIAN_POINT ( 'NONE',  ( 107.8161785944026860, 20.00000000000000355, -6.389952952496264160 ) ) ;
#1480 = CARTESIAN_POINT ( 'NONE',  ( 106.3647230434519457, 0.9973943710632870996, -6.999996605343172362 ) ) ;
#1481 = CARTESIAN_POINT ( 'NONE',  ( 108.2253779448937365, 0.1578117834777750250, -6.520500833805579433 ) ) ;
#1482 = EDGE_LOOP ( 'NONE', ( #1682, #2266, #1572, #2571 ) ) ;
#1483 = ORIENTED_EDGE ( 'NONE', *, *, #26, .T. ) ;
#1484 = CIRCLE ( 'NONE', #347, 1.000000000000000888 ) ;
#1485 = CARTESIAN_POINT ( 'NONE',  ( 107.8101776961948559, 0.1196597318017473682, -6.474465808134408640 ) ) ;
#1486 = EDGE_LOOP ( 'NONE', ( #1767, #661, #1399, #2369, #2393, #2328, #405, #2079 ) ) ;
#1487 = AXIS2_PLACEMENT_3D ( 'NONE', #140, #1880, #804 ) ;
#1488 = EDGE_CURVE ( 'NONE', #2358, #376, #2459, .T. ) ;
#1489 = CARTESIAN_POINT ( 'NONE',  ( 147.8886938636779860, 9.539544568843192351, -20.17507026191102781 ) ) ;
#1490 = CARTESIAN_POINT ( 'NONE',  ( 109.6360297657337100, 19.00000000000000000, 0.000000000000000000 ) ) ;
#1491 = CARTESIAN_POINT ( 'NONE',  ( 138.0340769685472537, -4.236194617663025852, -10.20356956167683293 ) ) ;
#1492 = CARTESIAN_POINT ( 'NONE',  ( 107.8161785944026860, 19.73900687360027462, -6.673697885384504147 ) ) ;
#1493 = CARTESIAN_POINT ( 'NONE',  ( 141.7125121591463994, 14.42239820271408313, -12.60658825221024415 ) ) ;
#1494 = CARTESIAN_POINT ( 'NONE',  ( 113.2136612916012268, 0.3438960798054563894, -7.982888372866578486 ) ) ;
#1495 = CARTESIAN_POINT ( 'NONE',  ( 149.0503717261176462, -9.999999999999998224, -14.21317294533734987 ) ) ;
#1496 = EDGE_LOOP ( 'NONE', ( #303, #2189, #633, #859 ) ) ;
#1497 = VERTEX_POINT ( 'NONE', #1123 ) ;
#1498 = CARTESIAN_POINT ( 'NONE',  ( 110.1834106557361395, 0.04062809819006807377, -6.000602840077448263 ) ) ;
#1499 = CYLINDRICAL_SURFACE ( 'NONE', #1000, 3.000000000000000000 ) ;
#1500 = VERTEX_POINT ( 'NONE', #1336 ) ;
#1501 = ADVANCED_FACE ( 'NONE', ( #1813 ), #2005, .T. ) ;
#1502 = AXIS2_PLACEMENT_3D ( 'NONE', #2701, #73, #1606 ) ;
#1503 = CARTESIAN_POINT ( 'NONE',  ( 0.05345479281063256205, 2.337867473981272592, -2.337867473981272592 ) ) ;
#1504 = CARTESIAN_POINT ( 'NONE',  ( 107.7976269828415923, 0.9999999999999668043, -6.000000000000001776 ) ) ;
#1505 = CARTESIAN_POINT ( 'NONE',  ( 113.2274090630482135, 19.11008650576648904, -8.189505152001331112 ) ) ;
#1506 = EDGE_CURVE ( 'NONE', #732, #1910, #2418, .T. ) ;
#1507 = CARTESIAN_POINT ( 'NONE',  ( 113.4025997963560286, 0.9817605716360645607, -8.279130362457101100 ) ) ;
#1508 = CARTESIAN_POINT ( 'NONE',  ( 109.8236730192914479, 18.99993126322743464, 1.778091562876227272E-14 ) ) ;
#1509 = APPLICATION_PROTOCOL_DEFINITION ( 'international standard', 'config_control_design', 1994, #2246 ) ;
#1510 = CARTESIAN_POINT ( 'NONE',  ( 128.5614080700536306, 17.14649250933980085, -6.755800043568009450 ) ) ;
#1511 = ORIENTED_EDGE ( 'NONE', *, *, #1923, .F. ) ;
#1512 = ORIENTED_EDGE ( 'NONE', *, *, #1127, .F. ) ;
#1513 = EDGE_CURVE ( 'NONE', #2251, #1497, #2343, .T. ) ;
#1514 = CARTESIAN_POINT ( 'NONE',  ( 116.4705259611429682, -0.1075878350175353687, -3.419256622378672450 ) ) ;
#1515 = CARTESIAN_POINT ( 'NONE',  ( 113.4957801935680379, 0.04838343779563207547, -1.272359935989359370 ) ) ;
#1516 = VERTEX_POINT ( 'NONE', #469 ) ;
#1517 = EDGE_CURVE ( 'NONE', #95, #1290, #2685, .T. ) ;
#1518 = CARTESIAN_POINT ( 'NONE',  ( 0.2624986687523073181, 1.702619035409892900, -1.702619035409892900 ) ) ;
#1519 = DIRECTION ( 'NONE',  ( 3.052110266376423599E-15, 1.000000000000000000, 8.118883012736665915E-15 ) ) ;
#1520 = CARTESIAN_POINT ( 'NONE',  ( 5.499000000000017430, -7.810249675906655753, -12.00000000000001954 ) ) ;
#1521 = CARTESIAN_POINT ( 'NONE',  ( 110.9806155026153363, 0.04816940269109303008, -6.484489632516214463 ) ) ;
#1522 = ORIENTED_EDGE ( 'NONE', *, *, #2025, .T. ) ;
#1523 = VECTOR ( 'NONE', #639, 1000.000000000000000 ) ;
#1524 = VERTEX_POINT ( 'NONE', #2475 ) ;
#1525 = CARTESIAN_POINT ( 'NONE',  ( 144.3848522377782047, 12.24270467288825692, -19.92620676492767728 ) ) ;
#1526 = CARTESIAN_POINT ( 'NONE',  ( 112.2150653097774864, 0.1191460870316824877, -7.259366942331868522 ) ) ;
#1527 = CARTESIAN_POINT ( 'NONE',  ( 143.7276664549097802, -7.250199029872575807, -18.61576831884629968 ) ) ;
#1528 = VERTEX_POINT ( 'NONE', #1138 ) ;
#1529 = EDGE_CURVE ( 'NONE', #80, #1921, #2288, .T. ) ;
#1530 = FACE_OUTER_BOUND ( 'NONE', #730, .T. ) ;
#1531 = AXIS2_PLACEMENT_3D ( 'NONE', #2609, #259, #429 ) ;
#1532 = CARTESIAN_POINT ( 'NONE',  ( 147.1486106866371131, 10.35793492846719310, -20.96517918541707459 ) ) ;
#1533 = EDGE_CURVE ( 'NONE', #1978, #1524, #1122, .T. ) ;
#1534 = DIRECTION ( 'NONE',  ( 0.000000000000000000, 1.000000000000000000, 0.000000000000000000 ) ) ;
#1535 = EDGE_CURVE ( 'NONE', #1288, #1719, #935, .T. ) ;
#1536 = CARTESIAN_POINT ( 'NONE',  ( 149.6443950646691405, 9.501908822039641933, -15.50474992217694314 ) ) ;
#1537 = CARTESIAN_POINT ( 'NONE',  ( 109.6360297657337100, 19.00000000000000000, -1.301042606982605321E-15 ) ) ;
#1538 = CARTESIAN_POINT ( 'NONE',  ( 8.000000000000007105, 13.39999999999999858, -7.000000000000006217 ) ) ;
#1539 = DIRECTION ( 'NONE',  ( 0.000000000000000000, 0.000000000000000000, 1.000000000000000000 ) ) ;
#1540 = ORIENTED_EDGE ( 'NONE', *, *, #974, .F. ) ;
#1541 = ORIENTED_EDGE ( 'NONE', *, *, #817, .F. ) ;
#1542 = LOCAL_TIME ( 20, 52, 22.00000000000000000, #1799 ) ;
#1543 = CARTESIAN_POINT ( 'NONE',  ( 111.8904180273997184, 0.09217262018437216708, -7.051301507088542309 ) ) ;
#1544 = CARTESIAN_POINT ( 'NONE',  ( 136.0515583705668234, -4.346817251855450870, -16.79349359183130730 ) ) ;
#1545 = ORIENTED_EDGE ( 'NONE', *, *, #213, .T. ) ;
#1546 = FACE_OUTER_BOUND ( 'NONE', #617, .T. ) ;
#1547 = CARTESIAN_POINT ( 'NONE',  ( 2.737946604452145660, 9.623145977106495992E-11, -9.623145977106495992E-11 ) ) ;
#1548 = AXIS2_PLACEMENT_3D ( 'NONE', #287, #460, #1327 ) ;
#1549 = CARTESIAN_POINT ( 'NONE',  ( 113.4025365627669970, 0.9635178464147391431, -8.279106591220845246 ) ) ;
#1550 = EDGE_CURVE ( 'NONE', #403, #42, #2185, .T. ) ;
#1551 = CARTESIAN_POINT ( 'NONE',  ( 147.4992961041498631, 10.35292779324920609, -20.02214867748137195 ) ) ;
#1552 = CARTESIAN_POINT ( 'NONE',  ( 141.4878845092291328, -4.308704101398891595, -11.46065270137125935 ) ) ;
#1553 = APPROVAL_ROLE ( '' ) ;
#1554 = CARTESIAN_POINT ( 'NONE',  ( 112.1679568048663072, 0.1041975472839868772, -7.222922610801847831 ) ) ;
#1555 = DIRECTION ( 'NONE',  ( 0.000000000000000000, 0.000000000000000000, 1.000000000000000000 ) ) ;
#1556 = CARTESIAN_POINT ( 'NONE',  ( 107.8264114977261414, 0.1183738699775608860, -6.471069865928523512 ) ) ;
#1557 = CARTESIAN_POINT ( 'NONE',  ( 145.2245398537882011, -7.154458503320242357, -20.24186831457915403 ) ) ;
#1558 = ORIENTED_EDGE ( 'NONE', *, *, #1513, .F. ) ;
#1559 = CARTESIAN_POINT ( 'NONE',  ( 139.3323750050188039, -5.318079888272371214, -16.96211728732884083 ) ) ;
#1560 = CARTESIAN_POINT ( 'NONE',  ( 145.8530644921902706, 12.70455763032072660, -13.04944828238850363 ) ) ;
#1561 = CARTESIAN_POINT ( 'NONE',  ( 109.8236730192915331, 18.99993126322743464, 0.000000000000000000 ) ) ;
#1562 = CARTESIAN_POINT ( 'NONE',  ( 148.7670172685745626, 9.520742910012115701, -17.83865239055723251 ) ) ;
#1563 = CARTESIAN_POINT ( 'NONE',  ( 109.9999999999999858, 1.000000000000000000, -6.000000000000006217 ) ) ;
#1564 = SPHERICAL_SURFACE ( 'NONE', #1316, 1.000000000000000000 ) ;
#1565 = DIRECTION ( 'NONE',  ( 0.000000000000000000, 1.000000000000000000, 0.000000000000000000 ) ) ;
#1566 = CARTESIAN_POINT ( 'NONE',  ( 130.2150677088085899, 17.30729698125540850, -13.52851185674977330 ) ) ;
#1567 = DIRECTION ( 'NONE',  ( 0.000000000000000000, -1.000000000000000000, 0.000000000000000000 ) ) ;
#1568 = CARTESIAN_POINT ( 'NONE',  ( 135.5374198649643347, 15.89253728451371650, -15.52896817507379268 ) ) ;
#1569 = DIRECTION ( 'NONE',  ( -0.9999997283918594659, 0.0007370320262283155130, 0.000000000000000000 ) ) ;
#1570 = VECTOR ( 'NONE', #408, 1000.000000000000000 ) ;
#1571 = B_SPLINE_CURVE_WITH_KNOTS ( 'NONE', 3,
 ( #1295, #2567, #1732, #2806, #2579, #1946 ),
 .UNSPECIFIED., .F., .F.,
 ( 4, 2, 4 ),
 ( 0.001230470067461012038, 0.001989428588915229633, 0.002748387110369447661 ),
 .UNSPECIFIED. ) ;
#1572 = ORIENTED_EDGE ( 'NONE', *, *, #1309, .F. ) ;
#1573 = AXIS2_PLACEMENT_3D ( 'NONE', #2340, #1468, #2367 ) ;
#1574 = CARTESIAN_POINT ( 'NONE',  ( 107.8302566377117842, 0.0006030513617902578645, -6.011876223126759733 ) ) ;
#1575 = VERTEX_POINT ( 'NONE', #2203 ) ;
#1576 = VECTOR ( 'NONE', #767, 1000.000000000000000 ) ;
#1577 = CARTESIAN_POINT ( 'NONE',  ( 106.3649126752824969, 18.88652285270547893, -7.000000000000006217 ) ) ;
#1578 = DIRECTION ( 'NONE',  ( 0.000000000000000000, 1.000000000000000000, 0.000000000000000000 ) ) ;
#1579 = CIRCLE ( 'NONE', #1071, 1.000000000000000000 ) ;
#1580 = DIRECTION ( 'NONE',  ( 0.0003875443932753853764, -0.01186989827671868815, 0.9999294751752464405 ) ) ;
#1581 = CARTESIAN_POINT ( 'NONE',  ( 107.8264114977304615, 0.1183738699572714353, -6.471069865867634441 ) ) ;
#1582 = DATE_TIME_ROLE ( 'creation_date' ) ;
#1583 = CARTESIAN_POINT ( 'NONE',  ( 109.6174781541736394, 1.000000000000000000, -1.000000000000000000 ) ) ;
#1584 = ORIENTED_EDGE ( 'NONE', *, *, #1603, .T. ) ;
#1585 = FACE_OUTER_BOUND ( 'NONE', #166, .T. ) ;
#1586 = CARTESIAN_POINT ( 'NONE',  ( 3.000000000000000888, -7.810249675906655753, -9.501000000000002998 ) ) ;
#1587 = CC_DESIGN_APPROVAL ( #2148, ( #900 ) ) ;
#1588 = EDGE_LOOP ( 'NONE', ( #650, #1720, #1409 ) ) ;
#1589 = ORIENTED_EDGE ( 'NONE', *, *, #206, .F. ) ;
#1590 = CARTESIAN_POINT ( 'NONE',  ( 109.7860852018992546, -0.006403883667821536757, 7.831865946817419881E-13 ) ) ;
#1591 = DIRECTION ( 'NONE',  ( -1.719089139163135776E-31, 1.000000000000000000, -3.469446951953612217E-16 ) ) ;
#1592 = CARTESIAN_POINT ( 'NONE',  ( 5.500999999999983459, -7.810249675906655753, -12.00000000000001954 ) ) ;
#1593 = DIRECTION ( 'NONE',  ( 0.7628774916261644723, -0.5838837619837575765, -0.2776646993441300171 ) ) ;
#1594 = CARTESIAN_POINT ( 'NONE',  ( 110.1748044396118473, 19.98728001395334886, -6.100596767719772551 ) ) ;
#1595 = CARTESIAN_POINT ( 'NONE',  ( 3.000000000000002665, 20.00000000000000000, -6.000000000000019540 ) ) ;
#1596 = CARTESIAN_POINT ( 'NONE',  ( 148.7083515827920053, 9.501908822039641933, -15.15286556612326763 ) ) ;
#1597 = CARTESIAN_POINT ( 'NONE',  ( 148.1836291463961288, -8.053274538710228470, -19.39051634749417730 ) ) ;
#1598 = B_SPLINE_CURVE_WITH_KNOTS ( 'NONE', 3,
 ( #352, #145, #998, #1885, #791, #1238 ),
 .UNSPECIFIED., .F., .F.,
 ( 4, 2, 4 ),
 ( 0.000000000000000000, 0.5000000000000000000, 1.000000000000000000 ),
 .UNSPECIFIED. ) ;
#1599 = ADVANCED_FACE ( 'NONE', ( #2297 ), #1202, .F. ) ;
#1600 = ORIENTED_EDGE ( 'NONE', *, *, #1024, .F. ) ;
#1601 = AXIS2_PLACEMENT_3D ( 'NONE', #752, #103, #2537 ) ;
#1602 = EDGE_LOOP ( 'NONE', ( #1705, #909, #179, #2724, #1950 ) ) ;
#1603 = EDGE_CURVE ( 'NONE', #318, #1528, #1388, .T. ) ;
#1604 = LINE ( 'NONE', #1810, #1345 ) ;
#1605 = B_SPLINE_CURVE_WITH_KNOTS ( 'NONE', 3,
 ( #2424, #1818, #2659, #1830, #1129, #2671, #2683 ),
 .UNSPECIFIED., .F., .F.,
 ( 4, 3, 4 ),
 ( 0.000000000000000000, 0.002000000000038974074, 0.004989512778399462709 ),
 .UNSPECIFIED. ) ;
#1606 = DIRECTION ( 'NONE',  ( 0.9360434818771672383, -5.204170427930381051E-15, -0.3518843560536181192 ) ) ;
#1607 = AXIS2_PLACEMENT_3D ( 'NONE', #743, #2010, #699 ) ;
#1608 = CARTESIAN_POINT ( 'NONE',  ( 107.7976269828426155, 1.000000000000000000, -6.000000000000006217 ) ) ;
#1609 = FACE_OUTER_BOUND ( 'NONE', #981, .T. ) ;
#1610 = PERSON_AND_ORGANIZATION ( #1096, #720 ) ;
#1611 = CARTESIAN_POINT ( 'NONE',  ( 110.0210094787810817, 19.65061396213674172, -6.808987453876207852 ) ) ;
#1612 = CARTESIAN_POINT ( 'NONE',  ( 132.5724367009524087, 16.69970125091549207, -14.41456543612563124 ) ) ;
#1613 = EDGE_CURVE ( 'NONE', #2802, #2670, #1262, .T. ) ;
#1614 = CARTESIAN_POINT ( 'NONE',  ( 113.4011431239290459, 18.88839153019146977, -8.278582759435554550 ) ) ;
#1615 = CARTESIAN_POINT ( 'NONE',  ( 125.5545182545911018, 17.32640274926988866, -12.84736900124082304 ) ) ;
#1616 = ORIENTED_EDGE ( 'NONE', *, *, #2534, .F. ) ;
#1617 = CIRCLE ( 'NONE', #2077, 1.000000000000004663 ) ;
#1618 = EDGE_CURVE ( 'NONE', #1100, #1878, #1724, .T. ) ;
#1619 = ORIENTED_EDGE ( 'NONE', *, *, #993, .F. ) ;
#1620 = B_SPLINE_CURVE_WITH_KNOTS ( 'NONE', 3,
 ( #104, #1177, #2092, #2322, #2526, #1408, #2291, #138, #2075, #328 ),
 .UNSPECIFIED., .F., .F.,
 ( 4, 2, 2, 2, 4 ),
 ( 0.000000000000000000, 0.0008545383576609121273, 0.001281807536491366565, 0.001495442125906597036, 0.001709076715321827290 ),
 .UNSPECIFIED. ) ;
#1621 = CARTESIAN_POINT ( 'NONE',  ( 136.7523080323752822, 15.07483649626565736, -9.737043821705258395 ) ) ;
#1622 =( BOUNDED_SURFACE ( )  B_SPLINE_SURFACE ( 3, 2, ( 
 ( #1386, #2457, #692 ),
 ( #2273, #98, #1350 ),
 ( #2230, #492, #1836 ),
 ( #468, #1363, #2215 ),
 ( #1120, #1560, #2443 ),
 ( #2245, #281, #1147 ),
 ( #128, #593, #363 ),
 ( #2549, #1652, #2743 ),
 ( #319, #1898, #789 ),
 ( #2080, #545, #1621 ),
 ( #1414, #1185, #1868 ),
 ( #2759, #775, #2098 ),
 ( #143, #1914, #1668 ),
 ( #2532, #350, #560 ),
 ( #2068, #1447, #577 ),
 ( #2329, #2295, #1236 ),
 ( #333, #995, #112 ),
 ( #1428, #2282, #2112 ),
 ( #1883, #2500, #532 ),
 ( #2309, #1219, #2790 ) ),
 .UNSPECIFIED., .F., .F., .F. ) 
 B_SPLINE_SURFACE_WITH_KNOTS ( ( 4, 2, 2, 2, 2, 2, 2, 2, 2, 4 ),
 ( 3, 3 ),
 ( 0.009947478393410738931, 0.01265185436308630118, 0.01535623033276186170, 0.02076498227211298619, 0.02346935824178855018, 0.02617373421146411069, 0.03158248615081523519, 0.03699123809016635622, 0.04239999002951748419, 0.05321749390821972625 ),
 ( 0.000000000000000000, 1.000000000000000000 ),
 .UNSPECIFIED. ) 
 GEOMETRIC_REPRESENTATION_ITEM ( )  RATIONAL_B_SPLINE_SURFACE ( (
 ( 1.000000000000000000, 0.7071067811865460184, 1.000000000000000000),
 ( 1.000000000000000000, 0.7071067811865460184, 1.000000000000000000),
 ( 1.000000000000000000, 0.7071067811865431318, 1.000000000000000000),
 ( 1.000000000000000000, 0.7071067811865431318, 1.000000000000000000),
 ( 1.000000000000000000, 0.7071067811865422437, 1.000000000000000000),
 ( 1.000000000000000000, 0.7071067811865422437, 1.000000000000000000),
 ( 1.000000000000000000, 0.7071067811865473507, 1.000000000000000000),
 ( 1.000000000000000000, 0.7071067811865473507, 1.000000000000000000),
 ( 1.000000000000000000, 0.7071067811865450192, 1.000000000000000000),
 ( 1.000000000000000000, 0.7071067811865450192, 1.000000000000000000),
 ( 1.000000000000000000, 0.7071067811865471286, 1.000000000000000000),
 ( 1.000000000000000000, 0.7071067811865471286, 1.000000000000000000),
 ( 1.000000000000000000, 0.7071067811865464625, 1.000000000000000000),
 ( 1.000000000000000000, 0.7071067811865464625, 1.000000000000000000),
 ( 1.000000000000000000, 0.7071067811865472397, 1.000000000000000000),
 ( 1.000000000000000000, 0.7071067811865472397, 1.000000000000000000),
 ( 1.000000000000000000, 0.7071067811865489050, 1.000000000000000000),
 ( 1.000000000000000000, 0.7071067811865489050, 1.000000000000000000),
 ( 1.000000000000000000, 0.7071067811865477948, 1.000000000000000000),
 ( 1.000000000000000000, 0.7071067811865477948, 1.000000000000000000) ) ) 
 REPRESENTATION_ITEM ( '' )  SURFACE ( )  );
#1623 = VECTOR ( 'NONE', #920, 1000.000000000000000 ) ;
#1624 = ADVANCED_FACE ( 'NONE', ( #2332 ), #1416, .T. ) ;
#1625 = CARTESIAN_POINT ( 'NONE',  ( 131.9143194328747484, 15.74988910693751443, -15.23819227556335321 ) ) ;
#1626 = CARTESIAN_POINT ( 'NONE',  ( 107.8191928093801550, 0.0006030513617855580650, -6.042273841640144028 ) ) ;
#1627 = DIRECTION ( 'NONE',  ( 0.000000000000000000, -1.000000000000000000, 0.000000000000000000 ) ) ;
#1628 = EDGE_CURVE ( 'NONE', #2823, #1913, #1629, .T. ) ;
#1629 = CIRCLE ( 'NONE', #1859, 1.000000000000000000 ) ;
#1630 = FACE_BOUND ( 'NONE', #432, .T. ) ;
#1631 = DIRECTION ( 'NONE',  ( 0.000000000000000000, 1.000000000000000000, 0.000000000000000000 ) ) ;
#1632 = CARTESIAN_POINT ( 'NONE',  ( 125.7414896071140049, 18.30864227371054298, -12.91765664839677008 ) ) ;
#1633 = ORIENTED_EDGE ( 'NONE', *, *, #1716, .F. ) ;
#1634 = LINE ( 'NONE', #1025, #2687 ) ;
#1635 = EDGE_CURVE ( 'NONE', #1575, #388, #1461, .T. ) ;
#1636 = VERTEX_POINT ( 'NONE', #2313 ) ;
#1637 = CARTESIAN_POINT ( 'NONE',  ( 149.0591614263266820, 9.514489249922588598, -17.06152311519207032 ) ) ;
#1638 =( BOUNDED_SURFACE ( )  B_SPLINE_SURFACE ( 3, 2, ( 
 ( #985, #2333, #1871 ),
 ( #1433, #1672, #353 ),
 ( #366, #1857, #999 ),
 ( #1886, #2576, #2732 ),
 ( #1239, #609, #159 ),
 ( #1902, #792, #2747 ),
 ( #1641, #1476, #2762 ),
 ( #563, #2552, #549 ),
 ( #1451, #1417, #2519 ),
 ( #581, #1916, #778 ),
 ( #2298, #1203, #2780 ),
 ( #1462, #336, #2070 ),
 ( #809, #1686, #2347 ),
 ( #1655, #379, #173 ),
 ( #1254, #2130, #1030 ),
 ( #2791, #1697, #114 ) ),
 .UNSPECIFIED., .F., .F., .F. ) 
 B_SPLINE_SURFACE_WITH_KNOTS ( ( 4, 2, 2, 2, 2, 2, 2, 4 ),
 ( 3, 3 ),
 ( 0.000000000000000000, 0.004356501354805671425, 0.006534752032208507137, 0.007623877370909925427, 0.008713002709611342850, 0.01306950406441701427, 0.01524775474181985085, 0.01742600541922268570 ),
 ( 0.000000000000000000, 1.000000000000000000 ),
 .UNSPECIFIED. ) 
 GEOMETRIC_REPRESENTATION_ITEM ( )  RATIONAL_B_SPLINE_SURFACE ( (
 ( 1.000000000000000000, 0.9838983474828451037, 1.000000000000000000),
 ( 1.000000000000000000, 0.9841754571273094720, 1.000000000000000000),
 ( 1.000000000000000000, 0.9846733017225984819, 1.000000000000000000),
 ( 1.000000000000000000, 0.9856764475484545152, 1.000000000000000000),
 ( 1.000000000000000000, 0.9860536658193314041, 1.000000000000000000),
 ( 1.000000000000000000, 0.9866755193652195777, 1.000000000000000000),
 ( 1.000000000000000000, 0.9868924833306340627, 1.000000000000000000),
 ( 1.000000000000000000, 0.9873382986687448959, 1.000000000000000000),
 ( 1.000000000000000000, 0.9875677130424370675, 1.000000000000000000),
 ( 1.000000000000000000, 0.9887423029938712249, 1.000000000000000000),
 ( 1.000000000000000000, 0.9897693626583642379, 1.000000000000000000),
 ( 1.000000000000000000, 0.9913560352781521923, 1.000000000000000000),
 ( 1.000000000000000000, 0.9918937258639495269, 1.000000000000000000),
 ( 1.000000000000000000, 0.9929525664079088543, 1.000000000000000000),
 ( 1.000000000000000000, 0.9934759263496515391, 1.000000000000000000),
 ( 1.000000000000000000, 0.9939865686229438779, 1.000000000000000000) ) ) 
 REPRESENTATION_ITEM ( '' )  SURFACE ( )  );
#1639 = EDGE_CURVE ( 'NONE', #437, #1427, #263, .T. ) ;
#1640 = CARTESIAN_POINT ( 'NONE',  ( 1.707106781187908595, 19.70710678118719628, -6.707106781187394340 ) ) ;
#1641 = CARTESIAN_POINT ( 'NONE',  ( 113.0509330527516454, 19.24837823142324567, -8.081463338562452137 ) ) ;
#1642 = LINE ( 'NONE', #1176, #873 ) ;
#1643 = CIRCLE ( 'NONE', #1502, 1.000000000000007772 ) ;
#1644 = EDGE_CURVE ( 'NONE', #1575, #619, #984, .T. ) ;
#1645 = DIRECTION ( 'NONE',  ( 4.954937092193131864E-16, 0.000000000000000000, 1.000000000000000000 ) ) ;
#1646 = DIRECTION ( 'NONE',  ( 0.9396926207859840341, 0.000000000000000000, -0.3420201433254610457 ) ) ;
#1647 = CARTESIAN_POINT ( 'NONE',  ( 4.185732752414179995E-15, 18.17157287525381193, -1.242640687119284992 ) ) ;
#1648 = CARTESIAN_POINT ( 'NONE',  ( 138.3754629482380949, 14.59834059997457878, -10.32782389668216538 ) ) ;
#1649 = EDGE_LOOP ( 'NONE', ( #697, #236, #2257, #2558 ) ) ;
#1650 = CARTESIAN_POINT ( 'NONE',  ( 3.000000000000002665, 19.00000000000000000, -7.000000000000006217 ) ) ;
#1651 = ORIENTED_EDGE ( 'NONE', *, *, #501, .F. ) ;
#1652 = CARTESIAN_POINT ( 'NONE',  ( 139.4551525494141799, 15.30472753550023413, -10.72079877375994350 ) ) ;
#1653 = CARTESIAN_POINT ( 'NONE',  ( 109.8236730192915331, 18.99993126322743464, 0.000000000000000000 ) ) ;
#1654 = CARTESIAN_POINT ( 'NONE',  ( 2.131386648086579516, 19.49223010685393831, -6.879942601715846706 ) ) ;
#1655 = CARTESIAN_POINT ( 'NONE',  ( 112.2836101657598533, 19.62942113234171870, -7.559816744955109691 ) ) ;
#1656 = CARTESIAN_POINT ( 'NONE',  ( 110.0085621166213343, 19.59177351555420188, -6.859189089194966726 ) ) ;
#1657 =( BOUNDED_CURVE ( )  B_SPLINE_CURVE ( 3, ( #2474, #946, #1148, #1824 ),
 .UNSPECIFIED., .F., .T. ) 
 B_SPLINE_CURVE_WITH_KNOTS ( ( 4, 4 ),
 ( 1.570796326794896780, 3.141592653589793116 ),
 .UNSPECIFIED. ) 
 CURVE ( )  GEOMETRIC_REPRESENTATION_ITEM ( )  RATIONAL_B_SPLINE_CURVE ( ( 1.000000000000000000, 0.8047378541243650485, 0.8047378541243650485, 1.000000000000000000 ) ) 
 REPRESENTATION_ITEM ( '' )  );
#1658 = CARTESIAN_POINT ( 'NONE',  ( 1.196179724907256103, 19.43123794674220051, -0.5687620532580019983 ) ) ;
#1659 = CARTESIAN_POINT ( 'NONE',  ( 8.000000000000007105, 19.00000000000000000, -6.000000000000006217 ) ) ;
#1660 = CARTESIAN_POINT ( 'NONE',  ( 110.0774060650831672, 0.4365167568686889044, -6.844683340073806299 ) ) ;
#1661 = CARTESIAN_POINT ( 'NONE',  ( 106.5491821503320153, 0.6529864607521815856, -6.938088990555834279 ) ) ;
#1662 = CARTESIAN_POINT ( 'NONE',  ( 147.6447310595340809, 10.51517873611855869, -13.70156158262682133 ) ) ;
#1663 = CARTESIAN_POINT ( 'NONE',  ( 3.035766082959412415E-15, 17.00000000000000000, -3.000000000000000000 ) ) ;
#1664 = ORIENTED_EDGE ( 'NONE', *, *, #1415, .F. ) ;
#1665 = DIRECTION ( 'NONE',  ( 8.595445695815679977E-32, -1.000000000000000000, 1.734723475976806848E-16 ) ) ;
#1666 = ORIENTED_EDGE ( 'NONE', *, *, #1725, .T. ) ;
#1667 = EDGE_CURVE ( 'NONE', #2739, #632, #2138, .T. ) ;
#1668 = CARTESIAN_POINT ( 'NONE',  ( 131.8495872992374132, 16.37578484105029730, -7.952599407923302444 ) ) ;
#1669 = DIRECTION ( 'NONE',  ( 1.000000000000000000, 0.000000000000000000, -1.224646799147353207E-16 ) ) ;
#1670 = VECTOR ( 'NONE', #2460, 1000.000000000000000 ) ;
#1671 = DIRECTION ( 'NONE',  ( 0.7905524928205155399, -0.5405865734979331538, -0.2877375760116022696 ) ) ;
#1672 = CARTESIAN_POINT ( 'NONE',  ( 109.9883773892878622, 18.96897736453282235, -7.003897581620008417 ) ) ;
#1673 = CARTESIAN_POINT ( 'NONE',  ( 109.6174781541736394, 1.000000000000000000, -1.000000000000000000 ) ) ;
#1674 = CIRCLE ( 'NONE', #258, 1.000000000000000000 ) ;
#1675 = CARTESIAN_POINT ( 'NONE',  ( 3.000000000000002665, -7.810249675906655753, -6.000000000000019540 ) ) ;
#1676 = DIRECTION ( 'NONE',  ( 0.000000000000000000, 1.000000000000000000, 0.000000000000000000 ) ) ;
#1677 = CARTESIAN_POINT ( 'NONE',  ( 110.2908405054364920, 0.5339466761150940544, -6.973467704503072184 ) ) ;
#1678 = CARTESIAN_POINT ( 'NONE',  ( 107.8264114977261414, 0.1183738699775608860, -6.471069865928523512 ) ) ;
#1679 = ORIENTED_EDGE ( 'NONE', *, *, #2147, .T. ) ;
#1680 = EDGE_LOOP ( 'NONE', ( #759, #1768, #1951 ) ) ;
#1681 = CARTESIAN_POINT ( 'NONE',  ( 148.2003663687800383, -8.922563096391785464, -14.96797406877561620 ) ) ;
#1682 = ORIENTED_EDGE ( 'NONE', *, *, #974, .T. ) ;
#1683 = DIRECTION ( 'NONE',  ( 0.000000000000000000, 1.000000000000000000, 0.000000000000000000 ) ) ;
#1684 = CARTESIAN_POINT ( 'NONE',  ( 149.6443950646691405, -8.081274705556772631, -15.50474992217694314 ) ) ;
#1685 = LOCAL_TIME ( 20, 52, 22.00000000000000000, #2433 ) ;
#1686 = CARTESIAN_POINT ( 'NONE',  ( 109.9707644902422601, 19.39482055757867229, -6.972753368774889715 ) ) ;
#1687 = CARTESIAN_POINT ( 'NONE',  ( 113.1772174700555240, 19.15337087633838564, -8.159664237269939946 ) ) ;
#1688 = CARTESIAN_POINT ( 'NONE',  ( 1.670546387488951234, 18.79766592268627434, -0.3035011159708014827 ) ) ;
#1689 = CARTESIAN_POINT ( 'NONE',  ( 149.0221706692672683, 10.31899613928726822, -15.97647368981930427 ) ) ;
#1690 = CARTESIAN_POINT ( 'NONE',  ( 147.8886938636779576, -9.999999999999998224, -20.17507026191098873 ) ) ;
#1691 = CARTESIAN_POINT ( 'NONE',  ( 108.6238971279564822, 0.1876150863961563720, -6.577892305788133775 ) ) ;
#1692 = ORIENTED_EDGE ( 'NONE', *, *, #2416, .F. ) ;
#1693 = ORIENTED_EDGE ( 'NONE', *, *, #211, .T. ) ;
#1694 = CARTESIAN_POINT ( 'NONE',  ( 109.6174781541736394, 1.000000000000000000, -1.000000000000000000 ) ) ;
#1695 = ORIENTED_EDGE ( 'NONE', *, *, #345, .T. ) ;
#1696 = CARTESIAN_POINT ( 'NONE',  ( 0.6009994805188101363, 1.156359832361907092, -1.770906554907938135 ) ) ;
#1697 = CARTESIAN_POINT ( 'NONE',  ( 109.9977639494926223, 19.53116847852757942, -6.901684355119424019 ) ) ;
#1698 = CARTESIAN_POINT ( 'NONE',  ( 112.3552972067454618, 19.60805328786700130, -7.612082357425536294 ) ) ;
#1699 = EDGE_CURVE ( 'NONE', #1751, #489, #625, .T. ) ;
#1700 = DIRECTION ( 'NONE',  ( -0.9998823287991006614, 0.01534042226560057912, 0.000000000000000000 ) ) ;
#1701 = DIRECTION ( 'NONE',  ( -0.000000000000000000, 1.000000000000000000, 0.000000000000000000 ) ) ;
#1702 = SPHERICAL_SURFACE ( 'NONE', #2719, 1.000000000000000000 ) ;
#1703 = FACE_OUTER_BOUND ( 'NONE', #418, .T. ) ;
#1704 = ORIENTED_EDGE ( 'NONE', *, *, #392, .F. ) ;
#1705 = ORIENTED_EDGE ( 'NONE', *, *, #1216, .F. ) ;
#1706 = EDGE_CURVE ( 'NONE', #2381, #2270, #1984, .T. ) ;
#1707 = CARTESIAN_POINT ( 'NONE',  ( 112.2574489572505883, 0.1233199461866992114, -7.286868054417354301 ) ) ;
#1708 = ORIENTED_EDGE ( 'NONE', *, *, #614, .F. ) ;
#1709 = CARTESIAN_POINT ( 'NONE',  ( 0.07808197337323902198, 2.476504225844304408, -2.214756338766504573 ) ) ;
#1710 = VECTOR ( 'NONE', #2487, 1000.000000000000114 ) ;
#1711 = CARTESIAN_POINT ( 'NONE',  ( 145.3562642656282833, -7.236110627178692134, -20.29138712511985077 ) ) ;
#1712 = CARTESIAN_POINT ( 'NONE',  ( 142.3821263251630853, -5.827574054818399851, -12.85030787708479316 ) ) ;
#1713 = AXIS2_PLACEMENT_3D ( 'NONE', #1949, #853, #2612 ) ;
#1714 = CARTESIAN_POINT ( 'NONE',  ( 147.8886938636779576, -8.047637791034093269, -20.17507026191098518 ) ) ;
#1715 = CARTESIAN_POINT ( 'NONE',  ( 109.7611252681750926, 18.99997736292004191, 1.778091562876227272E-14 ) ) ;
#1716 = EDGE_CURVE ( 'NONE', #2358, #280, #1598, .T. ) ;
#1717 = CARTESIAN_POINT ( 'NONE',  ( 110.3163875287896900, 0.4558443624093738156, -6.935708313369449485 ) ) ;
#1718 = FACE_BOUND ( 'NONE', #2515, .T. ) ;
#1719 = VERTEX_POINT ( 'NONE', #2116 ) ;
#1720 = ORIENTED_EDGE ( 'NONE', *, *, #97, .T. ) ;
#1721 = CIRCLE ( 'NONE', #32, 1.000000000000001332 ) ;
#1722 = CARTESIAN_POINT ( 'NONE',  ( 112.1615038554194257, 0.1140412492303825298, -7.224699600035889624 ) ) ;
#1723 = ORIENTED_EDGE ( 'NONE', *, *, #2442, .F. ) ;
#1724 = CIRCLE ( 'NONE', #1265, 1.000000000000001554 ) ;
#1725 = EDGE_CURVE ( 'NONE', #2773, #516, #2779, .T. ) ;
#1726 = B_SPLINE_CURVE_WITH_KNOTS ( 'NONE', 3,
 ( #539, #990, #555, #1193, #729, #1597, #965 ),
 .UNSPECIFIED., .F., .F.,
 ( 4, 3, 4 ),
 ( 0.000000000000000000, 0.002475004150950611218, 0.004989540081674219245 ),
 .UNSPECIFIED. ) ;
#1727 = DIRECTION ( 'NONE',  ( 0.000000000000000000, 0.000000000000000000, 1.000000000000000000 ) ) ;
#1728 = EDGE_CURVE ( 'NONE', #1528, #619, #1901, .T. ) ;
#1729 = LINE ( 'NONE', #174, #2620 ) ;
#1730 = ADVANCED_FACE ( 'NONE', ( #375 ), #330, .T. ) ;
#1731 = CARTESIAN_POINT ( 'NONE',  ( 139.5552220382870132, 13.38457708149153547, -18.11061662873803257 ) ) ;
#1732 = CARTESIAN_POINT ( 'NONE',  ( 2.131395779191663120, 0.5077747602342768118, -6.879945708024544970 ) ) ;
#1733 = CARTESIAN_POINT ( 'NONE',  ( 109.6360297657337100, 20.00000000000000000, -1.301042606982605518E-15 ) ) ;
#1734 = FACE_OUTER_BOUND ( 'NONE', #237, .T. ) ;
#1735 = CARTESIAN_POINT ( 'NONE',  ( 113.3990003999759040, 18.89209477623892397, -8.277761672821085881 ) ) ;
#1736 = ORIENTED_EDGE ( 'NONE', *, *, #2119, .T. ) ;
#1737 = ORIENTED_EDGE ( 'NONE', *, *, #2044, .F. ) ;
#1738 = EDGE_CURVE ( 'NONE', #318, #1516, #979, .T. ) ;
#1739 = CARTESIAN_POINT ( 'NONE',  ( 110.1128077931635403, 0.1269101172837726887, -6.444673707120393225 ) ) ;
#1740 = DIRECTION ( 'NONE',  ( 0.000000000000000000, 1.000000000000000000, 0.000000000000000000 ) ) ;
#1741 = ORIENTED_EDGE ( 'NONE', *, *, #296, .F. ) ;
#1742 = DIRECTION ( 'NONE',  ( 0.3420201433256690460, -0.000000000000000000, 0.9396926207859083169 ) ) ;
#1743 = CARTESIAN_POINT ( 'NONE',  ( 107.8051277868290470, 20.00000000000000000, -6.030361844275314631 ) ) ;
#1744 = CARTESIAN_POINT ( 'NONE',  ( 109.3921430436703588, 0.3424375476245276051, -6.860226548109794820 ) ) ;
#1745 = AXIS2_PLACEMENT_3D ( 'NONE', #2669, #2642, #1778 ) ;
#1746 = DIRECTION ( 'NONE',  ( 0.000000000000000000, 1.000000000000000000, 0.000000000000000000 ) ) ;
#1747 = CARTESIAN_POINT ( 'NONE',  ( 106.3537786114944481, 0.9222037237173246194, -6.999800685751507601 ) ) ;
#1748 = DIRECTION ( 'NONE',  ( -0.000000000000000000, -1.000000000000000000, 0.000000000000000000 ) ) ;
#1749 = FACE_OUTER_BOUND ( 'NONE', #943, .T. ) ;
#1750 = EDGE_CURVE ( 'NONE', #2251, #2698, #2365, .T. ) ;
#1751 = VERTEX_POINT ( 'NONE', #2095 ) ;
#1752 = VERTEX_POINT ( 'NONE', #2357 ) ;
#1753 = CARTESIAN_POINT ( 'NONE',  ( 145.3141946333450392, 10.52251119223920561, -20.27557199927148801 ) ) ;
#1754 = CARTESIAN_POINT ( 'NONE',  ( 109.8535738694963300, 0.006956536058732440062, -1.010883019453814313 ) ) ;
#1755 = CARTESIAN_POINT ( 'NONE',  ( 109.6360297657337100, 19.00000000000000000, 0.000000000000000000 ) ) ;
#1756 = ORIENTED_EDGE ( 'NONE', *, *, #1706, .T. ) ;
#1757 = EDGE_CURVE ( 'NONE', #9, #372, #1634, .T. ) ;
#1758 = AXIS2_PLACEMENT_3D ( 'NONE', #648, #1669, #1429 ) ;
#1759 = CARTESIAN_POINT ( 'NONE',  ( 1.196179724907286746, 0.5687620532579703569, -0.5687620532579703569 ) ) ;
#1760 = EDGE_CURVE ( 'NONE', #1132, #2758, #1955, .T. ) ;
#1761 = DIRECTION ( 'NONE',  ( -0.03263195623216808006, 0.9994674359039728007, 0.000000000000000000 ) ) ;
#1762 = CARTESIAN_POINT ( 'NONE',  ( 140.2279390151498433, 14.32471323416439013, -17.29134667100963441 ) ) ;
#1763 = CARTESIAN_POINT ( 'NONE',  ( 113.4453300355794738, 0.8897195471543849488, -8.295193828532790192 ) ) ;
#1764 = CARTESIAN_POINT ( 'NONE',  ( 106.4616128526648140, 0.7248312771094511664, -6.963402020133591996 ) ) ;
#1765 = APPLICATION_PROTOCOL_DEFINITION ( 'international standard', 'config_control_design', 1994, #2832 ) ;
#1766 = CYLINDRICAL_SURFACE ( 'NONE', #1381, 2.498999999999999666 ) ;
#1767 = ORIENTED_EDGE ( 'NONE', *, *, #2143, .F. ) ;
#1768 = ORIENTED_EDGE ( 'NONE', *, *, #2349, .T. ) ;
#1769 = CARTESIAN_POINT ( 'NONE',  ( 111.5100637256813059, 0.06307692320114299811, -1.613796020469008052 ) ) ;
#1770 = CARTESIAN_POINT ( 'NONE',  ( 145.9232613202556763, -7.584846244139966664, -20.50453683163966545 ) ) ;
#1771 = ORIENTED_EDGE ( 'NONE', *, *, #1667, .F. ) ;
#1772 = LINE ( 'NONE', #2829, #276 ) ;
#1773 = DIRECTION ( 'NONE',  ( 0.000000000000000000, -1.000000000000000000, 0.000000000000000000 ) ) ;
#1774 = AXIS2_PLACEMENT_3D ( 'NONE', #2545, #1425, #2740 ) ;
#1775 = DIRECTION ( 'NONE',  ( -0.9396926207859083169, 0.000000000000000000, 0.3420201433256691570 ) ) ;
#1776 = CARTESIAN_POINT ( 'NONE',  ( 133.4118051967767258, -1.970541082310126368, -8.521200222065498764 ) ) ;
#1777 = DIRECTION ( 'NONE',  ( 0.000000000000000000, 1.000000000000000000, 0.000000000000000000 ) ) ;
#1778 = DIRECTION ( 'NONE',  ( 0.000000000000000000, 0.000000000000000000, 1.000000000000000000 ) ) ;
#1779 = CARTESIAN_POINT ( 'NONE',  ( 131.0016918767358902, 17.10830858782528097, -13.82417191455027705 ) ) ;
#1780 = CARTESIAN_POINT ( 'NONE',  ( 111.8081196757815832, 19.78714023476909745, -7.217147329901717256 ) ) ;
#1781 = CARTESIAN_POINT ( 'NONE',  ( 140.5179501755298190, -5.895054929095000062, -18.47253247689240396 ) ) ;
#1782 = ORIENTED_EDGE ( 'NONE', *, *, #611, .T. ) ;
#1783 = CARTESIAN_POINT ( 'NONE',  ( 109.7549385276567051, 1.004393896386318374, 0.000000000000000000 ) ) ;
#1784 = CARTESIAN_POINT ( 'NONE',  ( 131.8195519189374068, -2.168313434168736897, -15.20256657412715029 ) ) ;
#1785 = CARTESIAN_POINT ( 'NONE',  ( 106.3647230434517894, 0.9973943710621530068, -6.999996605343163480 ) ) ;
#1786 = CARTESIAN_POINT ( 'NONE',  ( 109.4035642274809561, 0.2722378168892087835, -6.791328416090898656 ) ) ;
#1787 = AXIS2_PLACEMENT_3D ( 'NONE', #1352, #1591, #2045 ) ;
#1788 = COORDINATED_UNIVERSAL_TIME_OFFSET ( 2, 0, .AHEAD. ) ;
#1789 = FACE_OUTER_BOUND ( 'NONE', #1966, .T. ) ;
#1790 = CARTESIAN_POINT ( 'NONE',  ( 135.7049328522344069, 15.84415193899098639, -15.59191964614394266 ) ) ;
#1791 = CARTESIAN_POINT ( 'NONE',  ( 146.9526503818007939, -8.047637791034093269, -19.82318590585730789 ) ) ;
#1792 = CARTESIAN_POINT ( 'NONE',  ( 122.2822403446671871, -0.07205887981108775875, -11.61723020164886400 ) ) ;
#1793 = ORIENTED_EDGE ( 'NONE', *, *, #1088, .F. ) ;
#1794 = CARTESIAN_POINT ( 'NONE',  ( 145.1088212357631164, -7.976303184300315152, -19.13549937994900674 ) ) ;
#1795 = ORIENTED_EDGE ( 'NONE', *, *, #296, .T. ) ;
#1796 = CARTESIAN_POINT ( 'NONE',  ( 109.7549384636622705, 1.004393894476665494, -4.336808689942017736E-15 ) ) ;
#1797 = CARTESIAN_POINT ( 'NONE',  ( 148.4742428235647367, 9.527018909857003948, -18.61745828572420436 ) ) ;
#1798 = CARTESIAN_POINT ( 'NONE',  ( 144.2160505931821319, -6.139430967320348209, -13.51780172254068901 ) ) ;
#1799 = COORDINATED_UNIVERSAL_TIME_OFFSET ( 2, 0, .AHEAD. ) ;
#1800 = CARTESIAN_POINT ( 'NONE',  ( 107.8302566377102352, 0.0006030513617402265963, -6.011876223126759733 ) ) ;
#1801 = CARTESIAN_POINT ( 'NONE',  ( 132.4008736142546923, 16.74507264862237577, -14.35007933773177236 ) ) ;
#1802 = CARTESIAN_POINT ( 'NONE',  ( 8.000000000000007105, 0.000000000000000000, -6.000000000000006217 ) ) ;
#1803 = CARTESIAN_POINT ( 'NONE',  ( 110.1834106557184612, 0.04062809819003856959, -6.000602840071008082 ) ) ;
#1804 = CARTESIAN_POINT ( 'NONE',  ( 109.8236730192915473, 18.99993126322744175, -1.000000000000009992 ) ) ;
#1805 = VECTOR ( 'NONE', #1534, 1000.000000000000000 ) ;
#1806 = VERTEX_POINT ( 'NONE', #1182 ) ;
#1807 = CIRCLE ( 'NONE', #2222, 0.2500000000000002220 ) ;
#1808 = ORIENTED_EDGE ( 'NONE', *, *, #1550, .F. ) ;
#1809 = AXIS2_PLACEMENT_3D ( 'NONE', #1596, #2481, #512 ) ;
#1810 = CARTESIAN_POINT ( 'NONE',  ( 109.6501078090428081, 0.0006030513617909236731, -1.011876223126761731 ) ) ;
#1811 = DIRECTION ( 'NONE',  ( 0.000000000000000000, 1.000000000000000000, 0.000000000000000000 ) ) ;
#1812 = EDGE_CURVE ( 'NONE', #1301, #2483, #713, .T. ) ;
#1813 = FACE_OUTER_BOUND ( 'NONE', #2196, .T. ) ;
#1814 = CARTESIAN_POINT ( 'NONE',  ( 109.7874909845975111, 0.3356896432806437125, -6.929736164976406876 ) ) ;
#1815 = APPROVAL_ROLE ( '' ) ;
#1816 = CARTESIAN_POINT ( 'NONE',  ( 108.7484798366969017, 19.90795286626935123, -6.419958929150739735 ) ) ;
#1817 = ORIENTED_EDGE ( 'NONE', *, *, #1535, .F. ) ;
#1818 = CARTESIAN_POINT ( 'NONE',  ( 146.6807762917188143, -8.894450581663440047, -19.01483139128439959 ) ) ;
#1819 = CARTESIAN_POINT ( 'NONE',  ( 134.5289103154667316, -3.913919078294699094, -16.22108852653978772 ) ) ;
#1820 = ADVANCED_FACE ( 'NONE', ( #2109 ), #573, .T. ) ;
#1821 = EDGE_LOOP ( 'NONE', ( #1651, #77, #2421, #679 ) ) ;
#1822 = ORIENTED_EDGE ( 'NONE', *, *, #835, .T. ) ;
#1823 = LINE ( 'NONE', #734, #1710 ) ;
#1824 = CARTESIAN_POINT ( 'NONE',  ( 3.000000000000002665, 20.00000000000000000, -1.000000000000000000 ) ) ;
#1825 = CARTESIAN_POINT ( 'NONE',  ( 129.1047808192854234, 16.47290314117978482, -14.18200983853784969 ) ) ;
#1826 = DIRECTION ( 'NONE',  ( 0.000000000000000000, 0.000000000000000000, 1.000000000000000000 ) ) ;
#1827 = CARTESIAN_POINT ( 'NONE',  ( 110.8754968781995984, 19.94632634233354551, -6.518905655209173311 ) ) ;
#1828 = CARTESIAN_POINT ( 'NONE',  ( 142.5864016119301141, 13.31701934988205238, -18.17726042666770070 ) ) ;
#1829 = EDGE_CURVE ( 'NONE', #1146, #1936, #2000, .T. ) ;
#1830 = CARTESIAN_POINT ( 'NONE',  ( 147.1494771536397650, -8.903110064257448997, -17.76662375899930879 ) ) ;
#1831 = CARTESIAN_POINT ( 'NONE',  ( 116.4295889587934738, 19.72586848769824996, -8.347895768709976849 ) ) ;
#1832 = EDGE_LOOP ( 'NONE', ( #360, #674, #2206, #1064, #2695, #2014, #1287, #2169, #423 ) ) ;
#1833 = EDGE_CURVE ( 'NONE', #489, #55, #773, .T. ) ;
#1834 = VERTEX_POINT ( 'NONE', #557 ) ;
#1835 = EDGE_CURVE ( 'NONE', #503, #2394, #2636, .T. ) ;
#1836 = CARTESIAN_POINT ( 'NONE',  ( 147.6454325945521759, 10.51472080041880730, -13.70181692049169619 ) ) ;
#1837 = AXIS2_PLACEMENT_3D ( 'NONE', #1884, #2099, #2113 ) ;
#1838 = CARTESIAN_POINT ( 'NONE',  ( 114.8450028046585345, 18.81983514187313844, -8.821369119067600906 ) ) ;
#1839 = CARTESIAN_POINT ( 'NONE',  ( 107.8302566377117842, 0.0006030513617902578645, -6.011876223126759733 ) ) ;
#1840 = COORDINATED_UNIVERSAL_TIME_OFFSET ( 2, 0, .AHEAD. ) ;
#1841 = CARTESIAN_POINT ( 'NONE',  ( 110.0654768194849282, 19.81150903504931904, -6.621438597884353072 ) ) ;
#1842 = CARTESIAN_POINT ( 'NONE',  ( 110.1929953962748243, 19.98747038457119629, -6.004091400336685425 ) ) ;
#1843 = CARTESIAN_POINT ( 'NONE',  ( 106.3652025976682012, 18.96217650988827685, -7.000000000000009770 ) ) ;
#1844 = CARTESIAN_POINT ( 'NONE',  ( 3.000000000000002665, 1.000000000000000000, 0.000000000000000000 ) ) ;
#1845 = LINE ( 'NONE', #2303, #2160 ) ;
#1846 = CARTESIAN_POINT ( 'NONE',  ( 3.035766082959412415E-15, 17.00000000000000000, -3.000000000000000000 ) ) ;
#1847 = EDGE_LOOP ( 'NONE', ( #968, #1483 ) ) ;
#1848 = CIRCLE ( 'NONE', #1157, 1.000000000000004219 ) ;
#1849 = CARTESIAN_POINT ( 'NONE',  ( 106.3649126752824969, 1.000000000000000000, -27.00000000000000711 ) ) ;
#1850 = ORIENTED_EDGE ( 'NONE', *, *, #1328, .F. ) ;
#1851 = EDGE_CURVE ( 'NONE', #1275, #71, #2086, .T. ) ;
#1852 = B_SPLINE_CURVE_WITH_KNOTS ( 'NONE', 3,
 ( #1046, #2348, #1255, #1505, #1687, #1903, #147, #2334, #1698, #2362 ),
 .UNSPECIFIED., .F., .F.,
 ( 4, 2, 2, 2, 4 ),
 ( 0.000000000000000000, 0.0002208438235740464435, 0.0004416876471480928870, 0.0008833752942962214442, 0.001766750588592478233 ),
 .UNSPECIFIED. ) ;
#1853 = FACE_OUTER_BOUND ( 'NONE', #886, .T. ) ;
#1854 = AXIS2_PLACEMENT_3D ( 'NONE', #537, #2539, #2289 ) ;
#1855 = ADVANCED_FACE ( 'NONE', ( #154 ), #2573, .T. ) ;
#1856 = CARTESIAN_POINT ( 'NONE',  ( 136.1082540675929806, 14.57864834459109282, -16.81480705558350408 ) ) ;
#1857 = CARTESIAN_POINT ( 'NONE',  ( 109.9788008335647191, 18.99656058139624193, -7.010118294662756711 ) ) ;
#1858 = CARTESIAN_POINT ( 'NONE',  ( 110.1929953962776381, 19.98747038457116076, -6.004091400337808082 ) ) ;
#1859 = AXIS2_PLACEMENT_3D ( 'NONE', #2715, #580, #1450 ) ;
#1860 = CARTESIAN_POINT ( 'NONE',  ( 142.5145643011388188, 13.35111083894782702, -18.15027886507517607 ) ) ;
#1861 = CARTESIAN_POINT ( 'NONE',  ( 3.000000000000002665, 3.000000000000000000, 0.000000000000000000 ) ) ;
#1862 = FACE_OUTER_BOUND ( 'NONE', #1260, .T. ) ;
#1863 = CARTESIAN_POINT ( 'NONE',  ( 122.5373951735402613, 18.96308736944241602, -11.71314988312900596 ) ) ;
#1864 = CARTESIAN_POINT ( 'NONE',  ( 107.8161785944026860, 19.00000000000000000, -6.000000000000006217 ) ) ;
#1865 = ORIENTED_EDGE ( 'NONE', *, *, #2649, .F. ) ;
#1866 = CARTESIAN_POINT ( 'NONE',  ( 109.8236730192892452, 1.006450157371267196, -0.9999999999991679989 ) ) ;
#1867 = ORIENTED_EDGE ( 'NONE', *, *, #1415, .T. ) ;
#1868 = CARTESIAN_POINT ( 'NONE',  ( 135.9372498736046566, 15.30029012267877064, -9.440386912716924428 ) ) ;
#1869 = DIRECTION ( 'NONE',  ( 0.000000000000000000, 0.000000000000000000, 1.000000000000000000 ) ) ;
#1870 = CARTESIAN_POINT ( 'NONE',  ( 116.2842678241092074, 18.71753354562109806, -9.362428219809711294 ) ) ;
#1871 = CARTESIAN_POINT ( 'NONE',  ( 106.3657828942394445, 19.00000000000000000, -7.000000000000009770 ) ) ;
#1872 = CARTESIAN_POINT ( 'NONE',  ( 111.5300740875573382, 19.84397608077258823, -7.009654048437652385 ) ) ;
#1873 = AXIS2_PLACEMENT_3D ( 'NONE', #1105, #1473, #2308 ) ;
#1874 = LINE ( 'NONE', #1244, #622 ) ;
#1875 = CARTESIAN_POINT ( 'NONE',  ( 107.5978124678231325, 0.1480340635525282111, -6.535429587664045137 ) ) ;
#1876 = CARTESIAN_POINT ( 'NONE',  ( 113.4682475065457936, 0.5401141251092231865, -8.214387861925500189 ) ) ;
#1877 = CARTESIAN_POINT ( 'NONE',  ( 130.2602861421986802, 16.17928001001432747, -14.61639590536300659 ) ) ;
#1878 = VERTEX_POINT ( 'NONE', #1681 ) ;
#1879 = ORIENTED_EDGE ( 'NONE', *, *, #198, .F. ) ;
#1880 = DIRECTION ( 'NONE',  ( 1.000000000000000000, -0.000000000000000000, 0.000000000000000000 ) ) ;
#1881 = EDGE_LOOP ( 'NONE', ( #2412, #417, #1183, #2110, #1156 ) ) ;
#1882 = CIRCLE ( 'NONE', #1099, 1.000000000000000000 ) ;
#1883 = CARTESIAN_POINT ( 'NONE',  ( 113.2075782851378136, 19.99710712634503196, -2.231640792349859126 ) ) ;
#1884 = CARTESIAN_POINT ( 'NONE',  ( 109.8236730192915473, 18.99993126322743464, -1.000000000000009992 ) ) ;
#1885 = CARTESIAN_POINT ( 'NONE',  ( 109.6360297657336815, 19.89222690360981360, -0.4780133412367183476 ) ) ;
#1886 = CARTESIAN_POINT ( 'NONE',  ( 113.1897497571838045, 19.14233891617874761, -8.167061631825799140 ) ) ;
#1887 = CARTESIAN_POINT ( 'NONE',  ( 141.4796629027513575, -4.305760436613228492, -11.45766028133551195 ) ) ;
#1888 = CARTESIAN_POINT ( 'NONE',  ( 141.4079967384041367, 13.69566194947418758, -18.80712533255157126 ) ) ;
#1889 = CARTESIAN_POINT ( 'NONE',  ( 1.670546387488979434, 19.69649888402921079, -1.202334077313879090 ) ) ;
#1890 = FACE_OUTER_BOUND ( 'NONE', #756, .T. ) ;
#1891 = CYLINDRICAL_SURFACE ( 'NONE', #2456, 1.000000000000000000 ) ;
#1892 = CARTESIAN_POINT ( 'NONE',  ( 106.9224361444775866, 0.4509841122191317053, -6.836829499158569412 ) ) ;
#1893 = CARTESIAN_POINT ( 'NONE',  ( 117.6040175797105292, 18.58156849775779662, -9.858558262797085803 ) ) ;
#1894 = ORIENTED_EDGE ( 'NONE', *, *, #1957, .F. ) ;
#1895 = ORIENTED_EDGE ( 'NONE', *, *, #2714, .F. ) ;
#1896 = DIRECTION ( 'NONE',  ( -1.000000000000000000, 0.000000000000000000, 4.954937092193131864E-16 ) ) ;
#1897 = EDGE_LOOP ( 'NONE', ( #2799, #2040, #556 ) ) ;
#1898 = CARTESIAN_POINT ( 'NONE',  ( 138.6348796379879218, 15.55953114915018531, -10.42224385004301723 ) ) ;
#1899 = CARTESIAN_POINT ( 'NONE',  ( 109.8535738694940136, 0.006956536058653648921, -1.010883019452957221 ) ) ;
#1900 = AXIS2_PLACEMENT_3D ( 'NONE', #2775, #982, #761 ) ;
#1901 = LINE ( 'NONE', #1650, #2729 ) ;
#1902 = CARTESIAN_POINT ( 'NONE',  ( 113.0758263618077279, 19.23074448269148462, -8.097122786959163321 ) ) ;
#1903 = CARTESIAN_POINT ( 'NONE',  ( 113.0217668865403766, 19.27363855247943292, -8.064141394931432671 ) ) ;
#1904 = CARTESIAN_POINT ( 'NONE',  ( 2.803648237606783500, 20.00000000000000000, -1.000000000004059419 ) ) ;
#1905 = CARTESIAN_POINT ( 'NONE',  ( 109.9984331797472521, 18.94426705251419918, -7.000000000000013323 ) ) ;
#1906 = CARTESIAN_POINT ( 'NONE',  ( 106.3647230434518036, 0.9452817923051529680, -26.99992871220630875 ) ) ;
#1907 = VECTOR ( 'NONE', #2193, 1000.000000000000000 ) ;
#1908 = CARTESIAN_POINT ( 'NONE',  ( 5.499000000000000554, 19.75000000000000000, -9.501000000000018986 ) ) ;
#1909 = DIRECTION ( 'NONE',  ( 0.9396923317465777359, -0.0007843330717037105826, -0.3420200381239562049 ) ) ;
#1910 = VERTEX_POINT ( 'NONE', #2559 ) ;
#1911 = CARTESIAN_POINT ( 'NONE',  ( 144.5560901242602938, -6.815704888176933096, -13.64156599032693507 ) ) ;
#1912 = EDGE_CURVE ( 'NONE', #1878, #2758, #716, .T. ) ;
#1913 = VERTEX_POINT ( 'NONE', #2170 ) ;
#1914 = CARTESIAN_POINT ( 'NONE',  ( 132.0634735079817688, 17.34962084999814280, -8.030447621410232273 ) ) ;
#1915 = EDGE_CURVE ( 'NONE', #2670, #1212, #22, .T. ) ;
#1916 = CARTESIAN_POINT ( 'NONE',  ( 109.9546129979186304, 19.20885135759505857, -7.021412940207936160 ) ) ;
#1917 = ADVANCED_FACE ( 'NONE', ( #420 ), #378, .F. ) ;
#1918 = DIRECTION ( 'NONE',  ( -0.000000000000000000, 1.000000000000000000, -0.000000000000000000 ) ) ;
#1919 = CARTESIAN_POINT ( 'NONE',  ( 109.9999999999999858, 19.00000000000000000, -6.000000000000006217 ) ) ;
#1920 = CARTESIAN_POINT ( 'NONE',  ( 2.782701330030296738, 19.99999999999999645, -6.125457131949971767 ) ) ;
#1921 = VERTEX_POINT ( 'NONE', #2104 ) ;
#1922 = VERTEX_POINT ( 'NONE', #2137 ) ;
#1923 = EDGE_CURVE ( 'NONE', #1497, #1524, #2499, .T. ) ;
#1924 = AXIS2_PLACEMENT_3D ( 'NONE', #2277, #300, #685 ) ;
#1925 = CARTESIAN_POINT ( 'NONE',  ( 110.6380304120741584, 0.04366602455565068291, -6.276528318364185566 ) ) ;
#1926 = CARTESIAN_POINT ( 'NONE',  ( 0.07808197337295165463, 17.78524366123280487, -2.476504225844304408 ) ) ;
#1927 = ORIENTED_EDGE ( 'NONE', *, *, #698, .T. ) ;
#1928 = CARTESIAN_POINT ( 'NONE',  ( 148.0852042723149680, 10.33990438774135434, -18.46562042988872321 ) ) ;
#1929 = EDGE_CURVE ( 'NONE', #1636, #675, #2597, .T. ) ;
#1930 = FACE_OUTER_BOUND ( 'NONE', #1472, .T. ) ;
#1931 = CARTESIAN_POINT ( 'NONE',  ( 3.000000000000002665, 19.00000000000000000, -6.000000000000006217 ) ) ;
#1932 = DIRECTION ( 'NONE',  ( 0.000000000000000000, 0.000000000000000000, 1.000000000000000000 ) ) ;
#1933 = CARTESIAN_POINT ( 'NONE',  ( 112.5513943275471718, 0.1585229760157977619, -7.481283546191628275 ) ) ;
#1934 = CARTESIAN_POINT ( 'NONE',  ( 110.0635610978326469, 0.9171920783682895317, -6.999106467745808580 ) ) ;
#1935 = CARTESIAN_POINT ( 'NONE',  ( 109.8236730192915473, 18.99993126322743464, -1.000000000000009992 ) ) ;
#1936 = VERTEX_POINT ( 'NONE', #357 ) ;
#1937 = ORIENTED_EDGE ( 'NONE', *, *, #2173, .T. ) ;
#1938 = ADVANCED_FACE ( 'NONE', ( #149 ), #1891, .T. ) ;
#1939 = CARTESIAN_POINT ( 'NONE',  ( 110.0874897437174695, 0.2060936674196945373, -6.589911027231976526 ) ) ;
#1940 = EDGE_LOOP ( 'NONE', ( #2305, #1231 ) ) ;
#1941 = CARTESIAN_POINT ( 'NONE',  ( 119.5001836948446083, 19.79048529598061634, -10.28701408287207464 ) ) ;
#1942 = VECTOR ( 'NONE', #410, 1000.000000000000000 ) ;
#1943 = CARTESIAN_POINT ( 'NONE',  ( 106.3647230434518178, 0.9973943710621521186, -6.999996605343166145 ) ) ;
#1944 = ADVANCED_FACE ( 'NONE', ( #1209 ), #676, .T. ) ;
#1945 = CARTESIAN_POINT ( 'NONE',  ( 126.8487596551037768, -0.4515415263369077503, -6.132446998763052548 ) ) ;
#1946 = CARTESIAN_POINT ( 'NONE',  ( 3.000000000000002665, 1.000000000000000000, -7.000000000000006217 ) ) ;
#1947 = CARTESIAN_POINT ( 'NONE',  ( 142.3610153762723201, -6.139430967320348209, -18.61446909329348642 ) ) ;
#1948 = DIRECTION ( 'NONE',  ( 0.000000000000000000, 0.000000000000000000, 1.000000000000000000 ) ) ;
#1949 = CARTESIAN_POINT ( 'NONE',  ( 107.7976269828426297, 1.000000000000000000, -6.000000000000021316 ) ) ;
#1950 = ORIENTED_EDGE ( 'NONE', *, *, #216, .F. ) ;
#1951 = ORIENTED_EDGE ( 'NONE', *, *, #913, .F. ) ;
#1952 = AXIS2_PLACEMENT_3D ( 'NONE', #428, #2351, #1 ) ;
#1953 = CARTESIAN_POINT ( 'NONE',  ( 110.1692934955280236, 0.04066146153240507433, -6.094732912414650983 ) ) ;
#1954 = ORIENTED_EDGE ( 'NONE', *, *, #2235, .F. ) ;
#1955 = CIRCLE ( 'NONE', #394, 0.9999999999999998890 ) ;
#1956 = CARTESIAN_POINT ( 'NONE',  ( 3.035766082959412415E-15, 2.607230121851484839, -2.738153414567656707 ) ) ;
#1957 = EDGE_CURVE ( 'NONE', #1500, #2739, #1214, .T. ) ;
#1958 = DESIGN_CONTEXT ( 'detailed design', #2832, 'design' ) ;
#1959 = CARTESIAN_POINT ( 'NONE',  ( 8.000000000000000000, 0.000000000000000000, -6.000000000000019540 ) ) ;
#1960 = LOCAL_TIME ( 20, 52, 22.00000000000000000, #2504 ) ;
#1961 = CARTESIAN_POINT ( 'NONE',  ( 3.000000000000006217, 20.00000000000000355, -4.336808689942017736E-16 ) ) ;
#1962 = CARTESIAN_POINT ( 'NONE',  ( 113.4025365857100383, 0.9635211587512880760, -8.279106599845759362 ) ) ;
#1963 = CARTESIAN_POINT ( 'NONE',  ( 126.8608371328116817, -0.4539522570571438154, -6.136842841153726802 ) ) ;
#1964 = CYLINDRICAL_SURFACE ( 'NONE', #228, 1.000000000000000000 ) ;
#1965 = VERTEX_POINT ( 'NONE', #1437 ) ;
#1966 = EDGE_LOOP ( 'NONE', ( #2021, #2617, #2686, #1026 ) ) ;
#1967 = EDGE_CURVE ( 'NONE', #1275, #80, #2319, .T. ) ;
#1968 = CARTESIAN_POINT ( 'NONE',  ( 108.5783175859354941, 0.07142782194236539650, -6.313569761143548398 ) ) ;
#1969 = CARTESIAN_POINT ( 'NONE',  ( 112.7503632870734407, 0.05798968564096944334, -8.033936812830894780 ) ) ;
#1970 = ORIENTED_EDGE ( 'NONE', *, *, #2331, .T. ) ;
#1971 = CARTESIAN_POINT ( 'NONE',  ( 1.670546387488951234, 0.3035011159708014827, -1.202334077313879090 ) ) ;
#1972 = LINE ( 'NONE', #395, #439 ) ;
#1973 = AXIS2_PLACEMENT_3D ( 'NONE', #2132, #1918, #2792 ) ;
#1974 = CARTESIAN_POINT ( 'NONE',  ( 3.000000000000002665, 1.000000000000000000, -7.000000000000006217 ) ) ;
#1975 = CARTESIAN_POINT ( 'NONE',  ( 146.3738479956685126, 12.27463720228531407, -14.30317574862261232 ) ) ;
#1976 = CARTESIAN_POINT ( 'NONE',  ( 149.6443950646691405, -9.999999999999998224, -15.50474992217694137 ) ) ;
#1977 = SPHERICAL_SURFACE ( 'NONE', #576, 1.000000000000000000 ) ;
#1978 = VERTEX_POINT ( 'NONE', #1933 ) ;
#1979 = ORIENTED_EDGE ( 'NONE', *, *, #211, .F. ) ;
#1980 = CARTESIAN_POINT ( 'NONE',  ( 145.8088711969061819, 11.38078961454793614, -20.46153445452498332 ) ) ;
#1981 = CARTESIAN_POINT ( 'NONE',  ( 107.7819870890705403, 0.1231198657326599416, -6.482542287861063457 ) ) ;
#1982 = CARTESIAN_POINT ( 'NONE',  ( 145.7931754083830640, -8.443839911612423421, -19.39307058774044989 ) ) ;
#1983 = ORIENTED_EDGE ( 'NONE', *, *, #2114, .T. ) ;
#1984 = B_SPLINE_CURVE_WITH_KNOTS ( 'NONE', 3,
 ( #2069, #1838, #1870, #1401, #947, #562, #2746, #971, #1825, #2535, #1625, #2502, #533, #1856, #2731, #2518, #548, #1432 ),
 .UNSPECIFIED., .F., .F.,
 ( 4, 2, 2, 2, 2, 2, 2, 2, 4 ),
 ( 0.003628342191538418051, 0.008249617387935347795, 0.01287089258433227711, 0.01749216778072920642, 0.02211344297712613399, 0.02442408057532463594, 0.02673471817352313790, 0.03135599336992006547, 0.04059854376271398307 ),
 .UNSPECIFIED. ) ;
#1985 = DIRECTION ( 'NONE',  ( 0.000000000000000000, 0.000000000000000000, 1.000000000000000000 ) ) ;
#1986 = DIRECTION ( 'NONE',  ( 0.000000000000000000, 0.000000000000000000, 1.000000000000000000 ) ) ;
#1987 = CARTESIAN_POINT ( 'NONE',  ( 106.3649126752824969, 1.040709380695132413, -7.000000000000006217 ) ) ;
#1988 = CARTESIAN_POINT ( 'NONE',  ( 134.9413091293668288, 14.92682960561471006, -16.37612052436131549 ) ) ;
#1989 = AXIS2_PLACEMENT_3D ( 'NONE', #2373, #847, #1986 ) ;
#1990 = CARTESIAN_POINT ( 'NONE',  ( 113.4479964349005172, 0.5062491014268090117, -8.190610516811020148 ) ) ;
#1991 = CARTESIAN_POINT ( 'NONE',  ( 109.8244102490587437, 20.00019928524677226, 1.785434279737737988E-14 ) ) ;
#1992 = APPROVAL_STATUS ( 'not_yet_approved' ) ;
#1993 = CARTESIAN_POINT ( 'NONE',  ( 4.185732752414179995E-15, 1.242640687119284992, -1.828427124746190069 ) ) ;
#1994 = DIRECTION ( 'NONE',  ( 0.000000000000000000, 0.000000000000000000, -1.000000000000000000 ) ) ;
#1995 = CARTESIAN_POINT ( 'NONE',  ( 111.4870902726068778, 19.85908264819925506, -6.978247777258660633 ) ) ;
#1996 = CARTESIAN_POINT ( 'NONE',  ( 131.4546946761029176, -3.094192683872654559, -15.06540675361099169 ) ) ;
#1997 = AXIS2_PLACEMENT_3D ( 'NONE', #321, #131, #737 ) ;
#1998 = ORIENTED_EDGE ( 'NONE', *, *, #524, .T. ) ;
#1999 = CARTESIAN_POINT ( 'NONE',  ( 116.4364721313565809, -0.1941990455421991890, -8.352336311224268783 ) ) ;
#2000 = CIRCLE ( 'NONE', #2645, 0.9999999999999997780 ) ;
#2001 = B_SPLINE_CURVE_WITH_KNOTS ( 'NONE', 3,
 ( #2009, #2449, #38, #1828, #741, #274, #2706, #924, #1790, #1140, #1612, #1779, #1566, #288, #485, #64, #311, #2062, #962, #1842 ),
 .UNSPECIFIED., .F., .F.,
 ( 4, 2, 2, 2, 2, 2, 2, 2, 2, 4 ),
 ( 3.273069708340168845E-17, 0.005158992621432783102, 0.007738488932149126080, 0.01031798524286546906, 0.01547697786429807869, 0.01805647417501438090, 0.02063597048573068138, 0.03095395572859581737, 0.03611294835002838710, 0.04127194097146095336 ),
 .UNSPECIFIED. ) ;
#2002 = CARTESIAN_POINT ( 'NONE',  ( 124.7993627741001745, -0.5433733857725583372, -12.56348539420999622 ) ) ;
#2003 = CARTESIAN_POINT ( 'NONE',  ( 1.917418236062374604, 0.1924500978634123005, -6.606663660238033309 ) ) ;
#2004 = ADVANCED_FACE ( 'NONE', ( #2555, #2568 ), #585, .F. ) ;
#2005 = SPHERICAL_SURFACE ( 'NONE', #124, 1.000000000000000000 ) ;
#2006 = CARTESIAN_POINT ( 'NONE',  ( 110.1834106557184612, 0.04062809819003856959, -6.000602840071008082 ) ) ;
#2007 = DIRECTION ( 'NONE',  ( -0.000000000000000000, -1.000000000000000000, -0.000000000000000000 ) ) ;
#2008 = CYLINDRICAL_SURFACE ( 'NONE', #1745, 1.000000000000000888 ) ;
#2009 = CARTESIAN_POINT ( 'NONE',  ( 147.4992961041498631, 10.35292779324920609, -20.02214867748137195 ) ) ;
#2010 = DIRECTION ( 'NONE',  ( 0.000000000000000000, 0.000000000000000000, 1.000000000000000000 ) ) ;
#2011 = CARTESIAN_POINT ( 'NONE',  ( 115.8828597246832146, -0.1728598262885265302, -9.211527932291678766 ) ) ;
#2012 = ORIENTED_EDGE ( 'NONE', *, *, #1145, .F. ) ;
#2013 = CARTESIAN_POINT ( 'NONE',  ( 5.499000000000000554, -7.810249675906655753, -8.501000000000018986 ) ) ;
#2014 = ORIENTED_EDGE ( 'NONE', *, *, #1341, .T. ) ;
#2015 = CARTESIAN_POINT ( 'NONE',  ( 141.4355489556168948, -5.214441228830872355, -18.81748296484898830 ) ) ;
#2016 = EDGE_CURVE ( 'NONE', #403, #2739, #1579, .T. ) ;
#2017 = CARTESIAN_POINT ( 'NONE',  ( 109.8236730192914905, 18.99993126322743464, -1.000000000000000888 ) ) ;
#2018 = DIRECTION ( 'NONE',  ( 0.000000000000000000, -8.673617379884027583E-15, -1.000000000000000000 ) ) ;
#2019 = SECURITY_CLASSIFICATION_LEVEL ( 'unclassified' ) ;
#2020 = CARTESIAN_POINT ( 'NONE',  ( 107.8263656776191510, 0.1197772705777970514, -6.473689807818436392 ) ) ;
#2021 = ORIENTED_EDGE ( 'NONE', *, *, #942, .T. ) ;
#2022 = CARTESIAN_POINT ( 'NONE',  ( 110.5179097232214787, 19.98281570119220873, -6.248990098389413994 ) ) ;
#2023 = CARTESIAN_POINT ( 'NONE',  ( 146.6007660257471343, -8.047637791034130572, -20.75922938773449999 ) ) ;
#2024 = EDGE_LOOP ( 'NONE', ( #2323, #2548, #1446, #126 ) ) ;
#2025 = EDGE_CURVE ( 'NONE', #1965, #2682, #2243, .T. ) ;
#2026 = DIRECTION ( 'NONE',  ( -0.000000000000000000, 1.000000000000000000, -0.000000000000000000 ) ) ;
#2027 = ORIENTED_EDGE ( 'NONE', *, *, #269, .T. ) ;
#2028 = ADVANCED_FACE ( 'NONE', ( #15 ), #2464, .T. ) ;
#2029 = CARTESIAN_POINT ( 'NONE',  ( 109.9999999999999858, 19.00000000000000000, -7.000000000000006217 ) ) ;
#2030 = CARTESIAN_POINT ( 'NONE',  ( 119.1237144583570995, 0.4470804528511078124, -10.42985390011826574 ) ) ;
#2031 =( BOUNDED_CURVE ( )  B_SPLINE_CURVE ( 3, ( #754, #1647, #44, #2524 ),
 .UNSPECIFIED., .F., .F. ) 
 B_SPLINE_CURVE_WITH_KNOTS ( ( 4, 4 ),
 ( 1.570796326794896780, 3.141592653589793116 ),
 .UNSPECIFIED. ) 
 CURVE ( )  GEOMETRIC_REPRESENTATION_ITEM ( )  RATIONAL_B_SPLINE_CURVE ( ( 1.000000000000000000, 0.8047378541243650485, 0.8047378541243650485, 1.000000000000000000 ) ) 
 REPRESENTATION_ITEM ( '' )  );
#2032 = EDGE_CURVE ( 'NONE', #1497, #403, #2517, .T. ) ;
#2033 = CARTESIAN_POINT ( 'NONE',  ( 113.5109388420915479, 0.6868777144898267073, -8.285876579391389996 ) ) ;
#2034 = CARTESIAN_POINT ( 'NONE',  ( 5.501000000000000334, 0.000000000000000000, -9.501000000000018986 ) ) ;
#2035 = CARTESIAN_POINT ( 'NONE',  ( 111.0423828738415324, 19.92610197482428092, -6.644520109269654640 ) ) ;
#2036 = ORIENTED_EDGE ( 'NONE', *, *, #1644, .F. ) ;
#2037 = FACE_OUTER_BOUND ( 'NONE', #2742, .T. ) ;
#2038 = CARTESIAN_POINT ( 'NONE',  ( 144.7702680567591358, -8.023363292442624584, -20.07109511667556134 ) ) ;
#2039 = CIRCLE ( 'NONE', #2588, 1.000000000000000000 ) ;
#2040 = ORIENTED_EDGE ( 'NONE', *, *, #313, .F. ) ;
#2041 = ORIENTED_EDGE ( 'NONE', *, *, #942, .F. ) ;
#2042 = CARTESIAN_POINT ( 'NONE',  ( 109.8539028614388258, -0.004040655111999880492, -4.379160337304732753E-15 ) ) ;
#2043 = CARTESIAN_POINT ( 'NONE',  ( 2.781020684318694425, -1.905824131322174993E-18, -6.126427450783983986 ) ) ;
#2044 = EDGE_CURVE ( 'NONE', #2572, #1132, #2778, .T. ) ;
#2045 = DIRECTION ( 'NONE',  ( 0.000000000000000000, 0.000000000000000000, 1.000000000000000000 ) ) ;
#2046 =( BOUNDED_CURVE ( )  B_SPLINE_CURVE ( 3, ( #2819, #1962, #1507, #863 ),
 .UNSPECIFIED., .F., .T. ) 
 B_SPLINE_CURVE_WITH_KNOTS ( ( 4, 4 ),
 ( 3.138987021703476987, 3.141592653589793116 ),
 .UNSPECIFIED. ) 
 CURVE ( )  GEOMETRIC_REPRESENTATION_ITEM ( )  RATIONAL_B_SPLINE_CURVE ( ( 1.000000000000000000, 0.9999994342236193656, 0.9999994342236193656, 1.000000000000000000 ) ) 
 REPRESENTATION_ITEM ( '' )  );
#2047 = CARTESIAN_POINT ( 'NONE',  ( 2.561521753854430372, 19.25319062550170557, -6.975952851097816598 ) ) ;
#2048 = CARTESIAN_POINT ( 'NONE',  ( 111.7719218454355570, 0.2519819323418682755, -7.291308761153743490 ) ) ;
#2049 = PERSON_AND_ORGANIZATION_ROLE ( 'classification_officer' ) ;
#2050 = CARTESIAN_POINT ( 'NONE',  ( 107.9030759292755448, 19.75984114951226900, -6.650843912647653511 ) ) ;
#2051 = DIRECTION ( 'NONE',  ( 0.000000000000000000, 1.000000000000000000, 0.000000000000000000 ) ) ;
#2052 = FACE_OUTER_BOUND ( 'NONE', #2789, .T. ) ;
#2053 = CARTESIAN_POINT ( 'NONE',  ( 118.5040443995855810, 19.48783438910439614, -10.19690297015227465 ) ) ;
#2054 = ORIENTED_EDGE ( 'NONE', *, *, #94, .T. ) ;
#2055 = EDGE_CURVE ( 'NONE', #1132, #1100, #324, .T. ) ;
#2056 = ORIENTED_EDGE ( 'NONE', *, *, #1667, .T. ) ;
#2057 = CARTESIAN_POINT ( 'NONE',  ( 131.1218800645692681, -1.990025680704792688, -14.94029263497338533 ) ) ;
#2058 = CIRCLE ( 'NONE', #544, 1.000000000000000888 ) ;
#2059 = DIRECTION ( 'NONE',  ( 0.000000000000000000, 0.9999295502652871814, 0.01186989916809270615 ) ) ;
#2060 = CARTESIAN_POINT ( 'NONE',  ( 8.000000000000007105, 1.000000000000000000, -6.000000000000006217 ) ) ;
#2061 = CARTESIAN_POINT ( 'NONE',  ( 3.000000000000002665, 13.39999999999999858, -7.000000000000006217 ) ) ;
#2062 = CARTESIAN_POINT ( 'NONE',  ( 113.4283829929387934, 19.91761118763694327, -7.220068910014137309 ) ) ;
#2063 = DIRECTION ( 'NONE',  ( -1.000000000000000000, 0.000000000000000000, 4.954937092193131864E-16 ) ) ;
#2064 = CARTESIAN_POINT ( 'NONE',  ( 109.9617846497659741, 19.99023335532012169, -5.917190301132885466 ) ) ;
#2065 = ORIENTED_EDGE ( 'NONE', *, *, #1613, .F. ) ;
#2066 = CARTESIAN_POINT ( 'NONE',  ( 146.9526503818007939, -8.047637791034132348, -19.82318590585731855 ) ) ;
#2067 = EDGE_LOOP ( 'NONE', ( #1817, #2221, #1983, #1512 ) ) ;
#2068 = CARTESIAN_POINT ( 'NONE',  ( 126.7449347124618697, 18.48064933623659556, -7.158835582553528809 ) ) ;
#2069 = CARTESIAN_POINT ( 'NONE',  ( 113.4025997963565260, 18.88652285270468667, -8.279130362457289394 ) ) ;
#2070 = CARTESIAN_POINT ( 'NONE',  ( 107.3371803685808317, 19.61192392988554545, -6.791673954991519935 ) ) ;
#2071 = CARTESIAN_POINT ( 'NONE',  ( 109.4090972518737317, 0.03948951343516369367, -6.004231169596822681 ) ) ;
#2072 = DIRECTION ( 'NONE',  ( 0.000000000000000000, 0.000000000000000000, 1.000000000000000000 ) ) ;
#2073 = CARTESIAN_POINT ( 'NONE',  ( 3.000000000000006217, 4.336808689942017736E-16, -4.336808689942017736E-16 ) ) ;
#2074 = CARTESIAN_POINT ( 'NONE',  ( 146.1837827940746877, 11.40329062421422712, -13.16981990019676196 ) ) ;
#2075 = CARTESIAN_POINT ( 'NONE',  ( 106.3879929170693686, 19.06893523952720315, -7.000000000000006217 ) ) ;
#2076 = ORIENTED_EDGE ( 'NONE', *, *, #1613, .T. ) ;
#2077 = AXIS2_PLACEMENT_3D ( 'NONE', #2816, #1087, #1104 ) ;
#2078 = CARTESIAN_POINT ( 'NONE',  ( 145.3028399118460072, -7.186522950948427635, -13.91336068545277094 ) ) ;
#2079 = ORIENTED_EDGE ( 'NONE', *, *, #1835, .T. ) ;
#2080 = CARTESIAN_POINT ( 'NONE',  ( 136.6511837637829956, 16.04146992120610804, -10.76441537043937124 ) ) ;
#2081 = CARTESIAN_POINT ( 'NONE',  ( 106.3649126752824969, 18.88652285270547893, -7.000000000000006217 ) ) ;
#2082 = AXIS2_PLACEMENT_3D ( 'NONE', #301, #1167, #92 ) ;
#2083 = CARTESIAN_POINT ( 'NONE',  ( 3.000000000000002665, 19.00000000000000000, -7.000000000000006217 ) ) ;
#2084 = CARTESIAN_POINT ( 'NONE',  ( 149.0591613974977179, -8.070034910860341526, -17.06152319187929933 ) ) ;
#2085 = CARTESIAN_POINT ( 'NONE',  ( 109.7739456908870181, 19.98564999292719691, -6.126471963934236875 ) ) ;
#2086 = CIRCLE ( 'NONE', #530, 1.000000000000000888 ) ;
#2087 = CARTESIAN_POINT ( 'NONE',  ( 2.803648237606790605, 18.99999999999636557, -2.633728631076503408E-16 ) ) ;
#2088 = DIRECTION ( 'NONE',  ( 0.000000000000000000, 0.000000000000000000, -1.000000000000000000 ) ) ;
#2089 = CARTESIAN_POINT ( 'NONE',  ( 5.499000000000000554, 0.000000000000000000, -9.501000000000018986 ) ) ;
#2090 = CARTESIAN_POINT ( 'NONE',  ( 112.9305079324259111, 0.2359297961481485184, -7.759444961211879210 ) ) ;
#2091 = CARTESIAN_POINT ( 'NONE',  ( 115.6206123026490360, 19.78533573123793232, -8.043896838090184076 ) ) ;
#2092 = CARTESIAN_POINT ( 'NONE',  ( 107.2777732561959994, 19.60284659946909613, -6.806942142706470023 ) ) ;
#2093 = ORIENTED_EDGE ( 'NONE', *, *, #1426, .T. ) ;
#2094 = ORIENTED_EDGE ( 'NONE', *, *, #1550, .T. ) ;
#2095 = CARTESIAN_POINT ( 'NONE',  ( 3.000000000000000888, 0.000000000000000000, -9.501000000000002998 ) ) ;
#2096 = CARTESIAN_POINT ( 'NONE',  ( 0.6009994805187928169, 18.84364016763807825, -1.770906554907938135 ) ) ;
#2097 = ORIENTED_EDGE ( 'NONE', *, *, #2025, .F. ) ;
#2098 = CARTESIAN_POINT ( 'NONE',  ( 133.4872947640362781, 15.95750605123425636, -8.548676177545647903 ) ) ;
#2099 = DIRECTION ( 'NONE',  ( 0.000000000000000000, 1.000000000000000000, 0.000000000000000000 ) ) ;
#2100 = DIRECTION ( 'NONE',  ( 0.000000000000000000, 0.000000000000000000, 1.000000000000000000 ) ) ;
#2101 = CARTESIAN_POINT ( 'NONE',  ( 148.4739276611900038, -8.058822669330863775, -18.61829664549077989 ) ) ;
#2102 = CARTESIAN_POINT ( 'NONE',  ( 146.1224718940825937, -6.287794555808233099, -13.14750455756356295 ) ) ;
#2103 = CARTESIAN_POINT ( 'NONE',  ( 149.7093515827920100, 13.39999999999999858, -12.00000000000008349 ) ) ;
#2104 = CARTESIAN_POINT ( 'NONE',  ( 149.6443950646691405, 9.501908822039641933, -15.50474992217694314 ) ) ;
#2105 = CARTESIAN_POINT ( 'NONE',  ( 106.4810713638802326, 0.7122143360373931475, -6.957920364613303654 ) ) ;
#2106 = CARTESIAN_POINT ( 'NONE',  ( 112.8422388115622397, 19.92727999649746806, -8.068475336167661993 ) ) ;
#2107 = ORIENTED_EDGE ( 'NONE', *, *, #186, .T. ) ;
#2108 = EDGE_LOOP ( 'NONE', ( #2200, #1782, #2107, #2824 ) ) ;
#2109 = FACE_OUTER_BOUND ( 'NONE', #1384, .T. ) ;
#2110 = ORIENTED_EDGE ( 'NONE', *, *, #1242, .F. ) ;
#2111 = CIRCLE ( 'NONE', #1601, 1.000000000000000000 ) ;
#2112 = CARTESIAN_POINT ( 'NONE',  ( 116.9035311861839119, 18.90712816081337166, -2.512679863099394506 ) ) ;
#2113 = DIRECTION ( 'NONE',  ( -1.000000000000000000, 0.000000000000000000, 0.000000000000000000 ) ) ;
#2114 = EDGE_CURVE ( 'NONE', #1834, #2813, #2404, .T. ) ;
#2115 = CARTESIAN_POINT ( 'NONE',  ( 106.3657828942394445, 19.00000000000000000, -7.000000000000006217 ) ) ;
#2116 = CARTESIAN_POINT ( 'NONE',  ( 5.500999999999983459, 20.00000000000000000, -12.00000000000001954 ) ) ;
#2117 = CARTESIAN_POINT ( 'NONE',  ( 147.8886938636779576, -8.047637791034114585, -20.17507026191095321 ) ) ;
#2118 = CARTESIAN_POINT ( 'NONE',  ( 136.4282490259779479, -3.790965350620264740, -9.619095989232594235 ) ) ;
#2119 = EDGE_CURVE ( 'NONE', #664, #2627, #1311, .T. ) ;
#2120 = FACE_OUTER_BOUND ( 'NONE', #605, .T. ) ;
#2121 = CARTESIAN_POINT ( 'NONE',  ( 107.6703907301238559, 0.1375403643569860779, -6.514547278294892330 ) ) ;
#2122 = CARTESIAN_POINT ( 'NONE',  ( 110.0315688165334080, 0.9419260095229234908, -6.997744537575993462 ) ) ;
#2123 = CARTESIAN_POINT ( 'NONE',  ( 113.4025997963565260, 18.88652285270468667, -8.279130362457289394 ) ) ;
#2124 = ORIENTED_EDGE ( 'NONE', *, *, #1488, .F. ) ;
#2125 = CARTESIAN_POINT ( 'NONE',  ( 0.000000000000000000, 3.000000000000000000, -4.000000000000006217 ) ) ;
#2126 = CARTESIAN_POINT ( 'NONE',  ( 0.07808197337323904974, 17.52349577415515824, -2.214756338766504573 ) ) ;
#2127 = ORIENTED_EDGE ( 'NONE', *, *, #142, .F. ) ;
#2128 = EDGE_CURVE ( 'NONE', #1528, #1427, #2218, .T. ) ;
#2129 = CARTESIAN_POINT ( 'NONE',  ( 149.6457593982949277, 10.01448041493944885, -15.50112067417124173 ) ) ;
#2130 = CARTESIAN_POINT ( 'NONE',  ( 109.9893182360001020, 19.49669824789730654, -6.923585852928075823 ) ) ;
#2131 = VECTOR ( 'NONE', #1746, 1000.000000000000000 ) ;
#2132 = CARTESIAN_POINT ( 'NONE',  ( 5.499000000000000554, 19.75000000000000000, -9.501000000000018986 ) ) ;
#2133 = ADVANCED_FACE ( 'NONE', ( #1284 ), #83, .F. ) ;
#2134 = B_SPLINE_CURVE_WITH_KNOTS ( 'NONE', 3,
 ( #185, #836, #1711, #2713, #2700, #2015, #1136, #2258, #2472, #917, #931, #1784, #2057, #2689, #2664, #2002, #479, #2030, #306, #270 ),
 .UNSPECIFIED., .F., .F.,
 ( 4, 2, 2, 2, 2, 2, 2, 2, 2, 4 ),
 ( 0.000000000000000000, 0.002335614338262939540, 0.004671228676525879080, 0.009342457353051752955, 0.01401368602957762770, 0.01634930036784056420, 0.01868491470610349550, 0.02335614338262928524, 0.02802737205915507498, 0.03736982941220665794 ),
 .UNSPECIFIED. ) ;
#2135 = CARTESIAN_POINT ( 'NONE',  ( 1.170030629533379773, 19.38532288021784566, -1.409784746521414167 ) ) ;
#2136 = CARTESIAN_POINT ( 'NONE',  ( 0.000000000000000000, 0.000000000000000000, 0.000000000000000000 ) ) ;
#2137 = CARTESIAN_POINT ( 'NONE',  ( 8.000000000000000000, 20.00000000000000000, -9.501000000000002998 ) ) ;
#2138 = CIRCLE ( 'NONE', #891, 0.9999999999999997780 ) ;
#2139 = CARTESIAN_POINT ( 'NONE',  ( 113.3710955676036605, 0.4365944213815824426, -8.117432354019388896 ) ) ;
#2140 = FACE_OUTER_BOUND ( 'NONE', #2770, .T. ) ;
#2141 = ORIENTED_EDGE ( 'NONE', *, *, #1618, .F. ) ;
#2142 = VERTEX_POINT ( 'NONE', #298 ) ;
#2143 = EDGE_CURVE ( 'NONE', #2627, #2394, #2275, .T. ) ;
#2144 = CARTESIAN_POINT ( 'NONE',  ( 112.2888651874364996, 0.1265192561253370707, -7.307311024419987255 ) ) ;
#2145 =( BOUNDED_SURFACE ( )  B_SPLINE_SURFACE ( 3, 2, ( 
 ( #1279, #1532, #2186 ),
 ( #1753, #1980, #1081 ),
 ( #450, #1525, #2409 ),
 ( #2506, #551, #1860 ),
 ( #765, #1888, #2335 ),
 ( #1731, #443, #1762 ),
 ( #246, #33, #1440 ),
 ( #1089, #2417, #245 ),
 ( #1988, #40, #1568 ),
 ( #85, #227, #1047 ),
 ( #1343, #68, #1801 ),
 ( #1877, #2754, #2495 ),
 ( #977, #755, #107 ),
 ( #1615, #1632, #2709 ),
 ( #2269, #1863, #343 ),
 ( #1395, #2053, #2279 ),
 ( #1893, #2290, #1383 ),
 ( #1211, #1180, #1831 ),
 ( #1006, #528, #2091 ),
 ( #2738, #2106, #2525 ),
 ( #953, #1438, #784 ),
 ( #302, #315, #2064 ) ),
 .UNSPECIFIED., .F., .F., .F. ) 
 B_SPLINE_SURFACE_WITH_KNOTS ( ( 4, 2, 2, 2, 2, 2, 2, 2, 2, 2, 4 ),
 ( 3, 3 ),
 ( 0.008464343201377001052, 0.01352067845284143748, 0.01604884607857365655, 0.01857701370430587390, 0.02363334895577030859, 0.02616151658150252593, 0.02868968420723474327, 0.03880235471016361959, 0.04133052233589583346, 0.04385868996162805428, 0.04891502521309248896 ),
 ( 0.000000000000000000, 1.000000000000000000 ),
 .UNSPECIFIED. ) 
 GEOMETRIC_REPRESENTATION_ITEM ( )  RATIONAL_B_SPLINE_SURFACE ( (
 ( 1.000000000000000000, 0.7049403263810940512, 1.000000000000000000),
 ( 1.000000000000000000, 0.7051511810463708674, 1.000000000000000000),
 ( 1.000000000000000000, 0.7053529535426852348, 1.000000000000000000),
 ( 1.000000000000000000, 0.7056129768949005454, 1.000000000000000000),
 ( 1.000000000000000000, 0.7056927012525705534, 1.000000000000000000),
 ( 1.000000000000000000, 0.7058360738330179407, 1.000000000000000000),
 ( 1.000000000000000000, 0.7058998570521061167, 1.000000000000000000),
 ( 1.000000000000000000, 0.7060646131762077227, 1.000000000000000000),
 ( 1.000000000000000000, 0.7061396910586579256, 1.000000000000000000),
 ( 1.000000000000000000, 0.7062035819604647324, 1.000000000000000000),
 ( 1.000000000000000000, 0.7062141562811757867, 1.000000000000000000),
 ( 1.000000000000000000, 0.7062454898492330768, 1.000000000000000000),
 ( 1.000000000000000000, 0.7062635828586710796, 1.000000000000000000),
 ( 1.000000000000000000, 0.7063666036608196030, 1.000000000000000000),
 ( 1.000000000000000000, 0.7064900339208728397, 1.000000000000000000),
 ( 1.000000000000000000, 0.7066982344890304635, 1.000000000000000000),
 ( 1.000000000000000000, 0.7067446560422506741, 1.000000000000000000),
 ( 1.000000000000000000, 0.7068299943162953403, 1.000000000000000000),
 ( 1.000000000000000000, 0.7068689032504085201, 1.000000000000000000),
 ( 1.000000000000000000, 0.7069740524277822180, 1.000000000000000000),
 ( 1.000000000000000000, 0.7070286876828955069, 1.000000000000000000),
 ( 1.000000000000000000, 0.7070680388656197524, 1.000000000000000000) ) ) 
 REPRESENTATION_ITEM ( '' )  SURFACE ( )  );
#2146 = ORIENTED_EDGE ( 'NONE', *, *, #6, .T. ) ;
#2147 = EDGE_CURVE ( 'NONE', #2682, #2427, #1848, .T. ) ;
#2148 = APPROVAL ( #751, 'UNSPECIFIED' ) ;
#2149 = CARTESIAN_POINT ( 'NONE',  ( 149.4580134698328493, 10.15820703061713104, -15.42572017876990387 ) ) ;
#2150 = CARTESIAN_POINT ( 'NONE',  ( 109.6501078090428223, 0.0006030513617909452487, -1.011876223126735530 ) ) ;
#2151 = CARTESIAN_POINT ( 'NONE',  ( 142.7241464687020596, -5.827574054288096050, -11.91061525637344154 ) ) ;
#2152 = CARTESIAN_POINT ( 'NONE',  ( 110.1656931626171598, 18.99993126322743464, -0.06030737921409264068 ) ) ;
#2153 = CARTESIAN_POINT ( 'NONE',  ( 116.6642758241170128, 19.90416031359743343, -3.489775805394363495 ) ) ;
#2154 = CARTESIAN_POINT ( 'NONE',  ( 110.1557333258390656, 0.8201358946345417289, -7.013680890042685689 ) ) ;
#2155 = CARTESIAN_POINT ( 'NONE',  ( 113.4012474132096173, 18.88825774370569022, -8.278621964629614638 ) ) ;
#2156 = EDGE_LOOP ( 'NONE', ( #2493, #2423, #786, #1584, #1895, #1723 ) ) ;
#2157 = VERTEX_POINT ( 'NONE', #2680 ) ;
#2158 = CARTESIAN_POINT ( 'NONE',  ( 107.9230939282107897, 0.1104859877629029707, -6.450047028321935549 ) ) ;
#2159 = ORIENTED_EDGE ( 'NONE', *, *, #2413, .T. ) ;
#2160 = VECTOR ( 'NONE', #770, 1000.000000000000000 ) ;
#2161 = CARTESIAN_POINT ( 'NONE',  ( 143.1964147305725419, 13.60780882192911356, -18.91173684417204015 ) ) ;
#2162 = CARTESIAN_POINT ( 'NONE',  ( 146.9526503818007939, 9.539544568843165706, -19.82318590585730789 ) ) ;
#2163 = CARTESIAN_POINT ( 'NONE',  ( 133.1843026569626716, -2.940901478406343195, -8.438396069351393081 ) ) ;
#2164 = CARTESIAN_POINT ( 'NONE',  ( 109.6360497657141337, 20.00000000000000000, -1.000000027972709038 ) ) ;
#2165 = CARTESIAN_POINT ( 'NONE',  ( 146.5458365613445437, -9.061101949209206197, -20.13761944038640195 ) ) ;
#2166 = CARTESIAN_POINT ( 'NONE',  ( 110.3501617376178245, 0.3765114181044985076, -6.873085481295995613 ) ) ;
#2167 = CARTESIAN_POINT ( 'NONE',  ( 1.707106781187908595, 19.70710678118719628, -6.707106781187394340 ) ) ;
#2168 = ORIENTED_EDGE ( 'NONE', *, *, #216, .T. ) ;
#2169 = ORIENTED_EDGE ( 'NONE', *, *, #1127, .T. ) ;
#2170 = CARTESIAN_POINT ( 'NONE',  ( 3.000000000000002665, 0.000000000000000000, -1.000000000000000000 ) ) ;
#2171 = CYLINDRICAL_SURFACE ( 'NONE', #2485, 1.000000000000000888 ) ;
#2172 = EDGE_LOOP ( 'NONE', ( #332, #1693, #453, #1459 ) ) ;
#2173 = EDGE_CURVE ( 'NONE', #55, #732, #618, .T. ) ;
#2174 = FACE_OUTER_BOUND ( 'NONE', #1649, .T. ) ;
#2175 = CARTESIAN_POINT ( 'NONE',  ( 0.8904653425075185202, 0.8286349231175565988, -0.8286349231175565988 ) ) ;
#2176 =( BOUNDED_CURVE ( )  B_SPLINE_CURVE ( 3, ( #705, #493, #2247, #723 ),
 .UNSPECIFIED., .F., .T. ) 
 B_SPLINE_CURVE_WITH_KNOTS ( ( 4, 4 ),
 ( 1.570796326794896780, 3.141592653589793116 ),
 .UNSPECIFIED. ) 
 CURVE ( )  GEOMETRIC_REPRESENTATION_ITEM ( )  RATIONAL_B_SPLINE_CURVE ( ( 1.000000000000000000, 0.8047378541243650485, 0.8047378541243650485, 1.000000000000000000 ) ) 
 REPRESENTATION_ITEM ( '' )  );
#2177 = CARTESIAN_POINT ( 'NONE',  ( 113.4024101645253495, 0.9452817923051841653, -8.279059074663406292 ) ) ;
#2178 = CARTESIAN_POINT ( 'NONE',  ( 116.8008856196281613, -0.1067529408770455934, -2.475319932200505058 ) ) ;
#2179 = LINE ( 'NONE', #851, #2312 ) ;
#2180 = CARTESIAN_POINT ( 'NONE',  ( 146.1264596888282767, -6.289932917312968996, -13.14895599615132049 ) ) ;
#2181 = CARTESIAN_POINT ( 'NONE',  ( 109.8236730192892452, 1.006450157371267196, -0.9999999999991679989 ) ) ;
#2182 = CARTESIAN_POINT ( 'NONE',  ( 2.129518763936999015, 19.87943732693578625, -6.493250982671170846 ) ) ;
#2183 = ORIENTED_EDGE ( 'NONE', *, *, #515, .T. ) ;
#2184 = ORIENTED_EDGE ( 'NONE', *, *, #1529, .T. ) ;
#2185 = CIRCLE ( 'NONE', #215, 0.9999999999999995559 ) ;
#2186 = CARTESIAN_POINT ( 'NONE',  ( 147.4992961041498916, 10.35292779324919898, -20.02214867748133287 ) ) ;
#2187 = CARTESIAN_POINT ( 'NONE',  ( 111.0767931488692426, 0.05319215718662854281, -6.544625339073801840 ) ) ;
#2188 = DIRECTION ( 'NONE',  ( -1.000000000000000000, -0.000000000000000000, 0.000000000000000000 ) ) ;
#2189 = ORIENTED_EDGE ( 'NONE', *, *, #623, .F. ) ;
#2190 = CARTESIAN_POINT ( 'NONE',  ( 0.3786408315590472640, 1.489143067042955293, -1.992762044695335355 ) ) ;
#2191 = CARTESIAN_POINT ( 'NONE',  ( 113.4025997963408514, 0.9817572793277670185, -8.279130362451391889 ) ) ;
#2192 = CARTESIAN_POINT ( 'NONE',  ( 146.9526503818007370, 9.539544568843203010, -19.82318590585730433 ) ) ;
#2193 = DIRECTION ( 'NONE',  ( -0.000000000000000000, 0.000000000000000000, -1.000000000000000000 ) ) ;
#2194 = CYLINDRICAL_SURFACE ( 'NONE', #2511, 20.00000000000000000 ) ;
#2195 = DIRECTION ( 'NONE',  ( 9.859622606899126805E-15, 1.000000000000000000, -0.000000000000000000 ) ) ;
#2196 = EDGE_LOOP ( 'NONE', ( #1771, #1894, #209 ) ) ;
#2197 = EDGE_LOOP ( 'NONE', ( #966, #718, #1413, #2626 ) ) ;
#2198 = CARTESIAN_POINT ( 'NONE',  ( 110.0559960276503375, 0.3460880874454419498, -6.760297920852570641 ) ) ;
#2199 = CARTESIAN_POINT ( 'NONE',  ( 131.8052716024185997, -3.096584501359517461, -14.13148112219895225 ) ) ;
#2200 = ORIENTED_EDGE ( 'NONE', *, *, #2422, .F. ) ;
#2201 = CARTESIAN_POINT ( 'NONE',  ( 147.8900550129140754, 10.05379205864390002, -20.17144948466310694 ) ) ;
#2202 = LINE ( 'NONE', #2621, #1805 ) ;
#2203 = CARTESIAN_POINT ( 'NONE',  ( 3.000000000000002665, 19.00000000000000000, -7.000000000000006217 ) ) ;
#2204 = CARTESIAN_POINT ( 'NONE',  ( 106.8286440479352706, 0.4881124494960821791, -6.861276131479146834 ) ) ;
#2205 = DIRECTION ( 'NONE',  ( 0.000000000000000000, 0.000000000000000000, -1.000000000000000000 ) ) ;
#2206 = ORIENTED_EDGE ( 'NONE', *, *, #293, .T. ) ;
#2207 = CARTESIAN_POINT ( 'NONE',  ( 112.1270318274519013, 19.68276276979588246, -7.447327796514371379 ) ) ;
#2208 = CARTESIAN_POINT ( 'NONE',  ( 120.9231155702823912, -0.8028253709546028238, -10.03957792414500361 ) ) ;
#2209 = ORIENTED_EDGE ( 'NONE', *, *, #1967, .T. ) ;
#2210 = AXIS2_PLACEMENT_3D ( 'NONE', #23, #2411, #475 ) ;
#2211 = ADVANCED_FACE ( 'NONE', ( #709 ), #2703, .T. ) ;
#2212 = CARTESIAN_POINT ( 'NONE',  ( 122.6273873871444664, -1.084511223381316780, -10.68046334041173040 ) ) ;
#2213 = ADVANCED_FACE ( 'NONE', ( #1609 ), #541, .T. ) ;
#2214 = UNCERTAINTY_MEASURE_WITH_UNIT (LENGTH_MEASURE( 1.000000000000000082E-05 ), #2656, 'distance_accuracy_value', 'NONE');
#2215 = CARTESIAN_POINT ( 'NONE',  ( 146.1844659870097587, 11.40290675261423026, -13.17006856208937471 ) ) ;
#2216 = AXIS2_PLACEMENT_3D ( 'NONE', #231, #2402, #1775 ) ;
#2217 = CARTESIAN_POINT ( 'NONE',  ( 112.7782520110580862, 0.2014539186531704995, -7.646832283789582796 ) ) ;
#2218 = LINE ( 'NONE', #233, #669 ) ;
#2219 = PERSON_AND_ORGANIZATION ( #1096, #720 ) ;
#2220 = FACE_OUTER_BOUND ( 'NONE', #2324, .T. ) ;
#2221 = ORIENTED_EDGE ( 'NONE', *, *, #1184, .T. ) ;
#2222 = AXIS2_PLACEMENT_3D ( 'NONE', #1286, #2809, #631 ) ;
#2223 = DIRECTION ( 'NONE',  ( 0.0003875443932753853764, -0.01186989827671868815, 0.9999294751752464405 ) ) ;
#2224 = CARTESIAN_POINT ( 'NONE',  ( 125.6042084890084993, -1.649741895922675505, -11.79984876502057034 ) ) ;
#2225 = AXIS2_PLACEMENT_3D ( 'NONE', #1675, #2063, #1645 ) ;
#2226 = ORIENTED_EDGE ( 'NONE', *, *, #2244, .T. ) ;
#2227 = CARTESIAN_POINT ( 'NONE',  ( 146.4464256596835696, -8.890127078178904796, -19.63893517515698406 ) ) ;
#2228 = EDGE_CURVE ( 'NONE', #372, #376, #30, .T. ) ;
#2229 = VECTOR ( 'NONE', #1014, 1000.000000000000000 ) ;
#2230 = CARTESIAN_POINT ( 'NONE',  ( 147.7958045053750027, 11.36705165011031049, -14.82072559256657307 ) ) ;
#2231 = DIRECTION ( 'NONE',  ( -0.000000000000000000, 1.000000000000000000, -0.000000000000000000 ) ) ;
#2232 = CARTESIAN_POINT ( 'NONE',  ( 113.0001553321103245, 0.2600715835073321713, -7.813645213530867828 ) ) ;
#2233 = CARTESIAN_POINT ( 'NONE',  ( 108.2251918912544255, 0.1577933916715308638, -6.520477781527555194 ) ) ;
#2234 = CARTESIAN_POINT ( 'NONE',  ( 3.000000000000002665, 0.000000000000000000, -1.000000000000000000 ) ) ;
#2235 = EDGE_CURVE ( 'NONE', #1100, #855, #295, .T. ) ;
#2236 = DIRECTION ( 'NONE',  ( 0.000000000000000000, 0.000000000000000000, -1.000000000000000000 ) ) ;
#2237 = DIRECTION ( 'NONE',  ( -0.9360434818771455889, 0.000000000000000000, 0.3518843560536759063 ) ) ;
#2238 = DIRECTION ( 'NONE',  ( 0.1400195966565234984, 0.6670611073288768011, 0.7317267192342488125 ) ) ;
#2239 = ORIENTED_EDGE ( 'NONE', *, *, #2734, .F. ) ;
#2240 = EDGE_CURVE ( 'NONE', #645, #25, #2359, .T. ) ;
#2241 = CARTESIAN_POINT ( 'NONE',  ( 2.803648237606791938, 1.000000000004059419, -2.633728631076511789E-16 ) ) ;
#2242 = ORIENTED_EDGE ( 'NONE', *, *, #1716, .T. ) ;
#2243 = B_SPLINE_CURVE_WITH_KNOTS ( 'NONE', 3,
 ( #813, #599, #2153, #189, #1466, #176, #2580, #1271, #2523, #553, #2, #1075, #879, #1493, #248, #1975, #1325, #2820 ),
 .UNSPECIFIED., .F., .F.,
 ( 4, 2, 2, 2, 2, 2, 2, 2, 4 ),
 ( 0.0001771044354897878981, 0.01109432984258094598, 0.01655294254612652699, 0.02201155524967214269, 0.02747016795321776533, 0.03019947430499053329, 0.03292878065676330818, 0.03838739336030877469, 0.04384600606385424815 ),
 .UNSPECIFIED. ) ;
#2244 = EDGE_CURVE ( 'NONE', #2739, #1094, #433, .T. ) ;
#2245 = CARTESIAN_POINT ( 'NONE',  ( 143.1643484641091391, 13.85309566784422053, -13.13501345223723149 ) ) ;
#2246 = APPLICATION_CONTEXT ( 'configuration controlled 3d designs of mechanical parts and assemblies' ) ;
#2247 = CARTESIAN_POINT ( 'NONE',  ( 1.242640687119288323, 1.000000000000001110, -2.152144457471159282E-16 ) ) ;
#2248 = CARTESIAN_POINT ( 'NONE',  ( 148.5524666665537552, 10.32947824558491234, -17.22429020410019973 ) ) ;
#2249 = CARTESIAN_POINT ( 'NONE',  ( 108.1955537137553165, 0.2580389558343950118, -6.673937513803439359 ) ) ;
#2250 = FACE_OUTER_BOUND ( 'NONE', #1496, .T. ) ;
#2251 = VERTEX_POINT ( 'NONE', #694 ) ;
#2252 = VECTOR ( 'NONE', #1068, 1000.000000000000000 ) ;
#2253 = CARTESIAN_POINT ( 'NONE',  ( 107.8161785944026860, 19.73900687360027462, -6.673697885384504147 ) ) ;
#2254 = CARTESIAN_POINT ( 'NONE',  ( 127.1618159291988377, -1.983403774175983125, -12.38554235455001518 ) ) ;
#2255 = ORIENTED_EDGE ( 'NONE', *, *, #1618, .T. ) ;
#2256 = VECTOR ( 'NONE', #701, 1000.000000000000000 ) ;
#2257 = ORIENTED_EDGE ( 'NONE', *, *, #1812, .F. ) ;
#2258 = CARTESIAN_POINT ( 'NONE',  ( 137.3665077998883817, -3.719666483223813547, -17.28781906080893904 ) ) ;
#2259 = CARTESIAN_POINT ( 'NONE',  ( 3.000000000000005329, 20.00000000000000000, -1.000000000000000444 ) ) ;
#2260 = ADVANCED_FACE ( 'NONE', ( #61 ), #2398, .T. ) ;
#2261 = DIRECTION ( 'NONE',  ( 0.000000000000000000, 1.000000000000000000, 0.000000000000000000 ) ) ;
#2262 = CARTESIAN_POINT ( 'NONE',  ( 109.6742280262899527, 0.0006030513617855580650, -0.9456064708873463953 ) ) ;
#2263 = SHAPE_DEFINITION_REPRESENTATION ( #963, #691 ) ;
#2264 = CARTESIAN_POINT ( 'NONE',  ( 109.3608700487886125, 19.96479223521906121, -6.245780707316058944 ) ) ;
#2265 = ADVANCED_FACE ( 'NONE', ( #132 ), #1638, .F. ) ;
#2266 = ORIENTED_EDGE ( 'NONE', *, *, #688, .F. ) ;
#2267 =( BOUNDED_SURFACE ( )  B_SPLINE_SURFACE ( 3, 2, ( 
 ( #2304, #1846, #1663 ),
 ( #182, #591, #1040 ),
 ( #2126, #819, #1926 ),
 ( #2586, #125, #1445 ),
 ( #558, #1217, #2096 ),
 ( #872, #1269, #1032 ),
 ( #2750, #780, #2135 ),
 ( #2336, #1658, #2794 ),
 ( #1688, #339, #1889 ),
 ( #2735, #566, #1206 ),
 ( #796, #2578, #382 ),
 ( #397, #766, #1243 ),
 ( #2087, #1018, #1904 ),
 ( #612, #1961, #2259 ) ),
 .UNSPECIFIED., .F., .F., .F. ) 
 B_SPLINE_SURFACE_WITH_KNOTS ( ( 4, 2, 2, 2, 2, 2, 4 ),
 ( 3, 3 ),
 ( 1.570796326794896558, 1.963495408493620697, 2.356194490192344837, 2.552544031041707129, 2.748893571891068976, 2.945243112740430824, 3.141592653589793116 ),
 ( 0.000000000000000000, 1.000000000000000000 ),
 .UNSPECIFIED. ) 
 GEOMETRIC_REPRESENTATION_ITEM ( )  RATIONAL_B_SPLINE_SURFACE ( (
 ( 1.000000000000000000, 1.000000000000000000, 1.000000000000000000),
 ( 1.000000000000000000, 1.000158582174065058, 1.000000000000000000),
 ( 1.000000000000000000, 0.9867291873849285411, 1.000000000000000000),
 ( 1.000000000000000000, 0.9386556523773842420, 1.000000000000000000),
 ( 1.000000000000000000, 0.9038128866905679182, 1.000000000000000000),
 ( 1.000000000000000000, 0.8471316623313736027, 1.000000000000000000),
 ( 1.000000000000000000, 0.8275942669551145103, 1.000000000000000000),
 ( 1.000000000000000000, 0.7902180112882275509, 1.000000000000000000),
 ( 1.000000000000000000, 0.7723968187713095013, 1.000000000000000000),
 ( 1.000000000000000000, 0.7418334209258952150, 1.000000000000000000),
 ( 1.000000000000000000, 0.7291288917604100694, 1.000000000000000000),
 ( 1.000000000000000000, 0.7117460047829068381, 1.000000000000000000),
 ( 1.000000000000000000, 0.7070717266846634486, 1.000000000000000000),
 ( 1.000000000000000000, 0.7071067811865475727, 1.000000000000000000) ) ) 
 REPRESENTATION_ITEM ( '' )  SURFACE ( )  );
#2268 = CARTESIAN_POINT ( 'NONE',  ( 110.8412139649629324, 19.95731260400787122, -6.493646493721788815 ) ) ;
#2269 = CARTESIAN_POINT ( 'NONE',  ( 122.3812018429526205, 17.97426856483480861, -11.65443253655367073 ) ) ;
#2270 = VERTEX_POINT ( 'NONE', #972 ) ;
#2271 = ORIENTED_EDGE ( 'NONE', *, *, #2628, .T. ) ;
#2272 = VECTOR ( 'NONE', #1289, 1000.000000000000000 ) ;
#2273 = CARTESIAN_POINT ( 'NONE',  ( 148.5401711129020441, 10.86240310537437459, -15.09165288106946079 ) ) ;
#2274 = CARTESIAN_POINT ( 'NONE',  ( 109.9999999999999858, 19.00000000000000000, -1.000000000000000000 ) ) ;
#2275 = LINE ( 'NONE', #1402, #1670 ) ;
#2276 = CARTESIAN_POINT ( 'NONE',  ( 110.0917359582968231, 19.87498980823294303, -6.502959674699665626 ) ) ;
#2277 = CARTESIAN_POINT ( 'NONE',  ( 109.8236730192736843, 1.006450157370810672, -1.000000000000000000 ) ) ;
#2278 = CARTESIAN_POINT ( 'NONE',  ( 109.6174781541736394, 1.000000000000000000, 0.000000000000000000 ) ) ;
#2279 = CARTESIAN_POINT ( 'NONE',  ( 118.8561700703258168, 19.48669079827523376, -9.259716059188257020 ) ) ;
#2280 = ORIENTED_EDGE ( 'NONE', *, *, #345, .F. ) ;
#2281 = ORIENTED_EDGE ( 'NONE', *, *, #2380, .F. ) ;
#2282 = CARTESIAN_POINT ( 'NONE',  ( 116.9534970023326537, 19.90697178464549566, -2.530865932858199940 ) ) ;
#2283 = AXIS2_PLACEMENT_3D ( 'NONE', #1111, #2051, #1555 ) ;
#2284 = CARTESIAN_POINT ( 'NONE',  ( 3.000000000000002665, 1.000000000000000000, -6.000000000000006217 ) ) ;
#2285 = CARTESIAN_POINT ( 'NONE',  ( 131.1917292807525826, -2.143090290290424527, -8.777336443297432567 ) ) ;
#2286 = APPROVAL_DATE_TIME ( #1189, #2148 ) ;
#2287 = CARTESIAN_POINT ( 'NONE',  ( 111.3720727828911095, 19.87531553506988402, -6.891829880036852707 ) ) ;
#2288 = B_SPLINE_CURVE_WITH_KNOTS ( 'NONE', 3,
 ( #494, #285, #1797, #1562, #481, #2679, #1536 ),
 .UNSPECIFIED., .F., .F.,
 ( 4, 3, 4 ),
 ( 0.000000000000000000, 0.002496127796316760256, 0.004989568642188876510 ),
 .UNSPECIFIED. ) ;
#2289 = DIRECTION ( 'NONE',  ( 0.000000000000000000, -0.000000000000000000, -1.000000000000000000 ) ) ;
#2290 = CARTESIAN_POINT ( 'NONE',  ( 117.6952876782936670, 19.57790005303400704, -9.892869190101912125 ) ) ;
#2291 = CARTESIAN_POINT ( 'NONE',  ( 106.5332232951660387, 19.22818034971733070, -6.974967670863833291 ) ) ;
#2292 = VERTEX_POINT ( 'NONE', #1058 ) ;
#2293 = CARTESIAN_POINT ( 'NONE',  ( 147.4952489227248407, -8.440397740468842613, -14.71133230674970349 ) ) ;
#2294 = ORIENTED_EDGE ( 'NONE', *, *, #2453, .T. ) ;
#2295 = CARTESIAN_POINT ( 'NONE',  ( 123.7312721762794467, 19.09095435199832025, -4.997774350749908834 ) ) ;
#2296 = CARTESIAN_POINT ( 'NONE',  ( 3.000000000000002220, 13.40000000000000036, -7.000000000000007994 ) ) ;
#2297 = FACE_OUTER_BOUND ( 'NONE', #2108, .T. ) ;
#2298 = CARTESIAN_POINT ( 'NONE',  ( 112.7112185299586997, 19.45011328348787671, -7.858632890480887312 ) ) ;
#2299 = CARTESIAN_POINT ( 'NONE',  ( 108.6192609635536002, 0.02631768018107436338, -6.008018324478122452 ) ) ;
#2300 =( BOUNDED_SURFACE ( )  B_SPLINE_SURFACE ( 3, 2, ( 
 ( #1480, #2569, #1228 ),
 ( #1005, #2122, #2378 ),
 ( #586, #1934, #630 ),
 ( #2767, #600, #2339 ),
 ( #2105, #2808, #2354 ),
 ( #370, #136, #151 ),
 ( #1661, #177, #2541 ),
 ( #569, #2154, #1876 ),
 ( #2581, #615, #2366 ),
 ( #2598, #1455, #2139 ),
 ( #1892, #2320, #1247 ),
 ( #385, #164, #1467 ),
 ( #814, #1021, #1494 ),
 ( #400, #1035, #415 ),
 ( #800, #190, #1050 ),
 ( #839, #1677, #2090 ),
 ( #2556, #1717, #2784 ),
 ( #1285, #2166, #2668 ) ),
 .UNSPECIFIED., .F., .F., .F. ) 
 B_SPLINE_SURFACE_WITH_KNOTS ( ( 4, 2, 2, 2, 2, 2, 2, 2, 4 ),
 ( 3, 3 ),
 ( 0.000000000000000000, 0.005188432083047194755, 0.006485540103808994095, 0.007782648124570792567, 0.01037686416609438951, 0.01297108020761798819, 0.01426818822837978666, 0.01556529624914158513, 0.02075372833218877902 ),
 ( 0.000000000000000000, 1.000000000000000000 ),
 .UNSPECIFIED. ) 
 GEOMETRIC_REPRESENTATION_ITEM ( )  RATIONAL_B_SPLINE_SURFACE ( (
 ( 1.000000000000000000, 0.9838801513219878059, 1.000000000000000000),
 ( 1.000000000000000000, 0.9835037302492148914, 1.000000000000000000),
 ( 1.000000000000000000, 0.9834451255924460122, 1.000000000000000000),
 ( 1.000000000000000000, 0.9838051515150475490, 1.000000000000000000),
 ( 1.000000000000000000, 0.9838988276935793920, 1.000000000000000000),
 ( 1.000000000000000000, 0.9841304155932160125, 1.000000000000000000),
 ( 1.000000000000000000, 0.9842686028594297420, 1.000000000000000000),
 ( 1.000000000000000000, 0.9847427542198898820, 1.000000000000000000),
 ( 1.000000000000000000, 0.9851398184353746812, 1.000000000000000000),
 ( 1.000000000000000000, 0.9860790780435807479, 1.000000000000000000),
 ( 1.000000000000000000, 0.9866213613249732450, 1.000000000000000000),
 ( 1.000000000000000000, 0.9875283756926310774, 1.000000000000000000),
 ( 1.000000000000000000, 0.9878474383870465836, 1.000000000000000000),
 ( 1.000000000000000000, 0.9885071864204397762, 1.000000000000000000),
 ( 1.000000000000000000, 0.9888473862899973543, 1.000000000000000000),
 ( 1.000000000000000000, 0.9905877065731358844, 1.000000000000000000),
 ( 1.000000000000000000, 0.9921076109464740389, 1.000000000000000000),
 ( 1.000000000000000000, 0.9935817251825052043, 1.000000000000000000) ) ) 
 REPRESENTATION_ITEM ( '' )  SURFACE ( )  );
#2301 = DIRECTION ( 'NONE',  ( -1.000000000000000000, 0.000000000000000000, 0.000000000000000000 ) ) ;
#2302 = DIRECTION ( 'NONE',  ( -1.000000000000000000, -0.000000000000000000, 4.954937092193131864E-16 ) ) ;
#2303 = CARTESIAN_POINT ( 'NONE',  ( 109.9999999999999858, 20.00000000000000000, -1.000000000000000000 ) ) ;
#2304 = CARTESIAN_POINT ( 'NONE',  ( 3.035766082959412415E-15, 17.00000000000000000, -3.000000000000000000 ) ) ;
#2305 = ORIENTED_EDGE ( 'NONE', *, *, #1929, .F. ) ;
#2306 = VECTOR ( 'NONE', #703, 1000.000000000000000 ) ;
#2307 = VERTEX_POINT ( 'NONE', #2606 ) ;
#2308 = DIRECTION ( 'NONE',  ( 0.000000000000000000, 0.000000000000000000, 1.000000000000000000 ) ) ;
#2309 = CARTESIAN_POINT ( 'NONE',  ( 109.8244100512912951, 19.99993095563820944, -1.000268257709609143 ) ) ;
#2310 = CARTESIAN_POINT ( 'NONE',  ( 109.9583729554591969, 0.03978144824520529754, -5.915965449577911706 ) ) ;
#2311 = PRODUCT_DEFINITION ( 'UNKNOWN', '', #47, #1958 ) ;
#2312 = VECTOR ( 'NONE', #598, 1000.000000000000000 ) ;
#2313 = CARTESIAN_POINT ( 'NONE',  ( 5.499000000000000554, 0.000000000000000000, -8.501000000000018986 ) ) ;
#2314 = CARTESIAN_POINT ( 'NONE',  ( 146.4464256596835696, -8.890127078178895914, -19.63893517515692722 ) ) ;
#2315 = CARTESIAN_POINT ( 'NONE',  ( 108.5527980360356253, 19.88131869071856173, -6.474568174836767831 ) ) ;
#2316 = AXIS2_PLACEMENT_3D ( 'NONE', #959, #2551, #520 ) ;
#2317 = EDGE_CURVE ( 'NONE', #1252, #1806, #1972, .T. ) ;
#2318 = DIRECTION ( 'NONE',  ( -1.000000000000000000, -1.734723475976805517E-15, 0.000000000000000000 ) ) ;
#2319 = LINE ( 'NONE', #1690, #2821 ) ;
#2320 = CARTESIAN_POINT ( 'NONE',  ( 110.2116120445211607, 0.7277204244751629414, -7.017604224037506278 ) ) ;
#2321 = CARTESIAN_POINT ( 'NONE',  ( 5.499000000000017430, -7.810249675906655753, -12.00000000000001954 ) ) ;
#2322 = CARTESIAN_POINT ( 'NONE',  ( 106.8928067509570639, 19.44579956323035574, -6.897166461959777450 ) ) ;
#2323 = ORIENTED_EDGE ( 'NONE', *, *, #2235, .T. ) ;
#2324 = EDGE_LOOP ( 'NONE', ( #222, #588, #329 ) ) ;
#2325 = CARTESIAN_POINT ( 'NONE',  ( 3.278243965221746309E-15, 1.811017388690379981, -5.188982611309625348 ) ) ;
#2326 = ADVANCED_FACE ( 'NONE', ( #2415 ), #473, .F. ) ;
#2327 = LOCAL_TIME ( 20, 52, 22.00000000000000000, #1840 ) ;
#2328 = ORIENTED_EDGE ( 'NONE', *, *, #2128, .T. ) ;
#2329 = CARTESIAN_POINT ( 'NONE',  ( 123.3892520329606697, 19.09095435218986125, -5.937466971551264905 ) ) ;
#2330 = FACE_OUTER_BOUND ( 'NONE', #2710, .T. ) ;
#2331 = EDGE_CURVE ( 'NONE', #745, #2251, #890, .T. ) ;
#2332 = FACE_OUTER_BOUND ( 'NONE', #951, .T. ) ;
#2333 = CARTESIAN_POINT ( 'NONE',  ( 109.9984331797472663, 18.94426705251419918, -7.000000000000016875 ) ) ;
#2334 = CARTESIAN_POINT ( 'NONE',  ( 112.5826101498987128, 19.51783780769483201, -7.772172137151136084 ) ) ;
#2335 = CARTESIAN_POINT ( 'NONE',  ( 141.7597864662959353, 13.69198078186388301, -17.86677763690006060 ) ) ;
#2336 = CARTESIAN_POINT ( 'NONE',  ( 1.496547972348959865, 18.73566319573159333, -0.3965052064026103884 ) ) ;
#2337 = DIRECTION ( 'NONE',  ( -1.630197014785894955E-15, 1.000000000000000000, 5.933431893716631294E-16 ) ) ;
#2338 = DIRECTION ( 'NONE',  ( 0.000000000000000000, -0.000000000000000000, 1.000000000000000000 ) ) ;
#2339 = CARTESIAN_POINT ( 'NONE',  ( 113.5092551128726797, 0.6743423103831558407, -8.281157727817147318 ) ) ;
#2340 = CARTESIAN_POINT ( 'NONE',  ( 149.7093515827920100, 13.40000000000000036, -7.000000000000080824 ) ) ;
#2341 = ORIENTED_EDGE ( 'NONE', *, *, #504, .T. ) ;
#2342 = CARTESIAN_POINT ( 'NONE',  ( 146.7716362918342838, -7.998334029014601221, -14.44795884796644714 ) ) ;
#2343 =( BOUNDED_CURVE ( )  B_SPLINE_CURVE ( 3, ( #48, #458, #2431, #1785 ),
 .UNSPECIFIED., .F., .T. ) 
 B_SPLINE_CURVE_WITH_KNOTS ( ( 4, 4 ),
 ( 3.141592653589793116, 3.144198285476049293 ),
 .UNSPECIFIED. ) 
 CURVE ( )  GEOMETRIC_REPRESENTATION_ITEM ( )  RATIONAL_B_SPLINE_CURVE ( ( 1.000000000000000000, 0.9999994342236193656, 0.9999994342236193656, 1.000000000000000000 ) ) 
 REPRESENTATION_ITEM ( '' )  );
#2344 = ORIENTED_EDGE ( 'NONE', *, *, #892, .T. ) ;
#2345 = ADVANCED_FACE ( 'NONE', ( #1930 ), #2804, .F. ) ;
#2346 = DIRECTION ( 'NONE',  ( 1.000000000000000000, 5.184136569551769718E-15, 4.098366607972425716E-15 ) ) ;
#2347 = CARTESIAN_POINT ( 'NONE',  ( 107.4268732634468080, 19.63918312602612204, -6.769835735016245692 ) ) ;
#2348 = CARTESIAN_POINT ( 'NONE',  ( 113.3660031741675596, 18.95668340191681622, -8.264993641983917172 ) ) ;
#2349 = EDGE_CURVE ( 'NONE', #80, #2270, #256, .T. ) ;
#2350 = AXIS2_PLACEMENT_3D ( 'NONE', #1303, #2188, #1869 ) ;
#2351 = DIRECTION ( 'NONE',  ( 5.339793346954887380E-15, 1.000000000000000000, 1.467096164531591213E-14 ) ) ;
#2352 = CARTESIAN_POINT ( 'NONE',  ( 107.7976269828426155, 1.000000000000000000, -6.000000000000006217 ) ) ;
#2353 = EDGE_CURVE ( 'NONE', #854, #71, #1617, .T. ) ;
#2354 = CARTESIAN_POINT ( 'NONE',  ( 113.5076652204653271, 0.6545925981831536289, -8.274468302832159949 ) ) ;
#2355 = DIRECTION ( 'NONE',  ( 0.000000000000000000, 1.000000000000000000, 0.000000000000000000 ) ) ;
#2356 = ORIENTED_EDGE ( 'NONE', *, *, #2228, .F. ) ;
#2357 = CARTESIAN_POINT ( 'NONE',  ( 3.000000000000000888, 13.39999999999999858, -9.501000000000002998 ) ) ;
#2358 = VERTEX_POINT ( 'NONE', #1490 ) ;
#2359 = CIRCLE ( 'NONE', #2544, 1.000000000000000000 ) ;
#2360 = CARTESIAN_POINT ( 'NONE',  ( 148.4751571749424954, 10.04072706644376645, -18.61502603019986424 ) ) ;
#2361 = CARTESIAN_POINT ( 'NONE',  ( 148.4699908262099086, -9.886706654419134210, -18.62876897423651812 ) ) ;
#2362 = CARTESIAN_POINT ( 'NONE',  ( 112.1270318274519013, 19.68276276979588246, -7.447327796514371379 ) ) ;
#2363 = DIRECTION ( 'NONE',  ( -1.000000000000000000, 0.000000000000000000, 0.000000000000000000 ) ) ;
#2364 = CARTESIAN_POINT ( 'NONE',  ( 112.4114980902216558, 0.1398404020901458933, -7.387627655453578690 ) ) ;
#2365 = CIRCLE ( 'NONE', #127, 20.00000000000000000 ) ;
#2366 = CARTESIAN_POINT ( 'NONE',  ( 113.4421420117720771, 0.5044442161831911298, -8.186005388401571992 ) ) ;
#2367 = DIRECTION ( 'NONE',  ( 0.000000000000000000, 3.469446951953612217E-16, 1.000000000000000000 ) ) ;
#2368 = ORIENTED_EDGE ( 'NONE', *, *, #2727, .F. ) ;
#2369 = ORIENTED_EDGE ( 'NONE', *, *, #1644, .T. ) ;
#2370 = EDGE_CURVE ( 'NONE', #2773, #2600, #849, .T. ) ;
#2371 = CARTESIAN_POINT ( 'NONE',  ( 110.0593990901179069, 0.3632256448766190138, -6.777979157110591402 ) ) ;
#2372 = ORIENTED_EDGE ( 'NONE', *, *, #1102, .T. ) ;
#2373 = CARTESIAN_POINT ( 'NONE',  ( 5.499000000000000554, 13.40000000000000213, -9.501000000000018986 ) ) ;
#2374 = CARTESIAN_POINT ( 'NONE',  ( 109.8535738694963300, 0.006956536058732440062, -1.010883019453814313 ) ) ;
#2375 = CARTESIAN_POINT ( 'NONE',  ( 136.6609782931596726, -2.822079549638705664, -9.703802515127465611 ) ) ;
#2376 = DIRECTION ( 'NONE',  ( 0.000000000000000000, 1.000000000000000000, 0.000000000000000000 ) ) ;
#2377 = CARTESIAN_POINT ( 'NONE',  ( 111.8462822384551174, 1.063387004410456305, -0.6719917788520389790 ) ) ;
#2378 = CARTESIAN_POINT ( 'NONE',  ( 113.4697039340520348, 0.8581661314300329524, -8.304356643862810472 ) ) ;
#2379 = CARTESIAN_POINT ( 'NONE',  ( 3.000000000000002665, 20.00000000000000000, -6.000000000000019540 ) ) ;
#2380 = EDGE_CURVE ( 'NONE', #732, #25, #2592, .T. ) ;
#2381 = VERTEX_POINT ( 'NONE', #877 ) ;
#2382 = CIRCLE ( 'NONE', #1137, 1.000000000000000888 ) ;
#2383 = ORIENTED_EDGE ( 'NONE', *, *, #594, .T. ) ;
#2384 = CARTESIAN_POINT ( 'NONE',  ( 123.0567070603950697, -0.8313524501532099098, -5.816430499993081149 ) ) ;
#2385 = FACE_OUTER_BOUND ( 'NONE', #2479, .T. ) ;
#2386 = ORIENTED_EDGE ( 'NONE', *, *, #594, .F. ) ;
#2387 = CARTESIAN_POINT ( 'NONE',  ( 109.9999999999999858, 0.000000000000000000, -1.000000000000000000 ) ) ;
#2388 = CARTESIAN_POINT ( 'NONE',  ( 106.3648494416950712, 0.9982627546019299247, -6.999998868036128030 ) ) ;
#2389 = CARTESIAN_POINT ( 'NONE',  ( 118.5428638461035717, 0.7482622056456984527, -3.109348155370609046 ) ) ;
#2390 = CARTESIAN_POINT ( 'NONE',  ( 109.8244100512912382, 19.99993095563820589, -1.000268257709595821 ) ) ;
#2391 = CARTESIAN_POINT ( 'NONE',  ( 107.7976269828431271, 0.2155315424312605477, -6.620168718237005478 ) ) ;
#2392 = PLANE ( 'NONE',  #1347 ) ;
#2393 = ORIENTED_EDGE ( 'NONE', *, *, #1728, .F. ) ;
#2394 = VERTEX_POINT ( 'NONE', #861 ) ;
#2395 = CARTESIAN_POINT ( 'NONE',  ( 110.1834106557368642, 0.04062809819006807377, -6.000602840071086241 ) ) ;
#2396 = CARTESIAN_POINT ( 'NONE',  ( 110.1656931626149145, 1.006450157371266529, -0.06030737921326062567 ) ) ;
#2397 = EDGE_LOOP ( 'NONE', ( #2584, #2644, #2810, #316, #831, #2344, #1741 ) ) ;
#2398 =( BOUNDED_SURFACE ( )  B_SPLINE_SURFACE ( 3, 2, ( 
 ( #2117, #1224, #2314 ),
 ( #2101, #2361, #2536 ),
 ( #2084, #146, #824 ),
 ( #1015, #1188, #595 ) ),
 .UNSPECIFIED., .F., .F., .T. ) 
 B_SPLINE_SURFACE_WITH_KNOTS ( ( 4, 4 ),
 ( 3, 3 ),
 ( 0.05680533708812107729, 0.06179487708665807461 ),
 ( 0.000000000000000000, 1.000000000000000000 ),
 .UNSPECIFIED. ) 
 GEOMETRIC_REPRESENTATION_ITEM ( )  RATIONAL_B_SPLINE_SURFACE ( (
 ( 1.000000000000000000, 0.4802690385462028977, 1.000000000000000000),
 ( 1.000000000000000000, 0.4799444129462693276, 1.000000000000000000),
 ( 1.000000000000000000, 0.4796190268390244649, 1.000000000000000000),
 ( 1.000000000000000000, 0.4792928781289273465, 1.000000000000000000) ) ) 
 REPRESENTATION_ITEM ( '' )  SURFACE ( )  );
#2399 = CARTESIAN_POINT ( 'NONE',  ( 1.170030629533428401, 0.6146771197821211397, -1.409784746521414167 ) ) ;
#2400 = CC_DESIGN_DATE_AND_TIME_ASSIGNMENT ( #522, #1582, ( #2311 ) ) ;
#2401 = AXIS2_PLACEMENT_3D ( 'NONE', #119, #1631, #976 ) ;
#2402 = DIRECTION ( 'NONE',  ( -0.3420201433256691570, 0.000000000000000000, -0.9396926207859083169 ) ) ;
#2403 = CARTESIAN_POINT ( 'NONE',  ( 8.000000000000007105, 6.599999999999999645, -7.000000000000006217 ) ) ;
#2404 = LINE ( 'NONE', #1520, #304 ) ;
#2405 = FACE_OUTER_BOUND ( 'NONE', #787, .T. ) ;
#2406 = LINE ( 'NONE', #923, #355 ) ;
#2407 = EDGE_LOOP ( 'NONE', ( #2661, #2356, #2127 ) ) ;
#2408 = ORIENTED_EDGE ( 'NONE', *, *, #438, .T. ) ;
#2409 = CARTESIAN_POINT ( 'NONE',  ( 144.7359421723548678, 12.23847681196810377, -18.98457163420994576 ) ) ;
#2410 = CARTESIAN_POINT ( 'NONE',  ( 111.9835697350166583, 0.09894292096171548867, -7.110496954428064065 ) ) ;
#2411 = DIRECTION ( 'NONE',  ( -0.7613763160049169532, 0.5817069397674097253, 0.2862221893096619785 ) ) ;
#2412 = ORIENTED_EDGE ( 'NONE', *, *, #97, .F. ) ;
#2413 = EDGE_CURVE ( 'NONE', #2739, #42, #2039, .T. ) ;
#2414 = CARTESIAN_POINT ( 'NONE',  ( 2.033353018320507744, 0.1532216889614815836, -1.102147792640976620 ) ) ;
#2415 = FACE_OUTER_BOUND ( 'NONE', #1274, .T. ) ;
#2416 = EDGE_CURVE ( 'NONE', #1978, #403, #667, .T. ) ;
#2417 = CARTESIAN_POINT ( 'NONE',  ( 136.7557597447712965, 15.43411936455124334, -17.05822215613894599 ) ) ;
#2418 = LINE ( 'NONE', #905, #2637 ) ;
#2419 = CARTESIAN_POINT ( 'NONE',  ( 5.499000000000017430, 20.00000000000000000, -12.00000000000001954 ) ) ;
#2420 = CARTESIAN_POINT ( 'NONE',  ( 5.501000000000000334, -7.810249675906655753, -9.501000000000018986 ) ) ;
#2421 = ORIENTED_EDGE ( 'NONE', *, *, #1833, .F. ) ;
#2422 = EDGE_CURVE ( 'NONE', #675, #2483, #2202, .T. ) ;
#2423 = ORIENTED_EDGE ( 'NONE', *, *, #501, .T. ) ;
#2424 = CARTESIAN_POINT ( 'NONE',  ( 146.4464256596835696, -8.890127078178904796, -19.63893517515698406 ) ) ;
#2425 = CARTESIAN_POINT ( 'NONE',  ( 139.3466073720746579, -4.393717437518110280, -18.03219266777390217 ) ) ;
#2426 = EDGE_CURVE ( 'NONE', #2758, #1936, #65, .T. ) ;
#2427 = VERTEX_POINT ( 'NONE', #244 ) ;
#2428 = PLANE ( 'NONE',  #794 ) ;
#2429 = EDGE_CURVE ( 'NONE', #71, #1524, #2134, .T. ) ;
#2430 =( BOUNDED_SURFACE ( )  B_SPLINE_SURFACE ( 3, 2, ( 
 ( #2805, #1452, #1464 ),
 ( #1268, #640, #810 ),
 ( #2102, #837, #2553 ),
 ( #1241, #2151, #1712 ),
 ( #1887, #2594, #367 ),
 ( #627, #1491, #793 ),
 ( #2375, #2118, #411 ),
 ( #1281, #2163, #2763 ),
 ( #2781, #199, #1059 ),
 ( #1945, #2818, #582 ),
 ( #161, #2565, #217 ),
 ( #2389, #1073, #427 ),
 ( #1294, #2178, #663 ),
 ( #144, #1515, #157 ),
 ( #1448, #364, #1013 ),
 ( #2396, #2616, #1899 ) ),
 .UNSPECIFIED., .F., .F., .F. ) 
 B_SPLINE_SURFACE_WITH_KNOTS ( ( 4, 2, 2, 2, 2, 2, 2, 4 ),
 ( 3, 3 ),
 ( 0.01460938227356559441, 0.02002119190617750177, 0.02543300153878941261, 0.03084481117140132345, 0.03625662080401323428, 0.04708024006923705596, 0.05249204970184896679, 0.05790385933446087763 ),
 ( 0.000000000000000000, 1.000000000000000000 ),
 .UNSPECIFIED. ) 
 GEOMETRIC_REPRESENTATION_ITEM ( )  RATIONAL_B_SPLINE_SURFACE ( (
 ( 1.000000000000000000, 0.7071067811865524577, 1.000000000000000000),
 ( 1.000000000000000000, 0.7071067811865524577, 1.000000000000000000),
 ( 1.000000000000000000, 0.7071067811865465735, 1.000000000000000000),
 ( 1.000000000000000000, 0.7071067811865465735, 1.000000000000000000),
 ( 1.000000000000000000, 0.7071067811865503483, 1.000000000000000000),
 ( 1.000000000000000000, 0.7071067811865503483, 1.000000000000000000),
 ( 1.000000000000000000, 0.7071067811865487940, 1.000000000000000000),
 ( 1.000000000000000000, 0.7071067811865487940, 1.000000000000000000),
 ( 1.000000000000000000, 0.7071067811865465735, 1.000000000000000000),
 ( 1.000000000000000000, 0.7071067811865465735, 1.000000000000000000),
 ( 1.000000000000000000, 0.7071067811865489050, 1.000000000000000000),
 ( 1.000000000000000000, 0.7071067811865489050, 1.000000000000000000),
 ( 1.000000000000000000, 0.7071067811865493491, 1.000000000000000000),
 ( 1.000000000000000000, 0.7071067811865493491, 1.000000000000000000),
 ( 1.000000000000000000, 0.7071067811865473507, 1.000000000000000000),
 ( 1.000000000000000000, 0.7071067811865473507, 1.000000000000000000) ) ) 
 REPRESENTATION_ITEM ( '' )  SURFACE ( )  );
#2431 = CARTESIAN_POINT ( 'NONE',  ( 106.3648494646364924, 0.9982629123215304157, -6.999998868447085520 ) ) ;
#2432 = CARTESIAN_POINT ( 'NONE',  ( 106.3783307911604794, 0.8462176117149468046, -6.990056693077747241 ) ) ;
#2433 = COORDINATED_UNIVERSAL_TIME_OFFSET ( 2, 0, .AHEAD. ) ;
#2434 = DIRECTION ( 'NONE',  ( -1.000000000000000000, -0.000000000000000000, 4.954937092193131864E-16 ) ) ;
#2435 = FACE_OUTER_BOUND ( 'NONE', #1821, .T. ) ;
#2436 = ADVANCED_FACE ( 'NONE', ( #902 ), #1130, .T. ) ;
#2437 = CARTESIAN_POINT ( 'NONE',  ( 3.000000000000002665, 17.00000000000000000, 0.000000000000000000 ) ) ;
#2438 = CARTESIAN_POINT ( 'NONE',  ( 130.1194723655175096, -1.732177460824286808, -14.56346015388321646 ) ) ;
#2439 = ORIENTED_EDGE ( 'NONE', *, *, #2727, .T. ) ;
#2440 = CARTESIAN_POINT ( 'NONE',  ( 109.9999999999999858, -9.999999999999998224, -7.000000000000006217 ) ) ;
#2441 = CARTESIAN_POINT ( 'NONE',  ( 121.0828846025116974, -0.8278995709260996705, -10.09965906918593781 ) ) ;
#2442 = EDGE_CURVE ( 'NONE', #1910, #1393, #721, .T. ) ;
#2443 = CARTESIAN_POINT ( 'NONE',  ( 145.4378635181641357, 11.80707839701947393, -12.89832748659989115 ) ) ;
#2444 = AXIS2_PLACEMENT_3D ( 'NONE', #969, #2346, #2730 ) ;
#2445 = DIRECTION ( 'NONE',  ( 0.000000000000000000, 1.000000000000000000, 0.000000000000000000 ) ) ;
#2446 = CARTESIAN_POINT ( 'NONE',  ( 129.3366940638427991, -2.143090290290424527, -13.87400381405022998 ) ) ;
#2447 = CARTESIAN_POINT ( 'NONE',  ( 5.499000000000000554, 13.40000000000000213, -8.501000000000018986 ) ) ;
#2448 = DIRECTION ( 'NONE',  ( 0.000000000000000000, 0.000000000000000000, 1.000000000000000000 ) ) ;
#2449 = CARTESIAN_POINT ( 'NONE',  ( 146.1730320344740335, 11.36606698772460433, -19.52419699282018328 ) ) ;
#2450 = DIRECTION ( 'NONE',  ( -1.000000000000000000, 0.000000000000000000, 0.000000000000000000 ) ) ;
#2451 = DIRECTION ( 'NONE',  ( 0.000000000000000000, 1.000000000000000000, 0.000000000000000000 ) ) ;
#2452 = CIRCLE ( 'NONE', #934, 20.00000000000000711 ) ;
#2453 = EDGE_CURVE ( 'NONE', #2600, #1922, #958, .T. ) ;
#2454 = ORIENTED_EDGE ( 'NONE', *, *, #412, .T. ) ;
#2455 = FACE_OUTER_BOUND ( 'NONE', #2067, .T. ) ;
#2456 = AXIS2_PLACEMENT_3D ( 'NONE', #1919, #2301, #2783 ) ;
#2457 = CARTESIAN_POINT ( 'NONE',  ( 149.5990429886496713, 10.31374609175121115, -14.41287295329625984 ) ) ;
#2458 = APPROVAL_PERSON_ORGANIZATION ( #1108, #666, #1553 ) ;
#2459 = LINE ( 'NONE', #1364, #1623 ) ;
#2460 = DIRECTION ( 'NONE',  ( -0.000000000000000000, -1.000000000000000000, -0.000000000000000000 ) ) ;
#2461 = CALENDAR_DATE ( 2026, 3, 9 ) ;
#2462 = CYLINDRICAL_SURFACE ( 'NONE', #1240, 2.498999999999999666 ) ;
#2463 = ORIENTED_EDGE ( 'NONE', *, *, #2628, .F. ) ;
#2464 =( BOUNDED_SURFACE ( )  B_SPLINE_SURFACE ( 3, 2, ( 
 ( #1537, #1733, #864 ),
 ( #671, #1296, #2655 ),
 ( #1715, #642, #1124 ),
 ( #1508, #1991, #658 ) ),
 .UNSPECIFIED., .F., .F., .F. ) 
 B_SPLINE_SURFACE_WITH_KNOTS ( ( 4, 4 ),
 ( 3, 3 ),
 ( 0.1147231158758871550, 0.1149107591296505831 ),
 ( 0.000000000000000000, 1.000000000000000000 ),
 .UNSPECIFIED. ) 
 GEOMETRIC_REPRESENTATION_ITEM ( )  RATIONAL_B_SPLINE_SURFACE ( (
 ( 1.000000000000000000, 0.7071067811865476838, 1.000000000000000000),
 ( 1.000000000000000000, 0.7070757326388232844, 1.000000000000000000),
 ( 1.000000000000000000, 0.7070441165777777703, 1.000000000000000000),
 ( 1.000000000000000000, 0.7070119314022929036, 1.000000000000000000) ) ) 
 REPRESENTATION_ITEM ( '' )  SURFACE ( )  );
#2465 = EDGE_CURVE ( 'NONE', #1936, #2739, #1604, .T. ) ;
#2466 = CARTESIAN_POINT ( 'NONE',  ( 108.6096209665875847, 0.06774528284703931758, -6.306483229374282296 ) ) ;
#2467 = DIRECTION ( 'NONE',  ( 0.000000000000000000, -0.7390068736002753935, 0.6736978853844998172 ) ) ;
#2468 = ORIENTED_EDGE ( 'NONE', *, *, #1221, .F. ) ;
#2469 = DIRECTION ( 'NONE',  ( 0.3518843560536763504, -0.000000000000000000, 0.9360434818771452559 ) ) ;
#2470 = ORIENTED_EDGE ( 'NONE', *, *, #1635, .T. ) ;
#2471 = EDGE_CURVE ( 'NONE', #1500, #2142, #1823, .T. ) ;
#2472 = CARTESIAN_POINT ( 'NONE',  ( 135.9880804565737549, -3.301630399261464177, -16.76963050711452752 ) ) ;
#2473 = LINE ( 'NONE', #1374, #822 ) ;
#2474 = CARTESIAN_POINT ( 'NONE',  ( 0.000000000000000000, 17.00000000000000000, -3.000000000000000000 ) ) ;
#2475 = CARTESIAN_POINT ( 'NONE',  ( 113.4024101645254348, 0.9452817923039528170, -8.279059074663440043 ) ) ;
#2476 = CARTESIAN_POINT ( 'NONE',  ( 108.2104340125910795, 0.2006803496769032080, -6.601946198565386226 ) ) ;
#2477 = CALENDAR_DATE ( 2026, 3, 9 ) ;
#2478 = CARTESIAN_POINT ( 'NONE',  ( 108.1758737493371285, 19.81657835299943926, -6.577719845080881811 ) ) ;
#2479 = EDGE_LOOP ( 'NONE', ( #2368, #2408, #2587, #833, #2543 ) ) ;
#2480 = CIRCLE ( 'NONE', #506, 1.250000000000001110 ) ;
#2481 = DIRECTION ( 'NONE',  ( -0.3518742894375670449, 0.007564037364538208665, -0.9360167037887494601 ) ) ;
#2482 = CARTESIAN_POINT ( 'NONE',  ( 109.9999999999999858, 0.000000000000000000, -6.000000000000006217 ) ) ;
#2483 = VERTEX_POINT ( 'NONE', #1172 ) ;
#2484 = B_SPLINE_SURFACE_WITH_KNOTS ( 'NONE', 3, 1, ( 
 ( #1743, #393 ),
 ( #1266, #10 ),
 ( #1941, #1307 ),
 ( #440, #2575 ),
 ( #2161, #860 ),
 ( #2589, #2149 ) ),
 .UNSPECIFIED., .F., .F., .F.,
 ( 4, 1, 1, 4 ),
 ( 2, 2 ),
 ( 0.000000000000000000, 0.2404633496167063456, 0.6027396321894152864, 0.9940654583502912534 ),
 ( 0.000000000000000000, 1.000000000000000000 ),
 .UNSPECIFIED. ) ;
#2485 = AXIS2_PLACEMENT_3D ( 'NONE', #334, #1740, #2533 ) ;
#2486 = ORIENTED_EDGE ( 'NONE', *, *, #1639, .T. ) ;
#2487 = DIRECTION ( 'NONE',  ( 0.3420201433256690460, 0.000000000000000000, 0.9396926207859083169 ) ) ;
#2488 = DIRECTION ( 'NONE',  ( -1.000000000000000000, -0.000000000000000000, 4.954937092193131864E-16 ) ) ;
#2489 = LINE ( 'NONE', #932, #409 ) ;
#2490 = DIRECTION ( 'NONE',  ( -0.0003875443932753832622, 0.01186989827671868815, -0.9999294751752464405 ) ) ;
#2491 = DIRECTION ( 'NONE',  ( 0.000000000000000000, -1.000000000000000000, -0.000000000000000000 ) ) ;
#2492 = CARTESIAN_POINT ( 'NONE',  ( 107.8161785944026860, 19.73900687360027106, -6.673697885384501483 ) ) ;
#2493 = ORIENTED_EDGE ( 'NONE', *, *, #1118, .F. ) ;
#2494 = CARTESIAN_POINT ( 'NONE',  ( 5.499000000000000554, 19.75000000000000000, -10.50100000000002076 ) ) ;
#2495 = CARTESIAN_POINT ( 'NONE',  ( 130.8296947695326367, 17.15212823964869671, -13.75952478346195917 ) ) ;
#2496 = ORIENTED_EDGE ( 'NONE', *, *, #889, .F. ) ;
#2497 = AXIS2_PLACEMENT_3D ( 'NONE', #2702, #113, #762 ) ;
#2498 = ORIENTED_EDGE ( 'NONE', *, *, #1829, .T. ) ;
#2499 = CIRCLE ( 'NONE', #757, 19.99999999999999645 ) ;
#2500 = CARTESIAN_POINT ( 'NONE',  ( 113.5495984284886362, 19.99710712738735197, -1.291948171591758010 ) ) ;
#2501 = B_SPLINE_CURVE_WITH_KNOTS ( 'NONE', 3,
 ( #487, #1141, #1357, #952, #1112, #2253 ),
 .UNSPECIFIED., .F., .F.,
 ( 4, 2, 4 ),
 ( -5.237679700162973357E-05, 0.001190818858921864577, 0.002434014514845358589 ),
 .UNSPECIFIED. ) ;
#2502 = CARTESIAN_POINT ( 'NONE',  ( 133.3157078494566292, 15.37399119445821327, -15.76501252494009719 ) ) ;
#2503 = CARTESIAN_POINT ( 'NONE',  ( 107.7976269828426297, 0.2155315424314035444, -6.620168718237186667 ) ) ;
#2504 = COORDINATED_UNIVERSAL_TIME_OFFSET ( 2, 0, .AHEAD. ) ;
#2505 = CARTESIAN_POINT ( 'NONE',  ( 109.9823225610606841, 19.98958655088298642, -6.065724277576549639 ) ) ;
#2506 = CARTESIAN_POINT ( 'NONE',  ( 141.7855783206027240, 12.43480543381376613, -18.94906858034933350 ) ) ;
#2507 = CARTESIAN_POINT ( 'NONE',  ( 0.6342058179246287120, 19.19469759603799375, -6.194697596037999965 ) ) ;
#2508 = CARTESIAN_POINT ( 'NONE',  ( 2.222152302202449636, 0.09595005240477325059, -1.063966701603183074 ) ) ;
#2509 = FACE_OUTER_BOUND ( 'NONE', #205, .T. ) ;
#2510 = B_SPLINE_CURVE_WITH_KNOTS ( 'NONE', 3,
 ( #342, #1210, #1999, #2441, #2212, #255, #2663, #279, #28, #680, #690, #1559, #1348, #1144, #1794, #2227 ),
 .UNSPECIFIED., .F., .F.,
 ( 4, 2, 2, 2, 2, 2, 2, 4 ),
 ( 0.000000000000000000, 0.01000541253279065533, 0.01500811879918598213, 0.02001082506558134536, 0.02501353133197671205, 0.03001623759837207181, 0.03501894386476744198, 0.04002165013116280867 ),
 .UNSPECIFIED. ) ;
#2511 = AXIS2_PLACEMENT_3D ( 'NONE', #430, #1748, #36 ) ;
#2512 = ORIENTED_EDGE ( 'NONE', *, *, #933, .T. ) ;
#2513 = DIRECTION ( 'NONE',  ( 1.000000000000000000, -1.734723475976805517E-15, 0.000000000000000000 ) ) ;
#2514 = ADVANCED_FACE ( 'NONE', ( #517 ), #1622, .T. ) ;
#2515 = EDGE_LOOP ( 'NONE', ( #2076, #1115 ) ) ;
#2516 = CARTESIAN_POINT ( 'NONE',  ( 149.0603917663003983, 10.02762330132503088, -17.05825030142278109 ) ) ;
#2517 = B_SPLINE_CURVE_WITH_KNOTS ( 'NONE', 3,
 ( #852, #1747, #2432, #1764, #2640, #2807, #2204, #201, #1337, #2391 ),
 .UNSPECIFIED., .F., .F.,
 ( 4, 2, 2, 2, 4 ),
 ( 0.000000000000000000, 0.0002247183027753968485, 0.0004494366055507936970, 0.0008988732111015535669, 0.001797746422203073307 ),
 .UNSPECIFIED. ) ;
#2518 = CARTESIAN_POINT ( 'NONE',  ( 141.6078808676030576, 12.62417472192518098, -18.88226724576197668 ) ) ;
#2519 = CARTESIAN_POINT ( 'NONE',  ( 106.7841415320215361, 19.38880713691591140, -6.921481390959671742 ) ) ;
#2520 = CARTESIAN_POINT ( 'NONE',  ( 107.7976269828426155, 7.044973471292178407E-05, -6.011869899168098996 ) ) ;
#2521 = VECTOR ( 'NONE', #2591, 1000.000000000000000 ) ;
#2522 = CARTESIAN_POINT ( 'NONE',  ( 109.9991962003592221, 18.90577707465763169, -6.999999999999533706 ) ) ;
#2523 = CARTESIAN_POINT ( 'NONE',  ( 133.4968779629939775, 16.89608991089573919, -9.616341949191197003 ) ) ;
#2524 = CARTESIAN_POINT ( 'NONE',  ( 3.000000000000002665, 19.00000000000000000, 0.000000000000000000 ) ) ;
#2525 = CARTESIAN_POINT ( 'NONE',  ( 113.1940858218686827, 19.92691381355965774, -7.132016777850910039 ) ) ;
#2526 = CARTESIAN_POINT ( 'NONE',  ( 106.7664962629413452, 19.38605925184497636, -6.926021688402316023 ) ) ;
#2527 = ORIENTED_EDGE ( 'NONE', *, *, #515, .F. ) ;
#2528 = ADVANCED_FACE ( 'NONE', ( #1198, #156 ), #1012, .F. ) ;
#2529 = CC_DESIGN_DATE_AND_TIME_ASSIGNMENT ( #483, #1403, ( #900 ) ) ;
#2530 = DIRECTION ( 'NONE',  ( 0.000000000000000000, 0.000000000000000000, 1.000000000000000000 ) ) ;
#2531 = ORIENTED_EDGE ( 'NONE', *, *, #1603, .F. ) ;
#2532 = CARTESIAN_POINT ( 'NONE',  ( 128.4100320266172162, 18.12578080330662189, -7.764881442063477301 ) ) ;
#2533 = DIRECTION ( 'NONE',  ( 0.000000000000000000, 0.000000000000000000, 1.000000000000000000 ) ) ;
#2534 = EDGE_CURVE ( 'NONE', #1752, #2157, #807, .T. ) ;
#2535 = CARTESIAN_POINT ( 'NONE',  ( 131.2127313850501480, 15.93403339920204687, -14.97444613213778730 ) ) ;
#2536 = CARTESIAN_POINT ( 'NONE',  ( 147.0310734037915097, -8.900913166251838149, -18.08194825274193462 ) ) ;
#2537 = DIRECTION ( 'NONE',  ( 0.000000000000000000, 0.000000000000000000, 1.000000000000000000 ) ) ;
#2538 = ADVANCED_FACE ( 'NONE', ( #1853 ), #171, .T. ) ;
#2539 = DIRECTION ( 'NONE',  ( 0.000000000000000000, -1.000000000000000000, 0.000000000000000000 ) ) ;
#2540 = CARTESIAN_POINT ( 'NONE',  ( 110.2072444413036720, 19.98570715460142821, -6.392953943413504092 ) ) ;
#2541 = CARTESIAN_POINT ( 'NONE',  ( 113.4936976621397235, 0.5963274410512220403, -8.248166869612353125 ) ) ;
#2542 = CARTESIAN_POINT ( 'NONE',  ( 143.1582144603142410, 12.92275690649617736, -12.06860308496957046 ) ) ;
#2543 = ORIENTED_EDGE ( 'NONE', *, *, #2353, .F. ) ;
#2544 = AXIS2_PLACEMENT_3D ( 'NONE', #2060, #101, #960 ) ;
#2545 = CARTESIAN_POINT ( 'NONE',  ( 146.9526503818007939, -8.047637791034112809, -19.82318590585736473 ) ) ;
#2546 = ADVANCED_FACE ( 'NONE', ( #2563 ), #760, .T. ) ;
#2547 =( BOUNDED_CURVE ( )  B_SPLINE_CURVE ( 3, ( #1109, #1993, #261, #2234 ),
 .UNSPECIFIED., .F., .F. ) 
 B_SPLINE_CURVE_WITH_KNOTS ( ( 4, 4 ),
 ( 1.570796326794896780, 3.141592653589793116 ),
 .UNSPECIFIED. ) 
 CURVE ( )  GEOMETRIC_REPRESENTATION_ITEM ( )  RATIONAL_B_SPLINE_CURVE ( ( 1.000000000000000000, 0.8047378541243650485, 0.8047378541243650485, 1.000000000000000000 ) ) 
 REPRESENTATION_ITEM ( '' )  );
#2548 = ORIENTED_EDGE ( 'NONE', *, *, #2764, .F. ) ;
#2549 = CARTESIAN_POINT ( 'NONE',  ( 139.1131324059914789, 15.30472753517582163, -11.66049139450820959 ) ) ;
#2550 = DIRECTION ( 'NONE',  ( 0.000000000000000000, 0.000000000000000000, 1.000000000000000000 ) ) ;
#2551 = DIRECTION ( 'NONE',  ( 0.000000000000000000, -1.000000000000000000, -0.000000000000000000 ) ) ;
#2552 = CARTESIAN_POINT ( 'NONE',  ( 109.9575348463517201, 19.13420747226157914, -7.023782417526100552 ) ) ;
#2553 = CARTESIAN_POINT ( 'NONE',  ( 145.3709405397413832, -7.189016120826726031, -13.93814728694000138 ) ) ;
#2554 = CARTESIAN_POINT ( 'NONE',  ( 148.7083515827920053, 9.501908822039640157, -15.15286556612325697 ) ) ;
#2555 = FACE_OUTER_BOUND ( 'NONE', #1230, .T. ) ;
#2556 = CARTESIAN_POINT ( 'NONE',  ( 107.8079878663612305, 0.2085355261309962682, -6.616704489090175834 ) ) ;
#2557 = DIRECTION ( 'NONE',  ( 1.000000000000000000, -0.000000000000000000, 0.000000000000000000 ) ) ;
#2558 = ORIENTED_EDGE ( 'NONE', *, *, #186, .F. ) ;
#2559 = CARTESIAN_POINT ( 'NONE',  ( 8.000000000000000000, 6.599999999999999645, -9.501000000000002998 ) ) ;
#2560 = APPROVAL_PERSON_ORGANIZATION ( #62, #1292, #1815 ) ;
#2561 = EDGE_LOOP ( 'NONE', ( #2097, #1007, #806, #305 ) ) ;
#2562 = EDGE_CURVE ( 'NONE', #645, #1393, #2831, .T. ) ;
#2563 = FACE_OUTER_BOUND ( 'NONE', #1079, .T. ) ;
#2564 = ADVANCED_FACE ( 'NONE', ( #1530 ), #2484, .F. ) ;
#2565 = CARTESIAN_POINT ( 'NONE',  ( 123.4062300054973775, -0.8321133083617588966, -4.879468675705947334 ) ) ;
#2566 = CLOSED_SHELL ( 'NONE', ( #2745, #111, #1017, #805, #1820, #424, #2651, #1186, #1110, #442, #597, #2677, #823, #110, #1938, #1449, #2345, #1235, #235, #2004, #1002, #1306, #130, #2564, #2133, #1398, #2211, #717, #606, #2741, #1624, #904, #2260, #590, #2514, #1730, #1246, #1410, #2546, #1330, #230, #2834, #1944, #644, #2265, #1207, #2774, #2326, #2749, #1917, #2213, #2538, #1501, #421, #536, #2436, #2830, #519, #848, #2028, #29, #1855, #1599, #396, #2528, #731, #1135, #2638, #18, #86, #997, #704 ) ) ;
#2567 = CARTESIAN_POINT ( 'NONE',  ( 1.916841335647730071, 0.3930608165951144928, -6.807274378969681017 ) ) ;
#2568 = FACE_BOUND ( 'NONE', #1940, .T. ) ;
#2569 = CARTESIAN_POINT ( 'NONE',  ( 109.9998163342939250, 0.9721988862520550834, -6.999930955036002267 ) ) ;
#2570 = CARTESIAN_POINT ( 'NONE',  ( 113.4000119901293289, 18.89011469409171085, -8.278153100098895933 ) ) ;
#2571 = ORIENTED_EDGE ( 'NONE', *, *, #45, .F. ) ;
#2572 = VERTEX_POINT ( 'NONE', #2619 ) ;
#2573 = PLANE ( 'NONE',  #1392 ) ;
#2574 = ORIENTED_EDGE ( 'NONE', *, *, #1443, .T. ) ;
#2575 = CARTESIAN_POINT ( 'NONE',  ( 134.8581273054630287, 16.73537762227809367, -10.11179619126436258 ) ) ;
#2576 = CARTESIAN_POINT ( 'NONE',  ( 109.9674949821732781, 19.04870113220115257, -7.018098415910831278 ) ) ;
#2577 = CARTESIAN_POINT ( 'NONE',  ( 5.499000000000000554, 0.000000000000000000, -10.50100000000002076 ) ) ;
#2578 = CARTESIAN_POINT ( 'NONE',  ( 1.993848566583859672, 19.84648367744296138, -0.1535163225570045364 ) ) ;
#2579 = CARTESIAN_POINT ( 'NONE',  ( 2.780907208553473176, 0.8735070243692587555, -7.000000000000006217 ) ) ;
#2580 = CARTESIAN_POINT ( 'NONE',  ( 128.4974515293189654, 18.10668559967942670, -7.796699538929876994 ) ) ;
#2581 = CARTESIAN_POINT ( 'NONE',  ( 106.6931019404616450, 0.5578615807539686333, -6.897885040694643699 ) ) ;
#2582 = CARTESIAN_POINT ( 'NONE',  ( 131.8492231906374457, 16.37587477879409903, -7.952466883230871808 ) ) ;
#2583 = ORIENTED_EDGE ( 'NONE', *, *, #1628, .F. ) ;
#2584 = ORIENTED_EDGE ( 'NONE', *, *, #2240, .F. ) ;
#2585 = CARTESIAN_POINT ( 'NONE',  ( 5.499000000000000554, -7.810249675906655753, -10.50100000000002076 ) ) ;
#2586 = CARTESIAN_POINT ( 'NONE',  ( 0.3786408315590472640, 18.00723795530520377, -1.489143067042955293 ) ) ;
#2587 = ORIENTED_EDGE ( 'NONE', *, *, #1533, .T. ) ;
#2588 = AXIS2_PLACEMENT_3D ( 'NONE', #1504, #1308, #1761 ) ;
#2589 = CARTESIAN_POINT ( 'NONE',  ( 147.6051613999876508, 10.15820703061713104, -20.51638940225937446 ) ) ;
#2590 = VECTOR ( 'NONE', #2355, 1000.000000000000000 ) ;
#2591 = DIRECTION ( 'NONE',  ( 1.000000000000000000, -0.000000000000000000, -0.000000000000000000 ) ) ;
#2592 = LINE ( 'NONE', #1959, #2814 ) ;
#2593 = AXIS2_PLACEMENT_3D ( 'NONE', #682, #708, #724 ) ;
#2594 = CARTESIAN_POINT ( 'NONE',  ( 141.1820302927900457, -5.254659816983072496, -11.34933087056471734 ) ) ;
#2595 = DIRECTION ( 'NONE',  ( -9.766752852403393997E-15, 1.000000000000000000, -2.598042564075834383E-14 ) ) ;
#2596 = CARTESIAN_POINT ( 'NONE',  ( 123.5605643668974949, 0.1552127349429884839, -4.935641789401585378 ) ) ;
#2597 = CIRCLE ( 'NONE', #39, 1.000000000000000888 ) ;
#2598 = CARTESIAN_POINT ( 'NONE',  ( 106.8394576115699124, 0.4857813480309631227, -6.858640265794557322 ) ) ;
#2599 = CARTESIAN_POINT ( 'NONE',  ( 107.7976269828431271, 0.2155315424312605477, -6.620168718237005478 ) ) ;
#2600 = VERTEX_POINT ( 'NONE', #184 ) ;
#2601 = ORIENTED_EDGE ( 'NONE', *, *, #712, .F. ) ;
#2602 = CARTESIAN_POINT ( 'NONE',  ( 113.1646661671185825, 0.04815713519596493547, -2.216022058696410557 ) ) ;
#2603 = CARTESIAN_POINT ( 'NONE',  ( 146.9526503818007086, 9.539544568843226102, -19.82318590585733631 ) ) ;
#2604 = ORIENTED_EDGE ( 'NONE', *, *, #2380, .T. ) ;
#2605 = CARTESIAN_POINT ( 'NONE',  ( 8.000000000000007105, 0.000000000000000000, -7.000000000000006217 ) ) ;
#2606 = CARTESIAN_POINT ( 'NONE',  ( 5.499000000000000554, 20.00000000000000000, -10.75100000000002076 ) ) ;
#2607 = B_SPLINE_CURVE_WITH_KNOTS ( 'NONE', 3,
 ( #1556, #66, #2466, #289, #925, #1803 ),
 .UNSPECIFIED., .F., .F.,
 ( 4, 2, 4 ),
 ( 1.476087528342540431E-05, 0.001217504001511137681, 0.002420247127738850250 ),
 .UNSPECIFIED. ) ;
#2608 = SPHERICAL_SURFACE ( 'NONE', #706, 1.000000000000000000 ) ;
#2609 = CARTESIAN_POINT ( 'NONE',  ( 109.8236730192892452, 1.006450157371267196, -0.9999999999995841105 ) ) ;
#2610 = B_SPLINE_CURVE_WITH_KNOTS ( 'NONE', 3,
 ( #1248, #1313, #1521, #17, #1554, #895 ),
 .UNSPECIFIED., .F., .F.,
 ( 4, 2, 4 ),
 ( -4.279199119180956902E-05, 0.001355945369440625121, 0.002754682730073059783 ),
 .UNSPECIFIED. ) ;
#2611 =( NAMED_UNIT ( * ) PLANE_ANGLE_UNIT ( ) SI_UNIT ( $, .RADIAN. ) );
#2612 = DIRECTION ( 'NONE',  ( 0.9396926207859089830, 0.000000000000000000, -0.3420201433256671586 ) ) ;
#2613 = EDGE_LOOP ( 'NONE', ( #1954, #2255, #1380 ) ) ;
#2614 = EDGE_LOOP ( 'NONE', ( #2498, #802, #266, #938 ) ) ;
#2615 = CARTESIAN_POINT ( 'NONE',  ( 108.4625973871350340, 0.07678489246372777188, -6.337045672346670599 ) ) ;
#2616 = CARTESIAN_POINT ( 'NONE',  ( 110.1955940128196829, 0.006956536058652999267, -0.07119039866704843234 ) ) ;
#2617 = ORIENTED_EDGE ( 'NONE', *, *, #1738, .T. ) ;
#2618 = DIRECTION ( 'NONE',  ( 0.000000000000000000, 1.000000000000000000, 0.000000000000000000 ) ) ;
#2619 = CARTESIAN_POINT ( 'NONE',  ( 109.8236730192915331, 1.006450157371267196, 0.000000000000000000 ) ) ;
#2620 = VECTOR ( 'NONE', #596, 1000.000000000000000 ) ;
#2621 = CARTESIAN_POINT ( 'NONE',  ( 5.499000000000000554, -7.810249675906655753, -10.50100000000002076 ) ) ;
#2622 = CARTESIAN_POINT ( 'NONE',  ( 5.500999999999978129, 13.39999999999999858, -12.00000000000001243 ) ) ;
#2623 = CARTESIAN_POINT ( 'NONE',  ( 143.0613026777962489, -4.893073177058838041, -12.03333008078329058 ) ) ;
#2624 = DIRECTION ( 'NONE',  ( 0.000000000000000000, 1.000000000000000000, 0.000000000000000000 ) ) ;
#2625 = AXIS2_PLACEMENT_3D ( 'NONE', #2437, #714, #2450 ) ;
#2626 = ORIENTED_EDGE ( 'NONE', *, *, #1967, .F. ) ;
#2627 = VERTEX_POINT ( 'NONE', #1101 ) ;
#2628 = EDGE_CURVE ( 'NONE', #1834, #1752, #1300, .T. ) ;
#2629 = CARTESIAN_POINT ( 'NONE',  ( 107.9741968848128550, 0.1066181748487604469, -6.439062361732551310 ) ) ;
#2630 = DIRECTION ( 'NONE',  ( 0.000000000000000000, 1.000000000000000000, 0.000000000000000000 ) ) ;
#2631 = VECTOR ( 'NONE', #2205, 1000.000000000000000 ) ;
#2632 = ORIENTED_EDGE ( 'NONE', *, *, #1923, .T. ) ;
#2633 = EDGE_CURVE ( 'NONE', #2142, #1913, #834, .T. ) ;
#2634 = CARTESIAN_POINT ( 'NONE',  ( 148.6711131933410570, 10.32684392034416554, -16.90909271825290716 ) ) ;
#2635 = CARTESIAN_POINT ( 'NONE',  ( 107.7976269828431271, 0.2155315424312605477, -6.620168718237005478 ) ) ;
#2636 =( BOUNDED_CURVE ( )  B_SPLINE_CURVE ( 3, ( #1458, #1444, #2325, #2125 ),
 .UNSPECIFIED., .F., .T. ) 
 B_SPLINE_CURVE_WITH_KNOTS ( ( 4, 4 ),
 ( 0.4455612539428098762, 1.570796326794897002 ),
 .UNSPECIFIED. ) 
 CURVE ( )  GEOMETRIC_REPRESENTATION_ITEM ( )  RATIONAL_B_SPLINE_CURVE ( ( 1.000000000000000000, 0.8972412072652142800, 0.8972412072652142800, 1.000000000000000000 ) ) 
 REPRESENTATION_ITEM ( '' )  );
#2637 = VECTOR ( 'NONE', #2445, 1000.000000000000000 ) ;
#2638 = ADVANCED_FACE ( 'NONE', ( #1043 ), #656, .T. ) ;
#2639 = CARTESIAN_POINT ( 'NONE',  ( 107.7976269828426439, 1.000000000000000888, -6.000000000000007105 ) ) ;
#2640 = CARTESIAN_POINT ( 'NONE',  ( 106.5177353242063418, 0.6754887147624253352, -6.946973961143966925 ) ) ;
#2641 = CARTESIAN_POINT ( 'NONE',  ( 109.8535738694963300, 0.006956536058732440062, -1.010883019453814313 ) ) ;
#2642 = DIRECTION ( 'NONE',  ( 0.000000000000000000, 1.000000000000000000, 0.000000000000000000 ) ) ;
#2643 = VERTEX_POINT ( 'NONE', #56 ) ;
#2644 = ORIENTED_EDGE ( 'NONE', *, *, #1151, .F. ) ;
#2645 = AXIS2_PLACEMENT_3D ( 'NONE', #1694, #361, #1010 ) ;
#2646 = CARTESIAN_POINT ( 'NONE',  ( 112.1177176580451516, 0.1101367577972152817, -7.196498001273321954 ) ) ;
#2647 = CARTESIAN_POINT ( 'NONE',  ( 116.2349590846822451, -0.1738630264089958688, -8.276552679588911943 ) ) ;
#2648 = ORIENTED_EDGE ( 'NONE', *, *, #2442, .T. ) ;
#2649 = EDGE_CURVE ( 'NONE', #1155, #1212, #1475, .T. ) ;
#2650 = CARTESIAN_POINT ( 'NONE',  ( 113.4025997963560286, 1.000000000000000000, -8.279130362457102876 ) ) ;
#2651 = ADVANCED_FACE ( 'NONE', ( #2455 ), #2428, .T. ) ;
#2652 = CARTESIAN_POINT ( 'NONE',  ( 112.1626327730692054, 0.2054248836493773045, -7.387009353004094336 ) ) ;
#2653 = EDGE_CURVE ( 'NONE', #376, #2823, #887, .T. ) ;
#2654 = CARTESIAN_POINT ( 'NONE',  ( 113.4061013675215577, 0.4658972494609097681, -8.149980123766985329 ) ) ;
#2655 = CARTESIAN_POINT ( 'NONE',  ( 109.6988187964825130, 20.00000000000000000, -1.000087818555043251 ) ) ;
#2656 =( LENGTH_UNIT ( ) NAMED_UNIT ( * ) SI_UNIT ( .MILLI., .METRE. ) );
#2657 = CARTESIAN_POINT ( 'NONE',  ( 5.499000000000000554, 20.00000000000000000, -9.501000000000018986 ) ) ;
#2658 = EDGE_LOOP ( 'NONE', ( #1619, #845, #912, #96 ) ) ;
#2659 = CARTESIAN_POINT ( 'NONE',  ( 146.9151267896244235, -8.898778239808473600, -18.39072758581387745 ) ) ;
#2660 = CARTESIAN_POINT ( 'NONE',  ( 143.0187002552220008, -6.892117024444033291, -18.34899603248437572 ) ) ;
#2661 = ORIENTED_EDGE ( 'NONE', *, *, #2665, .T. ) ;
#2662 = AXIS2_PLACEMENT_3D ( 'NONE', #1864, #2755, #571 ) ;
#2663 = CARTESIAN_POINT ( 'NONE',  ( 127.2453479089774362, -2.002148058486408644, -12.41695160001992804 ) ) ;
#2664 = CARTESIAN_POINT ( 'NONE',  ( 127.6211409979478333, -1.143565211727035846, -13.62426903562125879 ) ) ;
#2665 = EDGE_CURVE ( 'NONE', #664, #376, #2031, .T. ) ;
#2666 = DIRECTION ( 'NONE',  ( 0.000000000000000000, 0.000000000000000000, 1.000000000000000000 ) ) ;
#2667 = CARTESIAN_POINT ( 'NONE',  ( 116.2390673341178911, 0.3119240735625362082, -9.106857544900964996 ) ) ;
#2668 = CARTESIAN_POINT ( 'NONE',  ( 112.5362860887423153, 0.1559196707453663899, -7.470311579425679582 ) ) ;
#2669 = CARTESIAN_POINT ( 'NONE',  ( 148.7083515827920053, -9.999999999999998224, -15.15286556612326052 ) ) ;
#2670 = VERTEX_POINT ( 'NONE', #1192 ) ;
#2671 = CARTESIAN_POINT ( 'NONE',  ( 147.8500702623209691, -8.916069417549833176, -15.90085734603779244 ) ) ;
#2672 = CARTESIAN_POINT ( 'NONE',  ( 146.6007660257471343, -9.999999999999998224, -20.75922938773446802 ) ) ;
#2673 = ORIENTED_EDGE ( 'NONE', *, *, #1506, .T. ) ;
#2674 = CARTESIAN_POINT ( 'NONE',  ( 109.6862067745636580, 1.002243944376671969, 0.000000000000000000 ) ) ;
#2675 = CARTESIAN_POINT ( 'NONE',  ( 109.7182842004370258, -0.008859822145772723589, -1.472122159799728695E-12 ) ) ;
#2676 = CARTESIAN_POINT ( 'NONE',  ( 149.7093515827920100, 13.40000000000000036, -7.000000000000080824 ) ) ;
#2677 = ADVANCED_FACE ( 'NONE', ( #1862 ), #1334, .T. ) ;
#2678 = TOROIDAL_SURFACE ( 'NONE', #1430, 1.250000000000001776, 0.2500000000000000000 ) ;
#2679 = CARTESIAN_POINT ( 'NONE',  ( 149.3519358227039220, 9.508195648614405471, -16.28271734939194815 ) ) ;
#2680 = CARTESIAN_POINT ( 'NONE',  ( 3.000000000000000888, 20.00000000000000000, -9.501000000000002998 ) ) ;
#2681 = DIRECTION ( 'NONE',  ( 0.000000000000000000, 1.000000000000000000, 0.000000000000000000 ) ) ;
#2682 = VERTEX_POINT ( 'NONE', #490 ) ;
#2683 = CARTESIAN_POINT ( 'NONE',  ( 148.2003663687800383, -8.922563096391785464, -14.96797406877561620 ) ) ;
#2684 = CARTESIAN_POINT ( 'NONE',  ( 139.3960761476122627, -5.340902564733426061, -16.98607891619825239 ) ) ;
#2685 = CIRCLE ( 'NONE', #170, 1.000000000000000000 ) ;
#2686 = ORIENTED_EDGE ( 'NONE', *, *, #238, .F. ) ;
#2687 = VECTOR ( 'NONE', #2530, 1000.000000000000000 ) ;
#2688 = ORIENTED_EDGE ( 'NONE', *, *, #1309, .T. ) ;
#2689 = CARTESIAN_POINT ( 'NONE',  ( 129.0247361167694748, -1.470161676907028037, -14.15191884474783990 ) ) ;
#2690 = CARTESIAN_POINT ( 'NONE',  ( 5.499000000000000554, 13.40000000000000213, -9.501000000000018986 ) ) ;
#2691 = CARTESIAN_POINT ( 'NONE',  ( 113.5084141579126111, 0.7225152115937492070, -8.294100328474556250 ) ) ;
#2692 = CARTESIAN_POINT ( 'NONE',  ( 108.6081502746984739, 0.2312370204364349868, -6.660766564951482671 ) ) ;
#2693 = APPROVAL_ROLE ( '' ) ;
#2694 = CARTESIAN_POINT ( 'NONE',  ( 110.0492957602160260, 19.76141807056432498, -6.691316517987732304 ) ) ;
#2695 = ORIENTED_EDGE ( 'NONE', *, *, #2317, .T. ) ;
#2696 = CARTESIAN_POINT ( 'NONE',  ( 110.1834106557184612, 0.04062809819003856959, -6.000602840071008082 ) ) ;
#2697 = CARTESIAN_POINT ( 'NONE',  ( 125.2532527430280425, -1.647767821327101645, -12.73411505249177722 ) ) ;
#2698 = VERTEX_POINT ( 'NONE', #2650 ) ;
#2699 = EDGE_LOOP ( 'NONE', ( #251, #774, #491, #2632 ) ) ;
#2700 = CARTESIAN_POINT ( 'NONE',  ( 143.4148550467311054, -6.162433999526960804, -19.56155828056841273 ) ) ;
#2701 = CARTESIAN_POINT ( 'NONE',  ( 148.7083515827919484, -8.081274705556767302, -15.15286556612330848 ) ) ;
#2702 = CARTESIAN_POINT ( 'NONE',  ( 5.499000000000000554, -7.810249675906655753, -9.501000000000018986 ) ) ;
#2703 = CYLINDRICAL_SURFACE ( 'NONE', #116, 1.000000000000000000 ) ;
#2704 = DATE_AND_TIME ( #2477, #2327 ) ;
#2705 = CARTESIAN_POINT ( 'NONE',  ( 112.0561950959182838, 19.70594708066652245, -7.396200136960963789 ) ) ;
#2706 = CARTESIAN_POINT ( 'NONE',  ( 139.5729117641934067, 14.57141976496258629, -17.04526679661392663 ) ) ;
#2707 = AXIS2_PLACEMENT_3D ( 'NONE', #1673, #1477, #850 ) ;
#2708 = PLANE ( 'NONE',  #1607 ) ;
#2709 = CARTESIAN_POINT ( 'NONE',  ( 126.0933560601742442, 18.30667491315310258, -11.97937101017643791 ) ) ;
#2710 = EDGE_LOOP ( 'NONE', ( #1469, #2065, #816, #1359 ) ) ;
#2711 = CIRCLE ( 'NONE', #511, 1.000000000000009104 ) ;
#2712 = EDGE_LOOP ( 'NONE', ( #1541, #81, #636 ) ) ;
#2713 = CARTESIAN_POINT ( 'NONE',  ( 144.0697038691291425, -6.502850060019364165, -19.80773387031766575 ) ) ;
#2714 = EDGE_CURVE ( 'NONE', #1393, #1528, #2737, .T. ) ;
#2715 = CARTESIAN_POINT ( 'NONE',  ( 3.000000000000002665, 1.000000000000000000, -1.000000000000000000 ) ) ;
#2716 = CARTESIAN_POINT ( 'NONE',  ( 108.6143867890664438, 0.02615882479374870631, -6.008042157133852257 ) ) ;
#2717 = PERSON_AND_ORGANIZATION ( #1096, #720 ) ;
#2718 = CARTESIAN_POINT ( 'NONE',  ( 109.4082637749360032, 0.1562364728284534598, -6.468910032400073895 ) ) ;
#2719 = AXIS2_PLACEMENT_3D ( 'NONE', #783, #1272, #989 ) ;
#2720 = EDGE_CURVE ( 'NONE', #1146, #2572, #1057, .T. ) ;
#2721 = CARTESIAN_POINT ( 'NONE',  ( 113.4025997963560428, 18.88652285270475417, -8.279130362457081560 ) ) ;
#2722 = CARTESIAN_POINT ( 'NONE',  ( 5.499000000000000554, 19.75000000000000000, -9.501000000000018986 ) ) ;
#2723 = LINE ( 'NONE', #2482, #1282 ) ;
#2724 = ORIENTED_EDGE ( 'NONE', *, *, #45, .T. ) ;
#2726 = CIRCLE ( 'NONE', #1119, 0.9999999999999941158 ) ;
#2725 = DIRECTION ( 'NONE',  ( 0.9392167804700470857, 0.03181982016604928409, -0.3418469516144317932 ) ) ;
#2727 = EDGE_CURVE ( 'NONE', #1094, #854, #2510, .T. ) ;
#2728 = ORIENTED_EDGE ( 'NONE', *, *, #331, .T. ) ;
#2729 = VECTOR ( 'NONE', #1215, 1000.000000000000000 ) ;
#2730 = DIRECTION ( 'NONE',  ( 0.000000000000000000, -0.6201687182373413210, 0.7844684575684693906 ) ) ;
#2731 = CARTESIAN_POINT ( 'NONE',  ( 137.4955416922086613, 14.14272984318966841, -17.33632643144636987 ) ) ;
#2732 = CARTESIAN_POINT ( 'NONE',  ( 106.5509448499523728, 19.24044558879499078, -6.971277641222981991 ) ) ;
#2733 = CARTESIAN_POINT ( 'NONE',  ( 110.3672879358265533, 19.98497357519667972, -6.135440817214855791 ) ) ;
#2734 = EDGE_CURVE ( 'NONE', #2802, #1155, #267, .T. ) ;
#2735 = CARTESIAN_POINT ( 'NONE',  ( 2.033353018320507744, 18.89785220735887350, -0.1532216889614815836 ) ) ;
#2736 = DIRECTION ( 'NONE',  ( -1.000000000000000000, -0.000000000000000000, 0.000000000000000000 ) ) ;
#2737 = LINE ( 'NONE', #554, #1114 ) ;
#2738 = CARTESIAN_POINT ( 'NONE',  ( 112.8086618741546232, 18.92737276019004611, -8.055852846683370316 ) ) ;
#2739 = VERTEX_POINT ( 'NONE', #1574 ) ;
#2740 = DIRECTION ( 'NONE',  ( -0.9360434818771387055, 0.000000000000000000, 0.3518843560536941140 ) ) ;
#2741 = ADVANCED_FACE ( 'NONE', ( #2797 ), #1702, .T. ) ;
#2742 = EDGE_LOOP ( 'NONE', ( #139, #2056, #1708 ) ) ;
#2743 = CARTESIAN_POINT ( 'NONE',  ( 139.1849782827993920, 14.34683081856898390, -10.62246338264453804 ) ) ;
#2744 = CARTESIAN_POINT ( 'NONE',  ( 109.6985775211161922, 19.00000000000000000, 0.000000000000000000 ) ) ;
#2745 = ADVANCED_FACE ( 'NONE', ( #1258 ), #2678, .T. ) ;
#2746 = CARTESIAN_POINT ( 'NONE',  ( 124.8623014719766218, 17.43751137921672623, -12.58714577281627278 ) ) ;
#2747 = CARTESIAN_POINT ( 'NONE',  ( 106.6708424845270571, 19.32372440025199722, -6.946312041626969247 ) ) ;
#2748 = CARTESIAN_POINT ( 'NONE',  ( 111.8348851186191126, 19.76979926522714948, -7.234669608488674797 ) ) ;
#2749 = ADVANCED_FACE ( 'NONE', ( #358 ), #2300, .F. ) ;
#2750 = CARTESIAN_POINT ( 'NONE',  ( 1.170030629533428401, 18.59021525347858983, -0.6146771197821211397 ) ) ;
#2751 = LINE ( 'NONE', #2103, #1576 ) ;
#2752 = CARTESIAN_POINT ( 'NONE',  ( 109.4078090934275451, 19.73147688080279494, -6.677932640064246250 ) ) ;
#2753 = DIRECTION ( 'NONE',  ( 0.000000000000000000, -1.000000000000000000, 0.000000000000000000 ) ) ;
#2754 = CARTESIAN_POINT ( 'NONE',  ( 130.4774997511898960, 17.15449806200649974, -14.69805244419363355 ) ) ;
#2755 = DIRECTION ( 'NONE',  ( 1.000000000000000000, -0.000000000000000000, 0.000000000000000000 ) ) ;
#2756 = EDGE_LOOP ( 'NONE', ( #1333, #927, #2294, #1069, #241 ) ) ;
#2757 = DIRECTION ( 'NONE',  ( 1.000000000000000000, 0.000000000000000000, 0.000000000000000000 ) ) ;
#2758 = VERTEX_POINT ( 'NONE', #2641 ) ;
#2759 = CARTESIAN_POINT ( 'NONE',  ( 133.3659851175577842, 16.92958154912455271, -9.568700849575341394 ) ) ;
#2760 = CARTESIAN_POINT ( 'NONE',  ( 109.6064693202673936, 0.03972587664320768180, -6.852061050040799906 ) ) ;
#2761 = DIRECTION ( 'NONE',  ( -1.000000000000000000, 0.000000000000000000, 0.000000000000000000 ) ) ;
#2762 = CARTESIAN_POINT ( 'NONE',  ( 106.6978224660518464, 19.34025658328215158, -6.940493646036563824 ) ) ;
#2763 = CARTESIAN_POINT ( 'NONE',  ( 132.8422825135112930, -2.940901478954034420, -9.378088690086880064 ) ) ;
#2764 = EDGE_CURVE ( 'NONE', #1921, #855, #672, .T. ) ;
#2765 = FACE_OUTER_BOUND ( 'NONE', #1832, .T. ) ;
#2766 = CARTESIAN_POINT ( 'NONE',  ( 108.6126446866057478, 19.99956560792239202, -6.390765015398249815 ) ) ;
#2767 = CARTESIAN_POINT ( 'NONE',  ( 106.4619130033204755, 0.7321045113067560228, -6.963669145924932913 ) ) ;
#2768 = LINE ( 'NONE', #1495, #2590 ) ;
#2769 = ORIENTED_EDGE ( 'NONE', *, *, #1116, .F. ) ;
#2770 = EDGE_LOOP ( 'NONE', ( #2012, #292, #390, #543 ) ) ;
#2771 = AXIS2_PLACEMENT_3D ( 'NONE', #2162, #1519, #1072 ) ;
#2772 = DIRECTION ( 'NONE',  ( 0.000000000000000000, 1.000000000000000000, 0.000000000000000000 ) ) ;
#2773 = VERTEX_POINT ( 'NONE', #1538 ) ;
#2774 = ADVANCED_FACE ( 'NONE', ( #2405 ), #2194, .F. ) ;
#2775 = CARTESIAN_POINT ( 'NONE',  ( 149.7093515827920100, 6.599999999999999645, -7.000000000000079936 ) ) ;
#2776 = CARTESIAN_POINT ( 'NONE',  ( 107.8161785944026718, 20.00000000000000000, -6.000000000000019540 ) ) ;
#2777 = CARTESIAN_POINT ( 'NONE',  ( 106.3652026147251632, 18.96217762314257982, -7.000000000000006217 ) ) ;
#2778 = CIRCLE ( 'NONE', #1531, 1.000000000000000888 ) ;
#2779 = LINE ( 'NONE', #158, #2229 ) ;
#2780 = CARTESIAN_POINT ( 'NONE',  ( 107.0853926465595833, 19.52760139026867492, -6.852309193251173269 ) ) ;
#2781 = CARTESIAN_POINT ( 'NONE',  ( 131.7670208760626736, -1.563821355605667707, -7.922547687537844219 ) ) ;
#2782 = CARTESIAN_POINT ( 'NONE',  ( 113.3999434670952695, 18.89024882073278988, -8.278126585621345512 ) ) ;
#2783 = DIRECTION ( 'NONE',  ( 0.000000000000000000, 0.000000000000000000, 1.000000000000000000 ) ) ;
#2784 = CARTESIAN_POINT ( 'NONE',  ( 112.7482922127012870, 0.1921497078553044968, -7.624215221102667250 ) ) ;
#2785 = LINE ( 'NONE', #2822, #1431 ) ;
#2786 = ORIENTED_EDGE ( 'NONE', *, *, #1915, .T. ) ;
#2787 = ORIENTED_EDGE ( 'NONE', *, *, #795, .F. ) ;
#2788 = CARTESIAN_POINT ( 'NONE',  ( 140.7325801095474276, -5.216600994296141103, -12.24992215455272060 ) ) ;
#2789 = EDGE_LOOP ( 'NONE', ( #223, #183, #1314, #1666, #2168, #1545, #1970, #899, #1194 ) ) ;
#2790 = CARTESIAN_POINT ( 'NONE',  ( 110.1656931626172309, 18.99993126322744175, -0.06030737921410087715 ) ) ;
#2791 = CARTESIAN_POINT ( 'NONE',  ( 112.1270318274517450, 19.68276276979571904, -7.447327796514505494 ) ) ;
#2792 = DIRECTION ( 'NONE',  ( 0.000000000000000000, 0.000000000000000000, -1.000000000000000000 ) ) ;
#2793 = VECTOR ( 'NONE', #2231, 1000.000000000000000 ) ;
#2794 = CARTESIAN_POINT ( 'NONE',  ( 1.496547972349008493, 19.60349479359742375, -1.264336804268407111 ) ) ;
#2795 = DIRECTION ( 'NONE',  ( 0.000000000000000000, 0.000000000000000000, 1.000000000000000000 ) ) ;
#2796 = CARTESIAN_POINT ( 'NONE',  ( 107.8161785944026860, 19.73601571288766010, -6.676964452820443263 ) ) ;
#2797 = FACE_OUTER_BOUND ( 'NONE', #2613, .T. ) ;
#2798 = CARTESIAN_POINT ( 'NONE',  ( 3.000000000000002665, 20.00000000000000000, -1.000000000000000000 ) ) ;
#2799 = ORIENTED_EDGE ( 'NONE', *, *, #1517, .T. ) ;
#2800 = ORIENTED_EDGE ( 'NONE', *, *, #2633, .T. ) ;
#2801 = CARTESIAN_POINT ( 'NONE',  ( 108.2386239531456482, 0.08884661930444809341, -6.383164950794587789 ) ) ;
#2802 = VERTEX_POINT ( 'NONE', #2447 ) ;
#2803 = CARTESIAN_POINT ( 'NONE',  ( 3.035766082959412415E-15, 3.000000000000000000, -3.000000000000000000 ) ) ;
#2804 = PLANE ( 'NONE',  #2216 ) ;
#2805 = CARTESIAN_POINT ( 'NONE',  ( 149.0503717261176746, -8.081274705556769078, -14.21317294533737119 ) ) ;
#2806 = CARTESIAN_POINT ( 'NONE',  ( 2.561540326824124136, 0.7468199034410553105, -6.975955928533481121 ) ) ;
#2807 = CARTESIAN_POINT ( 'NONE',  ( 106.6947760943565839, 0.5485950975079875169, -6.896940713386952027 ) ) ;
#2808 = CARTESIAN_POINT ( 'NONE',  ( 110.1102928200240711, 0.8724716855186818165, -7.005774570749289332 ) ) ;
#2809 = DIRECTION ( 'NONE',  ( -1.000000000000000000, -0.000000000000000000, -0.000000000000000000 ) ) ;
#2810 = ORIENTED_EDGE ( 'NONE', *, *, #1513, .T. ) ;
#2811 = EDGE_LOOP ( 'NONE', ( #2209, #2184, #268, #2027 ) ) ;
#2812 = CARTESIAN_POINT ( 'NONE',  ( 110.0605733744500156, 0.3218146443740562135, -6.736425649669427251 ) ) ;
#2813 = VERTEX_POINT ( 'NONE', #2419 ) ;
#2814 = VECTOR ( 'NONE', #1727, 1000.000000000000000 ) ;
#2815 = CARTESIAN_POINT ( 'NONE',  ( 0.07808197337323902198, 2.214756338766504573, -2.476504225844304408 ) ) ;
#2816 = CARTESIAN_POINT ( 'NONE',  ( 146.9526503818007654, -8.047637791034105703, -19.82318590585731144 ) ) ;
#2817 = VECTOR ( 'NONE', #2736, 1000.000000000000000 ) ;
#2818 = CARTESIAN_POINT ( 'NONE',  ( 126.6765942296621290, -1.434937610375682571, -6.069783908543416651 ) ) ;
#2819 = CARTESIAN_POINT ( 'NONE',  ( 113.4024101645254348, 0.9452817923039528170, -8.279059074663440043 ) ) ;
#2820 = CARTESIAN_POINT ( 'NONE',  ( 149.2570228453244283, 10.31374609175085943, -15.35256557408234634 ) ) ;
#2821 = VECTOR ( 'NONE', #1676, 1000.000000000000000 ) ;
#2822 = CARTESIAN_POINT ( 'NONE',  ( 3.000000000000002665, 20.00000000000000000, -6.000000000000019540 ) ) ;
#2823 = VERTEX_POINT ( 'NONE', #202 ) ;
#2824 = ORIENTED_EDGE ( 'NONE', *, *, #26, .F. ) ;
#2825 = CARTESIAN_POINT ( 'NONE',  ( 111.5964268734686016, 0.07447411999935676929, -6.866388493207803201 ) ) ;
#2826 = CARTESIAN_POINT ( 'NONE',  ( 146.4464256596835696, -8.890127078178904796, -19.63893517515698406 ) ) ;
#2827 = VERTEX_POINT ( 'NONE', #1297 ) ;
#2828 =( GEOMETRIC_REPRESENTATION_CONTEXT ( 3 ) GLOBAL_UNCERTAINTY_ASSIGNED_CONTEXT ( ( #2214 ) ) GLOBAL_UNIT_ASSIGNED_CONTEXT ( ( #2656, #2611, #880 ) ) REPRESENTATION_CONTEXT ( 'NONE', 'WORKASPACE' ) );
#2829 = CARTESIAN_POINT ( 'NONE',  ( 90.34702482936528156, 20.00000000000000000, -53.99610550642093187 ) ) ;
#2830 = ADVANCED_FACE ( 'NONE', ( #1312 ), #1564, .T. ) ;
#2831 = LINE ( 'NONE', #2605, #1201 ) ;
#2832 = APPLICATION_CONTEXT ( 'configuration controlled 3d designs of mechanical parts and assemblies' ) ;
#2833 = CARTESIAN_POINT ( 'NONE',  ( 110.5820743237294010, 0.3221429588743244810, -7.069435459133259769 ) ) ;
#2834 = ADVANCED_FACE ( 'NONE', ( #1734 ), #1964, .T. ) ;
#2835 =( BOUNDED_SURFACE ( )  B_SPLINE_SURFACE ( 3, 2, ( 
 ( #225, #2760, #2310 ),
 ( #1083, #1969, #8 ),
 ( #1344, #2011, #2647 ),
 ( #464, #678, #2208 ),
 ( #1792, #1369, #79 ),
 ( #253, #2697, #2224 ),
 ( #715, #265, #2254 ),
 ( #2438, #1131, #54 ),
 ( #1332, #1996, #2199 ),
 ( #1113, #1819, #41 ),
 ( #290, #1544, #1154 ),
 ( #2425, #898, #2684 ),
 ( #911, #1781, #500 ),
 ( #1358, #885, #2660 ),
 ( #687, #940, #1527 ),
 ( #1557, #2038, #277 ),
 ( #1770, #452, #1982 ),
 ( #2023, #67, #1142 ) ),
 .UNSPECIFIED., .F., .F., .T. ) 
 B_SPLINE_SURFACE_WITH_KNOTS ( ( 4, 2, 2, 2, 2, 2, 2, 2, 4 ),
 ( 3, 3 ),
 ( 0.01552918596574288761, 0.02578514374002761206, 0.03091312262716997342, 0.03604110151431233477, 0.04116908040145469960, 0.04629705928859706443, 0.05142503817573942926, 0.05398902761931061167, 0.05655301706288178715 ),
 ( 0.000000000000000000, 1.000000000000000000 ),
 .UNSPECIFIED. ) 
 GEOMETRIC_REPRESENTATION_ITEM ( )  RATIONAL_B_SPLINE_SURFACE ( (
 ( 1.000000000000000000, 0.7070871342028636208, 1.000000000000000000),
 ( 1.000000000000000000, 0.7072707828166342470, 1.000000000000000000),
 ( 1.000000000000000000, 0.7074334914675699526, 1.000000000000000000),
 ( 1.000000000000000000, 0.7076381929785203750, 1.000000000000000000),
 ( 1.000000000000000000, 0.7076999331583425645, 1.000000000000000000),
 ( 1.000000000000000000, 0.7078101089520462130, 1.000000000000000000),
 ( 1.000000000000000000, 0.7078584865175668872, 1.000000000000000000),
 ( 1.000000000000000000, 0.7079417744113957189, 1.000000000000000000),
 ( 1.000000000000000000, 0.7079697970096818782, 1.000000000000000000),
 ( 1.000000000000000000, 0.7080441099871690458, 1.000000000000000000),
 ( 1.000000000000000000, 0.7081107948226208482, 1.000000000000000000),
 ( 1.000000000000000000, 0.7083024677715750173, 1.000000000000000000),
 ( 1.000000000000000000, 0.7084278470288211116, 1.000000000000000000),
 ( 1.000000000000000000, 0.7086570738760471500, 1.000000000000000000),
 ( 1.000000000000000000, 0.7087404482372599013, 1.000000000000000000),
 ( 1.000000000000000000, 0.7089180644272330412, 1.000000000000000000),
 ( 1.000000000000000000, 0.7090114343028913746, 1.000000000000000000),
 ( 1.000000000000000000, 0.7091071374825891338, 1.000000000000000000) ) ) 
 REPRESENTATION_ITEM ( '' )  SURFACE ( )  );
ENDSEC;
END-ISO-10303-21;
