ISO-10303-21;
HEADER;
FILE_DESCRIPTION (( 'STEP AP203' ),
    '1' );
FILE_NAME ('MirrorBratV1 de la Raul.STEP',
    '2026-09-03T17:59:09',
    ( '' ),
    ( '' ),
    'SwSTEP 2.0',
    'SolidWorks 2026',
    '' );
FILE_SCHEMA (( 'CONFIG_CONTROL_DESIGN' ));
ENDSEC;

DATA;
#1 = EDGE_CURVE ( 'NONE', #448, #125, #2619, .T. ) ;
#2 = CARTESIAN_POINT ( 'NONE',  ( 106.3648494646364924, 0.9982629123215304157, 6.999998868447085520 ) ) ;
#3 = AXIS2_PLACEMENT_3D ( 'NONE', #355, #1031, #523 ) ;
#4 = AXIS2_PLACEMENT_3D ( 'NONE', #586, #827, #1240 ) ;
#5 = DESIGN_CONTEXT ( 'detailed design', #2493, 'design' ) ;
#6 = LINE ( 'NONE', #20, #1104 ) ;
#7 = DIRECTION ( 'NONE',  ( 9.766752852403393997E-15, -1.000000000000000000, -2.598042564075834383E-14 ) ) ;
#8 = CARTESIAN_POINT ( 'NONE',  ( 106.3649126752825538, 18.88652285270547537, 7.000000000000006217 ) ) ;
#9 = CIRCLE ( 'NONE', #661, 1.000000000000000888 ) ;
#10 = ORIENTED_EDGE ( 'NONE', *, *, #2436, .T. ) ;
#11 = CARTESIAN_POINT ( 'NONE',  ( 3.035766082959412415E-15, 2.607230121851484839, 2.738153414567656707 ) ) ;
#12 = CARTESIAN_POINT ( 'NONE',  ( 110.1656931626149145, 1.006450157371266529, 0.06030737921326062567 ) ) ;
#13 = ORIENTED_EDGE ( 'NONE', *, *, #2700, .F. ) ;
#14 = CARTESIAN_POINT ( 'NONE',  ( 148.7734996624061239, -8.064568907250947660, 17.82140865013901987 ) ) ;
#15 = ADVANCED_FACE ( 'NONE', ( #1951 ), #894, .T. ) ;
#16 = CARTESIAN_POINT ( 'NONE',  ( 5.499000000000000554, -7.810249675906655753, 10.50100000000002076 ) ) ;
#17 = VECTOR ( 'NONE', #1790, 1000.000000000000000 ) ;
#18 = DIRECTION ( 'NONE',  ( 0.000000000000000000, 0.000000000000000000, -1.000000000000000000 ) ) ;
#19 = EDGE_LOOP ( 'NONE', ( #2748, #13 ) ) ;
#20 = CARTESIAN_POINT ( 'NONE',  ( 3.000000000000002665, 20.00000000000000000, 0.9999999999999995559 ) ) ;
#21 = CARTESIAN_POINT ( 'NONE',  ( 110.1929953962747391, 19.98747038457119629, 6.004091400336649897 ) ) ;
#22 = B_SPLINE_CURVE_WITH_KNOTS ( 'NONE', 3,
 ( #1684, #809, #760, #368, #2496, #1468 ),
 .UNSPECIFIED., .F., .F.,
 ( 4, 2, 4 ),
 ( 0.000000000000000000, 0.001220692317116322785, 0.002441384634232645571 ),
 .UNSPECIFIED. ) ;
#23 = DIRECTION ( 'NONE',  ( 4.336808689942017736E-16, 0.000000000000000000, -1.000000000000000000 ) ) ;
#24 = ORIENTED_EDGE ( 'NONE', *, *, #2398, .T. ) ;
#25 = ORIENTED_EDGE ( 'NONE', *, *, #407, .T. ) ;
#26 = CARTESIAN_POINT ( 'NONE',  ( 5.499000000000000554, -7.810249675906655753, 9.501000000000018986 ) ) ;
#27 = EDGE_LOOP ( 'NONE', ( #1899, #1151, #2613, #839, #1322 ) ) ;
#28 = EDGE_CURVE ( 'NONE', #2633, #1725, #1999, .T. ) ;
#29 = CARTESIAN_POINT ( 'NONE',  ( 109.9999999999999858, 0.000000000000000000, 0.000000000000000000 ) ) ;
#30 = CARTESIAN_POINT ( 'NONE',  ( 147.1486106866371131, 10.35793492846719310, 20.96517918541707459 ) ) ;
#31 = CARTESIAN_POINT ( 'NONE',  ( 146.9526503818007939, 9.539544568843165706, 19.82318590585730789 ) ) ;
#32 = EDGE_LOOP ( 'NONE', ( #946, #52, #539, #1407 ) ) ;
#33 = VECTOR ( 'NONE', #1956, 1000.000000000000000 ) ;
#34 = APPROVAL_STATUS ( 'not_yet_approved' ) ;
#35 = CARTESIAN_POINT ( 'NONE',  ( 131.1571879246481842, -2.524916439692794334, 8.764764417824169485 ) ) ;
#36 = CARTESIAN_POINT ( 'NONE',  ( 107.8191928093801550, 0.0006030513617851438997, 6.042273841640142251 ) ) ;
#37 = EDGE_CURVE ( 'NONE', #2418, #409, #463, .T. ) ;
#38 = ORIENTED_EDGE ( 'NONE', *, *, #681, .F. ) ;
#39 = CARTESIAN_POINT ( 'NONE',  ( 115.9656533722990019, 0.8229555721771010246, 9.242652329719875937 ) ) ;
#40 = APPROVAL ( #34, 'UNSPECIFIED' ) ;
#41 = ORIENTED_EDGE ( 'NONE', *, *, #2299, .F. ) ;
#42 = CARTESIAN_POINT ( 'NONE',  ( 109.8244100512912382, 19.99993095563820589, 1.000268257709595821 ) ) ;
#43 = CARTESIAN_POINT ( 'NONE',  ( 147.8886938636779576, -8.047637791034093269, 20.17507026191098518 ) ) ;
#44 = CARTESIAN_POINT ( 'NONE',  ( 141.0509066129985172, 12.76672593425287161, 18.67288538400602604 ) ) ;
#45 = CARTESIAN_POINT ( 'NONE',  ( 3.000000000000002665, 19.00000000000000000, 0.000000000000000000 ) ) ;
#46 = EDGE_LOOP ( 'NONE', ( #1376, #2078, #443, #2605 ) ) ;
#47 = AXIS2_PLACEMENT_3D ( 'NONE', #1239, #1608, #2710 ) ;
#48 = CALENDAR_DATE ( 2026, 3, 9 ) ;
#49 = AXIS2_PLACEMENT_3D ( 'NONE', #1775, #1964, #490 ) ;
#50 = CARTESIAN_POINT ( 'NONE',  ( 107.8161785944027145, 19.73900687360027106, 6.673697885384503259 ) ) ;
#51 = CARTESIAN_POINT ( 'NONE',  ( 145.4378635181513459, 11.80707839702774642, 12.89832748659529571 ) ) ;
#52 = ORIENTED_EDGE ( 'NONE', *, *, #949, .T. ) ;
#53 = CARTESIAN_POINT ( 'NONE',  ( 136.0515583705670508, -4.346817251856254671, 16.79349359184024237 ) ) ;
#54 = EDGE_LOOP ( 'NONE', ( #1837, #1286, #516, #406 ) ) ;
#55 = CARTESIAN_POINT ( 'NONE',  ( 141.4796629027538302, -4.305760436612843911, 11.45766028133641434 ) ) ;
#56 = EDGE_CURVE ( 'NONE', #628, #1347, #2132, .T. ) ;
#57 = CARTESIAN_POINT ( 'NONE',  ( 137.4955416922086613, 14.14272984318966841, 17.33632643144636987 ) ) ;
#58 = ORIENTED_EDGE ( 'NONE', *, *, #2478, .T. ) ;
#59 = ORIENTED_EDGE ( 'NONE', *, *, #465, .F. ) ;
#60 = EDGE_CURVE ( 'NONE', #2457, #2216, #2558, .T. ) ;
#61 = DIRECTION ( 'NONE',  ( -1.000000000000000000, 0.000000000000000000, 0.000000000000000000 ) ) ;
#62 = CARTESIAN_POINT ( 'NONE',  ( 139.0969910643638912, 14.62040345587961632, 17.93835506791779721 ) ) ;
#63 = CARTESIAN_POINT ( 'NONE',  ( 8.000000000000007105, 6.599999999999999645, 7.000000000000006217 ) ) ;
#64 = ORIENTED_EDGE ( 'NONE', *, *, #2038, .T. ) ;
#65 =( BOUNDED_CURVE ( )  B_SPLINE_CURVE ( 3, ( #1354, #1811, #2634, #2199 ),
 .UNSPECIFIED., .F., .T. ) 
 B_SPLINE_CURVE_WITH_KNOTS ( ( 4, 4 ),
 ( 1.570796326794896780, 3.141592653589793116 ),
 .UNSPECIFIED. ) 
 CURVE ( )  GEOMETRIC_REPRESENTATION_ITEM ( )  RATIONAL_B_SPLINE_CURVE ( ( 1.000000000000000000, 0.8047378541243650485, 0.8047378541243650485, 1.000000000000000000 ) ) 
 REPRESENTATION_ITEM ( '' )  );
#66 = COORDINATED_UNIVERSAL_TIME_OFFSET ( 2, 0, .AHEAD. ) ;
#67 = CARTESIAN_POINT ( 'NONE',  ( 107.7130659539663640, 19.71561476285333470, 6.699357652180622402 ) ) ;
#68 = CARTESIAN_POINT ( 'NONE',  ( 138.3759942795284132, 14.59817880926990874, 10.32801728545639186 ) ) ;
#69 = CARTESIAN_POINT ( 'NONE',  ( 134.5289103154698012, -3.913919078294035181, 16.22108852654682565 ) ) ;
#70 = ORIENTED_EDGE ( 'NONE', *, *, #314, .F. ) ;
#71 = CARTESIAN_POINT ( 'NONE',  ( 109.6579798566742596, 20.00000000000000000, 0.9396926207858434799 ) ) ;
#72 = CARTESIAN_POINT ( 'NONE',  ( 115.6206123026371841, 19.78533573123853984, 8.043896838090203616 ) ) ;
#73 = DIRECTION ( 'NONE',  ( 0.000000000000000000, 1.000000000000000000, 0.000000000000000000 ) ) ;
#74 = VECTOR ( 'NONE', #1776, 1000.000000000000000 ) ;
#75 = LINE ( 'NONE', #491, #17 ) ;
#76 = ADVANCED_FACE ( 'NONE', ( #2244 ), #193, .T. ) ;
#77 = DIRECTION ( 'NONE',  ( -0.000000000000000000, 1.000000000000000000, -0.000000000000000000 ) ) ;
#78 = ORIENTED_EDGE ( 'NONE', *, *, #2167, .F. ) ;
#79 = VECTOR ( 'NONE', #1740, 1000.000000000000000 ) ;
#80 = CARTESIAN_POINT ( 'NONE',  ( 110.0210094787811101, 19.65061396216860246, 6.808987453900396503 ) ) ;
#81 = EDGE_LOOP ( 'NONE', ( #413, #903, #1304, #1370 ) ) ;
#82 = CARTESIAN_POINT ( 'NONE',  ( 136.1714310984898191, 16.26875201333306364, 9.525621907994180404 ) ) ;
#83 = CARTESIAN_POINT ( 'NONE',  ( 143.3792129390913885, -7.246009888461037995, 19.54815943710593018 ) ) ;
#84 = ORIENTED_EDGE ( 'NONE', *, *, #1147, .F. ) ;
#85 = DIRECTION ( 'NONE',  ( 0.000000000000000000, 1.000000000000000000, 0.000000000000000000 ) ) ;
#86 = CIRCLE ( 'NONE', #1308, 0.9999999999999997780 ) ;
#87 = LINE ( 'NONE', #530, #2715 ) ;
#88 = FACE_OUTER_BOUND ( 'NONE', #384, .T. ) ;
#89 = CARTESIAN_POINT ( 'NONE',  ( 108.6172060037008578, 0.1443008115831784510, 6.471279911515779304 ) ) ;
#90 = CARTESIAN_POINT ( 'NONE',  ( 148.2014095504335671, 10.33730810948065759, 18.15690948464203558 ) ) ;
#91 = CALENDAR_DATE ( 2026, 3, 9 ) ;
#92 = LINE ( 'NONE', #987, #1245 ) ;
#93 = CARTESIAN_POINT ( 'NONE',  ( 144.2160505931821604, -6.139430967320349986, 13.51780172254069079 ) ) ;
#94 = ORIENTED_EDGE ( 'NONE', *, *, #1970, .F. ) ;
#95 = CARTESIAN_POINT ( 'NONE',  ( 5.501000000000000334, 0.000000000000000000, 9.501000000000018986 ) ) ;
#96 = ORIENTED_EDGE ( 'NONE', *, *, #880, .T. ) ;
#97 =( BOUNDED_CURVE ( )  B_SPLINE_CURVE ( 3, ( #1538, #2602, #2, #1098 ),
 .UNSPECIFIED., .F., .F. ) 
 B_SPLINE_CURVE_WITH_KNOTS ( ( 4, 4 ),
 ( 3.141592653589793116, 3.144198285476049293 ),
 .UNSPECIFIED. ) 
 CURVE ( )  GEOMETRIC_REPRESENTATION_ITEM ( )  RATIONAL_B_SPLINE_CURVE ( ( 1.000000000000000000, 0.9999994342236193656, 0.9999994342236193656, 1.000000000000000000 ) ) 
 REPRESENTATION_ITEM ( '' )  );
#98 = CARTESIAN_POINT ( 'NONE',  ( 112.5513943275471718, 0.1585229760157977619, 7.481283546191628275 ) ) ;
#99 = CARTESIAN_POINT ( 'NONE',  ( 120.5841875559670626, 18.20775683482678531, 10.97888569771765077 ) ) ;
#100 = CARTESIAN_POINT ( 'NONE',  ( 108.2253779448937365, 0.1578117834777750250, 6.520500833805579433 ) ) ;
#101 = CARTESIAN_POINT ( 'NONE',  ( 3.000000000000002665, 19.00000000000000000, 7.000000000000006217 ) ) ;
#102 = EDGE_CURVE ( 'NONE', #1730, #2589, #2508, .T. ) ;
#103 = CARTESIAN_POINT ( 'NONE',  ( 108.1304763176651278, 0.09553749739297787147, 6.405783514195379169 ) ) ;
#104 = FACE_OUTER_BOUND ( 'NONE', #181, .T. ) ;
#105 = AXIS2_PLACEMENT_3D ( 'NONE', #2739, #793, #567 ) ;
#106 = CARTESIAN_POINT ( 'NONE',  ( 109.6862068386952416, 1.002243946465535718, -4.553649124439118623E-15 ) ) ;
#107 = EDGE_LOOP ( 'NONE', ( #2740, #1710, #2502, #699 ) ) ;
#108 = CARTESIAN_POINT ( 'NONE',  ( 3.000000000000002665, 1.000000000000000000, 7.000000000000006217 ) ) ;
#109 = ORIENTED_EDGE ( 'NONE', *, *, #899, .T. ) ;
#110 = CARTESIAN_POINT ( 'NONE',  ( 143.4148550467311054, -6.162433999526960804, 19.56155828056841273 ) ) ;
#111 = CARTESIAN_POINT ( 'NONE',  ( 111.5769481060600583, 19.97225624781146891, 6.524255435423672367 ) ) ;
#112 = DIRECTION ( 'NONE',  ( -0.9396926207859083169, 0.000000000000000000, -0.3420201433256691570 ) ) ;
#113 = ADVANCED_FACE ( 'NONE', ( #893, #2234 ), #2439, .F. ) ;
#114 = VERTEX_POINT ( 'NONE', #505 ) ;
#115 = CARTESIAN_POINT ( 'NONE',  ( 8.000000000000007105, 20.00000000000000000, 6.000000000000006217 ) ) ;
#116 = CIRCLE ( 'NONE', #1457, 2.498999999999999666 ) ;
#117 = DIRECTION ( 'NONE',  ( -0.9994674359039734668, -0.03263195623214609070, 0.000000000000000000 ) ) ;
#118 = FACE_OUTER_BOUND ( 'NONE', #2072, .T. ) ;
#119 = EDGE_LOOP ( 'NONE', ( #1199, #850, #2545, #854 ) ) ;
#120 = CARTESIAN_POINT ( 'NONE',  ( 110.1834106557361395, 0.04062809819006807377, 6.000602840077448263 ) ) ;
#121 = CARTESIAN_POINT ( 'NONE',  ( 5.499000000000017430, 0.000000000000000000, 12.00000000000001954 ) ) ;
#122 = CARTESIAN_POINT ( 'NONE',  ( 109.6360297657337100, 19.00000000000000000, 1.301042606982605321E-15 ) ) ;
#123 = EDGE_CURVE ( 'NONE', #380, #1541, #274, .T. ) ;
#124 = CARTESIAN_POINT ( 'NONE',  ( 113.4025997963560286, 18.98526096017661047, 8.279130362457102876 ) ) ;
#125 = VERTEX_POINT ( 'NONE', #2248 ) ;
#126 = CC_DESIGN_PERSON_AND_ORGANIZATION_ASSIGNMENT ( #2670, #2698, ( #2645 ) ) ;
#127 = ORIENTED_EDGE ( 'NONE', *, *, #1187, .T. ) ;
#128 = DIRECTION ( 'NONE',  ( 1.000000000000000000, 0.000000000000000000, -0.000000000000000000 ) ) ;
#129 = CARTESIAN_POINT ( 'NONE',  ( 5.499000000000000554, 0.000000000000000000, 9.501000000000018986 ) ) ;
#130 = CARTESIAN_POINT ( 'NONE',  ( 110.0577203655055030, 0.3576036878022036403, 6.772140880034127619 ) ) ;
#131 = CARTESIAN_POINT ( 'NONE',  ( 5.499000000000000554, 6.599999999999999645, 9.501000000000018986 ) ) ;
#132 = CARTESIAN_POINT ( 'NONE',  ( 122.0415153207093937, 19.34600871987417037, 4.382753152188608503 ) ) ;
#133 = DIRECTION ( 'NONE',  ( -1.000000000000000000, 0.000000000000000000, -0.000000000000000000 ) ) ;
#134 = ORIENTED_EDGE ( 'NONE', *, *, #2270, .F. ) ;
#135 = EDGE_CURVE ( 'NONE', #125, #712, #1576, .T. ) ;
#136 = CARTESIAN_POINT ( 'NONE',  ( 109.9999999999999858, 19.00000000000000000, 1.000000000000000000 ) ) ;
#137 = DIRECTION ( 'NONE',  ( -1.000000000000000000, 0.000000000000000000, 0.000000000000000000 ) ) ;
#138 = AXIS2_PLACEMENT_3D ( 'NONE', #2644, #224, #2826 ) ;
#139 = VERTEX_POINT ( 'NONE', #2194 ) ;
#140 = CARTESIAN_POINT ( 'NONE',  ( 148.5524666665537552, 10.32947824558491234, 17.22429020410019973 ) ) ;
#141 = DIRECTION ( 'NONE',  ( 1.719089139163135776E-31, -1.000000000000000000, -3.469446951953612217E-16 ) ) ;
#142 = VECTOR ( 'NONE', #1158, 1000.000000000000000 ) ;
#143 = CARTESIAN_POINT ( 'NONE',  ( 109.4090972518743712, 0.03948951343516335366, 6.004231169594438811 ) ) ;
#144 = EDGE_CURVE ( 'NONE', #991, #921, #707, .T. ) ;
#145 = ORIENTED_EDGE ( 'NONE', *, *, #1424, .T. ) ;
#146 = CARTESIAN_POINT ( 'NONE',  ( 110.0728454032060739, 0.4140457104181102244, 6.826684312865543447 ) ) ;
#147 = CARTESIAN_POINT ( 'NONE',  ( 126.2737162290025736, 18.26727503577865619, 12.04715490355324015 ) ) ;
#148 = CARTESIAN_POINT ( 'NONE',  ( 149.0503717261176462, -8.081274705556779736, 14.21317294533734632 ) ) ;
#149 = DIRECTION ( 'NONE',  ( 0.000000000000000000, 0.000000000000000000, -1.000000000000000000 ) ) ;
#150 = EDGE_CURVE ( 'NONE', #1759, #2037, #1160, .T. ) ;
#151 = LINE ( 'NONE', #2577, #286 ) ;
#152 = CARTESIAN_POINT ( 'NONE',  ( 106.4619130033174770, 0.7321045113065683951, 6.963669145924883175 ) ) ;
#153 = DIRECTION ( 'NONE',  ( 0.000000000000000000, 0.000000000000000000, 1.000000000000000000 ) ) ;
#154 = CARTESIAN_POINT ( 'NONE',  ( 146.6807762917188143, -8.894450581663440047, 19.01483139128439959 ) ) ;
#155 = DIRECTION ( 'NONE',  ( 0.000000000000000000, 1.000000000000000000, 0.000000000000000000 ) ) ;
#156 = EDGE_CURVE ( 'NONE', #2813, #1443, #466, .T. ) ;
#157 = CARTESIAN_POINT ( 'NONE',  ( 148.6711131933410570, 10.32684392034416554, 16.90909271825290716 ) ) ;
#158 = CARTESIAN_POINT ( 'NONE',  ( 113.2136612916224863, 0.3438960798037065114, 7.982888372873975236 ) ) ;
#159 = ORIENTED_EDGE ( 'NONE', *, *, #2436, .F. ) ;
#160 = CARTESIAN_POINT ( 'NONE',  ( 108.4625973871640383, 0.07678489246434409832, 6.337045672346354408 ) ) ;
#161 = EDGE_CURVE ( 'NONE', #814, #1678, #2396, .T. ) ;
#162 = APPROVAL ( #1779, 'UNSPECIFIED' ) ;
#163 = CARTESIAN_POINT ( 'NONE',  ( 135.7049328522344069, 15.84415193899098639, 15.59191964614394266 ) ) ;
#164 = CARTESIAN_POINT ( 'NONE',  ( 109.8244100512912098, 19.99993095563819878, 1.000268257709581388 ) ) ;
#165 = CARTESIAN_POINT ( 'NONE',  ( 109.4078090934277299, 19.73147688081187923, 6.677932640074422999 ) ) ;
#166 = VERTEX_POINT ( 'NONE', #1803 ) ;
#167 = CARTESIAN_POINT ( 'NONE',  ( 107.7976269828426297, 0.2155315424314035444, 6.620168718237186667 ) ) ;
#168 = DIRECTION ( 'NONE',  ( 1.000000000000000000, 0.000000000000000000, -0.000000000000000000 ) ) ;
#169 = PLANE ( 'NONE',  #1718 ) ;
#170 = ORIENTED_EDGE ( 'NONE', *, *, #1873, .T. ) ;
#171 = AXIS2_PLACEMENT_3D ( 'NONE', #1085, #1936, #1621 ) ;
#172 = CARTESIAN_POINT ( 'NONE',  ( 2.222152302202449636, 0.09595005240477325059, 1.063966701603183074 ) ) ;
#173 = LINE ( 'NONE', #2334, #653 ) ;
#174 =( BOUNDED_CURVE ( )  B_SPLINE_CURVE ( 3, ( #629, #1251, #214, #2622 ),
 .UNSPECIFIED., .F., .T. ) 
 B_SPLINE_CURVE_WITH_KNOTS ( ( 4, 4 ),
 ( 3.138987021703476987, 3.141592653589793116 ),
 .UNSPECIFIED. ) 
 CURVE ( )  GEOMETRIC_REPRESENTATION_ITEM ( )  RATIONAL_B_SPLINE_CURVE ( ( 1.000000000000000000, 0.9999994342236193656, 0.9999994342236193656, 1.000000000000000000 ) ) 
 REPRESENTATION_ITEM ( '' )  );
#175 = CARTESIAN_POINT ( 'NONE',  ( 148.0852042723149680, 10.33990438774135434, 18.46562042988872321 ) ) ;
#176 = CARTESIAN_POINT ( 'NONE',  ( 109.9593047915879396, 19.11097042361287279, 7.023322295740054955 ) ) ;
#177 = DIRECTION ( 'NONE',  ( -5.933103718840724163E-15, -1.000000000000000000, 1.630106849479467362E-14 ) ) ;
#178 = CARTESIAN_POINT ( 'NONE',  ( 1.170030629533379773, 19.38532288021784566, 1.409784746521414167 ) ) ;
#179 = CARTESIAN_POINT ( 'NONE',  ( 126.9111323537902223, 17.49812758732329243, 6.155148804515805594 ) ) ;
#180 = CARTESIAN_POINT ( 'NONE',  ( 107.8161785944026860, 19.00000000000000000, 6.000000000000006217 ) ) ;
#181 = EDGE_LOOP ( 'NONE', ( #2263, #2386, #58, #2189 ) ) ;
#182 = DIRECTION ( 'NONE',  ( 0.000000000000000000, -1.734723475976806848E-16, 1.000000000000000000 ) ) ;
#183 = CARTESIAN_POINT ( 'NONE',  ( 110.1102928200180600, 0.8724716855202842014, 7.005774570744012664 ) ) ;
#184 = CARTESIAN_POINT ( 'NONE',  ( 107.2315450620328505, 0.3347635290713267819, 6.756810540236242169 ) ) ;
#185 = VERTEX_POINT ( 'NONE', #43 ) ;
#186 = ORIENTED_EDGE ( 'NONE', *, *, #1, .F. ) ;
#187 = CARTESIAN_POINT ( 'NONE',  ( 2.607305765700781652, 0.01933826517584499860, 1.012892176783896092 ) ) ;
#188 = CARTESIAN_POINT ( 'NONE',  ( 146.4464256596835696, -8.890127078178904796, 19.63893517515698406 ) ) ;
#189 = AXIS2_PLACEMENT_3D ( 'NONE', #1886, #2165, #1032 ) ;
#190 = FACE_OUTER_BOUND ( 'NONE', #1146, .T. ) ;
#191 = CIRCLE ( 'NONE', #1204, 1.000000000000009104 ) ;
#192 = CARTESIAN_POINT ( 'NONE',  ( 110.2383214069029691, 0.6686585578436045063, 7.010267323319426147 ) ) ;
#193 =( BOUNDED_SURFACE ( )  B_SPLINE_SURFACE ( 3, 2, ( 
 ( #2186, #2293, #122 ),
 ( #941, #1536, #2652 ),
 ( #1360, #700, #2463 ),
 ( #2630, #909, #450 ) ),
 .UNSPECIFIED., .F., .F., .T. ) 
 B_SPLINE_SURFACE_WITH_KNOTS ( ( 4, 4 ),
 ( 3, 3 ),
 ( 0.1147231158758871550, 0.1149107591296505831 ),
 ( 0.000000000000000000, 1.000000000000000000 ),
 .UNSPECIFIED. ) 
 GEOMETRIC_REPRESENTATION_ITEM ( )  RATIONAL_B_SPLINE_SURFACE ( (
 ( 1.000000000000000000, 0.7071067811865476838, 1.000000000000000000),
 ( 1.000000000000000000, 0.7070757326388232844, 1.000000000000000000),
 ( 1.000000000000000000, 0.7070441165777777703, 1.000000000000000000),
 ( 1.000000000000000000, 0.7070119314022929036, 1.000000000000000000) ) ) 
 REPRESENTATION_ITEM ( '' )  SURFACE ( )  );
#194 = CARTESIAN_POINT ( 'NONE',  ( 109.7952775420819336, 19.99146549606999557, 6.120416538823194585 ) ) ;
#195 = CARTESIAN_POINT ( 'NONE',  ( 0.2624986687523492845, 18.29738096459075081, 1.702619035409886239 ) ) ;
#196 = EDGE_CURVE ( 'NONE', #2633, #1759, #1174, .T. ) ;
#197 = DIRECTION ( 'NONE',  ( 0.000000000000000000, 1.000000000000000000, 0.000000000000000000 ) ) ;
#198 = AXIS2_PLACEMENT_3D ( 'NONE', #2626, #1506, #1746 ) ;
#199 = CARTESIAN_POINT ( 'NONE',  ( 5.499000000000017430, -7.810249675906655753, 12.00000000000001954 ) ) ;
#200 = CARTESIAN_POINT ( 'NONE',  ( 0.000000000000000000, 3.000000000000000000, 3.000000000000000000 ) ) ;
#201 = DIRECTION ( 'NONE',  ( 0.000000000000000000, 0.000000000000000000, -1.000000000000000000 ) ) ;
#202 = ADVANCED_FACE ( 'NONE', ( #1387 ), #1349, .T. ) ;
#203 = VERTEX_POINT ( 'NONE', #1789 ) ;
#204 = LINE ( 'NONE', #1533, #1982 ) ;
#205 = CARTESIAN_POINT ( 'NONE',  ( 106.5332232951660387, 19.22818034971733070, 6.974967670863833291 ) ) ;
#206 = CIRCLE ( 'NONE', #1799, 1.000000000000000000 ) ;
#207 = ORIENTED_EDGE ( 'NONE', *, *, #2537, .T. ) ;
#208 = DIRECTION ( 'NONE',  ( 1.000000000000000000, 0.000000000000000000, 0.000000000000000000 ) ) ;
#209 = ORIENTED_EDGE ( 'NONE', *, *, #1566, .T. ) ;
#210 = CARTESIAN_POINT ( 'NONE',  ( 112.8351827302617210, 19.38528580130750711, 7.942039155958596552 ) ) ;
#211 = EDGE_CURVE ( 'NONE', #2716, #2383, #1299, .T. ) ;
#212 = CARTESIAN_POINT ( 'NONE',  ( 1.993848566583859672, 19.84648367744296138, 0.1535163225570045364 ) ) ;
#213 = CARTESIAN_POINT ( 'NONE',  ( 107.8161785944026860, 34.51914434560578115, 20.14765559307450005 ) ) ;
#214 = CARTESIAN_POINT ( 'NONE',  ( 113.4025997963560286, 0.9817605716360645607, 8.279130362457101100 ) ) ;
#215 = AXIS2_PLACEMENT_3D ( 'NONE', #404, #2587, #1512 ) ;
#216 = CARTESIAN_POINT ( 'NONE',  ( 0.000000000000000000, 0.000000000000000000, 0.000000000000000000 ) ) ;
#217 = ORIENTED_EDGE ( 'NONE', *, *, #1671, .T. ) ;
#218 = EDGE_CURVE ( 'NONE', #712, #185, #2476, .T. ) ;
#219 = CARTESIAN_POINT ( 'NONE',  ( 0.07808197337323902198, 2.476504225844304408, 2.214756338766504573 ) ) ;
#220 = CARTESIAN_POINT ( 'NONE',  ( 126.8487596551037768, -0.4515415263380681554, 6.132446998763052548 ) ) ;
#221 = CIRCLE ( 'NONE', #449, 1.000000000000000000 ) ;
#222 = CARTESIAN_POINT ( 'NONE',  ( 109.9564079697154995, 19.26631486482337863, 7.013490280222838713 ) ) ;
#223 = DIRECTION ( 'NONE',  ( -1.000000000000000000, 0.000000000000000000, 0.000000000000000000 ) ) ;
#224 = DIRECTION ( 'NONE',  ( -5.339793346954887380E-15, -1.000000000000000000, 1.467096164531591213E-14 ) ) ;
#225 = VERTEX_POINT ( 'NONE', #2266 ) ;
#226 = AXIS2_PLACEMENT_3D ( 'NONE', #258, #1142, #2003 ) ;
#227 = CARTESIAN_POINT ( 'NONE',  ( 5.499000000000000554, 19.75000000000000000, 9.501000000000018986 ) ) ;
#228 = CARTESIAN_POINT ( 'NONE',  ( 110.1929953962807929, 19.98747038457112168, 6.004091400338958273 ) ) ;
#229 = FACE_OUTER_BOUND ( 'NONE', #32, .T. ) ;
#230 = ADVANCED_FACE ( 'NONE', ( #342 ), #1189, .T. ) ;
#231 = EDGE_LOOP ( 'NONE', ( #2361, #358, #485, #2609 ) ) ;
#232 = CARTESIAN_POINT ( 'NONE',  ( 0.6009994805188101363, 1.156359832361907092, 1.770906554907938135 ) ) ;
#233 = CARTESIAN_POINT ( 'NONE',  ( 116.8646542981067427, 0.8912261298014009236, 2.498529833038395598 ) ) ;
#234 = ORIENTED_EDGE ( 'NONE', *, *, #1716, .F. ) ;
#235 = CARTESIAN_POINT ( 'NONE',  ( 1.707106781187911038, 0.2928932188128021696, 6.707106781187396116 ) ) ;
#236 = CARTESIAN_POINT ( 'NONE',  ( 148.7083515827920053, 9.501908822039640157, 15.15286556612325697 ) ) ;
#237 = AXIS2_PLACEMENT_3D ( 'NONE', #2441, #1362, #911 ) ;
#238 = CARTESIAN_POINT ( 'NONE',  ( 143.1582144603142410, 12.92275690649617736, 12.06860308496957046 ) ) ;
#239 = ORIENTED_EDGE ( 'NONE', *, *, #671, .F. ) ;
#240 = FACE_OUTER_BOUND ( 'NONE', #2011, .T. ) ;
#241 = ADVANCED_FACE ( 'NONE', ( #1440 ), #1629, .F. ) ;
#242 = CARTESIAN_POINT ( 'NONE',  ( 109.8535738694963300, 0.006956536058732440062, 1.010883019453814313 ) ) ;
#243 = CARTESIAN_POINT ( 'NONE',  ( 3.000000000000002665, 19.00000000000000000, 0.000000000000000000 ) ) ;
#244 = ADVANCED_FACE ( 'NONE', ( #786 ), #1604, .T. ) ;
#245 = AXIS2_PLACEMENT_3D ( 'NONE', #1938, #884, #2783 ) ;
#246 = EDGE_LOOP ( 'NONE', ( #24, #824, #262 ) ) ;
#247 = ORIENTED_EDGE ( 'NONE', *, *, #2285, .F. ) ;
#248 = CARTESIAN_POINT ( 'NONE',  ( 109.9999999999999858, 1.000000000000000000, 6.000000000000006217 ) ) ;
#249 = CARTESIAN_POINT ( 'NONE',  ( 113.4957801935804440, 0.04838343781341991612, 1.272359936052004370 ) ) ;
#250 = ORIENTED_EDGE ( 'NONE', *, *, #1805, .T. ) ;
#251 = EDGE_CURVE ( 'NONE', #570, #1635, #2050, .T. ) ;
#252 = CARTESIAN_POINT ( 'NONE',  ( 8.000000000000000000, 6.599999999999999645, 9.501000000000002998 ) ) ;
#253 = VECTOR ( 'NONE', #2464, 1000.000000000000000 ) ;
#254 = CARTESIAN_POINT ( 'NONE',  ( 116.9035587476029860, 18.90712183869266028, 2.512689894635540711 ) ) ;
#255 = ADVANCED_FACE ( 'NONE', ( #2309 ), #2533, .F. ) ;
#256 = APPROVAL_ROLE ( '' ) ;
#257 = CARTESIAN_POINT ( 'NONE',  ( 109.7739456908690698, 19.98564999292738165, 6.126471963934122300 ) ) ;
#258 = CARTESIAN_POINT ( 'NONE',  ( 107.7976269828426155, 1.000000000000000000, 6.000000000000006217 ) ) ;
#259 = LINE ( 'NONE', #842, #2251 ) ;
#260 = ORIENTED_EDGE ( 'NONE', *, *, #156, .T. ) ;
#261 = CARTESIAN_POINT ( 'NONE',  ( 109.9999999999999858, 1.000000000000000000, 1.000000000000000000 ) ) ;
#262 = ORIENTED_EDGE ( 'NONE', *, *, #341, .T. ) ;
#263 = DIRECTION ( 'NONE',  ( -0.000000000000000000, -0.000000000000000000, 1.000000000000000000 ) ) ;
#264 = CARTESIAN_POINT ( 'NONE',  ( 149.0503717261176462, -9.999999999999998224, 14.21317294533734987 ) ) ;
#265 = CARTESIAN_POINT ( 'NONE',  ( 106.3657828942394445, 19.00000000000000000, 7.000000000000006217 ) ) ;
#266 = ORIENTED_EDGE ( 'NONE', *, *, #1034, .F. ) ;
#267 = MECHANICAL_CONTEXT ( 'NONE', #1235, 'mechanical' ) ;
#268 = EDGE_CURVE ( 'NONE', #326, #2243, #2479, .T. ) ;
#269 = CARTESIAN_POINT ( 'NONE',  ( 5.500999999999983459, -7.810249675906655753, 12.00000000000001954 ) ) ;
#270 = CARTESIAN_POINT ( 'NONE',  ( 145.5110443490094667, 12.70455763069414878, 13.98914090322396042 ) ) ;
#271 = CYLINDRICAL_SURFACE ( 'NONE', #605, 1.000000000000000000 ) ;
#272 = CARTESIAN_POINT ( 'NONE',  ( 141.1820302927900457, -5.254659816982302445, 11.34933087056934120 ) ) ;
#273 = CARTESIAN_POINT ( 'NONE',  ( 112.8086618741536142, 18.92737276019004611, 8.055852846683013269 ) ) ;
#274 = LINE ( 'NONE', #1334, #2475 ) ;
#275 = CARTESIAN_POINT ( 'NONE',  ( 145.3141946333339547, 10.52251119222607478, 20.27557199926731357 ) ) ;
#276 = SPHERICAL_SURFACE ( 'NONE', #138, 1.000000000000000000 ) ;
#277 = EDGE_LOOP ( 'NONE', ( #1337, #209, #25, #1059, #1800, #624 ) ) ;
#278 = COORDINATED_UNIVERSAL_TIME_OFFSET ( 2, 0, .AHEAD. ) ;
#279 = AXIS2_PLACEMENT_3D ( 'NONE', #559, #1400, #1617 ) ;
#280 = CARTESIAN_POINT ( 'NONE',  ( 109.9977639494926080, 19.53116847852767890, 6.901684355119517278 ) ) ;
#281 = CARTESIAN_POINT ( 'NONE',  ( 109.7182842004371821, -0.008859822145863970044, 1.434342838225719668E-12 ) ) ;
#282 = EDGE_LOOP ( 'NONE', ( #2005, #710, #1410, #1559, #260 ) ) ;
#283 = CARTESIAN_POINT ( 'NONE',  ( 140.8498739173472245, -4.962977316967416286, 18.59731169322710187 ) ) ;
#284 = ORIENTED_EDGE ( 'NONE', *, *, #771, .F. ) ;
#285 = CARTESIAN_POINT ( 'NONE',  ( 141.4355489556168948, -5.214441228830872355, 18.81748296484898830 ) ) ;
#286 = VECTOR ( 'NONE', #381, 1000.000000000000000 ) ;
#287 = CARTESIAN_POINT ( 'NONE',  ( 111.2053294841630873, 18.97242078057989545, 7.453116332284769996 ) ) ;
#288 = EDGE_CURVE ( 'NONE', #2298, #2457, #757, .T. ) ;
#289 = CARTESIAN_POINT ( 'NONE',  ( 108.6238971279564112, 0.1876150863962230131, 6.577892305788251015 ) ) ;
#290 = CARTESIAN_POINT ( 'NONE',  ( 146.1596007226665677, 11.37632723193711826, 19.51915414770267176 ) ) ;
#291 = CIRCLE ( 'NONE', #2257, 0.2500000000000002220 ) ;
#292 = CARTESIAN_POINT ( 'NONE',  ( 149.0221706692672683, 10.31899613928726822, 15.97647368981930427 ) ) ;
#293 = CARTESIAN_POINT ( 'NONE',  ( 112.1270318274517450, 19.68276276979572259, 7.447327796514496612 ) ) ;
#294 = CARTESIAN_POINT ( 'NONE',  ( 143.1643484641357702, 13.85309566783067226, 13.13501345225031791 ) ) ;
#295 = ORIENTED_EDGE ( 'NONE', *, *, #1810, .T. ) ;
#296 = CARTESIAN_POINT ( 'NONE',  ( 123.4519205985363470, 19.08097952120442997, 5.960276464055561441 ) ) ;
#297 = B_SPLINE_CURVE_WITH_KNOTS ( 'NONE', 3,
 ( #755, #312, #1201, #2062, #99, #994, #1849, #2718, #1628, #783, #2518, #2232, #1159, #2020, #57, #948, #2594, #823 ),
 .UNSPECIFIED., .F., .F.,
 ( 4, 2, 2, 2, 2, 2, 2, 2, 4 ),
 ( 0.003628342191538418051, 0.008249617387935347795, 0.01287089258433227711, 0.01749216778072920642, 0.02211344297712613399, 0.02442408057532463594, 0.02673471817352313790, 0.03135599336992006547, 0.04059854376271398307 ),
 .UNSPECIFIED. ) ;
#298 = VERTEX_POINT ( 'NONE', #2707 ) ;
#299 = CARTESIAN_POINT ( 'NONE',  ( 111.1685781443115246, 20.00000000000000000, 7.254557658830957045 ) ) ;
#300 = CARTESIAN_POINT ( 'NONE',  ( 126.0933560601742442, 18.30667491315310258, 11.97937101017643791 ) ) ;
#301 = CARTESIAN_POINT ( 'NONE',  ( 106.3648494416946022, 0.9982627546022793119, 6.999998868036128918 ) ) ;
#302 = CARTESIAN_POINT ( 'NONE',  ( 107.8302566377108036, 0.0006030513617584411928, 6.011876223126780161 ) ) ;
#303 = CARTESIAN_POINT ( 'NONE',  ( 147.8503526955332745, 10.34512460394768674, 19.08952897585128383 ) ) ;
#304 = PERSON_AND_ORGANIZATION_ROLE ( 'creator' ) ;
#305 = PRODUCT_DEFINITION_FORMATION_WITH_SPECIFIED_SOURCE ( 'ANY', '', #935, .NOT_KNOWN. ) ;
#306 = CARTESIAN_POINT ( 'NONE',  ( 111.7596233023840568, 19.78930674405535584, 7.179307913108538663 ) ) ;
#307 = CARTESIAN_POINT ( 'NONE',  ( 109.6174781541736252, 0.9999999999999995559, -4.553649124439118623E-15 ) ) ;
#308 = DIRECTION ( 'NONE',  ( 0.000000000000000000, 0.000000000000000000, 1.000000000000000000 ) ) ;
#309 = ORIENTED_EDGE ( 'NONE', *, *, #2682, .T. ) ;
#310 = CARTESIAN_POINT ( 'NONE',  ( 1.917418236062374604, 0.1924500978634123005, 6.606663660238033309 ) ) ;
#311 = CARTESIAN_POINT ( 'NONE',  ( 113.4479964349006593, 0.5062491014266586875, 8.190610516811005937 ) ) ;
#312 = CARTESIAN_POINT ( 'NONE',  ( 114.8450028046585345, 18.81983514187313844, 8.821369119067600906 ) ) ;
#313 = VECTOR ( 'NONE', #1014, 1000.000000000000000 ) ;
#314 = EDGE_CURVE ( 'NONE', #114, #2674, #1874, .T. ) ;
#315 = CARTESIAN_POINT ( 'NONE',  ( 3.000000000000000888, 13.39999999999999858, 9.501000000000002998 ) ) ;
#316 = DIRECTION ( 'NONE',  ( -0.000000000000000000, -1.000000000000000000, -0.000000000000000000 ) ) ;
#317 = DIRECTION ( 'NONE',  ( 0.000000000000000000, 3.469446951953612217E-16, -1.000000000000000000 ) ) ;
#318 = CARTESIAN_POINT ( 'NONE',  ( 109.6360297657337242, 19.52198665876327865, 0.1077730963901873257 ) ) ;
#319 = CARTESIAN_POINT ( 'NONE',  ( 3.035766082959412415E-15, 17.00000000000000000, 3.000000000000000000 ) ) ;
#320 = CARTESIAN_POINT ( 'NONE',  ( 147.6454325945375956, 10.51472080042165302, 13.70181692048639910 ) ) ;
#321 = ORIENTED_EDGE ( 'NONE', *, *, #1970, .T. ) ;
#322 = CARTESIAN_POINT ( 'NONE',  ( 143.3027612493734182, 13.79246823554008117, 13.18539158612174234 ) ) ;
#323 = CARTESIAN_POINT ( 'NONE',  ( 137.3665077998883817, -3.719666483223813547, 17.28781906080893904 ) ) ;
#324 = ADVANCED_FACE ( 'NONE', ( #88 ), #659, .F. ) ;
#325 = CARTESIAN_POINT ( 'NONE',  ( 118.4010714645963702, 18.49267739412166733, 10.15819262642801846 ) ) ;
#326 = VERTEX_POINT ( 'NONE', #315 ) ;
#327 = CARTESIAN_POINT ( 'NONE',  ( 147.8886938636779576, -8.047637791034093269, 20.17507026191098518 ) ) ;
#328 = CARTESIAN_POINT ( 'NONE',  ( 8.000000000000007105, 13.40000000000000036, 7.000000000000080824 ) ) ;
#329 = VECTOR ( 'NONE', #1517, 1000.000000000000000 ) ;
#330 = EDGE_LOOP ( 'NONE', ( #2059, #1171, #983 ) ) ;
#331 = FACE_BOUND ( 'NONE', #1510, .T. ) ;
#332 = EDGE_CURVE ( 'NONE', #697, #380, #1123, .T. ) ;
#333 = CARTESIAN_POINT ( 'NONE',  ( 3.035766082959412415E-15, 17.39276987814954012, 2.738153414568418320 ) ) ;
#334 = CARTESIAN_POINT ( 'NONE',  ( 121.6994951773646392, 19.34600871967523261, 5.322445772970680444 ) ) ;
#335 = EDGE_LOOP ( 'NONE', ( #134, #944, #1427, #1865, #2596, #2424, #2733, #2178, #834 ) ) ;
#336 = DIRECTION ( 'NONE',  ( 0.000000000000000000, 0.000000000000000000, 1.000000000000000000 ) ) ;
#337 = AXIS2_PLACEMENT_3D ( 'NONE', #2187, #201, #2200 ) ;
#338 = ORIENTED_EDGE ( 'NONE', *, *, #2249, .F. ) ;
#339 = CARTESIAN_POINT ( 'NONE',  ( 124.7993627741001745, -0.5433733857725583372, 12.56348539420999622 ) ) ;
#340 = CARTESIAN_POINT ( 'NONE',  ( 109.9999999999999858, 20.00000000000000000, 0.000000000000000000 ) ) ;
#341 = EDGE_CURVE ( 'NONE', #915, #628, #2442, .T. ) ;
#342 = FACE_OUTER_BOUND ( 'NONE', #2415, .T. ) ;
#343 = CARTESIAN_POINT ( 'NONE',  ( 109.8236730192915473, 18.99993126322743464, 1.000000000000009992 ) ) ;
#344 = EDGE_LOOP ( 'NONE', ( #2086, #1318, #958, #1182, #70, #38 ) ) ;
#345 = CARTESIAN_POINT ( 'NONE',  ( 110.0629792653003278, 0.3097579573119124685, 6.723727011174111645 ) ) ;
#346 = CARTESIAN_POINT ( 'NONE',  ( 107.8161785944026860, 19.73900687360027106, 6.673697885384503259 ) ) ;
#347 = CARTESIAN_POINT ( 'NONE',  ( 111.8462822384551174, 1.063387004410456305, 0.6719917788520389790 ) ) ;
#348 = CARTESIAN_POINT ( 'NONE',  ( 108.6096209665875705, 0.06774528284701326897, 6.306483229374206800 ) ) ;
#349 = ORIENTED_EDGE ( 'NONE', *, *, #2731, .F. ) ;
#350 = CARTESIAN_POINT ( 'NONE',  ( 110.0315688165567138, 0.9419260095331697391, 6.997744537560135925 ) ) ;
#351 = EDGE_CURVE ( 'NONE', #1443, #991, #979, .T. ) ;
#352 = LINE ( 'NONE', #807, #615 ) ;
#353 =( BOUNDED_SURFACE ( )  B_SPLINE_SURFACE ( 3, 2, ( 
 ( #2371, #1928, #1698 ),
 ( #1330, #1319, #11 ),
 ( #219, #1107, #905 ),
 ( #1548, #1960, #2801 ),
 ( #2416, #1093, #232 ),
 ( #2831, #887, #2425 ),
 ( #1287, #2148, #1712 ),
 ( #684, #1944, #399 ),
 ( #2384, #2190, #1120 ),
 ( #2815, #1760, #2638 ),
 ( #1270, #2133, #172 ),
 ( #2583, #416, #187 ),
 ( #1078, #1061, #2597 ),
 ( #1914, #2786, #633 ) ),
 .UNSPECIFIED., .F., .F., .T. ) 
 B_SPLINE_SURFACE_WITH_KNOTS ( ( 4, 2, 2, 2, 2, 2, 4 ),
 ( 3, 3 ),
 ( 1.570796326794896558, 1.963495408493620697, 2.356194490192344837, 2.552544031041707129, 2.748893571891068976, 2.945243112740430824, 3.141592653589793116 ),
 ( 0.000000000000000000, 1.000000000000000000 ),
 .UNSPECIFIED. ) 
 GEOMETRIC_REPRESENTATION_ITEM ( )  RATIONAL_B_SPLINE_SURFACE ( (
 ( 1.000000000000000000, 1.000000000000000000, 1.000000000000000000),
 ( 1.000000000000000000, 1.000158582174080157, 1.000000000000000000),
 ( 1.000000000000000000, 0.9867291873849087791, 1.000000000000000000),
 ( 1.000000000000000000, 0.9386556523774040039, 1.000000000000000000),
 ( 1.000000000000000000, 0.9038128866905857928, 1.000000000000000000),
 ( 1.000000000000000000, 0.8471316623313646099, 1.000000000000000000),
 ( 1.000000000000000000, 0.8275942669551060726, 1.000000000000000000),
 ( 1.000000000000000000, 0.7902180112882357665, 1.000000000000000000),
 ( 1.000000000000000000, 0.7723968187713018407, 1.000000000000000000),
 ( 1.000000000000000000, 0.7418334209259030976, 1.000000000000000000),
 ( 1.000000000000000000, 0.7291288917604100694, 1.000000000000000000),
 ( 1.000000000000000000, 0.7117460047829068381, 1.000000000000000000),
 ( 1.000000000000000000, 0.7070717266846634486, 1.000000000000000000),
 ( 1.000000000000000000, 0.7071067811865475727, 1.000000000000000000) ) ) 
 REPRESENTATION_ITEM ( '' )  SURFACE ( )  );
#354 = ORIENTED_EDGE ( 'NONE', *, *, #1987, .T. ) ;
#355 = CARTESIAN_POINT ( 'NONE',  ( 106.3657828942394445, 19.00000000000000000, 27.00000000000000711 ) ) ;
#356 = CARTESIAN_POINT ( 'NONE',  ( 106.8928067509570639, 19.44579956323035574, 6.897166461959777450 ) ) ;
#357 = CARTESIAN_POINT ( 'NONE',  ( 106.3657828942394445, 19.00000000000000000, 7.000000000000006217 ) ) ;
#358 = ORIENTED_EDGE ( 'NONE', *, *, #1345, .T. ) ;
#359 = CARTESIAN_POINT ( 'NONE',  ( 107.8604711048614178, 0.1155456001732979299, 6.463642979428156465 ) ) ;
#360 = B_SPLINE_CURVE_WITH_KNOTS ( 'NONE', 3,
 ( #385, #292, #1045, #140, #90, #303, #734 ),
 .UNSPECIFIED., .F., .F.,
 ( 4, 3, 4 ),
 ( 5.295880929093772504E-17, 0.002000000000080967826, 0.004989603678288702555 ),
 .UNSPECIFIED. ) ;
#361 = CARTESIAN_POINT ( 'NONE',  ( 3.000000000000005329, 19.00000000000000000, 4.336808689942017736E-16 ) ) ;
#362 = CARTESIAN_POINT ( 'NONE',  ( 116.8788409273238784, 0.8902501645751395021, 2.503693343798027549 ) ) ;
#363 = DIRECTION ( 'NONE',  ( 0.000000000000000000, 1.000000000000000000, 0.000000000000000000 ) ) ;
#364 = CARTESIAN_POINT ( 'NONE',  ( 149.7093515827920100, 6.599999999999999645, 7.000000000000079936 ) ) ;
#365 = FACE_OUTER_BOUND ( 'NONE', #1135, .T. ) ;
#366 = DIRECTION ( 'NONE',  ( 0.5644578978191974183, 0.8254618595607750020, 0.000000000000000000 ) ) ;
#367 = AXIS2_PLACEMENT_3D ( 'NONE', #2042, #77, #1192 ) ;
#368 = CARTESIAN_POINT ( 'NONE',  ( 110.8412139649625345, 19.95731260400769358, 6.493646493722249780 ) ) ;
#369 = DIRECTION ( 'NONE',  ( -1.000000000000000000, 0.000000000000000000, -0.000000000000000000 ) ) ;
#370 = CIRCLE ( 'NONE', #1975, 0.9999999999999997780 ) ;
#371 = EDGE_CURVE ( 'NONE', #1169, #1614, #1328, .T. ) ;
#372 = CARTESIAN_POINT ( 'NONE',  ( 120.7055738280867416, 0.1870754599071553781, 11.02451811867413589 ) ) ;
#373 = CARTESIAN_POINT ( 'NONE',  ( 113.3261512223456577, 0.4044153264129083936, 8.077240354424413127 ) ) ;
#374 = AXIS2_PLACEMENT_3D ( 'NONE', #1641, #2523, #1618 ) ;
#375 = DIRECTION ( 'NONE',  ( -1.719089139163135776E-31, 1.000000000000000000, 3.469446951953612217E-16 ) ) ;
#376 = CARTESIAN_POINT ( 'NONE',  ( 2.803648237606783500, 20.00000000000000000, 1.000000000004059419 ) ) ;
#377 = CARTESIAN_POINT ( 'NONE',  ( 109.8236730192915331, 1.006450157371267196, 0.000000000000000000 ) ) ;
#378 = FACE_OUTER_BOUND ( 'NONE', #645, .T. ) ;
#379 = MANIFOLD_SOLID_BREP ( '<BratV1>-<Fillet7>', #1390 ) ;
#380 = VERTEX_POINT ( 'NONE', #1699 ) ;
#381 = DIRECTION ( 'NONE',  ( 0.000000000000000000, -1.000000000000000000, 0.000000000000000000 ) ) ;
#382 = CARTESIAN_POINT ( 'NONE',  ( 5.499000000000000554, 19.75000000000000000, 9.501000000000018986 ) ) ;
#383 = CARTESIAN_POINT ( 'NONE',  ( 112.1626327730692054, 0.2054248836493773045, 7.387009353004093448 ) ) ;
#384 = EDGE_LOOP ( 'NONE', ( #746, #2818, #865, #2581 ) ) ;
#385 = CARTESIAN_POINT ( 'NONE',  ( 149.2570228453244283, 10.31374609175085943, 15.35256557408234634 ) ) ;
#386 = CARTESIAN_POINT ( 'NONE',  ( 125.7093792128905818, -1.671754172290480955, 11.83939546340153548 ) ) ;
#387 = CARTESIAN_POINT ( 'NONE',  ( 147.8900550129140754, 10.05379205864390002, 20.17144948466310694 ) ) ;
#388 = CARTESIAN_POINT ( 'NONE',  ( 107.2693266371049816, 0.3365878588039889485, 6.748534933891410681 ) ) ;
#389 =( BOUNDED_SURFACE ( )  B_SPLINE_SURFACE ( 3, 2, ( 
 ( #2250, #30, #2206 ),
 ( #290, #1764, #275 ),
 ( #521, #1176, #2440 ),
 ( #478, #1149, #1125 ),
 ( #2009, #1821, #44 ),
 ( #2694, #2235, #2024 ),
 ( #1606, #62, #689 ),
 ( #951, #910, #1985 ),
 ( #1163, #1804, #1553 ),
 ( #2679, #519, #1409 ),
 ( #964, #731, #1004 ),
 ( #1422, #2491, #2505 ),
 ( #2036, #1818, #2265 ),
 ( #300, #1385, #2294 ),
 ( #978, #544, #2692 ),
 ( #1616, #2676, #325 ),
 ( #1588, #1802, #1212 ),
 ( #1173, #2729, #772 ),
 ( #72, #504, #2076 ),
 ( #1188, #2247, #273 ),
 ( #111, #2461, #287 ),
 ( #1603, #742, #1830 ) ),
 .UNSPECIFIED., .F., .F., .T. ) 
 B_SPLINE_SURFACE_WITH_KNOTS ( ( 4, 2, 2, 2, 2, 2, 2, 2, 2, 2, 4 ),
 ( 3, 3 ),
 ( 0.008464343201377001052, 0.01352067845284143748, 0.01604884607857365655, 0.01857701370430587390, 0.02363334895577030859, 0.02616151658150252593, 0.02868968420723474327, 0.03880235471016361959, 0.04133052233589583346, 0.04385868996162805428, 0.04891502521309248896 ),
 ( 0.000000000000000000, 1.000000000000000000 ),
 .UNSPECIFIED. ) 
 GEOMETRIC_REPRESENTATION_ITEM ( )  RATIONAL_B_SPLINE_SURFACE ( (
 ( 1.000000000000000000, 0.7049403263810940512, 1.000000000000000000),
 ( 1.000000000000000000, 0.7051511810448833906, 1.000000000000000000),
 ( 1.000000000000000000, 0.7053529535446620979, 1.000000000000000000),
 ( 1.000000000000000000, 0.7056129768939121139, 1.000000000000000000),
 ( 1.000000000000000000, 0.7056927012525705534, 1.000000000000000000),
 ( 1.000000000000000000, 0.7058360738330179407, 1.000000000000000000),
 ( 1.000000000000000000, 0.7058998570518192350, 1.000000000000000000),
 ( 1.000000000000000000, 0.7060646131767813749, 1.000000000000000000),
 ( 1.000000000000000000, 0.7061396910590395093, 1.000000000000000000),
 ( 1.000000000000000000, 0.7062035819602738851, 1.000000000000000000),
 ( 1.000000000000000000, 0.7062141562829855612, 1.000000000000000000),
 ( 1.000000000000000000, 0.7062454898474177512, 1.000000000000000000),
 ( 1.000000000000000000, 0.7062635828586710796, 1.000000000000000000),
 ( 1.000000000000000000, 0.7063666036608196030, 1.000000000000000000),
 ( 1.000000000000000000, 0.7064900339227750958, 1.000000000000000000),
 ( 1.000000000000000000, 0.7066982344885549550, 1.000000000000000000),
 ( 1.000000000000000000, 0.7067446560417763868, 1.000000000000000000),
 ( 1.000000000000000000, 0.7068299943167711819, 1.000000000000000000),
 ( 1.000000000000000000, 0.7068689032503588932, 1.000000000000000000),
 ( 1.000000000000000000, 0.7069740524278751437, 1.000000000000000000),
 ( 1.000000000000000000, 0.7070286876828267841, 1.000000000000000000),
 ( 1.000000000000000000, 0.7070680388656197524, 1.000000000000000000) ) ) 
 REPRESENTATION_ITEM ( '' )  SURFACE ( )  );
#390 = CARTESIAN_POINT ( 'NONE',  ( 110.1929953962748243, 19.98747038457119629, 6.004091400336685425 ) ) ;
#391 = CARTESIAN_POINT ( 'NONE',  ( 3.000000000000006217, 20.00000000000000355, 4.336808689942017736E-16 ) ) ;
#392 = ORIENTED_EDGE ( 'NONE', *, *, #931, .F. ) ;
#393 = CARTESIAN_POINT ( 'NONE',  ( 5.499000000000000554, 0.000000000000000000, 8.501000000000018986 ) ) ;
#394 = CARTESIAN_POINT ( 'NONE',  ( 108.6118265600326964, 19.73561639429406256, 6.677398598364999494 ) ) ;
#395 = ORIENTED_EDGE ( 'NONE', *, *, #1671, .F. ) ;
#396 = CARTESIAN_POINT ( 'NONE',  ( 108.2104340125861626, 0.2006803496967330958, 6.601946198580803227 ) ) ;
#397 = FACE_OUTER_BOUND ( 'NONE', #1294, .T. ) ;
#398 = DIRECTION ( 'NONE',  ( -0.006931036737909981177, -0.9999725855010873632, -0.002605566350841817536 ) ) ;
#399 = CARTESIAN_POINT ( 'NONE',  ( 1.496547972348959865, 0.3965052064026103884, 1.264336804268406889 ) ) ;
#400 = CARTESIAN_POINT ( 'NONE',  ( 121.0828846025116974, -0.8278995709260996705, 10.09965906918593781 ) ) ;
#401 = DIRECTION ( 'NONE',  ( -5.204170427930418325E-16, -3.469446951953612217E-16, 1.000000000000000000 ) ) ;
#402 = EDGE_CURVE ( 'NONE', #435, #1381, #1788, .T. ) ;
#403 = CARTESIAN_POINT ( 'NONE',  ( 106.3883930297753579, 19.07017710494819696, 7.000000000000009770 ) ) ;
#404 = CARTESIAN_POINT ( 'NONE',  ( 5.499000000000000554, -7.810249675906655753, 9.501000000000018986 ) ) ;
#405 = CARTESIAN_POINT ( 'NONE',  ( 118.2673598003565019, 19.56817715357419729, 9.038455424771258961 ) ) ;
#406 = ORIENTED_EDGE ( 'NONE', *, *, #2105, .T. ) ;
#407 = EDGE_CURVE ( 'NONE', #1976, #2032, #892, .T. ) ;
#408 = DIRECTION ( 'NONE',  ( 0.000000000000000000, 0.000000000000000000, 1.000000000000000000 ) ) ;
#409 = VERTEX_POINT ( 'NONE', #2584 ) ;
#410 = LINE ( 'NONE', #199, #2069 ) ;
#411 = DIRECTION ( 'NONE',  ( 0.000000000000000000, 0.000000000000000000, -1.000000000000000000 ) ) ;
#412 = CARTESIAN_POINT ( 'NONE',  ( 113.3990003999758613, 18.89209477623892397, 8.277761672821075223 ) ) ;
#413 = ORIENTED_EDGE ( 'NONE', *, *, #2663, .T. ) ;
#414 = ORIENTED_EDGE ( 'NONE', *, *, #2682, .F. ) ;
#415 = EDGE_CURVE ( 'NONE', #1029, #2269, #1079, .T. ) ;
#416 = CARTESIAN_POINT ( 'NONE',  ( 2.479904456292406856, 0.03222929600371984837, 0.03222929600371984837 ) ) ;
#417 = CARTESIAN_POINT ( 'NONE',  ( 0.6342058179246287120, 19.19469759603799375, 6.194697596037999965 ) ) ;
#418 = CIRCLE ( 'NONE', #1787, 1.000000000000000888 ) ;
#419 = ORIENTED_EDGE ( 'NONE', *, *, #1047, .T. ) ;
#420 = FACE_OUTER_BOUND ( 'NONE', #2365, .T. ) ;
#421 = ORIENTED_EDGE ( 'NONE', *, *, #547, .T. ) ;
#422 = CARTESIAN_POINT ( 'NONE',  ( 112.9728094684170117, 19.30033643336374993, 8.031537066837277195 ) ) ;
#423 = LINE ( 'NONE', #1112, #1809 ) ;
#424 = CARTESIAN_POINT ( 'NONE',  ( 0.6009994805187928169, 18.84364016763807825, 1.770906554907938135 ) ) ;
#425 = ORIENTED_EDGE ( 'NONE', *, *, #1771, .F. ) ;
#426 = EDGE_CURVE ( 'NONE', #520, #2074, #370, .T. ) ;
#427 = ORIENTED_EDGE ( 'NONE', *, *, #2398, .F. ) ;
#428 = CARTESIAN_POINT ( 'NONE',  ( 113.4024101645254348, 0.9452817923039528170, 8.279059074663440043 ) ) ;
#429 = PLANE ( 'NONE',  #2286 ) ;
#430 = ORIENTED_EDGE ( 'NONE', *, *, #251, .F. ) ;
#431 = FACE_OUTER_BOUND ( 'NONE', #796, .T. ) ;
#432 = CARTESIAN_POINT ( 'NONE',  ( 111.5029582973686502, 0.06283619767730086458, 1.611209856019986342 ) ) ;
#433 = CIRCLE ( 'NONE', #1656, 20.00000000000000355 ) ;
#434 = ORIENTED_EDGE ( 'NONE', *, *, #1019, .F. ) ;
#435 = VERTEX_POINT ( 'NONE', #1271 ) ;
#436 = CARTESIAN_POINT ( 'NONE',  ( 106.6708424845321588, 19.32372440025220328, 6.946312041626902634 ) ) ;
#437 = CYLINDRICAL_SURFACE ( 'NONE', #1184, 1.000000000000000000 ) ;
#438 = CARTESIAN_POINT ( 'NONE',  ( 145.4371913529804772, 11.80742983496703147, 12.89808283848056902 ) ) ;
#439 = EDGE_CURVE ( 'NONE', #1131, #1889, #2758, .T. ) ;
#440 = CARTESIAN_POINT ( 'NONE',  ( 5.499000000000000554, 6.599999999999999645, 9.501000000000018986 ) ) ;
#441 = CARTESIAN_POINT ( 'NONE',  ( 146.9526503818007370, 9.539544568843203010, 19.82318590585730433 ) ) ;
#442 = CARTESIAN_POINT ( 'NONE',  ( 3.000000000000002665, 0.000000000000000000, 6.000000000000006217 ) ) ;
#443 = ORIENTED_EDGE ( 'NONE', *, *, #268, .F. ) ;
#444 = EDGE_CURVE ( 'NONE', #114, #2298, #748, .T. ) ;
#445 = CARTESIAN_POINT ( 'NONE',  ( 2.561521753854430372, 19.25319062550170557, 6.975952851097816598 ) ) ;
#446 = CARTESIAN_POINT ( 'NONE',  ( 110.1955940128196829, 0.006956536058652999267, 0.07119039866704843234 ) ) ;
#447 = ORIENTED_EDGE ( 'NONE', *, *, #1659, .F. ) ;
#448 = VERTEX_POINT ( 'NONE', #1667 ) ;
#449 = AXIS2_PLACEMENT_3D ( 'NONE', #866, #2397, #2604 ) ;
#450 = CARTESIAN_POINT ( 'NONE',  ( 109.8236730192914479, 18.99993126322743464, -1.778091562876227272E-14 ) ) ;
#451 = DIRECTION ( 'NONE',  ( -1.000000000000000000, -1.734723475976805517E-15, 0.000000000000000000 ) ) ;
#452 = DIRECTION ( 'NONE',  ( 0.000000000000000000, 0.000000000000000000, 1.000000000000000000 ) ) ;
#453 = CARTESIAN_POINT ( 'NONE',  ( 148.3614239807840818, 10.02920895314922412, 13.96241647307111400 ) ) ;
#454 = ORIENTED_EDGE ( 'NONE', *, *, #332, .F. ) ;
#455 = EDGE_CURVE ( 'NONE', #2401, #326, #1690, .T. ) ;
#456 = CARTESIAN_POINT ( 'NONE',  ( 109.8244100512912382, 19.99993095563820589, 1.000268257709595821 ) ) ;
#457 = CARTESIAN_POINT ( 'NONE',  ( 113.4025997963560286, 1.000000000000000000, 8.279130362457102876 ) ) ;
#458 = CARTESIAN_POINT ( 'NONE',  ( 4.185732752414179995E-15, 18.17157287525381193, 1.242640687119284992 ) ) ;
#459 = ORIENTED_EDGE ( 'NONE', *, *, #2700, .T. ) ;
#460 = ADVANCED_FACE ( 'NONE', ( #2354 ), #1929, .F. ) ;
#461 = DIRECTION ( 'NONE',  ( -1.000000000000000000, 0.000000000000000000, -0.000000000000000000 ) ) ;
#462 = CARTESIAN_POINT ( 'NONE',  ( 136.0862288827777320, -3.790965350074593676, 10.55878861009360214 ) ) ;
#463 = B_SPLINE_CURVE_WITH_KNOTS ( 'NONE', 3,
 ( #2025, #2207, #318, #2029, #1153, #1841 ),
 .UNSPECIFIED., .F., .F.,
 ( 4, 2, 4 ),
 ( 0.000000000000000000, 0.5000000000000000000, 1.000000000000000000 ),
 .UNSPECIFIED. ) ;
#464 = ORIENTED_EDGE ( 'NONE', *, *, #1436, .T. ) ;
#465 = EDGE_CURVE ( 'NONE', #1306, #558, #173, .T. ) ;
#466 = LINE ( 'NONE', #1984, #2338 ) ;
#467 = CARTESIAN_POINT ( 'NONE',  ( 148.7083515827919484, -8.081274705556767302, 15.15286556612330848 ) ) ;
#468 = CIRCLE ( 'NONE', #2617, 1.000000000000000888 ) ;
#469 = CARTESIAN_POINT ( 'NONE',  ( 123.5903416698213277, 18.10208273456870032, 4.946479841322605431 ) ) ;
#470 =( NAMED_UNIT ( * ) SI_UNIT ( $, .STERADIAN. ) SOLID_ANGLE_UNIT ( ) );
#471 = CARTESIAN_POINT ( 'NONE',  ( 135.9806297763247755, -3.762430753524111715, 10.52035367854830916 ) ) ;
#472 = DIRECTION ( 'NONE',  ( 0.000000000000000000, 0.000000000000000000, 1.000000000000000000 ) ) ;
#473 = CIRCLE ( 'NONE', #845, 1.000000000000000888 ) ;
#474 = ORIENTED_EDGE ( 'NONE', *, *, #1853, .T. ) ;
#475 = CARTESIAN_POINT ( 'NONE',  ( 149.2570228453244283, 10.31374609175090562, 15.35256557408236056 ) ) ;
#476 = CARTESIAN_POINT ( 'NONE',  ( 138.2831114884816657, -3.271572175838621366, 10.29421071423981182 ) ) ;
#477 = CARTESIAN_POINT ( 'NONE',  ( 2.782701330030296738, 19.99999999999999645, 6.125457131949971767 ) ) ;
#478 = CARTESIAN_POINT ( 'NONE',  ( 142.5145643011348398, 13.35111083894839012, 18.15027886508255861 ) ) ;
#479 = AXIS2_PLACEMENT_3D ( 'NONE', #2222, #1590, #2429 ) ;
#480 = DIRECTION ( 'NONE',  ( 0.000000000000000000, -8.673617379884027583E-15, 1.000000000000000000 ) ) ;
#481 = EDGE_LOOP ( 'NONE', ( #474, #562, #2146 ) ) ;
#482 = DIRECTION ( 'NONE',  ( 0.000000000000000000, 1.000000000000000000, 0.000000000000000000 ) ) ;
#483 =( BOUNDED_CURVE ( )  B_SPLINE_CURVE ( 3, ( #1165, #1791, #2236, #1351 ),
 .UNSPECIFIED., .F., .T. ) 
 B_SPLINE_CURVE_WITH_KNOTS ( ( 4, 4 ),
 ( 1.570796326794896780, 3.141592653589793116 ),
 .UNSPECIFIED. ) 
 CURVE ( )  GEOMETRIC_REPRESENTATION_ITEM ( )  RATIONAL_B_SPLINE_CURVE ( ( 1.000000000000000000, 0.8047378541243650485, 0.8047378541243650485, 1.000000000000000000 ) ) 
 REPRESENTATION_ITEM ( '' )  );
#484 = CARTESIAN_POINT ( 'NONE',  ( 149.0503717261177599, 9.501908822039602853, 14.21317294533738007 ) ) ;
#485 = ORIENTED_EDGE ( 'NONE', *, *, #2690, .T. ) ;
#486 = CARTESIAN_POINT ( 'NONE',  ( 139.3466073720727252, -4.393717437517741686, 18.03219266777317387 ) ) ;
#487 = ORIENTED_EDGE ( 'NONE', *, *, #1071, .T. ) ;
#488 = CARTESIAN_POINT ( 'NONE',  ( 133.1843026569626716, -2.940901478415253401, 8.438396069315752257 ) ) ;
#489 = ORIENTED_EDGE ( 'NONE', *, *, #56, .T. ) ;
#490 = DIRECTION ( 'NONE',  ( 0.000000000000000000, 0.000000000000000000, -1.000000000000000000 ) ) ;
#491 = CARTESIAN_POINT ( 'NONE',  ( 149.7093515827920100, 13.40000000000000036, 7.000000000000080824 ) ) ;
#492 = APPROVAL_PERSON_ORGANIZATION ( #922, #162, #2028 ) ;
#493 = CARTESIAN_POINT ( 'NONE',  ( 3.000000000000002665, 1.000000000000000000, 7.000000000000006217 ) ) ;
#494 = CARTESIAN_POINT ( 'NONE',  ( 149.0503717261176462, 9.501908822039640157, 14.21317294533734987 ) ) ;
#495 = PERSON_AND_ORGANIZATION ( #1963, #1587 ) ;
#496 = CARTESIAN_POINT ( 'NONE',  ( 109.9822896739100173, 19.46232986257422581, 6.942035002790442277 ) ) ;
#497 = EDGE_CURVE ( 'NONE', #409, #2738, #1980, .T. ) ;
#498 = CARTESIAN_POINT ( 'NONE',  ( 138.6348796380006831, 15.55953114915474877, 10.42224385003226317 ) ) ;
#499 = ORIENTED_EDGE ( 'NONE', *, *, #1019, .T. ) ;
#500 = CARTESIAN_POINT ( 'NONE',  ( 3.000000000000002665, 13.39999999999999858, 7.000000000000006217 ) ) ;
#501 = ORIENTED_EDGE ( 'NONE', *, *, #1446, .F. ) ;
#502 = ADVANCED_FACE ( 'NONE', ( #1549 ), #1460, .T. ) ;
#503 = CARTESIAN_POINT ( 'NONE',  ( 145.0492668004177403, 13.60780882192911356, 13.82106762068256955 ) ) ;
#504 = CARTESIAN_POINT ( 'NONE',  ( 115.2685707601849856, 19.78600525139841793, 8.980599902847783866 ) ) ;
#505 = CARTESIAN_POINT ( 'NONE',  ( 3.000000000000002665, 1.000000000000000000, 0.000000000000000000 ) ) ;
#506 = CARTESIAN_POINT ( 'NONE',  ( 110.1656931626171598, 18.99993126322743464, 0.06030737921409264068 ) ) ;
#507 = CARTESIAN_POINT ( 'NONE',  ( 109.8236730192915331, 0.000000000000000000, 0.000000000000000000 ) ) ;
#508 = EDGE_LOOP ( 'NONE', ( #2202, #430, #1535, #2753 ) ) ;
#509 = AXIS2_PLACEMENT_3D ( 'NONE', #1923, #806, #2543 ) ;
#510 = AXIS2_PLACEMENT_3D ( 'NONE', #1202, #2063, #1455 ) ;
#511 = CARTESIAN_POINT ( 'NONE',  ( 110.0028372024550549, 19.56142953922846672, 6.881844091242989236 ) ) ;
#512 = CARTESIAN_POINT ( 'NONE',  ( 109.8236730192734854, 1.006450157370804899, 4.336808689942017736E-15 ) ) ;
#513 = ADVANCED_FACE ( 'NONE', ( #1133 ), #1996, .F. ) ;
#514 = ORIENTED_EDGE ( 'NONE', *, *, #251, .T. ) ;
#515 = CARTESIAN_POINT ( 'NONE',  ( 146.0993758418595974, -8.885380540972407815, 20.57074309900451681 ) ) ;
#516 = ORIENTED_EDGE ( 'NONE', *, *, #1216, .T. ) ;
#517 = DIRECTION ( 'NONE',  ( 0.000000000000000000, 0.000000000000000000, -1.000000000000000000 ) ) ;
#518 = AXIS2_PLACEMENT_3D ( 'NONE', #1957, #1895, #2768 ) ;
#519 = CARTESIAN_POINT ( 'NONE',  ( 132.8319408375579940, 16.53983647042882410, 15.58315126875052847 ) ) ;
#520 = VERTEX_POINT ( 'NONE', #698 ) ;
#521 = CARTESIAN_POINT ( 'NONE',  ( 144.7359421723627975, 12.23847681196697756, 18.98457163419518068 ) ) ;
#522 = CARTESIAN_POINT ( 'NONE',  ( 113.5025721023792755, 0.6200368052970964827, 8.261131022551705172 ) ) ;
#523 = DIRECTION ( 'NONE',  ( -0.9998823287991006614, 0.01534042226560057912, 0.000000000000000000 ) ) ;
#524 = PERSON_AND_ORGANIZATION ( #1963, #1587 ) ;
#525 = CARTESIAN_POINT ( 'NONE',  ( 110.0277444328046812, 19.67921648081835073, 6.781395102925398710 ) ) ;
#526 = CARTESIAN_POINT ( 'NONE',  ( 146.2823078705416435, 12.28717291877623197, 14.26985786782876175 ) ) ;
#527 = CARTESIAN_POINT ( 'NONE',  ( 138.4577260252881388, 15.50906678781640480, 11.42194298058342206 ) ) ;
#528 = ORIENTED_EDGE ( 'NONE', *, *, #2105, .F. ) ;
#529 = DIRECTION ( 'NONE',  ( 0.000000000000000000, 1.000000000000000000, 0.000000000000000000 ) ) ;
#530 = CARTESIAN_POINT ( 'NONE',  ( 90.34702482936528156, 20.00000000000000000, 53.99610550642093187 ) ) ;
#531 = CARTESIAN_POINT ( 'NONE',  ( 109.9998163342943798, 0.9721988862522117358, 6.999930955035979174 ) ) ;
#532 = CARTESIAN_POINT ( 'NONE',  ( 111.7751759194214571, 0.2415216634246156735, 7.275544994279233180 ) ) ;
#533 = ORIENTED_EDGE ( 'NONE', *, *, #444, .F. ) ;
#534 = APPROVAL_DATE_TIME ( #723, #162 ) ;
#535 = CARTESIAN_POINT ( 'NONE',  ( 110.0774060650832382, 0.4365167568686593724, 6.844683340073834721 ) ) ;
#536 = ADVANCED_FACE ( 'NONE', ( #1359 ), #2219, .T. ) ;
#537 = CARTESIAN_POINT ( 'NONE',  ( 148.2003663687800952, -8.922563096391796122, 14.96797406877560555 ) ) ;
#538 = CARTESIAN_POINT ( 'NONE',  ( 143.1588489250685257, 12.92249133445229603, 12.06883401125484134 ) ) ;
#539 = ORIENTED_EDGE ( 'NONE', *, *, #1752, .T. ) ;
#540 = CARTESIAN_POINT ( 'NONE',  ( 126.8222166510920914, 18.46511069917655590, 7.186963907850742572 ) ) ;
#541 = B_SPLINE_CURVE_WITH_KNOTS ( 'NONE', 3,
 ( #2002, #1167, #942, #1366, #706, #2030, #2013, #724, #471, #1756, #35, #1570, #2213, #1129, #1582, #2443, #957, #242 ),
 .UNSPECIFIED., .F., .F.,
 ( 4, 2, 2, 2, 2, 2, 2, 2, 4 ),
 ( 0.000000000000000000, 0.002675730337895439355, 0.005351460675790878710, 0.01070292135158175742, 0.01605438202737263786, 0.02140584270316351484, 0.03210876405474527573, 0.03746022473053615270, 0.04281168540632702968 ),
 .UNSPECIFIED. ) ;
#542 = FACE_OUTER_BOUND ( 'NONE', #2467, .T. ) ;
#543 = EDGE_CURVE ( 'NONE', #1520, #1889, #1877, .T. ) ;
#544 = CARTESIAN_POINT ( 'NONE',  ( 122.5373951735553675, 18.96308736944354578, 11.71314988313168826 ) ) ;
#545 = CARTESIAN_POINT ( 'NONE',  ( 113.4025365627665849, 0.9635178464171575419, 8.279106591220683597 ) ) ;
#546 = CARTESIAN_POINT ( 'NONE',  ( 0.000000000000000000, 1.000000000000000000, 4.000000000000006217 ) ) ;
#547 = EDGE_CURVE ( 'NONE', #814, #927, #191, .T. ) ;
#548 = EDGE_LOOP ( 'NONE', ( #1857, #1213, #792, #1494 ) ) ;
#549 = CARTESIAN_POINT ( 'NONE',  ( 112.5618952446802439, 0.1600202856360775916, 7.488364206805045775 ) ) ;
#550 = CARTESIAN_POINT ( 'NONE',  ( 110.1007955421832065, 19.89411654124171136, 6.461296627063651599 ) ) ;
#551 = CARTESIAN_POINT ( 'NONE',  ( 113.2075782852756589, 19.99710712634492893, 2.231640792335479517 ) ) ;
#552 = CARTESIAN_POINT ( 'NONE',  ( 148.4742428235647367, 9.527018909857003948, 18.61745828572420436 ) ) ;
#553 = VECTOR ( 'NONE', #797, 1000.000000000000000 ) ;
#554 = ORIENTED_EDGE ( 'NONE', *, *, #407, .F. ) ;
#555 = CARTESIAN_POINT ( 'NONE',  ( 123.3817524803965853, -0.2700084166964356602, 12.03056689737420015 ) ) ;
#556 = DIRECTION ( 'NONE',  ( 0.000000000000000000, 0.000000000000000000, -1.000000000000000000 ) ) ;
#557 = ORIENTED_EDGE ( 'NONE', *, *, #1472, .T. ) ;
#558 = VERTEX_POINT ( 'NONE', #1200 ) ;
#559 = CARTESIAN_POINT ( 'NONE',  ( 109.9999999999999858, 0.000000000000000000, 0.000000000000000000 ) ) ;
#560 = CARTESIAN_POINT ( 'NONE',  ( 111.7719218454319332, 0.2519819323615551387, 7.291308761184511766 ) ) ;
#561 = VECTOR ( 'NONE', #1314, 1000.000000000000000 ) ;
#562 = ORIENTED_EDGE ( 'NONE', *, *, #1446, .T. ) ;
#563 = ADVANCED_FACE ( 'NONE', ( #1816 ), #2060, .T. ) ;
#564 = CARTESIAN_POINT ( 'NONE',  ( 111.2899086545550347, 0.06014573423001274427, 6.675693695589090204 ) ) ;
#565 = CARTESIAN_POINT ( 'NONE',  ( 108.5527980360086104, 19.88131869072175206, 6.474568174831718537 ) ) ;
#566 = CARTESIAN_POINT ( 'NONE',  ( 5.499000000000000554, 19.75000000000000000, 10.75100000000002076 ) ) ;
#567 = DIRECTION ( 'NONE',  ( 0.000000000000000000, 0.000000000000000000, 1.000000000000000000 ) ) ;
#568 = CARTESIAN_POINT ( 'NONE',  ( 113.4697039340936158, 0.8581661314343870250, 8.304356643878449518 ) ) ;
#569 = DIRECTION ( 'NONE',  ( 1.000000000000000000, 0.000000000000000000, 0.000000000000000000 ) ) ;
#570 = VERTEX_POINT ( 'NONE', #121 ) ;
#571 = LINE ( 'NONE', #1391, #2198 ) ;
#572 = CARTESIAN_POINT ( 'NONE',  ( 106.3649126752669360, 0.9991312990075887912, 7.000000000000009770 ) ) ;
#573 = CARTESIAN_POINT ( 'NONE',  ( 5.499000000000000554, 6.599999999999999645, 8.501000000000018986 ) ) ;
#574 = VECTOR ( 'NONE', #1526, 1000.000000000000114 ) ;
#575 = CARTESIAN_POINT ( 'NONE',  ( 110.0559960276436300, 0.3460880874413315711, 6.760297920853402864 ) ) ;
#576 = AXIS2_PLACEMENT_3D ( 'NONE', #1708, #569, #1696 ) ;
#577 = CARTESIAN_POINT ( 'NONE',  ( 2.033353018320479766, 19.84677831103850920, 1.102147792640976620 ) ) ;
#578 = SPHERICAL_SURFACE ( 'NONE', #2026, 1.000000000000000000 ) ;
#579 = CYLINDRICAL_SURFACE ( 'NONE', #2034, 1.000000000000000888 ) ;
#580 = CC_DESIGN_APPROVAL ( #40, ( #1947 ) ) ;
#581 = ADVANCED_FACE ( 'NONE', ( #1408 ), #1384, .T. ) ;
#582 = EDGE_LOOP ( 'NONE', ( #2655, #932, #487, #1523 ) ) ;
#583 = CARTESIAN_POINT ( 'NONE',  ( 113.4024101645243405, 0.9452817923052067028, 8.279059074663049245 ) ) ;
#584 = DIRECTION ( 'NONE',  ( -8.595445695815679977E-32, 1.000000000000000000, 1.734723475976806848E-16 ) ) ;
#585 = LINE ( 'NONE', #1900, #1833 ) ;
#586 = CARTESIAN_POINT ( 'NONE',  ( 5.501000000000000334, 13.40000000000000213, 9.501000000000018986 ) ) ;
#587 = CYLINDRICAL_SURFACE ( 'NONE', #374, 20.00000000000000000 ) ;
#588 = AXIS2_PLACEMENT_3D ( 'NONE', #440, #1527, #408 ) ;
#589 = CARTESIAN_POINT ( 'NONE',  ( 107.1119959433113138, 0.3841809444065933388, 6.788158927798983555 ) ) ;
#590 = CARTESIAN_POINT ( 'NONE',  ( 113.4831377372278496, 0.8264715083251427119, 8.305014628387828779 ) ) ;
#591 = CYLINDRICAL_SURFACE ( 'NONE', #2409, 2.498999999999999666 ) ;
#592 = CARTESIAN_POINT ( 'NONE',  ( 3.035766082959412415E-15, 17.26184658543302319, 2.607230121851674021 ) ) ;
#593 = CARTESIAN_POINT ( 'NONE',  ( 126.8608371328116817, -0.4539522570571438154, 6.136842841153726802 ) ) ;
#594 = CARTESIAN_POINT ( 'NONE',  ( 109.4096261370169145, 19.99537881501470693, 6.391763965980803874 ) ) ;
#595 = ORIENTED_EDGE ( 'NONE', *, *, #1762, .F. ) ;
#596 = CARTESIAN_POINT ( 'NONE',  ( 113.4024101645254348, 0.9452817923039528170, 8.279059074663440043 ) ) ;
#597 = CARTESIAN_POINT ( 'NONE',  ( 8.000000000000007105, 6.599999999999999645, 7.000000000000079936 ) ) ;
#598 = CARTESIAN_POINT ( 'NONE',  ( 113.5092551128844320, 0.6743423103827675957, 8.281157727821636172 ) ) ;
#599 = CARTESIAN_POINT ( 'NONE',  ( 106.3783307911604794, 0.8462176117149468046, 6.990056693077747241 ) ) ;
#600 = VECTOR ( 'NONE', #703, 1000.000000000000000 ) ;
#601 = CARTESIAN_POINT ( 'NONE',  ( 146.4464256596835696, -8.890127078178904796, 19.63893517515698406 ) ) ;
#602 = CARTESIAN_POINT ( 'NONE',  ( 109.6360697656945717, 19.99999999999769429, 1.000000055945251765 ) ) ;
#603 = CARTESIAN_POINT ( 'NONE',  ( 109.8236730192915473, 18.99993126322743464, 1.000000000000009992 ) ) ;
#604 = CARTESIAN_POINT ( 'NONE',  ( 109.9984331797472663, 18.94426705251419918, 7.000000000000015099 ) ) ;
#605 = AXIS2_PLACEMENT_3D ( 'NONE', #2261, #1157, #308 ) ;
#606 = CARTESIAN_POINT ( 'NONE',  ( 113.2274090630482277, 19.11008650576648549, 8.189505152001327559 ) ) ;
#607 = CARTESIAN_POINT ( 'NONE',  ( 2.222152302202441199, 19.90404994759522594, 1.063966701603183074 ) ) ;
#608 = CARTESIAN_POINT ( 'NONE',  ( 109.6174781541736394, 1.000000000000000000, 0.000000000000000000 ) ) ;
#609 = CARTESIAN_POINT ( 'NONE',  ( 110.4122799511396096, 0.04109086834881568728, 6.139438390556328784 ) ) ;
#610 = ORIENTED_EDGE ( 'NONE', *, *, #439, .T. ) ;
#611 = CARTESIAN_POINT ( 'NONE',  ( 5.500999999999983459, 6.599999999999997868, 12.00000000000001954 ) ) ;
#612 = CARTESIAN_POINT ( 'NONE',  ( 4.185732752414179995E-15, 1.242640687119284992, 1.828427124746190069 ) ) ;
#613 = CARTESIAN_POINT ( 'NONE',  ( 3.000000000000002665, 0.000000000000000000, 1.000000000000000000 ) ) ;
#614 = ADVANCED_FACE ( 'NONE', ( #542 ), #729, .T. ) ;
#615 = VECTOR ( 'NONE', #137, 1000.000000000000000 ) ;
#616 = ORIENTED_EDGE ( 'NONE', *, *, #1364, .T. ) ;
#617 = EDGE_LOOP ( 'NONE', ( #2546, #1329, #2697, #727 ) ) ;
#618 = PLANE ( 'NONE',  #198 ) ;
#619 = DIRECTION ( 'NONE',  ( 0.0003875443932753832622, -0.01186989827671868815, -0.9999294751752464405 ) ) ;
#620 = CARTESIAN_POINT ( 'NONE',  ( 131.8052716024199071, -3.096584501359367803, 14.13148112219350772 ) ) ;
#621 = CARTESIAN_POINT ( 'NONE',  ( 113.2437475485082388, 0.3587379658120802839, 8.007704605724912383 ) ) ;
#622 = CARTESIAN_POINT ( 'NONE',  ( 113.3990003999759040, 18.89209477623892397, 8.277761672821085881 ) ) ;
#623 = CARTESIAN_POINT ( 'NONE',  ( 0.4261790687600610084, 18.60969295905617926, 1.390307040943987937 ) ) ;
#624 = ORIENTED_EDGE ( 'NONE', *, *, #1651, .F. ) ;
#625 = CARTESIAN_POINT ( 'NONE',  ( 110.1265724981230107, 0.09537853894557471457, 6.362592498241261829 ) ) ;
#626 = CIRCLE ( 'NONE', #2225, 1.000000000000001554 ) ;
#627 = ADVANCED_FACE ( 'NONE', ( #1829 ), #2245, .T. ) ;
#628 = VERTEX_POINT ( 'NONE', #98 ) ;
#629 = CARTESIAN_POINT ( 'NONE',  ( 113.4024101645254348, 0.9452817923039528170, 8.279059074663440043 ) ) ;
#630 = FACE_OUTER_BOUND ( 'NONE', #886, .T. ) ;
#631 = CARTESIAN_POINT ( 'NONE',  ( 109.9984331797472521, 18.94426705251419918, 7.000000000000013323 ) ) ;
#632 = ORIENTED_EDGE ( 'NONE', *, *, #2317, .T. ) ;
#633 = CARTESIAN_POINT ( 'NONE',  ( 3.000000000000005329, 4.336808689942017736E-16, 1.000000000000000444 ) ) ;
#634 = CARTESIAN_POINT ( 'NONE',  ( 3.000000000000002220, 6.599999999999999645, 7.000000000000007105 ) ) ;
#635 = ORIENTED_EDGE ( 'NONE', *, *, #2726, .F. ) ;
#636 = LINE ( 'NONE', #1095, #709 ) ;
#637 = VERTEX_POINT ( 'NONE', #963 ) ;
#638 = CARTESIAN_POINT ( 'NONE',  ( 107.0625117799948782, 0.4006850786440700474, 6.800779082496928751 ) ) ;
#639 = EDGE_CURVE ( 'NONE', #2457, #2633, #2214, .T. ) ;
#640 = CARTESIAN_POINT ( 'NONE',  ( 108.6025407902991446, 19.89437530222101458, 6.461473859405539422 ) ) ;
#641 = CC_DESIGN_PERSON_AND_ORGANIZATION_ASSIGNMENT ( #1377, #954, ( #1947 ) ) ;
#642 = CARTESIAN_POINT ( 'NONE',  ( 113.4283829929387934, 19.91761118763694327, 7.220068910014137309 ) ) ;
#643 = ORIENTED_EDGE ( 'NONE', *, *, #1191, .T. ) ;
#644 = B_SPLINE_CURVE_WITH_KNOTS ( 'NONE', 3,
 ( #1727, #2606, #1073, #1480, #1706, #1922 ),
 .UNSPECIFIED., .F., .F.,
 ( 4, 2, 4 ),
 ( -4.279199119180956902E-05, 0.001355945369440625121, 0.002754682730073059783 ),
 .UNSPECIFIED. ) ;
#645 = EDGE_LOOP ( 'NONE', ( #1703, #1949, #696, #2637 ) ) ;
#646 = LINE ( 'NONE', #1087, #561 ) ;
#647 = CARTESIAN_POINT ( 'NONE',  ( 113.4421420117829058, 0.5044442161830345883, 8.186005388405906302 ) ) ;
#648 = DIRECTION ( 'NONE',  ( 0.1263952357497267198, 0.000000000000000000, -0.9919799616825790700 ) ) ;
#649 = ORIENTED_EDGE ( 'NONE', *, *, #1399, .T. ) ;
#650 = ORIENTED_EDGE ( 'NONE', *, *, #969, .T. ) ;
#651 = CARTESIAN_POINT ( 'NONE',  ( 5.499000000000000554, 13.40000000000000213, 9.501000000000018986 ) ) ;
#652 = CARTESIAN_POINT ( 'NONE',  ( 136.3529597977456547, -4.335201047018943044, 15.84150102627601697 ) ) ;
#653 = VECTOR ( 'NONE', #369, 1000.000000000000000 ) ;
#654 = ORIENTED_EDGE ( 'NONE', *, *, #1110, .T. ) ;
#655 = AXIS2_PLACEMENT_3D ( 'NONE', #879, #1736, #2615 ) ;
#656 = CARTESIAN_POINT ( 'NONE',  ( 106.3657828942394445, 19.00000000000000000, 7.000000000000009770 ) ) ;
#657 = EDGE_CURVE ( 'NONE', #1316, #1347, #1840, .T. ) ;
#658 = DIRECTION ( 'NONE',  ( 0.000000000000000000, 1.000000000000000000, 0.000000000000000000 ) ) ;
#659 =( BOUNDED_SURFACE ( )  B_SPLINE_SURFACE ( 3, 2, ( 
 ( #1214, #1832, #2039 ),
 ( #2494, #1654, #572 ),
 ( #545, #1425, #301 ),
 ( #1411, #531, #2283 ) ),
 .UNSPECIFIED., .F., .F., .F. ) 
 B_SPLINE_SURFACE_WITH_KNOTS ( ( 4, 4 ),
 ( 3, 3 ),
 ( 0.8283662775697295810, 0.8291187212665608319 ),
 ( 0.000000000000000000, 1.000000000000000000 ),
 .UNSPECIFIED. ) 
 GEOMETRIC_REPRESENTATION_ITEM ( )  RATIONAL_B_SPLINE_SURFACE ( (
 ( 1.000000000000000000, 0.9838809587234487175, 1.000000000000000000),
 ( 1.000000000000000000, 0.9838809587235155529, 1.000000000000000000),
 ( 1.000000000000000000, 0.9838806894920140156, 1.000000000000000000),
 ( 1.000000000000000000, 0.9838801513219824768, 1.000000000000000000) ) ) 
 REPRESENTATION_ITEM ( '' )  SURFACE ( )  );
#660 = CARTESIAN_POINT ( 'NONE',  ( 106.3649126752824969, 18.88652285270547893, 7.000000000000006217 ) ) ;
#661 = AXIS2_PLACEMENT_3D ( 'NONE', #2509, #1203, #2720 ) ;
#662 = CARTESIAN_POINT ( 'NONE',  ( 109.8236730192892452, 1.006450157371267196, 0.9999999999991679989 ) ) ;
#663 = ADVANCED_FACE ( 'NONE', ( #630 ), #852, .F. ) ;
#664 = CARTESIAN_POINT ( 'NONE',  ( 3.000000000000002665, 0.000000000000000000, 7.000000000000006217 ) ) ;
#665 = DIRECTION ( 'NONE',  ( -1.000000000000000000, 0.000000000000000000, 0.000000000000000000 ) ) ;
#666 = ORIENTED_EDGE ( 'NONE', *, *, #1265, .T. ) ;
#667 = ADVANCED_FACE ( 'NONE', ( #397 ), #2657, .T. ) ;
#668 = CARTESIAN_POINT ( 'NONE',  ( 1.707106781187908595, 19.70710678118719628, 6.707106781187394340 ) ) ;
#669 = CARTESIAN_POINT ( 'NONE',  ( 109.6988632006816999, 19.99999998551246705, 1.000087881675148838 ) ) ;
#670 = ORIENTED_EDGE ( 'NONE', *, *, #1626, .T. ) ;
#671 = EDGE_CURVE ( 'NONE', #2037, #2298, #2727, .T. ) ;
#672 = CARTESIAN_POINT ( 'NONE',  ( 149.3540966133425059, -8.075699334250396433, 16.27696945535187112 ) ) ;
#673 = LINE ( 'NONE', #1933, #1898 ) ;
#674 = CARTESIAN_POINT ( 'NONE',  ( 113.4025997963565260, 18.88652285270468667, 8.279130362457289394 ) ) ;
#675 = EDGE_CURVE ( 'NONE', #2628, #2625, #468, .T. ) ;
#676 = LINE ( 'NONE', #1515, #33 ) ;
#677 = FACE_OUTER_BOUND ( 'NONE', #2756, .T. ) ;
#678 = VECTOR ( 'NONE', #1719, 1000.000000000000000 ) ;
#679 = CARTESIAN_POINT ( 'NONE',  ( 109.9991962003592079, 18.90577707465778801, 7.000000000001572076 ) ) ;
#680 = ORIENTED_EDGE ( 'NONE', *, *, #1179, .T. ) ;
#681 = EDGE_CURVE ( 'NONE', #1002, #114, #1451, .T. ) ;
#682 = CC_DESIGN_DATE_AND_TIME_ASSIGNMENT ( #985, #1838, ( #2645 ) ) ;
#683 = EDGE_LOOP ( 'NONE', ( #425, #84, #59, #1433, #2687, #349, #414, #1942, #447 ) ) ;
#684 = CARTESIAN_POINT ( 'NONE',  ( 1.496547972348959865, 1.264336804268406889, 0.3965052064026103884 ) ) ;
#685 = CARTESIAN_POINT ( 'NONE',  ( 118.5428638460796975, 0.7482622056447298942, 3.109348155361916888 ) ) ;
#686 = ORIENTED_EDGE ( 'NONE', *, *, #1752, .F. ) ;
#687 = LOCAL_TIME ( 20, 59, 9.000000000000000000, #278 ) ;
#688 = CARTESIAN_POINT ( 'NONE',  ( 1.917430067068046418, 19.80755555253320921, 6.606658009841409829 ) ) ;
#689 = CARTESIAN_POINT ( 'NONE',  ( 138.7923520152390040, 13.67110435193143658, 17.82383291408138604 ) ) ;
#690 = CARTESIAN_POINT ( 'NONE',  ( 131.8492231906374457, 16.37587477879409903, 7.952466883230871808 ) ) ;
#691 = ORIENTED_EDGE ( 'NONE', *, *, #2481, .F. ) ;
#692 = CIRCLE ( 'NONE', #1467, 1.000000000000000000 ) ;
#693 = CARTESIAN_POINT ( 'NONE',  ( 110.8754968782177031, 19.94632634233023438, 6.518905655226951090 ) ) ;
#694 =( BOUNDED_SURFACE ( )  B_SPLINE_SURFACE ( 3, 2, ( 
 ( #412, #631, #1781 ),
 ( #1531, #2648, #2812 ),
 ( #1544, #679, #1757 ),
 ( #1940, #2215, #8 ) ),
 .UNSPECIFIED., .F., .F., .T. ) 
 B_SPLINE_SURFACE_WITH_KNOTS ( ( 4, 4 ),
 ( 3, 3 ),
 ( 0.000000000000000000, 0.0001134804839570933716 ),
 ( 0.000000000000000000, 1.000000000000000000 ),
 .UNSPECIFIED. ) 
 GEOMETRIC_REPRESENTATION_ITEM ( )  RATIONAL_B_SPLINE_SURFACE ( (
 ( 1.000000000000000000, 0.9838983474828451037, 1.000000000000000000),
 ( 1.000000000000000000, 0.9838937114229432401, 1.000000000000000000),
 ( 1.000000000000000000, 0.9838879159037359212, 1.000000000000000000),
 ( 1.000000000000000000, 0.9838809587234489396, 1.000000000000000000) ) ) 
 REPRESENTATION_ITEM ( '' )  SURFACE ( )  );
#695 = CARTESIAN_POINT ( 'NONE',  ( 109.6360297657337100, 19.00000000000000000, 0.000000000000000000 ) ) ;
#696 = ORIENTED_EDGE ( 'NONE', *, *, #1665, .T. ) ;
#697 = VERTEX_POINT ( 'NONE', #1088 ) ;
#698 = CARTESIAN_POINT ( 'NONE',  ( 107.8302566377117842, 0.0006030513617902578645, 6.011876223126759733 ) ) ;
#699 = ORIENTED_EDGE ( 'NONE', *, *, #681, .T. ) ;
#700 = CARTESIAN_POINT ( 'NONE',  ( 109.7616151436058658, 20.00015452572976571, -2.852294890081271780E-12 ) ) ;
#701 = FACE_OUTER_BOUND ( 'NONE', #119, .T. ) ;
#702 = AXIS2_PLACEMENT_3D ( 'NONE', #2668, #1325, #18 ) ;
#703 = DIRECTION ( 'NONE',  ( 0.000000000000000000, 0.000000000000000000, -1.000000000000000000 ) ) ;
#704 = VERTEX_POINT ( 'NONE', #2319 ) ;
#705 = DATE_AND_TIME ( #48, #1817 ) ;
#706 = CARTESIAN_POINT ( 'NONE',  ( 144.5560901242602938, -6.815704888176933096, 13.64156599032693507 ) ) ;
#707 = B_SPLINE_CURVE_WITH_KNOTS ( 'NONE', 3,
 ( #1750, #688, #933, #2022, #477, #918 ),
 .UNSPECIFIED., .F., .F.,
 ( 4, 2, 4 ),
 ( 2.168404344971008868E-19, 0.0007527434974304062724, 0.001505486994860812328 ),
 .UNSPECIFIED. ) ;
#708 = CARTESIAN_POINT ( 'NONE',  ( 109.6504999836577809, -0.01140866359944738700, -4.336808689942017736E-15 ) ) ;
#709 = VECTOR ( 'NONE', #1783, 1000.000000000000000 ) ;
#710 = ORIENTED_EDGE ( 'NONE', *, *, #144, .T. ) ;
#711 = CARTESIAN_POINT ( 'NONE',  ( 149.2570228453244283, 10.31374609175085943, 15.35256557408234634 ) ) ;
#712 = VERTEX_POINT ( 'NONE', #1663 ) ;
#713 = CARTESIAN_POINT ( 'NONE',  ( 143.0541880502449317, -4.890153083419345847, 12.03074056812680226 ) ) ;
#714 = ADVANCED_FACE ( 'NONE', ( #2130 ), #2754, .T. ) ;
#715 = ORIENTED_EDGE ( 'NONE', *, *, #1138, .T. ) ;
#716 = VECTOR ( 'NONE', #805, 1000.000000000000000 ) ;
#717 = CARTESIAN_POINT ( 'NONE',  ( 110.1929953962748243, 19.98747038457119629, 6.004091400336685425 ) ) ;
#718 = LINE ( 'NONE', #264, #253 ) ;
#719 = ADVANCED_FACE ( 'NONE', ( #794 ), #822, .T. ) ;
#720 = CARTESIAN_POINT ( 'NONE',  ( 2.780907208553473176, 0.8735070243692587555, 7.000000000000006217 ) ) ;
#721 = CYLINDRICAL_SURFACE ( 'NONE', #237, 1.000000000000000000 ) ;
#722 = EDGE_LOOP ( 'NONE', ( #873, #419, #395, #1156, #2115 ) ) ;
#723 = DATE_AND_TIME ( #1808, #1770 ) ;
#724 = CARTESIAN_POINT ( 'NONE',  ( 137.5800686935137094, -4.203503362351447947, 11.10250183593204554 ) ) ;
#725 = CARTESIAN_POINT ( 'NONE',  ( 139.1131324059797691, 15.30472753517995699, 11.66049139450228012 ) ) ;
#726 = ADVANCED_FACE ( 'NONE', ( #1652 ), #2560, .F. ) ;
#727 = ORIENTED_EDGE ( 'NONE', *, *, #2776, .F. ) ;
#728 = CARTESIAN_POINT ( 'NONE',  ( 136.4019352418473829, -4.349615928615595095, 15.85991935082386384 ) ) ;
#729 = B_SPLINE_SURFACE_WITH_KNOTS ( 'NONE', 3, 1, ( 
 ( #1223, #1013 ),
 ( #1848, #503 ),
 ( #2704, #1172 ),
 ( #2035, #2460 ),
 ( #299, #1859 ),
 ( #2048, #71 ) ),
 .UNSPECIFIED., .F., .F., .F.,
 ( 4, 1, 1, 4 ),
 ( 2, 2 ),
 ( 0.000000000000000000, 0.3913258261608759669, 0.7536021087335849078, 0.9940654583502912534 ),
 ( 0.000000000000000000, 1.000000000000000000 ),
 .UNSPECIFIED. ) ;
#730 = CARTESIAN_POINT ( 'NONE',  ( 5.499000000000017430, -7.810249675906655753, 12.00000000000001954 ) ) ;
#731 = CARTESIAN_POINT ( 'NONE',  ( 132.0486866492680633, 16.74752384794222948, 15.28870458863032589 ) ) ;
#732 = CARTESIAN_POINT ( 'NONE',  ( 3.278243965221746309E-15, 1.811017388690379981, 5.188982611309625348 ) ) ;
#733 = CARTESIAN_POINT ( 'NONE',  ( 112.9126794863275052, 19.34021981269371793, 7.993109191236819733 ) ) ;
#734 = CARTESIAN_POINT ( 'NONE',  ( 147.4992961041498631, 10.35292779324920609, 20.02214867748137195 ) ) ;
#735 = ORIENTED_EDGE ( 'NONE', *, *, #1424, .F. ) ;
#736 = ADVANCED_FACE ( 'NONE', ( #365 ), #1262, .F. ) ;
#737 = CARTESIAN_POINT ( 'NONE',  ( 112.1270318274518019, 19.68276276979571904, 7.447327796514516152 ) ) ;
#738 = FACE_OUTER_BOUND ( 'NONE', #1913, .T. ) ;
#739 = DIRECTION ( 'NONE',  ( -0.7886192640222944306, 0.5386919478482823376, -0.2964635588674571220 ) ) ;
#740 = ORIENTED_EDGE ( 'NONE', *, *, #426, .T. ) ;
#741 = CARTESIAN_POINT ( 'NONE',  ( 3.000000000000002665, 0.000000000000000000, 3.000000000000000000 ) ) ;
#742 = CARTESIAN_POINT ( 'NONE',  ( 109.6098628040219438, 19.99034293821000929, 6.853336753433699968 ) ) ;
#743 = DIRECTION ( 'NONE',  ( 0.000000000000000000, 0.000000000000000000, 1.000000000000000000 ) ) ;
#744 = DIRECTION ( 'NONE',  ( 0.3420201433256691015, 0.000000000000000000, -0.9396926207859084279 ) ) ;
#745 = DIRECTION ( 'NONE',  ( 0.000000000000000000, 0.000000000000000000, -1.000000000000000000 ) ) ;
#746 = ORIENTED_EDGE ( 'NONE', *, *, #1987, .F. ) ;
#747 = CALENDAR_DATE ( 2026, 3, 9 ) ;
#748 = CIRCLE ( 'NONE', #189, 1.000000000000000000 ) ;
#749 = DIRECTION ( 'NONE',  ( -8.595445695815679977E-32, 1.000000000000000000, 1.734723475976806848E-16 ) ) ;
#750 = CARTESIAN_POINT ( 'NONE',  ( 135.8294109552351188, 16.26875201363095513, 10.46531452880824098 ) ) ;
#751 = CARTESIAN_POINT ( 'NONE',  ( 135.9832889764208801, 16.22655159519774060, 10.52132154823024202 ) ) ;
#752 = EDGE_LOOP ( 'NONE', ( #217, #557, #1620, #2808, #1925, #1118, #2459 ) ) ;
#753 = DIRECTION ( 'NONE',  ( -1.000000000000000000, 0.000000000000000000, 0.000000000000000000 ) ) ;
#754 = VECTOR ( 'NONE', #2081, 1000.000000000000000 ) ;
#755 = CARTESIAN_POINT ( 'NONE',  ( 113.4025997963565260, 18.88652285270468667, 8.279130362457289394 ) ) ;
#756 = VERTEX_POINT ( 'NONE', #2169 ) ;
#757 = LINE ( 'NONE', #1016, #553 ) ;
#758 = CARTESIAN_POINT ( 'NONE',  ( 109.8001467689777684, 0.2830862102240769840, 6.863321056917627949 ) ) ;
#759 = ADVANCED_FACE ( 'NONE', ( #1903 ), #1726, .F. ) ;
#760 = CARTESIAN_POINT ( 'NONE',  ( 111.4870902726072046, 19.85908264819941138, 6.978247777258274276 ) ) ;
#761 = VECTOR ( 'NONE', #2281, 1000.000000000000000 ) ;
#762 = CARTESIAN_POINT ( 'NONE',  ( 107.7819870890704976, 0.1231198657327536999, 6.482542287861218000 ) ) ;
#763 = CARTESIAN_POINT ( 'NONE',  ( 112.5513943275471718, 0.1585229760157977619, 7.481283546191628275 ) ) ;
#764 = FACE_OUTER_BOUND ( 'NONE', #2352, .T. ) ;
#765 = EDGE_CURVE ( 'NONE', #139, #1423, #2658, .T. ) ;
#766 = CARTESIAN_POINT ( 'NONE',  ( 109.7860852018990272, -0.006403883667829440157, -7.711699100650404717E-13 ) ) ;
#767 = VERTEX_POINT ( 'NONE', #457 ) ;
#768 = CARTESIAN_POINT ( 'NONE',  ( 145.1181102968778305, -8.027872587405640914, 19.13901221042506151 ) ) ;
#769 = ORIENTED_EDGE ( 'NONE', *, *, #657, .T. ) ;
#770 = CARTESIAN_POINT ( 'NONE',  ( 145.9860958218435485, -7.627767386478825351, 20.52815804001006228 ) ) ;
#771 = EDGE_CURVE ( 'NONE', #779, #637, #541, .T. ) ;
#772 = CARTESIAN_POINT ( 'NONE',  ( 116.0077712051815411, 18.72857516928143795, 9.258485575492294117 ) ) ;
#773 =( BOUNDED_SURFACE ( )  B_SPLINE_SURFACE ( 3, 2, ( 
 ( #1611, #2485, #2273 ),
 ( #1021, #2288, #2699 ),
 ( #1843, #1647, #1633 ),
 ( #537, #2526, #1206 ) ),
 .UNSPECIFIED., .F., .F., .T. ) 
 B_SPLINE_SURFACE_WITH_KNOTS ( ( 4, 4 ),
 ( 3, 3 ),
 ( 0.05680533708812104260, 0.06179487708665811624 ),
 ( 0.000000000000000000, 1.000000000000000000 ),
 .UNSPECIFIED. ) 
 GEOMETRIC_REPRESENTATION_ITEM ( )  RATIONAL_B_SPLINE_SURFACE ( (
 ( 1.000000000000000000, 0.4802690385462028977, 1.000000000000000000),
 ( 1.000000000000000000, 0.4799444129462495656, 1.000000000000000000),
 ( 1.000000000000000000, 0.4796190268390492784, 1.000000000000000000),
 ( 1.000000000000000000, 0.4792928781289144680, 1.000000000000000000) ) ) 
 REPRESENTATION_ITEM ( '' )  SURFACE ( )  );
#774 = ORIENTED_EDGE ( 'NONE', *, *, #1919, .T. ) ;
#775 = CARTESIAN_POINT ( 'NONE',  ( 107.8264114977261414, 0.1183738699775608860, 6.471069865928523512 ) ) ;
#776 = CARTESIAN_POINT ( 'NONE',  ( 112.5513943275454380, 0.1585229760157991774, 7.481283546190883982 ) ) ;
#777 = CARTESIAN_POINT ( 'NONE',  ( 107.9741968847948641, 0.1066181748470299145, 6.439062361730024442 ) ) ;
#778 = CARTESIAN_POINT ( 'NONE',  ( 127.0869548559190321, 18.48064933642188024, 6.219142961789366986 ) ) ;
#779 = VERTEX_POINT ( 'NONE', #1378 ) ;
#780 = CARTESIAN_POINT ( 'NONE',  ( 110.2072625810631479, 19.98730930247018023, 6.004120626716895615 ) ) ;
#781 = DIRECTION ( 'NONE',  ( 0.3518744015698638816, -0.007521791966615700570, -0.9360170020707216931 ) ) ;
#782 = CARTESIAN_POINT ( 'NONE',  ( 113.4061013675219129, 0.4658972494604153303, 8.149980123766839668 ) ) ;
#783 = CARTESIAN_POINT ( 'NONE',  ( 131.2127313850501480, 15.93403339920204687, 14.97444613213778730 ) ) ;
#784 = ORIENTED_EDGE ( 'NONE', *, *, #2184, .F. ) ;
#785 = EDGE_CURVE ( 'NONE', #2037, #114, #65, .T. ) ;
#786 = FACE_OUTER_BOUND ( 'NONE', #1503, .T. ) ;
#787 = CARTESIAN_POINT ( 'NONE',  ( 108.5933649829254932, 0.2899439767602460805, 6.733934996675042584 ) ) ;
#788 = ORIENTED_EDGE ( 'NONE', *, *, #1974, .F. ) ;
#789 = FACE_OUTER_BOUND ( 'NONE', #907, .T. ) ;
#790 = CARTESIAN_POINT ( 'NONE',  ( 108.2688908795555562, 19.83372482030098283, 6.552440334895779372 ) ) ;
#791 = CARTESIAN_POINT ( 'NONE',  ( 143.0613026777962489, -4.893073177058838041, 12.03333008078329058 ) ) ;
#792 = ORIENTED_EDGE ( 'NONE', *, *, #2089, .F. ) ;
#793 = DIRECTION ( 'NONE',  ( 0.000000000000000000, -1.000000000000000000, 0.000000000000000000 ) ) ;
#794 = FACE_OUTER_BOUND ( 'NONE', #722, .T. ) ;
#795 = CARTESIAN_POINT ( 'NONE',  ( 5.501000000000000334, 6.599999999999999645, 9.501000000000018986 ) ) ;
#796 = EDGE_LOOP ( 'NONE', ( #239, #1574, #2669 ) ) ;
#797 = DIRECTION ( 'NONE',  ( 0.000000000000000000, 0.000000000000000000, 1.000000000000000000 ) ) ;
#798 = CARTESIAN_POINT ( 'NONE',  ( 112.5513943275454380, 0.1585229760158044510, 7.481283546190892864 ) ) ;
#799 = ORIENTED_EDGE ( 'NONE', *, *, #2364, .F. ) ;
#800 = CARTESIAN_POINT ( 'NONE',  ( 111.8904180273991358, 0.09217262018141876567, 7.051301507079906550 ) ) ;
#801 = ADVANCED_FACE ( 'NONE', ( #2685 ), #1154, .T. ) ;
#802 = CARTESIAN_POINT ( 'NONE',  ( 1.770616071965642302, 19.76024626919913629, 0.2397537308007802737 ) ) ;
#803 = AXIS2_PLACEMENT_3D ( 'NONE', #2287, #375, #317 ) ;
#804 = CARTESIAN_POINT ( 'NONE',  ( 146.1264596888282767, -6.289932917312968996, 13.14895599615132049 ) ) ;
#805 = DIRECTION ( 'NONE',  ( -1.000000000000000000, 0.000000000000000000, -4.954937092193131864E-16 ) ) ;
#806 = DIRECTION ( 'NONE',  ( 0.000000000000000000, 0.000000000000000000, -1.000000000000000000 ) ) ;
#807 = CARTESIAN_POINT ( 'NONE',  ( 109.9999999999999858, 0.000000000000000000, 1.000000000000000000 ) ) ;
#808 = EDGE_LOOP ( 'NONE', ( #1348, #1352, #1419 ) ) ;
#809 = CARTESIAN_POINT ( 'NONE',  ( 111.8081196757816400, 19.78714023476909389, 7.217147329901717256 ) ) ;
#810 = DIRECTION ( 'NONE',  ( 0.3518843560536763504, 0.000000000000000000, -0.9360434818771452559 ) ) ;
#811 = CARTESIAN_POINT ( 'NONE',  ( 108.6235294388715147, 0.1875877475632462543, 6.577839160665042151 ) ) ;
#812 = AXIS2_PLACEMENT_3D ( 'NONE', #1067, #1701, #2420 ) ;
#813 = CARTESIAN_POINT ( 'NONE',  ( 109.9662654827301935, 19.36155671667317080, 6.985041702417422727 ) ) ;
#814 = VERTEX_POINT ( 'NONE', #2413 ) ;
#815 = CARTESIAN_POINT ( 'NONE',  ( 110.0874897437502966, 0.2060936674087529563, 6.589911027243848807 ) ) ;
#816 = CARTESIAN_POINT ( 'NONE',  ( 111.8115082409300243, 19.96678627383414906, 6.612411051988627442 ) ) ;
#817 = CARTESIAN_POINT ( 'NONE',  ( 109.6174781541736394, 1.000000000000000000, 1.000000000000000000 ) ) ;
#818 = CARTESIAN_POINT ( 'NONE',  ( 108.2168414574241808, 0.08553805565433696134, 6.385759274438689737 ) ) ;
#819 =( GEOMETRIC_REPRESENTATION_CONTEXT ( 3 ) GLOBAL_UNCERTAINTY_ASSIGNED_CONTEXT ( ( #2211 ) ) GLOBAL_UNIT_ASSIGNED_CONTEXT ( ( #1704, #1556, #470 ) ) REPRESENTATION_CONTEXT ( 'NONE', 'WORKASPACE' ) );
#820 = EDGE_LOOP ( 'NONE', ( #2290, #1758, #41 ) ) ;
#821 = CARTESIAN_POINT ( 'NONE',  ( 107.8121371302624141, 0.1601290424468612417, 6.550088573221393595 ) ) ;
#822 = PLANE ( 'NONE',  #2064 ) ;
#823 = CARTESIAN_POINT ( 'NONE',  ( 146.6007660257471343, 9.539544568843174588, 20.75922938773446802 ) ) ;
#824 = ORIENTED_EDGE ( 'NONE', *, *, #2492, .T. ) ;
#825 = ORIENTED_EDGE ( 'NONE', *, *, #2285, .T. ) ;
#826 = DIRECTION ( 'NONE',  ( 0.000000000000000000, 0.000000000000000000, 1.000000000000000000 ) ) ;
#827 = DIRECTION ( 'NONE',  ( 1.719089139163135776E-31, -1.000000000000000000, -3.469446951953612217E-16 ) ) ;
#828 = CARTESIAN_POINT ( 'NONE',  ( 113.1897497571931126, 19.14233891617922012, 8.167061631829092505 ) ) ;
#829 = CARTESIAN_POINT ( 'NONE',  ( 113.3216037415562312, 19.01165732553987908, 8.242025377112678797 ) ) ;
#830 = CARTESIAN_POINT ( 'NONE',  ( 0.07808197337295165463, 17.78524366123280487, 2.476504225844304408 ) ) ;
#831 = ADVANCED_FACE ( 'NONE', ( #677 ), #1546, .F. ) ;
#832 = CARTESIAN_POINT ( 'NONE',  ( 113.5249428700754066, 1.048294687665853875, 1.282974282196324367 ) ) ;
#833 = CARTESIAN_POINT ( 'NONE',  ( 5.499000000000000554, 6.599999999999999645, 10.50100000000002076 ) ) ;
#834 = ORIENTED_EDGE ( 'NONE', *, *, #288, .F. ) ;
#835 = DIRECTION ( 'NONE',  ( 0.000000000000000000, 1.000000000000000000, 0.000000000000000000 ) ) ;
#836 = CARTESIAN_POINT ( 'NONE',  ( 106.5246873945602033, 0.6726594629278610515, 6.945135009462992670 ) ) ;
#837 = CARTESIAN_POINT ( 'NONE',  ( 109.9999999999999858, 20.00000000000000000, 1.000000000000000000 ) ) ;
#838 = AXIS2_PLACEMENT_3D ( 'NONE', #131, #749, #2469 ) ;
#839 = ORIENTED_EDGE ( 'NONE', *, *, #671, .T. ) ;
#840 = CARTESIAN_POINT ( 'NONE',  ( 3.000000000000002665, 19.00000000000000000, 7.000000000000006217 ) ) ;
#841 = CARTESIAN_POINT ( 'NONE',  ( 106.3657828942394445, 19.00000000000000000, 7.000000000000006217 ) ) ;
#842 = CARTESIAN_POINT ( 'NONE',  ( 5.499000000000000554, -7.810249675906655753, 8.501000000000018986 ) ) ;
#843 = CARTESIAN_POINT ( 'NONE',  ( 113.0509330527605272, 19.24837823142274118, 8.081463338565836096 ) ) ;
#844 = EDGE_CURVE ( 'NONE', #2216, #1029, #1232, .T. ) ;
#845 = AXIS2_PLACEMENT_3D ( 'NONE', #129, #2550, #1655 ) ;
#846 = CARTESIAN_POINT ( 'NONE',  ( 148.7083515827919484, -8.081274705556754867, 15.15286556612323565 ) ) ;
#847 = CARTESIAN_POINT ( 'NONE',  ( 4.217769985503172373E-12, 17.32723944852072862, 2.672760551480233726 ) ) ;
#848 = CARTESIAN_POINT ( 'NONE',  ( 108.9304834003159783, 0.05745187354086114806, 6.242974609015716325 ) ) ;
#849 = CIRCLE ( 'NONE', #1037, 1.000000000000000000 ) ;
#850 = ORIENTED_EDGE ( 'NONE', *, *, #2066, .T. ) ;
#851 = FACE_BOUND ( 'NONE', #19, .T. ) ;
#852 = CYLINDRICAL_SURFACE ( 'NONE', #2431, 1.000000000000000888 ) ;
#853 = DIRECTION ( 'NONE',  ( -0.3420201433257106238, -0.000000000000000000, 0.9396926207858933289 ) ) ;
#854 = ORIENTED_EDGE ( 'NONE', *, *, #1228, .T. ) ;
#855 = ADVANCED_FACE ( 'NONE', ( #1404 ), #1824, .T. ) ;
#856 = CARTESIAN_POINT ( 'NONE',  ( 109.9836185147466523, 0.000000000000000000, -0.005962373025284939919 ) ) ;
#857 = CARTESIAN_POINT ( 'NONE',  ( 110.1834106557184612, 0.04062809819003856959, 6.000602840071008082 ) ) ;
#858 = B_SPLINE_CURVE_WITH_KNOTS ( 'NONE', 3,
 ( #1452, #383, #2320, #1268, #1075, #1924, #2635, #1743 ),
 .UNSPECIFIED., .F., .F.,
 ( 4, 2, 2, 4 ),
 ( -0.0002444079404647945620, 0.0009638777272608386017, 0.002172163394986471874, 0.004588734730437737767 ),
 .UNSPECIFIED. ) ;
#859 = CARTESIAN_POINT ( 'NONE',  ( 109.6064693202673936, 0.03972587664320768180, 6.852061050040799906 ) ) ;
#860 = ORIENTED_EDGE ( 'NONE', *, *, #402, .F. ) ;
#861 = CARTESIAN_POINT ( 'NONE',  ( 106.6978224660645935, 19.34025658328228303, 6.940493646036513198 ) ) ;
#862 = CARTESIAN_POINT ( 'NONE',  ( 106.3649126752824969, 1.000000000000000000, 27.00000000000000711 ) ) ;
#863 = CARTESIAN_POINT ( 'NONE',  ( 0.3786408315593346452, 18.51085693295773638, 1.992762044695335355 ) ) ;
#864 = ADVANCED_FACE ( 'NONE', ( #104 ), #773, .T. ) ;
#865 = ORIENTED_EDGE ( 'NONE', *, *, #2375, .T. ) ;
#866 = CARTESIAN_POINT ( 'NONE',  ( 109.8236730192736843, 1.006450157370810672, 1.000000000000000000 ) ) ;
#867 = ORIENTED_EDGE ( 'NONE', *, *, #1665, .F. ) ;
#868 = DIRECTION ( 'NONE',  ( 8.595445695815679977E-32, -1.000000000000000000, -1.734723475976806848E-16 ) ) ;
#869 = CARTESIAN_POINT ( 'NONE',  ( 106.6931019404856329, 0.5578615807541179583, 6.897885040694731629 ) ) ;
#870 = CARTESIAN_POINT ( 'NONE',  ( 108.6143867890664438, 0.02615882479374870631, 6.008042157133852257 ) ) ;
#871 = CC_DESIGN_SECURITY_CLASSIFICATION ( #2645, ( #305 ) ) ;
#872 = ORIENTED_EDGE ( 'NONE', *, *, #1810, .F. ) ;
#873 = ORIENTED_EDGE ( 'NONE', *, *, #2061, .F. ) ;
#874 = DIRECTION ( 'NONE',  ( 0.3420201433256690460, 0.000000000000000000, -0.9396926207859083169 ) ) ;
#875 = CARTESIAN_POINT ( 'NONE',  ( 3.396642764494504444E-15, 18.18898261130961558, 5.188982611309625348 ) ) ;
#876 = CARTESIAN_POINT ( 'NONE',  ( 113.1029060339097043, 0.05753122341824196823, 7.098635657351533013 ) ) ;
#877 = ORIENTED_EDGE ( 'NONE', *, *, #1162, .F. ) ;
#878 = CARTESIAN_POINT ( 'NONE',  ( 110.2580882724236488, 0.6199184417864403995, 6.999523686158776847 ) ) ;
#879 = CARTESIAN_POINT ( 'NONE',  ( 107.7976269828415923, 0.9999999999999668043, 6.000000000000001776 ) ) ;
#880 = EDGE_CURVE ( 'NONE', #1029, #1635, #1295, .T. ) ;
#881 = CARTESIAN_POINT ( 'NONE',  ( 8.000000000000000000, -7.810249675906655753, 9.501000000000002998 ) ) ;
#882 = DIRECTION ( 'NONE',  ( 0.000000000000000000, -8.673617379884027583E-15, -1.000000000000000000 ) ) ;
#883 = CARTESIAN_POINT ( 'NONE',  ( 5.501000000000000334, -7.810249675906655753, 9.501000000000018986 ) ) ;
#884 = DIRECTION ( 'NONE',  ( 0.3518742894375670449, -0.007564037364538208665, -0.9360167037887494601 ) ) ;
#885 = DIRECTION ( 'NONE',  ( 0.000000000000000000, 0.000000000000000000, -1.000000000000000000 ) ) ;
#886 = EDGE_LOOP ( 'NONE', ( #635, #610, #459, #867 ) ) ;
#887 = CARTESIAN_POINT ( 'NONE',  ( 0.7586295022792403087, 0.9671883375968451935, 0.9671883375968451935 ) ) ;
#888 = CARTESIAN_POINT ( 'NONE',  ( 136.6609782931711266, -2.822079549640255092, 9.703802515131634721 ) ) ;
#889 = CIRCLE ( 'NONE', #1516, 1.000000000000000000 ) ;
#890 = ORIENTED_EDGE ( 'NONE', *, *, #2136, .T. ) ;
#891 = ORIENTED_EDGE ( 'NONE', *, *, #2393, .T. ) ;
#892 = CIRCLE ( 'NONE', #4, 2.498999999999999666 ) ;
#893 = FACE_OUTER_BOUND ( 'NONE', #335, .T. ) ;
#894 = SPHERICAL_SURFACE ( 'NONE', #655, 1.000000000000000000 ) ;
#895 = LINE ( 'NONE', #1291, #574 ) ;
#896 = B_SPLINE_CURVE_WITH_KNOTS ( 'NONE', 3,
 ( #2016, #2472, #1585, #1573, #296, #540, #945, #975, #2702, #751, #2488, #527, #1798, #2291, #322, #2073, #1001, #711 ),
 .UNSPECIFIED., .F., .F.,
 ( 4, 2, 2, 2, 2, 2, 2, 2, 4 ),
 ( 0.0001771044354897878981, 0.01109432984258094598, 0.01655294254612652699, 0.02201155524967214269, 0.02747016795321776533, 0.03019947430499053329, 0.03292878065676330818, 0.03838739336030877469, 0.04384600606385424815 ),
 .UNSPECIFIED. ) ;
#897 = CARTESIAN_POINT ( 'NONE',  ( 136.7518170492841705, 15.07497481776685966, 9.736865118474526071 ) ) ;
#898 = AXIS2_PLACEMENT_3D ( 'NONE', #248, #461, #1056 ) ;
#899 = EDGE_CURVE ( 'NONE', #1562, #1748, #92, .T. ) ;
#900 = CARTESIAN_POINT ( 'NONE',  ( 5.499000000000000554, 0.000000000000000000, 9.501000000000018986 ) ) ;
#901 = CARTESIAN_POINT ( 'NONE',  ( 110.1748044393275734, 19.98728001395305043, 6.100596767902231043 ) ) ;
#902 = DIRECTION ( 'NONE',  ( -1.000000000000000000, 0.000000000000000000, -4.954937092193131864E-16 ) ) ;
#903 = ORIENTED_EDGE ( 'NONE', *, *, #2331, .T. ) ;
#904 = EDGE_LOOP ( 'NONE', ( #2516, #2201, #1937, #1639, #1601, #1649, #666, #1242 ) ) ;
#905 = CARTESIAN_POINT ( 'NONE',  ( 0.07808197337323902198, 2.214756338766504573, 2.476504225844304408 ) ) ;
#906 = CARTESIAN_POINT ( 'NONE',  ( 126.3345740863839382, -1.434937610148868004, 7.009476529337317352 ) ) ;
#907 = EDGE_LOOP ( 'NONE', ( #1221, #643, #514, #2595 ) ) ;
#908 = AXIS2_PLACEMENT_3D ( 'NONE', #1340, #2423, #1103 ) ;
#909 = CARTESIAN_POINT ( 'NONE',  ( 109.8244102490587437, 20.00019928524677226, -1.778091562876227272E-14 ) ) ;
#910 = CARTESIAN_POINT ( 'NONE',  ( 136.7557597447486728, 15.43411936455229672, 17.05822215612149151 ) ) ;
#911 = DIRECTION ( 'NONE',  ( 0.000000000000000000, 0.000000000000000000, -1.000000000000000000 ) ) ;
#912 = ORIENTED_EDGE ( 'NONE', *, *, #1321, .T. ) ;
#913 = CARTESIAN_POINT ( 'NONE',  ( 110.7916377601046634, 19.95495237055782312, 6.455689336831034630 ) ) ;
#914 = DIRECTION ( 'NONE',  ( -1.000000000000000000, 0.000000000000000000, -4.954937092193131864E-16 ) ) ;
#915 = VERTEX_POINT ( 'NONE', #1393 ) ;
#916 = CARTESIAN_POINT ( 'NONE',  ( 111.8449784407063419, 0.06283619751861095615, 0.6715172352166774994 ) ) ;
#917 = ORIENTED_EDGE ( 'NONE', *, *, #1597, .T. ) ;
#918 = CARTESIAN_POINT ( 'NONE',  ( 3.000000000000002665, 20.00000000000000000, 6.000000000000019540 ) ) ;
#919 = DIRECTION ( 'NONE',  ( 0.3518763205489095491, -0.006758014491651208148, -0.9360221067245643178 ) ) ;
#920 = CARTESIAN_POINT ( 'NONE',  ( 126.9108965764418855, 17.49817445640178448, 6.155062988579083516 ) ) ;
#921 = VERTEX_POINT ( 'NONE', #2712 ) ;
#922 = PERSON_AND_ORGANIZATION ( #1963, #1587 ) ;
#923 = CARTESIAN_POINT ( 'NONE',  ( 112.6651948421302762, 0.1782948045858188391, 7.563961383659886017 ) ) ;
#924 = ADVANCED_FACE ( 'NONE', ( #764 ), #1279, .T. ) ;
#925 = CARTESIAN_POINT ( 'NONE',  ( 112.4326939608417320, 19.57229531509675624, 7.665341478005799125 ) ) ;
#926 = CARTESIAN_POINT ( 'NONE',  ( 109.6742280262899527, 0.0006030513617851438997, 0.9456064708873446190 ) ) ;
#927 = VERTEX_POINT ( 'NONE', #1491 ) ;
#928 = CARTESIAN_POINT ( 'NONE',  ( 112.7924650387808470, 1.057778206996400794, 8.049764013102524984 ) ) ;
#929 = EDGE_LOOP ( 'NONE', ( #1977, #1439, #2830, #2649 ) ) ;
#930 = CARTESIAN_POINT ( 'NONE',  ( 148.2003663687801236, -8.922563096391803228, 14.96797406877559133 ) ) ;
#931 = EDGE_CURVE ( 'NONE', #814, #1730, #1065, .T. ) ;
#932 = ORIENTED_EDGE ( 'NONE', *, *, #37, .F. ) ;
#933 = CARTESIAN_POINT ( 'NONE',  ( 2.129518763936999015, 19.87943732693578625, 6.493250982671170846 ) ) ;
#934 = VECTOR ( 'NONE', #2268, 1000.000000000000000 ) ;
#935 = PRODUCT ( 'MirrorBratV1 de la Raul', 'MirrorBratV1 de la Raul', '', ( #267 ) ) ;
#936 = DIRECTION ( 'NONE',  ( -1.000000000000000000, 0.000000000000000000, -4.954937092193131864E-16 ) ) ;
#937 = DIRECTION ( 'NONE',  ( 0.000000000000000000, 0.000000000000000000, -1.000000000000000000 ) ) ;
#938 = ADVANCED_FACE ( 'NONE', ( #1906 ), #2394, .T. ) ;
#939 = DATE_AND_TIME ( #1140, #1904 ) ;
#940 = CARTESIAN_POINT ( 'NONE',  ( 112.7782520110580862, 0.2014539186531705273, 7.646832283789583684 ) ) ;
#941 = CARTESIAN_POINT ( 'NONE',  ( 109.6988187964825130, 20.00000000000000000, 1.000087818555043251 ) ) ;
#942 = CARTESIAN_POINT ( 'NONE',  ( 146.7716362918342838, -7.998334029014601221, 14.44795884796644714 ) ) ;
#943 = CARTESIAN_POINT ( 'NONE',  ( 148.8821912558942984, 10.86240310497534978, 14.15196026024757359 ) ) ;
#944 = ORIENTED_EDGE ( 'NONE', *, *, #1228, .F. ) ;
#945 = CARTESIAN_POINT ( 'NONE',  ( 128.4974515293189654, 18.10668559967942670, 7.796699538929876994 ) ) ;
#946 = ORIENTED_EDGE ( 'NONE', *, *, #1216, .F. ) ;
#947 = CARTESIAN_POINT ( 'NONE',  ( 147.1602045690580951, -7.977415232487315322, 13.52520836235193968 ) ) ;
#948 = CARTESIAN_POINT ( 'NONE',  ( 141.6078808676030576, 12.62417472192518098, 18.88226724576197668 ) ) ;
#949 = EDGE_CURVE ( 'NONE', #1614, #989, #2209, .T. ) ;
#950 = DIRECTION ( 'NONE',  ( -1.000000000000000000, -0.000000000000000000, 0.000000000000000000 ) ) ;
#951 = CARTESIAN_POINT ( 'NONE',  ( 137.1076719907821655, 15.43136335145658400, 16.11904235186547041 ) ) ;
#952 = CARTESIAN_POINT ( 'NONE',  ( 146.9151267896244235, -8.898778239808473600, 18.39072758581387745 ) ) ;
#953 = ORIENTED_EDGE ( 'NONE', *, *, #1651, .T. ) ;
#954 = PERSON_AND_ORGANIZATION_ROLE ( 'creator' ) ;
#955 = EDGE_CURVE ( 'NONE', #2813, #2520, #483, .T. ) ;
#956 = B_SPLINE_CURVE_WITH_KNOTS ( 'NONE', 3,
 ( #1280, #347, #832, #362, #1856, #1011, #593, #2724, #2572, #2737, #1868, #2084, #791, #804, #1691, #148 ),
 .UNSPECIFIED., .F., .F.,
 ( 4, 2, 2, 2, 2, 2, 2, 4 ),
 ( 0.0001760889429417033961, 0.005534384564555957370, 0.01089268018617021126, 0.02160927142939871731, 0.02696756705101296947, 0.03232586267262722857, 0.03768415829424148072, 0.04304245391585573288 ),
 .UNSPECIFIED. ) ;
#957 = CARTESIAN_POINT ( 'NONE',  ( 111.5100637256813059, 0.06307692320114299811, 1.613796020469008052 ) ) ;
#958 = ORIENTED_EDGE ( 'NONE', *, *, #1110, .F. ) ;
#959 = CARTESIAN_POINT ( 'NONE',  ( 136.9932039071805150, 16.04146992153307849, 9.824722749687250456 ) ) ;
#960 = VERTEX_POINT ( 'NONE', #674 ) ;
#961 = DIRECTION ( 'NONE',  ( 0.5640492526383074079, 0.8257411462426751392, 0.000000000000000000 ) ) ;
#962 = VERTEX_POINT ( 'NONE', #2182 ) ;
#963 = CARTESIAN_POINT ( 'NONE',  ( 109.8535738694963300, 0.006956536058732440062, 1.010883019453814313 ) ) ;
#964 = CARTESIAN_POINT ( 'NONE',  ( 132.4008736142558291, 16.74507264862307210, 14.35007933772029176 ) ) ;
#965 = DIRECTION ( 'NONE',  ( -0.9994674359039734668, -0.03263195623214609070, 0.000000000000000000 ) ) ;
#966 = CARTESIAN_POINT ( 'NONE',  ( 112.5826101498986702, 19.51783780769479293, 7.772172137151152072 ) ) ;
#967 = CARTESIAN_POINT ( 'NONE',  ( 5.499000000000000554, 19.75000000000000000, 10.50100000000002076 ) ) ;
#968 = ORIENTED_EDGE ( 'NONE', *, *, #844, .T. ) ;
#969 = EDGE_CURVE ( 'NONE', #1278, #712, #418, .T. ) ;
#970 = CIRCLE ( 'NONE', #226, 1.000000000000000000 ) ;
#971 = CARTESIAN_POINT ( 'NONE',  ( 111.3720727830376092, 19.87531553506134685, 6.891829880106485007 ) ) ;
#972 = CARTESIAN_POINT ( 'NONE',  ( 148.5401711128814952, 10.86240310537144715, 15.09165288113796777 ) ) ;
#973 = ADVANCED_FACE ( 'NONE', ( #2452 ), #721, .T. ) ;
#974 = ORIENTED_EDGE ( 'NONE', *, *, #402, .T. ) ;
#975 = CARTESIAN_POINT ( 'NONE',  ( 131.8345311221606835, 17.32163521077630008, 9.011297180101442095 ) ) ;
#976 = DIRECTION ( 'NONE',  ( -8.595445695815679977E-32, 1.000000000000000000, 1.734723475976806848E-16 ) ) ;
#977 = EDGE_CURVE ( 'NONE', #2074, #203, #1022, .T. ) ;
#978 = CARTESIAN_POINT ( 'NONE',  ( 122.8888812823484216, 18.96145957469583010, 10.77509382764872647 ) ) ;
#979 =( BOUNDED_CURVE ( )  B_SPLINE_CURVE ( 3, ( #1094, #875, #417, #1945 ),
 .UNSPECIFIED., .F., .T. ) 
 B_SPLINE_CURVE_WITH_KNOTS ( ( 4, 4 ),
 ( 1.570796326794896558, 2.696031399646982241 ),
 .UNSPECIFIED. ) 
 CURVE ( )  GEOMETRIC_REPRESENTATION_ITEM ( )  RATIONAL_B_SPLINE_CURVE ( ( 1.000000000000000000, 0.8972412072652146131, 0.8972412072652146131, 1.000000000000000000 ) ) 
 REPRESENTATION_ITEM ( '' )  );
#980 = DIRECTION ( 'NONE',  ( -0.3420201433256691570, 0.000000000000000000, 0.9396926207859083169 ) ) ;
#981 = FACE_OUTER_BOUND ( 'NONE', #282, .T. ) ;
#982 = CARTESIAN_POINT ( 'NONE',  ( 148.2003663687800383, -8.922563096391785464, 14.96797406877561620 ) ) ;
#983 = ORIENTED_EDGE ( 'NONE', *, *, #2695, .T. ) ;
#984 = AXIS2_PLACEMENT_3D ( 'NONE', #26, #1773, #2650 ) ;
#985 = DATE_AND_TIME ( #91, #687 ) ;
#986 = ADVANCED_FACE ( 'NONE', ( #2010 ), #2224, .T. ) ;
#987 = CARTESIAN_POINT ( 'NONE',  ( 3.000000000000002665, 0.000000000000000000, 7.000000000000006217 ) ) ;
#988 = CARTESIAN_POINT ( 'NONE',  ( 148.4008717782543272, -9.061101949209206197, 15.04095206963360631 ) ) ;
#989 = VERTEX_POINT ( 'NONE', #2196 ) ;
#990 = CARTESIAN_POINT ( 'NONE',  ( 139.0461898743211009, -5.337638133409458696, 17.91925751057569371 ) ) ;
#991 = VERTEX_POINT ( 'NONE', #2421 ) ;
#992 = CARTESIAN_POINT ( 'NONE',  ( 146.6007660257471343, -8.047637791034114585, 20.75922938773447157 ) ) ;
#993 = AXIS2_PLACEMENT_3D ( 'NONE', #364, #868, #182 ) ;
#994 = CARTESIAN_POINT ( 'NONE',  ( 123.4378633101955813, 17.72107563361540983, 12.05166049355184832 ) ) ;
#995 = CARTESIAN_POINT ( 'NONE',  ( 109.8154807238174726, 0.2425727140729754816, 6.789430763082908271 ) ) ;
#996 = CARTESIAN_POINT ( 'NONE',  ( 109.4187722011665471, 0.2295466016749743432, 6.711454251941195714 ) ) ;
#997 = ORIENTED_EDGE ( 'NONE', *, *, #1771, .T. ) ;
#998 = DIRECTION ( 'NONE',  ( -0.3420201433254608792, 4.890320548438853788E-15, 0.9396926207859840341 ) ) ;
#999 = CARTESIAN_POINT ( 'NONE',  ( 109.0526039926257909, 19.93996183596103577, 6.333903487722404080 ) ) ;
#1000 = DIRECTION ( 'NONE',  ( 0.000000000000000000, 1.000000000000000000, 0.000000000000000000 ) ) ;
#1001 = CARTESIAN_POINT ( 'NONE',  ( 147.8547872056283836, 11.38697558073084970, 14.84219353980573786 ) ) ;
#1002 = VERTEX_POINT ( 'NONE', #45 ) ;
#1003 = CARTESIAN_POINT ( 'NONE',  ( 131.8195519189374068, -2.168313434168736897, 15.20256657412715029 ) ) ;
#1004 = CARTESIAN_POINT ( 'NONE',  ( 131.8235565063827437, 15.77426551665258359, 15.20407200811796500 ) ) ;
#1005 = ORIENTED_EDGE ( 'NONE', *, *, #2012, .F. ) ;
#1006 = CARTESIAN_POINT ( 'NONE',  ( 112.5513943275471718, 0.1585229760157977619, 7.481283546191628275 ) ) ;
#1007 = CARTESIAN_POINT ( 'NONE',  ( 110.1973500945295541, 0.1561783718429997359, 6.466594205902500114 ) ) ;
#1008 = PRODUCT_RELATED_PRODUCT_CATEGORY ( 'detail', '', ( #935 ) ) ;
#1009 = FACE_OUTER_BOUND ( 'NONE', #508, .T. ) ;
#1010 = CARTESIAN_POINT ( 'NONE',  ( 110.0654768196395850, 19.81150903488754977, 6.621438597852419505 ) ) ;
#1011 = CARTESIAN_POINT ( 'NONE',  ( 123.5605643668974949, 0.1552127349429884839, 4.935641789401585378 ) ) ;
#1012 = CARTESIAN_POINT ( 'NONE',  ( 107.8161785944026860, 19.99999999999999289, 6.389952952496265048 ) ) ;
#1013 = CARTESIAN_POINT ( 'NONE',  ( 149.4580134698328493, 10.15820703061713104, 15.42572017876990387 ) ) ;
#1014 = DIRECTION ( 'NONE',  ( 0.000000000000000000, 1.000000000000000000, 0.000000000000000000 ) ) ;
#1015 = EDGE_LOOP ( 'NONE', ( #2057, #654, #616, #1878 ) ) ;
#1016 = CARTESIAN_POINT ( 'NONE',  ( 3.000000000000002665, 0.000000000000000000, 4.000000000000004441 ) ) ;
#1017 = ADVANCED_FACE ( 'NONE', ( #1754 ), #276, .T. ) ;
#1018 = LINE ( 'NONE', #2065, #1484 ) ;
#1019 = EDGE_CURVE ( 'NONE', #927, #1678, #2296, .T. ) ;
#1020 = CARTESIAN_POINT ( 'NONE',  ( 107.8232118139688112, 0.1186377852087765750, 6.471766822162315691 ) ) ;
#1021 = CARTESIAN_POINT ( 'NONE',  ( 147.0310734038516784, -8.900913166292957257, 18.08194825276469331 ) ) ;
#1022 = CIRCLE ( 'NONE', #1076, 1.000000000000000000 ) ;
#1023 = CARTESIAN_POINT ( 'NONE',  ( 116.9534970021588833, 19.90697178462687944, 2.530865932865198786 ) ) ;
#1024 = CARTESIAN_POINT ( 'NONE',  ( 107.7976269828431271, 0.2155315424312605477, 6.620168718237005478 ) ) ;
#1025 = VECTOR ( 'NONE', #2428, 1000.000000000000000 ) ;
#1026 = ORIENTED_EDGE ( 'NONE', *, *, #1461, .T. ) ;
#1027 = DIRECTION ( 'NONE',  ( 0.000000000000000000, 0.000000000000000000, -1.000000000000000000 ) ) ;
#1028 = DIRECTION ( 'NONE',  ( -0.7905524928205155399, 0.5405865734979331538, -0.2877375760116022696 ) ) ;
#1029 = VERTEX_POINT ( 'NONE', #2632 ) ;
#1030 = CIRCLE ( 'NONE', #2345, 1.000000000000000000 ) ;
#1031 = DIRECTION ( 'NONE',  ( -0.01534042226560049758, -0.9998823287991008835, -0.000000000000000000 ) ) ;
#1032 = DIRECTION ( 'NONE',  ( 0.000000000000000000, 0.000000000000000000, 1.000000000000000000 ) ) ;
#1033 = CYLINDRICAL_SURFACE ( 'NONE', #1697, 3.000000000000000000 ) ;
#1034 = EDGE_CURVE ( 'NONE', #448, #2192, #2822, .T. ) ;
#1035 = CARTESIAN_POINT ( 'NONE',  ( 112.2257190376596441, 0.1201782683928285106, 7.266271176314413438 ) ) ;
#1036 = CARTESIAN_POINT ( 'NONE',  ( 116.6563952050939577, 19.71986472576300642, 8.433135672075282585 ) ) ;
#1037 = AXIS2_PLACEMENT_3D ( 'NONE', #180, #1247, #336 ) ;
#1038 = CARTESIAN_POINT ( 'NONE',  ( 116.9035311860344706, 18.90712816080716507, 2.512679863044991802 ) ) ;
#1039 = CARTESIAN_POINT ( 'NONE',  ( 107.8161785944026860, 20.00000000000000000, 6.000000000000005329 ) ) ;
#1040 = ORIENTED_EDGE ( 'NONE', *, *, #2731, .T. ) ;
#1041 = DIRECTION ( 'NONE',  ( 0.000000000000000000, 1.734723475976806848E-16, -1.000000000000000000 ) ) ;
#1042 = CARTESIAN_POINT ( 'NONE',  ( 113.5076652204513010, 0.6545925981843315755, 8.274468302827020949 ) ) ;
#1043 = LINE ( 'NONE', #1911, #2681 ) ;
#1044 = EDGE_LOOP ( 'NONE', ( #2229, #2046, #1624, #799, #1814 ) ) ;
#1045 = CARTESIAN_POINT ( 'NONE',  ( 148.7873186094455207, 10.32424018412979727, 16.60038189984981827 ) ) ;
#1046 = DIRECTION ( 'NONE',  ( 0.000000000000000000, 0.000000000000000000, -1.000000000000000000 ) ) ;
#1047 = EDGE_CURVE ( 'NONE', #225, #298, #1777, .T. ) ;
#1048 = CARTESIAN_POINT ( 'NONE',  ( 122.1329999630526260, -1.057680782259792895, 11.56112665881426693 ) ) ;
#1049 = CARTESIAN_POINT ( 'NONE',  ( 110.2908405054123904, 0.5339466761571716180, 6.973467704475249995 ) ) ;
#1050 = CARTESIAN_POINT ( 'NONE',  ( 8.000000000000000000, -7.810249675906655753, 9.501000000000002998 ) ) ;
#1051 = CARTESIAN_POINT ( 'NONE',  ( 0.05345479281059685450, 17.66213252601813366, 2.337867473981266375 ) ) ;
#1052 = CARTESIAN_POINT ( 'NONE',  ( 126.7449347125614310, 18.48064933621987649, 7.158835582565985511 ) ) ;
#1053 = CARTESIAN_POINT ( 'NONE',  ( 109.9999999999999858, 1.000000000000000000, 6.000000000000006217 ) ) ;
#1054 = APPROVAL_PERSON_ORGANIZATION ( #2271, #2159, #1403 ) ;
#1055 = VERTEX_POINT ( 'NONE', #1569 ) ;
#1056 = DIRECTION ( 'NONE',  ( 0.000000000000000000, 0.000000000000000000, -1.000000000000000000 ) ) ;
#1057 = DIRECTION ( 'NONE',  ( 0.000000000000000000, 0.000000000000000000, 1.000000000000000000 ) ) ;
#1058 = CARTESIAN_POINT ( 'NONE',  ( 109.6174781541736536, 1.000000000000000000, 1.000000000000009770 ) ) ;
#1059 = ORIENTED_EDGE ( 'NONE', *, *, #2157, .T. ) ;
#1060 = EDGE_CURVE ( 'NONE', #962, #814, #360, .T. ) ;
#1061 = CARTESIAN_POINT ( 'NONE',  ( 2.737946604452145660, 9.623145977106495992E-11, 9.623145977106495992E-11 ) ) ;
#1062 = CARTESIAN_POINT ( 'NONE',  ( 109.6360497657141337, 20.00000000000000000, 1.000000027972709038 ) ) ;
#1063 = CARTESIAN_POINT ( 'NONE',  ( 130.1194723655175096, -1.732177460824286808, 14.56346015388321646 ) ) ;
#1064 = CARTESIAN_POINT ( 'NONE',  ( 109.9575348463389588, 19.13420747226030727, 7.023782417520679999 ) ) ;
#1065 = B_SPLINE_CURVE_WITH_KNOTS ( 'NONE', 3,
 ( #2554, #1068, #1934, #1244, #1702, #2125, #1954, #2377, #163, #1660, #2807, #1277, #2603, #147, #2588, #405, #1036, #642, #816, #1673 ),
 .UNSPECIFIED., .F., .F.,
 ( 4, 2, 2, 2, 2, 2, 2, 2, 2, 4 ),
 ( 3.273069708340168845E-17, 0.005158992621432783102, 0.007738488932149126080, 0.01031798524286546906, 0.01547697786429807869, 0.01805647417501438090, 0.02063597048573068138, 0.03095395572859581737, 0.03611294835002838710, 0.04127194097146095336 ),
 .UNSPECIFIED. ) ;
#1066 = EDGE_CURVE ( 'NONE', #1381, #779, #1164, .T. ) ;
#1067 = CARTESIAN_POINT ( 'NONE',  ( 109.8236730192915473, 18.99993126322744175, 1.000000000000009992 ) ) ;
#1068 = CARTESIAN_POINT ( 'NONE',  ( 146.1730320344740335, 11.36606698772460433, 19.52419699282018328 ) ) ;
#1069 = DIRECTION ( 'NONE',  ( 0.000000000000000000, 0.000000000000000000, -1.000000000000000000 ) ) ;
#1070 = LINE ( 'NONE', #1882, #716 ) ;
#1071 = EDGE_CURVE ( 'NONE', #2418, #1002, #585, .T. ) ;
#1072 = VERTEX_POINT ( 'NONE', #2680 ) ;
#1073 = CARTESIAN_POINT ( 'NONE',  ( 110.9806155026153363, 0.04816940269109285661, 6.484489632516212687 ) ) ;
#1074 = CARTESIAN_POINT ( 'NONE',  ( 113.4682475065265663, 0.5401141251088227291, 8.214387861917661127 ) ) ;
#1075 = CARTESIAN_POINT ( 'NONE',  ( 110.5820743237293158, 0.3221429588746834161, 7.069435459133753596 ) ) ;
#1076 = AXIS2_PLACEMENT_3D ( 'NONE', #1578, #1375, #937 ) ;
#1077 = EDGE_LOOP ( 'NONE', ( #1358, #2369, #1981, #872 ) ) ;
#1078 = CARTESIAN_POINT ( 'NONE',  ( 2.803648237606791938, 1.000000000004059419, 2.633728631076511789E-16 ) ) ;
#1079 = LINE ( 'NONE', #634, #1607 ) ;
#1080 = CARTESIAN_POINT ( 'NONE',  ( 122.4841670408635537, -1.059358472565005593, 10.62660659518522266 ) ) ;
#1081 = CARTESIAN_POINT ( 'NONE',  ( 106.5509448499574034, 19.24044558879499078, 6.971277641222979327 ) ) ;
#1082 = CARTESIAN_POINT ( 'NONE',  ( 107.7976269828426155, 7.044973471292178407E-05, 6.011869899168098996 ) ) ;
#1083 = CARTESIAN_POINT ( 'NONE',  ( 0.3786408315590472640, 18.00723795530520377, 1.489143067042955293 ) ) ;
#1084 =( BOUNDED_SURFACE ( )  B_SPLINE_SURFACE ( 3, 2, ( 
 ( #2129, #821, #167 ),
 ( #2366, #396, #1241 ),
 ( #811, #1668, #787 ),
 ( #996, #1864, #2284 ),
 ( #1426, #758, #2732 ),
 ( #2708, #2267, #1215 ),
 ( #1852, #532, #560 ),
 ( #2760, #776, #798 ) ),
 .UNSPECIFIED., .F., .F., .F. ) 
 B_SPLINE_SURFACE_WITH_KNOTS ( ( 4, 2, 2, 4 ),
 ( 3, 3 ),
 ( 0.000000000000000000, 0.001271176157730037962, 0.002542352315460075923, 0.005084704630920151847 ),
 ( 0.000000000000000000, 1.000000000000000000 ),
 .UNSPECIFIED. ) 
 GEOMETRIC_REPRESENTATION_ITEM ( )  RATIONAL_B_SPLINE_SURFACE ( (
 ( 1.000000000000000000, 0.9959293863778885258, 1.000000000000000000),
 ( 1.000000000000000000, 0.9956866105310800963, 1.000000000000000000),
 ( 1.000000000000000000, 0.9955221140499522781, 1.000000000000000000),
 ( 1.000000000000000000, 0.9958108630863672373, 1.000000000000000000),
 ( 1.000000000000000000, 0.9964052467863103724, 1.000000000000000000),
 ( 1.000000000000000000, 0.9987594747454210387, 1.000000000000000000),
 ( 1.000000000000000000, 1.000316632629289160, 1.000000000000000000),
 ( 1.000000000000000000, 1.000000000000000000, 1.000000000000000000) ) ) 
 REPRESENTATION_ITEM ( '' )  SURFACE ( )  );
#1085 = CARTESIAN_POINT ( 'NONE',  ( 0.000000000000000000, 0.000000000000000000, 0.000000000000000000 ) ) ;
#1086 = EDGE_LOOP ( 'NONE', ( #650, #890, #1386 ) ) ;
#1087 = CARTESIAN_POINT ( 'NONE',  ( 109.9999999999999858, 0.000000000000000000, 6.000000000000006217 ) ) ;
#1088 = CARTESIAN_POINT ( 'NONE',  ( 8.000000000000000000, 20.00000000000000000, 9.501000000000002998 ) ) ;
#1089 = CARTESIAN_POINT ( 'NONE',  ( 109.8236730192915331, 18.99993126322743464, 0.000000000000000000 ) ) ;
#1090 = CIRCLE ( 'NONE', #1444, 0.9999999999999995559 ) ;
#1091 = ORIENTED_EDGE ( 'NONE', *, *, #2321, .F. ) ;
#1092 = EDGE_CURVE ( 'NONE', #637, #704, #2312, .T. ) ;
#1093 = CARTESIAN_POINT ( 'NONE',  ( 0.4261790687600819916, 1.390307040943883354, 1.390307040943883354 ) ) ;
#1094 = CARTESIAN_POINT ( 'NONE',  ( 0.000000000000000000, 17.00000000000000000, 4.000000000000006217 ) ) ;
#1095 = CARTESIAN_POINT ( 'NONE',  ( 3.000000000000002665, 19.00000000000000000, 7.000000000000006217 ) ) ;
#1096 = ORIENTED_EDGE ( 'NONE', *, *, #765, .F. ) ;
#1097 = CARTESIAN_POINT ( 'NONE',  ( 110.3163875287697380, 0.4558443624435536967, 6.935708313286155224 ) ) ;
#1098 = CARTESIAN_POINT ( 'NONE',  ( 106.3647230434517894, 0.9973943710621530068, 6.999996605343163480 ) ) ;
#1099 = CARTESIAN_POINT ( 'NONE',  ( 2.737946604452145660, 19.99999999990362909, 9.623145977106495992E-11 ) ) ;
#1100 = ORIENTED_EDGE ( 'NONE', *, *, #1528, .T. ) ;
#1101 = DIRECTION ( 'NONE',  ( 0.000000000000000000, -0.7390068736002753935, -0.6736978853844998172 ) ) ;
#1102 = DIRECTION ( 'NONE',  ( -0.7628774916261644723, 0.5838837619837575765, -0.2776646993441300171 ) ) ;
#1103 = DIRECTION ( 'NONE',  ( -0.9360434818771455889, 0.000000000000000000, -0.3518843560536759063 ) ) ;
#1104 = VECTOR ( 'NONE', #1767, 1000.000000000000000 ) ;
#1105 = ORIENTED_EDGE ( 'NONE', *, *, #1737, .T. ) ;
#1106 = VERTEX_POINT ( 'NONE', #2052 ) ;
#1107 = CARTESIAN_POINT ( 'NONE',  ( 0.05345479281063256205, 2.337867473981272592, 2.337867473981272592 ) ) ;
#1108 = CARTESIAN_POINT ( 'NONE',  ( 109.8535738694940136, 0.006956536058653648921, 1.010883019452957221 ) ) ;
#1109 = EDGE_LOOP ( 'NONE', ( #1599, #2402, #2318, #454, #94, #2445, #1831, #1091, #1774 ) ) ;
#1110 = EDGE_CURVE ( 'NONE', #2628, #1055, #1485, .T. ) ;
#1111 = CARTESIAN_POINT ( 'NONE',  ( 2.561540326824124136, 0.7468199034410553105, 6.975955928533481121 ) ) ;
#1112 = CARTESIAN_POINT ( 'NONE',  ( 8.000000000000000000, 20.00000000000000000, 6.000000000000019540 ) ) ;
#1113 = CARTESIAN_POINT ( 'NONE',  ( 139.1844280254853743, 14.34700621490561723, 10.62226310536106055 ) ) ;
#1114 = ORIENTED_EDGE ( 'NONE', *, *, #371, .F. ) ;
#1115 = FACE_OUTER_BOUND ( 'NONE', #820, .T. ) ;
#1116 = CARTESIAN_POINT ( 'NONE',  ( 110.1929953962777660, 19.98747038457116076, 6.004091400337804529 ) ) ;
#1117 = CARTESIAN_POINT ( 'NONE',  ( 107.8302566377117842, 0.0006030513617902578645, 6.011876223126759733 ) ) ;
#1118 = ORIENTED_EDGE ( 'NONE', *, *, #2021, .F. ) ;
#1119 = ORIENTED_EDGE ( 'NONE', *, *, #2486, .F. ) ;
#1120 = CARTESIAN_POINT ( 'NONE',  ( 1.670546387488951234, 0.3035011159708014827, 1.202334077313879090 ) ) ;
#1121 = CARTESIAN_POINT ( 'NONE',  ( 123.4062300055717429, -0.8321133083540120934, 4.879468675724539573 ) ) ;
#1122 = ORIENTED_EDGE ( 'NONE', *, *, #969, .F. ) ;
#1123 = CIRCLE ( 'NONE', #510, 2.498999999999999666 ) ;
#1124 = CARTESIAN_POINT ( 'NONE',  ( 149.0637981458835384, -8.070130742568865756, 17.04918903144019282 ) ) ;
#1125 = CARTESIAN_POINT ( 'NONE',  ( 141.7855783206071010, 12.43480543382259285, 18.94906858035097130 ) ) ;
#1126 = CARTESIAN_POINT ( 'NONE',  ( 141.5867764680193943, 13.53722577317819642, 11.49664643077920800 ) ) ;
#1127 = AXIS2_PLACEMENT_3D ( 'NONE', #1170, #739, #961 ) ;
#1128 = DIRECTION ( 'NONE',  ( 0.000000000000000000, 0.000000000000000000, -1.000000000000000000 ) ) ;
#1129 = CARTESIAN_POINT ( 'NONE',  ( 118.1242560018099113, -0.2487688404012156906, 4.021165132693254485 ) ) ;
#1130 = CARTESIAN_POINT ( 'NONE',  ( 110.1834106557184612, 0.04062809819003856959, 6.000602840071008082 ) ) ;
#1131 = VERTEX_POINT ( 'NONE', #2027 ) ;
#1132 = CYLINDRICAL_SURFACE ( 'NONE', #898, 1.000000000000000000 ) ;
#1133 = FACE_OUTER_BOUND ( 'NONE', #1254, .T. ) ;
#1134 = AXIS2_PLACEMENT_3D ( 'NONE', #2653, #1361, #2480 ) ;
#1135 = EDGE_LOOP ( 'NONE', ( #489, #1711, #891, #427 ) ) ;
#1136 = DIRECTION ( 'NONE',  ( 0.000000000000000000, -1.000000000000000000, 0.000000000000000000 ) ) ;
#1137 = LINE ( 'NONE', #16, #74 ) ;
#1138 = EDGE_CURVE ( 'NONE', #2520, #1002, #889, .T. ) ;
#1139 = CARTESIAN_POINT ( 'NONE',  ( 113.5343802452578217, 18.99711952091787026, 1.286409205852342419 ) ) ;
#1140 = CALENDAR_DATE ( 2026, 3, 9 ) ;
#1141 = CARTESIAN_POINT ( 'NONE',  ( 109.9893182360443404, 19.49669824781567229, 6.923585852811600994 ) ) ;
#1142 = DIRECTION ( 'NONE',  ( 1.000000000000000000, -0.000000000000000000, 0.000000000000000000 ) ) ;
#1143 = CARTESIAN_POINT ( 'NONE',  ( 146.6007660257471343, 9.539544568843174588, 20.75922938773446802 ) ) ;
#1144 = VERTEX_POINT ( 'NONE', #63 ) ;
#1145 = CARTESIAN_POINT ( 'NONE',  ( 131.2180794901777290, -2.539357305357649253, 8.786927135193987937 ) ) ;
#1146 = EDGE_LOOP ( 'NONE', ( #2762, #1383, #421, #295 ) ) ;
#1147 = EDGE_CURVE ( 'NONE', #558, #1144, #1592, .T. ) ;
#1148 = CARTESIAN_POINT ( 'NONE',  ( 149.6443950646691405, -9.999999999999998224, 15.50474992217694137 ) ) ;
#1149 = CARTESIAN_POINT ( 'NONE',  ( 142.1628724030612432, 13.35495175350345143, 19.09090374914496024 ) ) ;
#1150 = DIRECTION ( 'NONE',  ( 3.052279086265420591E-15, -1.000000000000000000, -8.119332088559454551E-15 ) ) ;
#1151 = ORIENTED_EDGE ( 'NONE', *, *, #196, .T. ) ;
#1152 = COORDINATED_UNIVERSAL_TIME_OFFSET ( 2, 0, .AHEAD. ) ;
#1153 = CARTESIAN_POINT ( 'NONE',  ( 109.6360297657337242, 20.00000000000000355, 0.7382006122008516469 ) ) ;
#1154 = SPHERICAL_SURFACE ( 'NONE', #1161, 1.000000000000000000 ) ;
#1155 = ADVANCED_FACE ( 'NONE', ( #2103 ), #2466, .T. ) ;
#1156 = ORIENTED_EDGE ( 'NONE', *, *, #1147, .T. ) ;
#1157 = DIRECTION ( 'NONE',  ( 0.000000000000000000, -1.000000000000000000, 0.000000000000000000 ) ) ;
#1158 = DIRECTION ( 'NONE',  ( -4.954937092193131864E-16, 0.000000000000000000, 1.000000000000000000 ) ) ;
#1159 = CARTESIAN_POINT ( 'NONE',  ( 134.0153576668635935, 15.18159674635712975, 16.02803003451944974 ) ) ;
#1160 = LINE ( 'NONE', #2221, #1025 ) ;
#1161 = AXIS2_PLACEMENT_3D ( 'NONE', #441, #7, #1326 ) ;
#1162 = EDGE_CURVE ( 'NONE', #2037, #2813, #571, .T. ) ;
#1163 = CARTESIAN_POINT ( 'NONE',  ( 135.5374198649875837, 15.89253728450814052, 15.52896817507356531 ) ) ;
#1164 = B_SPLINE_CURVE_WITH_KNOTS ( 'NONE', 3,
 ( #601, #154, #952, #1454, #1806, #1822, #982 ),
 .UNSPECIFIED., .F., .F.,
 ( 4, 3, 4 ),
 ( 0.000000000000000000, 0.002000000000038974074, 0.004989512778399462709 ),
 .UNSPECIFIED. ) ;
#1165 = CARTESIAN_POINT ( 'NONE',  ( 0.000000000000000000, 17.00000000000000000, 3.000000000000000000 ) ) ;
#1166 = APPROVAL_DATE_TIME ( #705, #40 ) ;
#1167 = CARTESIAN_POINT ( 'NONE',  ( 147.4952489227248407, -8.440397740468842613, 14.71133230674970349 ) ) ;
#1168 = CARTESIAN_POINT ( 'NONE',  ( 148.1378246484912040, 11.36705164973599480, 13.88103297172447448 ) ) ;
#1169 = VERTEX_POINT ( 'NONE', #1666 ) ;
#1170 = CARTESIAN_POINT ( 'NONE',  ( 146.9526503818007654, -8.047637791034105703, 19.82318590585731144 ) ) ;
#1171 = ORIENTED_EDGE ( 'NONE', *, *, #675, .T. ) ;
#1172 = CARTESIAN_POINT ( 'NONE',  ( 134.8581273054630287, 16.73537762227809367, 10.11179619126436258 ) ) ;
#1173 = CARTESIAN_POINT ( 'NONE',  ( 116.4295889587818351, 19.72586848769945433, 8.347895768701148356 ) ) ;
#1174 =( BOUNDED_CURVE ( )  B_SPLINE_CURVE ( 3, ( #235, #1373, #732, #2665 ),
 .UNSPECIFIED., .F., .T. ) 
 B_SPLINE_CURVE_WITH_KNOTS ( ( 4, 4 ),
 ( 0.4455612539428098762, 1.570796326794897002 ),
 .UNSPECIFIED. ) 
 CURVE ( )  GEOMETRIC_REPRESENTATION_ITEM ( )  RATIONAL_B_SPLINE_CURVE ( ( 1.000000000000000000, 0.8972412072652142800, 0.8972412072652142800, 1.000000000000000000 ) ) 
 REPRESENTATION_ITEM ( '' )  );
#1175 = AXIS2_PLACEMENT_3D ( 'NONE', #1688, #452, #223 ) ;
#1176 = CARTESIAN_POINT ( 'NONE',  ( 144.3848522377740551, 12.24270467286385156, 19.92620676490258447 ) ) ;
#1177 = DIRECTION ( 'NONE',  ( 0.000000000000000000, 1.000000000000000000, 0.000000000000000000 ) ) ;
#1178 = EDGE_LOOP ( 'NONE', ( #2282, #1332, #788 ) ) ;
#1179 = EDGE_CURVE ( 'NONE', #166, #1730, #22, .T. ) ;
#1180 = CARTESIAN_POINT ( 'NONE',  ( 107.9030759292969606, 19.75984114947402759, 6.650843912689603954 ) ) ;
#1181 = CARTESIAN_POINT ( 'NONE',  ( 148.7083515827920053, -9.999999999999998224, 15.15286556612326052 ) ) ;
#1182 = ORIENTED_EDGE ( 'NONE', *, *, #1187, .F. ) ;
#1183 = CARTESIAN_POINT ( 'NONE',  ( 146.4464256596835980, -8.890127078178911901, 19.63893517515699472 ) ) ;
#1184 = AXIS2_PLACEMENT_3D ( 'NONE', #1917, #2824, #2616 ) ;
#1185 = EDGE_LOOP ( 'NONE', ( #877, #2237, #2660, #2015 ) ) ;
#1186 = DIRECTION ( 'NONE',  ( -0.9360434818771660170, 0.000000000000000000, -0.3518843560536211168 ) ) ;
#1187 = EDGE_CURVE ( 'NONE', #2674, #2628, #2208, .T. ) ;
#1188 = CARTESIAN_POINT ( 'NONE',  ( 113.1940858218923722, 19.92691381355843916, 7.132016777850894940 ) ) ;
#1189 = SPHERICAL_SURFACE ( 'NONE', #1644, 1.000000000000000000 ) ;
#1190 = DIRECTION ( 'NONE',  ( -0.3420201433256692125, 0.000000000000000000, 0.9396926207859083169 ) ) ;
#1191 = EDGE_CURVE ( 'NONE', #2216, #570, #2017, .T. ) ;
#1192 = DIRECTION ( 'NONE',  ( 0.000000000000000000, 0.000000000000000000, 1.000000000000000000 ) ) ;
#1193 = PERSON_AND_ORGANIZATION ( #1963, #1587 ) ;
#1194 = CARTESIAN_POINT ( 'NONE',  ( 107.7976269828426155, 1.000000000000000000, 6.000000000000006217 ) ) ;
#1195 = CYLINDRICAL_SURFACE ( 'NONE', #1676, 1.000000000000000888 ) ;
#1196 = VERTEX_POINT ( 'NONE', #967 ) ;
#1197 = CARTESIAN_POINT ( 'NONE',  ( 110.1929953962748243, 19.98747038457119629, 6.004091400336685425 ) ) ;
#1198 = AXIS2_PLACEMENT_3D ( 'NONE', #340, #1497, #153 ) ;
#1199 = ORIENTED_EDGE ( 'NONE', *, *, #2299, .T. ) ;
#1200 = CARTESIAN_POINT ( 'NONE',  ( 8.000000000000007105, 1.000000000000000000, 7.000000000000006217 ) ) ;
#1201 = CARTESIAN_POINT ( 'NONE',  ( 116.2842678241092074, 18.71753354562109806, 9.362428219809711294 ) ) ;
#1202 = CARTESIAN_POINT ( 'NONE',  ( 5.501000000000000334, 20.00000000000000000, 9.501000000000018986 ) ) ;
#1203 = DIRECTION ( 'NONE',  ( 0.000000000000000000, -1.000000000000000000, 0.000000000000000000 ) ) ;
#1204 = AXIS2_PLACEMENT_3D ( 'NONE', #2292, #781, #1186 ) ;
#1205 = CARTESIAN_POINT ( 'NONE',  ( 112.2150653097800728, 0.1191460870312139181, 7.259366942332031947 ) ) ;
#1206 = CARTESIAN_POINT ( 'NONE',  ( 149.6443950646691405, -8.081274705556758420, 15.50474992217696268 ) ) ;
#1207 = CARTESIAN_POINT ( 'NONE',  ( 136.7523080323683757, 15.07483649626478694, 9.737043821702744850 ) ) ;
#1208 = ORIENTED_EDGE ( 'NONE', *, *, #2038, .F. ) ;
#1209 = CARTESIAN_POINT ( 'NONE',  ( 143.0590185263549188, -5.983105064750725788, 19.42778959646638270 ) ) ;
#1210 = CARTESIAN_POINT ( 'NONE',  ( 133.9080096067089585, -2.719736377508405134, 15.98767496154213852 ) ) ;
#1211 = AXIS2_PLACEMENT_3D ( 'NONE', #2173, #1296, #1284 ) ;
#1212 = CARTESIAN_POINT ( 'NONE',  ( 117.6040175797243563, 18.58156849775928166, 9.858558262802281646 ) ) ;
#1213 = ORIENTED_EDGE ( 'NONE', *, *, #497, .T. ) ;
#1214 = CARTESIAN_POINT ( 'NONE',  ( 113.4025997963560286, 1.000000000007368328, 8.279130362457104653 ) ) ;
#1215 = CARTESIAN_POINT ( 'NONE',  ( 110.9806022712094631, 0.3153562400187704950, 7.139500756336739862 ) ) ;
#1216 = EDGE_CURVE ( 'NONE', #1614, #756, #2242, .T. ) ;
#1217 = AXIS2_PLACEMENT_3D ( 'NONE', #1998, #744, #1389 ) ;
#1218 = FACE_OUTER_BOUND ( 'NONE', #277, .T. ) ;
#1219 = CARTESIAN_POINT ( 'NONE',  ( 108.7484798367605237, 19.90795286627763261, 6.419958929128615210 ) ) ;
#1220 = CARTESIAN_POINT ( 'NONE',  ( 128.7520521699795211, 18.12578080311619289, 6.825188821274622342 ) ) ;
#1221 = ORIENTED_EDGE ( 'NONE', *, *, #844, .F. ) ;
#1222 = EDGE_CURVE ( 'NONE', #2713, #1333, #1605, .T. ) ;
#1223 = CARTESIAN_POINT ( 'NONE',  ( 147.6051613999876508, 10.15820703061713104, 20.51638940225937446 ) ) ;
#1224 = CARTESIAN_POINT ( 'NONE',  ( 113.4000119901293289, 18.89011469409171085, 8.278153100098895933 ) ) ;
#1225 = ORIENTED_EDGE ( 'NONE', *, *, #2317, .F. ) ;
#1226 = CARTESIAN_POINT ( 'NONE',  ( 107.7976269828426155, 1.000000000000000000, 6.000000000000006217 ) ) ;
#1227 = DIRECTION ( 'NONE',  ( -0.9396923317465777359, 0.0007843330717037105826, -0.3420200381239562049 ) ) ;
#1228 = EDGE_CURVE ( 'NONE', #203, #2091, #2548, .T. ) ;
#1229 = CC_DESIGN_APPROVAL ( #162, ( #2645 ) ) ;
#1230 = CARTESIAN_POINT ( 'NONE',  ( 107.9230939281926567, 0.1104859877595904954, 6.450047028316643782 ) ) ;
#1231 = AXIS2_PLACEMENT_3D ( 'NONE', #662, #2172, #1542 ) ;
#1232 = LINE ( 'NONE', #2500, #1564 ) ;
#1233 = DIRECTION ( 'NONE',  ( 1.000000000000000000, 0.000000000000000000, -0.000000000000000000 ) ) ;
#1234 = CARTESIAN_POINT ( 'NONE',  ( 108.6126446866055915, 19.99956560792239557, 6.390765015398385707 ) ) ;
#1235 = APPLICATION_CONTEXT ( 'configuration controlled 3d designs of mechanical parts and assemblies' ) ;
#1236 = DIRECTION ( 'NONE',  ( -4.437993115611288700E-15, -1.000000000000000000, -0.000000000000000000 ) ) ;
#1237 = ADVANCED_FACE ( 'NONE', ( #1521 ), #618, .F. ) ;
#1238 = CARTESIAN_POINT ( 'NONE',  ( 3.000000000000002220, 6.599999999999999645, 7.000000000000007105 ) ) ;
#1239 = CARTESIAN_POINT ( 'NONE',  ( 3.000000000000002665, -7.810249675906655753, 6.000000000000019540 ) ) ;
#1240 = DIRECTION ( 'NONE',  ( 0.000000000000000000, 0.000000000000000000, -1.000000000000000000 ) ) ;
#1241 = CARTESIAN_POINT ( 'NONE',  ( 108.1955537137502006, 0.2580389558423695773, 6.673937513813527289 ) ) ;
#1242 = ORIENTED_EDGE ( 'NONE', *, *, #351, .F. ) ;
#1243 = CARTESIAN_POINT ( 'NONE',  ( 110.0605733744354922, 0.3218146443649706478, 6.736425649670696458 ) ) ;
#1244 = CARTESIAN_POINT ( 'NONE',  ( 142.5864016119301141, 13.31701934988205238, 18.17726042666770070 ) ) ;
#1245 = VECTOR ( 'NONE', #2513, 1000.000000000000000 ) ;
#1246 = DIRECTION ( 'NONE',  ( -0.000000000000000000, -1.000000000000000000, -0.000000000000000000 ) ) ;
#1247 = DIRECTION ( 'NONE',  ( -1.000000000000000000, -0.000000000000000000, -0.000000000000000000 ) ) ;
#1248 = AXIS2_PLACEMENT_3D ( 'NONE', #2419, #2677, #2008 ) ;
#1249 = ORIENTED_EDGE ( 'NONE', *, *, #415, .F. ) ;
#1250 = EDGE_CURVE ( 'NONE', #2383, #2716, #2163, .T. ) ;
#1251 = CARTESIAN_POINT ( 'NONE',  ( 113.4025365857100383, 0.9635211587512880760, 8.279106599845759362 ) ) ;
#1252 = CARTESIAN_POINT ( 'NONE',  ( 106.3525691281459302, 0.9138943059017812232, 6.999779034418592616 ) ) ;
#1253 = CARTESIAN_POINT ( 'NONE',  ( 3.000000000000002665, -7.810249675906655753, 6.000000000000019540 ) ) ;
#1254 = EDGE_LOOP ( 'NONE', ( #2453, #1819, #2388, #1372 ) ) ;
#1255 = AXIS2_PLACEMENT_3D ( 'NONE', #651, #1731, #1498 ) ;
#1256 = CARTESIAN_POINT ( 'NONE',  ( 3.000000000000002665, 19.00000000000000000, 1.000000000000000000 ) ) ;
#1257 = CARTESIAN_POINT ( 'NONE',  ( 107.2777732561959994, 19.60284659946909613, 6.806942142706470023 ) ) ;
#1258 = CARTESIAN_POINT ( 'NONE',  ( 3.000000000000002220, 13.40000000000000036, 7.000000000000007994 ) ) ;
#1259 = CARTESIAN_POINT ( 'NONE',  ( 106.8394576115459103, 0.4857813480308033616, 6.858640265794475610 ) ) ;
#1260 = ORIENTED_EDGE ( 'NONE', *, *, #332, .T. ) ;
#1261 = CARTESIAN_POINT ( 'NONE',  ( 111.6968029705524827, 0.07993136478402361467, 6.929217623707502050 ) ) ;
#1262 =( BOUNDED_SURFACE ( )  B_SPLINE_SURFACE ( 3, 2, ( 
 ( #583, #2529, #2144 ),
 ( #568, #350, #1252 ),
 ( #1910, #2118, #2798 ),
 ( #598, #1707, #152 ),
 ( #1042, #183, #2769 ),
 ( #2367, #2784, #836 ),
 ( #1695, #2578, #1496 ),
 ( #1074, #2593, #2811 ),
 ( #647, #1728, #869 ),
 ( #2607, #1939, #1259 ),
 ( #373, #1501, #1950 ),
 ( #621, #2551, #638 ),
 ( #158, #192, #589 ),
 ( #2123, #2389, #2821 ),
 ( #2601, #878, #388 ),
 ( #2151, #1049, #2567 ),
 ( #2790, #1097, #2374 ),
 ( #1290, #1307, #1471 ) ),
 .UNSPECIFIED., .F., .F., .T. ) 
 B_SPLINE_SURFACE_WITH_KNOTS ( ( 4, 2, 2, 2, 2, 2, 2, 2, 4 ),
 ( 3, 3 ),
 ( 0.000000000000000000, 0.005188432083047236389, 0.006485540103809046136, 0.007782648124570855017, 0.01037686416609447278, 0.01297108020761809227, 0.01426818822837990115, 0.01556529624914171003, 0.02075372833218894555 ),
 ( 0.000000000000000000, 1.000000000000000000 ),
 .UNSPECIFIED. ) 
 GEOMETRIC_REPRESENTATION_ITEM ( )  RATIONAL_B_SPLINE_SURFACE ( (
 ( 1.000000000000000000, 0.9838801513219878059, 1.000000000000000000),
 ( 1.000000000000000000, 0.9835037302489976208, 1.000000000000000000),
 ( 1.000000000000000000, 0.9834451255927352253, 1.000000000000000000),
 ( 1.000000000000000000, 0.9838051515149753845, 1.000000000000000000),
 ( 1.000000000000000000, 0.9838988276936279087, 1.000000000000000000),
 ( 1.000000000000000000, 0.9841304155931674957, 1.000000000000000000),
 ( 1.000000000000000000, 0.9842686028593570224, 1.000000000000000000),
 ( 1.000000000000000000, 0.9847427542200348771, 1.000000000000000000),
 ( 1.000000000000000000, 0.9851398184354226428, 1.000000000000000000),
 ( 1.000000000000000000, 0.9860790780435327862, 1.000000000000000000),
 ( 1.000000000000000000, 0.9866213613249250614, 1.000000000000000000),
 ( 1.000000000000000000, 0.9875283756926553913, 1.000000000000000000),
 ( 1.000000000000000000, 0.9878474383869497721, 1.000000000000000000),
 ( 1.000000000000000000, 0.9885071864205370318, 1.000000000000000000),
 ( 1.000000000000000000, 0.9888473862900697409, 1.000000000000000000),
 ( 1.000000000000000000, 0.9905877065728468933, 1.000000000000000000),
 ( 1.000000000000000000, 0.9921076109466919757, 1.000000000000000000),
 ( 1.000000000000000000, 0.9935817251825053154, 1.000000000000000000) ) ) 
 REPRESENTATION_ITEM ( '' )  SURFACE ( )  );
#1263 = CARTESIAN_POINT ( 'NONE',  ( 1.196179724907272535, 19.43123794674220051, 0.5687620532580019983 ) ) ;
#1264 = CYLINDRICAL_SURFACE ( 'NONE', #105, 3.000000000000000000 ) ;
#1265 = EDGE_CURVE ( 'NONE', #1562, #991, #1795, .T. ) ;
#1266 = EDGE_LOOP ( 'NONE', ( #1584, #1778, #434 ) ) ;
#1267 = CARTESIAN_POINT ( 'NONE',  ( 5.499000000000000554, -7.810249675906655753, 9.501000000000018986 ) ) ;
#1268 = CARTESIAN_POINT ( 'NONE',  ( 110.9781825447754784, 0.3023623000188303545, 7.141696926907809662 ) ) ;
#1269 = ORIENTED_EDGE ( 'NONE', *, *, #28, .F. ) ;
#1270 = CARTESIAN_POINT ( 'NONE',  ( 2.222152302202449636, 1.063966701603183074, 0.09595005240477325059 ) ) ;
#1271 = CARTESIAN_POINT ( 'NONE',  ( 110.1834106557184612, 0.04062809819003856959, 6.000602840071008082 ) ) ;
#1272 = EDGE_CURVE ( 'NONE', #2589, #1955, #204, .T. ) ;
#1273 = CARTESIAN_POINT ( 'NONE',  ( 130.2602214497581201, -2.706676382939000813, 13.55056971767085017 ) ) ;
#1274 = CARTESIAN_POINT ( 'NONE',  ( 106.4381354882419402, 19.13900552161157975, 6.992700768108925935 ) ) ;
#1275 = ADVANCED_FACE ( 'NONE', ( #431 ), #353, .T. ) ;
#1276 = LINE ( 'NONE', #881, #2314 ) ;
#1277 = CARTESIAN_POINT ( 'NONE',  ( 131.0016918767358902, 17.10830858782528097, 13.82417191455027705 ) ) ;
#1278 = VERTEX_POINT ( 'NONE', #1302 ) ;
#1279 =( BOUNDED_SURFACE ( )  B_SPLINE_SURFACE ( 3, 2, ( 
 ( #319, #1855, #2302 ),
 ( #333, #847, #592 ),
 ( #830, #1051, #1689 ),
 ( #863, #195, #1083 ),
 ( #424, #623, #1720 ),
 ( #2571, #1310, #2360 ),
 ( #178, #1292, #1513 ),
 ( #1892, #1263, #2538 ),
 ( #2154, #2327, #2171 ),
 ( #577, #802, #2792 ),
 ( #607, #212, #2139 ),
 ( #2342, #2111, #1502 ),
 ( #376, #1099, #2764 ),
 ( #1462, #391, #361 ) ),
 .UNSPECIFIED., .F., .F., .F. ) 
 B_SPLINE_SURFACE_WITH_KNOTS ( ( 4, 2, 2, 2, 2, 2, 4 ),
 ( 3, 3 ),
 ( 1.570796326794896558, 1.963495408493620697, 2.356194490192344837, 2.552544031041707129, 2.748893571891068976, 2.945243112740430824, 3.141592653589793116 ),
 ( 0.000000000000000000, 1.000000000000000000 ),
 .UNSPECIFIED. ) 
 GEOMETRIC_REPRESENTATION_ITEM ( )  RATIONAL_B_SPLINE_SURFACE ( (
 ( 1.000000000000000000, 1.000000000000000000, 1.000000000000000000),
 ( 1.000000000000000000, 1.000158582174065058, 1.000000000000000000),
 ( 1.000000000000000000, 0.9867291873849285411, 1.000000000000000000),
 ( 1.000000000000000000, 0.9386556523773842420, 1.000000000000000000),
 ( 1.000000000000000000, 0.9038128866905679182, 1.000000000000000000),
 ( 1.000000000000000000, 0.8471316623313736027, 1.000000000000000000),
 ( 1.000000000000000000, 0.8275942669551145103, 1.000000000000000000),
 ( 1.000000000000000000, 0.7902180112882275509, 1.000000000000000000),
 ( 1.000000000000000000, 0.7723968187713095013, 1.000000000000000000),
 ( 1.000000000000000000, 0.7418334209258952150, 1.000000000000000000),
 ( 1.000000000000000000, 0.7291288917604100694, 1.000000000000000000),
 ( 1.000000000000000000, 0.7117460047829068381, 1.000000000000000000),
 ( 1.000000000000000000, 0.7070717266846634486, 1.000000000000000000),
 ( 1.000000000000000000, 0.7071067811865475727, 1.000000000000000000) ) ) 
 REPRESENTATION_ITEM ( '' )  SURFACE ( )  );
#1280 = CARTESIAN_POINT ( 'NONE',  ( 110.1656931626149145, 1.006450157371267196, 0.06030737921327081197 ) ) ;
#1281 = CARTESIAN_POINT ( 'NONE',  ( 147.8886938636779576, 9.539544568843165706, 20.17507026191098518 ) ) ;
#1282 = AXIS2_PLACEMENT_3D ( 'NONE', #227, #2197, #1755 ) ;
#1283 = ORIENTED_EDGE ( 'NONE', *, *, #2364, .T. ) ;
#1284 = DIRECTION ( 'NONE',  ( 0.000000000000000000, 0.000000000000000000, 1.000000000000000000 ) ) ;
#1285 = CARTESIAN_POINT ( 'NONE',  ( 106.4616128526648140, 0.7248312771094511664, 6.963402020133591996 ) ) ;
#1286 = ORIENTED_EDGE ( 'NONE', *, *, #371, .T. ) ;
#1287 = CARTESIAN_POINT ( 'NONE',  ( 1.170030629533428401, 1.409784746521414167, 0.6146771197821211397 ) ) ;
#1288 = CARTESIAN_POINT ( 'NONE',  ( 143.6897059812289683, -7.198955049586294841, 18.60145961175271623 ) ) ;
#1289 = DIRECTION ( 'NONE',  ( 0.000000000000000000, 0.000000000000000000, 1.000000000000000000 ) ) ;
#1290 = CARTESIAN_POINT ( 'NONE',  ( 112.5362860887423153, 0.1559196707453698594, 7.470311579425659154 ) ) ;
#1291 = CARTESIAN_POINT ( 'NONE',  ( 109.6501078090428081, 0.0006030513617909236731, 1.011876223126761731 ) ) ;
#1292 = CARTESIAN_POINT ( 'NONE',  ( 0.8904653425075367279, 19.17136507688228164, 0.8286349231175230701 ) ) ;
#1293 = CARTESIAN_POINT ( 'NONE',  ( 109.6174781541736394, 1.000000000000000000, 1.000000000000000000 ) ) ;
#1294 = EDGE_LOOP ( 'NONE', ( #1100, #1532, #2378, #1414 ) ) ;
#1295 = CIRCLE ( 'NONE', #838, 2.498999999999999666 ) ;
#1296 = DIRECTION ( 'NONE',  ( 0.000000000000000000, -1.000000000000000000, 0.000000000000000000 ) ) ;
#1297 = DIRECTION ( 'NONE',  ( -1.000000000000000000, 4.336808689942013792E-15, 0.000000000000000000 ) ) ;
#1298 = FACE_OUTER_BOUND ( 'NONE', #1185, .T. ) ;
#1299 = CIRCLE ( 'NONE', #49, 1.000000000000000888 ) ;
#1300 = ORIENTED_EDGE ( 'NONE', *, *, #955, .T. ) ;
#1301 = ORIENTED_EDGE ( 'NONE', *, *, #1483, .T. ) ;
#1302 = CARTESIAN_POINT ( 'NONE',  ( 149.0503717261176462, -8.081274705556779736, 14.21317294533734632 ) ) ;
#1303 = CARTESIAN_POINT ( 'NONE',  ( 139.3323750050188039, -5.318079888272371214, 16.96211728732884083 ) ) ;
#1304 = ORIENTED_EDGE ( 'NONE', *, *, #771, .T. ) ;
#1305 = CARTESIAN_POINT ( 'NONE',  ( 127.1618159291988377, -1.983403774175983125, 12.38554235455001518 ) ) ;
#1306 = VERTEX_POINT ( 'NONE', #1995 ) ;
#1307 = CARTESIAN_POINT ( 'NONE',  ( 110.3501617376178388, 0.3765114181044533215, 6.873085481296018706 ) ) ;
#1308 = AXIS2_PLACEMENT_3D ( 'NONE', #817, #1674, #2527 ) ;
#1309 = DIRECTION ( 'NONE',  ( 0.000000000000000000, 0.000000000000000000, -1.000000000000000000 ) ) ;
#1310 = CARTESIAN_POINT ( 'NONE',  ( 0.7586295022792479692, 19.03281166240311961, 0.9671883375967934571 ) ) ;
#1311 = ORIENTED_EDGE ( 'NONE', *, *, #1555, .T. ) ;
#1312 = CYLINDRICAL_SURFACE ( 'NONE', #2278, 2.498999999999999666 ) ;
#1313 = AXIS2_PLACEMENT_3D ( 'NONE', #2556, #2515, #1636 ) ;
#1314 = DIRECTION ( 'NONE',  ( 1.000000000000000000, -0.000000000000000000, 0.000000000000000000 ) ) ;
#1315 = CARTESIAN_POINT ( 'NONE',  ( 3.000000000000002665, 20.00000000000000000, 1.000000000000000000 ) ) ;
#1316 = VERTEX_POINT ( 'NONE', #1343 ) ;
#1317 = ADVANCED_FACE ( 'NONE', ( #2203 ), #1132, .T. ) ;
#1318 = ORIENTED_EDGE ( 'NONE', *, *, #2525, .F. ) ;
#1319 = CARTESIAN_POINT ( 'NONE',  ( 4.217769985506373659E-12, 2.672760551479985924, 2.672760551479985924 ) ) ;
#1320 = CARTESIAN_POINT ( 'NONE',  ( 111.8401359761621876, 1.063178774407670613, 0.6697547223254176618 ) ) ;
#1321 = EDGE_CURVE ( 'NONE', #962, #125, #1610, .T. ) ;
#1322 = ORIENTED_EDGE ( 'NONE', *, *, #288, .T. ) ;
#1323 = CARTESIAN_POINT ( 'NONE',  ( 112.9994566441983750, 19.28314899720841069, 8.048690059065066293 ) ) ;
#1324 = LINE ( 'NONE', #2569, #1946 ) ;
#1325 = DIRECTION ( 'NONE',  ( 0.000000000000000000, 1.000000000000000000, 0.000000000000000000 ) ) ;
#1326 = DIRECTION ( 'NONE',  ( -0.9360434818771637966, 0.000000000000000000, -0.3518843560536272230 ) ) ;
#1327 = CARTESIAN_POINT ( 'NONE',  ( 1.242640687119288323, 19.00000000000000000, 2.152144457471159282E-16 ) ) ;
#1328 = B_SPLINE_CURVE_WITH_KNOTS ( 'NONE', 3,
 ( #1915, #2372, #1257, #356, #1713, #1685, #205, #2816, #2611, #841 ),
 .UNSPECIFIED., .F., .F.,
 ( 4, 2, 2, 2, 4 ),
 ( 0.000000000000000000, 0.0008545383576609121273, 0.001281807536491366565, 0.001495442125906597036, 0.001709076715321827290 ),
 .UNSPECIFIED. ) ;
#1329 = ORIENTED_EDGE ( 'NONE', *, *, #2147, .T. ) ;
#1330 = CARTESIAN_POINT ( 'NONE',  ( 3.035766082959412415E-15, 2.738153414567656707, 2.607230121851484839 ) ) ;
#1331 = CARTESIAN_POINT ( 'NONE',  ( 126.6765942296621290, -1.434937610377229111, 6.069783908541869444 ) ) ;
#1332 = ORIENTED_EDGE ( 'NONE', *, *, #1873, .F. ) ;
#1333 = VERTEX_POINT ( 'NONE', #1529 ) ;
#1334 = CARTESIAN_POINT ( 'NONE',  ( 5.499000000000017430, 20.00000000000000000, 12.00000000000001954 ) ) ;
#1335 = DIRECTION ( 'NONE',  ( 0.9396926207858917746, 0.000000000000000000, 0.3420201433257143431 ) ) ;
#1336 = CARTESIAN_POINT ( 'NONE',  ( 147.6447310595340809, 10.51517873611855869, 13.70156158262682133 ) ) ;
#1337 = ORIENTED_EDGE ( 'NONE', *, *, #2223, .F. ) ;
#1338 = FACE_OUTER_BOUND ( 'NONE', #231, .T. ) ;
#1339 = CARTESIAN_POINT ( 'NONE',  ( 110.5383983974320330, 19.97644906001113441, 6.264669427645232602 ) ) ;
#1340 = CARTESIAN_POINT ( 'NONE',  ( 146.9526503818007939, -8.047637791034093269, 19.82318590585730789 ) ) ;
#1341 = ORIENTED_EDGE ( 'NONE', *, *, #135, .T. ) ;
#1342 = PRODUCT_DEFINITION_SHAPE ( 'NONE', 'NONE',  #1947 ) ;
#1343 = CARTESIAN_POINT ( 'NONE',  ( 146.6007660257471343, -8.047637791034114585, 20.75922938773447157 ) ) ;
#1344 = CARTESIAN_POINT ( 'NONE',  ( 147.6168443084569333, -7.101016365880438386, 13.69141163530436600 ) ) ;
#1345 = EDGE_CURVE ( 'NONE', #2305, #1196, #1749, .T. ) ;
#1346 = AXIS2_PLACEMENT_3D ( 'NONE', #261, #1961, #2832 ) ;
#1347 = VERTEX_POINT ( 'NONE', #428 ) ;
#1348 = ORIENTED_EDGE ( 'NONE', *, *, #1265, .F. ) ;
#1349 = SPHERICAL_SURFACE ( 'NONE', #2745, 1.000000000000000000 ) ;
#1350 = CARTESIAN_POINT ( 'NONE',  ( 112.1270318274519013, 19.68276276979588246, 7.447327796514371379 ) ) ;
#1351 = CARTESIAN_POINT ( 'NONE',  ( 3.000000000000002665, 20.00000000000000000, 1.000000000000000000 ) ) ;
#1352 = ORIENTED_EDGE ( 'NONE', *, *, #2490, .T. ) ;
#1353 = AXIS2_PLACEMENT_3D ( 'NONE', #2797, #1102, #2382 ) ;
#1354 = CARTESIAN_POINT ( 'NONE',  ( 0.000000000000000000, 3.000000000000000000, 3.000000000000000000 ) ) ;
#1355 = CARTESIAN_POINT ( 'NONE',  ( 109.6360297657337100, 19.00000000000000000, 0.000000000000000000 ) ) ;
#1356 = ADVANCED_FACE ( 'NONE', ( #851, #1693 ), #1909, .F. ) ;
#1357 = CARTESIAN_POINT ( 'NONE',  ( 8.000000000000007105, 1.000000000000000000, 6.000000000000006217 ) ) ;
#1358 = ORIENTED_EDGE ( 'NONE', *, *, #2240, .F. ) ;
#1359 = FACE_OUTER_BOUND ( 'NONE', #2449, .T. ) ;
#1360 = CARTESIAN_POINT ( 'NONE',  ( 109.7616122214480470, 19.99997726407969623, 1.000177236496400557 ) ) ;
#1361 = DIRECTION ( 'NONE',  ( 1.000000000000000000, -0.000000000000000000, -0.000000000000000000 ) ) ;
#1362 = DIRECTION ( 'NONE',  ( -1.000000000000000000, 0.000000000000000000, 0.000000000000000000 ) ) ;
#1363 = ORIENTED_EDGE ( 'NONE', *, *, #2089, .T. ) ;
#1364 = EDGE_CURVE ( 'NONE', #1055, #2192, #2624, .T. ) ;
#1365 = CC_DESIGN_PERSON_AND_ORGANIZATION_ASSIGNMENT ( #2238, #304, ( #305 ) ) ;
#1366 = CARTESIAN_POINT ( 'NONE',  ( 145.3028399118460072, -7.186522950948427635, 13.91336068545277094 ) ) ;
#1367 = CARTESIAN_POINT ( 'NONE',  ( 149.2570228453245136, 10.31374609175086654, 15.35256557408234990 ) ) ;
#1368 = ORIENTED_EDGE ( 'NONE', *, *, #2359, .F. ) ;
#1369 = CARTESIAN_POINT ( 'NONE',  ( 140.8676042657067740, -5.898692061489626326, 17.53964609891903592 ) ) ;
#1370 = ORIENTED_EDGE ( 'NONE', *, *, #2695, .F. ) ;
#1371 = CARTESIAN_POINT ( 'NONE',  ( 118.1162129850664684, -0.2478815997111557812, 4.018237714012368400 ) ) ;
#1372 = ORIENTED_EDGE ( 'NONE', *, *, #1528, .F. ) ;
#1373 = CARTESIAN_POINT ( 'NONE',  ( 0.6342058179246294891, 0.8053024039620041430, 6.194697596038002629 ) ) ;
#1374 = FACE_OUTER_BOUND ( 'NONE', #2162, .T. ) ;
#1375 = DIRECTION ( 'NONE',  ( 1.000000000000000000, -0.000000000000000000, 0.000000000000000000 ) ) ;
#1376 = ORIENTED_EDGE ( 'NONE', *, *, #1430, .T. ) ;
#1377 = PERSON_AND_ORGANIZATION ( #1963, #1587 ) ;
#1378 = CARTESIAN_POINT ( 'NONE',  ( 148.2003663687800383, -8.922563096391785464, 14.96797406877561620 ) ) ;
#1379 = CARTESIAN_POINT ( 'NONE',  ( 109.6501078090427796, 0.0006030513617903167367, 1.011876223126748187 ) ) ;
#1380 = EDGE_CURVE ( 'NONE', #1347, #767, #174, .T. ) ;
#1381 = VERTEX_POINT ( 'NONE', #2158 ) ;
#1382 = DIRECTION ( 'NONE',  ( -9.859622606899126805E-15, -1.000000000000000000, -0.000000000000000000 ) ) ;
#1383 = ORIENTED_EDGE ( 'NONE', *, *, #1060, .T. ) ;
#1384 = CYLINDRICAL_SURFACE ( 'NONE', #1475, 3.000000000000000000 ) ;
#1385 = CARTESIAN_POINT ( 'NONE',  ( 125.7414896071140049, 18.30864227371054298, 12.91765664839677008 ) ) ;
#1386 = ORIENTED_EDGE ( 'NONE', *, *, #2331, .F. ) ;
#1387 = FACE_OUTER_BOUND ( 'NONE', #330, .T. ) ;
#1388 = AXIS2_PLACEMENT_3D ( 'NONE', #1918, #2778, #1474 ) ;
#1389 = DIRECTION ( 'NONE',  ( 0.9396926207859089830, 0.000000000000000000, 0.3420201433256671586 ) ) ;
#1390 = CLOSED_SHELL ( 'NONE', ( #667, #663, #230, #1988, #719, #244, #627, #2280, #563, #2747, #1932, #986, #513, #1317, #1983, #1237, #241, #2346, #255, #113, #726, #2454, #460, #614, #2547, #536, #1860, #502, #1579, #2068, #714, #1709, #864, #2568, #2582, #2656, #1017, #938, #1642, #801, #2227, #973, #1786, #831, #759, #2414, #1561, #324, #736, #1891, #1487, #15, #855, #2193, #2781, #2575, #202, #1724, #1677, #76, #1965, #1155, #1876, #1943, #1356, #1766, #2465, #1275, #581, #924, #1632, #2820 ) ) ;
#1391 = CARTESIAN_POINT ( 'NONE',  ( 0.000000000000000000, 19.00000000000000000, 3.000000000000000000 ) ) ;
#1392 = AXIS2_PLACEMENT_3D ( 'NONE', #2143, #2399, #2559 ) ;
#1393 = CARTESIAN_POINT ( 'NONE',  ( 107.8264114977261414, 0.1183738699775608860, 6.471069865928523512 ) ) ;
#1394 = CARTESIAN_POINT ( 'NONE',  ( 149.5990429886501829, 10.31374609175087542, 14.41287295329643392 ) ) ;
#1395 = DIRECTION ( 'NONE',  ( 0.000000000000000000, 1.000000000000000000, 0.000000000000000000 ) ) ;
#1396 = EDGE_LOOP ( 'NONE', ( #10, #1269, #2043 ) ) ;
#1397 = CARTESIAN_POINT ( 'NONE',  ( 3.000000000000002665, 0.000000000000000000, 6.000000000000006217 ) ) ;
#1398 = CARTESIAN_POINT ( 'NONE',  ( 147.8886938636779576, -9.999999999999998224, 20.17507026191098873 ) ) ;
#1399 = EDGE_CURVE ( 'NONE', #185, #1316, #2482, .T. ) ;
#1400 = DIRECTION ( 'NONE',  ( 0.000000000000000000, 0.000000000000000000, 1.000000000000000000 ) ) ;
#1401 = CARTESIAN_POINT ( 'NONE',  ( 112.3552972067454760, 19.60805328786700485, 7.612082357425538071 ) ) ;
#1402 = CARTESIAN_POINT ( 'NONE',  ( 109.8535738694963300, 0.006956536058732440062, 1.010883019453814313 ) ) ;
#1403 = APPROVAL_ROLE ( '' ) ;
#1404 = FACE_OUTER_BOUND ( 'NONE', #2275, .T. ) ;
#1405 = CARTESIAN_POINT ( 'NONE',  ( 109.8539028614388258, -0.004040655111999880492, 4.336808689942017736E-15 ) ) ;
#1406 = CARTESIAN_POINT ( 'NONE',  ( 145.4456703769591002, -8.439166206042209240, 20.32499732854720520 ) ) ;
#1407 = ORIENTED_EDGE ( 'NONE', *, *, #2359, .T. ) ;
#1408 = FACE_OUTER_BOUND ( 'NONE', #107, .T. ) ;
#1409 = CARTESIAN_POINT ( 'NONE',  ( 132.6041327018840832, 15.56725065090000193, 15.49751195746085308 ) ) ;
#1410 = ORIENTED_EDGE ( 'NONE', *, *, #2825, .T. ) ;
#1411 = CARTESIAN_POINT ( 'NONE',  ( 113.4024101645253495, 0.9452817923051183291, 8.279059074663406292 ) ) ;
#1412 = CARTESIAN_POINT ( 'NONE',  ( 107.8263656776196910, 0.1197772705776620622, 6.473689807818185926 ) ) ;
#1413 = TOROIDAL_SURFACE ( 'NONE', #1282, 1.250000000000001776, 0.2500000000000000000 ) ;
#1414 = ORIENTED_EDGE ( 'NONE', *, *, #2690, .F. ) ;
#1415 = COORDINATED_UNIVERSAL_TIME_OFFSET ( 2, 0, .AHEAD. ) ;
#1416 = CARTESIAN_POINT ( 'NONE',  ( 107.5978124678180876, 0.1480340635427772888, 6.535429587649734806 ) ) ;
#1417 = CARTESIAN_POINT ( 'NONE',  ( 111.1258139098629556, 19.91443649532177318, 6.707221109786810409 ) ) ;
#1418 = CARTESIAN_POINT ( 'NONE',  ( 141.5563005192804269, 14.48115687849241340, 12.54973186505529981 ) ) ;
#1419 = ORIENTED_EDGE ( 'NONE', *, *, #144, .F. ) ;
#1420 = CARTESIAN_POINT ( 'NONE',  ( 145.9232613202437392, -7.584846244134645588, 20.50453683163518193 ) ) ;
#1421 = CARTESIAN_POINT ( 'NONE',  ( 140.0902099224892652, -4.676188621609298934, 18.31173321228767747 ) ) ;
#1422 = CARTESIAN_POINT ( 'NONE',  ( 130.8296947695314429, 17.15212823964801814, 13.75952478347346819 ) ) ;
#1423 = VERTEX_POINT ( 'NONE', #611 ) ;
#1424 = EDGE_CURVE ( 'NONE', #962, #448, #2574, .T. ) ;
#1425 = CARTESIAN_POINT ( 'NONE',  ( 109.9999387557683121, 0.9814641883776348275, 6.999976976617499069 ) ) ;
#1426 = CARTESIAN_POINT ( 'NONE',  ( 109.8147378296893066, 0.2425544982610045308, 6.789277180199507100 ) ) ;
#1427 = ORIENTED_EDGE ( 'NONE', *, *, #1472, .F. ) ;
#1428 = AXIS2_PLACEMENT_3D ( 'NONE', #1194, #2736, #117 ) ;
#1429 = CARTESIAN_POINT ( 'NONE',  ( 107.7976269828426155, 1.000000000000000000, 6.000000000000006217 ) ) ;
#1430 = EDGE_CURVE ( 'NONE', #2401, #1541, #410, .T. ) ;
#1431 = CARTESIAN_POINT ( 'NONE',  ( 109.1554989539968830, 19.94925369154724493, 6.304596119238240703 ) ) ;
#1432 = DIRECTION ( 'NONE',  ( -0.9360434818771387055, 0.000000000000000000, -0.3518843560536941140 ) ) ;
#1433 = ORIENTED_EDGE ( 'NONE', *, *, #2646, .F. ) ;
#1434 = CARTESIAN_POINT ( 'NONE',  ( 148.7670172685745626, 9.520742910012115701, 17.83865239055723251 ) ) ;
#1435 = CARTESIAN_POINT ( 'NONE',  ( 119.1237144583570995, 0.4470804528511078124, 10.42985390011826574 ) ) ;
#1436 = EDGE_CURVE ( 'NONE', #2108, #1144, #2810, .T. ) ;
#1437 = AXIS2_PLACEMENT_3D ( 'NONE', #603, #1733, #2122 ) ;
#1438 = DIRECTION ( 'NONE',  ( 0.9396926207858924407, 0.000000000000000000, 0.3420201433257126222 ) ) ;
#1439 = ORIENTED_EDGE ( 'NONE', *, *, #123, .T. ) ;
#1440 = FACE_OUTER_BOUND ( 'NONE', #2796, .T. ) ;
#1441 = CARTESIAN_POINT ( 'NONE',  ( 110.1975202580661488, 0.04078288581566581056, 6.247851390141885730 ) ) ;
#1442 = AXIS2_PLACEMENT_3D ( 'NONE', #1053, #133, #2542 ) ;
#1443 = VERTEX_POINT ( 'NONE', #1742 ) ;
#1444 = AXIS2_PLACEMENT_3D ( 'NONE', #1729, #1769, #648 ) ;
#1445 = CARTESIAN_POINT ( 'NONE',  ( 110.0936547821052898, 0.1848896661070864589, 6.555063764892198108 ) ) ;
#1446 = EDGE_CURVE ( 'NONE', #435, #628, #644, .T. ) ;
#1447 = CARTESIAN_POINT ( 'NONE',  ( 110.0492957601980066, 19.76141807049243226, 6.691316517934928321 ) ) ;
#1448 = CARTESIAN_POINT ( 'NONE',  ( 132.0634735079074744, 17.34962084999808951, 8.030447621404089631 ) ) ;
#1449 = LINE ( 'NONE', #2113, #2262 ) ;
#1450 = EDGE_LOOP ( 'NONE', ( #1572, #1363, #917 ) ) ;
#1451 = LINE ( 'NONE', #2100, #2107 ) ;
#1452 = CARTESIAN_POINT ( 'NONE',  ( 112.5513943275471718, 0.1585229760157977619, 7.481283546191628275 ) ) ;
#1453 = VECTOR ( 'NONE', #936, 1000.000000000000000 ) ;
#1454 = CARTESIAN_POINT ( 'NONE',  ( 147.1494771536397650, -8.903110064257448997, 17.76662375899930879 ) ) ;
#1455 = DIRECTION ( 'NONE',  ( 0.000000000000000000, 0.000000000000000000, 1.000000000000000000 ) ) ;
#1456 = CARTESIAN_POINT ( 'NONE',  ( 109.4094544016297021, 0.04053574768477640616, 6.250973846264593625 ) ) ;
#1457 = AXIS2_PLACEMENT_3D ( 'NONE', #795, #584, #2742 ) ;
#1458 = VERTEX_POINT ( 'NONE', #2592 ) ;
#1459 = CARTESIAN_POINT ( 'NONE',  ( 110.0674605321582220, 0.3913882757224629860, 6.806411421172419374 ) ) ;
#1460 =( BOUNDED_SURFACE ( )  B_SPLINE_SURFACE ( 3, 2, ( 
 ( #930, #1534, #2417 ),
 ( #2639, #947, #1344 ),
 ( #1785, #1761, #2006 ),
 ( #2662, #2426, #713 ),
 ( #1979, #272, #55 ),
 ( #2018, #2435, #476 ),
 ( #462, #2448, #888 ),
 ( #1801, #488, #2627 ),
 ( #1145, #1563, #2176 ),
 ( #906, #1331, #220 ),
 ( #2191, #1121, #2204 ),
 ( #1371, #2675, #685 ),
 ( #1747, #2231, #233 ),
 ( #1522, #249, #2404 ),
 ( #432, #916, #1320 ),
 ( #1108, #446, #12 ) ),
 .UNSPECIFIED., .F., .F., .T. ) 
 B_SPLINE_SURFACE_WITH_KNOTS ( ( 4, 2, 2, 2, 2, 2, 2, 4 ),
 ( 3, 3 ),
 ( 0.01460938227356559441, 0.02002119190617750177, 0.02543300153878941261, 0.03084481117140132345, 0.03625662080401323428, 0.04708024006923705596, 0.05249204970184896679, 0.05790385933446087763 ),
 ( 0.000000000000000000, 1.000000000000000000 ),
 .UNSPECIFIED. ) 
 GEOMETRIC_REPRESENTATION_ITEM ( )  RATIONAL_B_SPLINE_SURFACE ( (
 ( 1.000000000000000000, 0.7071067811865524577, 1.000000000000000000),
 ( 1.000000000000000000, 0.7071067811865524577, 1.000000000000000000),
 ( 1.000000000000000000, 0.7071067811865506814, 1.000000000000000000),
 ( 1.000000000000000000, 0.7071067811865506814, 1.000000000000000000),
 ( 1.000000000000000000, 0.7071067811865503483, 1.000000000000000000),
 ( 1.000000000000000000, 0.7071067811865503483, 1.000000000000000000),
 ( 1.000000000000000000, 0.7071067811865487940, 1.000000000000000000),
 ( 1.000000000000000000, 0.7071067811865487940, 1.000000000000000000),
 ( 1.000000000000000000, 0.7071067811865465735, 1.000000000000000000),
 ( 1.000000000000000000, 0.7071067811865465735, 1.000000000000000000),
 ( 1.000000000000000000, 0.7071067811865489050, 1.000000000000000000),
 ( 1.000000000000000000, 0.7071067811865489050, 1.000000000000000000),
 ( 1.000000000000000000, 0.7071067811865462405, 1.000000000000000000),
 ( 1.000000000000000000, 0.7071067811865462405, 1.000000000000000000),
 ( 1.000000000000000000, 0.7071067811865473507, 1.000000000000000000),
 ( 1.000000000000000000, 0.7071067811865473507, 1.000000000000000000) ) ) 
 REPRESENTATION_ITEM ( '' )  SURFACE ( )  );
#1461 = EDGE_CURVE ( 'NONE', #2269, #1725, #2347, .T. ) ;
#1462 = CARTESIAN_POINT ( 'NONE',  ( 3.000000000000005329, 20.00000000000000000, 1.000000000000000444 ) ) ;
#1463 = CARTESIAN_POINT ( 'NONE',  ( 131.7214533645450842, 17.34962084982373298, 8.970140242175085987 ) ) ;
#1464 = CARTESIAN_POINT ( 'NONE',  ( 5.499000000000000554, -7.810249675906655753, 9.501000000000018986 ) ) ;
#1465 = CARTESIAN_POINT ( 'NONE',  ( 1.242640687119288323, 2.152144457471159282E-16, 1.000000000000001110 ) ) ;
#1466 = CARTESIAN_POINT ( 'NONE',  ( 113.3990003999759040, 18.89209477623892397, 8.277761672821085881 ) ) ;
#1467 = AXIS2_PLACEMENT_3D ( 'NONE', #2400, #902, #23 ) ;
#1468 = CARTESIAN_POINT ( 'NONE',  ( 110.1929953962748243, 19.98747038457119629, 6.004091400336685425 ) ) ;
#1469 = DIRECTION ( 'NONE',  ( 5.204170427930420297E-16, 1.734723475976806848E-16, -1.000000000000000000 ) ) ;
#1470 = SPHERICAL_SURFACE ( 'NONE', #1437, 1.000000000000000000 ) ;
#1471 = CARTESIAN_POINT ( 'NONE',  ( 108.1066236522567579, 0.1635420686402384860, 6.548031138773479753 ) ) ;
#1472 = EDGE_CURVE ( 'NONE', #298, #203, #646, .T. ) ;
#1473 = DIRECTION ( 'NONE',  ( 0.000000000000000000, 0.000000000000000000, -1.000000000000000000 ) ) ;
#1474 = DIRECTION ( 'NONE',  ( 0.000000000000000000, 0.000000000000000000, -1.000000000000000000 ) ) ;
#1475 = AXIS2_PLACEMENT_3D ( 'NONE', #741, #85, #517 ) ;
#1476 = CARTESIAN_POINT ( 'NONE',  ( 113.5351631809068351, 18.99711886853588538, 1.286694171123919928 ) ) ;
#1477 = CARTESIAN_POINT ( 'NONE',  ( 148.1814683552015879, 9.533286117507797641, 19.39626424301306429 ) ) ;
#1478 = AXIS2_PLACEMENT_3D ( 'NONE', #2719, #128, #743 ) ;
#1479 = EDGE_CURVE ( 'NONE', #2192, #2625, #151, .T. ) ;
#1480 = CARTESIAN_POINT ( 'NONE',  ( 111.7728010335388120, 0.08088664250800434163, 6.975219400542155945 ) ) ;
#1481 = CARTESIAN_POINT ( 'NONE',  ( 107.7976269828431271, 0.2155315424312605477, 6.620168718237005478 ) ) ;
#1482 = EDGE_LOOP ( 'NONE', ( #1096, #1105, #2557, #247 ) ) ;
#1483 = EDGE_CURVE ( 'NONE', #520, #915, #2795, .T. ) ;
#1484 = VECTOR ( 'NONE', #2094, 1000.000000000000000 ) ;
#1485 = LINE ( 'NONE', #507, #2153 ) ;
#1486 = CARTESIAN_POINT ( 'NONE',  ( 109.6360897656749813, 19.99999999999307931, 1.000000083918126226 ) ) ;
#1487 = ADVANCED_FACE ( 'NONE', ( #2828 ), #1084, .T. ) ;
#1488 = CARTESIAN_POINT ( 'NONE',  ( 125.2532527430257403, -1.647767821323889992, 12.73411505247462117 ) ) ;
#1489 = CARTESIAN_POINT ( 'NONE',  ( 113.3990003999758613, 18.89209477623892397, 8.277761672821071670 ) ) ;
#1490 = CARTESIAN_POINT ( 'NONE',  ( 107.8161785944026860, 19.73900687360027462, 6.673697885384504147 ) ) ;
#1491 = CARTESIAN_POINT ( 'NONE',  ( 147.8886938636779576, 9.539544568843165706, 20.17507026191098518 ) ) ;
#1492 = LINE ( 'NONE', #1648, #2252 ) ;
#1493 = FACE_OUTER_BOUND ( 'NONE', #1396, .T. ) ;
#1494 = ORIENTED_EDGE ( 'NONE', *, *, #2525, .T. ) ;
#1495 = CARTESIAN_POINT ( 'NONE',  ( 109.8236730192914905, 18.99993126322743464, 1.000000000000000888 ) ) ;
#1496 = CARTESIAN_POINT ( 'NONE',  ( 106.5491821503320153, 0.6529864607523673259, 6.938088990555908886 ) ) ;
#1497 = DIRECTION ( 'NONE',  ( 0.000000000000000000, -1.000000000000000000, 0.000000000000000000 ) ) ;
#1498 = DIRECTION ( 'NONE',  ( 0.000000000000000000, 0.000000000000000000, -1.000000000000000000 ) ) ;
#1499 = CARTESIAN_POINT ( 'NONE',  ( 5.499000000000000554, 13.40000000000000213, 9.501000000000018986 ) ) ;
#1500 = CARTESIAN_POINT ( 'NONE',  ( 131.4546946761059871, -3.094192683874944727, 15.06540675360621329 ) ) ;
#1501 = CARTESIAN_POINT ( 'NONE',  ( 110.2116120445452907, 0.7277204244929095234, 7.017604224022782056 ) ) ;
#1502 = CARTESIAN_POINT ( 'NONE',  ( 2.607305765700781652, 18.98710782321613522, 0.01933826517584500901 ) ) ;
#1503 = EDGE_LOOP ( 'NONE', ( #309, #1225, #321, #1208, #2834 ) ) ;
#1504 = DIRECTION ( 'NONE',  ( 0.000000000000000000, 0.000000000000000000, 1.000000000000000000 ) ) ;
#1505 = FACE_OUTER_BOUND ( 'NONE', #1683, .T. ) ;
#1506 = DIRECTION ( 'NONE',  ( -0.9360434818771458110, 0.000000000000000000, -0.3518843560536749626 ) ) ;
#1507 = CARTESIAN_POINT ( 'NONE',  ( 127.2453479089774362, -2.002148058486408644, 12.41695160001992804 ) ) ;
#1508 = ORIENTED_EDGE ( 'NONE', *, *, #161, .F. ) ;
#1509 = CARTESIAN_POINT ( 'NONE',  ( 131.6716126695172591, -2.123869089878513083, 15.14695216248370890 ) ) ;
#1510 = EDGE_LOOP ( 'NONE', ( #2175, #2471 ) ) ;
#1511 = CARTESIAN_POINT ( 'NONE',  ( 109.9788008335647049, 18.99656058139625259, 7.010118294665276473 ) ) ;
#1512 = DIRECTION ( 'NONE',  ( 0.000000000000000000, 0.000000000000000000, -1.000000000000000000 ) ) ;
#1513 = CARTESIAN_POINT ( 'NONE',  ( 1.170030629533428401, 18.59021525347858983, 0.6146771197821211397 ) ) ;
#1514 = EDGE_CURVE ( 'NONE', #1443, #1759, #2746, .T. ) ;
#1515 = CARTESIAN_POINT ( 'NONE',  ( 109.9999999999999858, 19.00000000000000000, 7.000000000000006217 ) ) ;
#1516 = AXIS2_PLACEMENT_3D ( 'NONE', #1256, #1619, #826 ) ;
#1517 = DIRECTION ( 'NONE',  ( 0.000000000000000000, -1.000000000000000000, 0.000000000000000000 ) ) ;
#1518 = CARTESIAN_POINT ( 'NONE',  ( 109.6985775211161922, 19.00000000000000000, 0.000000000000000000 ) ) ;
#1519 = AXIS2_PLACEMENT_3D ( 'NONE', #1820, #980, #112 ) ;
#1520 = VERTEX_POINT ( 'NONE', #573 ) ;
#1521 = FACE_OUTER_BOUND ( 'NONE', #1077, .T. ) ;
#1522 = CARTESIAN_POINT ( 'NONE',  ( 113.1537600502585406, 0.04838343788714156990, 2.212052556822265093 ) ) ;
#1523 = ORIENTED_EDGE ( 'NONE', *, *, #1138, .F. ) ;
#1524 = CARTESIAN_POINT ( 'NONE',  ( 113.0758263618070600, 19.23074448269086645, 8.097122786959140228 ) ) ;
#1525 = CARTESIAN_POINT ( 'NONE',  ( 1.916841335647730071, 0.3930608165951144928, 6.807274378969681017 ) ) ;
#1526 = DIRECTION ( 'NONE',  ( -0.3420201433256690460, -0.000000000000000000, 0.9396926207859083169 ) ) ;
#1527 = DIRECTION ( 'NONE',  ( -8.595445695815679977E-32, 1.000000000000000000, 1.734723475976806848E-16 ) ) ;
#1528 = EDGE_CURVE ( 'NONE', #1196, #2305, #9, .T. ) ;
#1529 = CARTESIAN_POINT ( 'NONE',  ( 5.499000000000000554, 20.00000000000000000, 10.75100000000002076 ) ) ;
#1530 = B_SPLINE_CURVE_WITH_KNOTS ( 'NONE', 3,
 ( #1281, #1477, #552, #1434, #2304, #2528, #1662 ),
 .UNSPECIFIED., .F., .F.,
 ( 4, 3, 4 ),
 ( 0.000000000000000000, 0.002496127796316760256, 0.004989568642188876510 ),
 .UNSPECIFIED. ) ;
#1531 = CARTESIAN_POINT ( 'NONE',  ( 113.3999434670952837, 18.89024882073277922, 8.278126585621347289 ) ) ;
#1532 = ORIENTED_EDGE ( 'NONE', *, *, #2188, .T. ) ;
#1533 = CARTESIAN_POINT ( 'NONE',  ( 109.9999999999999858, 20.00000000000000000, 6.000000000000006217 ) ) ;
#1534 = CARTESIAN_POINT ( 'NONE',  ( 148.5423865121057645, -8.922563096391790793, 14.02828144798969667 ) ) ;
#1535 = ORIENTED_EDGE ( 'NONE', *, *, #1835, .T. ) ;
#1536 = CARTESIAN_POINT ( 'NONE',  ( 109.6988215536294859, 20.00008782242722560, 2.250984151063388125E-13 ) ) ;
#1537 = DIRECTION ( 'NONE',  ( 1.630197014785894955E-15, -1.000000000000000000, 5.933431893716631294E-16 ) ) ;
#1538 = CARTESIAN_POINT ( 'NONE',  ( 106.3649126752824969, 1.000000000000000000, 7.000000000000006217 ) ) ;
#1539 = AXIS2_PLACEMENT_3D ( 'NONE', #862, #2195, #1309 ) ;
#1540 = CARTESIAN_POINT ( 'NONE',  ( 148.7083515827920053, -8.081274705556772631, 15.15286556612326763 ) ) ;
#1541 = VERTEX_POINT ( 'NONE', #1630 ) ;
#1542 = DIRECTION ( 'NONE',  ( 0.3420201433256692680, 0.000000000000000000, -0.9396926207859082059 ) ) ;
#1543 = CARTESIAN_POINT ( 'NONE',  ( 109.9823225610553408, 19.98958655088330261, 6.065724277513702134 ) ) ;
#1544 = CARTESIAN_POINT ( 'NONE',  ( 113.4011431239280512, 18.88839153019339534, 8.278582759435186844 ) ) ;
#1545 = AXIS2_PLACEMENT_3D ( 'NONE', #1293, #2412, #2185 ) ;
#1546 =( BOUNDED_SURFACE ( )  B_SPLINE_SURFACE ( 3, 2, ( 
 ( #228, #1116, #21 ),
 ( #1972, #901, #1543 ),
 ( #1339, #1991, #257 ),
 ( #913, #1768, #2647 ),
 ( #693, #1557, #2432 ),
 ( #2723, #550, #1431 ),
 ( #1417, #2750, #999 ),
 ( #971, #1010, #1219 ),
 ( #2256, #1447, #565 ),
 ( #306, #525, #790 ),
 ( #1867, #80, #1880 ),
 ( #2083, #2313, #1596 ),
 ( #2055, #511, #1180 ),
 ( #293, #2097, #346 ) ),
 .UNSPECIFIED., .F., .F., .F. ) 
 B_SPLINE_SURFACE_WITH_KNOTS ( ( 4, 2, 2, 2, 2, 2, 4 ),
 ( 3, 3 ),
 ( -5.237670905361103350E-05, 0.003840509713920668006, 0.005786952925407807397, 0.007733396136894946787, 0.01162628255986922557, 0.01357272577135636496, 0.01551916898284350435 ),
 ( 0.000000000000000000, 1.000000000000000000 ),
 .UNSPECIFIED. ) 
 GEOMETRIC_REPRESENTATION_ITEM ( )  RATIONAL_B_SPLINE_SURFACE ( (
 ( 1.000000000000000000, 1.000000000000000000, 1.000000000000000000),
 ( 1.000000000000000000, 0.9999998246536160318, 1.000000000000000000),
 ( 1.000000000000000000, 0.9998569221498206927, 1.000000000000000000),
 ( 1.000000000000000000, 0.9994422691177923257, 1.000000000000000000),
 ( 1.000000000000000000, 0.9992706087085365674, 1.000000000000000000),
 ( 1.000000000000000000, 0.9988616697575789516, 1.000000000000000000),
 ( 1.000000000000000000, 0.9986230020515050043, 1.000000000000000000),
 ( 1.000000000000000000, 0.9978202687361147349, 1.000000000000000000),
 ( 1.000000000000000000, 0.9971741073036457514, 1.000000000000000000),
 ( 1.000000000000000000, 0.9960704989953800270, 1.000000000000000000),
 ( 1.000000000000000000, 0.9956801688505318992, 1.000000000000000000),
 ( 1.000000000000000000, 0.9948596648067542514, 1.000000000000000000),
 ( 1.000000000000000000, 0.9944280681868595817, 1.000000000000000000),
 ( 1.000000000000000000, 0.9939865686229437669, 1.000000000000000000) ) ) 
 REPRESENTATION_ITEM ( '' )  SURFACE ( )  );
#1547 = ORIENTED_EDGE ( 'NONE', *, *, #2735, .T. ) ;
#1548 = CARTESIAN_POINT ( 'NONE',  ( 0.3786408315590472640, 1.992762044695335355, 1.489143067042955293 ) ) ;
#1549 = FACE_OUTER_BOUND ( 'NONE', #81, .T. ) ;
#1550 = ORIENTED_EDGE ( 'NONE', *, *, #2492, .F. ) ;
#1551 = CIRCLE ( 'NONE', #2691, 1.250000000000001110 ) ;
#1552 = CARTESIAN_POINT ( 'NONE',  ( 109.4007520801746693, 19.99638328709028556, 6.002470043986193993 ) ) ;
#1553 = CARTESIAN_POINT ( 'NONE',  ( 134.9413091293857576, 14.92682960561172756, 16.37612052436843513 ) ) ;
#1554 = CARTESIAN_POINT ( 'NONE',  ( 106.3649126752825111, 18.92434968069117218, 7.000000000000006217 ) ) ;
#1555 = EDGE_CURVE ( 'NONE', #2651, #1131, #473, .T. ) ;
#1556 =( NAMED_UNIT ( * ) PLANE_ANGLE_UNIT ( ) SI_UNIT ( $, .RADIAN. ) );
#1557 = CARTESIAN_POINT ( 'NONE',  ( 110.1190518234113398, 19.92715122271717476, 6.375607663117099477 ) ) ;
#1558 = FACE_OUTER_BOUND ( 'NONE', #27, .T. ) ;
#1559 = ORIENTED_EDGE ( 'NONE', *, *, #955, .F. ) ;
#1560 = CARTESIAN_POINT ( 'NONE',  ( 148.4751571749424954, 10.04072706644376645, 18.61502603019986424 ) ) ;
#1561 = ADVANCED_FACE ( 'NONE', ( #2297 ), #587, .F. ) ;
#1562 = VERTEX_POINT ( 'NONE', #101 ) ;
#1563 = CARTESIAN_POINT ( 'NONE',  ( 131.5600996335271304, -2.539357305243472585, 7.847234514412845030 ) ) ;
#1564 = VECTOR ( 'NONE', #2070, 1000.000000000000000 ) ;
#1565 = EDGE_LOOP ( 'NONE', ( #686, #1962, #354, #1283 ) ) ;
#1566 = EDGE_CURVE ( 'NONE', #1106, #1976, #2106, .T. ) ;
#1567 = DIRECTION ( 'NONE',  ( 0.000000000000000000, 0.000000000000000000, -1.000000000000000000 ) ) ;
#1568 = CYLINDRICAL_SURFACE ( 'NONE', #1217, 1.000000000000005995 ) ;
#1569 = CARTESIAN_POINT ( 'NONE',  ( 109.8236730192915331, 18.99993126322743464, 0.000000000000000000 ) ) ;
#1570 = CARTESIAN_POINT ( 'NONE',  ( 126.3098906418640155, -1.430726297594048013, 7.000492490251288835 ) ) ;
#1571 = CARTESIAN_POINT ( 'NONE',  ( 146.1844659870250496, 11.40290675261087650, 13.17006856209495602 ) ) ;
#1572 = ORIENTED_EDGE ( 'NONE', *, *, #1364, .F. ) ;
#1573 = CARTESIAN_POINT ( 'NONE',  ( 121.7575113146104968, 19.33806974303937309, 5.343561920042229296 ) ) ;
#1574 = ORIENTED_EDGE ( 'NONE', *, *, #785, .T. ) ;
#1575 = CARTESIAN_POINT ( 'NONE',  ( 109.7616366378922237, 19.99997724607449712, 1.000177271887627839 ) ) ;
#1576 = LINE ( 'NONE', #1148, #2019 ) ;
#1577 = CARTESIAN_POINT ( 'NONE',  ( 149.7093515827920100, 13.39999999999999858, 12.00000000000008349 ) ) ;
#1578 = CARTESIAN_POINT ( 'NONE',  ( 107.7976269828426155, 1.000000000000000000, 6.000000000000006217 ) ) ;
#1579 = ADVANCED_FACE ( 'NONE', ( #2051 ), #2054, .T. ) ;
#1580 = DATE_AND_TIME ( #747, #2771 ) ;
#1581 = B_SPLINE_SURFACE_WITH_KNOTS ( 'NONE', 3, 1, ( 
 ( #36, #926 ),
 ( #2014, #2056 ),
 ( #2071, #2659 ),
 ( #2456, #93 ),
 ( #2470, #988 ) ),
 .UNSPECIFIED., .F., .F., .F.,
 ( 4, 1, 4 ),
 ( 2, 2 ),
 ( 0.000000000000000000, 0.6023521778354847811, 0.9628731215458929960 ),
 ( 0.000000000000000000, 1.000000000000000000 ),
 .UNSPECIFIED. ) ;
#1582 = CARTESIAN_POINT ( 'NONE',  ( 116.4705259611429682, -0.1075878350175353687, 3.419256622378672450 ) ) ;
#1583 = CARTESIAN_POINT ( 'NONE',  ( 143.5063686077750731, 13.85309566855793584, 12.19532083157393743 ) ) ;
#1584 = ORIENTED_EDGE ( 'NONE', *, *, #547, .F. ) ;
#1585 = CARTESIAN_POINT ( 'NONE',  ( 116.6642758241170128, 19.90416031359743343, 3.489775805394363495 ) ) ;
#1586 = CARTESIAN_POINT ( 'NONE',  ( 135.9880804565737549, -3.301630399261464177, 16.76963050711452752 ) ) ;
#1587 = ORGANIZATION ( 'UNSPECIFIED', 'UNSPECIFIED', '' ) ;
#1588 = CARTESIAN_POINT ( 'NONE',  ( 118.0473914117487766, 19.57688420438044119, 8.955814226929179611 ) ) ;
#1589 = DIRECTION ( 'NONE',  ( 0.000000000000000000, 1.000000000000000000, 0.000000000000000000 ) ) ;
#1590 = DIRECTION ( 'NONE',  ( -1.000000000000000000, 0.000000000000000000, 1.224646799147353207E-16 ) ) ;
#1591 = CARTESIAN_POINT ( 'NONE',  ( 113.4919893775255417, 0.5891753843039839733, 8.244934749581014799 ) ) ;
#1592 = LINE ( 'NONE', #1836, #934 ) ;
#1593 = ORIENTED_EDGE ( 'NONE', *, *, #415, .T. ) ;
#1594 = B_SPLINE_CURVE_WITH_KNOTS ( 'NONE', 3,
 ( #1871, #2561, #599, #1285, #2145, #1653, #2531, #184, #2349, #1481 ),
 .UNSPECIFIED., .F., .F.,
 ( 4, 2, 2, 2, 4 ),
 ( 0.000000000000000000, 0.0002247183027753968485, 0.0004494366055507936970, 0.0008988732111015535669, 0.001797746422203073307 ),
 .UNSPECIFIED. ) ;
#1595 = CARTESIAN_POINT ( 'NONE',  ( 113.0001553321103387, 0.2600715835073321713, 7.813645213530869604 ) ) ;
#1596 = CARTESIAN_POINT ( 'NONE',  ( 107.9930992962532770, 19.77967407800110777, 6.626887559265896677 ) ) ;
#1597 = EDGE_CURVE ( 'NONE', #2738, #2192, #1792, .T. ) ;
#1598 = CARTESIAN_POINT ( 'NONE',  ( 109.7857474473711932, 0.004931039905969293417, 1.011213553019186140 ) ) ;
#1599 = ORIENTED_EDGE ( 'NONE', *, *, #1626, .F. ) ;
#1600 = CARTESIAN_POINT ( 'NONE',  ( 0.000000000000000000, 3.000000000000000000, 4.000000000000006217 ) ) ;
#1601 = ORIENTED_EDGE ( 'NONE', *, *, #1659, .T. ) ;
#1602 = CARTESIAN_POINT ( 'NONE',  ( 5.499000000000000554, 6.599999999999999645, 9.501000000000018986 ) ) ;
#1603 = CARTESIAN_POINT ( 'NONE',  ( 109.9617846497659741, 19.99023335532012169, 5.917190301132885466 ) ) ;
#1604 = PLANE ( 'NONE',  #1478 ) ;
#1605 = CIRCLE ( 'NONE', #367, 1.250000000000001110 ) ;
#1606 = CARTESIAN_POINT ( 'NONE',  ( 139.4489782054249929, 14.61718590473282653, 16.99870638896397423 ) ) ;
#1607 = VECTOR ( 'NONE', #1469, 1000.000000000000000 ) ;
#1608 = DIRECTION ( 'NONE',  ( -1.000000000000000000, 0.000000000000000000, -4.954937092193131864E-16 ) ) ;
#1609 = APPLICATION_PROTOCOL_DEFINITION ( 'international standard', 'config_control_design', 1994, #2493 ) ;
#1610 = CIRCLE ( 'NONE', #245, 1.000000000000000888 ) ;
#1611 = CARTESIAN_POINT ( 'NONE',  ( 146.4464256596835696, -8.890127078178906572, 19.63893517515698761 ) ) ;
#1612 = CARTESIAN_POINT ( 'NONE',  ( 133.4872947641134715, 15.95750605121862620, 8.548676177573749868 ) ) ;
#1613 = CARTESIAN_POINT ( 'NONE',  ( 106.3649126752824827, 18.88652285270547893, 27.00000000000000711 ) ) ;
#1614 = VERTEX_POINT ( 'NONE', #357 ) ;
#1615 = CARTESIAN_POINT ( 'NONE',  ( 2.781020684318694425, -1.905824131322174993E-18, 6.126427450783983986 ) ) ;
#1616 = CARTESIAN_POINT ( 'NONE',  ( 118.8561700703199762, 19.48669079827602957, 9.259716059185317150 ) ) ;
#1617 = DIRECTION ( 'NONE',  ( -1.000000000000000000, 0.000000000000000000, 0.000000000000000000 ) ) ;
#1618 = DIRECTION ( 'NONE',  ( 0.000000000000000000, 0.000000000000000000, 1.000000000000000000 ) ) ;
#1619 = DIRECTION ( 'NONE',  ( -1.000000000000000000, -0.000000000000000000, -0.000000000000000000 ) ) ;
#1620 = ORIENTED_EDGE ( 'NONE', *, *, #977, .F. ) ;
#1621 = DIRECTION ( 'NONE',  ( 1.000000000000000000, 0.000000000000000000, 0.000000000000000000 ) ) ;
#1622 = CARTESIAN_POINT ( 'NONE',  ( 107.5272590959715728, 0.1593894470092623028, 6.555870718474157144 ) ) ;
#1623 = CARTESIAN_POINT ( 'NONE',  ( 147.7958045053649982, 11.36705165011301766, 14.82072559257988331 ) ) ;
#1624 = ORIENTED_EDGE ( 'NONE', *, *, #2258, .F. ) ;
#1625 = FACE_OUTER_BOUND ( 'NONE', #1015, .T. ) ;
#1626 = EDGE_CURVE ( 'NONE', #2243, #921, #1018, .T. ) ;
#1627 = CARTESIAN_POINT ( 'NONE',  ( 145.3562642656282833, -7.236110627178692134, 20.29138712511985077 ) ) ;
#1628 = CARTESIAN_POINT ( 'NONE',  ( 129.1047808192854234, 16.47290314117978482, 14.18200983853784969 ) ) ;
#1629 = PLANE ( 'NONE',  #1519 ) ;
#1630 = CARTESIAN_POINT ( 'NONE',  ( 5.499000000000017430, 20.00000000000000000, 12.00000000000001954 ) ) ;
#1631 = CARTESIAN_POINT ( 'NONE',  ( 110.0550936014048204, 0.3491909021781477995, 6.763147697940247838 ) ) ;
#1632 = ADVANCED_FACE ( 'NONE', ( #981 ), #1033, .T. ) ;
#1633 = CARTESIAN_POINT ( 'NONE',  ( 149.0591613974976610, -8.070034910900924174, 17.06152319187966526 ) ) ;
#1634 = CARTESIAN_POINT ( 'NONE',  ( 110.1656931626149145, 1.006450157371267196, 0.06030737921327081197 ) ) ;
#1635 = VERTEX_POINT ( 'NONE', #2817 ) ;
#1636 = DIRECTION ( 'NONE',  ( 0.04189250981498360282, 0.000000000000000000, -0.9991221234771060500 ) ) ;
#1637 = CARTESIAN_POINT ( 'NONE',  ( 129.0247361167694748, -1.470161676907028037, 14.15191884474783990 ) ) ;
#1638 = CARTESIAN_POINT ( 'NONE',  ( 3.000000000000000888, 20.00000000000000000, 9.501000000000002998 ) ) ;
#1639 = ORIENTED_EDGE ( 'NONE', *, *, #1461, .F. ) ;
#1640 = CARTESIAN_POINT ( 'NONE',  ( 5.499000000000017430, -7.810249675906655753, 12.00000000000001954 ) ) ;
#1641 = CARTESIAN_POINT ( 'NONE',  ( 106.3649126752824969, -9.999999999999998224, 27.00000000000000711 ) ) ;
#1642 = ADVANCED_FACE ( 'NONE', ( #190 ), #1646, .T. ) ;
#1643 = AXIS2_PLACEMENT_3D ( 'NONE', #31, #2410, #882 ) ;
#1644 = AXIS2_PLACEMENT_3D ( 'NONE', #1226, #2093, #965 ) ;
#1645 = CARTESIAN_POINT ( 'NONE',  ( 112.1177176580342518, 0.1101367577975862211, 7.196498001269289624 ) ) ;
#1646 =( BOUNDED_SURFACE ( )  B_SPLINE_SURFACE ( 3, 2, ( 
 ( #475, #2387, #2373 ),
 ( #157, #2004, #2217 ),
 ( #175, #1560, #1902 ),
 ( #1700, #387, #2788 ) ),
 .UNSPECIFIED., .F., .F., .T. ) 
 B_SPLINE_SURFACE_WITH_KNOTS ( ( 4, 4 ),
 ( 3, 3 ),
 ( 0.06123577898449946572, 0.06622534749146002930 ),
 ( 0.000000000000000000, 1.000000000000000000 ),
 .UNSPECIFIED. ) 
 GEOMETRIC_REPRESENTATION_ITEM ( )  RATIONAL_B_SPLINE_SURFACE ( (
 ( 1.000000000000000000, 0.8899020922807557854, 1.000000000000000000),
 ( 1.000000000000000000, 0.8897000029666093379, 1.000000000000000000),
 ( 1.000000000000000000, 0.8894980930780708173, 1.000000000000000000),
 ( 1.000000000000000000, 0.8892963656938307482, 1.000000000000000000) ) ) 
 REPRESENTATION_ITEM ( '' )  SURFACE ( )  );
#1647 = CARTESIAN_POINT ( 'NONE',  ( 149.0552157854311588, -9.899529894119346807, 17.07201886925172474 ) ) ;
#1648 = CARTESIAN_POINT ( 'NONE',  ( 8.000000000000007105, 0.000000000000000000, 7.000000000000006217 ) ) ;
#1649 = ORIENTED_EDGE ( 'NONE', *, *, #899, .F. ) ;
#1650 = CARTESIAN_POINT ( 'NONE',  ( 110.2042572562889120, 19.72187167679144082, 6.678568776282155284 ) ) ;
#1651 = EDGE_CURVE ( 'NONE', #1748, #326, #2774, .T. ) ;
#1652 = FACE_OUTER_BOUND ( 'NONE', #683, .T. ) ;
#1653 = CARTESIAN_POINT ( 'NONE',  ( 106.6947760943565839, 0.5485950975079875169, 6.896940713386952027 ) ) ;
#1654 = CARTESIAN_POINT ( 'NONE',  ( 109.9999999999855618, 0.9907312614984602472, 6.999999999994962252 ) ) ;
#1655 = DIRECTION ( 'NONE',  ( 0.000000000000000000, 0.000000000000000000, -1.000000000000000000 ) ) ;
#1656 = AXIS2_PLACEMENT_3D ( 'NONE', #1613, #1382, #1815 ) ;
#1657 = B_SPLINE_CURVE_WITH_KNOTS ( 'NONE', 3,
 ( #390, #194, #2358, #640, #1966, #1490 ),
 .UNSPECIFIED., .F., .F.,
 ( 4, 2, 4 ),
 ( -5.237679700162973357E-05, 0.001190818858921864577, 0.002434014514845358589 ),
 .UNSPECIFIED. ) ;
#1658 = CARTESIAN_POINT ( 'NONE',  ( 107.6703907301237848, 0.1375403643582898683, 6.514547278297198041 ) ) ;
#1659 = EDGE_CURVE ( 'NONE', #2269, #1748, #636, .T. ) ;
#1660 = CARTESIAN_POINT ( 'NONE',  ( 133.3567941063409705, 16.49109684736701453, 14.70939312244606967 ) ) ;
#1661 = LINE ( 'NONE', #2555, #2117 ) ;
#1662 = CARTESIAN_POINT ( 'NONE',  ( 149.6443950646691405, 9.501908822039641933, 15.50474992217694314 ) ) ;
#1663 = CARTESIAN_POINT ( 'NONE',  ( 149.6443950646691405, -8.081274705556772631, 15.50474992217694314 ) ) ;
#1664 = PLANE ( 'NONE',  #1198 ) ;
#1665 = EDGE_CURVE ( 'NONE', #2651, #1520, #259, .T. ) ;
#1666 = CARTESIAN_POINT ( 'NONE',  ( 107.8161785944026860, 19.73900687360027462, 6.673697885384504147 ) ) ;
#1667 = CARTESIAN_POINT ( 'NONE',  ( 149.0503717261176462, 9.501908822039640157, 14.21317294533734987 ) ) ;
#1668 = CARTESIAN_POINT ( 'NONE',  ( 108.6081502747014298, 0.2312370204301885668, 6.660766564943338963 ) ) ;
#1669 = CARTESIAN_POINT ( 'NONE',  ( 112.5050116195024117, 19.54234680975115168, 7.715971504244839352 ) ) ;
#1670 = CIRCLE ( 'NONE', #2819, 1.000000000000000888 ) ;
#1671 = EDGE_CURVE ( 'NONE', #558, #298, #1030, .T. ) ;
#1672 = DIRECTION ( 'NONE',  ( 0.9396926207859840341, 0.000000000000000000, 0.3420201433254610457 ) ) ;
#1673 = CARTESIAN_POINT ( 'NONE',  ( 110.1929953962748243, 19.98747038457119629, 6.004091400336685425 ) ) ;
#1674 = DIRECTION ( 'NONE',  ( -0.9994674359039731337, -0.03263195623215975338, -0.000000000000000000 ) ) ;
#1675 = CARTESIAN_POINT ( 'NONE',  ( 109.9263164357671201, 0.04023204323318554931, 6.049982621342369526 ) ) ;
#1676 = AXIS2_PLACEMENT_3D ( 'NONE', #1181, #1000, #1796 ) ;
#1677 = ADVANCED_FACE ( 'NONE', ( #2434 ), #1470, .T. ) ;
#1678 = VERTEX_POINT ( 'NONE', #1143 ) ;
#1679 = DIRECTION ( 'NONE',  ( -0.000000000000000000, -1.000000000000000000, -0.000000000000000000 ) ) ;
#1680 = DIRECTION ( 'NONE',  ( 0.000000000000000000, 1.000000000000000000, 0.000000000000000000 ) ) ;
#1681 = CARTESIAN_POINT ( 'NONE',  ( 113.4012474132096173, 18.88825774370569022, 8.278621964629614638 ) ) ;
#1682 = CIRCLE ( 'NONE', #1912, 19.99999999999999645 ) ;
#1683 = EDGE_LOOP ( 'NONE', ( #1968, #284, #1959, #860, #1119, #2510 ) ) ;
#1684 = CARTESIAN_POINT ( 'NONE',  ( 112.1270318274519013, 19.68276276979588246, 7.447327796514371379 ) ) ;
#1685 = CARTESIAN_POINT ( 'NONE',  ( 106.5894580901859570, 19.27053407523072082, 6.963561514627225613 ) ) ;
#1686 = CARTESIAN_POINT ( 'NONE',  ( 120.5718072136846644, -0.8013184971383147115, 10.97423158829388257 ) ) ;
#1687 = CARTESIAN_POINT ( 'NONE',  ( 109.9883773892885017, 18.96897736453120942, 7.003897581629942692 ) ) ;
#1688 = CARTESIAN_POINT ( 'NONE',  ( 5.499000000000017430, -7.810249675906655753, 12.00000000000001954 ) ) ;
#1689 = CARTESIAN_POINT ( 'NONE',  ( 0.07808197337323904974, 17.52349577415515824, 2.214756338766504573 ) ) ;
#1690 = CIRCLE ( 'NONE', #1741, 2.498999999999999666 ) ;
#1691 = CARTESIAN_POINT ( 'NONE',  ( 147.6183369348203200, -7.102037035714901414, 13.69195490687149253 ) ) ;
#1692 = FACE_OUTER_BOUND ( 'NONE', #1178, .T. ) ;
#1693 = FACE_OUTER_BOUND ( 'NONE', #2793, .T. ) ;
#1694 = B_SPLINE_CURVE_WITH_KNOTS ( 'NONE', 3,
 ( #2767, #818, #348, #2099, #2344, #2329 ),
 .UNSPECIFIED., .F., .F.,
 ( 4, 2, 4 ),
 ( 1.476087528342540431E-05, 0.001217504001511137681, 0.002420247127738850250 ),
 .UNSPECIFIED. ) ;
#1695 = CARTESIAN_POINT ( 'NONE',  ( 113.4936976621493585, 0.5963274410514132207, 8.248166869616289532 ) ) ;
#1696 = DIRECTION ( 'NONE',  ( 0.000000000000000000, 0.000000000000000000, 1.000000000000000000 ) ) ;
#1697 = AXIS2_PLACEMENT_3D ( 'NONE', #1887, #1834, #2166 ) ;
#1698 = CARTESIAN_POINT ( 'NONE',  ( 3.035766082959412415E-15, 3.000000000000000000, 3.000000000000000000 ) ) ;
#1699 = CARTESIAN_POINT ( 'NONE',  ( 5.500999999999983459, 20.00000000000000000, 12.00000000000001954 ) ) ;
#1700 = CARTESIAN_POINT ( 'NONE',  ( 147.4992961041499768, 10.35292779324917234, 20.02214867748137905 ) ) ;
#1701 = DIRECTION ( 'NONE',  ( 0.9999997283918594659, -0.0007370320262283155130, -0.000000000000000000 ) ) ;
#1702 = CARTESIAN_POINT ( 'NONE',  ( 141.8444856743859077, 13.65439043551188192, 17.89859206113757750 ) ) ;
#1703 = ORIENTED_EDGE ( 'NONE', *, *, #439, .F. ) ;
#1704 =( LENGTH_UNIT ( ) NAMED_UNIT ( * ) SI_UNIT ( .MILLI., .METRE. ) );
#1705 = CARTESIAN_POINT ( 'NONE',  ( 110.6380304121174731, 0.04366602455599326305, 6.276528318386247030 ) ) ;
#1706 = CARTESIAN_POINT ( 'NONE',  ( 112.1679568048663072, 0.1041975472839870298, 7.222922610801848720 ) ) ;
#1707 = CARTESIAN_POINT ( 'NONE',  ( 110.1025464495254909, 0.8801753915505408088, 7.004537492186559966 ) ) ;
#1708 = CARTESIAN_POINT ( 'NONE',  ( 8.000000000000007105, 19.00000000000000000, 6.000000000000006217 ) ) ;
#1709 = ADVANCED_FACE ( 'NONE', ( #420 ), #2023, .T. ) ;
#1710 = ORIENTED_EDGE ( 'NONE', *, *, #1162, .T. ) ;
#1711 = ORIENTED_EDGE ( 'NONE', *, *, #2375, .F. ) ;
#1712 = CARTESIAN_POINT ( 'NONE',  ( 1.170030629533428401, 0.6146771197821211397, 1.409784746521414167 ) ) ;
#1713 = CARTESIAN_POINT ( 'NONE',  ( 106.7664962629413452, 19.38605925184497636, 6.926021688402316023 ) ) ;
#1714 = CARTESIAN_POINT ( 'NONE',  ( 120.9231155702823912, -0.8028253709546028238, 10.03957792414500361 ) ) ;
#1715 = ORIENTED_EDGE ( 'NONE', *, *, #1272, .T. ) ;
#1716 = EDGE_CURVE ( 'NONE', #1381, #1316, #2301, .T. ) ;
#1717 = CARTESIAN_POINT ( 'NONE',  ( 109.9546129979590603, 19.20885135757487205, 7.021412940176404049 ) ) ;
#1718 = AXIS2_PLACEMENT_3D ( 'NONE', #1253, #2579, #2332 ) ;
#1719 = DIRECTION ( 'NONE',  ( 0.000000000000000000, 1.000000000000000000, 0.000000000000000000 ) ) ;
#1720 = CARTESIAN_POINT ( 'NONE',  ( 0.6009994805188101363, 18.22909344509188756, 1.156359832361907092 ) ) ;
#1721 = APPROVAL_PERSON_ORGANIZATION ( #495, #40, #256 ) ;
#1722 = B_SPLINE_CURVE_WITH_KNOTS ( 'NONE', 3,
 ( #1089, #2608, #1518, #1355 ),
 .UNSPECIFIED., .F., .F.,
 ( 4, 4 ),
 ( 2.775557561562891043E-17, 0.0001876432661474988751 ),
 .UNSPECIFIED. ) ;
#1723 = LINE ( 'NONE', #1989, #79 ) ;
#1724 = ADVANCED_FACE ( 'NONE', ( #1625 ), #271, .T. ) ;
#1725 = VERTEX_POINT ( 'NONE', #108 ) ;
#1726 =( BOUNDED_SURFACE ( )  B_SPLINE_SURFACE ( 3, 2, ( 
 ( #656, #604, #1489 ),
 ( #403, #1687, #2357 ),
 ( #1274, #1511, #2406 ),
 ( #1081, #1931, #828 ),
 ( #1735, #2805, #2137 ),
 ( #436, #2614, #1524 ),
 ( #861, #176, #843 ),
 ( #2775, #1064, #1323 ),
 ( #1916, #2586, #422 ),
 ( #2336, #1717, #210 ),
 ( #2179, #222, #1888 ),
 ( #2761, #813, #1669 ),
 ( #1794, #2671, #925 ),
 ( #2226, #496, #1780 ),
 ( #67, #1141, #2455 ),
 ( #50, #280, #737 ) ),
 .UNSPECIFIED., .F., .F., .T. ) 
 B_SPLINE_SURFACE_WITH_KNOTS ( ( 4, 2, 2, 2, 2, 2, 2, 4 ),
 ( 3, 3 ),
 ( 0.000000000000000000, 0.004356501354805675762, 0.006534752032208513209, 0.007623877370909932366, 0.008713002709611351523, 0.01306950406441702642, 0.01524775474181986473, 0.01742600541922270305 ),
 ( 0.000000000000000000, 1.000000000000000000 ),
 .UNSPECIFIED. ) 
 GEOMETRIC_REPRESENTATION_ITEM ( )  RATIONAL_B_SPLINE_SURFACE ( (
 ( 1.000000000000000000, 0.9838983474828451037, 1.000000000000000000),
 ( 1.000000000000000000, 0.9841754571273089169, 1.000000000000000000),
 ( 1.000000000000000000, 0.9846733017225985929, 1.000000000000000000),
 ( 1.000000000000000000, 0.9856764475484546262, 1.000000000000000000),
 ( 1.000000000000000000, 0.9860536658192905479, 1.000000000000000000),
 ( 1.000000000000000000, 0.9866755193652398948, 1.000000000000000000),
 ( 1.000000000000000000, 0.9868924833306345068, 1.000000000000000000),
 ( 1.000000000000000000, 0.9873382986687453400, 1.000000000000000000),
 ( 1.000000000000000000, 0.9875677130424574957, 1.000000000000000000),
 ( 1.000000000000000000, 0.9887423029937904007, 1.000000000000000000),
 ( 1.000000000000000000, 0.9897693626581205439, 1.000000000000000000),
 ( 1.000000000000000000, 0.9913560352782740948, 1.000000000000000000),
 ( 1.000000000000000000, 0.9918937258640715404, 1.000000000000000000),
 ( 1.000000000000000000, 0.9929525664077863967, 1.000000000000000000),
 ( 1.000000000000000000, 0.9934759263497434656, 1.000000000000000000),
 ( 1.000000000000000000, 0.9939865686229437669, 1.000000000000000000) ) ) 
 REPRESENTATION_ITEM ( '' )  SURFACE ( )  );
#1727 = CARTESIAN_POINT ( 'NONE',  ( 110.1834106557184612, 0.04062809819003856959, 6.000602840071008082 ) ) ;
#1728 = CARTESIAN_POINT ( 'NONE',  ( 110.1701322576483051, 0.7998406990154546259, 7.016065597099380824 ) ) ;
#1729 = CARTESIAN_POINT ( 'NONE',  ( 107.7976269828426439, 1.000000000000000888, 6.000000000000007105 ) ) ;
#1730 = VERTEX_POINT ( 'NONE', #1197 ) ;
#1731 = DIRECTION ( 'NONE',  ( 1.719089139163135776E-31, -1.000000000000000000, -3.469446951953612217E-16 ) ) ;
#1732 = CARTESIAN_POINT ( 'NONE',  ( 134.8457399670625705, -3.907425741719086965, 15.27469834872493060 ) ) ;
#1733 = DIRECTION ( 'NONE',  ( 0.000000000000000000, -1.000000000000000000, 0.000000000000000000 ) ) ;
#1734 = ORIENTED_EDGE ( 'NONE', *, *, #931, .T. ) ;
#1735 = CARTESIAN_POINT ( 'NONE',  ( 106.5949696325872367, 19.27394843308792005, 6.962376291164488862 ) ) ;
#1736 = DIRECTION ( 'NONE',  ( -1.000000000000000000, -5.184136569551769718E-15, 4.098366607972425716E-15 ) ) ;
#1737 = EDGE_CURVE ( 'NONE', #139, #225, #1842, .T. ) ;
#1738 = CARTESIAN_POINT ( 'NONE',  ( 5.500999999999978129, 13.39999999999999858, 12.00000000000001243 ) ) ;
#1739 = CARTESIAN_POINT ( 'NONE',  ( 146.1837827940746877, 11.40329062421422712, 13.16981990019676196 ) ) ;
#1740 = DIRECTION ( 'NONE',  ( 0.000000000000000000, 1.000000000000000000, 0.000000000000000000 ) ) ;
#1741 = AXIS2_PLACEMENT_3D ( 'NONE', #1499, #141, #1046 ) ;
#1742 = CARTESIAN_POINT ( 'NONE',  ( 0.000000000000000000, 17.00000000000000000, 4.000000000000006217 ) ) ;
#1743 = CARTESIAN_POINT ( 'NONE',  ( 107.7976269828431271, 0.2155315424312605477, 6.620168718237005478 ) ) ;
#1744 = VECTOR ( 'NONE', #73, 1000.000000000000000 ) ;
#1745 = ORIENTED_EDGE ( 'NONE', *, *, #2530, .F. ) ;
#1746 = DIRECTION ( 'NONE',  ( 0.3518843560536749071, 0.000000000000000000, -0.9360434818771457000 ) ) ;
#1747 = CARTESIAN_POINT ( 'NONE',  ( 116.4588654762863342, -0.1067529409685639696, 3.415012552939365786 ) ) ;
#1748 = VERTEX_POINT ( 'NONE', #500 ) ;
#1749 = CIRCLE ( 'NONE', #1211, 1.000000000000000888 ) ;
#1750 = CARTESIAN_POINT ( 'NONE',  ( 1.707106781187908595, 19.70710678118719628, 6.707106781187394340 ) ) ;
#1751 = CARTESIAN_POINT ( 'NONE',  ( 1.707106781187911038, 0.2928932188128021696, 6.707106781187396116 ) ) ;
#1752 = EDGE_CURVE ( 'NONE', #989, #960, #433, .T. ) ;
#1753 = DIRECTION ( 'NONE',  ( 0.000000000000000000, 0.000000000000000000, 1.000000000000000000 ) ) ;
#1754 = FACE_OUTER_BOUND ( 'NONE', #2484, .T. ) ;
#1755 = DIRECTION ( 'NONE',  ( 0.000000000000000000, 0.000000000000000000, 1.000000000000000000 ) ) ;
#1756 = CARTESIAN_POINT ( 'NONE',  ( 132.7675310790804986, -2.922225675468296480, 9.350881392991869490 ) ) ;
#1757 = CARTESIAN_POINT ( 'NONE',  ( 106.3649126752528957, 18.92435079292105726, 7.000000000000006217 ) ) ;
#1758 = ORIENTED_EDGE ( 'NONE', *, *, #2620, .T. ) ;
#1759 = VERTEX_POINT ( 'NONE', #1600 ) ;
#1760 = CARTESIAN_POINT ( 'NONE',  ( 1.770616071965686267, 0.2397537308007659518, 0.2397537308007659518 ) ) ;
#1761 = CARTESIAN_POINT ( 'NONE',  ( 145.7129606827798227, -7.189016121338538845, 12.99845466605184896 ) ) ;
#1762 = EDGE_CURVE ( 'NONE', #2738, #962, #896, .T. ) ;
#1763 = CARTESIAN_POINT ( 'NONE',  ( 108.6084624952606532, 20.00000000000000000, 6.001108117557628852 ) ) ;
#1764 = CARTESIAN_POINT ( 'NONE',  ( 145.8088711968929090, 11.38078961453719629, 20.46153445450245201 ) ) ;
#1765 = CARTESIAN_POINT ( 'NONE',  ( 135.9367795830957562, 15.30041878589577031, 9.440215740970213432 ) ) ;
#1766 = ADVANCED_FACE ( 'NONE', ( #2446 ), #1264, .T. ) ;
#1767 = DIRECTION ( 'NONE',  ( 0.000000000000000000, 0.000000000000000000, -1.000000000000000000 ) ) ;
#1768 = CARTESIAN_POINT ( 'NONE',  ( 110.1282925437577802, 19.94117270582113477, 6.331385666582245442 ) ) ;
#1769 = DIRECTION ( 'NONE',  ( 0.9870644848500209623, 0.09942777054401047421, 0.1257689198188899349 ) ) ;
#1770 = LOCAL_TIME ( 20, 59, 9.000000000000000000, #1152 ) ;
#1771 = EDGE_CURVE ( 'NONE', #1144, #2269, #1070, .T. ) ;
#1772 = EDGE_LOOP ( 'NONE', ( #2462, #2636, #499, #2833 ) ) ;
#1773 = DIRECTION ( 'NONE',  ( 0.000000000000000000, 1.000000000000000000, 0.000000000000000000 ) ) ;
#1774 = ORIENTED_EDGE ( 'NONE', *, *, #2825, .F. ) ;
#1775 = CARTESIAN_POINT ( 'NONE',  ( 5.499000000000000554, 13.40000000000000213, 9.501000000000018986 ) ) ;
#1776 = DIRECTION ( 'NONE',  ( 0.000000000000000000, 1.000000000000000000, 0.000000000000000000 ) ) ;
#1777 = LINE ( 'NONE', #2654, #600 ) ;
#1778 = ORIENTED_EDGE ( 'NONE', *, *, #161, .T. ) ;
#1779 = APPROVAL_STATUS ( 'not_yet_approved' ) ;
#1780 = CARTESIAN_POINT ( 'NONE',  ( 112.2836101657876213, 19.62942113234057828, 7.559816744965743851 ) ) ;
#1781 = CARTESIAN_POINT ( 'NONE',  ( 106.3657828942394445, 19.00000000000000000, 7.000000000000009770 ) ) ;
#1782 = ORIENTED_EDGE ( 'NONE', *, *, #2486, .T. ) ;
#1783 = DIRECTION ( 'NONE',  ( 0.000000000000000000, 1.000000000000000000, 0.000000000000000000 ) ) ;
#1784 = AXIS2_PLACEMENT_3D ( 'NONE', #2277, #529, #2264 ) ;
#1785 = CARTESIAN_POINT ( 'NONE',  ( 145.3709405396730290, -7.189016120795922227, 13.93814728691741323 ) ) ;
#1786 = ADVANCED_FACE ( 'NONE', ( #1692 ), #2351, .T. ) ;
#1787 = AXIS2_PLACEMENT_3D ( 'NONE', #1540, #1150, #480 ) ;
#1788 = B_SPLINE_CURVE_WITH_KNOTS ( 'NONE', 3,
 ( #857, #2564, #2802, #400, #2598, #386, #1507, #2787, #2773, #1732, #652, #1303, #2323, #1288, #2149, #188 ),
 .UNSPECIFIED., .F., .F.,
 ( 4, 2, 2, 2, 2, 2, 2, 4 ),
 ( 0.000000000000000000, 0.01000541253279065533, 0.01500811879918598213, 0.02001082506558134536, 0.02501353133197671205, 0.03001623759837207181, 0.03501894386476744198, 0.04002165013116280867 ),
 .UNSPECIFIED. ) ;
#1789 = CARTESIAN_POINT ( 'NONE',  ( 107.7976269828426297, 0.000000000000000000, 6.000000000000006217 ) ) ;
#1790 = DIRECTION ( 'NONE',  ( -1.000000000000000000, 0.000000000000000000, -4.954937092193131864E-16 ) ) ;
#1791 = CARTESIAN_POINT ( 'NONE',  ( 2.884690145431574674E-15, 18.75735931288071612, 1.828427124746190069 ) ) ;
#1792 = CIRCLE ( 'NONE', #2114, 1.000000000000000000 ) ;
#1793 = DATE_TIME_ROLE ( 'creation_date' ) ;
#1794 = CARTESIAN_POINT ( 'NONE',  ( 107.4268732634773471, 19.63918312602532978, 6.769835735016942024 ) ) ;
#1795 = B_SPLINE_CURVE_WITH_KNOTS ( 'NONE', 3,
 ( #840, #2164, #445, #2610, #1978, #668 ),
 .UNSPECIFIED., .F., .F.,
 ( 4, 2, 4 ),
 ( -1.095446142040941944E-05, 0.0007502522419225947760, 0.001511458945265599114 ),
 .UNSPECIFIED. ) ;
#1796 = DIRECTION ( 'NONE',  ( 0.000000000000000000, 0.000000000000000000, -1.000000000000000000 ) ) ;
#1797 = ORIENTED_EDGE ( 'NONE', *, *, #1, .T. ) ;
#1798 = CARTESIAN_POINT ( 'NONE',  ( 139.2781244087322534, 15.25172730585856939, 11.72054357239722933 ) ) ;
#1799 = AXIS2_PLACEMENT_3D ( 'NONE', #1429, #998, #1672 ) ;
#1800 = ORIENTED_EDGE ( 'NONE', *, *, #455, .T. ) ;
#1801 = CARTESIAN_POINT ( 'NONE',  ( 132.8422825135115772, -2.940901478952021364, 9.378088690062192256 ) ) ;
#1802 = CARTESIAN_POINT ( 'NONE',  ( 117.6952876783061015, 19.57790005303543879, 9.892869190112508093 ) ) ;
#1803 = CARTESIAN_POINT ( 'NONE',  ( 112.1270318274519013, 19.68276276979588246, 7.447327796514371379 ) ) ;
#1804 = CARTESIAN_POINT ( 'NONE',  ( 135.1853337569912412, 15.89515867634934310, 16.46785605867766478 ) ) ;
#1805 = EDGE_CURVE ( 'NONE', #1828, #520, #2077, .T. ) ;
#1806 = CARTESIAN_POINT ( 'NONE',  ( 147.4997738575430617, -8.909585086529080655, 16.83374057639722565 ) ) ;
#1807 = ORIENTED_EDGE ( 'NONE', *, *, #2726, .T. ) ;
#1808 = CALENDAR_DATE ( 2026, 3, 9 ) ;
#1809 = VECTOR ( 'NONE', #1753, 1000.000000000000000 ) ;
#1810 = EDGE_CURVE ( 'NONE', #927, #125, #1530, .T. ) ;
#1811 = CARTESIAN_POINT ( 'NONE',  ( 4.185732752414179995E-15, 1.828427124746190069, 1.242640687119284992 ) ) ;
#1812 = CARTESIAN_POINT ( 'NONE',  ( 135.9372498735665431, 15.30029012268645339, 9.440386912703061739 ) ) ;
#1813 = CIRCLE ( 'NONE', #2814, 0.9999999999999941158 ) ;
#1814 = ORIENTED_EDGE ( 'NONE', *, *, #1380, .F. ) ;
#1815 = DIRECTION ( 'NONE',  ( -1.000000000000000000, 9.887923813067798860E-15, 0.000000000000000000 ) ) ;
#1816 = FACE_OUTER_BOUND ( 'NONE', #1482, .T. ) ;
#1817 = LOCAL_TIME ( 20, 59, 9.000000000000000000, #1415 ) ;
#1818 = CARTESIAN_POINT ( 'NONE',  ( 129.6900285725523361, 17.35269859372759882, 14.40202048203780372 ) ) ;
#1819 = ORIENTED_EDGE ( 'NONE', *, *, #211, .T. ) ;
#1820 = CARTESIAN_POINT ( 'NONE',  ( 150.0000000000000000, -9.999999999999998224, 14.55880937064811498 ) ) ;
#1821 = CARTESIAN_POINT ( 'NONE',  ( 141.4079967384041367, 13.69566194947418758, 18.80712533255157126 ) ) ;
#1822 = CARTESIAN_POINT ( 'NONE',  ( 147.8500702623209691, -8.916069417549833176, 15.90085734603779244 ) ) ;
#1823 = PERSON_AND_ORGANIZATION_ROLE ( 'design_owner' ) ;
#1824 = SPHERICAL_SURFACE ( 'NONE', #1428, 1.000000000000000000 ) ;
#1825 = CARTESIAN_POINT ( 'NONE',  ( 139.1849782827862896, 14.34683081857197173, 10.62246338263979872 ) ) ;
#1826 = ORIENTED_EDGE ( 'NONE', *, *, #1853, .F. ) ;
#1827 = CARTESIAN_POINT ( 'NONE',  ( 143.0187002552313800, -6.892117024447265372, 18.34899603248048550 ) ) ;
#1828 = VERTEX_POINT ( 'NONE', #1024 ) ;
#1829 = FACE_OUTER_BOUND ( 'NONE', #929, .T. ) ;
#1830 = CARTESIAN_POINT ( 'NONE',  ( 109.6001099966548935, 18.99028763057805946, 6.849670406296508141 ) ) ;
#1831 = ORIENTED_EDGE ( 'NONE', *, *, #2249, .T. ) ;
#1832 = CARTESIAN_POINT ( 'NONE',  ( 109.9999999999999858, 1.000000000003743228, 6.999999999999992895 ) ) ;
#1833 = VECTOR ( 'NONE', #2696, 1000.000000000000000 ) ;
#1834 = DIRECTION ( 'NONE',  ( 0.000000000000000000, 0.000000000000000000, 1.000000000000000000 ) ) ;
#1835 = EDGE_CURVE ( 'NONE', #570, #139, #1449, .T. ) ;
#1836 = CARTESIAN_POINT ( 'NONE',  ( 8.000000000000007105, 0.000000000000000000, 7.000000000000006217 ) ) ;
#1837 = ORIENTED_EDGE ( 'NONE', *, *, #2735, .F. ) ;
#1838 = DATE_TIME_ROLE ( 'classification_date' ) ;
#1839 = CARTESIAN_POINT ( 'NONE',  ( 110.0704950812938279, 0.2739926021427014358, 6.683628193564835840 ) ) ;
#1840 = B_SPLINE_CURVE_WITH_KNOTS ( 'NONE', 3,
 ( #992, #770, #1627, #2504, #110, #285, #1421, #323, #1586, #1210, #2075, #1003, #2728, #1637, #2517, #339, #555, #1435, #2306, #2088 ),
 .UNSPECIFIED., .F., .F.,
 ( 4, 2, 2, 2, 2, 2, 2, 2, 2, 4 ),
 ( 0.000000000000000000, 0.002335614338262939540, 0.004671228676525879080, 0.009342457353051752955, 0.01401368602957762770, 0.01634930036784056420, 0.01868491470610349550, 0.02335614338262928524, 0.02802737205915507498, 0.03736982941220665794 ),
 .UNSPECIFIED. ) ;
#1841 = CARTESIAN_POINT ( 'NONE',  ( 109.6360297657336957, 20.00000000000000000, 1.000000000000014655 ) ) ;
#1842 = CIRCLE ( 'NONE', #2532, 2.498999999999999666 ) ;
#1843 = CARTESIAN_POINT ( 'NONE',  ( 147.6157203080223326, -8.911725111993494153, 16.52496120972329052 ) ) ;
#1844 = CARTESIAN_POINT ( 'NONE',  ( 109.8535738694784527, 0.006956536058199151371, 1.010883019453866272 ) ) ;
#1845 = ORIENTED_EDGE ( 'NONE', *, *, #56, .F. ) ;
#1846 = CARTESIAN_POINT ( 'NONE',  ( 143.7891013173752981, -6.351718911750216634, 19.70224769350786076 ) ) ;
#1847 = EDGE_LOOP ( 'NONE', ( #250, #1301, #1550 ) ) ;
#1848 = CARTESIAN_POINT ( 'NONE',  ( 143.1964147305725419, 13.60780882192911356, 18.91173684417204015 ) ) ;
#1849 = CARTESIAN_POINT ( 'NONE',  ( 124.8623014719766218, 17.43751137921672623, 12.58714577281627278 ) ) ;
#1850 = ORIENTED_EDGE ( 'NONE', *, *, #497, .F. ) ;
#1851 = CARTESIAN_POINT ( 'NONE',  ( 110.9984526358008878, 0.2561706282384110245, 7.050911902111571372 ) ) ;
#1852 = CARTESIAN_POINT ( 'NONE',  ( 111.7781188144322186, 0.2310944004939283203, 7.259698308042997539 ) ) ;
#1853 = EDGE_CURVE ( 'NONE', #915, #435, #1694, .T. ) ;
#1854 = CARTESIAN_POINT ( 'NONE',  ( 110.1128077931054321, 0.1269101171731359390, 6.444673707156203690 ) ) ;
#1855 = CARTESIAN_POINT ( 'NONE',  ( 3.035766082959412415E-15, 17.00000000000000000, 3.000000000000000000 ) ) ;
#1856 = CARTESIAN_POINT ( 'NONE',  ( 118.5565854046307948, 0.7469340496673507745, 3.114342394242235024 ) ) ;
#1857 = ORIENTED_EDGE ( 'NONE', *, *, #37, .T. ) ;
#1858 = CARTESIAN_POINT ( 'NONE',  ( 145.7931754083700184, -8.443839911605476090, 19.39307058774449644 ) ) ;
#1859 = CARTESIAN_POINT ( 'NONE',  ( 113.0214302141567373, 20.00000000000000000, 2.163888435341486005 ) ) ;
#1860 = ADVANCED_FACE ( 'NONE', ( #1493 ), #2142, .T. ) ;
#1861 = CARTESIAN_POINT ( 'NONE',  ( 113.3136410234312024, 0.3960645246289402066, 8.066263020517803639 ) ) ;
#1862 = DIRECTION ( 'NONE',  ( -0.000000000000000000, -1.000000000000000000, -0.000000000000000000 ) ) ;
#1863 = ORIENTED_EDGE ( 'NONE', *, *, #1805, .F. ) ;
#1864 = CARTESIAN_POINT ( 'NONE',  ( 109.4035642274780571, 0.2722378168953483724, 6.791328416098931342 ) ) ;
#1865 = ORIENTED_EDGE ( 'NONE', *, *, #1047, .F. ) ;
#1866 = PLANE ( 'NONE',  #1175 ) ;
#1867 = CARTESIAN_POINT ( 'NONE',  ( 111.8348851186239870, 19.76979926522367492, 7.234669608495220672 ) ) ;
#1868 = CARTESIAN_POINT ( 'NONE',  ( 138.2928941157983331, -3.274455059628172293, 10.29777129939597025 ) ) ;
#1869 = CARTESIAN_POINT ( 'NONE',  ( 110.2072444413036436, 19.98570715460142111, 6.392953943413496987 ) ) ;
#1870 = CARTESIAN_POINT ( 'NONE',  ( 2.129494899290815813, 0.1205708281639632784, 6.493263694937811970 ) ) ;
#1871 = CARTESIAN_POINT ( 'NONE',  ( 106.3647230434517894, 0.9973943710621530068, 6.999996605343163480 ) ) ;
#1872 = ORIENTED_EDGE ( 'NONE', *, *, #1483, .F. ) ;
#1873 = EDGE_CURVE ( 'NONE', #1169, #2589, #849, .T. ) ;
#1874 = LINE ( 'NONE', #2507, #2155 ) ;
#1875 = CARTESIAN_POINT ( 'NONE',  ( 108.6192609635534154, 0.02631768018062035155, 6.008018324441399827 ) ) ;
#1876 = ADVANCED_FACE ( 'NONE', ( #378 ), #579, .F. ) ;
#1877 = CIRCLE ( 'NONE', #2473, 1.000000000000000888 ) ;
#1878 = ORIENTED_EDGE ( 'NONE', *, *, #1479, .T. ) ;
#1879 = CARTESIAN_POINT ( 'NONE',  ( 5.499000000000000554, -7.810249675906655753, 9.501000000000018986 ) ) ;
#1880 = CARTESIAN_POINT ( 'NONE',  ( 108.1758737493371854, 19.81657835300243065, 6.577719845076913430 ) ) ;
#1881 = CARTESIAN_POINT ( 'NONE',  ( 123.7312721761552723, 19.09095435200450552, 4.997774350743754646 ) ) ;
#1882 = CARTESIAN_POINT ( 'NONE',  ( 149.7093515827920100, 6.599999999999999645, 7.000000000000079936 ) ) ;
#1883 = CARTESIAN_POINT ( 'NONE',  ( 8.000000000000000000, -7.810249675906655753, 6.000000000000019540 ) ) ;
#1884 = LINE ( 'NONE', #837, #2180 ) ;
#1885 = CARTESIAN_POINT ( 'NONE',  ( 109.7549385276567051, 1.004393896386318374, 0.000000000000000000 ) ) ;
#1886 = CARTESIAN_POINT ( 'NONE',  ( 3.000000000000002665, 1.000000000000000000, 1.000000000000000000 ) ) ;
#1887 = CARTESIAN_POINT ( 'NONE',  ( 3.000000000000002665, 17.00000000000000000, 0.000000000000000000 ) ) ;
#1888 = CARTESIAN_POINT ( 'NONE',  ( 112.7112185300020997, 19.45011328348168789, 7.858632890500750534 ) ) ;
#1889 = VERTEX_POINT ( 'NONE', #833 ) ;
#1890 = CARTESIAN_POINT ( 'NONE',  ( 112.4114980902227074, 0.1398404020890207378, 7.387627655451836084 ) ) ;
#1891 = ADVANCED_FACE ( 'NONE', ( #1894 ), #2643, .F. ) ;
#1892 = CARTESIAN_POINT ( 'NONE',  ( 1.496547972349008493, 19.60349479359742375, 1.264336804268407111 ) ) ;
#1893 = CARTESIAN_POINT ( 'NONE',  ( 116.6114768588713417, 19.90697178502474785, 3.470558553658775303 ) ) ;
#1894 = FACE_OUTER_BOUND ( 'NONE', #481, .T. ) ;
#1895 = DIRECTION ( 'NONE',  ( -0.9994674359039728007, -0.03263195623216540164, -0.000000000000000000 ) ) ;
#1896 = DIRECTION ( 'NONE',  ( -1.000000000000000000, 0.000000000000000000, 0.000000000000000000 ) ) ;
#1897 = FACE_BOUND ( 'NONE', #2800, .T. ) ;
#1898 = VECTOR ( 'NONE', #2170, 1000.000000000000000 ) ;
#1899 = ORIENTED_EDGE ( 'NONE', *, *, #639, .T. ) ;
#1900 = CARTESIAN_POINT ( 'NONE',  ( 109.9999999999999858, 19.00000000000000000, 0.000000000000000000 ) ) ;
#1901 = CARTESIAN_POINT ( 'NONE',  ( 109.6360297657336957, 20.00000000000000000, 1.000000000000014655 ) ) ;
#1902 = CARTESIAN_POINT ( 'NONE',  ( 148.4739276883113064, 9.527034403051661826, 18.61829657334584098 ) ) ;
#1903 = FACE_OUTER_BOUND ( 'NONE', #54, .T. ) ;
#1904 = LOCAL_TIME ( 20, 59, 9.000000000000000000, #66 ) ;
#1905 = CARTESIAN_POINT ( 'NONE',  ( 109.6174781541736394, 0.000000000000000000, 1.000000000000000000 ) ) ;
#1906 = FACE_OUTER_BOUND ( 'NONE', #1772, .T. ) ;
#1907 = CARTESIAN_POINT ( 'NONE',  ( 110.1656931626171456, 18.99993126322743109, 0.06030737921407616081 ) ) ;
#1908 = CARTESIAN_POINT ( 'NONE',  ( 110.1692934955628829, 0.04066146153239188349, 6.094732912383371115 ) ) ;
#1909 = PLANE ( 'NONE',  #993 ) ;
#1910 = CARTESIAN_POINT ( 'NONE',  ( 113.5063471156297510, 0.7742865658354090019, 8.307140367706132622 ) ) ;
#1911 = CARTESIAN_POINT ( 'NONE',  ( 5.500999999999983459, -7.810249675906655753, 12.00000000000001954 ) ) ;
#1912 = AXIS2_PLACEMENT_3D ( 'NONE', #2770, #398, #2544 ) ;
#1913 = EDGE_LOOP ( 'NONE', ( #2535, #127, #2447, #2725 ) ) ;
#1914 = CARTESIAN_POINT ( 'NONE',  ( 3.000000000000005329, 1.000000000000000444, 4.336808689942017736E-16 ) ) ;
#1915 = CARTESIAN_POINT ( 'NONE',  ( 107.8161785944026860, 19.73900687360027462, 6.673697885384504147 ) ) ;
#1916 = CARTESIAN_POINT ( 'NONE',  ( 106.7841415320165055, 19.38880713691596824, 6.921481390959645097 ) ) ;
#1917 = CARTESIAN_POINT ( 'NONE',  ( 109.9999999999999858, 19.00000000000000000, 6.000000000000006217 ) ) ;
#1918 = CARTESIAN_POINT ( 'NONE',  ( 146.9526503818007939, -9.999999999999998224, 19.82318590585731499 ) ) ;
#1919 = EDGE_CURVE ( 'NONE', #203, #520, #206, .T. ) ;
#1920 = DIRECTION ( 'NONE',  ( 0.000000000000000000, 1.000000000000000000, 0.000000000000000000 ) ) ;
#1921 = CARTESIAN_POINT ( 'NONE',  ( 110.1548107731495776, 0.05225520714701579333, 6.187648216124740586 ) ) ;
#1922 = CARTESIAN_POINT ( 'NONE',  ( 112.5513943275471718, 0.1585229760157977619, 7.481283546191628275 ) ) ;
#1923 = CARTESIAN_POINT ( 'NONE',  ( 109.9999999999999858, 0.000000000000000000, 7.000000000000006217 ) ) ;
#1924 = CARTESIAN_POINT ( 'NONE',  ( 109.3921430436703304, 0.3424375476247299988, 6.860226548110061273 ) ) ;
#1925 = ORIENTED_EDGE ( 'NONE', *, *, #2393, .F. ) ;
#1926 = ORIENTED_EDGE ( 'NONE', *, *, #2270, .T. ) ;
#1927 = VECTOR ( 'NONE', #316, 1000.000000000000000 ) ;
#1928 = CARTESIAN_POINT ( 'NONE',  ( 3.035766082959412415E-15, 3.000000000000000000, 3.000000000000000000 ) ) ;
#1929 = PLANE ( 'NONE',  #2703 ) ;
#1930 = CARTESIAN_POINT ( 'NONE',  ( 109.6015236825080308, 1.039767490175275588, 6.850201849488767536 ) ) ;
#1931 = CARTESIAN_POINT ( 'NONE',  ( 109.9674949821732639, 19.04870113220115968, 7.018098415909567400 ) ) ;
#1932 = ADVANCED_FACE ( 'NONE', ( #789 ), #591, .T. ) ;
#1933 = CARTESIAN_POINT ( 'NONE',  ( 149.7093515827920100, 6.599999999999998757, 12.00000000000008171 ) ) ;
#1934 = CARTESIAN_POINT ( 'NONE',  ( 144.7711427433670508, 12.21682387970791694, 18.99778929595560584 ) ) ;
#1935 = CIRCLE ( 'NONE', #2308, 1.000000000000000000 ) ;
#1936 = DIRECTION ( 'NONE',  ( 0.000000000000000000, 0.000000000000000000, 1.000000000000000000 ) ) ;
#1937 = ORIENTED_EDGE ( 'NONE', *, *, #28, .T. ) ;
#1938 = CARTESIAN_POINT ( 'NONE',  ( 148.7083515827920053, 9.501908822039641933, 15.15286556612326763 ) ) ;
#1939 = CARTESIAN_POINT ( 'NONE',  ( 110.1980752859666950, 0.7536284943982178852, 7.018026591965151439 ) ) ;
#1940 = CARTESIAN_POINT ( 'NONE',  ( 113.4025997963560428, 18.88652285270474707, 8.279130362457085113 ) ) ;
#1941 = ORIENTED_EDGE ( 'NONE', *, *, #2258, .T. ) ;
#1942 = ORIENTED_EDGE ( 'NONE', *, *, #2223, .T. ) ;
#1943 = ADVANCED_FACE ( 'NONE', ( #331, #1218 ), #2341, .F. ) ;
#1944 = CARTESIAN_POINT ( 'NONE',  ( 1.196179724907286746, 0.5687620532579703569, 0.5687620532579703569 ) ) ;
#1945 = CARTESIAN_POINT ( 'NONE',  ( 1.707106781187908595, 19.70710678118719628, 6.707106781187394340 ) ) ;
#1946 = VECTOR ( 'NONE', #2181, 1000.000000000000000 ) ;
#1947 = PRODUCT_DEFINITION ( 'UNKNOWN', '', #305, #5 ) ;
#1948 = CARTESIAN_POINT ( 'NONE',  ( 112.7503632870734407, 0.05798968564096944334, 8.033936812830894780 ) ) ;
#1949 = ORIENTED_EDGE ( 'NONE', *, *, #1555, .F. ) ;
#1950 = CARTESIAN_POINT ( 'NONE',  ( 106.9224361444715754, 0.4509841122198406937, 6.836829499159082779 ) ) ;
#1951 = FACE_OUTER_BOUND ( 'NONE', #1847, .T. ) ;
#1952 = CIRCLE ( 'NONE', #576, 1.000000000000000000 ) ;
#1953 = LINE ( 'NONE', #1050, #678 ) ;
#1954 = CARTESIAN_POINT ( 'NONE',  ( 139.5729117641934067, 14.57141976496258629, 17.04526679661392663 ) ) ;
#1955 = VERTEX_POINT ( 'NONE', #115 ) ;
#1956 = DIRECTION ( 'NONE',  ( 1.000000000000000000, -0.000000000000000000, -0.000000000000000000 ) ) ;
#1957 = CARTESIAN_POINT ( 'NONE',  ( 107.7976269828415923, 0.9999999999999668043, 6.000000000000001776 ) ) ;
#1958 = CARTESIAN_POINT ( 'NONE',  ( 5.499000000000000554, 20.00000000000000000, 9.501000000000018986 ) ) ;
#1959 = ORIENTED_EDGE ( 'NONE', *, *, #1066, .F. ) ;
#1960 = CARTESIAN_POINT ( 'NONE',  ( 0.2624986687523073181, 1.702619035409892900, 1.702619035409892900 ) ) ;
#1961 = DIRECTION ( 'NONE',  ( -1.000000000000000000, 0.000000000000000000, 0.000000000000000000 ) ) ;
#1962 = ORIENTED_EDGE ( 'NONE', *, *, #2646, .T. ) ;
#1963 = PERSON ( 'UNSPECIFIED', 'UNSPECIFIED', 'UNSPECIFIED', ('UNSPECIFIED'), ('UNSPECIFIED'), ('UNSPECIFIED') ) ;
#1964 = DIRECTION ( 'NONE',  ( 1.719089139163135776E-31, -1.000000000000000000, -3.469446951953612217E-16 ) ) ;
#1965 = ADVANCED_FACE ( 'NONE', ( #1009 ), #1866, .T. ) ;
#1966 = CARTESIAN_POINT ( 'NONE',  ( 108.2072268896280747, 19.83276358170281739, 6.570852302465144845 ) ) ;
#1967 = CARTESIAN_POINT ( 'NONE',  ( 138.3754629482380949, 14.59834059997457878, 10.32782389668216538 ) ) ;
#1968 = ORIENTED_EDGE ( 'NONE', *, *, #1092, .F. ) ;
#1969 = CARTESIAN_POINT ( 'NONE',  ( 5.499000000000000554, 13.40000000000000213, 10.50100000000002076 ) ) ;
#1970 = EDGE_CURVE ( 'NONE', #1955, #697, #423, .T. ) ;
#1971 = VECTOR ( 'NONE', #874, 1000.000000000000114 ) ;
#1972 = CARTESIAN_POINT ( 'NONE',  ( 110.3672879358624925, 19.98497357519616102, 6.135440817241935463 ) ) ;
#1973 = CARTESIAN_POINT ( 'NONE',  ( 109.3988641137877664, 0.03933087681750103287, 6.004280147944792922 ) ) ;
#1974 = EDGE_CURVE ( 'NONE', #1730, #1169, #1657, .T. ) ;
#1975 = AXIS2_PLACEMENT_3D ( 'NONE', #2121, #619, #2385 ) ;
#1976 = VERTEX_POINT ( 'NONE', #2138 ) ;
#1977 = ORIENTED_EDGE ( 'NONE', *, *, #2272, .T. ) ;
#1978 = CARTESIAN_POINT ( 'NONE',  ( 1.916836832895330467, 19.60694133388453508, 6.807272228490031551 ) ) ;
#1979 = CARTESIAN_POINT ( 'NONE',  ( 140.8400101496116577, -5.254659816469025913, 12.28902349140731154 ) ) ;
#1980 = B_SPLINE_CURVE_WITH_KNOTS ( 'NONE', 3,
 ( #1901, #1062, #602, #1486, #669, #1575, #42 ),
 .UNSPECIFIED., .F., .F.,
 ( 4, 3, 4 ),
 ( -5.999999996471499757E-08, 0.000000000000000000, 0.0001883204892168915110 ),
 .UNSPECIFIED. ) ;
#1981 = ORIENTED_EDGE ( 'NONE', *, *, #135, .F. ) ;
#1982 = VECTOR ( 'NONE', #2403, 1000.000000000000000 ) ;
#1983 = ADVANCED_FACE ( 'NONE', ( #2791 ), #437, .T. ) ;
#1984 = CARTESIAN_POINT ( 'NONE',  ( 0.000000000000000000, 17.00000000000000000, 4.000000000000004441 ) ) ;
#1985 = CARTESIAN_POINT ( 'NONE',  ( 136.4926134611315831, 14.47088121324988741, 16.95929826812557195 ) ) ;
#1986 = CARTESIAN_POINT ( 'NONE',  ( 133.4868876759970817, 15.95761024346703216, 8.548528009616658707 ) ) ;
#1987 = EDGE_CURVE ( 'NONE', #1306, #767, #2765, .T. ) ;
#1988 = ADVANCED_FACE ( 'NONE', ( #2631 ), #2390, .F. ) ;
#1989 = CARTESIAN_POINT ( 'NONE',  ( 5.499000000000000554, -7.810249675906655753, 8.501000000000018986 ) ) ;
#1990 = CIRCLE ( 'NONE', #2079, 2.498999999999999666 ) ;
#1991 = CARTESIAN_POINT ( 'NONE',  ( 110.1561089892506544, 19.97523360075464538, 6.195535176542063205 ) ) ;
#1992 = CARTESIAN_POINT ( 'NONE',  ( 3.000000000000002665, 19.00000000000000000, 6.000000000000006217 ) ) ;
#1993 = ORIENTED_EDGE ( 'NONE', *, *, #314, .T. ) ;
#1994 = ORIENTED_EDGE ( 'NONE', *, *, #2478, .F. ) ;
#1995 = CARTESIAN_POINT ( 'NONE',  ( 106.3649126752824969, 1.000000000000000000, 7.000000000000006217 ) ) ;
#1996 = CYLINDRICAL_SURFACE ( 'NONE', #984, 1.000000000000000888 ) ;
#1997 = CARTESIAN_POINT ( 'NONE',  ( 148.4785644126783666, -8.058918236021854753, 18.60596247679837489 ) ) ;
#1998 = CARTESIAN_POINT ( 'NONE',  ( 107.7976269828426297, 1.000000000000000000, 6.000000000000021316 ) ) ;
#1999 = B_SPLINE_CURVE_WITH_KNOTS ( 'NONE', 3,
 ( #1751, #1525, #2407, #1111, #720, #493 ),
 .UNSPECIFIED., .F., .F.,
 ( 4, 2, 4 ),
 ( 0.001230470067461012038, 0.001989428588915229633, 0.002748387110369447661 ),
 .UNSPECIFIED. ) ;
#2000 = CARTESIAN_POINT ( 'NONE',  ( 110.1656931626171598, 18.99993126322743464, 0.06030737921409264068 ) ) ;
#2001 = PERSON_AND_ORGANIZATION_ROLE ( 'design_supplier' ) ;
#2002 = CARTESIAN_POINT ( 'NONE',  ( 148.2003663687800383, -8.922563096391785464, 14.96797406877561620 ) ) ;
#2003 = DIRECTION ( 'NONE',  ( 0.000000000000000000, 0.000000000000000000, -1.000000000000000000 ) ) ;
#2004 = CARTESIAN_POINT ( 'NONE',  ( 149.0603917663003983, 10.02762330132503088, 17.05825030142278109 ) ) ;
#2005 = ORIENTED_EDGE ( 'NONE', *, *, #351, .T. ) ;
#2006 = CARTESIAN_POINT ( 'NONE',  ( 146.1224718940088962, -6.287794555790519269, 13.14750455753677372 ) ) ;
#2007 =( BOUNDED_CURVE ( )  B_SPLINE_CURVE ( 3, ( #2623, #458, #1327, #243 ),
 .UNSPECIFIED., .F., .T. ) 
 B_SPLINE_CURVE_WITH_KNOTS ( ( 4, 4 ),
 ( 1.570796326794896780, 3.141592653589793116 ),
 .UNSPECIFIED. ) 
 CURVE ( )  GEOMETRIC_REPRESENTATION_ITEM ( )  RATIONAL_B_SPLINE_CURVE ( ( 1.000000000000000000, 0.8047378541243650485, 0.8047378541243650485, 1.000000000000000000 ) ) 
 REPRESENTATION_ITEM ( '' )  );
#2008 = DIRECTION ( 'NONE',  ( 0.6071062792351042958, 0.7946206426423287894, 1.040834085586085834E-14 ) ) ;
#2009 = CARTESIAN_POINT ( 'NONE',  ( 141.7597864662959353, 13.69198078186388301, 17.86677763690006060 ) ) ;
#2010 = FACE_OUTER_BOUND ( 'NONE', #46, .T. ) ;
#2011 = EDGE_LOOP ( 'NONE', ( #64, #1260, #2804, #554 ) ) ;
#2012 = EDGE_CURVE ( 'NONE', #1423, #1635, #673, .T. ) ;
#2013 = CARTESIAN_POINT ( 'NONE',  ( 140.7325801095474276, -5.216600994296141103, 12.24992215455272060 ) ) ;
#2014 = CARTESIAN_POINT ( 'NONE',  ( 116.2390673341178768, 0.3119240735625383731, 9.106857544900963219 ) ) ;
#2015 = ORIENTED_EDGE ( 'NONE', *, *, #156, .F. ) ;
#2016 = CARTESIAN_POINT ( 'NONE',  ( 109.8244100512912382, 19.99993095563820589, 1.000268257709595821 ) ) ;
#2017 = CIRCLE ( 'NONE', #2743, 2.498999999999999666 ) ;
#2018 = CARTESIAN_POINT ( 'NONE',  ( 137.6920568250743031, -4.236194618177088422, 11.14326218240603694 ) ) ;
#2019 = VECTOR ( 'NONE', #2450, 1000.000000000000000 ) ;
#2020 = CARTESIAN_POINT ( 'NONE',  ( 136.1082540675929806, 14.57864834459109282, 16.81480705558350408 ) ) ;
#2021 = EDGE_CURVE ( 'NONE', #1306, #1458, #97, .T. ) ;
#2022 = CARTESIAN_POINT ( 'NONE',  ( 2.561112365989200335, 19.97594935219020229, 6.253435210406051326 ) ) ;
#2023 =( BOUNDED_SURFACE ( )  B_SPLINE_SURFACE ( 3, 2, ( 
 ( #2335, #859, #1930 ),
 ( #876, #1948, #928 ),
 ( #2612, #2803, #39 ),
 ( #1714, #1686, #372 ),
 ( #1080, #1048, #2599 ),
 ( #2565, #1488, #2355 ),
 ( #1305, #2150, #2585 ),
 ( #1273, #2135, #1063 ),
 ( #620, #1500, #1509 ),
 ( #2047, #69, #2241 ),
 ( #728, #53, #2688 ),
 ( #2673, #990, #486 ),
 ( #1369, #2276, #283 ),
 ( #1827, #2230, #1209 ),
 ( #2058, #83, #1846 ),
 ( #768, #2033, #2714 ),
 ( #1858, #1406, #1420 ),
 ( #1183, #515, #2458 ) ),
 .UNSPECIFIED., .F., .F., .T. ) 
 B_SPLINE_SURFACE_WITH_KNOTS ( ( 4, 2, 2, 2, 2, 2, 2, 2, 4 ),
 ( 3, 3 ),
 ( 0.01552918596574288761, 0.02578514374002761206, 0.03091312262716997342, 0.03604110151431233477, 0.04116908040145469960, 0.04629705928859706443, 0.05142503817573942926, 0.05398902761931061167, 0.05655301706288178715 ),
 ( 0.000000000000000000, 1.000000000000000000 ),
 .UNSPECIFIED. ) 
 GEOMETRIC_REPRESENTATION_ITEM ( )  RATIONAL_B_SPLINE_SURFACE ( (
 ( 1.000000000000000000, 0.7070871342028636208, 1.000000000000000000),
 ( 1.000000000000000000, 0.7072707828166342470, 1.000000000000000000),
 ( 1.000000000000000000, 0.7074334914675699526, 1.000000000000000000),
 ( 1.000000000000000000, 0.7076381929785203750, 1.000000000000000000),
 ( 1.000000000000000000, 0.7076999331572998431, 1.000000000000000000),
 ( 1.000000000000000000, 0.7078101089530889345, 1.000000000000000000),
 ( 1.000000000000000000, 0.7078584865175668872, 1.000000000000000000),
 ( 1.000000000000000000, 0.7079417744113957189, 1.000000000000000000),
 ( 1.000000000000000000, 0.7079697970111015204, 1.000000000000000000),
 ( 1.000000000000000000, 0.7080441099857529563, 1.000000000000000000),
 ( 1.000000000000000000, 0.7081107948227152171, 1.000000000000000000),
 ( 1.000000000000000000, 0.7083024677714806483, 1.000000000000000000),
 ( 1.000000000000000000, 0.7084278470260616523, 1.000000000000000000),
 ( 1.000000000000000000, 0.7086570738774268241, 1.000000000000000000),
 ( 1.000000000000000000, 0.7087404482376442605, 1.000000000000000000),
 ( 1.000000000000000000, 0.7089180644268486819, 1.000000000000000000),
 ( 1.000000000000000000, 0.7090114343031796995, 1.000000000000000000),
 ( 1.000000000000000000, 0.7091071374825891338, 1.000000000000000000) ) ) 
 REPRESENTATION_ITEM ( '' )  SURFACE ( )  );
#2024 = CARTESIAN_POINT ( 'NONE',  ( 139.5552220382870132, 13.38457708149153547, 18.11061662873803257 ) ) ;
#2025 = CARTESIAN_POINT ( 'NONE',  ( 109.6360297657337100, 19.00000000000000000, 0.000000000000000000 ) ) ;
#2026 = AXIS2_PLACEMENT_3D ( 'NONE', #2541, #2779, #1432 ) ;
#2027 = CARTESIAN_POINT ( 'NONE',  ( 5.499000000000000554, 0.000000000000000000, 10.50100000000002076 ) ) ;
#2028 = APPROVAL_ROLE ( '' ) ;
#2029 = CARTESIAN_POINT ( 'NONE',  ( 109.6360297657336815, 19.89222690360981360, 0.4780133412367183476 ) ) ;
#2030 = CARTESIAN_POINT ( 'NONE',  ( 142.2858829589926586, -5.788352540060422768, 12.81527815655167402 ) ) ;
#2031 = CARTESIAN_POINT ( 'NONE',  ( 139.4551525494021007, 15.30472753550399290, 10.72079877375001722 ) ) ;
#2032 = VERTEX_POINT ( 'NONE', #1738 ) ;
#2033 = CARTESIAN_POINT ( 'NONE',  ( 144.7702680567715561, -8.023363292457846185, 20.07109511667869839 ) ) ;
#2034 = AXIS2_PLACEMENT_3D ( 'NONE', #1464, #363, #149 ) ;
#2035 = CARTESIAN_POINT ( 'NONE',  ( 119.5001836948446083, 19.79048529598061634, 10.28701408287207464 ) ) ;
#2036 = CARTESIAN_POINT ( 'NONE',  ( 130.0422221154982481, 17.35037702541999849, 13.46354687173317011 ) ) ;
#2037 = VERTEX_POINT ( 'NONE', #2806 ) ;
#2038 = EDGE_CURVE ( 'NONE', #1976, #697, #1953, .T. ) ;
#2039 = CARTESIAN_POINT ( 'NONE',  ( 106.3649126752824969, 1.000000000000350608, 7.000000000000009770 ) ) ;
#2040 = CC_DESIGN_DATE_AND_TIME_ASSIGNMENT ( #1580, #1793, ( #1947 ) ) ;
#2041 = LINE ( 'NONE', #1577, #1453 ) ;
#2042 = CARTESIAN_POINT ( 'NONE',  ( 5.499000000000000554, 20.00000000000000000, 9.501000000000018986 ) ) ;
#2043 = ORIENTED_EDGE ( 'NONE', *, *, #639, .F. ) ;
#2044 = AXIS2_PLACEMENT_3D ( 'NONE', #846, #177, #1335 ) ;
#2045 = CARTESIAN_POINT ( 'NONE',  ( 141.8983206624126865, 14.48115687784432204, 11.61003924420211852 ) ) ;
#2046 = ORIENTED_EDGE ( 'NONE', *, *, #2085, .F. ) ;
#2047 = CARTESIAN_POINT ( 'NONE',  ( 134.8793181068096487, -3.916501348579401576, 15.28732414882606605 ) ) ;
#2048 = CARTESIAN_POINT ( 'NONE',  ( 107.8051277868290470, 20.00000000000000000, 6.030361844275314631 ) ) ;
#2049 = CARTESIAN_POINT ( 'NONE',  ( 5.499000000000000554, 20.00000000000000000, 9.501000000000018986 ) ) ;
#2050 = LINE ( 'NONE', #1640, #2109 ) ;
#2051 = FACE_OUTER_BOUND ( 'NONE', #2580, .T. ) ;
#2052 = CARTESIAN_POINT ( 'NONE',  ( 8.000000000000007105, 13.39999999999999858, 7.000000000000006217 ) ) ;
#2053 = SECURITY_CLASSIFICATION_LEVEL ( 'unclassified' ) ;
#2054 =( BOUNDED_SURFACE ( )  B_SPLINE_SURFACE ( 3, 2, ( 
 ( #302, #2534, #1412 ),
 ( #1875, #2310, #89 ),
 ( #143, #1456, #2324 ),
 ( #2495, #1441, #1007 ) ),
 .UNSPECIFIED., .F., .F., .T. ) 
 B_SPLINE_SURFACE_WITH_KNOTS ( ( 4, 4 ),
 ( 3, 3 ),
 ( 0.1900891601871270986, 0.1924891903023804030 ),
 ( 0.000000000000000000, 0.3173521482995197429 ),
 .UNSPECIFIED. ) 
 GEOMETRIC_REPRESENTATION_ITEM ( )  RATIONAL_B_SPLINE_SURFACE ( (
 ( 1.000000000000000000, 0.9083782980280014074, 0.8749092839593470838),
 ( 1.000000000000000000, 0.9079479805778567503, 0.8743217733935659819),
 ( 1.000000000000000000, 0.9075243227207197005, 0.8737433551415048072),
 ( 1.000000000000000000, 0.9071099195308274243, 0.8731775722468692047) ) ) 
 REPRESENTATION_ITEM ( '' )  SURFACE ( )  );
#2055 = CARTESIAN_POINT ( 'NONE',  ( 112.0561950959236839, 19.70594708066552414, 7.396200136963940963 ) ) ;
#2056 = CARTESIAN_POINT ( 'NONE',  ( 118.0941025510276745, 0.3119240735625383731, 4.010190174148164921 ) ) ;
#2057 = ORIENTED_EDGE ( 'NONE', *, *, #675, .F. ) ;
#2058 = CARTESIAN_POINT ( 'NONE',  ( 143.7276664548950293, -7.250199029864610623, 18.61576831884230288 ) ) ;
#2059 = ORIENTED_EDGE ( 'NONE', *, *, #2759, .F. ) ;
#2060 = CYLINDRICAL_SURFACE ( 'NONE', #1784, 2.498999999999999666 ) ;
#2061 = EDGE_CURVE ( 'NONE', #225, #2108, #1276, .T. ) ;
#2062 = CARTESIAN_POINT ( 'NONE',  ( 119.1538310902602120, 18.41116402046142042, 10.44117556607600861 ) ) ;
#2063 = DIRECTION ( 'NONE',  ( -0.000000000000000000, -1.000000000000000000, -0.000000000000000000 ) ) ;
#2064 = AXIS2_PLACEMENT_3D ( 'NONE', #1883, #168, #1057 ) ;
#2065 = CARTESIAN_POINT ( 'NONE',  ( 3.000000000000002665, 20.00000000000000000, 6.000000000000019540 ) ) ;
#2066 = EDGE_CURVE ( 'NONE', #704, #520, #895, .T. ) ;
#2067 = CARTESIAN_POINT ( 'NONE',  ( 112.2888651874327195, 0.1265192561253368486, 7.307311024418284617 ) ) ;
#2068 = ADVANCED_FACE ( 'NONE', ( #2408 ), #2152, .T. ) ;
#2069 = VECTOR ( 'NONE', #835, 1000.000000000000000 ) ;
#2070 = DIRECTION ( 'NONE',  ( 0.000000000000000000, 1.000000000000000000, 0.000000000000000000 ) ) ;
#2071 = CARTESIAN_POINT ( 'NONE',  ( 129.3366940638428275, -2.143090290290422750, 13.87400381405022642 ) ) ;
#2072 = EDGE_LOOP ( 'NONE', ( #1994, #649, #234 ) ) ;
#2073 = CARTESIAN_POINT ( 'NONE',  ( 146.3738479956685126, 12.27463720228531407, 14.30317574862261232 ) ) ;
#2074 = VERTEX_POINT ( 'NONE', #1082 ) ;
#2075 = CARTESIAN_POINT ( 'NONE',  ( 133.2125777128295567, -2.533310394540575050, 15.72624308482392586 ) ) ;
#2076 = CARTESIAN_POINT ( 'NONE',  ( 115.2086237460534619, 18.78733874696741779, 8.958064180021152012 ) ) ;
#2077 = CIRCLE ( 'NONE', #1313, 1.000000000000000000 ) ;
#2078 = ORIENTED_EDGE ( 'NONE', *, *, #2233, .T. ) ;
#2079 = AXIS2_PLACEMENT_3D ( 'NONE', #2049, #1862, #556 ) ;
#2080 = CARTESIAN_POINT ( 'NONE',  ( 148.1836291463961288, -8.053274538710228470, 19.39051634749417730 ) ) ;
#2081 = DIRECTION ( 'NONE',  ( 0.000000000000000000, -3.469446951953612217E-16, 1.000000000000000000 ) ) ;
#2082 = CARTESIAN_POINT ( 'NONE',  ( 107.7632969587389908, 0.1254792596248121561, 6.487899235670513853 ) ) ;
#2083 = CARTESIAN_POINT ( 'NONE',  ( 111.9830621387902596, 19.72816067670877516, 7.343038335227215718 ) ) ;
#2084 = CARTESIAN_POINT ( 'NONE',  ( 141.4878845092291328, -4.308704101398891595, 11.46065270137125935 ) ) ;
#2085 = EDGE_CURVE ( 'NONE', #1678, #1316, #1324, .T. ) ;
#2086 = ORIENTED_EDGE ( 'NONE', *, *, #1071, .F. ) ;
#2087 = CARTESIAN_POINT ( 'NONE',  ( 110.1834106557365089, 0.04062809819006807377, 6.000602840074267696 ) ) ;
#2088 = CARTESIAN_POINT ( 'NONE',  ( 113.4024101645254348, 0.9452817923039528170, 8.279059074663440043 ) ) ;
#2089 = EDGE_CURVE ( 'NONE', #1055, #2738, #2177, .T. ) ;
#2090 = LINE ( 'NONE', #124, #313 ) ;
#2091 = VERTEX_POINT ( 'NONE', #1905 ) ;
#2092 = CIRCLE ( 'NONE', #2183, 20.00000000000000355 ) ;
#2093 = DIRECTION ( 'NONE',  ( -0.0003875443932753853764, 0.01186989827671868815, 0.9999294751752464405 ) ) ;
#2094 = DIRECTION ( 'NONE',  ( 4.954937092193131864E-16, 0.000000000000000000, -1.000000000000000000 ) ) ;
#2095 = ORIENTED_EDGE ( 'NONE', *, *, #1479, .F. ) ;
#2096 = CARTESIAN_POINT ( 'NONE',  ( 107.8480093317013768, 0.1165687683464615015, 6.466355423406741743 ) ) ;
#2097 = CARTESIAN_POINT ( 'NONE',  ( 109.9977639494925654, 19.53116847852768245, 6.901684355119509284 ) ) ;
#2098 = CARTESIAN_POINT ( 'NONE',  ( 123.5904909113910009, 18.10205957991503212, 4.946534160811699721 ) ) ;
#2099 = CARTESIAN_POINT ( 'NONE',  ( 109.3959069696147708, 0.04469004102911617454, 6.151621691574011841 ) ) ;
#2100 = CARTESIAN_POINT ( 'NONE',  ( 3.000000000000002665, 1.000000000000000000, 0.000000000000000000 ) ) ;
#2101 = CARTESIAN_POINT ( 'NONE',  ( 5.499000000000000554, 19.75000000000000000, 8.501000000000018986 ) ) ;
#2102 = ORIENTED_EDGE ( 'NONE', *, *, #977, .T. ) ;
#2103 = FACE_OUTER_BOUND ( 'NONE', #2427, .T. ) ;
#2104 = CARTESIAN_POINT ( 'NONE',  ( 109.9999999999999858, -9.999999999999998224, 7.000000000000006217 ) ) ;
#2105 = EDGE_CURVE ( 'NONE', #756, #166, #2392, .T. ) ;
#2106 = LINE ( 'NONE', #328, #754 ) ;
#2107 = VECTOR ( 'NONE', #2160, 1000.000000000000000 ) ;
#2108 = VERTEX_POINT ( 'NONE', #252 ) ;
#2109 = VECTOR ( 'NONE', #2521, 1000.000000000000000 ) ;
#2110 = CARTESIAN_POINT ( 'NONE',  ( 112.3095308722604386, 0.1286994293119708144, 7.320806339590409273 ) ) ;
#2111 = CARTESIAN_POINT ( 'NONE',  ( 2.479904456292406856, 19.96777070399631882, 0.03222929600371986225 ) ) ;
#2112 = CARTESIAN_POINT ( 'NONE',  ( 110.1664301946168649, 19.99993095563819878, 0.06057563692367666508 ) ) ;
#2113 = CARTESIAN_POINT ( 'NONE',  ( 5.499000000000017430, 0.000000000000000000, 12.00000000000001954 ) ) ;
#2114 = AXIS2_PLACEMENT_3D ( 'NONE', #343, #1227, #1190 ) ;
#2115 = ORIENTED_EDGE ( 'NONE', *, *, #1436, .F. ) ;
#2116 = DIRECTION ( 'NONE',  ( 0.000000000000000000, 0.000000000000000000, -1.000000000000000000 ) ) ;
#2117 = VECTOR ( 'NONE', #1246, 1000.000000000000000 ) ;
#2118 = CARTESIAN_POINT ( 'NONE',  ( 110.0635610978086021, 0.9171920783618812134, 6.999106467763872352 ) ) ;
#2119 = FACE_OUTER_BOUND ( 'NONE', #2600, .T. ) ;
#2120 = DIRECTION ( 'NONE',  ( -0.000000000000000000, 1.000000000000000000, -0.000000000000000000 ) ) ;
#2121 = CARTESIAN_POINT ( 'NONE',  ( 107.7976269828426155, 1.000000000000000000, 6.000000000000006217 ) ) ;
#2122 = DIRECTION ( 'NONE',  ( -1.000000000000000000, 0.000000000000000000, 0.000000000000000000 ) ) ;
#2123 = CARTESIAN_POINT ( 'NONE',  ( 113.1489272563271840, 0.3153471055321724337, 7.930569828470678928 ) ) ;
#2124 = CARTESIAN_POINT ( 'NONE',  ( 108.2386239531166723, 0.08884661930382482808, 6.383164950794912862 ) ) ;
#2125 = CARTESIAN_POINT ( 'NONE',  ( 140.3384211079638249, 14.28136718234710223, 17.33285084903359419 ) ) ;
#2126 = CARTESIAN_POINT ( 'NONE',  ( 128.4100320266906294, 18.12578080329052810, 7.764881442075462381 ) ) ;
#2127 = CARTESIAN_POINT ( 'NONE',  ( 108.6128177528853485, 20.00000000000000000, 6.001114202575815959 ) ) ;
#2128 = ORIENTED_EDGE ( 'NONE', *, *, #1762, .T. ) ;
#2129 = CARTESIAN_POINT ( 'NONE',  ( 107.8264114977304757, 0.1183738699572535469, 6.471069865867601578 ) ) ;
#2130 = FACE_OUTER_BOUND ( 'NONE', #582, .T. ) ;
#2131 = DIRECTION ( 'NONE',  ( 1.000000000000000000, -0.000000000000000000, -0.000000000000000000 ) ) ;
#2132 = B_SPLINE_CURVE_WITH_KNOTS ( 'NONE', 3,
 ( #763, #923, #940, #1595, #2570, #2279, #1861, #782, #311, #1591, #522, #2253, #2552, #590, #2340, #596 ),
 .UNSPECIFIED., .F., .F.,
 ( 4, 2, 2, 2, 2, 2, 2, 4 ),
 ( 0.000000000000000000, 0.0004261231971492923740, 0.0008522463942985832302, 0.001065307992873230176, 0.001278369591447877122, 0.001384900390735199294, 0.001491431190022521466, 0.001704492788597156703 ),
 .UNSPECIFIED. ) ;
#2133 = CARTESIAN_POINT ( 'NONE',  ( 1.993848566583859672, 0.1535163225570045364, 0.1535163225570045364 ) ) ;
#2134 = CARTESIAN_POINT ( 'NONE',  ( 5.499000000000000554, -7.810249675906655753, 10.50100000000002076 ) ) ;
#2135 = CARTESIAN_POINT ( 'NONE',  ( 129.9095720690295082, -2.704357397728220924, 14.48455288933494778 ) ) ;
#2136 = EDGE_CURVE ( 'NONE', #712, #779, #2678, .T. ) ;
#2137 = CARTESIAN_POINT ( 'NONE',  ( 113.1469348542399445, 19.17779316735668260, 8.141276887315379795 ) ) ;
#2138 = CARTESIAN_POINT ( 'NONE',  ( 8.000000000000000000, 13.40000000000000213, 9.501000000000002998 ) ) ;
#2139 = CARTESIAN_POINT ( 'NONE',  ( 2.222152302202449636, 18.93603329839678651, 0.09595005240477325059 ) ) ;
#2140 = ORIENTED_EDGE ( 'NONE', *, *, #1716, .T. ) ;
#2141 = DIRECTION ( 'NONE',  ( 0.000000000000000000, 1.000000000000000000, 0.000000000000000000 ) ) ;
#2142 = CYLINDRICAL_SURFACE ( 'NONE', #1442, 1.000000000000000000 ) ;
#2143 = CARTESIAN_POINT ( 'NONE',  ( 146.9526503818007939, -8.047637791034132348, 19.82318590585731855 ) ) ;
#2144 = CARTESIAN_POINT ( 'NONE',  ( 106.3647230434519457, 0.9973943710632870996, 6.999996605343172362 ) ) ;
#2145 = CARTESIAN_POINT ( 'NONE',  ( 106.5177353242063418, 0.6754887147624253352, 6.946973961143966925 ) ) ;
#2146 = ORIENTED_EDGE ( 'NONE', *, *, #341, .F. ) ;
#2147 = EDGE_CURVE ( 'NONE', #2716, #1196, #1137, .T. ) ;
#2148 = CARTESIAN_POINT ( 'NONE',  ( 0.8904653425075185202, 0.8286349231175565988, 0.8286349231175565988 ) ) ;
#2149 = CARTESIAN_POINT ( 'NONE',  ( 145.1088212357631164, -7.976303184300315152, 19.13549937994900674 ) ) ;
#2150 = CARTESIAN_POINT ( 'NONE',  ( 126.8109896210453087, -1.981303180946917264, 13.31971096636617879 ) ) ;
#2151 = CARTESIAN_POINT ( 'NONE',  ( 112.9305079324655026, 0.2359297961563039947, 7.759444961236837024 ) ) ;
#2152 = SPHERICAL_SURFACE ( 'NONE', #2044, 1.000000000000000000 ) ;
#2153 = VECTOR ( 'NONE', #2120, 1000.000000000000000 ) ;
#2154 = CARTESIAN_POINT ( 'NONE',  ( 1.670546387488979434, 19.69649888402921079, 1.202334077313879090 ) ) ;
#2155 = VECTOR ( 'NONE', #2744, 1000.000000000000000 ) ;
#2156 = CARTESIAN_POINT ( 'NONE',  ( 0.000000000000000000, 17.00000000000000000, 3.000000000000000000 ) ) ;
#2157 = EDGE_CURVE ( 'NONE', #2032, #2401, #2041, .T. ) ;
#2158 = CARTESIAN_POINT ( 'NONE',  ( 146.4464256596835696, -8.890127078178904796, 19.63893517515698406 ) ) ;
#2159 = APPROVAL ( #2498, 'UNSPECIFIED' ) ;
#2160 = DIRECTION ( 'NONE',  ( 0.000000000000000000, -1.000000000000000000, 0.000000000000000000 ) ) ;
#2161 = CYLINDRICAL_SURFACE ( 'NONE', #337, 3.000000000000000000 ) ;
#2162 = EDGE_LOOP ( 'NONE', ( #528, #1368, #1941, #1508, #1734, #2381 ) ) ;
#2163 = CIRCLE ( 'NONE', #1255, 1.000000000000000888 ) ;
#2164 = CARTESIAN_POINT ( 'NONE',  ( 2.780258213342500007, 19.12686767228245088, 7.000000000000005329 ) ) ;
#2165 = DIRECTION ( 'NONE',  ( -1.000000000000000000, -0.000000000000000000, -0.000000000000000000 ) ) ;
#2166 = DIRECTION ( 'NONE',  ( -1.000000000000000000, 0.000000000000000000, 0.000000000000000000 ) ) ;
#2167 = EDGE_CURVE ( 'NONE', #2091, #2674, #2356, .T. ) ;
#2168 = EDGE_LOOP ( 'NONE', ( #1122, #2220, #1797, #1341 ) ) ;
#2169 = CARTESIAN_POINT ( 'NONE',  ( 113.3990003999759040, 18.89209477623892397, 8.277761672821085881 ) ) ;
#2170 = DIRECTION ( 'NONE',  ( -1.000000000000000000, 0.000000000000000000, -4.954937092193131864E-16 ) ) ;
#2171 = CARTESIAN_POINT ( 'NONE',  ( 1.670546387488951234, 18.79766592268627434, 0.3035011159708014827 ) ) ;
#2172 = DIRECTION ( 'NONE',  ( -0.9392167804700470857, -0.03181982016604928409, -0.3418469516144317932 ) ) ;
#2173 = CARTESIAN_POINT ( 'NONE',  ( 5.499000000000000554, 19.75000000000000000, 9.501000000000018986 ) ) ;
#2174 = DIRECTION ( 'NONE',  ( 4.336808689942017736E-16, 0.000000000000000000, -1.000000000000000000 ) ) ;
#2175 = ORIENTED_EDGE ( 'NONE', *, *, #1250, .F. ) ;
#2176 = CARTESIAN_POINT ( 'NONE',  ( 131.7670208760626736, -1.563821355605087504, 7.922547687537844219 ) ) ;
#2177 = CIRCLE ( 'NONE', #812, 0.9999999999999993339 ) ;
#2178 = ORIENTED_EDGE ( 'NONE', *, *, #60, .F. ) ;
#2179 = CARTESIAN_POINT ( 'NONE',  ( 107.0853926465189687, 19.52760139026987929, 6.852309193250307295 ) ) ;
#2180 = VECTOR ( 'NONE', #2131, 1000.000000000000000 ) ;
#2181 = DIRECTION ( 'NONE',  ( -0.000000000000000000, -1.000000000000000000, -0.000000000000000000 ) ) ;
#2182 = CARTESIAN_POINT ( 'NONE',  ( 149.2570228453244283, 10.31374609175085943, 15.35256557408234634 ) ) ;
#2183 = AXIS2_PLACEMENT_3D ( 'NONE', #213, #2379, #1101 ) ;
#2184 = EDGE_CURVE ( 'NONE', #1278, #448, #718, .T. ) ;
#2185 = DIRECTION ( 'NONE',  ( -0.9994674359039734668, -0.03263195623214609070, 0.000000000000000000 ) ) ;
#2186 = CARTESIAN_POINT ( 'NONE',  ( 109.6360297657337100, 20.00000000000000000, 1.000000000000000888 ) ) ;
#2187 = CARTESIAN_POINT ( 'NONE',  ( 3.000000000000002665, 3.000000000000000000, 0.000000000000000000 ) ) ;
#2188 = EDGE_CURVE ( 'NONE', #2305, #2713, #2212, .T. ) ;
#2189 = ORIENTED_EDGE ( 'NONE', *, *, #1066, .T. ) ;
#2190 = CARTESIAN_POINT ( 'NONE',  ( 1.371507409466760974, 0.4487819921551857161, 0.4487819921551857161 ) ) ;
#2191 = CARTESIAN_POINT ( 'NONE',  ( 123.0642098621965630, -0.8321133085842453703, 5.819161296507640024 ) ) ;
#2192 = VERTEX_POINT ( 'NONE', #506 ) ;
#2193 = ADVANCED_FACE ( 'NONE', ( #701 ), #1568, .T. ) ;
#2194 = CARTESIAN_POINT ( 'NONE',  ( 5.500999999999983459, 0.000000000000000000, 12.00000000000001954 ) ) ;
#2195 = DIRECTION ( 'NONE',  ( -0.000000000000000000, -1.000000000000000000, -0.000000000000000000 ) ) ;
#2196 = CARTESIAN_POINT ( 'NONE',  ( 106.3649126752824969, 18.88652285270547893, 7.000000000000006217 ) ) ;
#2197 = DIRECTION ( 'NONE',  ( 0.000000000000000000, -1.000000000000000000, 0.000000000000000000 ) ) ;
#2198 = VECTOR ( 'NONE', #2757, 1000.000000000000000 ) ;
#2199 = CARTESIAN_POINT ( 'NONE',  ( 3.000000000000002665, 1.000000000000000000, 0.000000000000000000 ) ) ;
#2200 = DIRECTION ( 'NONE',  ( 1.000000000000000000, 0.000000000000000000, 0.000000000000000000 ) ) ;
#2201 = ORIENTED_EDGE ( 'NONE', *, *, #196, .F. ) ;
#2202 = ORIENTED_EDGE ( 'NONE', *, *, #2012, .T. ) ;
#2203 = FACE_OUTER_BOUND ( 'NONE', #752, .T. ) ;
#2204 = CARTESIAN_POINT ( 'NONE',  ( 123.5478477801599126, 0.1573017852030181574, 4.931013330347675527 ) ) ;
#2205 = CARTESIAN_POINT ( 'NONE',  ( 109.8236730192892452, 1.006450157371267196, 0.9999999999991679989 ) ) ;
#2206 = CARTESIAN_POINT ( 'NONE',  ( 146.6007660257470775, 9.539544568843218997, 20.75922938773443960 ) ) ;
#2207 = CARTESIAN_POINT ( 'NONE',  ( 109.6360297657336957, 19.26179938779915091, 5.336307567702090287E-17 ) ) ;
#2208 = B_SPLINE_CURVE_WITH_KNOTS ( 'NONE', 3,
 ( #2333, #2254, #1885, #2483 ),
 .UNSPECIFIED., .F., .F.,
 ( 4, 4 ),
 ( 0.000000000000000000, 0.0002062957268852283618 ),
 .UNSPECIFIED. ) ;
#2209 = B_SPLINE_CURVE_WITH_KNOTS ( 'NONE', 3,
 ( #265, #2618, #1554, #660 ),
 .UNSPECIFIED., .F., .F.,
 ( 4, 4 ),
 ( 0.000000000000000000, 0.0001134804839570902274 ),
 .UNSPECIFIED. ) ;
#2210 = CARTESIAN_POINT ( 'NONE',  ( 121.9211384360435773, 18.35392968316829965, 4.338939549286605413 ) ) ;
#2211 = UNCERTAINTY_MEASURE_WITH_UNIT (LENGTH_MEASURE( 1.000000000000000082E-05 ), #1704, 'distance_accuracy_value', 'NONE');
#2212 = CIRCLE ( 'NONE', #479, 0.2500000000000002220 ) ;
#2213 = CARTESIAN_POINT ( 'NONE',  ( 123.0567070603950697, -0.8313524501532099098, 5.816430499993081149 ) ) ;
#2214 = B_SPLINE_CURVE_WITH_KNOTS ( 'NONE', 3,
 ( #1397, #1615, #2489, #1870, #310, #2689 ),
 .UNSPECIFIED., .F., .F.,
 ( 4, 2, 4 ),
 ( -1.095446141998132898E-05, 0.0007476109544463898759, 0.001506176370312761054 ),
 .UNSPECIFIED. ) ;
#2215 = CARTESIAN_POINT ( 'NONE',  ( 110.0000000000000711, 18.88652285270510589, 6.999999999999998224 ) ) ;
#2216 = VERTEX_POINT ( 'NONE', #2667 ) ;
#2217 = CARTESIAN_POINT ( 'NONE',  ( 149.0591614263266820, 9.514489249922588598, 17.06152311519207032 ) ) ;
#2218 = ORIENTED_EDGE ( 'NONE', *, *, #60, .T. ) ;
#2219 = CYLINDRICAL_SURFACE ( 'NONE', #1346, 1.000000000000000000 ) ;
#2220 = ORIENTED_EDGE ( 'NONE', *, *, #2184, .T. ) ;
#2221 = CARTESIAN_POINT ( 'NONE',  ( 0.000000000000000000, 3.000000000000000000, 0.9999999999999995559 ) ) ;
#2222 = CARTESIAN_POINT ( 'NONE',  ( 5.499000000000000554, 19.75000000000000000, 8.251000000000018986 ) ) ;
#2223 = EDGE_CURVE ( 'NONE', #1106, #1748, #75, .T. ) ;
#2224 = CYLINDRICAL_SURFACE ( 'NONE', #702, 2.498999999999999666 ) ;
#2225 = AXIS2_PLACEMENT_3D ( 'NONE', #2307, #1028, #366 ) ;
#2226 = CARTESIAN_POINT ( 'NONE',  ( 107.6146512073364221, 19.69096715915840790, 6.723717149492220102 ) ) ;
#2227 = ADVANCED_FACE ( 'NONE', ( #1374 ), #389, .T. ) ;
#2228 = CARTESIAN_POINT ( 'NONE',  ( 109.7179254311673589, 0.002813311715540219287, 1.011544623535171716 ) ) ;
#2229 = ORIENTED_EDGE ( 'NONE', *, *, #657, .F. ) ;
#2230 = CARTESIAN_POINT ( 'NONE',  ( 142.6699864724809572, -6.888106547119932976, 19.28154180303294751 ) ) ;
#2231 = CARTESIAN_POINT ( 'NONE',  ( 116.8008856196157694, -0.1067529408948501152, 2.475319932137804102 ) ) ;
#2232 = CARTESIAN_POINT ( 'NONE',  ( 133.3157078494566292, 15.37399119445821327, 15.76501252494009719 ) ) ;
#2233 = EDGE_CURVE ( 'NONE', #1541, #2243, #1990, .T. ) ;
#2234 = FACE_BOUND ( 'NONE', #2721, .T. ) ;
#2235 = CARTESIAN_POINT ( 'NONE',  ( 139.8760168639845460, 14.32807068450977894, 18.23121218101670848 ) ) ;
#2236 = CARTESIAN_POINT ( 'NONE',  ( 1.242640687119287213, 20.00000000000000711, 1.000000000000001110 ) ) ;
#2237 = ORIENTED_EDGE ( 'NONE', *, *, #150, .F. ) ;
#2238 = PERSON_AND_ORGANIZATION ( #1963, #1587 ) ;
#2239 = CARTESIAN_POINT ( 'NONE',  ( 148.3618554525850755, 10.02887871690345101, 13.96257351596358909 ) ) ;
#2240 = EDGE_CURVE ( 'NONE', #185, #927, #2477, .T. ) ;
#2241 = CARTESIAN_POINT ( 'NONE',  ( 134.7644627015854439, -2.948781942104730991, 16.30963911343856765 ) ) ;
#2242 = CIRCLE ( 'NONE', #3, 20.00000000000000711 ) ;
#2243 = VERTEX_POINT ( 'NONE', #1638 ) ;
#2244 = FACE_OUTER_BOUND ( 'NONE', #548, .T. ) ;
#2245 = PLANE ( 'NONE',  #2519 ) ;
#2246 = AXIS2_PLACEMENT_3D ( 'NONE', #29, #1589, #1567 ) ;
#2247 = CARTESIAN_POINT ( 'NONE',  ( 112.8422388115624244, 19.92727999649746096, 8.068475336166271106 ) ) ;
#2248 = CARTESIAN_POINT ( 'NONE',  ( 149.6443950646691405, 9.501908822039641933, 15.50474992217694314 ) ) ;
#2249 = EDGE_CURVE ( 'NONE', #2589, #409, #87, .T. ) ;
#2250 = CARTESIAN_POINT ( 'NONE',  ( 147.4992961041498916, 10.35292779324919898, 20.02214867748133287 ) ) ;
#2251 = VECTOR ( 'NONE', #2661, 1000.000000000000000 ) ;
#2252 = VECTOR ( 'NONE', #2141, 1000.000000000000000 ) ;
#2253 = CARTESIAN_POINT ( 'NONE',  ( 113.5109388420915479, 0.6868777144898267073, 8.285876579391391772 ) ) ;
#2254 = CARTESIAN_POINT ( 'NONE',  ( 109.6862067745636580, 1.002243944376671969, 0.000000000000000000 ) ) ;
#2255 = COORDINATED_UNIVERSAL_TIME_OFFSET ( 2, 0, .AHEAD. ) ;
#2256 = CARTESIAN_POINT ( 'NONE',  ( 111.5300740874938867, 19.84397608077269481, 7.009654048416503969 ) ) ;
#2257 = AXIS2_PLACEMENT_3D ( 'NONE', #566, #1233, #1069 ) ;
#2258 = EDGE_CURVE ( 'NONE', #960, #1678, #297, .T. ) ;
#2259 = CARTESIAN_POINT ( 'NONE',  ( 145.8530644921783050, 12.70455763033051433, 13.04944828238329180 ) ) ;
#2260 = ORIENTED_EDGE ( 'NONE', *, *, #2663, .F. ) ;
#2261 = CARTESIAN_POINT ( 'NONE',  ( 109.8236730192915331, -9.999999999999998224, 1.000000000000000888 ) ) ;
#2262 = VECTOR ( 'NONE', #2752, 1000.000000000000000 ) ;
#2263 = ORIENTED_EDGE ( 'NONE', *, *, #2136, .F. ) ;
#2264 = DIRECTION ( 'NONE',  ( 0.000000000000000000, 0.000000000000000000, -1.000000000000000000 ) ) ;
#2265 = CARTESIAN_POINT ( 'NONE',  ( 129.4773802264431311, 16.37637832760501055, 14.32208015043270244 ) ) ;
#2266 = CARTESIAN_POINT ( 'NONE',  ( 8.000000000000000000, 0.000000000000000000, 9.501000000000002998 ) ) ;
#2267 = CARTESIAN_POINT ( 'NONE',  ( 110.9875377309945037, 0.2836965241759491496, 7.096185919478033455 ) ) ;
#2268 = DIRECTION ( 'NONE',  ( 0.000000000000000000, 1.000000000000000000, 0.000000000000000000 ) ) ;
#2269 = VERTEX_POINT ( 'NONE', #1238 ) ;
#2270 = EDGE_CURVE ( 'NONE', #2091, #2298, #352, .T. ) ;
#2271 = PERSON_AND_ORGANIZATION ( #1963, #1587 ) ;
#2272 = EDGE_CURVE ( 'NONE', #2032, #380, #1043, .T. ) ;
#2273 = CARTESIAN_POINT ( 'NONE',  ( 147.8886938636779576, -8.047637791034125243, 20.17507026191101716 ) ) ;
#2274 = CARTESIAN_POINT ( 'NONE',  ( 133.7080052610992027, 16.92958154970018114, 8.629008228876550390 ) ) ;
#2275 = EDGE_LOOP ( 'NONE', ( #2576, #1863, #207 ) ) ;
#2276 = CARTESIAN_POINT ( 'NONE',  ( 140.5179501755004594, -5.895054929105804753, 18.47253247689922873 ) ) ;
#2277 = CARTESIAN_POINT ( 'NONE',  ( 5.501000000000000334, -7.810249675906655753, 9.501000000000018986 ) ) ;
#2278 = AXIS2_PLACEMENT_3D ( 'NONE', #883, #197, #1128 ) ;
#2279 = CARTESIAN_POINT ( 'NONE',  ( 113.2639440903041503, 0.3683023193019503427, 8.024234142925662283 ) ) ;
#2280 = ADVANCED_FACE ( 'NONE', ( #2119 ), #169, .T. ) ;
#2281 = DIRECTION ( 'NONE',  ( 0.000000000000000000, 1.000000000000000000, 0.000000000000000000 ) ) ;
#2282 = ORIENTED_EDGE ( 'NONE', *, *, #102, .T. ) ;
#2283 = CARTESIAN_POINT ( 'NONE',  ( 106.3647230434518178, 0.9973943710621482328, 6.999996605343166145 ) ) ;
#2284 = CARTESIAN_POINT ( 'NONE',  ( 109.3895992746130048, 0.3290194716977440370, 6.862141704954314747 ) ) ;
#2285 = EDGE_CURVE ( 'NONE', #1423, #2108, #116, .T. ) ;
#2286 = AXIS2_PLACEMENT_3D ( 'NONE', #216, #665, #885 ) ;
#2287 = CARTESIAN_POINT ( 'NONE',  ( 149.7093515827920100, 13.40000000000000036, 7.000000000000080824 ) ) ;
#2288 = CARTESIAN_POINT ( 'NONE',  ( 148.4699908262847714, -9.886706654452398269, 18.62876897426478351 ) ) ;
#2289 = CARTESIAN_POINT ( 'NONE',  ( 138.2928594947583747, 15.55953114947934957, 11.36193647084540359 ) ) ;
#2290 = ORIENTED_EDGE ( 'NONE', *, *, #2167, .T. ) ;
#2291 = CARTESIAN_POINT ( 'NONE',  ( 141.7125121591463994, 14.42239820271408313, 12.60658825221024415 ) ) ;
#2292 = CARTESIAN_POINT ( 'NONE',  ( 146.9526503818007086, 9.539544568843226102, 19.82318590585733631 ) ) ;
#2293 = CARTESIAN_POINT ( 'NONE',  ( 109.6360297657337100, 20.00000000000000000, 1.301042606982605124E-15 ) ) ;
#2294 = CARTESIAN_POINT ( 'NONE',  ( 125.5545182545911018, 17.32640274926988866, 12.84736900124082304 ) ) ;
#2295 = CARTESIAN_POINT ( 'NONE',  ( 111.7784208248761502, 0.2307434472950239401, 7.259254428565355077 ) ) ;
#2296 = CIRCLE ( 'NONE', #1643, 1.000000000000000888 ) ;
#2297 = FACE_OUTER_BOUND ( 'NONE', #1565, .T. ) ;
#2298 = VERTEX_POINT ( 'NONE', #613 ) ;
#2299 = EDGE_CURVE ( 'NONE', #2091, #704, #1813, .T. ) ;
#2300 = DIRECTION ( 'NONE',  ( 0.000000000000000000, 1.000000000000000000, 0.000000000000000000 ) ) ;
#2301 = CIRCLE ( 'NONE', #1127, 1.000000000000004663 ) ;
#2302 = CARTESIAN_POINT ( 'NONE',  ( 3.035766082959412415E-15, 17.00000000000000000, 3.000000000000000000 ) ) ;
#2303 = CARTESIAN_POINT ( 'NONE',  ( 121.9212435416228431, 18.35391645343485223, 4.338977804588911802 ) ) ;
#2304 = CARTESIAN_POINT ( 'NONE',  ( 149.0594765572744791, 9.514473665951367565, 17.06068483902384969 ) ) ;
#2305 = VERTEX_POINT ( 'NONE', #2101 ) ;
#2306 = CARTESIAN_POINT ( 'NONE',  ( 116.2719649250586826, 0.7890006794690689329, 9.357803223435270823 ) ) ;
#2307 = CARTESIAN_POINT ( 'NONE',  ( 148.7083515827920053, -8.081274705556779736, 15.15286556612325342 ) ) ;
#2308 = AXIS2_PLACEMENT_3D ( 'NONE', #1992, #914, #2174 ) ;
#2309 = FACE_OUTER_BOUND ( 'NONE', #344, .T. ) ;
#2310 = CARTESIAN_POINT ( 'NONE',  ( 108.6196013889412910, 0.02830546960858925168, 6.254170751802427652 ) ) ;
#2311 = CARTESIAN_POINT ( 'NONE',  ( 108.5783175859682643, 0.07142782194025437681, 6.313569761134273151 ) ) ;
#2312 = B_SPLINE_CURVE_WITH_KNOTS ( 'NONE', 3,
 ( #1402, #2772, #2563, #2353 ),
 .UNSPECIFIED., .F., .F.,
 ( 4, 4 ),
 ( 1.767524482132398111E-14, 0.0002035676569856035179 ),
 .UNSPECIFIED. ) ;
#2313 = CARTESIAN_POINT ( 'NONE',  ( 110.0085621166213770, 19.59177351552252588, 6.859189089170935283 ) ) ;
#2314 = VECTOR ( 'NONE', #658, 1000.000000000000000 ) ;
#2315 = CARTESIAN_POINT ( 'NONE',  ( 133.3659851176316806, 16.92958154910440172, 9.568700849606162961 ) ) ;
#2316 = CARTESIAN_POINT ( 'NONE',  ( 107.8161785944026860, 19.73601571288765655, 6.676964452820442375 ) ) ;
#2317 = EDGE_CURVE ( 'NONE', #1955, #1072, #1952, .T. ) ;
#2318 = ORIENTED_EDGE ( 'NONE', *, *, #123, .F. ) ;
#2319 = CARTESIAN_POINT ( 'NONE',  ( 109.6501078090428223, 0.0006030513617909452487, 1.011876223126735530 ) ) ;
#2320 = CARTESIAN_POINT ( 'NONE',  ( 111.7678394604606495, 0.2438477599894739722, 7.299888626451402907 ) ) ;
#2321 = EDGE_CURVE ( 'NONE', #2520, #409, #1884, .T. ) ;
#2322 = CARTESIAN_POINT ( 'NONE',  ( 5.499000000000000554, 0.000000000000000000, 9.501000000000018986 ) ) ;
#2323 = CARTESIAN_POINT ( 'NONE',  ( 140.8046764651759304, -5.872795684337738464, 17.51597194849977868 ) ) ;
#2324 = CARTESIAN_POINT ( 'NONE',  ( 109.4082637749369127, 0.1562364728290647209, 6.468910032396948395 ) ) ;
#2325 = EDGE_LOOP ( 'NONE', ( #2128, #145, #2506, #2395 ) ) ;
#2326 = CARTESIAN_POINT ( 'NONE',  ( 110.0593990901189017, 0.3632256448795984638, 6.777979157108789288 ) ) ;
#2327 = CARTESIAN_POINT ( 'NONE',  ( 1.371507409466808047, 19.55121800784491271, 0.4487819921551699509 ) ) ;
#2328 = CARTESIAN_POINT ( 'NONE',  ( 107.8161785944026718, 20.00000000000000000, 6.000000000000019540 ) ) ;
#2329 = CARTESIAN_POINT ( 'NONE',  ( 110.1834106557184612, 0.04062809819003856959, 6.000602840071008082 ) ) ;
#2330 = CARTESIAN_POINT ( 'NONE',  ( 109.8236730192892452, 1.006450157371267196, 0.9999999999995841105 ) ) ;
#2331 = EDGE_CURVE ( 'NONE', #1278, #779, #626, .T. ) ;
#2332 = DIRECTION ( 'NONE',  ( 4.954937092193131864E-16, 0.000000000000000000, -1.000000000000000000 ) ) ;
#2333 = CARTESIAN_POINT ( 'NONE',  ( 109.6174781541736394, 1.000000000000000000, 0.000000000000000000 ) ) ;
#2334 = CARTESIAN_POINT ( 'NONE',  ( 109.9999999999999858, 1.000000000000000000, 7.000000000000006217 ) ) ;
#2335 = CARTESIAN_POINT ( 'NONE',  ( 109.9583729554591969, 0.03978144824520529754, 5.915965449577911706 ) ) ;
#2336 = CARTESIAN_POINT ( 'NONE',  ( 106.9394937663251284, 19.46786434609533600, 6.886502143979371660 ) ) ;
#2337 = ORIENTED_EDGE ( 'NONE', *, *, #268, .T. ) ;
#2338 = VECTOR ( 'NONE', #263, 1000.000000000000000 ) ;
#2339 = B_SPLINE_CURVE_WITH_KNOTS ( 'NONE', 3,
 ( #1117, #870, #1973, #1130 ),
 .UNSPECIFIED., .F., .F.,
 ( 4, 4 ),
 ( 1.838319552191058898E-05, 0.002372010007980538456 ),
 .UNSPECIFIED. ) ;
#2340 = CARTESIAN_POINT ( 'NONE',  ( 113.4453300355794880, 0.8897195471543849488, 8.295193828532790192 ) ) ;
#2341 = PLANE ( 'NONE',  #803 ) ;
#2342 = CARTESIAN_POINT ( 'NONE',  ( 2.607305765700790090, 19.98066173482415664, 1.012892176783896092 ) ) ;
#2343 = CARTESIAN_POINT ( 'NONE',  ( 128.5616867241701300, 17.14643179163001108, 6.755901465372049053 ) ) ;
#2344 = CARTESIAN_POINT ( 'NONE',  ( 109.7896926862712519, 0.04002157207379424680, 6.076221167787308808 ) ) ;
#2345 = AXIS2_PLACEMENT_3D ( 'NONE', #1357, #208, #1289 ) ;
#2346 = ADVANCED_FACE ( 'NONE', ( #1897, #2755 ), #1664, .F. ) ;
#2347 = LINE ( 'NONE', #664, #329 ) ;
#2348 = DIRECTION ( 'NONE',  ( 0.000000000000000000, -1.000000000000000000, 0.000000000000000000 ) ) ;
#2349 = CARTESIAN_POINT ( 'NONE',  ( 107.5131374331909058, 0.2688167831700561949, 6.687570683838194974 ) ) ;
#2350 = B_SPLINE_CURVE_WITH_KNOTS ( 'NONE', 3,
 ( #2368, #1681, #1224, #1466 ),
 .UNSPECIFIED., .F., .F.,
 ( 4, 4 ),
 ( 9.971422467452485896E-15, 6.773130543666700420E-06 ),
 .UNSPECIFIED. ) ;
#2351 =( BOUNDED_SURFACE ( )  B_SPLINE_SURFACE ( 3, 2, ( 
 ( #2316, #1012, #1039 ),
 ( #394, #1234, #2127 ),
 ( #165, #594, #2780 ),
 ( #1650, #1869, #780 ) ),
 .UNSPECIFIED., .F., .F., .T. ) 
 B_SPLINE_SURFACE_WITH_KNOTS ( ( 4, 4 ),
 ( 3, 3 ),
 ( 0.000000000000000000, 0.002373707868671478139 ),
 ( 0.5252126961646614856, 1.000000000000000000 ),
 .UNSPECIFIED. ) 
 GEOMETRIC_REPRESENTATION_ITEM ( )  RATIONAL_B_SPLINE_SURFACE ( (
 ( 0.8539257633439987227, 0.8609380183279070620, 1.000000000000000000),
 ( 0.8541222196928488497, 0.8611250438418415198, 1.000000000000000000),
 ( 0.8543638836572730044, 0.8613551067917557535, 1.000000000000000000),
 ( 0.8546515949703136217, 0.8616290065995304559, 1.000000000000000000) ) ) 
 REPRESENTATION_ITEM ( '' )  SURFACE ( )  );
#2352 = EDGE_LOOP ( 'NONE', ( #691, #1300, #715 ) ) ;
#2353 = CARTESIAN_POINT ( 'NONE',  ( 109.6501078090428223, 0.0006030513617909452487, 1.011876223126735530 ) ) ;
#2354 = FACE_OUTER_BOUND ( 'NONE', #1044, .T. ) ;
#2355 = CARTESIAN_POINT ( 'NONE',  ( 125.4301498236787893, -0.6676952068081014602, 12.80061550519894453 ) ) ;
#2356 = CIRCLE ( 'NONE', #1134, 1.000000000000000000 ) ;
#2357 = CARTESIAN_POINT ( 'NONE',  ( 113.3622432453166908, 18.96404306972287301, 8.263538765513505524 ) ) ;
#2358 = CARTESIAN_POINT ( 'NONE',  ( 109.3970854218184741, 19.97420337943989210, 6.236179911103498341 ) ) ;
#2359 = EDGE_CURVE ( 'NONE', #960, #756, #2350, .T. ) ;
#2360 = CARTESIAN_POINT ( 'NONE',  ( 1.017519744401137460, 18.50677362101370349, 0.7398395684795802119 ) ) ;
#2361 = ORIENTED_EDGE ( 'NONE', *, *, #2188, .F. ) ;
#2362 = CARTESIAN_POINT ( 'NONE',  ( 131.8495872991703379, 16.37578484105955567, 7.952599407898856221 ) ) ;
#2363 = CARTESIAN_POINT ( 'NONE',  ( 109.6716086830664807, 0.04219303750132819691, 6.098828517657172377 ) ) ;
#2364 = EDGE_CURVE ( 'NONE', #767, #960, #2090, .T. ) ;
#2365 = EDGE_LOOP ( 'NONE', ( #974, #2140, #769, #1845, #501 ) ) ;
#2366 = CARTESIAN_POINT ( 'NONE',  ( 108.2251918912494659, 0.1577933916833069994, 6.520477781549902652 ) ) ;
#2367 = CARTESIAN_POINT ( 'NONE',  ( 113.4998991504693464, 0.6155885605745378131, 8.257982685705329118 ) ) ;
#2368 = CARTESIAN_POINT ( 'NONE',  ( 113.4025997963565260, 18.88652285270468667, 8.279130362457289394 ) ) ;
#2369 = ORIENTED_EDGE ( 'NONE', *, *, #218, .F. ) ;
#2370 = ORIENTED_EDGE ( 'NONE', *, *, #102, .F. ) ;
#2371 = CARTESIAN_POINT ( 'NONE',  ( 3.035766082959412415E-15, 3.000000000000000000, 3.000000000000000000 ) ) ;
#2372 = CARTESIAN_POINT ( 'NONE',  ( 107.5460598584126757, 19.67772779707836506, 6.740917420639124913 ) ) ;
#2373 = CARTESIAN_POINT ( 'NONE',  ( 149.6443950646691974, 9.501908822039631275, 15.50474992217697867 ) ) ;
#2374 = CARTESIAN_POINT ( 'NONE',  ( 107.8079878663880180, 0.2085355261295723794, 6.616704489087991803 ) ) ;
#2375 = EDGE_CURVE ( 'NONE', #1458, #1347, #1682, .T. ) ;
#2376 = CARTESIAN_POINT ( 'NONE',  ( 113.1772174700555382, 19.15337087633838564, 8.159664237269941722 ) ) ;
#2377 = CARTESIAN_POINT ( 'NONE',  ( 137.2631375859032801, 15.38199786180339856, 16.17745892226163562 ) ) ;
#2378 = ORIENTED_EDGE ( 'NONE', *, *, #1222, .T. ) ;
#2379 = DIRECTION ( 'NONE',  ( -0.1400195966565234984, -0.6670611073288768011, 0.7317267192342488125 ) ) ;
#2380 =( BOUNDED_SURFACE ( )  B_SPLINE_SURFACE ( 3, 2, ( 
 ( #1844, #1405, #512 ),
 ( #1598, #766, #2444 ),
 ( #2228, #281, #106 ),
 ( #1379, #708, #307 ) ),
 .UNSPECIFIED., .F., .F., .F. ) 
 B_SPLINE_SURFACE_WITH_KNOTS ( ( 4, 4 ),
 ( 3, 3 ),
 ( -2.082752373344654018E-16, 0.0002062957268671783743 ),
 ( 0.000000000000000000, 1.000000000000000000 ),
 .UNSPECIFIED. ) 
 GEOMETRIC_REPRESENTATION_ITEM ( )  RATIONAL_B_SPLINE_SURFACE ( (
 ( 1.000000000000000000, 0.7032485266767851684, 1.000000000000000000),
 ( 1.000000000000000000, 0.7031310242749231332, 1.000000000000000000),
 ( 1.000000000000000000, 0.7030133015410933162, 1.000000000000000000),
 ( 1.000000000000000000, 0.7028953609440196093, 1.000000000000000000) ) ) 
 REPRESENTATION_ITEM ( '' )  SURFACE ( )  );
#2381 = ORIENTED_EDGE ( 'NONE', *, *, #1179, .F. ) ;
#2382 = DIRECTION ( 'NONE',  ( 0.6077829740196690755, 0.7941031774850206837, 0.000000000000000000 ) ) ;
#2383 = VERTEX_POINT ( 'NONE', #2799 ) ;
#2384 = CARTESIAN_POINT ( 'NONE',  ( 1.670546387488951234, 1.202334077313879090, 0.3035011159708014827 ) ) ;
#2385 = DIRECTION ( 'NONE',  ( 0.000000000000000000, 0.9999295502652871814, -0.01186989916809270615 ) ) ;
#2386 = ORIENTED_EDGE ( 'NONE', *, *, #218, .T. ) ;
#2387 = CARTESIAN_POINT ( 'NONE',  ( 149.6457593982949277, 10.01448041493944885, 15.50112067417124173 ) ) ;
#2388 = ORIENTED_EDGE ( 'NONE', *, *, #2776, .T. ) ;
#2389 = CARTESIAN_POINT ( 'NONE',  ( 110.2515391048220295, 0.6365772239962830259, 7.003697298591593068 ) ) ;
#2390 = CYLINDRICAL_SURFACE ( 'NONE', #215, 1.000000000000000888 ) ;
#2391 = AXIS2_PLACEMENT_3D ( 'NONE', #382, #2348, #1504 ) ;
#2392 = B_SPLINE_CURVE_WITH_KNOTS ( 'NONE', 3,
 ( #622, #2777, #829, #606, #2376, #2451, #733, #966, #1401, #1350 ),
 .UNSPECIFIED., .F., .F.,
 ( 4, 2, 2, 2, 4 ),
 ( 0.000000000000000000, 0.0002208438235740469314, 0.0004416876471480938628, 0.0008833752942962233958, 0.001766750588592478233 ),
 .UNSPECIFIED. ) ;
#2393 = EDGE_CURVE ( 'NONE', #1458, #1828, #1594, .T. ) ;
#2394 = CYLINDRICAL_SURFACE ( 'NONE', #1388, 1.000000000000000888 ) ;
#2395 = ORIENTED_EDGE ( 'NONE', *, *, #1597, .F. ) ;
#2396 = CIRCLE ( 'NONE', #1248, 0.9999999999999984457 ) ;
#2397 = DIRECTION ( 'NONE',  ( -0.9995528166394257452, -0.02990262109231492382, -0.000000000000000000 ) ) ;
#2398 = EDGE_CURVE ( 'NONE', #628, #1828, #858, .T. ) ;
#2399 = DIRECTION ( 'NONE',  ( -1.623776602547354877E-15, -1.000000000000000000, -6.104220532753049146E-16 ) ) ;
#2400 = CARTESIAN_POINT ( 'NONE',  ( 3.000000000000002665, 1.000000000000000000, 6.000000000000006217 ) ) ;
#2401 = VERTEX_POINT ( 'NONE', #2433 ) ;
#2402 = ORIENTED_EDGE ( 'NONE', *, *, #2233, .F. ) ;
#2403 = DIRECTION ( 'NONE',  ( -1.000000000000000000, 0.000000000000000000, 0.000000000000000000 ) ) ;
#2404 = CARTESIAN_POINT ( 'NONE',  ( 113.5148263069702637, 1.048461714366193620, 1.279292154352972943 ) ) ;
#2405 = ORIENTED_EDGE ( 'NONE', *, *, #1222, .F. ) ;
#2406 = CARTESIAN_POINT ( 'NONE',  ( 113.3042678018240821, 19.03561518842098010, 8.233554659591181490 ) ) ;
#2407 = CARTESIAN_POINT ( 'NONE',  ( 2.131395779191663120, 0.5077747602342768118, 6.879945708024544970 ) ) ;
#2408 = FACE_OUTER_BOUND ( 'NONE', #1086, .T. ) ;
#2409 = AXIS2_PLACEMENT_3D ( 'NONE', #1879, #2300, #1473 ) ;
#2410 = DIRECTION ( 'NONE',  ( -3.052110266376423599E-15, -1.000000000000000000, 8.118883012736665915E-15 ) ) ;
#2411 = CIRCLE ( 'NONE', #908, 1.000000000000001332 ) ;
#2412 = DIRECTION ( 'NONE',  ( -0.0003875443932753924237, 0.01186989827671890499, 0.9999294751752464405 ) ) ;
#2413 = CARTESIAN_POINT ( 'NONE',  ( 147.4992961041498631, 10.35292779324920609, 20.02214867748137195 ) ) ;
#2414 = ADVANCED_FACE ( 'NONE', ( #229 ), #694, .F. ) ;
#2415 = EDGE_LOOP ( 'NONE', ( #774, #740, #2102 ) ) ;
#2416 = CARTESIAN_POINT ( 'NONE',  ( 0.6009994805188101363, 1.770906554907938135, 1.156359832361907092 ) ) ;
#2417 = CARTESIAN_POINT ( 'NONE',  ( 149.0503717261176746, -8.081274705556769078, 14.21317294533737119 ) ) ;
#2418 = VERTEX_POINT ( 'NONE', #695 ) ;
#2419 = CARTESIAN_POINT ( 'NONE',  ( 146.9526503818007654, 9.539544568843174588, 19.82318590585731144 ) ) ;
#2420 = DIRECTION ( 'NONE',  ( -0.0007370320262295454320, -0.9999997283918593549, 0.000000000000000000 ) ) ;
#2421 = CARTESIAN_POINT ( 'NONE',  ( 1.707106781187908595, 19.70710678118719628, 6.707106781187394340 ) ) ;
#2422 = ORIENTED_EDGE ( 'NONE', *, *, #2490, .F. ) ;
#2423 = DIRECTION ( 'NONE',  ( 0.3518763988791943076, -0.006724995583397948978, -0.9360223150898773214 ) ) ;
#2424 = ORIENTED_EDGE ( 'NONE', *, *, #1835, .F. ) ;
#2425 = CARTESIAN_POINT ( 'NONE',  ( 1.017519744401137682, 0.7398395684795802119, 1.493226378986386882 ) ) ;
#2426 = CARTESIAN_POINT ( 'NONE',  ( 142.7241464687759844, -5.827574054306567497, 11.91061525640120600 ) ) ;
#2427 = EDGE_LOOP ( 'NONE', ( #953, #2337, #670, #2422, #109 ) ) ;
#2428 = DIRECTION ( 'NONE',  ( -0.000000000000000000, -0.000000000000000000, -1.000000000000000000 ) ) ;
#2429 = DIRECTION ( 'NONE',  ( 0.000000000000000000, 0.000000000000000000, 1.000000000000000000 ) ) ;
#2430 = CARTESIAN_POINT ( 'NONE',  ( 128.5614080700536306, 17.14649250933980085, 6.755800043568009450 ) ) ;
#2431 = AXIS2_PLACEMENT_3D ( 'NONE', #1267, #1680, #411 ) ;
#2432 = CARTESIAN_POINT ( 'NONE',  ( 109.3608700488065892, 19.96479223521852120, 6.245780707317517333 ) ) ;
#2433 = CARTESIAN_POINT ( 'NONE',  ( 5.498999999999999666, 13.40000000000000213, 12.00000000000001243 ) ) ;
#2434 = FACE_OUTER_BOUND ( 'NONE', #1450, .T. ) ;
#2435 = CARTESIAN_POINT ( 'NONE',  ( 138.0340769685472537, -4.236194617663796791, 10.20356956167220552 ) ) ;
#2436 = EDGE_CURVE ( 'NONE', #2457, #1725, #692, .T. ) ;
#2437 = ORIENTED_EDGE ( 'NONE', *, *, #1060, .F. ) ;
#2438 = VECTOR ( 'NONE', #401, 1000.000000000000000 ) ;
#2439 = PLANE ( 'NONE',  #2246 ) ;
#2440 = CARTESIAN_POINT ( 'NONE',  ( 143.9413926079291173, 11.35488858733063466, 19.75949815649025609 ) ) ;
#2441 = CARTESIAN_POINT ( 'NONE',  ( 109.9999999999999858, 19.00000000000000000, 6.000000000000006217 ) ) ;
#2442 = B_SPLINE_CURVE_WITH_KNOTS ( 'NONE', 3,
 ( #775, #100, #289, #2730, #995, #1851, #2295, #1006 ),
 .UNSPECIFIED., .F., .F.,
 ( 4, 2, 2, 4 ),
 ( 8.677149833022628859E-15, 0.001211192980607986563, 0.002422385961207296039, 0.004844771922405914123 ),
 .UNSPECIFIED. ) ;
#2443 = CARTESIAN_POINT ( 'NONE',  ( 113.1646661671185825, 0.04815713519596493547, 2.216022058696410557 ) ) ;
#2444 = CARTESIAN_POINT ( 'NONE',  ( 109.7549384636623699, 1.004393894476668381, 4.336808689942017736E-15 ) ) ;
#2445 = ORIENTED_EDGE ( 'NONE', *, *, #1272, .F. ) ;
#2446 = FACE_OUTER_BOUND ( 'NONE', #904, .T. ) ;
#2447 = ORIENTED_EDGE ( 'NONE', *, *, #2759, .T. ) ;
#2448 = CARTESIAN_POINT ( 'NONE',  ( 136.4282490259779479, -3.790965350611355422, 9.619095989268231506 ) ) ;
#2449 = EDGE_LOOP ( 'NONE', ( #1993, #78, #1926, #533 ) ) ;
#2450 = DIRECTION ( 'NONE',  ( -0.000000000000000000, -1.000000000000000000, -0.000000000000000000 ) ) ;
#2451 = CARTESIAN_POINT ( 'NONE',  ( 113.0217668865403198, 19.27363855247943292, 8.064141394931429119 ) ) ;
#2452 = FACE_OUTER_BOUND ( 'NONE', #808, .T. ) ;
#2453 = ORIENTED_EDGE ( 'NONE', *, *, #2147, .F. ) ;
#2454 = ADVANCED_FACE ( 'NONE', ( #1298 ), #429, .T. ) ;
#2455 = CARTESIAN_POINT ( 'NONE',  ( 112.2065680289120593, 19.65673119011918146, 7.504734451837939524 ) ) ;
#2456 = CARTESIAN_POINT ( 'NONE',  ( 142.3610153762723485, -6.139430967320349986, 18.61446909329348998 ) ) ;
#2457 = VERTEX_POINT ( 'NONE', #442 ) ;
#2458 = CARTESIAN_POINT ( 'NONE',  ( 146.6007660257471343, -8.047637791034130572, 20.75922938773449999 ) ) ;
#2459 = ORIENTED_EDGE ( 'NONE', *, *, #465, .T. ) ;
#2460 = CARTESIAN_POINT ( 'NONE',  ( 121.3530357646898210, 19.79048529598061634, 5.196344859382603154 ) ) ;
#2461 = CARTESIAN_POINT ( 'NONE',  ( 111.2250793226839960, 19.97247623184905407, 7.460540837093298627 ) ) ;
#2462 = ORIENTED_EDGE ( 'NONE', *, *, #1399, .F. ) ;
#2463 = CARTESIAN_POINT ( 'NONE',  ( 109.7611252681750926, 18.99997736292004191, -1.778091562876227272E-14 ) ) ;
#2464 = DIRECTION ( 'NONE',  ( 0.000000000000000000, 1.000000000000000000, 0.000000000000000000 ) ) ;
#2465 = ADVANCED_FACE ( 'NONE', ( #1558 ), #2161, .T. ) ;
#2466 = PLANE ( 'NONE',  #47 ) ;
#2467 = EDGE_LOOP ( 'NONE', ( #338, #2370, #392, #2437, #595, #1850 ) ) ;
#2468 = APPROVAL_DATE_TIME ( #939, #2159 ) ;
#2469 = DIRECTION ( 'NONE',  ( 0.000000000000000000, 0.000000000000000000, 1.000000000000000000 ) ) ;
#2470 = CARTESIAN_POINT ( 'NONE',  ( 146.5458365613445437, -9.061101949209206197, 20.13761944038640195 ) ) ;
#2471 = ORIENTED_EDGE ( 'NONE', *, *, #211, .F. ) ;
#2472 = CARTESIAN_POINT ( 'NONE',  ( 113.2441424843970310, 19.99707660730200942, 2.244949072514839550 ) ) ;
#2473 = AXIS2_PLACEMENT_3D ( 'NONE', #1602, #976, #2474 ) ;
#2474 = DIRECTION ( 'NONE',  ( 0.000000000000000000, 0.000000000000000000, 1.000000000000000000 ) ) ;
#2475 = VECTOR ( 'NONE', #950, 1000.000000000000000 ) ;
#2476 = B_SPLINE_CURVE_WITH_KNOTS ( 'NONE', 3,
 ( #2835, #672, #1124, #14, #1997, #2080, #327 ),
 .UNSPECIFIED., .F., .F.,
 ( 4, 3, 4 ),
 ( 0.000000000000000000, 0.002475004150950611218, 0.004989540081674219245 ),
 .UNSPECIFIED. ) ;
#2477 = LINE ( 'NONE', #1398, #761 ) ;
#2478 = EDGE_CURVE ( 'NONE', #185, #1381, #2411, .T. ) ;
#2479 = LINE ( 'NONE', #2693, #1744 ) ;
#2480 = DIRECTION ( 'NONE',  ( 0.000000000000000000, 0.000000000000000000, -1.000000000000000000 ) ) ;
#2481 = EDGE_CURVE ( 'NONE', #2813, #1002, #2007, .T. ) ;
#2482 = CIRCLE ( 'NONE', #1392, 1.000000000000000888 ) ;
#2483 = CARTESIAN_POINT ( 'NONE',  ( 109.8236730192915331, 1.006450157371267196, 0.000000000000000000 ) ) ;
#2484 = EDGE_LOOP ( 'NONE', ( #735, #912, #186 ) ) ;
#2485 = CARTESIAN_POINT ( 'NONE',  ( 147.8843720404875626, -9.873908744127952275, 20.18656669350167832 ) ) ;
#2486 = EDGE_CURVE ( 'NONE', #520, #435, #2339, .T. ) ;
#2487 = FACE_OUTER_BOUND ( 'NONE', #2325, .T. ) ;
#2488 = CARTESIAN_POINT ( 'NONE',  ( 136.8103610369820728, 15.99643839196992268, 10.82235115986771667 ) ) ;
#2489 = CARTESIAN_POINT ( 'NONE',  ( 2.561063397309608636, 0.02405878001602801061, 6.253462968017250212 ) ) ;
#2490 = EDGE_CURVE ( 'NONE', #1562, #921, #1935, .T. ) ;
#2491 = CARTESIAN_POINT ( 'NONE',  ( 130.4774997511878496, 17.15449806201747052, 14.69805244420929391 ) ) ;
#2492 = EDGE_CURVE ( 'NONE', #1828, #915, #1090, .T. ) ;
#2493 = APPLICATION_CONTEXT ( 'configuration controlled 3d designs of mechanical parts and assemblies' ) ;
#2494 = CARTESIAN_POINT ( 'NONE',  ( 113.4025997963404535, 0.9817572793326476699, 8.279130362451251557 ) ) ;
#2495 = CARTESIAN_POINT ( 'NONE',  ( 110.1975204538019000, 0.04065014866365748714, 6.000536714113942516 ) ) ;
#2496 = CARTESIAN_POINT ( 'NONE',  ( 110.5179097232214787, 19.98281570119220873, 6.248990098389413106 ) ) ;
#2497 =( BOUNDED_SURFACE ( )  B_SPLINE_SURFACE ( 3, 2, ( 
 ( #484, #1394, #1367 ),
 ( #2239, #943, #972 ),
 ( #320, #1168, #1623 ),
 ( #1571, #2672, #526 ),
 ( #51, #2259, #270 ),
 ( #538, #1583, #294 ),
 ( #2501, #2045, #1418 ),
 ( #1825, #2031, #725 ),
 ( #68, #498, #2289 ),
 ( #1207, #959, #2701 ),
 ( #1812, #82, #750 ),
 ( #1612, #2274, #2315 ),
 ( #2362, #1448, #1463 ),
 ( #2343, #1220, #2126 ),
 ( #179, #778, #1052 ),
 ( #2098, #1881, #2514 ),
 ( #2303, #132, #334 ),
 ( #1038, #1023, #1893 ),
 ( #1476, #2766, #551 ),
 ( #1907, #2112, #164 ) ),
 .UNSPECIFIED., .F., .F., .T. ) 
 B_SPLINE_SURFACE_WITH_KNOTS ( ( 4, 2, 2, 2, 2, 2, 2, 2, 2, 4 ),
 ( 3, 3 ),
 ( 0.009947478393410171676, 0.01265185436308577382, 0.01535623033276137424, 0.02076498227211257680, 0.02346935824178817548, 0.02617373421146377763, 0.03158248615081497845, 0.03699123809016617581, 0.04239999002951738011, 0.05321749390821978176 ),
 ( 0.000000000000000000, 1.000000000000000000 ),
 .UNSPECIFIED. ) 
 GEOMETRIC_REPRESENTATION_ITEM ( )  RATIONAL_B_SPLINE_SURFACE ( (
 ( 1.000000000000000000, 0.7071067811865430208, 1.000000000000000000),
 ( 1.000000000000000000, 0.7071067811865430208, 1.000000000000000000),
 ( 1.000000000000000000, 0.7071067811865454633, 1.000000000000000000),
 ( 1.000000000000000000, 0.7071067811865454633, 1.000000000000000000),
 ( 1.000000000000000000, 0.7071067811865489050, 1.000000000000000000),
 ( 1.000000000000000000, 0.7071067811865489050, 1.000000000000000000),
 ( 1.000000000000000000, 0.7071067811865495711, 1.000000000000000000),
 ( 1.000000000000000000, 0.7071067811865495711, 1.000000000000000000),
 ( 1.000000000000000000, 0.7071067811865450192, 1.000000000000000000),
 ( 1.000000000000000000, 0.7071067811865450192, 1.000000000000000000),
 ( 1.000000000000000000, 0.7071067811865465735, 1.000000000000000000),
 ( 1.000000000000000000, 0.7071067811865465735, 1.000000000000000000),
 ( 1.000000000000000000, 0.7071067811865435759, 1.000000000000000000),
 ( 1.000000000000000000, 0.7071067811865435759, 1.000000000000000000),
 ( 1.000000000000000000, 0.7071067811865460184, 1.000000000000000000),
 ( 1.000000000000000000, 0.7071067811865460184, 1.000000000000000000),
 ( 1.000000000000000000, 0.7071067811865480168, 1.000000000000000000),
 ( 1.000000000000000000, 0.7071067811865480168, 1.000000000000000000),
 ( 1.000000000000000000, 0.7071067811865487940, 1.000000000000000000),
 ( 1.000000000000000000, 0.7071067811865487940, 1.000000000000000000) ) ) 
 REPRESENTATION_ITEM ( '' )  SURFACE ( )  );
#2498 = APPROVAL_STATUS ( 'not_yet_approved' ) ;
#2499 = CARTESIAN_POINT ( 'NONE',  ( 112.1615038554087533, 0.1140412492323089610, 7.224699600035168423 ) ) ;
#2500 = CARTESIAN_POINT ( 'NONE',  ( 3.000000000000000888, -7.810249675906655753, 9.501000000000002998 ) ) ;
#2501 = CARTESIAN_POINT ( 'NONE',  ( 141.5873796711098862, 13.53700226820490116, 11.49686597874939231 ) ) ;
#2502 = ORIENTED_EDGE ( 'NONE', *, *, #2481, .T. ) ;
#2503 = DIRECTION ( 'NONE',  ( 0.000000000000000000, 0.000000000000000000, -1.000000000000000000 ) ) ;
#2504 = CARTESIAN_POINT ( 'NONE',  ( 144.0697038691291425, -6.502850060019364165, 19.80773387031766575 ) ) ;
#2505 = CARTESIAN_POINT ( 'NONE',  ( 130.2602861422040519, 16.17928001001881100, 14.61639590536506006 ) ) ;
#2506 = ORIENTED_EDGE ( 'NONE', *, *, #1034, .T. ) ;
#2507 = CARTESIAN_POINT ( 'NONE',  ( 109.9999999999999858, 1.000000000000000000, 0.000000000000000000 ) ) ;
#2508 = B_SPLINE_CURVE_WITH_KNOTS ( 'NONE', 3,
 ( #717, #1552, #1763, #2641 ),
 .UNSPECIFIED., .F., .F.,
 ( 4, 4 ),
 ( 0.000000000000000000, 0.002376854027354023419 ),
 .UNSPECIFIED. ) ;
#2509 = CARTESIAN_POINT ( 'NONE',  ( 5.499000000000000554, 19.75000000000000000, 9.501000000000018986 ) ) ;
#2510 = ORIENTED_EDGE ( 'NONE', *, *, #2066, .F. ) ;
#2511 = ADVANCED_BREP_SHAPE_REPRESENTATION ( 'MirrorBratV1 de la Raul', ( #379, #171 ), #819 ) ;
#2512 = CARTESIAN_POINT ( 'NONE',  ( 112.2574489572524499, 0.1233199461867097307, 7.286868054418187413 ) ) ;
#2513 = DIRECTION ( 'NONE',  ( 0.000000000000000000, -1.000000000000000000, 0.000000000000000000 ) ) ;
#2514 = CARTESIAN_POINT ( 'NONE',  ( 123.3892520328615348, 19.09095435220650216, 5.937466971538960969 ) ) ;
#2515 = DIRECTION ( 'NONE',  ( 0.9985746375020957410, 0.03310035916620288066, 0.04186955410111877635 ) ) ;
#2516 = ORIENTED_EDGE ( 'NONE', *, *, #1514, .T. ) ;
#2517 = CARTESIAN_POINT ( 'NONE',  ( 127.6211409979478333, -1.143565211727035846, 13.62426903562125879 ) ) ;
#2518 = CARTESIAN_POINT ( 'NONE',  ( 131.9143194328747484, 15.74988910693751443, 15.23819227556335321 ) ) ;
#2519 = AXIS2_PLACEMENT_3D ( 'NONE', #730, #2717, #753 ) ;
#2520 = VERTEX_POINT ( 'NONE', #1315 ) ;
#2521 = DIRECTION ( 'NONE',  ( 0.000000000000000000, 1.000000000000000000, 0.000000000000000000 ) ) ;
#2522 = AXIS2_PLACEMENT_3D ( 'NONE', #236, #1537, #451 ) ;
#2523 = DIRECTION ( 'NONE',  ( 0.000000000000000000, -1.000000000000000000, -0.000000000000000000 ) ) ;
#2524 = CARTESIAN_POINT ( 'NONE',  ( 110.0571231222855886, 0.3400080376369344903, 6.754441877973516029 ) ) ;
#2525 = EDGE_CURVE ( 'NONE', #1055, #2418, #1722, .T. ) ;
#2526 = CARTESIAN_POINT ( 'NONE',  ( 149.6400405280754740, -9.912378441609552837, 15.51633337431111492 ) ) ;
#2527 = DIRECTION ( 'NONE',  ( -0.03263195623215420921, 0.9994674359039732447, 0.000000000000000000 ) ) ;
#2528 = CARTESIAN_POINT ( 'NONE',  ( 149.3519358227039220, 9.508195648614405471, 16.28271734939194815 ) ) ;
#2529 = CARTESIAN_POINT ( 'NONE',  ( 109.9998163342939108, 0.9721988862520554164, 6.999930955035995161 ) ) ;
#2530 = EDGE_CURVE ( 'NONE', #1333, #2713, #1551, .T. ) ;
#2531 = CARTESIAN_POINT ( 'NONE',  ( 106.8286440479352706, 0.4881124494960821791, 6.861276131479146834 ) ) ;
#2532 = AXIS2_PLACEMENT_3D ( 'NONE', #95, #1395, #2503 ) ;
#2533 = PLANE ( 'NONE',  #279 ) ;
#2534 = CARTESIAN_POINT ( 'NONE',  ( 107.8301614706124525, 0.003517875563134353119, 6.257423283932453728 ) ) ;
#2535 = ORIENTED_EDGE ( 'NONE', *, *, #2620, .F. ) ;
#2536 = CARTESIAN_POINT ( 'NONE',  ( 111.9835697350383867, 0.09894292096099442657, 7.110496954436128725 ) ) ;
#2537 = EDGE_CURVE ( 'NONE', #1828, #2074, #970, .T. ) ;
#2538 = CARTESIAN_POINT ( 'NONE',  ( 1.496547972348959865, 18.73566319573159333, 0.3965052064026103884 ) ) ;
#2539 = AXIS2_PLACEMENT_3D ( 'NONE', #467, #919, #2642 ) ;
#2540 = CC_DESIGN_PERSON_AND_ORGANIZATION_ASSIGNMENT ( #524, #1823, ( #935 ) ) ;
#2541 = CARTESIAN_POINT ( 'NONE',  ( 146.9526503818007939, -8.047637791034112809, 19.82318590585736473 ) ) ;
#2542 = DIRECTION ( 'NONE',  ( 0.000000000000000000, 0.000000000000000000, -1.000000000000000000 ) ) ;
#2543 = DIRECTION ( 'NONE',  ( 1.000000000000000000, 0.000000000000000000, 0.000000000000000000 ) ) ;
#2544 = DIRECTION ( 'NONE',  ( -0.9999759799133167704, 0.006931060265350843901, 0.000000000000000000 ) ) ;
#2545 = ORIENTED_EDGE ( 'NONE', *, *, #1919, .F. ) ;
#2546 = ORIENTED_EDGE ( 'NONE', *, *, #1250, .T. ) ;
#2547 = ADVANCED_FACE ( 'NONE', ( #1505 ), #1581, .T. ) ;
#2548 = LINE ( 'NONE', #856, #1971 ) ;
#2549 = DIRECTION ( 'NONE',  ( 0.9360434818771451448, 0.000000000000000000, 0.3518843560536762949 ) ) ;
#2550 = DIRECTION ( 'NONE',  ( 0.000000000000000000, 1.000000000000000000, 0.000000000000000000 ) ) ;
#2551 = CARTESIAN_POINT ( 'NONE',  ( 110.2316599924820650, 0.6840554423654870986, 7.012652866509253791 ) ) ;
#2552 = CARTESIAN_POINT ( 'NONE',  ( 113.5084141579130375, 0.7225152115938510144, 8.294100328474746320 ) ) ;
#2553 = CARTESIAN_POINT ( 'NONE',  ( 111.5964268734977196, 0.07447411999853087439, 6.866388493218003042 ) ) ;
#2554 = CARTESIAN_POINT ( 'NONE',  ( 147.4992961041498631, 10.35292779324920609, 20.02214867748137195 ) ) ;
#2555 = CARTESIAN_POINT ( 'NONE',  ( 106.3649126752824969, 1.040709380695132413, 7.000000000000006217 ) ) ;
#2556 = CARTESIAN_POINT ( 'NONE',  ( 107.7976269828415781, 0.9999999999999820144, 5.999999999999984013 ) ) ;
#2557 = ORIENTED_EDGE ( 'NONE', *, *, #2061, .T. ) ;
#2558 = LINE ( 'NONE', #2782, #142 ) ;
#2559 = DIRECTION ( 'NONE',  ( 1.000000000000000000, -1.734723475976805517E-15, 0.000000000000000000 ) ) ;
#2560 = PLANE ( 'NONE',  #509 ) ;
#2561 = CARTESIAN_POINT ( 'NONE',  ( 106.3537786114944481, 0.9222037237173246194, 6.999800685751507601 ) ) ;
#2562 = ORIENTED_EDGE ( 'NONE', *, *, #1974, .T. ) ;
#2563 = CARTESIAN_POINT ( 'NONE',  ( 109.7179268756615613, 0.002813358793385429581, 1.011544616471215186 ) ) ;
#2564 = CARTESIAN_POINT ( 'NONE',  ( 113.3216381486787014, 0.04653744601556054905, 7.180898741967658871 ) ) ;
#2565 = CARTESIAN_POINT ( 'NONE',  ( 125.6042084890086272, -1.649741895921985169, 11.79984876500877533 ) ) ;
#2566 = AXIS2_PLACEMENT_3D ( 'NONE', #136, #1896, #1027 ) ;
#2567 = CARTESIAN_POINT ( 'NONE',  ( 107.5496060052753080, 0.2612916244206755501, 6.678994401539722681 ) ) ;
#2568 = ADVANCED_FACE ( 'NONE', ( #2686 ), #1195, .T. ) ;
#2569 = CARTESIAN_POINT ( 'NONE',  ( 146.6007660257471343, -9.999999999999998224, 20.75922938773446802 ) ) ;
#2570 = CARTESIAN_POINT ( 'NONE',  ( 113.1098229628646834, 0.2951715370864252397, 7.898037404336434086 ) ) ;
#2571 = CARTESIAN_POINT ( 'NONE',  ( 1.017519744401146564, 19.26016043152043267, 1.493226378986386882 ) ) ;
#2572 = CARTESIAN_POINT ( 'NONE',  ( 133.4118051967767258, -1.970541082310126368, 8.521200222065498764 ) ) ;
#2573 = CARTESIAN_POINT ( 'NONE',  ( 110.1834106557368642, 0.04062809819006807377, 6.000602840071086241 ) ) ;
#2574 = CIRCLE ( 'NONE', #1353, 1.000000000000004219 ) ;
#2575 = ADVANCED_FACE ( 'NONE', ( #738 ), #2380, .T. ) ;
#2576 = ORIENTED_EDGE ( 'NONE', *, *, #426, .F. ) ;
#2577 = CARTESIAN_POINT ( 'NONE',  ( 110.1656931626172025, -9.999999999999998224, 0.06030737921409665137 ) ) ;
#2578 = CARTESIAN_POINT ( 'NONE',  ( 110.1333125729694729, 0.8474961408458744350, 7.009759572390077409 ) ) ;
#2579 = DIRECTION ( 'NONE',  ( -1.000000000000000000, 0.000000000000000000, -4.954937092193131864E-16 ) ) ;
#2580 = EDGE_LOOP ( 'NONE', ( #1782, #1826, #1872 ) ) ;
#2581 = ORIENTED_EDGE ( 'NONE', *, *, #1380, .T. ) ;
#2582 = ADVANCED_FACE ( 'NONE', ( #2487 ), #2497, .T. ) ;
#2583 = CARTESIAN_POINT ( 'NONE',  ( 2.607305765700781652, 1.012892176783896092, 0.01933826517584499860 ) ) ;
#2584 = CARTESIAN_POINT ( 'NONE',  ( 109.6360297657336957, 20.00000000000000000, 1.000000000000014655 ) ) ;
#2585 = CARTESIAN_POINT ( 'NONE',  ( 126.9999955605723443, -1.004005059776560849, 13.39076347046506221 ) ) ;
#2586 = CARTESIAN_POINT ( 'NONE',  ( 109.9568590391846499, 19.14627868520234344, 7.023705936299253771 ) ) ;
#2587 = DIRECTION ( 'NONE',  ( 0.000000000000000000, 1.000000000000000000, 0.000000000000000000 ) ) ;
#2588 = CARTESIAN_POINT ( 'NONE',  ( 123.0892855075457248, 18.92474429310603057, 10.85040563589703133 ) ) ;
#2589 = VERTEX_POINT ( 'NONE', #2328 ) ;
#2590 = APPLICATION_PROTOCOL_DEFINITION ( 'international standard', 'config_control_design', 1994, #1235 ) ;
#2591 = CARTESIAN_POINT ( 'NONE',  ( 109.1737518888192113, 0.05080276667944088470, 6.195313776692083607 ) ) ;
#2592 = CARTESIAN_POINT ( 'NONE',  ( 106.3647230434517894, 0.9973943710621530068, 6.999996605343163480 ) ) ;
#2593 = CARTESIAN_POINT ( 'NONE',  ( 110.1557333258209468, 0.8201358946337792277, 7.013680890035902671 ) ) ;
#2594 = CARTESIAN_POINT ( 'NONE',  ( 144.2299480809764702, 11.35089753899441511, 19.86797405401523875 ) ) ;
#2595 = ORIENTED_EDGE ( 'NONE', *, *, #880, .F. ) ;
#2596 = ORIENTED_EDGE ( 'NONE', *, *, #1737, .F. ) ;
#2597 = CARTESIAN_POINT ( 'NONE',  ( 2.803648237606791938, 2.633728631076511789E-16, 1.000000000004059419 ) ) ;
#2598 = CARTESIAN_POINT ( 'NONE',  ( 122.6273873871444664, -1.084511223381316780, 10.68046334041173040 ) ) ;
#2599 = CARTESIAN_POINT ( 'NONE',  ( 122.2822403446725588, -0.07205887981108781426, 11.61723020165088016 ) ) ;
#2600 = EDGE_LOOP ( 'NONE', ( #1593, #1026, #159, #2218, #968 ) ) ;
#2601 = CARTESIAN_POINT ( 'NONE',  ( 113.1143353405732626, 0.3016513197200180740, 7.903108611886729307 ) ) ;
#2602 = CARTESIAN_POINT ( 'NONE',  ( 106.3649126752824969, 0.9991314557922141848, 7.000000000000007105 ) ) ;
#2603 = CARTESIAN_POINT ( 'NONE',  ( 130.2150677088085899, 17.30729698125540850, 13.52851185674977330 ) ) ;
#2604 = DIRECTION ( 'NONE',  ( -0.02990262109231478505, 0.9995528166394257452, 0.000000000000000000 ) ) ;
#2605 = ORIENTED_EDGE ( 'NONE', *, *, #455, .F. ) ;
#2606 = CARTESIAN_POINT ( 'NONE',  ( 110.5820378449176076, 0.04143412520413924938, 6.242431059924046011 ) ) ;
#2607 = CARTESIAN_POINT ( 'NONE',  ( 113.3710955675927892, 0.4365944213817319342, 8.117432354015056362 ) ) ;
#2608 = CARTESIAN_POINT ( 'NONE',  ( 109.7611252808974882, 18.99997736292632311, 0.000000000000000000 ) ) ;
#2609 = ORIENTED_EDGE ( 'NONE', *, *, #2530, .T. ) ;
#2610 = CARTESIAN_POINT ( 'NONE',  ( 2.131386648086579516, 19.49223010685393831, 6.879942601715846706 ) ) ;
#2611 = CARTESIAN_POINT ( 'NONE',  ( 106.3879929170693686, 19.06893523952720315, 7.000000000000006217 ) ) ;
#2612 = CARTESIAN_POINT ( 'NONE',  ( 116.2349590846822451, -0.1738630264089958688, 8.276552679588911943 ) ) ;
#2613 = ORIENTED_EDGE ( 'NONE', *, *, #150, .T. ) ;
#2614 = CARTESIAN_POINT ( 'NONE',  ( 109.9604033050437408, 19.09977673449109759, 7.022782570564704230 ) ) ;
#2615 = DIRECTION ( 'NONE',  ( 0.000000000000000000, -0.6201687182373413210, -0.7844684575684693906 ) ) ;
#2616 = DIRECTION ( 'NONE',  ( 0.000000000000000000, 0.000000000000000000, -1.000000000000000000 ) ) ;
#2617 = AXIS2_PLACEMENT_3D ( 'NONE', #2330, #1236, #1297 ) ;
#2618 = CARTESIAN_POINT ( 'NONE',  ( 106.3652026147251632, 18.96217762314257982, 7.000000000000006217 ) ) ;
#2619 = CIRCLE ( 'NONE', #2522, 1.000000000000000888 ) ;
#2620 = EDGE_CURVE ( 'NONE', #2674, #704, #86, .T. ) ;
#2621 = SPHERICAL_SURFACE ( 'NONE', #1545, 1.000000000000000000 ) ;
#2622 = CARTESIAN_POINT ( 'NONE',  ( 113.4025997963560286, 1.000000000000000000, 8.279130362457102876 ) ) ;
#2623 = CARTESIAN_POINT ( 'NONE',  ( 0.000000000000000000, 17.00000000000000000, 3.000000000000000000 ) ) ;
#2624 = CIRCLE ( 'NONE', #2709, 1.000000000000000000 ) ;
#2625 = VERTEX_POINT ( 'NONE', #1634 ) ;
#2626 = CARTESIAN_POINT ( 'NONE',  ( 147.5368095076242696, -9.999999999999998224, 21.11111374378814176 ) ) ;
#2627 = CARTESIAN_POINT ( 'NONE',  ( 133.4009354777575709, -1.967797664551456771, 8.517243967887713652 ) ) ;
#2628 = VERTEX_POINT ( 'NONE', #377 ) ;
#2629 = CIRCLE ( 'NONE', #1231, 0.9999999999999998890 ) ;
#2630 = CARTESIAN_POINT ( 'NONE',  ( 109.8244100512911814, 19.99993095563820233, 1.000268257709581388 ) ) ;
#2631 = FACE_OUTER_BOUND ( 'NONE', #617, .T. ) ;
#2632 = CARTESIAN_POINT ( 'NONE',  ( 3.000000000000000888, 6.599999999999998757, 9.501000000000017209 ) ) ;
#2633 = VERTEX_POINT ( 'NONE', #2751 ) ;
#2634 = CARTESIAN_POINT ( 'NONE',  ( 1.242640687119288323, 1.000000000000001110, 2.152144457471159282E-16 ) ) ;
#2635 = CARTESIAN_POINT ( 'NONE',  ( 108.5971659005756891, 0.3009400571159820958, 6.728204295988180483 ) ) ;
#2636 = ORIENTED_EDGE ( 'NONE', *, *, #2240, .T. ) ;
#2637 = ORIENTED_EDGE ( 'NONE', *, *, #543, .T. ) ;
#2638 = CARTESIAN_POINT ( 'NONE',  ( 2.033353018320507744, 0.1532216889614815836, 1.102147792640976620 ) ) ;
#2639 = CARTESIAN_POINT ( 'NONE',  ( 146.8181844261283118, -7.977415231941453300, 14.46490098333067209 ) ) ;
#2640 = EDGE_LOOP ( 'NONE', ( #632, #1040, #1114, #170, #1715 ) ) ;
#2641 = CARTESIAN_POINT ( 'NONE',  ( 107.8161785944026718, 20.00000000000000000, 6.000000000000019540 ) ) ;
#2642 = DIRECTION ( 'NONE',  ( 0.9360434818771672383, -5.204170427930381051E-15, 0.3518843560536181192 ) ) ;
#2643 =( BOUNDED_SURFACE ( )  B_SPLINE_SURFACE ( 3, 2, ( 
 ( #2573, #2087, #120 ),
 ( #1675, #1908, #609 ),
 ( #2363, #1921, #1705 ),
 ( #2591, #625, #2794 ),
 ( #848, #1854, #564 ),
 ( #2311, #1445, #2553 ),
 ( #160, #815, #1261 ),
 ( #2124, #2749, #800 ),
 ( #103, #1839, #2536 ),
 ( #777, #345, #1645 ),
 ( #1230, #1243, #2499 ),
 ( #359, #2734, #1205 ),
 ( #2096, #2524, #1035 ),
 ( #1020, #575, #2711 ),
 ( #2722, #1631, #2512 ),
 ( #762, #130, #2067 ),
 ( #2082, #2326, #2110 ),
 ( #1658, #1459, #1890 ),
 ( #1416, #146, #2763 ),
 ( #1622, #535, #549 ) ),
 .UNSPECIFIED., .F., .F., .F. ) 
 B_SPLINE_SURFACE_WITH_KNOTS ( ( 4, 2, 2, 2, 2, 2, 2, 2, 2, 4 ),
 ( 3, 3 ),
 ( -4.279198900428378730E-05, 0.003078286128553605217, 0.006199364246111494642, 0.007759903304890439571, 0.009320442363669384500, 0.01010071189305885610, 0.01029577927540622356, 0.01049084665775359276, 0.01088098142244832769, 0.01244152048122727262 ),
 ( 0.000000000000000000, 1.000000000000000000 ),
 .UNSPECIFIED. ) 
 GEOMETRIC_REPRESENTATION_ITEM ( )  RATIONAL_B_SPLINE_SURFACE ( (
 ( 1.000000000000000000, 1.000000000000000000, 1.000000000000000000),
 ( 1.000000000000000000, 1.000000693825392251, 1.000000000000000000),
 ( 1.000000000000000000, 0.9997691697372229624, 1.000000000000000000),
 ( 1.000000000000000000, 0.9989004543908560629, 1.000000000000000000),
 ( 1.000000000000000000, 0.9982629012298445126, 1.000000000000000000),
 ( 1.000000000000000000, 0.9970692872234900861, 1.000000000000000000),
 ( 1.000000000000000000, 0.9966301413824050215, 1.000000000000000000),
 ( 1.000000000000000000, 0.9956980490281259755, 1.000000000000000000),
 ( 1.000000000000000000, 0.9952060640451335649, 1.000000000000000000),
 ( 1.000000000000000000, 0.9944430912636292863, 1.000000000000000000),
 ( 1.000000000000000000, 0.9941845951826490113, 1.000000000000000000),
 ( 1.000000000000000000, 0.9938576621788677290, 1.000000000000000000),
 ( 1.000000000000000000, 0.9937920848022652187, 1.000000000000000000),
 ( 1.000000000000000000, 0.9936605830202280831, 1.000000000000000000),
 ( 1.000000000000000000, 0.9935926556792290532, 1.000000000000000000),
 ( 1.000000000000000000, 0.9934188012160456438, 1.000000000000000000),
 ( 1.000000000000000000, 0.9933024520505806532, 1.000000000000000000),
 ( 1.000000000000000000, 0.9927189031029114430, 1.000000000000000000),
 ( 1.000000000000000000, 0.9922463020001189848, 1.000000000000000000),
 ( 1.000000000000000000, 0.9917733153127719081, 1.000000000000000000) ) ) 
 REPRESENTATION_ITEM ( '' )  SURFACE ( )  );
#2644 = CARTESIAN_POINT ( 'NONE',  ( 148.7083515827920621, 9.501908822039654368, 15.15286556612327296 ) ) ;
#2645 = SECURITY_CLASSIFICATION ( '', '', #2053 ) ;
#2646 = EDGE_CURVE ( 'NONE', #989, #1306, #1661, .T. ) ;
#2647 = CARTESIAN_POINT ( 'NONE',  ( 109.4638458652562178, 19.97109433230304276, 6.216131546032132249 ) ) ;
#2648 = CARTESIAN_POINT ( 'NONE',  ( 109.9986739337298474, 18.92502530965099439, 7.000000000000636824 ) ) ;
#2649 = ORIENTED_EDGE ( 'NONE', *, *, #2157, .F. ) ;
#2650 = DIRECTION ( 'NONE',  ( 0.000000000000000000, 0.000000000000000000, -1.000000000000000000 ) ) ;
#2651 = VERTEX_POINT ( 'NONE', #393 ) ;
#2652 = CARTESIAN_POINT ( 'NONE',  ( 109.6985775169881094, 19.00000000001605827, 1.301042606982605321E-15 ) ) ;
#2653 = CARTESIAN_POINT ( 'NONE',  ( 109.6174781541736394, 1.000000000000000000, 1.000000000000000000 ) ) ;
#2654 = CARTESIAN_POINT ( 'NONE',  ( 8.000000000000000000, 0.000000000000000000, 6.000000000000019540 ) ) ;
#2655 = ORIENTED_EDGE ( 'NONE', *, *, #2321, .T. ) ;
#2656 = ADVANCED_FACE ( 'NONE', ( #118 ), #578, .T. ) ;
#2657 = TOROIDAL_SURFACE ( 'NONE', #2391, 1.250000000000001776, 0.2500000000000000000 ) ;
#2658 = LINE ( 'NONE', #269, #2789 ) ;
#2659 = CARTESIAN_POINT ( 'NONE',  ( 131.1917292807526110, -2.143090290290422750, 8.777336443297429014 ) ) ;
#2660 = ORIENTED_EDGE ( 'NONE', *, *, #1514, .F. ) ;
#2661 = DIRECTION ( 'NONE',  ( 0.000000000000000000, 1.000000000000000000, 0.000000000000000000 ) ) ;
#2662 = CARTESIAN_POINT ( 'NONE',  ( 142.3821263252314395, -5.827574054849200103, 12.85030787710743816 ) ) ;
#2663 = EDGE_CURVE ( 'NONE', #2625, #1278, #956, .T. ) ;
#2664 = VECTOR ( 'NONE', #1041, 1000.000000000000000 ) ;
#2665 = CARTESIAN_POINT ( 'NONE',  ( 0.000000000000000000, 3.000000000000000000, 4.000000000000006217 ) ) ;
#2666 = CC_DESIGN_PERSON_AND_ORGANIZATION_ASSIGNMENT ( #1193, #2001, ( #305 ) ) ;
#2667 = CARTESIAN_POINT ( 'NONE',  ( 3.000000000000000888, 0.000000000000000000, 9.501000000000002998 ) ) ;
#2668 = CARTESIAN_POINT ( 'NONE',  ( 5.499000000000000554, -7.810249675906655753, 9.501000000000018986 ) ) ;
#2669 = ORIENTED_EDGE ( 'NONE', *, *, #444, .T. ) ;
#2670 = PERSON_AND_ORGANIZATION ( #1963, #1587 ) ;
#2671 = CARTESIAN_POINT ( 'NONE',  ( 109.9707644902422317, 19.39482055758376333, 6.972753368776154481 ) ) ;
#2672 = CARTESIAN_POINT ( 'NONE',  ( 146.6243280140667764, 12.28717291915326548, 13.33016524711235284 ) ) ;
#2673 = CARTESIAN_POINT ( 'NONE',  ( 139.3960761476124333, -5.340902564732855851, 16.98607891619240817 ) ) ;
#2674 = VERTEX_POINT ( 'NONE', #608 ) ;
#2675 = CARTESIAN_POINT ( 'NONE',  ( 118.4582331283673824, -0.2478815998262668685, 3.078545093225061535 ) ) ;
#2676 = CARTESIAN_POINT ( 'NONE',  ( 118.5040443995790866, 19.48783438910446719, 10.19690297015058533 ) ) ;
#2677 = DIRECTION ( 'NONE',  ( 0.7613763160049169532, -0.5817069397674097253, 0.2862221893096619785 ) ) ;
#2678 = CIRCLE ( 'NONE', #2539, 1.000000000000007772 ) ;
#2679 = CARTESIAN_POINT ( 'NONE',  ( 133.1841186882511749, 16.53735983485401917, 14.64449067940329208 ) ) ;
#2680 = CARTESIAN_POINT ( 'NONE',  ( 8.000000000000007105, 19.00000000000000000, 7.000000000000006217 ) ) ;
#2681 = VECTOR ( 'NONE', #2785, 1000.000000000000000 ) ;
#2682 = EDGE_CURVE ( 'NONE', #1106, #1072, #1492, .T. ) ;
#2683 = SHAPE_DEFINITION_REPRESENTATION ( #1342, #2511 ) ;
#2684 = CC_DESIGN_APPROVAL ( #2159, ( #305 ) ) ;
#2685 = FACE_OUTER_BOUND ( 'NONE', #1266, .T. ) ;
#2686 = FACE_OUTER_BOUND ( 'NONE', #2168, .T. ) ;
#2687 = ORIENTED_EDGE ( 'NONE', *, *, #949, .F. ) ;
#2688 = CARTESIAN_POINT ( 'NONE',  ( 136.3039534892571680, -3.386431822489277543, 16.88837582274621596 ) ) ;
#2689 = CARTESIAN_POINT ( 'NONE',  ( 1.707106781187911038, 0.2928932188128021696, 6.707106781187396116 ) ) ;
#2690 = EDGE_CURVE ( 'NONE', #1196, #1333, #291, .T. ) ;
#2691 = AXIS2_PLACEMENT_3D ( 'NONE', #1958, #2829, #472 ) ;
#2692 = CARTESIAN_POINT ( 'NONE',  ( 122.3812018429991753, 17.97426856483480861, 11.65443253657117495 ) ) ;
#2693 = CARTESIAN_POINT ( 'NONE',  ( 3.000000000000000888, -7.810249675906655753, 9.501000000000002998 ) ) ;
#2694 = CARTESIAN_POINT ( 'NONE',  ( 140.2279390151498433, 14.32471323416439013, 17.29134667100963441 ) ) ;
#2695 = EDGE_CURVE ( 'NONE', #2625, #637, #2629, .T. ) ;
#2696 = DIRECTION ( 'NONE',  ( -1.000000000000000000, 0.000000000000000000, 0.000000000000000000 ) ) ;
#2697 = ORIENTED_EDGE ( 'NONE', *, *, #1345, .F. ) ;
#2698 = PERSON_AND_ORGANIZATION_ROLE ( 'classification_officer' ) ;
#2699 = CARTESIAN_POINT ( 'NONE',  ( 148.4739276611900038, -8.058822669345707013, 18.61829664549084029 ) ) ;
#2700 = EDGE_CURVE ( 'NONE', #1889, #1520, #2823, .T. ) ;
#2701 = CARTESIAN_POINT ( 'NONE',  ( 136.6511837637715416, 16.04146992120846704, 10.76441537044594021 ) ) ;
#2702 = CARTESIAN_POINT ( 'NONE',  ( 133.4968779629939775, 16.89608991089573919, 9.616341949191197003 ) ) ;
#2703 = AXIS2_PLACEMENT_3D ( 'NONE', #2104, #810, #2549 ) ;
#2704 = CARTESIAN_POINT ( 'NONE',  ( 133.0052752356178303, 16.73537762227809367, 15.20246541475383317 ) ) ;
#2705 = VECTOR ( 'NONE', #155, 1000.000000000000000 ) ;
#2706 = DIRECTION ( 'NONE',  ( 0.3420201433256690460, 0.000000000000000000, -0.9396926207859083169 ) ) ;
#2707 = CARTESIAN_POINT ( 'NONE',  ( 8.000000000000007105, 0.000000000000000000, 6.000000000000006217 ) ) ;
#2708 = CARTESIAN_POINT ( 'NONE',  ( 110.9979396675588248, 0.2561840602448937076, 7.050777294661717320 ) ) ;
#2709 = AXIS2_PLACEMENT_3D ( 'NONE', #1495, #1679, #2116 ) ;
#2710 = DIRECTION ( 'NONE',  ( 4.954937092193131864E-16, 0.000000000000000000, -1.000000000000000000 ) ) ;
#2711 = CARTESIAN_POINT ( 'NONE',  ( 112.2469091463638051, 0.1222652618801586544, 7.280021096273152637 ) ) ;
#2712 = CARTESIAN_POINT ( 'NONE',  ( 3.000000000000002665, 20.00000000000000000, 6.000000000000019540 ) ) ;
#2713 = VERTEX_POINT ( 'NONE', #2809 ) ;
#2714 = CARTESIAN_POINT ( 'NONE',  ( 145.2245398538002235, -7.154458503334129027, 20.24186831458366953 ) ) ;
#2715 = VECTOR ( 'NONE', #2706, 1000.000000000000114 ) ;
#2716 = VERTEX_POINT ( 'NONE', #1969 ) ;
#2717 = DIRECTION ( 'NONE',  ( 0.000000000000000000, 0.000000000000000000, 1.000000000000000000 ) ) ;
#2718 = CARTESIAN_POINT ( 'NONE',  ( 127.6951004178148992, 16.81350588601594254, 13.65207240516333442 ) ) ;
#2719 = CARTESIAN_POINT ( 'NONE',  ( 8.000000000000000000, -7.810249675906655753, 6.000000000000019540 ) ) ;
#2720 = DIRECTION ( 'NONE',  ( 0.000000000000000000, 0.000000000000000000, 1.000000000000000000 ) ) ;
#2721 = EDGE_LOOP ( 'NONE', ( #1311, #1807 ) ) ;
#2722 = CARTESIAN_POINT ( 'NONE',  ( 107.8101776961948275, 0.1196597318017057071, 6.474465808134313605 ) ) ;
#2723 = CARTESIAN_POINT ( 'NONE',  ( 111.0423828738232714, 19.92610197482760981, 6.644520109251801365 ) ) ;
#2724 = CARTESIAN_POINT ( 'NONE',  ( 131.7781745664655091, -1.566504953067384465, 7.926607298846689353 ) ) ;
#2725 = ORIENTED_EDGE ( 'NONE', *, *, #1092, .T. ) ;
#2726 = EDGE_CURVE ( 'NONE', #1131, #2651, #1670, .T. ) ;
#2727 =( BOUNDED_CURVE ( )  B_SPLINE_CURVE ( 3, ( #200, #612, #1465, #2741 ),
 .UNSPECIFIED., .F., .T. ) 
 B_SPLINE_CURVE_WITH_KNOTS ( ( 4, 4 ),
 ( 1.570796326794896780, 3.141592653589793116 ),
 .UNSPECIFIED. ) 
 CURVE ( )  GEOMETRIC_REPRESENTATION_ITEM ( )  RATIONAL_B_SPLINE_CURVE ( ( 1.000000000000000000, 0.8047378541243650485, 0.8047378541243650485, 1.000000000000000000 ) ) 
 REPRESENTATION_ITEM ( '' )  );
#2728 = CARTESIAN_POINT ( 'NONE',  ( 131.1218800645692681, -1.990025680704792688, 14.94029263497338533 ) ) ;
#2729 = CARTESIAN_POINT ( 'NONE',  ( 116.0775312717301375, 19.72664531794436016, 9.284710293223344735 ) ) ;
#2730 = CARTESIAN_POINT ( 'NONE',  ( 109.4194831494763349, 0.2295761634841979593, 6.711582349018471838 ) ) ;
#2731 = EDGE_CURVE ( 'NONE', #1072, #1614, #676, .T. ) ;
#2732 = CARTESIAN_POINT ( 'NONE',  ( 109.7874909846004101, 0.3356896432701362287, 6.929736164962970513 ) ) ;
#2733 = ORIENTED_EDGE ( 'NONE', *, *, #1191, .F. ) ;
#2734 = CARTESIAN_POINT ( 'NONE',  ( 110.0576929939983444, 0.3369715750359636441, 6.751472964696352719 ) ) ;
#2735 = EDGE_CURVE ( 'NONE', #1169, #166, #2092, .T. ) ;
#2736 = DIRECTION ( 'NONE',  ( -0.0003875443932753853764, 0.01186989827671868815, 0.9999294751752464405 ) ) ;
#2737 = CARTESIAN_POINT ( 'NONE',  ( 136.6712169496749141, -2.824868183189261472, 9.707529081337868959 ) ) ;
#2738 = VERTEX_POINT ( 'NONE', #456 ) ;
#2739 = CARTESIAN_POINT ( 'NONE',  ( 3.000000000000002665, 0.000000000000000000, 4.000000000000006217 ) ) ;
#2740 = ORIENTED_EDGE ( 'NONE', *, *, #785, .F. ) ;
#2741 = CARTESIAN_POINT ( 'NONE',  ( 3.000000000000002665, 0.000000000000000000, 1.000000000000000000 ) ) ;
#2742 = DIRECTION ( 'NONE',  ( 0.000000000000000000, 0.000000000000000000, 1.000000000000000000 ) ) ;
#2743 = AXIS2_PLACEMENT_3D ( 'NONE', #2322, #1177, #745 ) ;
#2744 = DIRECTION ( 'NONE',  ( 1.000000000000000000, -0.000000000000000000, -0.000000000000000000 ) ) ;
#2745 = AXIS2_PLACEMENT_3D ( 'NONE', #2205, #1136, #61 ) ;
#2746 = LINE ( 'NONE', #546, #1927 ) ;
#2747 = ADVANCED_FACE ( 'NONE', ( #240 ), #1312, .T. ) ;
#2748 = ORIENTED_EDGE ( 'NONE', *, *, #543, .F. ) ;
#2749 = CARTESIAN_POINT ( 'NONE',  ( 110.0759078632841153, 0.2506657188931371016, 6.654200829207947088 ) ) ;
#2750 = CARTESIAN_POINT ( 'NONE',  ( 110.0917359582193740, 19.87498980831352924, 6.502959674715508953 ) ) ;
#2751 = CARTESIAN_POINT ( 'NONE',  ( 1.707106781187911038, 0.2928932188128021696, 6.707106781187396116 ) ) ;
#2752 = DIRECTION ( 'NONE',  ( 1.000000000000000000, 0.000000000000000000, 0.000000000000000000 ) ) ;
#2753 = ORIENTED_EDGE ( 'NONE', *, *, #765, .T. ) ;
#2754 = CYLINDRICAL_SURFACE ( 'NONE', #2566, 1.000000000000000000 ) ;
#2755 = FACE_OUTER_BOUND ( 'NONE', #1109, .T. ) ;
#2756 = EDGE_LOOP ( 'NONE', ( #2562, #1547, #680 ) ) ;
#2757 = DIRECTION ( 'NONE',  ( -0.000000000000000000, 1.000000000000000000, -0.000000000000000000 ) ) ;
#2758 = LINE ( 'NONE', #2134, #2705 ) ;
#2759 = EDGE_CURVE ( 'NONE', #2628, #637, #221, .T. ) ;
#2760 = CARTESIAN_POINT ( 'NONE',  ( 112.5513943275454380, 0.1585229760157939316, 7.481283546190875100 ) ) ;
#2761 = CARTESIAN_POINT ( 'NONE',  ( 107.3371803686011532, 19.61192392988494504, 6.791673954991952478 ) ) ;
#2762 = ORIENTED_EDGE ( 'NONE', *, *, #1321, .F. ) ;
#2763 = CARTESIAN_POINT ( 'NONE',  ( 112.4887249738343513, 0.1495202028090799051, 7.438990414870829682 ) ) ;
#2764 = CARTESIAN_POINT ( 'NONE',  ( 2.803648237606790605, 18.99999999999636557, 2.633728631076503408E-16 ) ) ;
#2765 = CIRCLE ( 'NONE', #1539, 20.00000000000000000 ) ;
#2766 = CARTESIAN_POINT ( 'NONE',  ( 113.5495984286437476, 19.99710712753671871, 1.291948171519750499 ) ) ;
#2767 = CARTESIAN_POINT ( 'NONE',  ( 107.8264114977261414, 0.1183738699775608860, 6.471069865928523512 ) ) ;
#2768 = DIRECTION ( 'NONE',  ( -0.03263195623216808006, 0.9994674359039728007, 0.000000000000000000 ) ) ;
#2769 = CARTESIAN_POINT ( 'NONE',  ( 106.4810713638772199, 0.7122143360376126386, 6.957920364613372044 ) ) ;
#2770 = CARTESIAN_POINT ( 'NONE',  ( 106.3647230434518036, 0.9452817923051529680, 26.99992871220630875 ) ) ;
#2771 = LOCAL_TIME ( 20, 59, 9.000000000000000000, #2255 ) ;
#2772 = CARTESIAN_POINT ( 'NONE',  ( 109.7857490250056429, 0.004931087018762459265, 1.011213545331345776 ) ) ;
#2773 = CARTESIAN_POINT ( 'NONE',  ( 131.8179997513900616, -3.100099776827210274, 14.13626731809368486 ) ) ;
#2774 = LINE ( 'NONE', #1258, #2438 ) ;
#2775 = CARTESIAN_POINT ( 'NONE',  ( 106.7544384682749126, 19.37277418918527516, 6.928085257171584743 ) ) ;
#2776 = EDGE_CURVE ( 'NONE', #2383, #2305, #1723, .T. ) ;
#2777 = CARTESIAN_POINT ( 'NONE',  ( 113.3660031741675738, 18.95668340191681267, 8.264993641983917172 ) ) ;
#2778 = DIRECTION ( 'NONE',  ( 0.000000000000000000, 1.000000000000000000, 0.000000000000000000 ) ) ;
#2779 = DIRECTION ( 'NONE',  ( 3.662532319652088234E-15, -1.000000000000000000, -9.742659615284434549E-15 ) ) ;
#2780 = CARTESIAN_POINT ( 'NONE',  ( 109.4098835015878706, 19.99634408621566450, 6.002485625610856523 ) ) ;
#2781 = ADVANCED_FACE ( 'NONE', ( #1115 ), #2621, .T. ) ;
#2782 = CARTESIAN_POINT ( 'NONE',  ( 3.000000000000002665, 0.000000000000000000, 6.000000000000019540 ) ) ;
#2783 = DIRECTION ( 'NONE',  ( 0.9360434818771460330, 5.204170427930416550E-15, 0.3518843560536742965 ) ) ;
#2784 = CARTESIAN_POINT ( 'NONE',  ( 110.1256746847985397, 0.8561365802623416288, 7.008385457728719459 ) ) ;
#2785 = DIRECTION ( 'NONE',  ( 0.000000000000000000, 1.000000000000000000, 0.000000000000000000 ) ) ;
#2786 = CARTESIAN_POINT ( 'NONE',  ( 3.000000000000006217, 4.336808689942017736E-16, 4.336808689942017736E-16 ) ) ;
#2787 = CARTESIAN_POINT ( 'NONE',  ( 130.2986309306802184, -2.716428141892658576, 13.56501149938791428 ) ) ;
#2788 = CARTESIAN_POINT ( 'NONE',  ( 147.8886938636779860, 9.539544568843192351, 20.17507026191102781 ) ) ;
#2789 = VECTOR ( 'NONE', #482, 1000.000000000000000 ) ;
#2790 = CARTESIAN_POINT ( 'NONE',  ( 112.7482922127303624, 0.1921497077953913668, 7.624215221015669286 ) ) ;
#2791 = FACE_OUTER_BOUND ( 'NONE', #2640, .T. ) ;
#2792 = CARTESIAN_POINT ( 'NONE',  ( 2.033353018320507744, 18.89785220735887350, 0.1532216889614815836 ) ) ;
#2793 = EDGE_LOOP ( 'NONE', ( #825, #464, #997, #1249, #96, #1005 ) ) ;
#2794 = CARTESIAN_POINT ( 'NONE',  ( 111.0767931488258711, 0.05319215718628596268, 6.544625339051727053 ) ) ;
#2795 = CIRCLE ( 'NONE', #518, 1.000000000000000000 ) ;
#2796 = EDGE_LOOP ( 'NONE', ( #266, #784, #2260, #2095 ) ) ;
#2797 = CARTESIAN_POINT ( 'NONE',  ( 148.7083515827915789, 9.501908822039926150, 15.15286556612313262 ) ) ;
#2798 = CARTESIAN_POINT ( 'NONE',  ( 106.3788522234631415, 0.8321075008877368839, 6.989258085364898676 ) ) ;
#2799 = CARTESIAN_POINT ( 'NONE',  ( 5.499000000000000554, 13.40000000000000213, 8.501000000000018986 ) ) ;
#2800 = EDGE_LOOP ( 'NONE', ( #1745, #2405 ) ) ;
#2801 = CARTESIAN_POINT ( 'NONE',  ( 0.3786408315590472640, 1.489143067042955293, 1.992762044695335355 ) ) ;
#2802 = CARTESIAN_POINT ( 'NONE',  ( 116.4364721313565809, -0.1941990455421991890, 8.352336311224268783 ) ) ;
#2803 = CARTESIAN_POINT ( 'NONE',  ( 115.8828597246832146, -0.1728598262885263914, 9.211527932291678766 ) ) ;
#2804 = ORIENTED_EDGE ( 'NONE', *, *, #2272, .F. ) ;
#2805 = CARTESIAN_POINT ( 'NONE',  ( 109.9642328246540757, 19.06784239930447455, 7.020496480615475043 ) ) ;
#2806 = CARTESIAN_POINT ( 'NONE',  ( 0.000000000000000000, 3.000000000000000000, 3.000000000000000000 ) ) ;
#2807 = CARTESIAN_POINT ( 'NONE',  ( 132.5724367009524087, 16.69970125091549207, 14.41456543612563124 ) ) ;
#2808 = ORIENTED_EDGE ( 'NONE', *, *, #2537, .F. ) ;
#2809 = CARTESIAN_POINT ( 'NONE',  ( 5.499000000000000554, 20.00000000000000000, 8.251000000000018986 ) ) ;
#2810 = LINE ( 'NONE', #597, #2664 ) ;
#2811 = CARTESIAN_POINT ( 'NONE',  ( 106.6297291183422971, 0.5951444667270159306, 6.915319288375206597 ) ) ;
#2812 = CARTESIAN_POINT ( 'NONE',  ( 106.3652025976682012, 18.96217650988832304, 7.000000000000009770 ) ) ;
#2813 = VERTEX_POINT ( 'NONE', #2156 ) ;
#2814 = AXIS2_PLACEMENT_3D ( 'NONE', #1058, #853, #1438 ) ;
#2815 = CARTESIAN_POINT ( 'NONE',  ( 2.033353018320507744, 1.102147792640976620, 0.1532216889614815836 ) ) ;
#2816 = CARTESIAN_POINT ( 'NONE',  ( 106.4324661959902727, 19.12728019054613426, 6.993190809623864190 ) ) ;
#2817 = CARTESIAN_POINT ( 'NONE',  ( 5.499000000000004107, 6.599999999999998757, 12.00000000000001066 ) ) ;
#2818 = ORIENTED_EDGE ( 'NONE', *, *, #2021, .T. ) ;
#2819 = AXIS2_PLACEMENT_3D ( 'NONE', #900, #1920, #2827 ) ;
#2820 = ADVANCED_FACE ( 'NONE', ( #1338 ), #1413, .T. ) ;
#2821 = CARTESIAN_POINT ( 'NONE',  ( 107.2154422925849957, 0.3521252516635832164, 6.762027502895547215 ) ) ;
#2822 = B_SPLINE_CURVE_WITH_KNOTS ( 'NONE', 3,
 ( #494, #453, #1336, #1739, #438, #238, #1126, #1113, #1967, #897, #1765, #1986, #690, #2430, #920, #469, #2210, #254, #1139, #2000 ),
 .UNSPECIFIED., .F., .F.,
 ( 4, 2, 2, 2, 2, 2, 2, 2, 2, 4 ),
 ( 0.000000000000000000, 0.002708602931443180022, 0.005417205862886360045, 0.01083441172577272009, 0.01354301465721589881, 0.01625161758865908274, 0.02166882345154544018, 0.02708602931443179762, 0.03250323517731816547, 0.04333764690309083178 ),
 .UNSPECIFIED. ) ;
#2823 = CIRCLE ( 'NONE', #588, 1.000000000000000888 ) ;
#2824 = DIRECTION ( 'NONE',  ( -1.000000000000000000, 0.000000000000000000, 0.000000000000000000 ) ) ;
#2825 = EDGE_CURVE ( 'NONE', #921, #2520, #6, .T. ) ;
#2826 = DIRECTION ( 'NONE',  ( 0.9396926207859334079, 0.000000000000000000, 0.3420201433256000456 ) ) ;
#2827 = DIRECTION ( 'NONE',  ( 0.000000000000000000, 0.000000000000000000, -1.000000000000000000 ) ) ;
#2828 = FACE_OUTER_BOUND ( 'NONE', #246, .T. ) ;
#2829 = DIRECTION ( 'NONE',  ( -0.000000000000000000, 1.000000000000000000, -0.000000000000000000 ) ) ;
#2830 = ORIENTED_EDGE ( 'NONE', *, *, #1430, .F. ) ;
#2831 = CARTESIAN_POINT ( 'NONE',  ( 1.017519744401137682, 1.493226378986386882, 0.7398395684795802119 ) ) ;
#2832 = DIRECTION ( 'NONE',  ( 0.000000000000000000, 0.000000000000000000, -1.000000000000000000 ) ) ;
#2833 = ORIENTED_EDGE ( 'NONE', *, *, #2085, .T. ) ;
#2834 = ORIENTED_EDGE ( 'NONE', *, *, #1566, .F. ) ;
#2835 = CARTESIAN_POINT ( 'NONE',  ( 149.6443950646691405, -8.081274705556772631, 15.50474992217694314 ) ) ;
ENDSEC;
END-ISO-10303-21;
