ISO-10303-21;
HEADER;
/* Generated by software containing ST-Developer
 * from STEP Tools, Inc. (www.steptools.com) 
 */

FILE_DESCRIPTION(
/* description */ (''),
/* implementation_level */ '2;1');

FILE_NAME(
/* name */ 'FullGlassesV1.step',
/* time_stamp */ '2026-09-04T22:15:25+03:00',
/* author */ (''),
/* organization */ (''),
/* preprocessor_version */ 'ST-DEVELOPER v20.1',
/* originating_system */ 'Autodesk Translation Framework v15.8.0.0',
/* authorisation */ '');

FILE_SCHEMA (('AUTOMOTIVE_DESIGN { 1 0 10303 214 3 1 1 }'));
ENDSEC;

DATA;
#10=MECHANICAL_DESIGN_GEOMETRIC_PRESENTATION_REPRESENTATION('',(#185,#186,
#187,#188),#8250);
#11=ITEM_DEFINED_TRANSFORMATION($,$,#2734,#3012);
#12=ITEM_DEFINED_TRANSFORMATION($,$,#2995,#3013);
#13=ITEM_DEFINED_TRANSFORMATION($,$,#2785,#3014);
#14=ITEM_DEFINED_TRANSFORMATION($,$,#2889,#3015);
#15=ITEM_DEFINED_TRANSFORMATION($,$,#2995,#3016);
#16=(
REPRESENTATION_RELATIONSHIP($,$,#8271,#8270)
REPRESENTATION_RELATIONSHIP_WITH_TRANSFORMATION(#11)
SHAPE_REPRESENTATION_RELATIONSHIP()
);
#17=(
REPRESENTATION_RELATIONSHIP($,$,#8274,#8270)
REPRESENTATION_RELATIONSHIP_WITH_TRANSFORMATION(#12)
SHAPE_REPRESENTATION_RELATIONSHIP()
);
#18=(
REPRESENTATION_RELATIONSHIP($,$,#8272,#8270)
REPRESENTATION_RELATIONSHIP_WITH_TRANSFORMATION(#13)
SHAPE_REPRESENTATION_RELATIONSHIP()
);
#19=(
REPRESENTATION_RELATIONSHIP($,$,#8273,#8270)
REPRESENTATION_RELATIONSHIP_WITH_TRANSFORMATION(#14)
SHAPE_REPRESENTATION_RELATIONSHIP()
);
#20=(
REPRESENTATION_RELATIONSHIP($,$,#8274,#8270)
REPRESENTATION_RELATIONSHIP_WITH_TRANSFORMATION(#15)
SHAPE_REPRESENTATION_RELATIONSHIP()
);
#21=CONTEXT_DEPENDENT_SHAPE_REPRESENTATION(#16,#8265);
#22=CONTEXT_DEPENDENT_SHAPE_REPRESENTATION(#17,#8266);
#23=CONTEXT_DEPENDENT_SHAPE_REPRESENTATION(#18,#8267);
#24=CONTEXT_DEPENDENT_SHAPE_REPRESENTATION(#19,#8268);
#25=CONTEXT_DEPENDENT_SHAPE_REPRESENTATION(#20,#8269);
#26=NEXT_ASSEMBLY_USAGE_OCCURRENCE('TransversalBeamV1:1',
'TransversalBeamV1:1','TransversalBeamV1:1',#8276,#8277,
'TransversalBeamV1:1');
#27=NEXT_ASSEMBLY_USAGE_OCCURRENCE('PIN:1','PIN:1','PIN:1',#8276,#8280,
'PIN:1');
#28=NEXT_ASSEMBLY_USAGE_OCCURRENCE('BratV1Stanga:1','BratV1Stanga:1',
'BratV1Stanga:1',#8276,#8278,'BratV1Stanga:1');
#29=NEXT_ASSEMBLY_USAGE_OCCURRENCE('BratV1Dreapta:1','BratV1Dreapta:1',
'BratV1Dreapta:1',#8276,#8279,'BratV1Dreapta:1');
#30=NEXT_ASSEMBLY_USAGE_OCCURRENCE('PIN:2','PIN:2','PIN:2',#8276,#8280,
'PIN:2');
#31=CONICAL_SURFACE('',#2996,0.95,0.78539816339745);
#32=(
BOUNDED_SURFACE()
B_SPLINE_SURFACE(3,2,((#4730,#4731,#4732),(#4733,#4734,#4735),(#4736,#4737,
#4738),(#4739,#4740,#4741),(#4742,#4743,#4744),(#4745,#4746,#4747),(#4748,
#4749,#4750),(#4751,#4752,#4753),(#4754,#4755,#4756),(#4757,#4758,#4759),
(#4760,#4761,#4762),(#4763,#4764,#4765),(#4766,#4767,#4768),(#4769,#4770,
#4771),(#4772,#4773,#4774),(#4775,#4776,#4777)),.UNSPECIFIED.,.F.,.F.,.F.)
B_SPLINE_SURFACE_WITH_KNOTS((4,2,2,2,2,2,2,4),(3,3),(0.0146093822735656,
0.0200211919061775,0.0254330015387894,0.0308448111714013,0.0362566208040132,
0.0470802400692371,0.052492049701849,0.0579038593344609),(0.,1.),
 .UNSPECIFIED.)
GEOMETRIC_REPRESENTATION_ITEM()
RATIONAL_B_SPLINE_SURFACE(((1.,0.707106781186552,1.),(1.,0.707106781186552,
1.),(1.,0.707106781186547,1.),(1.,0.707106781186547,1.),(1.,0.70710678118655,
1.),(1.,0.70710678118655,1.),(1.,0.707106781186549,1.),(1.,0.707106781186549,
1.),(1.,0.707106781186547,1.),(1.,0.707106781186547,1.),(1.,0.707106781186549,
1.),(1.,0.707106781186549,1.),(1.,0.707106781186549,1.),(1.,0.707106781186549,
1.),(1.,0.707106781186547,1.),(1.,0.707106781186547,1.)))
REPRESENTATION_ITEM('')
SURFACE()
);
#33=(
BOUNDED_SURFACE()
B_SPLINE_SURFACE(3,2,((#4780,#4781,#4782),(#4783,#4784,#4785),(#4786,#4787,
#4788),(#4789,#4790,#4791)),.UNSPECIFIED.,.F.,.F.,.F.)
B_SPLINE_SURFACE_WITH_KNOTS((4,4),(3,3),(0.190089160187127,0.19248919030238),
(0.682647851700285,1.),.UNSPECIFIED.)
GEOMETRIC_REPRESENTATION_ITEM()
RATIONAL_B_SPLINE_SURFACE(((0.874909283959308,0.908378298027946,1.),(0.874321773393521,
0.907947980577797,1.),(0.873743355141463,0.907524322720663,1.),(0.873177572246828,
0.90710991953077,1.)))
REPRESENTATION_ITEM('')
SURFACE()
);
#34=(
BOUNDED_SURFACE()
B_SPLINE_SURFACE(3,2,((#4841,#4842,#4843),(#4844,#4845,#4846),(#4847,#4848,
#4849),(#4850,#4851,#4852),(#4853,#4854,#4855),(#4856,#4857,#4858),(#4859,
#4860,#4861),(#4862,#4863,#4864),(#4865,#4866,#4867),(#4868,#4869,#4870),
(#4871,#4872,#4873),(#4874,#4875,#4876),(#4877,#4878,#4879),(#4880,#4881,
#4882),(#4883,#4884,#4885),(#4886,#4887,#4888),(#4889,#4890,#4891),(#4892,
#4893,#4894)),.UNSPECIFIED.,.F.,.F.,.F.)
B_SPLINE_SURFACE_WITH_KNOTS((4,2,2,2,2,2,2,2,4),(3,3),(0.0155291859657429,
0.0257851437400276,0.03091312262717,0.0360411015143123,0.0411690804014547,
0.0462970592885971,0.0514250381757394,0.0539890276193106,0.0565530170628818),
(0.,1.),.UNSPECIFIED.)
GEOMETRIC_REPRESENTATION_ITEM()
RATIONAL_B_SPLINE_SURFACE(((1.,0.707087134202864,1.),(1.,0.707270782816634,
1.),(1.,0.70743349146757,1.),(1.,0.70763819297852,1.),(1.,0.707699933158343,
1.),(1.,0.707810108952046,1.),(1.,0.707858486517567,1.),(1.,0.707941774411396,
1.),(1.,0.707969797009682,1.),(1.,0.708044109987169,1.),(1.,0.708110794822621,
1.),(1.,0.708302467771575,1.),(1.,0.708427847028821,1.),(1.,0.708657073876047,
1.),(1.,0.70874044823726,1.),(1.,0.708918064427233,1.),(1.,0.709011434302891,
1.),(1.,0.709107137482589,1.)))
REPRESENTATION_ITEM('')
SURFACE()
);
#35=(
BOUNDED_SURFACE()
B_SPLINE_SURFACE(3,2,((#5049,#5050,#5051),(#5052,#5053,#5054),(#5055,#5056,
#5057),(#5058,#5059,#5060)),.UNSPECIFIED.,.F.,.F.,.F.)
B_SPLINE_SURFACE_WITH_KNOTS((4,4),(3,3),(0.0568053370881211,0.0617948770866581),
(0.,1.),.UNSPECIFIED.)
GEOMETRIC_REPRESENTATION_ITEM()
RATIONAL_B_SPLINE_SURFACE(((1.,0.480269038546203,1.),(1.,0.479944412946269,
1.),(1.,0.479619026839024,1.),(1.,0.479292878128927,1.)))
REPRESENTATION_ITEM('')
SURFACE()
);
#36=(
BOUNDED_SURFACE()
B_SPLINE_SURFACE(3,2,((#5064,#5065,#5066),(#5067,#5068,#5069),(#5070,#5071,
#5072),(#5073,#5074,#5075),(#5076,#5077,#5078),(#5079,#5080,#5081),(#5082,
#5083,#5084),(#5085,#5086,#5087),(#5088,#5089,#5090),(#5091,#5092,#5093),
(#5094,#5095,#5096),(#5097,#5098,#5099),(#5100,#5101,#5102),(#5103,#5104,
#5105),(#5106,#5107,#5108),(#5109,#5110,#5111),(#5112,#5113,#5114),(#5115,
#5116,#5117),(#5118,#5119,#5120),(#5121,#5122,#5123)),.UNSPECIFIED.,.F.,
 .F.,.F.)
B_SPLINE_SURFACE_WITH_KNOTS((4,2,2,2,2,2,2,2,2,4),(3,3),(0.00994747839341074,
0.0126518543630863,0.0153562303327619,0.020764982272113,0.0234693582417886,
0.0261737342114641,0.0315824861508152,0.0369912380901664,0.0423999900295175,
0.0532174939082197),(0.,1.),.UNSPECIFIED.)
GEOMETRIC_REPRESENTATION_ITEM()
RATIONAL_B_SPLINE_SURFACE(((1.,0.707106781186546,1.),(1.,0.707106781186546,
1.),(1.,0.707106781186543,1.),(1.,0.707106781186543,1.),(1.,0.707106781186542,
1.),(1.,0.707106781186542,1.),(1.,0.707106781186547,1.),(1.,0.707106781186547,
1.),(1.,0.707106781186545,1.),(1.,0.707106781186545,1.),(1.,0.707106781186547,
1.),(1.,0.707106781186547,1.),(1.,0.707106781186546,1.),(1.,0.707106781186546,
1.),(1.,0.707106781186547,1.),(1.,0.707106781186547,1.),(1.,0.707106781186549,
1.),(1.,0.707106781186549,1.),(1.,0.707106781186548,1.),(1.,0.707106781186548,
1.)))
REPRESENTATION_ITEM('')
SURFACE()
);
#37=(
BOUNDED_SURFACE()
B_SPLINE_SURFACE(3,2,((#5132,#5133,#5134),(#5135,#5136,#5137),(#5138,#5139,
#5140),(#5141,#5142,#5143)),.UNSPECIFIED.,.F.,.F.,.F.)
B_SPLINE_SURFACE_WITH_KNOTS((4,4),(3,3),(0.0612357789844995,0.06622534749146),
(0.,1.),.UNSPECIFIED.)
GEOMETRIC_REPRESENTATION_ITEM()
RATIONAL_B_SPLINE_SURFACE(((1.,0.889902092280756,1.),(1.,0.889700002966609,
1.),(1.,0.889498093078071,1.),(1.,0.889296365693831,1.)))
REPRESENTATION_ITEM('')
SURFACE()
);
#38=(
BOUNDED_SURFACE()
B_SPLINE_SURFACE(3,2,((#5147,#5148,#5149),(#5150,#5151,#5152),(#5153,#5154,
#5155),(#5156,#5157,#5158),(#5159,#5160,#5161),(#5162,#5163,#5164),(#5165,
#5166,#5167),(#5168,#5169,#5170),(#5171,#5172,#5173),(#5174,#5175,#5176),
(#5177,#5178,#5179),(#5180,#5181,#5182),(#5183,#5184,#5185),(#5186,#5187,
#5188),(#5189,#5190,#5191),(#5192,#5193,#5194),(#5195,#5196,#5197),(#5198,
#5199,#5200),(#5201,#5202,#5203),(#5204,#5205,#5206),(#5207,#5208,#5209),
(#5210,#5211,#5212)),.UNSPECIFIED.,.F.,.F.,.F.)
B_SPLINE_SURFACE_WITH_KNOTS((4,2,2,2,2,2,2,2,2,2,4),(3,3),(0.008464343201377,
0.0135206784528414,0.0160488460785737,0.0185770137043059,0.0236333489557703,
0.0261615165815025,0.0286896842072347,0.0388023547101636,0.0413305223358958,
0.0438586899616281,0.0489150252130925),(0.,1.),.UNSPECIFIED.)
GEOMETRIC_REPRESENTATION_ITEM()
RATIONAL_B_SPLINE_SURFACE(((1.,0.704940326381094,1.),(1.,0.705151181046371,
1.),(1.,0.705352953542685,1.),(1.,0.705612976894901,1.),(1.,0.705692701252571,
1.),(1.,0.705836073833018,1.),(1.,0.705899857052106,1.),(1.,0.706064613176208,
1.),(1.,0.706139691058658,1.),(1.,0.706203581960465,1.),(1.,0.706214156281176,
1.),(1.,0.706245489849233,1.),(1.,0.706263582858671,1.),(1.,0.70636660366082,
1.),(1.,0.706490033920873,1.),(1.,0.70669823448903,1.),(1.,0.706744656042251,
1.),(1.,0.706829994316295,1.),(1.,0.706868903250409,1.),(1.,0.706974052427782,
1.),(1.,0.707028687682896,1.),(1.,0.70706803886562,1.)))
REPRESENTATION_ITEM('')
SURFACE()
);
#39=(
BOUNDED_SURFACE()
B_SPLINE_SURFACE(3,2,((#5333,#5334,#5335),(#5336,#5337,#5338),(#5339,#5340,
#5341),(#5342,#5343,#5344)),.UNSPECIFIED.,.F.,.F.,.F.)
B_SPLINE_SURFACE_WITH_KNOTS((4,4),(3,3),(0.,0.00237370786867145),(0.,0.474787303835338),
 .UNSPECIFIED.)
GEOMETRIC_REPRESENTATION_ITEM()
RATIONAL_B_SPLINE_SURFACE(((1.,0.860938018327907,0.853925763343999),(1.,
0.861125043841841,0.854122219692849),(1.,0.861355106791757,0.854363883657274),
(1.,0.86162900659953,0.854651594970313)))
REPRESENTATION_ITEM('')
SURFACE()
);
#40=(
BOUNDED_SURFACE()
B_SPLINE_SURFACE(3,2,((#5379,#5380,#5381),(#5382,#5383,#5384),(#5385,#5386,
#5387),(#5388,#5389,#5390),(#5391,#5392,#5393),(#5394,#5395,#5396),(#5397,
#5398,#5399),(#5400,#5401,#5402),(#5403,#5404,#5405),(#5406,#5407,#5408),
(#5409,#5410,#5411),(#5412,#5413,#5414),(#5415,#5416,#5417),(#5418,#5419,
#5420)),.UNSPECIFIED.,.F.,.F.,.F.)
B_SPLINE_SURFACE_WITH_KNOTS((4,2,2,2,2,2,4),(3,3),(-5.2376709053611E-5,
0.00384050971392067,0.0057869529254078,0.00773339613689494,0.0116262825598692,
0.0135727257713564,0.0155191689828435),(0.,1.),.UNSPECIFIED.)
GEOMETRIC_REPRESENTATION_ITEM()
RATIONAL_B_SPLINE_SURFACE(((1.,1.,1.),(1.,0.999999824653617,1.),(1.,0.999856922149821,
1.),(1.,0.999442269117792,1.),(1.,0.999270608708573,1.),(1.,0.998861669757543,
1.),(1.,0.998623002051432,1.),(1.,0.99782026873626,1.),(1.,0.997174107303574,
1.),(1.,0.996070498995416,1.),(1.,0.995680168850568,1.),(1.,0.994859664806718,
1.),(1.,0.994428068186887,1.),(1.,0.993986568622944,1.)))
REPRESENTATION_ITEM('')
SURFACE()
);
#41=(
BOUNDED_SURFACE()
B_SPLINE_SURFACE(3,2,((#5422,#5423,#5424),(#5425,#5426,#5427),(#5428,#5429,
#5430),(#5431,#5432,#5433),(#5434,#5435,#5436),(#5437,#5438,#5439),(#5440,
#5441,#5442),(#5443,#5444,#5445),(#5446,#5447,#5448),(#5449,#5450,#5451),
(#5452,#5453,#5454),(#5455,#5456,#5457),(#5458,#5459,#5460),(#5461,#5462,
#5463),(#5464,#5465,#5466),(#5467,#5468,#5469)),.UNSPECIFIED.,.F.,.F.,.F.)
B_SPLINE_SURFACE_WITH_KNOTS((4,2,2,2,2,2,2,4),(3,3),(0.,0.00435650135480567,
0.00653475203220851,0.00762387737090993,0.00871300270961134,0.013069504064417,
0.0152477547418199,0.0174260054192227),(0.,1.),.UNSPECIFIED.)
GEOMETRIC_REPRESENTATION_ITEM()
RATIONAL_B_SPLINE_SURFACE(((1.,0.983898347482845,1.),(1.,0.984175457127309,
1.),(1.,0.984673301722598,1.),(1.,0.985676447548455,1.),(1.,0.986053665819331,
1.),(1.,0.98667551936522,1.),(1.,0.986892483330634,1.),(1.,0.987338298668745,
1.),(1.,0.987567713042437,1.),(1.,0.988742302993871,1.),(1.,0.989769362658364,
1.),(1.,0.991356035278152,1.),(1.,0.99189372586395,1.),(1.,0.992952566407909,
1.),(1.,0.993475926349652,1.),(1.,0.993986568622944,1.)))
REPRESENTATION_ITEM('')
SURFACE()
);
#42=(
BOUNDED_SURFACE()
B_SPLINE_SURFACE(3,2,((#5471,#5472,#5473),(#5474,#5475,#5476),(#5477,#5478,
#5479),(#5480,#5481,#5482)),.UNSPECIFIED.,.F.,.F.,.F.)
B_SPLINE_SURFACE_WITH_KNOTS((4,4),(3,3),(0.,0.00011348048395709),(0.,1.),
 .UNSPECIFIED.)
GEOMETRIC_REPRESENTATION_ITEM()
RATIONAL_B_SPLINE_SURFACE(((1.,0.983898347482845,1.),(1.,0.983893711422934,
1.),(1.,0.983887915903729,1.),(1.,0.983880958723449,1.)))
REPRESENTATION_ITEM('')
SURFACE()
);
#43=(
BOUNDED_SURFACE()
B_SPLINE_SURFACE(3,2,((#5495,#5496,#5497),(#5498,#5499,#5500),(#5501,#5502,
#5503),(#5504,#5505,#5506)),.UNSPECIFIED.,.F.,.F.,.F.)
B_SPLINE_SURFACE_WITH_KNOTS((4,4),(3,3),(0.728193519445767,0.829118721266561),
(0.,1.),.UNSPECIFIED.)
GEOMETRIC_REPRESENTATION_ITEM()
RATIONAL_B_SPLINE_SURFACE(((1.,0.968874287869056,1.),(1.,0.979186092934924,
1.),(1.,0.983952336017381,1.),(1.,0.983880151321982,1.)))
REPRESENTATION_ITEM('')
SURFACE()
);
#44=(
BOUNDED_SURFACE()
B_SPLINE_SURFACE(3,2,((#5508,#5509,#5510),(#5511,#5512,#5513),(#5514,#5515,
#5516),(#5517,#5518,#5519),(#5520,#5521,#5522),(#5523,#5524,#5525),(#5526,
#5527,#5528),(#5529,#5530,#5531),(#5532,#5533,#5534),(#5535,#5536,#5537),
(#5538,#5539,#5540),(#5541,#5542,#5543),(#5544,#5545,#5546),(#5547,#5548,
#5549),(#5550,#5551,#5552),(#5553,#5554,#5555),(#5556,#5557,#5558),(#5559,
#5560,#5561)),.UNSPECIFIED.,.F.,.F.,.F.)
B_SPLINE_SURFACE_WITH_KNOTS((4,2,2,2,2,2,2,2,4),(3,3),(0.,0.00518843208304719,
0.00648554010380899,0.00778264812457079,0.0103768641660944,0.012971080207618,
0.0142681882283798,0.0155652962491416,0.0207537283321888),(0.,1.),
 .UNSPECIFIED.)
GEOMETRIC_REPRESENTATION_ITEM()
RATIONAL_B_SPLINE_SURFACE(((1.,0.983880151321988,1.),(1.,0.983503730249215,
1.),(1.,0.983445125592446,1.),(1.,0.983805151515048,1.),(1.,0.983898827693579,
1.),(1.,0.984130415593216,1.),(1.,0.98426860285943,1.),(1.,0.98474275421989,
1.),(1.,0.985139818435375,1.),(1.,0.986079078043581,1.),(1.,0.986621361324973,
1.),(1.,0.987528375692631,1.),(1.,0.987847438387047,1.),(1.,0.98850718642044,
1.),(1.,0.988847386289997,1.),(1.,0.990587706573136,1.),(1.,0.992107610946474,
1.),(1.,0.993581725182505,1.)))
REPRESENTATION_ITEM('')
SURFACE()
);
#45=(
BOUNDED_SURFACE()
B_SPLINE_SURFACE(3,2,((#5570,#5571,#5572),(#5573,#5574,#5575),(#5576,#5577,
#5578),(#5579,#5580,#5581),(#5582,#5583,#5584),(#5585,#5586,#5587),(#5588,
#5589,#5590),(#5591,#5592,#5593),(#5594,#5595,#5596),(#5597,#5598,#5599),
(#5600,#5601,#5602),(#5603,#5604,#5605),(#5606,#5607,#5608),(#5609,#5610,
#5611),(#5612,#5613,#5614),(#5615,#5616,#5617),(#5618,#5619,#5620),(#5621,
#5622,#5623),(#5624,#5625,#5626),(#5627,#5628,#5629)),.UNSPECIFIED.,.F.,
 .F.,.F.)
B_SPLINE_SURFACE_WITH_KNOTS((4,2,2,2,2,2,2,2,2,4),(3,3),(-4.27919890042838E-5,
0.00307828612855359,0.00619936424611146,0.00775990330489039,0.00932044236366933,
0.0101007118930588,0.0102957792754062,0.0104908466577535,0.0108809814224483,
0.0124415204812272),(0.,1.),.UNSPECIFIED.)
GEOMETRIC_REPRESENTATION_ITEM()
RATIONAL_B_SPLINE_SURFACE(((1.,1.,1.),(1.,1.00000069382539,1.),(1.,0.999769169737223,
1.),(1.,0.998900454390856,1.),(1.,0.998262901229845,1.),(1.,0.99706928722349,
1.),(1.,0.996630141382347,1.),(1.,0.995698049028184,1.),(1.,0.995206064045104,
1.),(1.,0.994443091263644,1.),(1.,0.994184595182664,1.),(1.,0.993857662178864,
1.),(1.,0.993792084802265,1.),(1.,0.993660583020228,1.),(1.,0.993592655679233,
1.),(1.,0.993418801216039,1.),(1.,0.993302452050581,1.),(1.,0.992718903102912,
1.),(1.,0.99224630200012,1.),(1.,0.991773315312772,1.)))
REPRESENTATION_ITEM('')
SURFACE()
);
#46=(
BOUNDED_SURFACE()
B_SPLINE_SURFACE(3,2,((#5640,#5641,#5642),(#5643,#5644,#5645),(#5646,#5647,
#5648),(#5649,#5650,#5651),(#5652,#5653,#5654),(#5655,#5656,#5657),(#5658,
#5659,#5660),(#5661,#5662,#5663)),.UNSPECIFIED.,.F.,.F.,.F.)
B_SPLINE_SURFACE_WITH_KNOTS((4,2,2,4),(3,3),(-0.000508470463091539,0.00127117615773004,
0.00254235231546008,0.00508470463092015),(-0.00389111607366398,1.),
 .UNSPECIFIED.)
GEOMETRIC_REPRESENTATION_ITEM()
RATIONAL_B_SPLINE_SURFACE(((1.00002934744508,0.996228916778117,1.),(1.00003228422015,
0.99585154753341,1.),(1.00003543471657,0.995446715557337,1.),(1.00003272768959,
0.995794562668482,1.),(1.00002808405879,0.996391259184419,1.),(1.00000969162057,
0.998754647717428,1.),(0.999997526303239,1.00031786468378,1.),(1.,1.,1.)))
REPRESENTATION_ITEM('')
SURFACE()
);
#47=(
BOUNDED_SURFACE()
B_SPLINE_SURFACE(3,2,((#5668,#5669,#5670),(#5671,#5672,#5673),(#5674,#5675,
#5676),(#5677,#5678,#5679)),.UNSPECIFIED.,.F.,.F.,.F.)
B_SPLINE_SURFACE_WITH_KNOTS((4,4),(3,3),(-2.08275237334465E-16,0.000206295726867164),
(0.,1.),.UNSPECIFIED.)
GEOMETRIC_REPRESENTATION_ITEM()
RATIONAL_B_SPLINE_SURFACE(((1.,0.703248526676785,1.),(1.,0.70313102427492,
1.),(1.,0.703013301541094,1.),(1.,0.70289536094402,1.)))
REPRESENTATION_ITEM('')
SURFACE()
);
#48=(
BOUNDED_SURFACE()
B_SPLINE_SURFACE(3,2,((#5687,#5688,#5689),(#5690,#5691,#5692),(#5693,#5694,
#5695),(#5696,#5697,#5698)),.UNSPECIFIED.,.F.,.F.,.F.)
B_SPLINE_SURFACE_WITH_KNOTS((4,4),(3,3),(0.114723115875887,0.114910759129651),
(0.,1.),.UNSPECIFIED.)
GEOMETRIC_REPRESENTATION_ITEM()
RATIONAL_B_SPLINE_SURFACE(((1.,0.707106781186548,1.),(1.,0.707075732638823,
1.),(1.,0.707044116577778,1.),(1.,0.707011931402293,1.)))
REPRESENTATION_ITEM('')
SURFACE()
);
#49=(
BOUNDED_SURFACE()
B_SPLINE_SURFACE(3,2,((#5777,#5778,#5779),(#5780,#5781,#5782),(#5783,#5784,
#5785),(#5786,#5787,#5788),(#5789,#5790,#5791),(#5792,#5793,#5794),(#5795,
#5796,#5797),(#5798,#5799,#5800),(#5801,#5802,#5803),(#5804,#5805,#5806),
(#5807,#5808,#5809),(#5810,#5811,#5812),(#5813,#5814,#5815),(#5816,#5817,
#5818)),.UNSPECIFIED.,.F.,.F.,.F.)
B_SPLINE_SURFACE_WITH_KNOTS((4,2,2,2,2,2,4),(3,3),(1.5707963267949,1.96349540849362,
2.35619449019234,2.55254403104171,2.74889357189107,2.94524311274043,3.14159265358979),
(0.,1.),.UNSPECIFIED.)
GEOMETRIC_REPRESENTATION_ITEM()
RATIONAL_B_SPLINE_SURFACE(((1.,1.,1.),(1.,1.00015858217408,1.),(1.,0.986729187384909,
1.),(1.,0.938655652377404,1.),(1.,0.903812886690586,1.),(1.,0.847131662331365,
1.),(1.,0.827594266955106,1.),(1.,0.790218011288236,1.),(1.,0.772396818771302,
1.),(1.,0.741833420925903,1.),(1.,0.72912889176041,1.),(1.,0.711746004782907,
1.),(1.,0.707071726684663,1.),(1.,0.707106781186548,1.)))
REPRESENTATION_ITEM('')
SURFACE()
);
#50=(
BOUNDED_SURFACE()
B_SPLINE_SURFACE(3,2,((#5954,#5955,#5956),(#5957,#5958,#5959),(#5960,#5961,
#5962),(#5963,#5964,#5965),(#5966,#5967,#5968),(#5969,#5970,#5971),(#5972,
#5973,#5974),(#5975,#5976,#5977),(#5978,#5979,#5980),(#5981,#5982,#5983),
(#5984,#5985,#5986),(#5987,#5988,#5989),(#5990,#5991,#5992),(#5993,#5994,
#5995)),.UNSPECIFIED.,.F.,.F.,.F.)
B_SPLINE_SURFACE_WITH_KNOTS((4,2,2,2,2,2,4),(3,3),(1.5707963267949,1.96349540849362,
2.35619449019234,2.55254403104171,2.74889357189107,2.94524311274043,3.14159265358979),
(0.,1.),.UNSPECIFIED.)
GEOMETRIC_REPRESENTATION_ITEM()
RATIONAL_B_SPLINE_SURFACE(((1.,1.,1.),(1.,1.00015858217407,1.),(1.,0.986729187384929,
1.),(1.,0.938655652377384,1.),(1.,0.903812886690568,1.),(1.,0.847131662331374,
1.),(1.,0.827594266955115,1.),(1.,0.790218011288228,1.),(1.,0.77239681877131,
1.),(1.,0.741833420925895,1.),(1.,0.72912889176041,1.),(1.,0.711746004782907,
1.),(1.,0.707071726684663,1.),(1.,0.707106781186548,1.)))
REPRESENTATION_ITEM('')
SURFACE()
);
#51=(
BOUNDED_SURFACE()
B_SPLINE_SURFACE(3,2,((#6887,#6888,#6889),(#6890,#6891,#6892),(#6893,#6894,
#6895),(#6896,#6897,#6898),(#6899,#6900,#6901),(#6902,#6903,#6904),(#6905,
#6906,#6907),(#6908,#6909,#6910),(#6911,#6912,#6913),(#6914,#6915,#6916),
(#6917,#6918,#6919),(#6920,#6921,#6922),(#6923,#6924,#6925),(#6926,#6927,
#6928),(#6929,#6930,#6931),(#6932,#6933,#6934)),.UNSPECIFIED.,.F.,.F.,.F.)
B_SPLINE_SURFACE_WITH_KNOTS((4,2,2,2,2,2,2,4),(3,3),(0.0146093822735656,
0.0200211919061775,0.0254330015387894,0.0308448111714013,0.0362566208040132,
0.0470802400692371,0.052492049701849,0.0579038593344609),(0.,1.),
 .UNSPECIFIED.)
GEOMETRIC_REPRESENTATION_ITEM()
RATIONAL_B_SPLINE_SURFACE(((1.,0.707106781186552,1.),(1.,0.707106781186552,
1.),(1.,0.707106781186551,1.),(1.,0.707106781186551,1.),(1.,0.70710678118655,
1.),(1.,0.70710678118655,1.),(1.,0.707106781186549,1.),(1.,0.707106781186549,
1.),(1.,0.707106781186547,1.),(1.,0.707106781186547,1.),(1.,0.707106781186549,
1.),(1.,0.707106781186549,1.),(1.,0.707106781186546,1.),(1.,0.707106781186546,
1.),(1.,0.707106781186547,1.),(1.,0.707106781186547,1.)))
REPRESENTATION_ITEM('')
SURFACE()
);
#52=(
BOUNDED_SURFACE()
B_SPLINE_SURFACE(3,2,((#6937,#6938,#6939),(#6940,#6941,#6942),(#6943,#6944,
#6945),(#6946,#6947,#6948)),.UNSPECIFIED.,.F.,.F.,.F.)
B_SPLINE_SURFACE_WITH_KNOTS((4,4),(3,3),(0.190089160187127,0.19248919030238),
(0.,0.31735214829952),.UNSPECIFIED.)
GEOMETRIC_REPRESENTATION_ITEM()
RATIONAL_B_SPLINE_SURFACE(((1.,0.908378298028001,0.874909283959347),(1.,
0.907947980577857,0.874321773393566),(1.,0.90752432272072,0.873743355141505),
(1.,0.907109919530827,0.873177572246869)))
REPRESENTATION_ITEM('')
SURFACE()
);
#53=(
BOUNDED_SURFACE()
B_SPLINE_SURFACE(3,2,((#7000,#7001,#7002),(#7003,#7004,#7005),(#7006,#7007,
#7008),(#7009,#7010,#7011),(#7012,#7013,#7014),(#7015,#7016,#7017),(#7018,
#7019,#7020),(#7021,#7022,#7023),(#7024,#7025,#7026),(#7027,#7028,#7029),
(#7030,#7031,#7032),(#7033,#7034,#7035),(#7036,#7037,#7038),(#7039,#7040,
#7041),(#7042,#7043,#7044),(#7045,#7046,#7047),(#7048,#7049,#7050),(#7051,
#7052,#7053)),.UNSPECIFIED.,.F.,.F.,.F.)
B_SPLINE_SURFACE_WITH_KNOTS((4,2,2,2,2,2,2,2,4),(3,3),(0.0155291859657429,
0.0257851437400276,0.03091312262717,0.0360411015143123,0.0411690804014547,
0.0462970592885971,0.0514250381757394,0.0539890276193106,0.0565530170628818),
(0.,1.),.UNSPECIFIED.)
GEOMETRIC_REPRESENTATION_ITEM()
RATIONAL_B_SPLINE_SURFACE(((1.,0.707087134202864,1.),(1.,0.707270782816634,
1.),(1.,0.70743349146757,1.),(1.,0.70763819297852,1.),(1.,0.7076999331573,
1.),(1.,0.707810108953089,1.),(1.,0.707858486517567,1.),(1.,0.707941774411396,
1.),(1.,0.707969797011102,1.),(1.,0.708044109985753,1.),(1.,0.708110794822715,
1.),(1.,0.708302467771481,1.),(1.,0.708427847026062,1.),(1.,0.708657073877427,
1.),(1.,0.708740448237644,1.),(1.,0.708918064426849,1.),(1.,0.70901143430318,
1.),(1.,0.709107137482589,1.)))
REPRESENTATION_ITEM('')
SURFACE()
);
#54=(
BOUNDED_SURFACE()
B_SPLINE_SURFACE(3,2,((#7208,#7209,#7210),(#7211,#7212,#7213),(#7214,#7215,
#7216),(#7217,#7218,#7219)),.UNSPECIFIED.,.F.,.F.,.F.)
B_SPLINE_SURFACE_WITH_KNOTS((4,4),(3,3),(0.056805337088121,0.0617948770866581),
(0.,1.),.UNSPECIFIED.)
GEOMETRIC_REPRESENTATION_ITEM()
RATIONAL_B_SPLINE_SURFACE(((1.,0.480269038546203,1.),(1.,0.47994441294625,
1.),(1.,0.479619026839049,1.),(1.,0.479292878128914,1.)))
REPRESENTATION_ITEM('')
SURFACE()
);
#55=(
BOUNDED_SURFACE()
B_SPLINE_SURFACE(3,2,((#7223,#7224,#7225),(#7226,#7227,#7228),(#7229,#7230,
#7231),(#7232,#7233,#7234),(#7235,#7236,#7237),(#7238,#7239,#7240),(#7241,
#7242,#7243),(#7244,#7245,#7246),(#7247,#7248,#7249),(#7250,#7251,#7252),
(#7253,#7254,#7255),(#7256,#7257,#7258),(#7259,#7260,#7261),(#7262,#7263,
#7264),(#7265,#7266,#7267),(#7268,#7269,#7270),(#7271,#7272,#7273),(#7274,
#7275,#7276),(#7277,#7278,#7279),(#7280,#7281,#7282)),.UNSPECIFIED.,.F.,
 .F.,.F.)
B_SPLINE_SURFACE_WITH_KNOTS((4,2,2,2,2,2,2,2,2,4),(3,3),(0.00994747839341017,
0.0126518543630858,0.0153562303327614,0.0207649822721126,0.0234693582417882,
0.0261737342114638,0.031582486150815,0.0369912380901662,0.0423999900295174,
0.0532174939082198),(0.,1.),.UNSPECIFIED.)
GEOMETRIC_REPRESENTATION_ITEM()
RATIONAL_B_SPLINE_SURFACE(((1.,0.707106781186543,1.),(1.,0.707106781186543,
1.),(1.,0.707106781186545,1.),(1.,0.707106781186545,1.),(1.,0.707106781186549,
1.),(1.,0.707106781186549,1.),(1.,0.70710678118655,1.),(1.,0.70710678118655,
1.),(1.,0.707106781186545,1.),(1.,0.707106781186545,1.),(1.,0.707106781186547,
1.),(1.,0.707106781186547,1.),(1.,0.707106781186544,1.),(1.,0.707106781186544,
1.),(1.,0.707106781186546,1.),(1.,0.707106781186546,1.),(1.,0.707106781186548,
1.),(1.,0.707106781186548,1.),(1.,0.707106781186549,1.),(1.,0.707106781186549,
1.)))
REPRESENTATION_ITEM('')
SURFACE()
);
#56=(
BOUNDED_SURFACE()
B_SPLINE_SURFACE(3,2,((#7291,#7292,#7293),(#7294,#7295,#7296),(#7297,#7298,
#7299),(#7300,#7301,#7302)),.UNSPECIFIED.,.F.,.F.,.F.)
B_SPLINE_SURFACE_WITH_KNOTS((4,4),(3,3),(0.0612357789844995,0.06622534749146),
(0.,1.),.UNSPECIFIED.)
GEOMETRIC_REPRESENTATION_ITEM()
RATIONAL_B_SPLINE_SURFACE(((1.,0.889902092280756,1.),(1.,0.889700002966609,
1.),(1.,0.889498093078071,1.),(1.,0.889296365693831,1.)))
REPRESENTATION_ITEM('')
SURFACE()
);
#57=(
BOUNDED_SURFACE()
B_SPLINE_SURFACE(3,2,((#7306,#7307,#7308),(#7309,#7310,#7311),(#7312,#7313,
#7314),(#7315,#7316,#7317),(#7318,#7319,#7320),(#7321,#7322,#7323),(#7324,
#7325,#7326),(#7327,#7328,#7329),(#7330,#7331,#7332),(#7333,#7334,#7335),
(#7336,#7337,#7338),(#7339,#7340,#7341),(#7342,#7343,#7344),(#7345,#7346,
#7347),(#7348,#7349,#7350),(#7351,#7352,#7353),(#7354,#7355,#7356),(#7357,
#7358,#7359),(#7360,#7361,#7362),(#7363,#7364,#7365),(#7366,#7367,#7368),
(#7369,#7370,#7371)),.UNSPECIFIED.,.F.,.F.,.F.)
B_SPLINE_SURFACE_WITH_KNOTS((4,2,2,2,2,2,2,2,2,2,4),(3,3),(0.008464343201377,
0.0135206784528414,0.0160488460785737,0.0185770137043059,0.0236333489557703,
0.0261615165815025,0.0286896842072347,0.0388023547101636,0.0413305223358958,
0.0438586899616281,0.0489150252130925),(0.,1.),.UNSPECIFIED.)
GEOMETRIC_REPRESENTATION_ITEM()
RATIONAL_B_SPLINE_SURFACE(((1.,0.704940326381094,1.),(1.,0.705151181044883,
1.),(1.,0.705352953544662,1.),(1.,0.705612976893912,1.),(1.,0.705692701252571,
1.),(1.,0.705836073833018,1.),(1.,0.705899857051819,1.),(1.,0.706064613176781,
1.),(1.,0.70613969105904,1.),(1.,0.706203581960274,1.),(1.,0.706214156282986,
1.),(1.,0.706245489847418,1.),(1.,0.706263582858671,1.),(1.,0.70636660366082,
1.),(1.,0.706490033922775,1.),(1.,0.706698234488555,1.),(1.,0.706744656041776,
1.),(1.,0.706829994316771,1.),(1.,0.706868903250359,1.),(1.,0.706974052427875,
1.),(1.,0.707028687682827,1.),(1.,0.70706803886562,1.)))
REPRESENTATION_ITEM('')
SURFACE()
);
#58=(
BOUNDED_SURFACE()
B_SPLINE_SURFACE(3,2,((#7492,#7493,#7494),(#7495,#7496,#7497),(#7498,#7499,
#7500),(#7501,#7502,#7503)),.UNSPECIFIED.,.F.,.F.,.F.)
B_SPLINE_SURFACE_WITH_KNOTS((4,4),(3,3),(0.,0.00237370786867148),(0.525212696164661,
1.),.UNSPECIFIED.)
GEOMETRIC_REPRESENTATION_ITEM()
RATIONAL_B_SPLINE_SURFACE(((0.853925763343999,0.860938018327907,1.),(0.854122219692849,
0.861125043841842,1.),(0.854363883657273,0.861355106791756,1.),(0.854651594970314,
0.86162900659953,1.)))
REPRESENTATION_ITEM('')
SURFACE()
);
#59=(
BOUNDED_SURFACE()
B_SPLINE_SURFACE(3,2,((#7538,#7539,#7540),(#7541,#7542,#7543),(#7544,#7545,
#7546),(#7547,#7548,#7549),(#7550,#7551,#7552),(#7553,#7554,#7555),(#7556,
#7557,#7558),(#7559,#7560,#7561),(#7562,#7563,#7564),(#7565,#7566,#7567),
(#7568,#7569,#7570),(#7571,#7572,#7573),(#7574,#7575,#7576),(#7577,#7578,
#7579)),.UNSPECIFIED.,.F.,.F.,.F.)
B_SPLINE_SURFACE_WITH_KNOTS((4,2,2,2,2,2,4),(3,3),(-5.2376709053611E-5,
0.00384050971392067,0.00578695292540781,0.00773339613689495,0.0116262825598692,
0.0135727257713564,0.0155191689828435),(0.,1.),.UNSPECIFIED.)
GEOMETRIC_REPRESENTATION_ITEM()
RATIONAL_B_SPLINE_SURFACE(((1.,1.,1.),(1.,0.999999824653616,1.),(1.,0.999856922149821,
1.),(1.,0.999442269117792,1.),(1.,0.999270608708537,1.),(1.,0.998861669757579,
1.),(1.,0.998623002051505,1.),(1.,0.997820268736115,1.),(1.,0.997174107303646,
1.),(1.,0.99607049899538,1.),(1.,0.995680168850532,1.),(1.,0.994859664806754,
1.),(1.,0.99442806818686,1.),(1.,0.993986568622944,1.)))
REPRESENTATION_ITEM('')
SURFACE()
);
#60=(
BOUNDED_SURFACE()
B_SPLINE_SURFACE(3,2,((#7581,#7582,#7583),(#7584,#7585,#7586),(#7587,#7588,
#7589),(#7590,#7591,#7592),(#7593,#7594,#7595),(#7596,#7597,#7598),(#7599,
#7600,#7601),(#7602,#7603,#7604),(#7605,#7606,#7607),(#7608,#7609,#7610),
(#7611,#7612,#7613),(#7614,#7615,#7616),(#7617,#7618,#7619),(#7620,#7621,
#7622),(#7623,#7624,#7625),(#7626,#7627,#7628)),.UNSPECIFIED.,.F.,.F.,.F.)
B_SPLINE_SURFACE_WITH_KNOTS((4,2,2,2,2,2,2,4),(3,3),(0.,0.00435650135480568,
0.00653475203220851,0.00762387737090993,0.00871300270961135,0.013069504064417,
0.0152477547418199,0.0174260054192227),(0.,1.),.UNSPECIFIED.)
GEOMETRIC_REPRESENTATION_ITEM()
RATIONAL_B_SPLINE_SURFACE(((1.,0.983898347482845,1.),(1.,0.984175457127309,
1.),(1.,0.984673301722599,1.),(1.,0.985676447548455,1.),(1.,0.986053665819291,
1.),(1.,0.98667551936524,1.),(1.,0.986892483330635,1.),(1.,0.987338298668745,
1.),(1.,0.987567713042457,1.),(1.,0.98874230299379,1.),(1.,0.989769362658121,
1.),(1.,0.991356035278274,1.),(1.,0.991893725864072,1.),(1.,0.992952566407786,
1.),(1.,0.993475926349743,1.),(1.,0.993986568622944,1.)))
REPRESENTATION_ITEM('')
SURFACE()
);
#61=(
BOUNDED_SURFACE()
B_SPLINE_SURFACE(3,2,((#7630,#7631,#7632),(#7633,#7634,#7635),(#7636,#7637,
#7638),(#7639,#7640,#7641)),.UNSPECIFIED.,.F.,.F.,.F.)
B_SPLINE_SURFACE_WITH_KNOTS((4,4),(3,3),(0.,0.000113480483957093),(0.,1.),
 .UNSPECIFIED.)
GEOMETRIC_REPRESENTATION_ITEM()
RATIONAL_B_SPLINE_SURFACE(((1.,0.983898347482845,1.),(1.,0.983893711422943,
1.),(1.,0.983887915903736,1.),(1.,0.983880958723449,1.)))
REPRESENTATION_ITEM('')
SURFACE()
);
#62=(
BOUNDED_SURFACE()
B_SPLINE_SURFACE(3,2,((#7647,#7648,#7649),(#7650,#7651,#7652),(#7653,#7654,
#7655),(#7656,#7657,#7658),(#7659,#7660,#7661),(#7662,#7663,#7664),(#7665,
#7666,#7667),(#7668,#7669,#7670),(#7671,#7672,#7673),(#7674,#7675,#7676),
(#7677,#7678,#7679),(#7680,#7681,#7682),(#7683,#7684,#7685),(#7686,#7687,
#7688),(#7689,#7690,#7691),(#7692,#7693,#7694),(#7695,#7696,#7697),(#7698,
#7699,#7700)),.UNSPECIFIED.,.F.,.F.,.F.)
B_SPLINE_SURFACE_WITH_KNOTS((4,2,2,2,2,2,2,2,4),(3,3),(0.,0.00518843208304724,
0.00648554010380905,0.00778264812457086,0.0103768641660945,0.0129710802076181,
0.0142681882283799,0.0155652962491417,0.0207537283321889),(0.,1.),
 .UNSPECIFIED.)
GEOMETRIC_REPRESENTATION_ITEM()
RATIONAL_B_SPLINE_SURFACE(((1.,0.983880151321988,1.),(1.,0.983503730248998,
1.),(1.,0.983445125592735,1.),(1.,0.983805151514975,1.),(1.,0.983898827693628,
1.),(1.,0.984130415593167,1.),(1.,0.984268602859357,1.),(1.,0.984742754220035,
1.),(1.,0.985139818435423,1.),(1.,0.986079078043533,1.),(1.,0.986621361324925,
1.),(1.,0.987528375692655,1.),(1.,0.98784743838695,1.),(1.,0.988507186420537,
1.),(1.,0.98884738629007,1.),(1.,0.990587706572847,1.),(1.,0.992107610946692,
1.),(1.,0.993581725182505,1.)))
REPRESENTATION_ITEM('')
SURFACE()
);
#63=(
BOUNDED_SURFACE()
B_SPLINE_SURFACE(3,2,((#7709,#7710,#7711),(#7712,#7713,#7714),(#7715,#7716,
#7717),(#7718,#7719,#7720),(#7721,#7722,#7723),(#7724,#7725,#7726),(#7727,
#7728,#7729),(#7730,#7731,#7732),(#7733,#7734,#7735),(#7736,#7737,#7738),
(#7739,#7740,#7741),(#7742,#7743,#7744),(#7745,#7746,#7747),(#7748,#7749,
#7750),(#7751,#7752,#7753),(#7754,#7755,#7756),(#7757,#7758,#7759),(#7760,
#7761,#7762),(#7763,#7764,#7765),(#7766,#7767,#7768)),.UNSPECIFIED.,.F.,
 .F.,.F.)
B_SPLINE_SURFACE_WITH_KNOTS((4,2,2,2,2,2,2,2,2,4),(3,3),(-4.27919890042838E-5,
0.00307828612855361,0.00619936424611149,0.00775990330489044,0.00932044236366938,
0.0101007118930589,0.0102957792754062,0.0104908466577536,0.0108809814224483,
0.0124415204812273),(0.,1.),.UNSPECIFIED.)
GEOMETRIC_REPRESENTATION_ITEM()
RATIONAL_B_SPLINE_SURFACE(((1.,1.,1.),(1.,1.00000069382539,1.),(1.,0.999769169737223,
1.),(1.,0.998900454390856,1.),(1.,0.998262901229845,1.),(1.,0.99706928722349,
1.),(1.,0.996630141382405,1.),(1.,0.995698049028126,1.),(1.,0.995206064045134,
1.),(1.,0.994443091263629,1.),(1.,0.994184595182649,1.),(1.,0.993857662178868,
1.),(1.,0.993792084802265,1.),(1.,0.993660583020228,1.),(1.,0.993592655679229,
1.),(1.,0.993418801216046,1.),(1.,0.993302452050581,1.),(1.,0.992718903102911,
1.),(1.,0.992246302000119,1.),(1.,0.991773315312772,1.)))
REPRESENTATION_ITEM('')
SURFACE()
);
#64=(
BOUNDED_SURFACE()
B_SPLINE_SURFACE(3,2,((#7779,#7780,#7781),(#7782,#7783,#7784),(#7785,#7786,
#7787),(#7788,#7789,#7790),(#7791,#7792,#7793),(#7794,#7795,#7796),(#7797,
#7798,#7799),(#7800,#7801,#7802)),.UNSPECIFIED.,.F.,.F.,.F.)
B_SPLINE_SURFACE_WITH_KNOTS((4,2,2,4),(3,3),(-0.000508470463091539,0.00127117615773004,
0.00254235231546008,0.00508470463092015),(0.,1.00389111590276),
 .UNSPECIFIED.)
GEOMETRIC_REPRESENTATION_ITEM()
RATIONAL_B_SPLINE_SURFACE(((1.,0.996228916778981,1.00002934744378),(1.,
0.995851547533874,1.00003228421873),(1.,0.995446715558245,1.000035434715),
(1.,0.995794562669104,1.00003272768815),(1.,0.996391259184914,1.00002808405755),
(1.,0.998754647717875,1.00000969162014),(1.,1.00031786468355,0.99999752630335),
(1.,1.,1.)))
REPRESENTATION_ITEM('')
SURFACE()
);
#65=(
BOUNDED_SURFACE()
B_SPLINE_SURFACE(3,2,((#7810,#7811,#7812),(#7813,#7814,#7815),(#7816,#7817,
#7818),(#7819,#7820,#7821)),.UNSPECIFIED.,.F.,.F.,.F.)
B_SPLINE_SURFACE_WITH_KNOTS((4,4),(3,3),(-2.08275237334465E-16,0.000206295726867178),
(0.,1.),.UNSPECIFIED.)
GEOMETRIC_REPRESENTATION_ITEM()
RATIONAL_B_SPLINE_SURFACE(((1.,0.703248526676785,1.),(1.,0.703131024274923,
1.),(1.,0.703013301541093,1.),(1.,0.70289536094402,1.)))
REPRESENTATION_ITEM('')
SURFACE()
);
#66=(
BOUNDED_SURFACE()
B_SPLINE_SURFACE(3,2,((#7829,#7830,#7831),(#7832,#7833,#7834),(#7835,#7836,
#7837),(#7838,#7839,#7840)),.UNSPECIFIED.,.F.,.F.,.F.)
B_SPLINE_SURFACE_WITH_KNOTS((4,4),(3,3),(0.114723115875887,0.114910759129651),
(0.,1.),.UNSPECIFIED.)
GEOMETRIC_REPRESENTATION_ITEM()
RATIONAL_B_SPLINE_SURFACE(((1.,0.707106781186548,1.),(1.,0.707075732638823,
1.),(1.,0.707044116577778,1.),(1.,0.707011931402293,1.)))
REPRESENTATION_ITEM('')
SURFACE()
);
#67=(
BOUNDED_SURFACE()
B_SPLINE_SURFACE(3,2,((#7919,#7920,#7921),(#7922,#7923,#7924),(#7925,#7926,
#7927),(#7928,#7929,#7930),(#7931,#7932,#7933),(#7934,#7935,#7936),(#7937,
#7938,#7939),(#7940,#7941,#7942),(#7943,#7944,#7945),(#7946,#7947,#7948),
(#7949,#7950,#7951),(#7952,#7953,#7954),(#7955,#7956,#7957),(#7958,#7959,
#7960)),.UNSPECIFIED.,.F.,.F.,.F.)
B_SPLINE_SURFACE_WITH_KNOTS((4,2,2,2,2,2,4),(3,3),(1.5707963267949,1.96349540849362,
2.35619449019234,2.55254403104171,2.74889357189107,2.94524311274043,3.14159265358979),
(0.,1.),.UNSPECIFIED.)
GEOMETRIC_REPRESENTATION_ITEM()
RATIONAL_B_SPLINE_SURFACE(((1.,1.,1.),(1.,1.00015858217408,1.),(1.,0.986729187384909,
1.),(1.,0.938655652377404,1.),(1.,0.903812886690586,1.),(1.,0.847131662331365,
1.),(1.,0.827594266955106,1.),(1.,0.790218011288236,1.),(1.,0.772396818771302,
1.),(1.,0.741833420925903,1.),(1.,0.72912889176041,1.),(1.,0.711746004782907,
1.),(1.,0.707071726684663,1.),(1.,0.707106781186548,1.)))
REPRESENTATION_ITEM('')
SURFACE()
);
#68=(
BOUNDED_SURFACE()
B_SPLINE_SURFACE(3,2,((#8096,#8097,#8098),(#8099,#8100,#8101),(#8102,#8103,
#8104),(#8105,#8106,#8107),(#8108,#8109,#8110),(#8111,#8112,#8113),(#8114,
#8115,#8116),(#8117,#8118,#8119),(#8120,#8121,#8122),(#8123,#8124,#8125),
(#8126,#8127,#8128),(#8129,#8130,#8131),(#8132,#8133,#8134),(#8135,#8136,
#8137)),.UNSPECIFIED.,.F.,.F.,.F.)
B_SPLINE_SURFACE_WITH_KNOTS((4,2,2,2,2,2,4),(3,3),(1.5707963267949,1.96349540849362,
2.35619449019234,2.55254403104171,2.74889357189107,2.94524311274043,3.14159265358979),
(0.,1.),.UNSPECIFIED.)
GEOMETRIC_REPRESENTATION_ITEM()
RATIONAL_B_SPLINE_SURFACE(((1.,1.,1.),(1.,1.00015858217407,1.),(1.,0.986729187384929,
1.),(1.,0.938655652377384,1.),(1.,0.903812886690568,1.),(1.,0.847131662331374,
1.),(1.,0.827594266955115,1.),(1.,0.790218011288228,1.),(1.,0.77239681877131,
1.),(1.,0.741833420925895,1.),(1.,0.72912889176041,1.),(1.,0.711746004782907,
1.),(1.,0.707071726684663,1.),(1.,0.707106781186548,1.)))
REPRESENTATION_ITEM('')
SURFACE()
);
#69=B_SPLINE_SURFACE_WITH_KNOTS('',3,1,((#4499,#4500),(#4501,#4502),(#4503,
#4504),(#4505,#4506),(#4507,#4508),(#4509,#4510)),.UNSPECIFIED.,.F.,.F.,
 .F.,(4,1,1,4),(2,2),(0.,0.240463349616706,0.602739632189415,0.994065458350291),
(0.,0.650085244159778),.UNSPECIFIED.);
#70=B_SPLINE_SURFACE_WITH_KNOTS('',3,1,((#4602,#4603),(#4604,#4605),(#4606,
#4607),(#4608,#4609),(#4610,#4611)),.UNSPECIFIED.,.F.,.F.,.F.,(4,1,4),(2,
2),(0.0367394241001767,0.397260367810585,0.999612545646069),(0.,0.650851215559034),
 .UNSPECIFIED.);
#71=B_SPLINE_SURFACE_WITH_KNOTS('',3,1,((#6655,#6656),(#6657,#6658),(#6659,
#6660),(#6661,#6662),(#6663,#6664),(#6665,#6666)),.UNSPECIFIED.,.F.,.F.,
 .F.,(4,1,1,4),(2,2),(0.,0.391325826160876,0.753602108733585,0.994065458350291),
(0.,0.650085244159768),.UNSPECIFIED.);
#72=B_SPLINE_SURFACE_WITH_KNOTS('',3,1,((#6758,#6759),(#6760,#6761),(#6762,
#6763),(#6764,#6765),(#6766,#6767)),.UNSPECIFIED.,.F.,.F.,.F.,(4,1,4),(2,
2),(0.,0.602352177835485,0.962873121545893),(0.,0.650851215559004),
 .UNSPECIFIED.);
#73=ELLIPSE('',#2827,81.9505390583089,55.0919459061754);
#74=ELLIPSE('',#2832,59.3918417901642,20.9494690897219);
#75=ELLIPSE('',#2833,82.2676655094251,55.05066060894);
#76=ELLIPSE('',#2884,4.24264068711944,3.00000000000029);
#77=ELLIPSE('',#2885,4.24264068711932,3.00000000000009);
#78=ELLIPSE('',#2927,81.9505390583089,55.0919459061754);
#79=ELLIPSE('',#2932,59.3918417901642,20.9494690897219);
#80=ELLIPSE('',#2933,82.2676655094251,55.05066060894);
#81=ELLIPSE('',#2990,4.24264068711932,3.00000000000009);
#82=ELLIPSE('',#2991,4.24264068711944,3.00000000000029);
#83=B_SPLINE_CURVE_WITH_KNOTS('',3,(#4001,#4002,#4003,#4004,#4005,#4006,
#4007,#4008,#4009,#4010,#4011,#4012,#4013,#4014,#4015,#4016,#4017,#4018,
#4019,#4020,#4021,#4022,#4023,#4024,#4025,#4026,#4027,#4028,#4029,#4030,
#4031,#4032,#4033,#4034,#4035,#4036,#4037,#4038,#4039,#4040,#4041,#4042,
#4043,#4044,#4045,#4046,#4047,#4048,#4049,#4050,#4051,#4052,#4053,#4054,
#4055,#4056,#4057,#4058,#4059,#4060,#4061,#4062,#4063,#4064,#4065,#4066,
#4067,#4068,#4069,#4070,#4071,#4072,#4073,#4074,#4075,#4076,#4077,#4078,
#4079,#4080,#4081,#4082),.UNSPECIFIED.,.F.,.F.,(4,3,3,3,3,3,3,3,3,3,3,3,
3,3,3,3,3,3,3,3,3,3,3,3,3,3,3,4),(0.,3.8753372131754E-5,7.74739069046009E-5,
0.000116692440417527,0.00015649215404169,0.000197945823030912,0.000224718302775397,
0.000267489664439489,0.000320905502655184,0.000352305161235956,0.000400880771181535,
0.000448525284768775,0.000449436605550794,0.00052429143102102,0.000601783333301903,
0.000676105284469908,0.000759623102287731,0.000845178276880443,0.000898873211101554,
0.000957458617305139,0.00105071307823509,0.00111803176551383,0.00124578597482401,
0.0012920572905467,0.00143166024178021,0.00157210245533754,0.00171350542111304,
0.00179774642220307),.UNSPECIFIED.);
#84=B_SPLINE_CURVE_WITH_KNOTS('',3,(#4090,#4091,#4092,#4093,#4094,#4095,
#4096,#4097,#4098,#4099,#4100,#4101,#4102,#4103,#4104,#4105,#4106,#4107,
#4108,#4109,#4110,#4111,#4112,#4113,#4114,#4115,#4116,#4117,#4118,#4119,
#4120,#4121,#4122,#4123,#4124,#4125,#4126,#4127,#4128,#4129,#4130,#4131,
#4132,#4133,#4134,#4135,#4136,#4137,#4138,#4139,#4140,#4141,#4142,#4143,
#4144,#4145,#4146,#4147,#4148,#4149,#4150,#4151,#4152,#4153,#4154,#4155,
#4156,#4157,#4158,#4159),.UNSPECIFIED.,.F.,.F.,(4,3,3,3,3,3,3,3,3,3,3,3,
3,3,3,3,3,3,3,3,3,3,3,4),(1.57776282292861E-17,0.000157220007302231,0.000314440014604446,
0.000434971864584112,0.000548154715176197,0.00060093337026825,0.000731910735937535,
0.000854538357660912,0.000947452828974751,0.00103764552214485,0.00108705368354403,
0.0011703891376951,0.00118997688856426,0.00125255667723194,0.00128180753649137,
0.0012853339253606,0.00134494704340992,0.00140250529537735,0.00145335838881026,
0.0014954421259066,0.0015526094001551,0.001608457045352,0.00166231837612455,
0.00170907671532183),.UNSPECIFIED.);
#85=B_SPLINE_CURVE_WITH_KNOTS('',3,(#4166,#4167,#4168,#4169,#4170,#4171),
 .UNSPECIFIED.,.F.,.F.,(4,2,4),(0.,0.00249612779631676,0.00498956864218888),
 .UNSPECIFIED.);
#86=B_SPLINE_CURVE_WITH_KNOTS('',3,(#4174,#4175,#4176,#4177,#4178),
 .UNSPECIFIED.,.F.,.F.,(4,1,4),(0.,0.00247500415095061,0.00498954008167422),
 .UNSPECIFIED.);
#87=B_SPLINE_CURVE_WITH_KNOTS('',3,(#4182,#4183,#4184,#4185,#4186,#4187,
#4188,#4189,#4190,#4191,#4192,#4193,#4194,#4195,#4196,#4197,#4198,#4199,
#4200,#4201,#4202,#4203,#4204,#4205,#4206,#4207,#4208,#4209,#4210,#4211,
#4212,#4213,#4214,#4215,#4216,#4217,#4218,#4219,#4220,#4221,#4222,#4223,
#4224,#4225,#4226,#4227,#4228,#4229,#4230,#4231,#4232,#4233,#4234,#4235,
#4236),.UNSPECIFIED.,.F.,.F.,(4,3,3,3,3,3,3,3,3,3,3,3,3,3,3,3,3,3,4),(0.,
0.00270774716216243,0.00270860293144318,0.00541642191506237,0.00541720586288636,
0.0108337714209511,0.0108344117257727,0.0135424461740638,0.0135430146572159,
0.0162511209270803,0.0162516175886591,0.0216684704330639,0.0216688234515454,
0.0270858199390685,0.0270860293144318,0.0325031694450642,0.0325032351773182,
0.0371338813138466,0.0433376469030908),.UNSPECIFIED.);
#88=B_SPLINE_CURVE_WITH_KNOTS('',3,(#4240,#4241,#4242,#4243,#4244,#4245,
#4246,#4247,#4248,#4249,#4250,#4251,#4252,#4253,#4254,#4255,#4256,#4257,
#4258,#4259,#4260,#4261,#4262,#4263,#4264,#4265,#4266,#4267,#4268,#4269,
#4270,#4271,#4272,#4273,#4274,#4275,#4276,#4277,#4278,#4279,#4280,#4281,
#4282,#4283,#4284,#4285,#4286,#4287,#4288,#4289,#4290,#4291,#4292,#4293,
#4294,#4295,#4296,#4297),.UNSPECIFIED.,.F.,.F.,(4,3,3,3,3,3,3,3,3,3,3,3,
3,3,3,3,3,3,3,4),(0.000176088942941703,0.00411997309388255,0.00552144201862588,
0.00553438456455596,0.00821776096638633,0.0108783459576679,0.0108926801861702,
0.0215967820963455,0.0216092714293987,0.0269560001649116,0.026967567051013,
0.0312712583820557,0.0323157980343726,0.0323258626726272,0.0358954475547213,
0.0376776890047218,0.0376841582942415,0.0401761820885072,0.042387027615198,
0.0430424539158557),.UNSPECIFIED.);
#89=B_SPLINE_CURVE_WITH_KNOTS('',3,(#4319,#4320,#4321,#4322),
 .UNSPECIFIED.,.F.,.F.,(4,4),(2.77555756156289E-17,0.000187643266147499),
 .UNSPECIFIED.);
#90=B_SPLINE_CURVE_WITH_KNOTS('',3,(#4336,#4337,#4338,#4339),
 .UNSPECIFIED.,.F.,.F.,(4,4),(0.,0.00011348048395709),.UNSPECIFIED.);
#91=B_SPLINE_CURVE_WITH_KNOTS('',3,(#4353,#4354,#4355,#4356,#4357,#4358,
#4359,#4360,#4361,#4362,#4363,#4364,#4365,#4366,#4367,#4368,#4369,#4370,
#4371,#4372,#4373,#4374,#4375,#4376,#4377,#4378,#4379,#4380,#4381,#4382,
#4383,#4384,#4385,#4386,#4387,#4388,#4389,#4390,#4391,#4392,#4393,#4394,
#4395,#4396,#4397,#4398,#4399,#4400,#4401,#4402,#4403,#4404,#4405,#4406,
#4407,#4408,#4409,#4410,#4411,#4412,#4413,#4414,#4415,#4416,#4417,#4418,
#4419),.UNSPECIFIED.,.F.,.F.,(4,3,3,3,3,3,3,3,3,3,3,3,3,3,3,3,3,3,3,3,3,
3,4),(0.,0.00159669343886368,0.00233561433826294,0.00258452507400276,0.00409066865954575,
0.00467122867652588,0.00518051307593481,0.00745529435785851,0.00934245735305175,
0.0103723268168574,0.0140136860295776,0.0155642028131436,0.0163493003678406,
0.0186849147061035,0.0207563265774808,0.0233561433826293,0.025948065051824,
0.0272446765398905,0.0279235923687209,0.0284516667276755,0.03113451100409,
0.0351971284380002,0.0373698294122067),.UNSPECIFIED.);
#92=B_SPLINE_CURVE_WITH_KNOTS('',3,(#4425,#4426,#4427,#4428,#4429,#4430,
#4431,#4432,#4433,#4434,#4435,#4436,#4437,#4438,#4439,#4440,#4441,#4442,
#4443,#4444,#4445,#4446,#4447,#4448,#4449,#4450,#4451,#4452,#4453,#4454,
#4455,#4456,#4457,#4458,#4459,#4460,#4461,#4462,#4463,#4464,#4465,#4466,
#4467,#4468,#4469,#4470,#4471,#4472,#4473,#4474,#4475,#4476,#4477,#4478,
#4479,#4480,#4481,#4482,#4483,#4484,#4485,#4486,#4487,#4488,#4489,#4490,
#4491,#4492,#4493,#4494,#4495,#4496,#4497),.UNSPECIFIED.,.F.,.F.,(4,3,3,
3,3,3,3,3,3,3,3,3,3,3,3,3,3,3,3,3,3,3,3,3,4),(0.00362834219153842,0.0047033081964529,
0.00726986192305752,0.00824961738793535,0.00983827209068581,0.0128708925843323,
0.0153469479820198,0.0174921677807292,0.0201241166822464,0.0221134429771261,
0.0226966464838196,0.0244240805753246,0.025268985020868,0.0267347181735231,
0.0289097808737459,0.0304140624626687,0.0313559933699201,0.0328536428901612,
0.0329824075883908,0.0344986445799364,0.0355389945506577,0.0369761447702808,
0.0383817492583121,0.0397447222256763,0.040598543762714),.UNSPECIFIED.);
#93=B_SPLINE_CURVE_WITH_KNOTS('',3,(#4512,#4513,#4514,#4515,#4516,#4517,
#4518),.UNSPECIFIED.,.F.,.F.,(4,3,4),(-5.9999999964715E-8,0.,0.000188320489216892),
 .UNSPECIFIED.);
#94=B_SPLINE_CURVE_WITH_KNOTS('',3,(#4520,#4521,#4522,#4523,#4524,#4525),
 .UNSPECIFIED.,.F.,.F.,(4,1,1,4),(0.00396696891814947,0.240463349616706,
0.602739632189415,0.988136638519175),.UNSPECIFIED.);
#95=B_SPLINE_CURVE_WITH_KNOTS('',3,(#4527,#4528,#4529,#4530,#4531,#4532),
 .UNSPECIFIED.,.F.,.F.,(4,2,4),(5.29588092909377E-17,0.00200000000008097,
0.0049896036782887),.UNSPECIFIED.);
#96=B_SPLINE_CURVE_WITH_KNOTS('',3,(#4534,#4535,#4536,#4537,#4538,#4539,
#4540,#4541,#4542,#4543,#4544,#4545,#4546,#4547,#4548,#4549,#4550,#4551,
#4552,#4553,#4554,#4555,#4556,#4557,#4558,#4559,#4560,#4561,#4562,#4563,
#4564,#4565,#4566,#4567,#4568,#4569,#4570,#4571,#4572,#4573,#4574,#4575,
#4576,#4577,#4578,#4579,#4580,#4581,#4582,#4583,#4584,#4585,#4586,#4587,
#4588,#4589,#4590,#4591,#4592,#4593,#4594,#4595,#4596,#4597),
 .UNSPECIFIED.,.F.,.F.,(4,3,3,3,3,3,3,3,3,3,3,3,3,3,3,3,3,3,3,3,3,4),(3.27306970834017E-17,
0.00188156099653414,0.00391044910391703,0.00515899262143278,0.00752235617969465,
0.00773848893214913,0.00887252035400123,0.0101040087733895,0.0103179852428655,
0.0117917226426305,0.0133571500012405,0.0151445002834256,0.0154769778642981,
0.0169451434971125,0.0180564741750144,0.0206359704857307,0.0241818080460209,
0.0309539557285958,0.0329029098749871,0.0361129483500284,0.0394303935906241,
0.041271940971461),.UNSPECIFIED.);
#97=B_SPLINE_CURVE_WITH_KNOTS('',3,(#4598,#4599,#4600,#4601),
 .UNSPECIFIED.,.F.,.F.,(4,4),(0.,0.00237685402735402),.UNSPECIFIED.);
#98=B_SPLINE_CURVE_WITH_KNOTS('',3,(#4617,#4618,#4619,#4620),
 .UNSPECIFIED.,.F.,.F.,(4,4),(1.83831955219106E-5,0.00237201000798054),
 .UNSPECIFIED.);
#99=B_SPLINE_CURVE_WITH_KNOTS('',3,(#4622,#4623,#4624,#4625,#4626,#4627,
#4628,#4629,#4630,#4631,#4632,#4633,#4634,#4635,#4636,#4637,#4638,#4639,
#4640,#4641,#4642,#4643,#4644,#4645,#4646,#4647,#4648,#4649,#4650,#4651,
#4652,#4653,#4654,#4655,#4656,#4657,#4658,#4659,#4660,#4661,#4662,#4663,
#4664,#4665,#4666,#4667,#4668,#4669,#4670,#4671,#4672,#4673,#4674,#4675,
#4676,#4677,#4678,#4679,#4680,#4681,#4682,#4683,#4684,#4685,#4686,#4687,
#4688,#4689,#4690,#4691,#4692,#4693,#4694,#4695,#4696,#4697,#4698,#4699,
#4700),.UNSPECIFIED.,.F.,.F.,(4,3,3,3,3,3,3,3,3,3,3,3,3,3,3,3,3,3,3,3,3,
3,3,3,3,3,4),(7.15400857342591E-15,0.00371653340027052,0.00745184884978228,
0.00981843005644454,0.0100054125327907,0.013404695453973,0.0148737334951231,
0.015008118799186,0.0181484027316407,0.0199442291951264,0.0200108250655813,
0.0226055482253368,0.0250135313319767,0.0250250147736356,0.0269414360325086,
0.0288267805676681,0.0300162375983721,0.0300793116772606,0.0318972630299652,
0.0336906425535365,0.0350189438647674,0.0350819380360714,0.0363225062603939,
0.0375630744847165,0.0387923623079397,0.0399403553556577,0.0400216501311628),
 .UNSPECIFIED.);
#100=B_SPLINE_CURVE_WITH_KNOTS('',3,(#4702,#4703,#4704,#4705,#4706,#4707),
 .UNSPECIFIED.,.F.,.F.,(4,2,4),(0.,0.00200000000003897,0.00498951277839946),
 .UNSPECIFIED.);
#101=B_SPLINE_CURVE_WITH_KNOTS('',3,(#4708,#4709,#4710,#4711,#4712),
 .UNSPECIFIED.,.F.,.F.,(4,1,4),(0.0424822061372305,0.397260367810585,0.995334970480737),
 .UNSPECIFIED.);
#102=B_SPLINE_CURVE_WITH_KNOTS('',3,(#4718,#4719,#4720,#4721,#4722,#4723),
 .UNSPECIFIED.,.F.,.F.,(4,2,4),(0.,0.134480415134174,0.146305590857987),
 .UNSPECIFIED.);
#103=B_SPLINE_CURVE_WITH_KNOTS('',3,(#4724,#4725,#4726,#4727,#4728,#4729),
 .UNSPECIFIED.,.F.,.F.,(4,2,4),(0.722290352945428,0.734115528669226,0.8685959438034),
 .UNSPECIFIED.);
#104=B_SPLINE_CURVE_WITH_KNOTS('',3,(#4792,#4793,#4794,#4795,#4796,#4797,
#4798,#4799,#4800,#4801,#4802,#4803,#4804,#4805,#4806,#4807,#4808,#4809,
#4810,#4811,#4812,#4813,#4814,#4815,#4816,#4817,#4818,#4819,#4820,#4821,
#4822,#4823,#4824,#4825,#4826,#4827,#4828,#4829,#4830,#4831,#4832,#4833,
#4834),.UNSPECIFIED.,.F.,.F.,(4,3,3,3,3,3,3,3,3,3,3,3,3,3,4),(1.47608752865522E-5,
2.42055800636501E-5,6.26684961978638E-5,0.000220110151762137,0.000416358312683573,
0.000551821431448092,0.000716691227669435,0.000903584014193903,0.00114049392312963,
0.00121750400151114,0.00153388921992766,0.00164546281282177,0.00198335051044593,
0.00235861079382618,0.00242024712772334),.UNSPECIFIED.);
#105=B_SPLINE_CURVE_WITH_KNOTS('',3,(#4896,#4897,#4898,#4899,#4900,#4901,
#4902,#4903,#4904,#4905,#4906,#4907,#4908,#4909,#4910,#4911,#4912,#4913,
#4914,#4915,#4916,#4917,#4918,#4919,#4920,#4921,#4922,#4923,#4924,#4925,
#4926,#4927,#4928,#4929,#4930,#4931,#4932,#4933,#4934,#4935,#4936,#4937,
#4938,#4939,#4940,#4941,#4942,#4943,#4944,#4945,#4946,#4947),
 .UNSPECIFIED.,.F.,.F.,(4,3,3,3,3,3,3,3,3,3,3,3,3,3,3,3,3,4),(-4.27919911918096E-5,
0.000314352074013983,0.000637604910814987,0.000746244479530117,0.00105109492448537,
0.00135594536944063,0.00149470672287545,0.00167190519579901,0.00183042498258625,
0.00184910366872257,0.00203012237386335,0.00218150536854075,0.00233794933710898,
0.00237600929892646,0.00241364885897661,0.00248767240709231,0.00266913836712083,
0.00275468264085185),.UNSPECIFIED.);
#106=B_SPLINE_CURVE_WITH_KNOTS('',3,(#4948,#4949,#4950,#4951,#4952,#4953,
#4954,#4955,#4956,#4957,#4958,#4959,#4960,#4961,#4962,#4963,#4964,#4965,
#4966,#4967,#4968,#4969,#4970,#4971,#4972,#4973,#4974,#4975,#4976,#4977,
#4978,#4979,#4980,#4981,#4982,#4983,#4984,#4985,#4986,#4987,#4988,#4989,
#4990,#4991,#4992,#4993,#4994,#4995,#4996,#4997,#4998,#4999,#5000,#5001,
#5002,#5003,#5004,#5005,#5006,#5007,#5008,#5009,#5010,#5011,#5012,#5013,
#5014,#5015,#5016,#5017,#5018,#5019,#5020,#5021,#5022,#5023,#5024,#5025,
#5026,#5027,#5028,#5029,#5030,#5031,#5032,#5033,#5034,#5035,#5036,#5037,
#5038,#5039,#5040,#5041,#5042,#5043,#5044,#5045,#5046,#5047),
 .UNSPECIFIED.,.F.,.F.,(4,3,3,3,3,3,3,3,3,3,3,3,3,3,3,3,3,3,3,3,3,3,3,3,
3,3,3,3,3,3,3,3,3,4),(1.21516042956715E-9,0.000128202799957332,0.000252891293129023,
0.000372495743664684,0.000426123197149301,0.000522493509323369,0.000614723401075254,
0.000670758102231858,0.000758635125857268,0.000809391749287678,0.000852246394298601,
0.00090771183234995,0.000934589840804004,0.000993174519777602,0.00105007392611285,
0.00106530799287325,0.00111280786881711,0.00114061475127967,0.001185521833521,
0.00122936088532349,0.00127178517037585,0.0012783695914479,0.00129857594976302,
0.00134993073921414,0.00136510010774256,0.00138490039073522,0.00141743690141277,
0.0014274304327916,0.00146067554004551,0.00149143119002253,0.00155026065516023,
0.00161003786162591,0.00167126939969911,0.00170446601864398),
 .UNSPECIFIED.);
#107=B_SPLINE_CURVE_WITH_KNOTS('',3,(#5215,#5216,#5217,#5218,#5219,#5220,
#5221,#5222,#5223,#5224,#5225,#5226,#5227,#5228,#5229,#5230,#5231,#5232,
#5233,#5234,#5235,#5236,#5237,#5238,#5239,#5240,#5241,#5242,#5243,#5244,
#5245,#5246,#5247,#5248,#5249,#5250,#5251,#5252,#5253,#5254,#5255,#5256,
#5257,#5258,#5259,#5260,#5261,#5262,#5263,#5264,#5265,#5266,#5267,#5268,
#5269,#5270,#5271,#5272,#5273,#5274,#5275,#5276,#5277,#5278,#5279,#5280,
#5281,#5282,#5283,#5284),.UNSPECIFIED.,.F.,.F.,(4,3,3,3,3,3,3,3,3,3,3,3,
3,3,3,3,3,3,3,3,3,3,3,4),(0.,5.15755179173752E-5,0.000105720320366276,0.000163282071970161,
0.000220843823574046,0.000284414901725293,0.000292123582530162,0.00036080303099696,
0.000431702517633338,0.000441687647148093,0.000478198694352436,0.000548791300624661,
0.000581117297254296,0.000678472853025614,0.000690501111061745,0.000796307556162157,
0.000883375294296221,0.0010347015269626,0.00118602775962898,0.001309164067817,
0.00144038506324638,0.00146672199445257,0.00163755078213866,0.00176675058859033),
 .UNSPECIFIED.);
#108=B_SPLINE_CURVE_WITH_KNOTS('',3,(#5285,#5286,#5287,#5288,#5289,#5290,
#5291,#5292,#5293,#5294,#5295,#5296,#5297,#5298,#5299,#5300,#5301,#5302,
#5303,#5304,#5305,#5306,#5307,#5308,#5309,#5310,#5311,#5312),
 .UNSPECIFIED.,.F.,.F.,(4,3,3,3,3,3,3,3,3,4),(0.,0.000163001741012006,0.000276311587963987,
0.000562915408408701,0.000895372129022344,0.00116556037915486,0.00122069231711632,
0.00147857898991852,0.00179542722597676,0.00244138463423265),
 .UNSPECIFIED.);
#109=B_SPLINE_CURVE_WITH_KNOTS('',3,(#5313,#5314,#5315,#5316),
 .UNSPECIFIED.,.F.,.F.,(4,4),(9.97142246745249E-15,6.7731305436667E-6),
 .UNSPECIFIED.);
#110=B_SPLINE_CURVE_WITH_KNOTS('',3,(#5320,#5321,#5322,#5323,#5324,#5325),
 .UNSPECIFIED.,.F.,.F.,(4,2,4),(0.,0.134480415134173,0.146305590857972),
 .UNSPECIFIED.);
#111=B_SPLINE_CURVE_WITH_KNOTS('',3,(#5326,#5327,#5328,#5329,#5330,#5331),
 .UNSPECIFIED.,.F.,.F.,(4,2,4),(0.722290352945413,0.734115528669226,0.868595943803399),
 .UNSPECIFIED.);
#112=B_SPLINE_CURVE_WITH_KNOTS('',3,(#5345,#5346,#5347,#5348,#5349,#5350,
#5351,#5352,#5353,#5354,#5355,#5356,#5357,#5358,#5359,#5360,#5361,#5362,
#5363,#5364,#5365,#5366,#5367,#5368,#5369,#5370,#5371,#5372,#5373,#5374,
#5375,#5376,#5377,#5378),.UNSPECIFIED.,.F.,.F.,(4,3,3,3,3,3,3,3,3,3,3,4),
(-5.23767970000015E-5,0.000543107817301179,0.000600109554563457,0.00092212288470212,
0.00119081885892186,0.00124150909613485,0.00155010076443328,0.0018586924327317,
0.00212812192674739,0.00215199701676653,0.00231088446347499,0.00243401451484536),
 .UNSPECIFIED.);
#113=B_SPLINE_CURVE_WITH_KNOTS('',3,(#5485,#5486,#5487,#5488,#5489,#5490,
#5491,#5492,#5493,#5494),.UNSPECIFIED.,.F.,.F.,(4,2,2,2,4),(-0.111379212517989,
-6.31977803422501E-12,0.248280596527678,0.604824424870406,0.608099706272105),
 .UNSPECIFIED.);
#114=B_SPLINE_CURVE_WITH_KNOTS('',3,(#5562,#5563,#5564,#5565,#5566,#5567,
#5568,#5569),.UNSPECIFIED.,.F.,.F.,(4,2,2,4),(-0.000244407790781622,0.000963877727260839,
0.00217216339498647,0.00458873473043774),.UNSPECIFIED.);
#115=B_SPLINE_CURVE_WITH_KNOTS('',3,(#5630,#5631,#5632,#5633,#5634,#5635,
#5636,#5637,#5638,#5639),.UNSPECIFIED.,.F.,.F.,(4,3,3,4),(8.67714983302263E-15,
0.00121064561216809,0.00242172895721071,0.00484477177851548),
 .UNSPECIFIED.);
#116=B_SPLINE_CURVE_WITH_KNOTS('',3,(#5710,#5711,#5712,#5713,#5714,#5715,
#5716,#5717,#5718,#5719,#5720,#5721,#5722,#5723,#5724,#5725,#5726,#5727,
#5728,#5729,#5730,#5731,#5732,#5733,#5734,#5735,#5736,#5737,#5738,#5739,
#5740,#5741,#5742,#5743,#5744,#5745,#5746,#5747,#5748,#5749,#5750,#5751,
#5752,#5753,#5754,#5755,#5756,#5757,#5758,#5759,#5760,#5761,#5762,#5763,
#5764,#5765,#5766,#5767,#5768,#5769,#5770,#5771,#5772,#5773,#5774,#5775,
#5776),.UNSPECIFIED.,.F.,.F.,(4,3,3,3,3,3,3,3,3,3,3,3,3,3,3,3,3,3,3,3,3,
3,4),(1.5707963267949,1.64978599816779,1.73184195970806,1.81327747708643,
1.89665568835697,1.97800984432888,2.06014364020738,2.14378182660137,2.22770610934015,
2.31101421270876,2.35622293500921,2.4383158195333,2.51927606667369,2.54374956603332,
2.62430801395196,2.70366093451303,2.73442432738795,2.81424606655266,2.89316248642849,
2.93197093842159,3.01227591947309,3.09218552843108,3.14159265358979),
 .UNSPECIFIED.);
#117=B_SPLINE_CURVE_WITH_KNOTS('',3,(#5819,#5820,#5821,#5822,#5823,#5824,
#5825,#5826,#5827,#5828,#5829,#5830,#5831,#5832,#5833,#5834,#5835,#5836,
#5837,#5838,#5839,#5840,#5841,#5842,#5843,#5844,#5845,#5846,#5847,#5848,
#5849,#5850,#5851,#5852,#5853,#5854,#5855,#5856,#5857,#5858,#5859,#5860,
#5861,#5862,#5863,#5864,#5865,#5866,#5867,#5868,#5869,#5870,#5871,#5872,
#5873,#5874,#5875,#5876,#5877,#5878,#5879,#5880,#5881,#5882,#5883,#5884,
#5885),.UNSPECIFIED.,.F.,.F.,(4,3,3,3,3,3,3,3,3,3,3,3,3,3,3,3,3,3,3,3,3,
3,4),(1.5707963267949,1.64978599817138,1.73184195971049,1.81327747709,1.89665568836024,
1.97800984432783,2.0601436402027,2.14378182659145,2.22770610932433,2.31101421268638,
2.35622293500832,2.43831581952502,2.51927606665809,2.54374956603267,2.62430801394349,
2.70366093449795,2.73442432738758,2.8142460665464,2.89316248641913,2.93197093842147,
3.01227591947269,3.0921855284335,3.14159265358979),.UNSPECIFIED.);
#118=B_SPLINE_CURVE_WITH_KNOTS('',3,(#5887,#5888,#5889,#5890,#5891,#5892,
#5893,#5894,#5895,#5896,#5897,#5898,#5899,#5900,#5901,#5902,#5903,#5904,
#5905,#5906,#5907,#5908,#5909,#5910,#5911,#5912,#5913,#5914,#5915,#5916,
#5917,#5918,#5919,#5920,#5921,#5922,#5923,#5924,#5925,#5926,#5927,#5928,
#5929,#5930,#5931,#5932,#5933,#5934,#5935,#5936,#5937,#5938,#5939,#5940,
#5941,#5942,#5943,#5944,#5945,#5946,#5947,#5948,#5949,#5950,#5951,#5952,
#5953),.UNSPECIFIED.,.F.,.F.,(4,3,3,3,3,3,3,3,3,3,3,3,3,3,3,3,3,3,3,3,3,
3,4),(1.5707963267949,1.64978599816926,1.7318419597092,1.81327747708851,
1.89665568835961,1.97800984432903,2.06014364020757,2.14378182660101,2.22770610933901,
2.31101421270669,2.35622293500934,2.4383158195324,2.51927606667177,2.54374956603341,
2.62430801395047,2.70366093450988,2.734424327388,2.81424606655155,2.89316248642648,
2.93197093842161,3.01227591947127,3.09218552842798,3.14159265358979),
 .UNSPECIFIED.);
#119=B_SPLINE_CURVE_WITH_KNOTS('',3,(#5996,#5997,#5998,#5999,#6000,#6001,
#6002,#6003,#6004,#6005,#6006,#6007,#6008,#6009,#6010,#6011,#6012,#6013,
#6014,#6015,#6016,#6017,#6018,#6019,#6020,#6021,#6022,#6023,#6024,#6025,
#6026,#6027,#6028,#6029,#6030,#6031,#6032,#6033,#6034,#6035,#6036,#6037,
#6038,#6039,#6040,#6041,#6042,#6043,#6044,#6045,#6046,#6047,#6048,#6049,
#6050,#6051,#6052,#6053,#6054,#6055,#6056,#6057,#6058,#6059,#6060,#6061,
#6062),.UNSPECIFIED.,.F.,.F.,(4,3,3,3,3,3,3,3,3,3,3,3,3,3,3,3,3,3,3,3,3,
3,4),(1.5707963267949,1.64978599817118,1.73184195971036,1.8132774770895,
1.89665568835911,1.9780098443279,2.06014364020206,2.14378182659057,2.22770610932348,
2.31101421268598,2.35622293500837,2.43831581952591,2.51927606666026,2.54374956603271,
2.62430801394481,2.70366093450082,2.7344243273876,2.81424606654778,2.89316248642137,
2.93197093842147,3.01227591947337,3.09218552843423,3.14159265358979),
 .UNSPECIFIED.);
#120=B_SPLINE_CURVE_WITH_KNOTS('',3,(#6152,#6153,#6154,#6155,#6156,#6157,
#6158,#6159,#6160,#6161,#6162,#6163,#6164,#6165,#6166,#6167,#6168,#6169,
#6170,#6171,#6172,#6173,#6174,#6175,#6176,#6177,#6178,#6179,#6180,#6181,
#6182,#6183,#6184,#6185,#6186,#6187,#6188,#6189,#6190,#6191,#6192,#6193,
#6194,#6195,#6196,#6197,#6198,#6199,#6200,#6201,#6202,#6203,#6204,#6205,
#6206,#6207,#6208,#6209,#6210,#6211,#6212,#6213,#6214,#6215,#6216,#6217,
#6218,#6219,#6220,#6221,#6222,#6223,#6224,#6225,#6226,#6227,#6228,#6229,
#6230,#6231,#6232,#6233),.UNSPECIFIED.,.F.,.F.,(4,3,3,3,3,3,3,3,3,3,3,3,
3,3,3,3,3,3,3,3,3,3,3,3,3,3,3,4),(0.,3.87533721213258E-5,7.74739068920941E-5,
0.000116692440416209,0.000156492154059342,0.000197945823081755,0.000224718302775397,
0.000267489664439449,0.000320905502645946,0.000352305161235841,0.000400880771291267,
0.000448525284768778,0.000449436605550794,0.000524291430577239,0.000601783332518465,
0.000676105284468813,0.000759623101957678,0.000845178276316236,0.000898873211101554,
0.000957458617304744,0.00105071307846541,0.00111803176551517,0.00124578597271431,
0.00129205729054818,0.00143166024147402,0.00157210245479499,0.00171350542043429,
0.00179774642220305),.UNSPECIFIED.);
#121=B_SPLINE_CURVE_WITH_KNOTS('',3,(#6244,#6245,#6246,#6247,#6248,#6249,
#6250,#6251,#6252,#6253,#6254,#6255,#6256,#6257,#6258,#6259,#6260,#6261,
#6262,#6263,#6264,#6265,#6266,#6267,#6268,#6269,#6270,#6271,#6272,#6273,
#6274,#6275,#6276,#6277,#6278,#6279,#6280,#6281,#6282,#6283,#6284,#6285,
#6286,#6287,#6288,#6289,#6290,#6291,#6292,#6293,#6294,#6295,#6296,#6297,
#6298,#6299,#6300,#6301,#6302,#6303,#6304,#6305,#6306,#6307,#6308,#6309,
#6310,#6311,#6312,#6313),.UNSPECIFIED.,.F.,.F.,(4,3,3,3,3,3,3,3,3,3,3,3,
3,3,3,3,3,3,3,3,3,3,3,4),(3.24327745733967E-17,0.000157220007287638,0.000314440014575243,
0.000434971864351818,0.000548154714696232,0.000600933370259106,0.00073191073635429,
0.000854538357660912,0.00094745282916594,0.00103764552260891,0.00108705368354167,
0.00117038913589845,0.00118997688856227,0.0012525566767291,0.00128180753649137,
0.00128533392536059,0.00134494704354843,0.00140250529574621,0.00145335838881057,
0.0014954421259066,0.00155260940020381,0.00160845704545441,0.00166231837628989,
0.00170907671532183),.UNSPECIFIED.);
#122=B_SPLINE_CURVE_WITH_KNOTS('',3,(#6322,#6323,#6324,#6325,#6326),
 .UNSPECIFIED.,.F.,.F.,(4,1,4),(0.,0.00247500415095061,0.00498954008167422),
 .UNSPECIFIED.);
#123=B_SPLINE_CURVE_WITH_KNOTS('',3,(#6329,#6330,#6331,#6332,#6333,#6334),
 .UNSPECIFIED.,.F.,.F.,(4,2,4),(0.,0.00249612779631676,0.00498956864218888),
 .UNSPECIFIED.);
#124=B_SPLINE_CURVE_WITH_KNOTS('',3,(#6338,#6339,#6340,#6341,#6342,#6343,
#6344,#6345,#6346,#6347,#6348,#6349,#6350,#6351,#6352,#6353,#6354,#6355,
#6356,#6357,#6358,#6359,#6360,#6361,#6362,#6363,#6364,#6365,#6366,#6367,
#6368,#6369,#6370,#6371,#6372,#6373,#6374,#6375,#6376,#6377,#6378,#6379,
#6380,#6381,#6382,#6383,#6384,#6385,#6386,#6387,#6388,#6389,#6390,#6391,
#6392),.UNSPECIFIED.,.F.,.F.,(4,3,3,3,3,3,3,3,3,3,3,3,3,3,3,3,3,3,4),(0.,
0.002707747162162,0.00270860293144318,0.00541642191506189,0.00541720586288636,
0.0108337714209507,0.0108344117257727,0.0135424461740634,0.0135430146572159,
0.0162511209270799,0.0162516175886591,0.0216684704330637,0.0216688234515454,
0.0270858199390682,0.0270860293144318,0.032503169445064,0.0325032351773182,
0.0371338808855649,0.0433376469030908),.UNSPECIFIED.);
#125=B_SPLINE_CURVE_WITH_KNOTS('',3,(#6396,#6397,#6398,#6399,#6400,#6401,
#6402,#6403,#6404,#6405,#6406,#6407,#6408,#6409,#6410,#6411,#6412,#6413,
#6414,#6415,#6416,#6417,#6418,#6419,#6420,#6421,#6422,#6423,#6424,#6425,
#6426,#6427,#6428,#6429,#6430,#6431,#6432,#6433,#6434,#6435,#6436,#6437,
#6438,#6439,#6440,#6441,#6442,#6443,#6444,#6445,#6446,#6447,#6448,#6449,
#6450,#6451,#6452,#6453),.UNSPECIFIED.,.F.,.F.,(4,3,3,3,3,3,3,3,3,3,3,3,
3,3,3,3,3,3,3,4),(0.000176088942941703,0.00411997291253251,0.00552144201862586,
0.00553438456455596,0.00821776096768797,0.0108783459576679,0.0108926801861702,
0.0215967820963454,0.0216092714293987,0.0269560001649116,0.026967567051013,
0.0312712583131703,0.0323157980343726,0.0323258626726272,0.0358954479362628,
0.0376776890047219,0.0376841582942415,0.0401761819751056,0.0423870274037456,
0.0430424539158557),.UNSPECIFIED.);
#126=B_SPLINE_CURVE_WITH_KNOTS('',3,(#6468,#6469,#6470,#6471),
 .UNSPECIFIED.,.F.,.F.,(4,4),(2.77555756156289E-17,0.000187643266147499),
 .UNSPECIFIED.);
#127=B_SPLINE_CURVE_WITH_KNOTS('',3,(#6490,#6491,#6492,#6493),
 .UNSPECIFIED.,.F.,.F.,(4,4),(0.,0.00011348048395709),.UNSPECIFIED.);
#128=B_SPLINE_CURVE_WITH_KNOTS('',3,(#6509,#6510,#6511,#6512,#6513,#6514,
#6515,#6516,#6517,#6518,#6519,#6520,#6521,#6522,#6523,#6524,#6525,#6526,
#6527,#6528,#6529,#6530,#6531,#6532,#6533,#6534,#6535,#6536,#6537,#6538,
#6539,#6540,#6541,#6542,#6543,#6544,#6545,#6546,#6547,#6548,#6549,#6550,
#6551,#6552,#6553,#6554,#6555,#6556,#6557,#6558,#6559,#6560,#6561,#6562,
#6563,#6564,#6565,#6566,#6567,#6568,#6569,#6570,#6571,#6572,#6573,#6574,
#6575),.UNSPECIFIED.,.F.,.F.,(4,3,3,3,3,3,3,3,3,3,3,3,3,3,3,3,3,3,3,3,3,
3,4),(0.,0.00159669347589111,0.00233561433826294,0.00258452507400122,0.00409066866364947,
0.00467122867652588,0.00518051307593295,0.0074552943656689,0.00934245735305175,
0.0103723268168574,0.0140136860295776,0.0155642028131437,0.0163493003678406,
0.0186849147061035,0.0207563265774814,0.0233561433826293,0.0259480650518236,
0.0272446765398899,0.0279235923613968,0.0284516667105493,0.0311345110040887,
0.0351971286254601,0.0373698175564882),.UNSPECIFIED.);
#129=B_SPLINE_CURVE_WITH_KNOTS('',3,(#6579,#6580,#6581,#6582,#6583,#6584,
#6585,#6586,#6587,#6588,#6589,#6590,#6591,#6592,#6593,#6594,#6595,#6596,
#6597,#6598,#6599,#6600,#6601,#6602,#6603,#6604,#6605,#6606,#6607,#6608,
#6609,#6610,#6611,#6612,#6613,#6614,#6615,#6616,#6617,#6618,#6619,#6620,
#6621,#6622,#6623,#6624,#6625,#6626,#6627,#6628,#6629,#6630,#6631,#6632,
#6633,#6634,#6635,#6636,#6637,#6638,#6639,#6640,#6641,#6642,#6643,#6644,
#6645,#6646,#6647,#6648,#6649,#6650,#6651),.UNSPECIFIED.,.F.,.F.,(4,3,3,
3,3,3,3,3,3,3,3,3,3,3,3,3,3,3,3,3,3,3,3,3,4),(0.00362834219153842,0.00470330819645425,
0.00726986192306397,0.00824961738793535,0.00983827209068923,0.0128708925843323,
0.0153469479793316,0.0174921677807292,0.020124116682249,0.0221134429771261,
0.0226966464838196,0.0244240805753246,0.0252689850208668,0.0267347181735231,
0.0289097808706666,0.0304140624626746,0.0313559933699201,0.0328536428907665,
0.0329824075883951,0.0344986445789843,0.0355389945506586,0.0369761447703747,
0.0383817492585539,0.039744722226168,0.040598543762714),.UNSPECIFIED.);
#130=B_SPLINE_CURVE_WITH_KNOTS('',3,(#6668,#6669,#6670,#6671),
 .UNSPECIFIED.,.F.,.F.,(4,4),(0.,0.00237685402735402),.UNSPECIFIED.);
#131=B_SPLINE_CURVE_WITH_KNOTS('',3,(#6673,#6674,#6675,#6676,#6677,#6678,
#6679,#6680,#6681,#6682,#6683,#6684,#6685,#6686,#6687,#6688,#6689,#6690,
#6691,#6692,#6693,#6694,#6695,#6696,#6697,#6698,#6699,#6700,#6701,#6702,
#6703,#6704,#6705,#6706,#6707,#6708,#6709,#6710,#6711,#6712,#6713,#6714,
#6715,#6716,#6717,#6718,#6719,#6720,#6721,#6722,#6723,#6724,#6725,#6726,
#6727,#6728,#6729,#6730,#6731,#6732,#6733,#6734,#6735,#6736),
 .UNSPECIFIED.,.F.,.F.,(4,3,3,3,3,3,3,3,3,3,3,3,3,3,3,3,3,3,3,3,3,4),(3.27306970834017E-17,
0.00188156099653168,0.00391044910391373,0.00515899262143278,0.00752235617976216,
0.00773848893214913,0.00887252035399035,0.0101040087733789,0.0103179852428655,
0.0117917226426394,0.013357150001252,0.0151445002834186,0.0154769778642981,
0.0169451434971125,0.0180564741750144,0.0206359704857307,0.0241818080460212,
0.0309539557285958,0.0329029098749871,0.0361129483500284,0.0394303935905921,
0.041271940971461),.UNSPECIFIED.);
#132=B_SPLINE_CURVE_WITH_KNOTS('',3,(#6738,#6739,#6740,#6741,#6742,#6743),
 .UNSPECIFIED.,.F.,.F.,(4,2,4),(5.29588092909377E-17,0.00200000000008097,
0.0049896036782887),.UNSPECIFIED.);
#133=B_SPLINE_CURVE_WITH_KNOTS('',3,(#6745,#6746,#6747,#6748,#6749,#6750),
 .UNSPECIFIED.,.F.,.F.,(4,1,1,4),(-0.990098489432142,-0.753602108733585,
-0.391325826160876,-0.00592881983111626),.UNSPECIFIED.);
#134=B_SPLINE_CURVE_WITH_KNOTS('',3,(#6751,#6752,#6753,#6754,#6755,#6756,
#6757),.UNSPECIFIED.,.F.,.F.,(4,3,4),(-5.9999999964715E-8,0.,0.000188320489216892),
 .UNSPECIFIED.);
#135=B_SPLINE_CURVE_WITH_KNOTS('',3,(#6772,#6773,#6774,#6775,#6776),
 .UNSPECIFIED.,.F.,.F.,(4,1,4),(-0.957130339508839,-0.602352177835485,-0.00427757516533219),
 .UNSPECIFIED.);
#136=B_SPLINE_CURVE_WITH_KNOTS('',3,(#6778,#6779,#6780,#6781,#6782,#6783),
 .UNSPECIFIED.,.F.,.F.,(4,2,4),(0.,0.00200000000003897,0.00498951277839946),
 .UNSPECIFIED.);
#137=B_SPLINE_CURVE_WITH_KNOTS('',3,(#6785,#6786,#6787,#6788,#6789,#6790,
#6791,#6792,#6793,#6794,#6795,#6796,#6797,#6798,#6799,#6800,#6801,#6802,
#6803,#6804,#6805,#6806,#6807,#6808,#6809,#6810,#6811,#6812,#6813,#6814,
#6815,#6816,#6817,#6818,#6819,#6820,#6821,#6822,#6823,#6824,#6825,#6826,
#6827,#6828,#6829,#6830,#6831,#6832,#6833,#6834,#6835,#6836,#6837,#6838,
#6839,#6840,#6841,#6842,#6843,#6844,#6845,#6846,#6847,#6848,#6849,#6850,
#6851,#6852,#6853,#6854,#6855,#6856,#6857,#6858,#6859,#6860,#6861,#6862,
#6863),.UNSPECIFIED.,.F.,.F.,(4,3,3,3,3,3,3,3,3,3,3,3,3,3,3,3,3,3,3,3,3,
3,3,3,3,3,4),(5.338509842046E-15,0.00371653340059329,0.00745184885032604,
0.00981843005644452,0.0100054125327907,0.013404695447816,0.0148737334951231,
0.015008118799186,0.0181484027272786,0.0199442291951264,0.0200108250655813,
0.0226055482255165,0.0250135313319767,0.0250250147736355,0.0269414360323554,
0.0288267805672195,0.0300162375983721,0.0300793116772606,0.0318972630322443,
0.0336906425593296,0.0350189438647674,0.0350819380360714,0.0363225062603916,
0.0375630744847119,0.0387923623079374,0.0399403553574484,0.0400216501311628),
 .UNSPECIFIED.);
#138=B_SPLINE_CURVE_WITH_KNOTS('',3,(#6865,#6866,#6867,#6868),
 .UNSPECIFIED.,.F.,.F.,(4,4),(1.83831955219106E-5,0.00237201000798054),
 .UNSPECIFIED.);
#139=B_SPLINE_CURVE_WITH_KNOTS('',3,(#6875,#6876,#6877,#6878,#6879,#6880),
 .UNSPECIFIED.,.F.,.F.,(4,2,4),(-0.146305590857972,-0.134480415134174,0.),
 .UNSPECIFIED.);
#140=B_SPLINE_CURVE_WITH_KNOTS('',3,(#6881,#6882,#6883,#6884,#6885,#6886),
 .UNSPECIFIED.,.F.,.F.,(4,2,4),(-0.8685959438034,-0.734115528669226,-0.722290352945413),
 .UNSPECIFIED.);
#141=B_SPLINE_CURVE_WITH_KNOTS('',3,(#6950,#6951,#6952,#6953,#6954,#6955,
#6956,#6957,#6958,#6959,#6960,#6961,#6962,#6963,#6964,#6965,#6966,#6967,
#6968,#6969,#6970,#6971,#6972,#6973,#6974,#6975,#6976,#6977,#6978,#6979,
#6980,#6981,#6982,#6983,#6984,#6985,#6986,#6987,#6988,#6989,#6990,#6991,
#6992),.UNSPECIFIED.,.F.,.F.,(4,3,3,3,3,3,3,3,3,3,3,3,3,3,4),(1.47608752834254E-5,
2.42055800628764E-5,6.26684961980985E-5,0.000220110151762275,0.00041635832189956,
0.000551821431432597,0.000716691227710978,0.0009035840141595,0.00114049392331819,
0.00121750400151114,0.00153388922459827,0.00164546281280437,0.00198335052158941,
0.00235861081979742,0.0024202471277212),.UNSPECIFIED.);
#142=B_SPLINE_CURVE_WITH_KNOTS('',3,(#7056,#7057,#7058,#7059,#7060,#7061,
#7062,#7063,#7064,#7065,#7066,#7067,#7068,#7069,#7070,#7071,#7072,#7073,
#7074,#7075,#7076,#7077,#7078,#7079,#7080,#7081,#7082,#7083,#7084,#7085,
#7086,#7087,#7088,#7089,#7090,#7091,#7092,#7093,#7094,#7095,#7096,#7097,
#7098,#7099,#7100,#7101,#7102,#7103,#7104,#7105,#7106,#7107,#7108,#7109,
#7110,#7111,#7112,#7113,#7114,#7115,#7116,#7117,#7118,#7119,#7120,#7121,
#7122,#7123,#7124,#7125,#7126,#7127,#7128,#7129,#7130,#7131,#7132,#7133,
#7134,#7135,#7136,#7137,#7138,#7139,#7140,#7141,#7142,#7143,#7144,#7145,
#7146,#7147,#7148,#7149,#7150,#7151,#7152,#7153,#7154,#7155),
 .UNSPECIFIED.,.F.,.F.,(4,3,3,3,3,3,3,3,3,3,3,3,3,3,3,3,3,3,3,3,3,3,3,3,
3,3,3,3,3,3,3,3,3,4),(1.21514507200886E-9,0.000128202799587895,0.000252891292404633,
0.000372495742567029,0.000426123197149292,0.000522493509273875,0.000614723400951791,
0.000670758102231305,0.00075863512732856,0.000809391749288354,0.000852246394298583,
0.000907711833059624,0.000934589840804162,0.000993174519851643,0.00105007392632129,
0.00106530799287323,0.00111280786893529,0.00114061475127936,0.00118552183365676,
0.00122936088563241,0.00127178517091373,0.00127836959144788,0.00129857594976282,
0.00134993073931282,0.00136510010774265,0.0013849003907352,0.0014174369015433,
0.00142743043279176,0.00146067554005269,0.00149143119002252,0.00155026058125466,
0.00161003771226146,0.00167126910140295,0.0017044518471717),
 .UNSPECIFIED.);
#143=B_SPLINE_CURVE_WITH_KNOTS('',3,(#7156,#7157,#7158,#7159,#7160,#7161,
#7162,#7163,#7164,#7165,#7166,#7167,#7168,#7169,#7170,#7171,#7172,#7173,
#7174,#7175,#7176,#7177,#7178,#7179,#7180,#7181,#7182,#7183,#7184,#7185,
#7186,#7187,#7188,#7189,#7190,#7191,#7192,#7193,#7194,#7195,#7196,#7197,
#7198,#7199,#7200,#7201,#7202,#7203,#7204,#7205,#7206,#7207),
 .UNSPECIFIED.,.F.,.F.,(4,3,3,3,3,3,3,3,3,3,3,3,3,3,3,3,3,4),(-4.27919911918096E-5,
0.000314352079988799,0.000637604918315524,0.000746244479454557,0.00105109492444759,
0.00135594536944063,0.0014947067228717,0.00167190519579914,0.00183042498345113,
0.00184910366872659,0.00203012237101234,0.00218150536854195,0.00233794933710829,
0.00237600929892541,0.00241364885897526,0.00248767240709055,0.00266913836713909,
0.00275468264085302),.UNSPECIFIED.);
#144=B_SPLINE_CURVE_WITH_KNOTS('',3,(#7374,#7375,#7376,#7377,#7378,#7379,
#7380,#7381,#7382,#7383,#7384,#7385,#7386,#7387,#7388,#7389,#7390,#7391,
#7392,#7393,#7394,#7395,#7396,#7397,#7398,#7399,#7400,#7401,#7402,#7403,
#7404,#7405,#7406,#7407,#7408,#7409,#7410,#7411,#7412,#7413,#7414,#7415,
#7416,#7417,#7418,#7419,#7420,#7421,#7422,#7423,#7424,#7425,#7426,#7427,
#7428,#7429,#7430,#7431,#7432,#7433,#7434,#7435,#7436,#7437,#7438,#7439,
#7440,#7441,#7442,#7443),.UNSPECIFIED.,.F.,.F.,(4,3,3,3,3,3,3,3,3,3,3,3,
3,3,3,3,3,3,3,3,3,3,3,4),(0.,5.15755178312805E-5,0.000105720320204758,0.000163282071889403,
0.000220843823574047,0.000284414901687255,0.00029212358253041,0.00036080303078047,
0.000431702517252051,0.000441687647148094,0.000478198694352773,0.000548791301381703,
0.000581117297253351,0.000678472853006749,0.000690501111059075,0.000796307556101065,
0.000883375294296223,0.00103470152693822,0.00118602775958023,0.00130916406792232,
0.00144038506355889,0.00146672199437109,0.00163755077863793,0.00176675058859035),
 .UNSPECIFIED.);
#145=B_SPLINE_CURVE_WITH_KNOTS('',3,(#7444,#7445,#7446,#7447),
 .UNSPECIFIED.,.F.,.F.,(4,4),(9.97142246745249E-15,6.7731305436667E-6),
 .UNSPECIFIED.);
#146=B_SPLINE_CURVE_WITH_KNOTS('',3,(#7448,#7449,#7450,#7451,#7452,#7453,
#7454,#7455,#7456,#7457,#7458,#7459,#7460,#7461,#7462,#7463,#7464,#7465,
#7466,#7467,#7468,#7469,#7470,#7471,#7472,#7473,#7474,#7475),
 .UNSPECIFIED.,.F.,.F.,(4,3,3,3,3,3,3,3,3,4),(0.,0.000163001740059064,0.000276311587946819,
0.000562915408374895,0.000895372142541886,0.0011655603791611,0.00122069231711632,
0.00147857898997326,0.00179542722601703,0.00244138463423265),
 .UNSPECIFIED.);
#147=B_SPLINE_CURVE_WITH_KNOTS('',3,(#7479,#7480,#7481,#7482,#7483,#7484),
 .UNSPECIFIED.,.F.,.F.,(4,2,4),(-0.8685959438034,-0.734115528669226,-0.722290352945428),
 .UNSPECIFIED.);
#148=B_SPLINE_CURVE_WITH_KNOTS('',3,(#7486,#7487,#7488,#7489,#7490,#7491),
 .UNSPECIFIED.,.F.,.F.,(4,2,4),(-0.146305590857987,-0.134480415134174,-1.0547118733939E-15),
 .UNSPECIFIED.);
#149=B_SPLINE_CURVE_WITH_KNOTS('',3,(#7504,#7505,#7506,#7507,#7508,#7509,
#7510,#7511,#7512,#7513,#7514,#7515,#7516,#7517,#7518,#7519,#7520,#7521,
#7522,#7523,#7524,#7525,#7526,#7527,#7528,#7529,#7530,#7531,#7532,#7533,
#7534,#7535,#7536,#7537),.UNSPECIFIED.,.F.,.F.,(4,3,3,3,3,3,3,3,3,3,3,4),
(-5.23767969994403E-5,0.000543108670315859,0.000600109554589435,0.000922122884738391,
0.00119081885892186,0.00124150909614306,0.00155010076454078,0.0018586924329385,
0.00212812190841646,0.00215199701697911,0.00231088446214682,0.00243401451484536),
 .UNSPECIFIED.);
#150=B_SPLINE_CURVE_WITH_KNOTS('',3,(#7701,#7702,#7703,#7704,#7705,#7706,
#7707,#7708),.UNSPECIFIED.,.F.,.F.,(4,2,2,4),(-0.000244407790783512,0.000963877727260839,
0.00217216339498647,0.00458873473043774),.UNSPECIFIED.);
#151=B_SPLINE_CURVE_WITH_KNOTS('',3,(#7769,#7770,#7771,#7772,#7773,#7774,
#7775,#7776,#7777,#7778),.UNSPECIFIED.,.F.,.F.,(4,3,3,4),(8.67714983302263E-15,
0.00121064561216813,0.00242172895721241,0.0048447717785173),
 .UNSPECIFIED.);
#152=B_SPLINE_CURVE_WITH_KNOTS('',3,(#7852,#7853,#7854,#7855,#7856,#7857,
#7858,#7859,#7860,#7861,#7862,#7863,#7864,#7865,#7866,#7867,#7868,#7869,
#7870,#7871,#7872,#7873,#7874,#7875,#7876,#7877,#7878,#7879,#7880,#7881,
#7882,#7883,#7884,#7885,#7886,#7887,#7888,#7889,#7890,#7891,#7892,#7893,
#7894,#7895,#7896,#7897,#7898,#7899,#7900,#7901,#7902,#7903,#7904,#7905,
#7906,#7907,#7908,#7909,#7910,#7911,#7912,#7913,#7914,#7915,#7916,#7917,
#7918),.UNSPECIFIED.,.F.,.F.,(4,3,3,3,3,3,3,3,3,3,3,3,3,3,3,3,3,3,3,3,3,
3,4),(1.5707963267949,1.64978599817138,1.73184195971049,1.81327747709,1.89665568836024,
1.97800984432783,2.0601436402027,2.14378182659145,2.22770610932433,2.31101421268638,
2.35622293500832,2.43831581952502,2.51927606665809,2.54374956603267,2.62430801394349,
2.70366093449795,2.73442432738758,2.8142460665464,2.89316248641913,2.93197093842147,
3.01227591947269,3.0921855284335,3.14159265358979),.UNSPECIFIED.);
#153=B_SPLINE_CURVE_WITH_KNOTS('',3,(#7961,#7962,#7963,#7964,#7965,#7966,
#7967,#7968,#7969,#7970,#7971,#7972,#7973,#7974,#7975,#7976,#7977,#7978,
#7979,#7980,#7981,#7982,#7983,#7984,#7985,#7986,#7987,#7988,#7989,#7990,
#7991,#7992,#7993,#7994,#7995,#7996,#7997,#7998,#7999,#8000,#8001,#8002,
#8003,#8004,#8005,#8006,#8007,#8008,#8009,#8010,#8011,#8012,#8013,#8014,
#8015,#8016,#8017,#8018,#8019,#8020,#8021,#8022,#8023,#8024,#8025,#8026,
#8027),.UNSPECIFIED.,.F.,.F.,(4,3,3,3,3,3,3,3,3,3,3,3,3,3,3,3,3,3,3,3,3,
3,4),(1.5707963267949,1.64978599816779,1.73184195970806,1.81327747708643,
1.89665568835697,1.97800984432888,2.06014364020738,2.14378182660137,2.22770610934015,
2.31101421270876,2.35622293500921,2.4383158195333,2.51927606667369,2.54374956603332,
2.62430801395196,2.70366093451303,2.73442432738795,2.81424606655266,2.89316248642849,
2.93197093842159,3.01227591947309,3.09218552843108,3.14159265358979),
 .UNSPECIFIED.);
#154=B_SPLINE_CURVE_WITH_KNOTS('',3,(#8029,#8030,#8031,#8032,#8033,#8034,
#8035,#8036,#8037,#8038,#8039,#8040,#8041,#8042,#8043,#8044,#8045,#8046,
#8047,#8048,#8049,#8050,#8051,#8052,#8053,#8054,#8055,#8056,#8057,#8058,
#8059,#8060,#8061,#8062,#8063,#8064,#8065,#8066,#8067,#8068,#8069,#8070,
#8071,#8072,#8073,#8074,#8075,#8076,#8077,#8078,#8079,#8080,#8081,#8082,
#8083,#8084,#8085,#8086,#8087,#8088,#8089,#8090,#8091,#8092,#8093,#8094,
#8095),.UNSPECIFIED.,.F.,.F.,(4,3,3,3,3,3,3,3,3,3,3,3,3,3,3,3,3,3,3,3,3,
3,4),(1.5707963267949,1.64978599817304,1.73184195971178,1.8132774770925,
1.89665568836358,1.97800984432799,2.06014364020332,2.14378182659183,2.22770610932426,
2.31101421268571,2.35622293500845,2.43831581952414,2.51927606665639,2.54374956603277,
2.62430801394188,2.70366093449479,2.73442432738763,2.8142460665453,2.89316248641697,
2.93197093842149,3.01227591947083,3.09218552843026,3.14159265358979),
 .UNSPECIFIED.);
#155=B_SPLINE_CURVE_WITH_KNOTS('',3,(#8138,#8139,#8140,#8141,#8142,#8143,
#8144,#8145,#8146,#8147,#8148,#8149,#8150,#8151,#8152,#8153,#8154,#8155,
#8156,#8157,#8158,#8159,#8160,#8161,#8162,#8163,#8164,#8165,#8166,#8167,
#8168,#8169,#8170,#8171,#8172,#8173,#8174,#8175,#8176,#8177,#8178,#8179,
#8180,#8181,#8182,#8183,#8184,#8185,#8186,#8187,#8188,#8189,#8190,#8191,
#8192,#8193,#8194,#8195,#8196,#8197,#8198,#8199,#8200,#8201,#8202,#8203,
#8204),.UNSPECIFIED.,.F.,.F.,(4,3,3,3,3,3,3,3,3,3,3,3,3,3,3,3,3,3,3,3,3,
3,4),(1.5707963267949,1.6497859981687,1.73184195970876,1.81327747708763,
1.89665568835835,1.97800984432896,2.06014364020712,2.14378182660074,2.22770610933907,
2.31101421270732,2.35622293500927,2.43831581953325,2.51927606667361,2.54374956603336,
2.62430801395185,2.70366093451301,2.73442432738797,2.81424606655268,2.89316248642855,
2.93197093842159,3.01227591947329,3.09218552843153,3.14159265358979),
 .UNSPECIFIED.);
#156=(
BOUNDED_CURVE()
B_SPLINE_CURVE(3,(#3997,#3998,#3999,#4000),.UNSPECIFIED.,.F.,.F.)
B_SPLINE_CURVE_WITH_KNOTS((4,4),(3.14224385201276,3.14419828547605),
 .UNSPECIFIED.)
CURVE()
GEOMETRIC_REPRESENTATION_ITEM()
RATIONAL_B_SPLINE_CURVE((0.999999681819048,0.999999469561897,0.999999575622214,
1.))
REPRESENTATION_ITEM('')
);
#157=(
BOUNDED_CURVE()
B_SPLINE_CURVE(3,(#6235,#6236,#6237,#6238),.UNSPECIFIED.,.F.,.F.)
B_SPLINE_CURVE_WITH_KNOTS((4,4),(3.14159265358979,3.14419828547605),
 .UNSPECIFIED.)
CURVE()
GEOMETRIC_REPRESENTATION_ITEM()
RATIONAL_B_SPLINE_CURVE((1.,0.999999434223619,0.999999434223619,1.))
REPRESENTATION_ITEM('')
);
#158=SPHERICAL_SURFACE('',#2794,1.);
#159=SPHERICAL_SURFACE('',#2840,1.);
#160=SPHERICAL_SURFACE('',#2852,1.);
#161=SPHERICAL_SURFACE('',#2854,1.);
#162=SPHERICAL_SURFACE('',#2859,1.);
#163=SPHERICAL_SURFACE('',#2870,1.);
#164=SPHERICAL_SURFACE('',#2873,1.);
#165=SPHERICAL_SURFACE('',#2877,1.);
#166=SPHERICAL_SURFACE('',#2941,1.);
#167=SPHERICAL_SURFACE('',#2953,1.);
#168=SPHERICAL_SURFACE('',#2955,1.);
#169=SPHERICAL_SURFACE('',#2960,1.);
#170=SPHERICAL_SURFACE('',#2972,1.);
#171=SPHERICAL_SURFACE('',#2976,1.);
#172=SPHERICAL_SURFACE('',#2979,1.);
#173=SPHERICAL_SURFACE('',#2983,1.);
#174=TOROIDAL_SURFACE('',#2786,1.25,0.25);
#175=TOROIDAL_SURFACE('',#2890,1.25,0.25);
#176=TOROIDAL_SURFACE('',#3000,1.2,0.25);
#177=SHAPE_REPRESENTATION_RELATIONSHIP('SRR','None',#8271,#181);
#178=SHAPE_REPRESENTATION_RELATIONSHIP('SRR','None',#8272,#182);
#179=SHAPE_REPRESENTATION_RELATIONSHIP('SRR','None',#8273,#183);
#180=SHAPE_REPRESENTATION_RELATIONSHIP('SRR','None',#8274,#184);
#181=ADVANCED_BREP_SHAPE_REPRESENTATION('',(#189),#8246);
#182=ADVANCED_BREP_SHAPE_REPRESENTATION('',(#190),#8247);
#183=ADVANCED_BREP_SHAPE_REPRESENTATION('',(#191),#8248);
#184=ADVANCED_BREP_SHAPE_REPRESENTATION('',(#192),#8249);
#185=STYLED_ITEM('',(#8299),#189);
#186=STYLED_ITEM('',(#8299),#190);
#187=STYLED_ITEM('',(#8299),#191);
#188=STYLED_ITEM('',(#8299),#192);
#189=MANIFOLD_SOLID_BREP('Body1',#2684);
#190=MANIFOLD_SOLID_BREP('Body1',#2685);
#191=MANIFOLD_SOLID_BREP('Body1',#2686);
#192=MANIFOLD_SOLID_BREP('Body1',#2687);
#193=FACE_BOUND('',#447,.T.);
#194=FACE_BOUND('',#450,.T.);
#195=FACE_BOUND('',#454,.T.);
#196=FACE_BOUND('',#457,.T.);
#197=FACE_BOUND('',#476,.T.);
#198=FACE_BOUND('',#479,.T.);
#199=FACE_BOUND('',#521,.T.);
#200=FACE_BOUND('',#523,.T.);
#201=FACE_BOUND('',#546,.T.);
#202=FACE_BOUND('',#549,.T.);
#203=FACE_BOUND('',#592,.T.);
#204=FACE_BOUND('',#594,.T.);
#205=FACE_BOUND('',#608,.T.);
#206=PLANE('',#2741);
#207=PLANE('',#2747);
#208=PLANE('',#2749);
#209=PLANE('',#2751);
#210=PLANE('',#2754);
#211=PLANE('',#2761);
#212=PLANE('',#2763);
#213=PLANE('',#2765);
#214=PLANE('',#2766);
#215=PLANE('',#2771);
#216=PLANE('',#2772);
#217=PLANE('',#2774);
#218=PLANE('',#2775);
#219=PLANE('',#2778);
#220=PLANE('',#2779);
#221=PLANE('',#2781);
#222=PLANE('',#2782);
#223=PLANE('',#2801);
#224=PLANE('',#2803);
#225=PLANE('',#2805);
#226=PLANE('',#2806);
#227=PLANE('',#2823);
#228=PLANE('',#2824);
#229=PLANE('',#2825);
#230=PLANE('',#2826);
#231=PLANE('',#2828);
#232=PLANE('',#2829);
#233=PLANE('',#2830);
#234=PLANE('',#2831);
#235=PLANE('',#2879);
#236=PLANE('',#2880);
#237=PLANE('',#2881);
#238=PLANE('',#2882);
#239=PLANE('',#2900);
#240=PLANE('',#2902);
#241=PLANE('',#2904);
#242=PLANE('',#2905);
#243=PLANE('',#2923);
#244=PLANE('',#2924);
#245=PLANE('',#2925);
#246=PLANE('',#2926);
#247=PLANE('',#2928);
#248=PLANE('',#2929);
#249=PLANE('',#2930);
#250=PLANE('',#2931);
#251=PLANE('',#2985);
#252=PLANE('',#2986);
#253=PLANE('',#2987);
#254=PLANE('',#2988);
#255=PLANE('',#3009);
#256=PLANE('',#3010);
#257=PLANE('',#3011);
#258=FACE_OUTER_BOUND('',#427,.T.);
#259=FACE_OUTER_BOUND('',#428,.T.);
#260=FACE_OUTER_BOUND('',#429,.T.);
#261=FACE_OUTER_BOUND('',#430,.T.);
#262=FACE_OUTER_BOUND('',#431,.T.);
#263=FACE_OUTER_BOUND('',#432,.T.);
#264=FACE_OUTER_BOUND('',#433,.T.);
#265=FACE_OUTER_BOUND('',#434,.T.);
#266=FACE_OUTER_BOUND('',#435,.T.);
#267=FACE_OUTER_BOUND('',#436,.T.);
#268=FACE_OUTER_BOUND('',#437,.T.);
#269=FACE_OUTER_BOUND('',#438,.T.);
#270=FACE_OUTER_BOUND('',#439,.T.);
#271=FACE_OUTER_BOUND('',#440,.T.);
#272=FACE_OUTER_BOUND('',#441,.T.);
#273=FACE_OUTER_BOUND('',#442,.T.);
#274=FACE_OUTER_BOUND('',#443,.T.);
#275=FACE_OUTER_BOUND('',#444,.T.);
#276=FACE_OUTER_BOUND('',#445,.T.);
#277=FACE_OUTER_BOUND('',#446,.T.);
#278=FACE_OUTER_BOUND('',#448,.T.);
#279=FACE_OUTER_BOUND('',#449,.T.);
#280=FACE_OUTER_BOUND('',#451,.T.);
#281=FACE_OUTER_BOUND('',#452,.T.);
#282=FACE_OUTER_BOUND('',#453,.T.);
#283=FACE_OUTER_BOUND('',#455,.T.);
#284=FACE_OUTER_BOUND('',#456,.T.);
#285=FACE_OUTER_BOUND('',#458,.T.);
#286=FACE_OUTER_BOUND('',#459,.T.);
#287=FACE_OUTER_BOUND('',#460,.T.);
#288=FACE_OUTER_BOUND('',#461,.T.);
#289=FACE_OUTER_BOUND('',#462,.T.);
#290=FACE_OUTER_BOUND('',#463,.T.);
#291=FACE_OUTER_BOUND('',#464,.T.);
#292=FACE_OUTER_BOUND('',#465,.T.);
#293=FACE_OUTER_BOUND('',#466,.T.);
#294=FACE_OUTER_BOUND('',#467,.T.);
#295=FACE_OUTER_BOUND('',#468,.T.);
#296=FACE_OUTER_BOUND('',#469,.T.);
#297=FACE_OUTER_BOUND('',#470,.T.);
#298=FACE_OUTER_BOUND('',#471,.T.);
#299=FACE_OUTER_BOUND('',#472,.T.);
#300=FACE_OUTER_BOUND('',#473,.T.);
#301=FACE_OUTER_BOUND('',#474,.T.);
#302=FACE_OUTER_BOUND('',#475,.T.);
#303=FACE_OUTER_BOUND('',#477,.T.);
#304=FACE_OUTER_BOUND('',#478,.T.);
#305=FACE_OUTER_BOUND('',#480,.T.);
#306=FACE_OUTER_BOUND('',#481,.T.);
#307=FACE_OUTER_BOUND('',#482,.T.);
#308=FACE_OUTER_BOUND('',#483,.T.);
#309=FACE_OUTER_BOUND('',#484,.T.);
#310=FACE_OUTER_BOUND('',#485,.T.);
#311=FACE_OUTER_BOUND('',#486,.T.);
#312=FACE_OUTER_BOUND('',#487,.T.);
#313=FACE_OUTER_BOUND('',#488,.T.);
#314=FACE_OUTER_BOUND('',#489,.T.);
#315=FACE_OUTER_BOUND('',#490,.T.);
#316=FACE_OUTER_BOUND('',#491,.T.);
#317=FACE_OUTER_BOUND('',#492,.T.);
#318=FACE_OUTER_BOUND('',#493,.T.);
#319=FACE_OUTER_BOUND('',#494,.T.);
#320=FACE_OUTER_BOUND('',#495,.T.);
#321=FACE_OUTER_BOUND('',#496,.T.);
#322=FACE_OUTER_BOUND('',#497,.T.);
#323=FACE_OUTER_BOUND('',#498,.T.);
#324=FACE_OUTER_BOUND('',#499,.T.);
#325=FACE_OUTER_BOUND('',#500,.T.);
#326=FACE_OUTER_BOUND('',#501,.T.);
#327=FACE_OUTER_BOUND('',#502,.T.);
#328=FACE_OUTER_BOUND('',#503,.T.);
#329=FACE_OUTER_BOUND('',#504,.T.);
#330=FACE_OUTER_BOUND('',#505,.T.);
#331=FACE_OUTER_BOUND('',#506,.T.);
#332=FACE_OUTER_BOUND('',#507,.T.);
#333=FACE_OUTER_BOUND('',#508,.T.);
#334=FACE_OUTER_BOUND('',#509,.T.);
#335=FACE_OUTER_BOUND('',#510,.T.);
#336=FACE_OUTER_BOUND('',#511,.T.);
#337=FACE_OUTER_BOUND('',#512,.T.);
#338=FACE_OUTER_BOUND('',#513,.T.);
#339=FACE_OUTER_BOUND('',#514,.T.);
#340=FACE_OUTER_BOUND('',#515,.T.);
#341=FACE_OUTER_BOUND('',#516,.T.);
#342=FACE_OUTER_BOUND('',#517,.T.);
#343=FACE_OUTER_BOUND('',#518,.T.);
#344=FACE_OUTER_BOUND('',#519,.T.);
#345=FACE_OUTER_BOUND('',#520,.T.);
#346=FACE_OUTER_BOUND('',#522,.T.);
#347=FACE_OUTER_BOUND('',#524,.T.);
#348=FACE_OUTER_BOUND('',#525,.T.);
#349=FACE_OUTER_BOUND('',#526,.T.);
#350=FACE_OUTER_BOUND('',#527,.T.);
#351=FACE_OUTER_BOUND('',#528,.T.);
#352=FACE_OUTER_BOUND('',#529,.T.);
#353=FACE_OUTER_BOUND('',#530,.T.);
#354=FACE_OUTER_BOUND('',#531,.T.);
#355=FACE_OUTER_BOUND('',#532,.T.);
#356=FACE_OUTER_BOUND('',#533,.T.);
#357=FACE_OUTER_BOUND('',#534,.T.);
#358=FACE_OUTER_BOUND('',#535,.T.);
#359=FACE_OUTER_BOUND('',#536,.T.);
#360=FACE_OUTER_BOUND('',#537,.T.);
#361=FACE_OUTER_BOUND('',#538,.T.);
#362=FACE_OUTER_BOUND('',#539,.T.);
#363=FACE_OUTER_BOUND('',#540,.T.);
#364=FACE_OUTER_BOUND('',#541,.T.);
#365=FACE_OUTER_BOUND('',#542,.T.);
#366=FACE_OUTER_BOUND('',#543,.T.);
#367=FACE_OUTER_BOUND('',#544,.T.);
#368=FACE_OUTER_BOUND('',#545,.T.);
#369=FACE_OUTER_BOUND('',#547,.T.);
#370=FACE_OUTER_BOUND('',#548,.T.);
#371=FACE_OUTER_BOUND('',#550,.T.);
#372=FACE_OUTER_BOUND('',#551,.T.);
#373=FACE_OUTER_BOUND('',#552,.T.);
#374=FACE_OUTER_BOUND('',#553,.T.);
#375=FACE_OUTER_BOUND('',#554,.T.);
#376=FACE_OUTER_BOUND('',#555,.T.);
#377=FACE_OUTER_BOUND('',#556,.T.);
#378=FACE_OUTER_BOUND('',#557,.T.);
#379=FACE_OUTER_BOUND('',#558,.T.);
#380=FACE_OUTER_BOUND('',#559,.T.);
#381=FACE_OUTER_BOUND('',#560,.T.);
#382=FACE_OUTER_BOUND('',#561,.T.);
#383=FACE_OUTER_BOUND('',#562,.T.);
#384=FACE_OUTER_BOUND('',#563,.T.);
#385=FACE_OUTER_BOUND('',#564,.T.);
#386=FACE_OUTER_BOUND('',#565,.T.);
#387=FACE_OUTER_BOUND('',#566,.T.);
#388=FACE_OUTER_BOUND('',#567,.T.);
#389=FACE_OUTER_BOUND('',#568,.T.);
#390=FACE_OUTER_BOUND('',#569,.T.);
#391=FACE_OUTER_BOUND('',#570,.T.);
#392=FACE_OUTER_BOUND('',#571,.T.);
#393=FACE_OUTER_BOUND('',#572,.T.);
#394=FACE_OUTER_BOUND('',#573,.T.);
#395=FACE_OUTER_BOUND('',#574,.T.);
#396=FACE_OUTER_BOUND('',#575,.T.);
#397=FACE_OUTER_BOUND('',#576,.T.);
#398=FACE_OUTER_BOUND('',#577,.T.);
#399=FACE_OUTER_BOUND('',#578,.T.);
#400=FACE_OUTER_BOUND('',#579,.T.);
#401=FACE_OUTER_BOUND('',#580,.T.);
#402=FACE_OUTER_BOUND('',#581,.T.);
#403=FACE_OUTER_BOUND('',#582,.T.);
#404=FACE_OUTER_BOUND('',#583,.T.);
#405=FACE_OUTER_BOUND('',#584,.T.);
#406=FACE_OUTER_BOUND('',#585,.T.);
#407=FACE_OUTER_BOUND('',#586,.T.);
#408=FACE_OUTER_BOUND('',#587,.T.);
#409=FACE_OUTER_BOUND('',#588,.T.);
#410=FACE_OUTER_BOUND('',#589,.T.);
#411=FACE_OUTER_BOUND('',#590,.T.);
#412=FACE_OUTER_BOUND('',#591,.T.);
#413=FACE_OUTER_BOUND('',#593,.T.);
#414=FACE_OUTER_BOUND('',#595,.T.);
#415=FACE_OUTER_BOUND('',#596,.T.);
#416=FACE_OUTER_BOUND('',#597,.T.);
#417=FACE_OUTER_BOUND('',#598,.T.);
#418=FACE_OUTER_BOUND('',#599,.T.);
#419=FACE_OUTER_BOUND('',#600,.T.);
#420=FACE_OUTER_BOUND('',#601,.T.);
#421=FACE_OUTER_BOUND('',#602,.T.);
#422=FACE_OUTER_BOUND('',#603,.T.);
#423=FACE_OUTER_BOUND('',#604,.T.);
#424=FACE_OUTER_BOUND('',#605,.T.);
#425=FACE_OUTER_BOUND('',#606,.T.);
#426=FACE_OUTER_BOUND('',#607,.T.);
#427=EDGE_LOOP('',(#1687,#1688,#1689,#1690));
#428=EDGE_LOOP('',(#1691,#1692,#1693,#1694));
#429=EDGE_LOOP('',(#1695,#1696,#1697,#1698,#1699,#1700,#1701,#1702,#1703,
#1704,#1705,#1706,#1707,#1708,#1709,#1710,#1711,#1712,#1713,#1714,#1715,
#1716));
#430=EDGE_LOOP('',(#1717,#1718,#1719,#1720));
#431=EDGE_LOOP('',(#1721,#1722,#1723,#1724));
#432=EDGE_LOOP('',(#1725,#1726,#1727,#1728));
#433=EDGE_LOOP('',(#1729,#1730,#1731,#1732,#1733,#1734,#1735,#1736,#1737,
#1738,#1739,#1740,#1741,#1742));
#434=EDGE_LOOP('',(#1743,#1744,#1745,#1746));
#435=EDGE_LOOP('',(#1747,#1748,#1749,#1750));
#436=EDGE_LOOP('',(#1751,#1752,#1753,#1754));
#437=EDGE_LOOP('',(#1755,#1756,#1757,#1758));
#438=EDGE_LOOP('',(#1759,#1760,#1761,#1762));
#439=EDGE_LOOP('',(#1763,#1764,#1765,#1766));
#440=EDGE_LOOP('',(#1767,#1768,#1769,#1770));
#441=EDGE_LOOP('',(#1771,#1772,#1773,#1774));
#442=EDGE_LOOP('',(#1775,#1776,#1777,#1778));
#443=EDGE_LOOP('',(#1779,#1780,#1781,#1782,#1783,#1784));
#444=EDGE_LOOP('',(#1785,#1786,#1787,#1788,#1789,#1790));
#445=EDGE_LOOP('',(#1791,#1792,#1793,#1794));
#446=EDGE_LOOP('',(#1795,#1796,#1797,#1798));
#447=EDGE_LOOP('',(#1799));
#448=EDGE_LOOP('',(#1800,#1801,#1802,#1803));
#449=EDGE_LOOP('',(#1804,#1805,#1806,#1807));
#450=EDGE_LOOP('',(#1808));
#451=EDGE_LOOP('',(#1809,#1810,#1811,#1812));
#452=EDGE_LOOP('',(#1813,#1814,#1815,#1816));
#453=EDGE_LOOP('',(#1817,#1818,#1819,#1820));
#454=EDGE_LOOP('',(#1821));
#455=EDGE_LOOP('',(#1822,#1823,#1824,#1825));
#456=EDGE_LOOP('',(#1826,#1827,#1828,#1829));
#457=EDGE_LOOP('',(#1830));
#458=EDGE_LOOP('',(#1831,#1832,#1833,#1834));
#459=EDGE_LOOP('',(#1835,#1836,#1837,#1838,#1839));
#460=EDGE_LOOP('',(#1840,#1841,#1842,#1843));
#461=EDGE_LOOP('',(#1844,#1845,#1846,#1847));
#462=EDGE_LOOP('',(#1848,#1849,#1850,#1851,#1852));
#463=EDGE_LOOP('',(#1853,#1854,#1855,#1856,#1857));
#464=EDGE_LOOP('',(#1858,#1859,#1860,#1861,#1862));
#465=EDGE_LOOP('',(#1863,#1864,#1865,#1866));
#466=EDGE_LOOP('',(#1867,#1868,#1869,#1870,#1871));
#467=EDGE_LOOP('',(#1872,#1873,#1874,#1875));
#468=EDGE_LOOP('',(#1876,#1877,#1878,#1879));
#469=EDGE_LOOP('',(#1880,#1881,#1882,#1883));
#470=EDGE_LOOP('',(#1884,#1885,#1886,#1887));
#471=EDGE_LOOP('',(#1888,#1889,#1890,#1891,#1892,#1893));
#472=EDGE_LOOP('',(#1894,#1895,#1896,#1897,#1898));
#473=EDGE_LOOP('',(#1899,#1900,#1901,#1902));
#474=EDGE_LOOP('',(#1903,#1904,#1905,#1906));
#475=EDGE_LOOP('',(#1907,#1908,#1909,#1910,#1911,#1912,#1913,#1914,#1915));
#476=EDGE_LOOP('',(#1916));
#477=EDGE_LOOP('',(#1917,#1918,#1919,#1920,#1921,#1922));
#478=EDGE_LOOP('',(#1923,#1924,#1925,#1926,#1927,#1928,#1929,#1930,#1931));
#479=EDGE_LOOP('',(#1932));
#480=EDGE_LOOP('',(#1933,#1934,#1935,#1936,#1937,#1938,#1939,#1940,#1941));
#481=EDGE_LOOP('',(#1942,#1943,#1944,#1945));
#482=EDGE_LOOP('',(#1946,#1947,#1948,#1949,#1950));
#483=EDGE_LOOP('',(#1951,#1952,#1953,#1954,#1955,#1956));
#484=EDGE_LOOP('',(#1957,#1958,#1959,#1960,#1961,#1962));
#485=EDGE_LOOP('',(#1963,#1964,#1965,#1966));
#486=EDGE_LOOP('',(#1967,#1968,#1969));
#487=EDGE_LOOP('',(#1970,#1971,#1972,#1973));
#488=EDGE_LOOP('',(#1974,#1975,#1976));
#489=EDGE_LOOP('',(#1977,#1978,#1979));
#490=EDGE_LOOP('',(#1980,#1981,#1982,#1983));
#491=EDGE_LOOP('',(#1984,#1985,#1986,#1987,#1988));
#492=EDGE_LOOP('',(#1989,#1990,#1991,#1992));
#493=EDGE_LOOP('',(#1993,#1994,#1995,#1996));
#494=EDGE_LOOP('',(#1997,#1998,#1999,#2000));
#495=EDGE_LOOP('',(#2001,#2002,#2003));
#496=EDGE_LOOP('',(#2004,#2005,#2006));
#497=EDGE_LOOP('',(#2007,#2008,#2009,#2010));
#498=EDGE_LOOP('',(#2011,#2012,#2013,#2014));
#499=EDGE_LOOP('',(#2015,#2016,#2017));
#500=EDGE_LOOP('',(#2018,#2019,#2020,#2021,#2022,#2023));
#501=EDGE_LOOP('',(#2024,#2025,#2026));
#502=EDGE_LOOP('',(#2027,#2028,#2029));
#503=EDGE_LOOP('',(#2030,#2031,#2032));
#504=EDGE_LOOP('',(#2033,#2034,#2035,#2036));
#505=EDGE_LOOP('',(#2037,#2038,#2039,#2040));
#506=EDGE_LOOP('',(#2041,#2042,#2043,#2044));
#507=EDGE_LOOP('',(#2045,#2046,#2047,#2048));
#508=EDGE_LOOP('',(#2049,#2050,#2051,#2052));
#509=EDGE_LOOP('',(#2053,#2054,#2055));
#510=EDGE_LOOP('',(#2056,#2057,#2058));
#511=EDGE_LOOP('',(#2059,#2060,#2061,#2062));
#512=EDGE_LOOP('',(#2063,#2064,#2065));
#513=EDGE_LOOP('',(#2066,#2067,#2068,#2069));
#514=EDGE_LOOP('',(#2070,#2071,#2072));
#515=EDGE_LOOP('',(#2073,#2074,#2075,#2076));
#516=EDGE_LOOP('',(#2077,#2078,#2079));
#517=EDGE_LOOP('',(#2080,#2081,#2082,#2083));
#518=EDGE_LOOP('',(#2084,#2085,#2086,#2087));
#519=EDGE_LOOP('',(#2088,#2089,#2090,#2091,#2092));
#520=EDGE_LOOP('',(#2093,#2094,#2095,#2096,#2097,#2098));
#521=EDGE_LOOP('',(#2099));
#522=EDGE_LOOP('',(#2100,#2101,#2102,#2103,#2104,#2105));
#523=EDGE_LOOP('',(#2106));
#524=EDGE_LOOP('',(#2107,#2108,#2109,#2110,#2111,#2112,#2113,#2114));
#525=EDGE_LOOP('',(#2115,#2116,#2117,#2118,#2119));
#526=EDGE_LOOP('',(#2120,#2121,#2122));
#527=EDGE_LOOP('',(#2123,#2124,#2125,#2126));
#528=EDGE_LOOP('',(#2127,#2128,#2129));
#529=EDGE_LOOP('',(#2130,#2131,#2132,#2133,#2134));
#530=EDGE_LOOP('',(#2135,#2136,#2137,#2138,#2139));
#531=EDGE_LOOP('',(#2140,#2141,#2142,#2143));
#532=EDGE_LOOP('',(#2144,#2145,#2146,#2147,#2148));
#533=EDGE_LOOP('',(#2149,#2150,#2151,#2152,#2153));
#534=EDGE_LOOP('',(#2154,#2155,#2156,#2157,#2158));
#535=EDGE_LOOP('',(#2159,#2160,#2161,#2162));
#536=EDGE_LOOP('',(#2163,#2164,#2165,#2166,#2167));
#537=EDGE_LOOP('',(#2168,#2169,#2170,#2171));
#538=EDGE_LOOP('',(#2172,#2173,#2174,#2175));
#539=EDGE_LOOP('',(#2176,#2177,#2178,#2179));
#540=EDGE_LOOP('',(#2180,#2181,#2182,#2183));
#541=EDGE_LOOP('',(#2184,#2185,#2186,#2187,#2188,#2189));
#542=EDGE_LOOP('',(#2190,#2191,#2192,#2193,#2194));
#543=EDGE_LOOP('',(#2195,#2196,#2197,#2198));
#544=EDGE_LOOP('',(#2199,#2200,#2201,#2202));
#545=EDGE_LOOP('',(#2203,#2204,#2205,#2206,#2207,#2208,#2209,#2210,#2211));
#546=EDGE_LOOP('',(#2212));
#547=EDGE_LOOP('',(#2213,#2214,#2215,#2216,#2217,#2218));
#548=EDGE_LOOP('',(#2219,#2220,#2221,#2222,#2223,#2224,#2225,#2226,#2227));
#549=EDGE_LOOP('',(#2228));
#550=EDGE_LOOP('',(#2229,#2230,#2231,#2232,#2233,#2234,#2235,#2236,#2237));
#551=EDGE_LOOP('',(#2238,#2239,#2240,#2241));
#552=EDGE_LOOP('',(#2242,#2243,#2244,#2245,#2246));
#553=EDGE_LOOP('',(#2247,#2248,#2249,#2250,#2251,#2252));
#554=EDGE_LOOP('',(#2253,#2254,#2255,#2256,#2257,#2258));
#555=EDGE_LOOP('',(#2259,#2260,#2261,#2262));
#556=EDGE_LOOP('',(#2263,#2264,#2265));
#557=EDGE_LOOP('',(#2266,#2267,#2268,#2269));
#558=EDGE_LOOP('',(#2270,#2271,#2272));
#559=EDGE_LOOP('',(#2273,#2274,#2275));
#560=EDGE_LOOP('',(#2276,#2277,#2278,#2279));
#561=EDGE_LOOP('',(#2280,#2281,#2282,#2283,#2284));
#562=EDGE_LOOP('',(#2285,#2286,#2287,#2288));
#563=EDGE_LOOP('',(#2289,#2290,#2291,#2292));
#564=EDGE_LOOP('',(#2293,#2294,#2295,#2296));
#565=EDGE_LOOP('',(#2297,#2298,#2299));
#566=EDGE_LOOP('',(#2300,#2301,#2302));
#567=EDGE_LOOP('',(#2303,#2304,#2305,#2306));
#568=EDGE_LOOP('',(#2307,#2308,#2309,#2310));
#569=EDGE_LOOP('',(#2311,#2312,#2313));
#570=EDGE_LOOP('',(#2314,#2315,#2316,#2317,#2318,#2319));
#571=EDGE_LOOP('',(#2320,#2321,#2322));
#572=EDGE_LOOP('',(#2323,#2324,#2325));
#573=EDGE_LOOP('',(#2326,#2327,#2328));
#574=EDGE_LOOP('',(#2329,#2330,#2331,#2332));
#575=EDGE_LOOP('',(#2333,#2334,#2335,#2336));
#576=EDGE_LOOP('',(#2337,#2338,#2339,#2340));
#577=EDGE_LOOP('',(#2341,#2342,#2343,#2344));
#578=EDGE_LOOP('',(#2345,#2346,#2347,#2348));
#579=EDGE_LOOP('',(#2349,#2350,#2351));
#580=EDGE_LOOP('',(#2352,#2353,#2354));
#581=EDGE_LOOP('',(#2355,#2356,#2357,#2358));
#582=EDGE_LOOP('',(#2359,#2360,#2361,#2362));
#583=EDGE_LOOP('',(#2363,#2364,#2365));
#584=EDGE_LOOP('',(#2366,#2367,#2368,#2369));
#585=EDGE_LOOP('',(#2370,#2371,#2372));
#586=EDGE_LOOP('',(#2373,#2374,#2375,#2376));
#587=EDGE_LOOP('',(#2377,#2378,#2379));
#588=EDGE_LOOP('',(#2380,#2381,#2382,#2383));
#589=EDGE_LOOP('',(#2384,#2385,#2386,#2387));
#590=EDGE_LOOP('',(#2388,#2389,#2390,#2391,#2392));
#591=EDGE_LOOP('',(#2393,#2394,#2395,#2396,#2397,#2398));
#592=EDGE_LOOP('',(#2399));
#593=EDGE_LOOP('',(#2400,#2401,#2402,#2403,#2404,#2405));
#594=EDGE_LOOP('',(#2406));
#595=EDGE_LOOP('',(#2407,#2408,#2409,#2410,#2411,#2412,#2413,#2414));
#596=EDGE_LOOP('',(#2415,#2416,#2417,#2418,#2419));
#597=EDGE_LOOP('',(#2420,#2421,#2422));
#598=EDGE_LOOP('',(#2423,#2424,#2425,#2426));
#599=EDGE_LOOP('',(#2427,#2428,#2429));
#600=EDGE_LOOP('',(#2430,#2431,#2432,#2433,#2434));
#601=EDGE_LOOP('',(#2435,#2436,#2437,#2438,#2439));
#602=EDGE_LOOP('',(#2440,#2441,#2442,#2443,#2444));
#603=EDGE_LOOP('',(#2445,#2446,#2447,#2448));
#604=EDGE_LOOP('',(#2449,#2450,#2451,#2452,#2453,#2454));
#605=EDGE_LOOP('',(#2455));
#606=EDGE_LOOP('',(#2456));
#607=EDGE_LOOP('',(#2457));
#608=EDGE_LOOP('',(#2458));
#609=LINE('',#3756,#774);
#610=LINE('',#3762,#775);
#611=LINE('',#3767,#776);
#612=LINE('',#3769,#777);
#613=LINE('',#3771,#778);
#614=LINE('',#3773,#779);
#615=LINE('',#3775,#780);
#616=LINE('',#3777,#781);
#617=LINE('',#3779,#782);
#618=LINE('',#3781,#783);
#619=LINE('',#3783,#784);
#620=LINE('',#3785,#785);
#621=LINE('',#3787,#786);
#622=LINE('',#3789,#787);
#623=LINE('',#3793,#788);
#624=LINE('',#3797,#789);
#625=LINE('',#3801,#790);
#626=LINE('',#3805,#791);
#627=LINE('',#3808,#792);
#628=LINE('',#3813,#793);
#629=LINE('',#3814,#794);
#630=LINE('',#3818,#795);
#631=LINE('',#3820,#796);
#632=LINE('',#3825,#797);
#633=LINE('',#3828,#798);
#634=LINE('',#3829,#799);
#635=LINE('',#3833,#800);
#636=LINE('',#3837,#801);
#637=LINE('',#3841,#802);
#638=LINE('',#3845,#803);
#639=LINE('',#3848,#804);
#640=LINE('',#3849,#805);
#641=LINE('',#3851,#806);
#642=LINE('',#3853,#807);
#643=LINE('',#3855,#808);
#644=LINE('',#3857,#809);
#645=LINE('',#3859,#810);
#646=LINE('',#3861,#811);
#647=LINE('',#3865,#812);
#648=LINE('',#3867,#813);
#649=LINE('',#3870,#814);
#650=LINE('',#3872,#815);
#651=LINE('',#3873,#816);
#652=LINE('',#3876,#817);
#653=LINE('',#3880,#818);
#654=LINE('',#3881,#819);
#655=LINE('',#3887,#820);
#656=LINE('',#3889,#821);
#657=LINE('',#3890,#822);
#658=LINE('',#3893,#823);
#659=LINE('',#3897,#824);
#660=LINE('',#3898,#825);
#661=LINE('',#3915,#826);
#662=LINE('',#3929,#827);
#663=LINE('',#3933,#828);
#664=LINE('',#3935,#829);
#665=LINE('',#3937,#830);
#666=LINE('',#3940,#831);
#667=LINE('',#3944,#832);
#668=LINE('',#3946,#833);
#669=LINE('',#3948,#834);
#670=LINE('',#3950,#835);
#671=LINE('',#3955,#836);
#672=LINE('',#3957,#837);
#673=LINE('',#3959,#838);
#674=LINE('',#3960,#839);
#675=LINE('',#3964,#840);
#676=LINE('',#3966,#841);
#677=LINE('',#3968,#842);
#678=LINE('',#3971,#843);
#679=LINE('',#3975,#844);
#680=LINE('',#3985,#845);
#681=LINE('',#3991,#846);
#682=LINE('',#3995,#847);
#683=LINE('',#4083,#848);
#684=LINE('',#4086,#849);
#685=LINE('',#4160,#850);
#686=LINE('',#4164,#851);
#687=LINE('',#4173,#852);
#688=LINE('',#4238,#853);
#689=LINE('',#4298,#854);
#690=LINE('',#4301,#855);
#691=LINE('',#4303,#856);
#692=LINE('',#4305,#857);
#693=LINE('',#4306,#858);
#694=LINE('',#4310,#859);
#695=LINE('',#4312,#860);
#696=LINE('',#4314,#861);
#697=LINE('',#4318,#862);
#698=LINE('',#4326,#863);
#699=LINE('',#4327,#864);
#700=LINE('',#4328,#865);
#701=LINE('',#4329,#866);
#702=LINE('',#4331,#867);
#703=LINE('',#4333,#868);
#704=LINE('',#4334,#869);
#705=LINE('',#4340,#870);
#706=LINE('',#4344,#871);
#707=LINE('',#4346,#872);
#708=LINE('',#4348,#873);
#709=LINE('',#4349,#874);
#710=LINE('',#4423,#875);
#711=LINE('',#4498,#876);
#712=LINE('',#4615,#877);
#713=LINE('',#5700,#878);
#714=LINE('',#5702,#879);
#715=LINE('',#5703,#880);
#716=LINE('',#6077,#881);
#717=LINE('',#6082,#882);
#718=LINE('',#6086,#883);
#719=LINE('',#6088,#884);
#720=LINE('',#6092,#885);
#721=LINE('',#6093,#886);
#722=LINE('',#6097,#887);
#723=LINE('',#6101,#888);
#724=LINE('',#6103,#889);
#725=LINE('',#6104,#890);
#726=LINE('',#6108,#891);
#727=LINE('',#6110,#892);
#728=LINE('',#6112,#893);
#729=LINE('',#6113,#894);
#730=LINE('',#6117,#895);
#731=LINE('',#6119,#896);
#732=LINE('',#6123,#897);
#733=LINE('',#6124,#898);
#734=LINE('',#6128,#899);
#735=LINE('',#6138,#900);
#736=LINE('',#6144,#901);
#737=LINE('',#6148,#902);
#738=LINE('',#6239,#903);
#739=LINE('',#6242,#904);
#740=LINE('',#6316,#905);
#741=LINE('',#6320,#906);
#742=LINE('',#6328,#907);
#743=LINE('',#6394,#908);
#744=LINE('',#6454,#909);
#745=LINE('',#6457,#910);
#746=LINE('',#6459,#911);
#747=LINE('',#6461,#912);
#748=LINE('',#6462,#913);
#749=LINE('',#6466,#914);
#750=LINE('',#6473,#915);
#751=LINE('',#6477,#916);
#752=LINE('',#6478,#917);
#753=LINE('',#6482,#918);
#754=LINE('',#6483,#919);
#755=LINE('',#6484,#920);
#756=LINE('',#6485,#921);
#757=LINE('',#6487,#922);
#758=LINE('',#6489,#923);
#759=LINE('',#6495,#924);
#760=LINE('',#6496,#925);
#761=LINE('',#6500,#926);
#762=LINE('',#6502,#927);
#763=LINE('',#6504,#928);
#764=LINE('',#6505,#929);
#765=LINE('',#6577,#930);
#766=LINE('',#6653,#931);
#767=LINE('',#6869,#932);
#768=LINE('',#7842,#933);
#769=LINE('',#7844,#934);
#770=LINE('',#7845,#935);
#771=LINE('',#8213,#936);
#772=LINE('',#8227,#937);
#773=LINE('',#8230,#938);
#774=VECTOR('',#3025,1.);
#775=VECTOR('',#3032,1.);
#776=VECTOR('',#3037,1000.);
#777=VECTOR('',#3038,1000.);
#778=VECTOR('',#3039,1000.);
#779=VECTOR('',#3040,1000.);
#780=VECTOR('',#3041,1000.);
#781=VECTOR('',#3042,1000.);
#782=VECTOR('',#3043,1000.);
#783=VECTOR('',#3044,1000.);
#784=VECTOR('',#3045,1000.);
#785=VECTOR('',#3046,1000.);
#786=VECTOR('',#3047,1000.);
#787=VECTOR('',#3048,1000.);
#788=VECTOR('',#3051,1000.);
#789=VECTOR('',#3054,1000.);
#790=VECTOR('',#3057,1000.);
#791=VECTOR('',#3060,1000.);
#792=VECTOR('',#3063,1000.);
#793=VECTOR('',#3068,1000.);
#794=VECTOR('',#3069,1000.);
#795=VECTOR('',#3072,1000.);
#796=VECTOR('',#3075,1000.);
#797=VECTOR('',#3080,1000.);
#798=VECTOR('',#3085,1000.);
#799=VECTOR('',#3086,1000.);
#800=VECTOR('',#3089,1000.);
#801=VECTOR('',#3092,1000.);
#802=VECTOR('',#3095,1000.);
#803=VECTOR('',#3098,1000.);
#804=VECTOR('',#3103,1000.);
#805=VECTOR('',#3104,1000.);
#806=VECTOR('',#3107,1000.);
#807=VECTOR('',#3110,1000.);
#808=VECTOR('',#3113,1000.);
#809=VECTOR('',#3116,1000.);
#810=VECTOR('',#3119,1000.);
#811=VECTOR('',#3122,1000.);
#812=VECTOR('',#3129,1000.);
#813=VECTOR('',#3132,1000.);
#814=VECTOR('',#3135,1000.);
#815=VECTOR('',#3136,1000.);
#816=VECTOR('',#3137,1000.);
#817=VECTOR('',#3140,1000.);
#818=VECTOR('',#3145,1000.);
#819=VECTOR('',#3146,1000.);
#820=VECTOR('',#3155,1000.);
#821=VECTOR('',#3156,1000.);
#822=VECTOR('',#3157,1000.);
#823=VECTOR('',#3160,1000.);
#824=VECTOR('',#3165,1000.);
#825=VECTOR('',#3166,1000.);
#826=VECTOR('',#3189,1.);
#827=VECTOR('',#3206,1.);
#828=VECTOR('',#3209,1000.);
#829=VECTOR('',#3210,1000.);
#830=VECTOR('',#3211,1000.);
#831=VECTOR('',#3214,1000.);
#832=VECTOR('',#3217,1000.);
#833=VECTOR('',#3218,1000.);
#834=VECTOR('',#3219,1000.);
#835=VECTOR('',#3220,1000.);
#836=VECTOR('',#3225,1000.);
#837=VECTOR('',#3226,1000.);
#838=VECTOR('',#3227,1000.);
#839=VECTOR('',#3228,1000.);
#840=VECTOR('',#3231,1000.);
#841=VECTOR('',#3232,1000.);
#842=VECTOR('',#3233,1000.);
#843=VECTOR('',#3236,1000.);
#844=VECTOR('',#3239,1000.);
#845=VECTOR('',#3254,1000.);
#846=VECTOR('',#3261,1000.);
#847=VECTOR('',#3266,1000.);
#848=VECTOR('',#3267,1000.);
#849=VECTOR('',#3270,1000.);
#850=VECTOR('',#3273,1000.);
#851=VECTOR('',#3276,1000.);
#852=VECTOR('',#3277,1000.);
#853=VECTOR('',#3280,1000.);
#854=VECTOR('',#3281,1000.);
#855=VECTOR('',#3284,1000.);
#856=VECTOR('',#3285,1000.);
#857=VECTOR('',#3286,1000.);
#858=VECTOR('',#3287,1000.);
#859=VECTOR('',#3290,1000.);
#860=VECTOR('',#3291,1000.);
#861=VECTOR('',#3292,1000.);
#862=VECTOR('',#3295,1000.);
#863=VECTOR('',#3298,1000.);
#864=VECTOR('',#3299,1000.);
#865=VECTOR('',#3300,1000.);
#866=VECTOR('',#3301,1000.);
#867=VECTOR('',#3304,1000.);
#868=VECTOR('',#3305,1000.);
#869=VECTOR('',#3306,1000.);
#870=VECTOR('',#3307,1000.);
#871=VECTOR('',#3310,1000.);
#872=VECTOR('',#3311,1000.);
#873=VECTOR('',#3312,1000.);
#874=VECTOR('',#3313,1000.);
#875=VECTOR('',#3318,1000.);
#876=VECTOR('',#3319,1000.);
#877=VECTOR('',#3322,1000.);
#878=VECTOR('',#3415,1000.);
#879=VECTOR('',#3418,1000.);
#880=VECTOR('',#3419,1000.);
#881=VECTOR('',#3452,1.);
#882=VECTOR('',#3459,1.);
#883=VECTOR('',#3462,1000.);
#884=VECTOR('',#3463,1000.);
#885=VECTOR('',#3466,1000.);
#886=VECTOR('',#3467,1000.);
#887=VECTOR('',#3470,1000.);
#888=VECTOR('',#3473,1000.);
#889=VECTOR('',#3474,1000.);
#890=VECTOR('',#3475,1000.);
#891=VECTOR('',#3478,1000.);
#892=VECTOR('',#3479,1000.);
#893=VECTOR('',#3480,1000.);
#894=VECTOR('',#3481,1000.);
#895=VECTOR('',#3484,1000.);
#896=VECTOR('',#3485,1000.);
#897=VECTOR('',#3488,1000.);
#898=VECTOR('',#3489,1000.);
#899=VECTOR('',#3492,1000.);
#900=VECTOR('',#3507,1000.);
#901=VECTOR('',#3514,1000.);
#902=VECTOR('',#3519,1000.);
#903=VECTOR('',#3522,1000.);
#904=VECTOR('',#3525,1000.);
#905=VECTOR('',#3528,1000.);
#906=VECTOR('',#3531,1000.);
#907=VECTOR('',#3532,1000.);
#908=VECTOR('',#3535,1000.);
#909=VECTOR('',#3536,1000.);
#910=VECTOR('',#3539,1000.);
#911=VECTOR('',#3540,1000.);
#912=VECTOR('',#3541,1000.);
#913=VECTOR('',#3542,1000.);
#914=VECTOR('',#3545,1000.);
#915=VECTOR('',#3546,1000.);
#916=VECTOR('',#3549,1000.);
#917=VECTOR('',#3550,1000.);
#918=VECTOR('',#3553,1000.);
#919=VECTOR('',#3554,1000.);
#920=VECTOR('',#3555,1000.);
#921=VECTOR('',#3556,1000.);
#922=VECTOR('',#3559,1000.);
#923=VECTOR('',#3560,1000.);
#924=VECTOR('',#3561,1000.);
#925=VECTOR('',#3562,1000.);
#926=VECTOR('',#3565,1000.);
#927=VECTOR('',#3566,1000.);
#928=VECTOR('',#3567,1000.);
#929=VECTOR('',#3568,1000.);
#930=VECTOR('',#3571,1000.);
#931=VECTOR('',#3572,1000.);
#932=VECTOR('',#3577,1000.);
#933=VECTOR('',#3682,1000.);
#934=VECTOR('',#3685,1000.);
#935=VECTOR('',#3686,1000.);
#936=VECTOR('',#3711,0.95);
#937=VECTOR('',#3728,1.5);
#938=VECTOR('',#3733,0.95);
#939=CIRCLE('',#2736,1.);
#940=CIRCLE('',#2737,1.);
#941=CIRCLE('',#2739,1.);
#942=CIRCLE('',#2740,1.);
#943=CIRCLE('',#2742,5.);
#944=CIRCLE('',#2743,1.99999999999999);
#945=CIRCLE('',#2744,3.99999999999998);
#946=CIRCLE('',#2745,2.);
#947=CIRCLE('',#2746,5.);
#948=CIRCLE('',#2748,3.);
#949=CIRCLE('',#2750,3.);
#950=CIRCLE('',#2752,3.);
#951=CIRCLE('',#2753,3.);
#952=CIRCLE('',#2755,5.);
#953=CIRCLE('',#2756,2.);
#954=CIRCLE('',#2757,3.99999999999998);
#955=CIRCLE('',#2758,1.99999999999999);
#956=CIRCLE('',#2759,5.);
#957=CIRCLE('',#2773,2.5);
#958=CIRCLE('',#2776,2.5);
#959=CIRCLE('',#2780,2.5);
#960=CIRCLE('',#2783,2.5);
#961=CIRCLE('',#2787,1.25);
#962=CIRCLE('',#2788,0.25);
#963=CIRCLE('',#2789,1.);
#964=CIRCLE('',#2790,1.);
#965=CIRCLE('',#2792,1.);
#966=CIRCLE('',#2793,1.);
#967=CIRCLE('',#2795,1.);
#968=CIRCLE('',#2796,1.);
#969=CIRCLE('',#2797,1.);
#970=CIRCLE('',#2798,1.);
#971=CIRCLE('',#2800,1.);
#972=CIRCLE('',#2802,1.);
#973=CIRCLE('',#2804,1.);
#974=CIRCLE('',#2807,1.);
#975=CIRCLE('',#2809,2.499);
#976=CIRCLE('',#2810,2.499);
#977=CIRCLE('',#2812,2.499);
#978=CIRCLE('',#2813,2.499);
#979=CIRCLE('',#2815,2.499);
#980=CIRCLE('',#2816,2.499);
#981=CIRCLE('',#2818,2.499);
#982=CIRCLE('',#2819,2.499);
#983=CIRCLE('',#2822,1.);
#984=CIRCLE('',#2835,1.);
#985=CIRCLE('',#2836,1.);
#986=CIRCLE('',#2838,1.);
#987=CIRCLE('',#2839,1.);
#988=CIRCLE('',#2841,1.);
#989=CIRCLE('',#2842,1.00000000000001);
#990=CIRCLE('',#2844,1.);
#991=CIRCLE('',#2845,1.);
#992=CIRCLE('',#2846,1.);
#993=CIRCLE('',#2847,1.);
#994=CIRCLE('',#2849,1.);
#995=CIRCLE('',#2850,1.);
#996=CIRCLE('',#2851,1.);
#997=CIRCLE('',#2853,1.);
#998=CIRCLE('',#2855,1.);
#999=CIRCLE('',#2857,1.);
#1000=CIRCLE('',#2858,1.00000000000001);
#1001=CIRCLE('',#2860,0.999999999999999);
#1002=CIRCLE('',#2862,1.);
#1003=CIRCLE('',#2863,20.);
#1004=CIRCLE('',#2864,20.);
#1005=CIRCLE('',#2865,20.);
#1006=CIRCLE('',#2867,20.);
#1007=CIRCLE('',#2869,0.999999999999994);
#1008=CIRCLE('',#2871,1.);
#1009=CIRCLE('',#2872,1.);
#1010=CIRCLE('',#2874,1.);
#1011=CIRCLE('',#2876,1.);
#1012=CIRCLE('',#2878,0.999999999999999);
#1013=CIRCLE('',#2891,1.25);
#1014=CIRCLE('',#2892,0.25);
#1015=CIRCLE('',#2893,1.);
#1016=CIRCLE('',#2894,1.);
#1017=CIRCLE('',#2896,1.);
#1018=CIRCLE('',#2897,1.);
#1019=CIRCLE('',#2899,1.);
#1020=CIRCLE('',#2901,1.);
#1021=CIRCLE('',#2903,1.);
#1022=CIRCLE('',#2906,1.);
#1023=CIRCLE('',#2908,2.499);
#1024=CIRCLE('',#2909,2.499);
#1025=CIRCLE('',#2911,2.499);
#1026=CIRCLE('',#2912,2.499);
#1027=CIRCLE('',#2914,2.499);
#1028=CIRCLE('',#2915,2.499);
#1029=CIRCLE('',#2917,2.499);
#1030=CIRCLE('',#2918,2.499);
#1031=CIRCLE('',#2920,1.);
#1032=CIRCLE('',#2922,1.);
#1033=CIRCLE('',#2935,1.);
#1034=CIRCLE('',#2936,1.);
#1035=CIRCLE('',#2938,1.);
#1036=CIRCLE('',#2939,1.);
#1037=CIRCLE('',#2940,1.);
#1038=CIRCLE('',#2942,1.);
#1039=CIRCLE('',#2943,1.00000000000001);
#1040=CIRCLE('',#2945,1.);
#1041=CIRCLE('',#2946,1.);
#1042=CIRCLE('',#2947,1.);
#1043=CIRCLE('',#2948,1.);
#1044=CIRCLE('',#2950,1.);
#1045=CIRCLE('',#2951,1.);
#1046=CIRCLE('',#2952,1.);
#1047=CIRCLE('',#2954,1.);
#1048=CIRCLE('',#2956,1.);
#1049=CIRCLE('',#2958,1.);
#1050=CIRCLE('',#2959,1.00000000000001);
#1051=CIRCLE('',#2961,0.999999999999999);
#1052=CIRCLE('',#2963,1.);
#1053=CIRCLE('',#2964,20.);
#1054=CIRCLE('',#2965,20.);
#1055=CIRCLE('',#2966,20.);
#1056=CIRCLE('',#2968,20.);
#1057=CIRCLE('',#2970,20.);
#1058=CIRCLE('',#2971,1.);
#1059=CIRCLE('',#2973,1.);
#1060=CIRCLE('',#2975,0.999999999999994);
#1061=CIRCLE('',#2977,1.);
#1062=CIRCLE('',#2978,1.);
#1063=CIRCLE('',#2980,1.);
#1064=CIRCLE('',#2982,1.);
#1065=CIRCLE('',#2984,0.999999999999999);
#1066=CIRCLE('',#2997,0.95);
#1067=CIRCLE('',#2998,0.95);
#1068=CIRCLE('',#2999,0.449999999999987);
#1069=CIRCLE('',#3001,1.2);
#1070=CIRCLE('',#3002,0.25);
#1071=CIRCLE('',#3003,0.95);
#1072=CIRCLE('',#3004,0.95);
#1073=CIRCLE('',#3006,1.5);
#1074=CIRCLE('',#3007,1.5);
#1075=VERTEX_POINT('',#3753);
#1076=VERTEX_POINT('',#3755);
#1077=VERTEX_POINT('',#3759);
#1078=VERTEX_POINT('',#3761);
#1079=VERTEX_POINT('',#3765);
#1080=VERTEX_POINT('',#3766);
#1081=VERTEX_POINT('',#3768);
#1082=VERTEX_POINT('',#3770);
#1083=VERTEX_POINT('',#3772);
#1084=VERTEX_POINT('',#3774);
#1085=VERTEX_POINT('',#3776);
#1086=VERTEX_POINT('',#3778);
#1087=VERTEX_POINT('',#3780);
#1088=VERTEX_POINT('',#3782);
#1089=VERTEX_POINT('',#3784);
#1090=VERTEX_POINT('',#3786);
#1091=VERTEX_POINT('',#3788);
#1092=VERTEX_POINT('',#3790);
#1093=VERTEX_POINT('',#3792);
#1094=VERTEX_POINT('',#3794);
#1095=VERTEX_POINT('',#3796);
#1096=VERTEX_POINT('',#3798);
#1097=VERTEX_POINT('',#3800);
#1098=VERTEX_POINT('',#3802);
#1099=VERTEX_POINT('',#3804);
#1100=VERTEX_POINT('',#3806);
#1101=VERTEX_POINT('',#3810);
#1102=VERTEX_POINT('',#3812);
#1103=VERTEX_POINT('',#3816);
#1104=VERTEX_POINT('',#3817);
#1105=VERTEX_POINT('',#3822);
#1106=VERTEX_POINT('',#3824);
#1107=VERTEX_POINT('',#3830);
#1108=VERTEX_POINT('',#3832);
#1109=VERTEX_POINT('',#3834);
#1110=VERTEX_POINT('',#3836);
#1111=VERTEX_POINT('',#3838);
#1112=VERTEX_POINT('',#3840);
#1113=VERTEX_POINT('',#3842);
#1114=VERTEX_POINT('',#3844);
#1115=VERTEX_POINT('',#3869);
#1116=VERTEX_POINT('',#3871);
#1117=VERTEX_POINT('',#3875);
#1118=VERTEX_POINT('',#3879);
#1119=VERTEX_POINT('',#3886);
#1120=VERTEX_POINT('',#3888);
#1121=VERTEX_POINT('',#3892);
#1122=VERTEX_POINT('',#3896);
#1123=VERTEX_POINT('',#3904);
#1124=VERTEX_POINT('',#3906);
#1125=VERTEX_POINT('',#3908);
#1126=VERTEX_POINT('',#3912);
#1127=VERTEX_POINT('',#3914);
#1128=VERTEX_POINT('',#3918);
#1129=VERTEX_POINT('',#3919);
#1130=VERTEX_POINT('',#3921);
#1131=VERTEX_POINT('',#3923);
#1132=VERTEX_POINT('',#3927);
#1133=VERTEX_POINT('',#3931);
#1134=VERTEX_POINT('',#3932);
#1135=VERTEX_POINT('',#3934);
#1136=VERTEX_POINT('',#3936);
#1137=VERTEX_POINT('',#3938);
#1138=VERTEX_POINT('',#3942);
#1139=VERTEX_POINT('',#3943);
#1140=VERTEX_POINT('',#3945);
#1141=VERTEX_POINT('',#3947);
#1142=VERTEX_POINT('',#3949);
#1143=VERTEX_POINT('',#3953);
#1144=VERTEX_POINT('',#3954);
#1145=VERTEX_POINT('',#3956);
#1146=VERTEX_POINT('',#3958);
#1147=VERTEX_POINT('',#3962);
#1148=VERTEX_POINT('',#3963);
#1149=VERTEX_POINT('',#3965);
#1150=VERTEX_POINT('',#3967);
#1151=VERTEX_POINT('',#3969);
#1152=VERTEX_POINT('',#3973);
#1153=VERTEX_POINT('',#3974);
#1154=VERTEX_POINT('',#3982);
#1155=VERTEX_POINT('',#3984);
#1156=VERTEX_POINT('',#3988);
#1157=VERTEX_POINT('',#3990);
#1158=VERTEX_POINT('',#3994);
#1159=VERTEX_POINT('',#3996);
#1160=VERTEX_POINT('',#4085);
#1161=VERTEX_POINT('',#4087);
#1162=VERTEX_POINT('',#4089);
#1163=VERTEX_POINT('',#4162);
#1164=VERTEX_POINT('',#4163);
#1165=VERTEX_POINT('',#4165);
#1166=VERTEX_POINT('',#4172);
#1167=VERTEX_POINT('',#4180);
#1168=VERTEX_POINT('',#4181);
#1169=VERTEX_POINT('',#4237);
#1170=VERTEX_POINT('',#4239);
#1171=VERTEX_POINT('',#4300);
#1172=VERTEX_POINT('',#4302);
#1173=VERTEX_POINT('',#4304);
#1174=VERTEX_POINT('',#4308);
#1175=VERTEX_POINT('',#4309);
#1176=VERTEX_POINT('',#4311);
#1177=VERTEX_POINT('',#4313);
#1178=VERTEX_POINT('',#4315);
#1179=VERTEX_POINT('',#4317);
#1180=VERTEX_POINT('',#4324);
#1181=VERTEX_POINT('',#4325);
#1182=VERTEX_POINT('',#4332);
#1183=VERTEX_POINT('',#4335);
#1184=VERTEX_POINT('',#4342);
#1185=VERTEX_POINT('',#4343);
#1186=VERTEX_POINT('',#4345);
#1187=VERTEX_POINT('',#4347);
#1188=VERTEX_POINT('',#4351);
#1189=VERTEX_POINT('',#4352);
#1190=VERTEX_POINT('',#4420);
#1191=VERTEX_POINT('',#4422);
#1192=VERTEX_POINT('',#4424);
#1193=VERTEX_POINT('',#4511);
#1194=VERTEX_POINT('',#4519);
#1195=VERTEX_POINT('',#4526);
#1196=VERTEX_POINT('',#4533);
#1197=VERTEX_POINT('',#4612);
#1198=VERTEX_POINT('',#4613);
#1199=VERTEX_POINT('',#4616);
#1200=VERTEX_POINT('',#4621);
#1201=VERTEX_POINT('',#4701);
#1202=VERTEX_POINT('',#4717);
#1203=VERTEX_POINT('',#4895);
#1204=VERTEX_POINT('',#5213);
#1205=VERTEX_POINT('',#5214);
#1206=VERTEX_POINT('',#5318);
#1207=VERTEX_POINT('',#5319);
#1208=VERTEX_POINT('',#6066);
#1209=VERTEX_POINT('',#6068);
#1210=VERTEX_POINT('',#6070);
#1211=VERTEX_POINT('',#6074);
#1212=VERTEX_POINT('',#6076);
#1213=VERTEX_POINT('',#6080);
#1214=VERTEX_POINT('',#6084);
#1215=VERTEX_POINT('',#6085);
#1216=VERTEX_POINT('',#6087);
#1217=VERTEX_POINT('',#6089);
#1218=VERTEX_POINT('',#6091);
#1219=VERTEX_POINT('',#6095);
#1220=VERTEX_POINT('',#6096);
#1221=VERTEX_POINT('',#6098);
#1222=VERTEX_POINT('',#6100);
#1223=VERTEX_POINT('',#6102);
#1224=VERTEX_POINT('',#6106);
#1225=VERTEX_POINT('',#6107);
#1226=VERTEX_POINT('',#6109);
#1227=VERTEX_POINT('',#6111);
#1228=VERTEX_POINT('',#6115);
#1229=VERTEX_POINT('',#6116);
#1230=VERTEX_POINT('',#6118);
#1231=VERTEX_POINT('',#6120);
#1232=VERTEX_POINT('',#6122);
#1233=VERTEX_POINT('',#6126);
#1234=VERTEX_POINT('',#6127);
#1235=VERTEX_POINT('',#6135);
#1236=VERTEX_POINT('',#6137);
#1237=VERTEX_POINT('',#6141);
#1238=VERTEX_POINT('',#6143);
#1239=VERTEX_POINT('',#6147);
#1240=VERTEX_POINT('',#6149);
#1241=VERTEX_POINT('',#6151);
#1242=VERTEX_POINT('',#6234);
#1243=VERTEX_POINT('',#6241);
#1244=VERTEX_POINT('',#6243);
#1245=VERTEX_POINT('',#6314);
#1246=VERTEX_POINT('',#6318);
#1247=VERTEX_POINT('',#6319);
#1248=VERTEX_POINT('',#6321);
#1249=VERTEX_POINT('',#6327);
#1250=VERTEX_POINT('',#6336);
#1251=VERTEX_POINT('',#6337);
#1252=VERTEX_POINT('',#6393);
#1253=VERTEX_POINT('',#6395);
#1254=VERTEX_POINT('',#6456);
#1255=VERTEX_POINT('',#6458);
#1256=VERTEX_POINT('',#6460);
#1257=VERTEX_POINT('',#6464);
#1258=VERTEX_POINT('',#6465);
#1259=VERTEX_POINT('',#6467);
#1260=VERTEX_POINT('',#6472);
#1261=VERTEX_POINT('',#6474);
#1262=VERTEX_POINT('',#6476);
#1263=VERTEX_POINT('',#6480);
#1264=VERTEX_POINT('',#6481);
#1265=VERTEX_POINT('',#6488);
#1266=VERTEX_POINT('',#6494);
#1267=VERTEX_POINT('',#6498);
#1268=VERTEX_POINT('',#6499);
#1269=VERTEX_POINT('',#6501);
#1270=VERTEX_POINT('',#6503);
#1271=VERTEX_POINT('',#6507);
#1272=VERTEX_POINT('',#6508);
#1273=VERTEX_POINT('',#6576);
#1274=VERTEX_POINT('',#6578);
#1275=VERTEX_POINT('',#6652);
#1276=VERTEX_POINT('',#6667);
#1277=VERTEX_POINT('',#6672);
#1278=VERTEX_POINT('',#6737);
#1279=VERTEX_POINT('',#6744);
#1280=VERTEX_POINT('',#6768);
#1281=VERTEX_POINT('',#6769);
#1282=VERTEX_POINT('',#6771);
#1283=VERTEX_POINT('',#6777);
#1284=VERTEX_POINT('',#6784);
#1285=VERTEX_POINT('',#6864);
#1286=VERTEX_POINT('',#6874);
#1287=VERTEX_POINT('',#6949);
#1288=VERTEX_POINT('',#7055);
#1289=VERTEX_POINT('',#7372);
#1290=VERTEX_POINT('',#7373);
#1291=VERTEX_POINT('',#7477);
#1292=VERTEX_POINT('',#7478);
#1293=VERTEX_POINT('',#8208);
#1294=VERTEX_POINT('',#8209);
#1295=VERTEX_POINT('',#8212);
#1296=VERTEX_POINT('',#8216);
#1297=VERTEX_POINT('',#8218);
#1298=VERTEX_POINT('',#8220);
#1299=VERTEX_POINT('',#8224);
#1300=VERTEX_POINT('',#8226);
#1301=EDGE_CURVE('',#1075,#1075,#939,.T.);
#1302=EDGE_CURVE('',#1075,#1076,#609,.T.);
#1303=EDGE_CURVE('',#1076,#1076,#940,.T.);
#1304=EDGE_CURVE('',#1077,#1077,#941,.T.);
#1305=EDGE_CURVE('',#1077,#1078,#610,.T.);
#1306=EDGE_CURVE('',#1078,#1078,#942,.T.);
#1307=EDGE_CURVE('',#1079,#1080,#611,.T.);
#1308=EDGE_CURVE('',#1080,#1081,#612,.T.);
#1309=EDGE_CURVE('',#1081,#1082,#613,.T.);
#1310=EDGE_CURVE('',#1082,#1083,#614,.T.);
#1311=EDGE_CURVE('',#1083,#1084,#615,.T.);
#1312=EDGE_CURVE('',#1084,#1085,#616,.T.);
#1313=EDGE_CURVE('',#1085,#1086,#617,.T.);
#1314=EDGE_CURVE('',#1087,#1086,#618,.T.);
#1315=EDGE_CURVE('',#1088,#1087,#619,.T.);
#1316=EDGE_CURVE('',#1089,#1088,#620,.T.);
#1317=EDGE_CURVE('',#1089,#1090,#621,.T.);
#1318=EDGE_CURVE('',#1090,#1091,#622,.T.);
#1319=EDGE_CURVE('',#1091,#1092,#943,.T.);
#1320=EDGE_CURVE('',#1092,#1093,#623,.T.);
#1321=EDGE_CURVE('',#1093,#1094,#944,.T.);
#1322=EDGE_CURVE('',#1094,#1095,#624,.T.);
#1323=EDGE_CURVE('',#1095,#1096,#945,.T.);
#1324=EDGE_CURVE('',#1096,#1097,#625,.T.);
#1325=EDGE_CURVE('',#1097,#1098,#946,.T.);
#1326=EDGE_CURVE('',#1098,#1099,#626,.T.);
#1327=EDGE_CURVE('',#1099,#1100,#947,.T.);
#1328=EDGE_CURVE('',#1100,#1079,#627,.T.);
#1329=EDGE_CURVE('',#1090,#1101,#948,.T.);
#1330=EDGE_CURVE('',#1101,#1102,#628,.T.);
#1331=EDGE_CURVE('',#1102,#1091,#629,.T.);
#1332=EDGE_CURVE('',#1103,#1104,#630,.T.);
#1333=EDGE_CURVE('',#1104,#1079,#949,.T.);
#1334=EDGE_CURVE('',#1100,#1103,#631,.T.);
#1335=EDGE_CURVE('',#1084,#1105,#950,.T.);
#1336=EDGE_CURVE('',#1105,#1106,#632,.T.);
#1337=EDGE_CURVE('',#1106,#1085,#951,.T.);
#1338=EDGE_CURVE('',#1101,#1106,#633,.T.);
#1339=EDGE_CURVE('',#1105,#1104,#634,.T.);
#1340=EDGE_CURVE('',#1103,#1107,#952,.T.);
#1341=EDGE_CURVE('',#1108,#1107,#635,.T.);
#1342=EDGE_CURVE('',#1109,#1108,#953,.T.);
#1343=EDGE_CURVE('',#1110,#1109,#636,.T.);
#1344=EDGE_CURVE('',#1111,#1110,#954,.T.);
#1345=EDGE_CURVE('',#1112,#1111,#637,.T.);
#1346=EDGE_CURVE('',#1113,#1112,#955,.T.);
#1347=EDGE_CURVE('',#1114,#1113,#638,.T.);
#1348=EDGE_CURVE('',#1114,#1102,#956,.T.);
#1349=EDGE_CURVE('',#1094,#1112,#639,.T.);
#1350=EDGE_CURVE('',#1093,#1113,#640,.T.);
#1351=EDGE_CURVE('',#1095,#1111,#641,.T.);
#1352=EDGE_CURVE('',#1096,#1110,#642,.T.);
#1353=EDGE_CURVE('',#1097,#1109,#643,.T.);
#1354=EDGE_CURVE('',#1098,#1108,#644,.T.);
#1355=EDGE_CURVE('',#1107,#1099,#645,.T.);
#1356=EDGE_CURVE('',#1092,#1114,#646,.T.);
#1357=EDGE_CURVE('',#1086,#1089,#647,.T.);
#1358=EDGE_CURVE('',#1083,#1080,#648,.T.);
#1359=EDGE_CURVE('',#1115,#1089,#649,.T.);
#1360=EDGE_CURVE('',#1115,#1116,#650,.T.);
#1361=EDGE_CURVE('',#1116,#1086,#651,.T.);
#1362=EDGE_CURVE('',#1117,#1088,#652,.T.);
#1363=EDGE_CURVE('',#1117,#1115,#957,.T.);
#1364=EDGE_CURVE('',#1118,#1087,#653,.T.);
#1365=EDGE_CURVE('',#1118,#1117,#654,.T.);
#1366=EDGE_CURVE('',#1116,#1118,#958,.T.);
#1367=EDGE_CURVE('',#1119,#1083,#655,.T.);
#1368=EDGE_CURVE('',#1119,#1120,#656,.T.);
#1369=EDGE_CURVE('',#1120,#1080,#657,.T.);
#1370=EDGE_CURVE('',#1121,#1082,#658,.T.);
#1371=EDGE_CURVE('',#1121,#1119,#959,.T.);
#1372=EDGE_CURVE('',#1122,#1081,#659,.T.);
#1373=EDGE_CURVE('',#1122,#1121,#660,.T.);
#1374=EDGE_CURVE('',#1120,#1122,#960,.T.);
#1375=EDGE_CURVE('',#1123,#1123,#961,.T.);
#1376=EDGE_CURVE('',#1123,#1124,#962,.T.);
#1377=EDGE_CURVE('',#1125,#1124,#963,.T.);
#1378=EDGE_CURVE('',#1124,#1125,#964,.T.);
#1379=EDGE_CURVE('',#1126,#1126,#965,.T.);
#1380=EDGE_CURVE('',#1126,#1127,#661,.T.);
#1381=EDGE_CURVE('',#1127,#1127,#966,.T.);
#1382=EDGE_CURVE('',#1128,#1129,#967,.T.);
#1383=EDGE_CURVE('',#1128,#1130,#968,.T.);
#1384=EDGE_CURVE('',#1131,#1130,#969,.T.);
#1385=EDGE_CURVE('',#1129,#1131,#970,.T.);
#1386=EDGE_CURVE('',#1132,#1132,#971,.T.);
#1387=EDGE_CURVE('',#1132,#1125,#662,.T.);
#1388=EDGE_CURVE('',#1133,#1134,#663,.T.);
#1389=EDGE_CURVE('',#1134,#1135,#664,.T.);
#1390=EDGE_CURVE('',#1136,#1135,#665,.T.);
#1391=EDGE_CURVE('',#1136,#1137,#972,.T.);
#1392=EDGE_CURVE('',#1133,#1137,#666,.T.);
#1393=EDGE_CURVE('',#1138,#1139,#667,.T.);
#1394=EDGE_CURVE('',#1138,#1140,#668,.T.);
#1395=EDGE_CURVE('',#1140,#1141,#669,.T.);
#1396=EDGE_CURVE('',#1142,#1141,#670,.T.);
#1397=EDGE_CURVE('',#1142,#1139,#973,.T.);
#1398=EDGE_CURVE('',#1143,#1144,#671,.T.);
#1399=EDGE_CURVE('',#1143,#1145,#672,.T.);
#1400=EDGE_CURVE('',#1145,#1146,#673,.T.);
#1401=EDGE_CURVE('',#1144,#1146,#674,.T.);
#1402=EDGE_CURVE('',#1147,#1148,#675,.T.);
#1403=EDGE_CURVE('',#1149,#1147,#676,.T.);
#1404=EDGE_CURVE('',#1150,#1149,#677,.T.);
#1405=EDGE_CURVE('',#1150,#1151,#974,.T.);
#1406=EDGE_CURVE('',#1148,#1151,#678,.T.);
#1407=EDGE_CURVE('',#1152,#1153,#679,.T.);
#1408=EDGE_CURVE('',#1153,#1134,#975,.T.);
#1409=EDGE_CURVE('',#1152,#1133,#976,.T.);
#1410=EDGE_CURVE('',#1140,#1143,#977,.T.);
#1411=EDGE_CURVE('',#1141,#1144,#978,.T.);
#1412=EDGE_CURVE('',#1147,#1154,#979,.T.);
#1413=EDGE_CURVE('',#1155,#1154,#680,.T.);
#1414=EDGE_CURVE('',#1149,#1155,#980,.T.);
#1415=EDGE_CURVE('',#1145,#1156,#981,.T.);
#1416=EDGE_CURVE('',#1156,#1157,#681,.T.);
#1417=EDGE_CURVE('',#1146,#1157,#982,.T.);
#1418=EDGE_CURVE('',#1158,#1136,#682,.T.);
#1419=EDGE_CURVE('',#1158,#1159,#156,.T.);
#1420=EDGE_CURVE('',#1159,#1128,#83,.T.);
#1421=EDGE_CURVE('',#1137,#1129,#683,.T.);
#1422=EDGE_CURVE('',#1160,#1142,#684,.T.);
#1423=EDGE_CURVE('',#1161,#1160,#983,.T.);
#1424=EDGE_CURVE('',#1161,#1162,#84,.T.);
#1425=EDGE_CURVE('',#1139,#1162,#685,.T.);
#1426=EDGE_CURVE('',#1163,#1164,#686,.T.);
#1427=EDGE_CURVE('',#1164,#1165,#85,.T.);
#1428=EDGE_CURVE('',#1165,#1166,#687,.T.);
#1429=EDGE_CURVE('',#1166,#1163,#86,.T.);
#1430=EDGE_CURVE('',#1167,#1168,#87,.T.);
#1431=EDGE_CURVE('',#1168,#1169,#688,.T.);
#1432=EDGE_CURVE('',#1169,#1170,#88,.T.);
#1433=EDGE_CURVE('',#1170,#1167,#689,.T.);
#1434=EDGE_CURVE('',#1157,#1171,#690,.T.);
#1435=EDGE_CURVE('',#1171,#1172,#691,.T.);
#1436=EDGE_CURVE('',#1172,#1173,#692,.T.);
#1437=EDGE_CURVE('',#1160,#1173,#693,.T.);
#1438=EDGE_CURVE('',#1174,#1175,#694,.T.);
#1439=EDGE_CURVE('',#1175,#1176,#695,.T.);
#1440=EDGE_CURVE('',#1176,#1177,#696,.T.);
#1441=EDGE_CURVE('',#1177,#1178,#73,.T.);
#1442=EDGE_CURVE('',#1178,#1179,#697,.T.);
#1443=EDGE_CURVE('',#1179,#1174,#89,.T.);
#1444=EDGE_CURVE('',#1180,#1181,#698,.T.);
#1445=EDGE_CURVE('',#1181,#1150,#699,.T.);
#1446=EDGE_CURVE('',#1155,#1152,#700,.T.);
#1447=EDGE_CURVE('',#1129,#1180,#701,.T.);
#1448=EDGE_CURVE('',#1135,#1148,#702,.T.);
#1449=EDGE_CURVE('',#1148,#1182,#703,.T.);
#1450=EDGE_CURVE('',#1138,#1182,#704,.T.);
#1451=EDGE_CURVE('',#1162,#1183,#90,.T.);
#1452=EDGE_CURVE('',#1183,#1158,#705,.T.);
#1453=EDGE_CURVE('',#1184,#1185,#706,.T.);
#1454=EDGE_CURVE('',#1185,#1186,#707,.T.);
#1455=EDGE_CURVE('',#1186,#1187,#708,.T.);
#1456=EDGE_CURVE('',#1187,#1184,#709,.T.);
#1457=EDGE_CURVE('',#1188,#1189,#91,.T.);
#1458=EDGE_CURVE('',#1189,#1190,#74,.T.);
#1459=EDGE_CURVE('',#1190,#1191,#710,.T.);
#1460=EDGE_CURVE('',#1191,#1192,#92,.T.);
#1461=EDGE_CURVE('',#1192,#1188,#711,.T.);
#1462=EDGE_CURVE('',#1173,#1193,#93,.T.);
#1463=EDGE_CURVE('',#1193,#1194,#94,.T.);
#1464=EDGE_CURVE('',#1194,#1195,#95,.T.);
#1465=EDGE_CURVE('',#1195,#1196,#96,.T.);
#1466=EDGE_CURVE('',#1196,#1160,#97,.T.);
#1467=EDGE_CURVE('',#1197,#1198,#75,.T.);
#1468=EDGE_CURVE('',#1198,#1131,#712,.T.);
#1469=EDGE_CURVE('',#1131,#1199,#98,.T.);
#1470=EDGE_CURVE('',#1199,#1200,#99,.T.);
#1471=EDGE_CURVE('',#1200,#1201,#100,.T.);
#1472=EDGE_CURVE('',#1201,#1197,#101,.T.);
#1473=EDGE_CURVE('',#1176,#1181,#984,.T.);
#1474=EDGE_CURVE('',#1180,#1177,#985,.T.);
#1475=EDGE_CURVE('',#1150,#1202,#102,.T.);
#1476=EDGE_CURVE('',#1202,#1151,#103,.T.);
#1477=EDGE_CURVE('',#1169,#1197,#986,.T.);
#1478=EDGE_CURVE('',#1170,#1201,#987,.T.);
#1479=EDGE_CURVE('',#1130,#1199,#104,.T.);
#1480=EDGE_CURVE('',#1170,#1166,#988,.T.);
#1481=EDGE_CURVE('',#1166,#1201,#989,.T.);
#1482=EDGE_CURVE('',#1172,#1175,#990,.T.);
#1483=EDGE_CURVE('',#1174,#1173,#991,.T.);
#1484=EDGE_CURVE('',#1199,#1203,#105,.T.);
#1485=EDGE_CURVE('',#1203,#1189,#106,.T.);
#1486=EDGE_CURVE('',#1200,#1188,#992,.T.);
#1487=EDGE_CURVE('',#1163,#1200,#993,.T.);
#1488=EDGE_CURVE('',#1167,#1165,#994,.T.);
#1489=EDGE_CURVE('',#1193,#1168,#995,.T.);
#1490=EDGE_CURVE('',#1194,#1167,#996,.T.);
#1491=EDGE_CURVE('',#1163,#1188,#997,.T.);
#1492=EDGE_CURVE('',#1194,#1165,#998,.T.);
#1493=EDGE_CURVE('',#1164,#1192,#999,.T.);
#1494=EDGE_CURVE('',#1195,#1164,#1000,.T.);
#1495=EDGE_CURVE('',#1195,#1192,#1001,.T.);
#1496=EDGE_CURVE('',#1204,#1205,#107,.T.);
#1497=EDGE_CURVE('',#1205,#1196,#108,.T.);
#1498=EDGE_CURVE('',#1191,#1204,#109,.T.);
#1499=EDGE_CURVE('',#1206,#1207,#110,.T.);
#1500=EDGE_CURVE('',#1207,#1171,#111,.T.);
#1501=EDGE_CURVE('',#1206,#1171,#1002,.T.);
#1502=EDGE_CURVE('',#1196,#1161,#112,.T.);
#1503=EDGE_CURVE('',#1161,#1205,#1003,.T.);
#1504=EDGE_CURVE('',#1162,#1204,#1004,.T.);
#1505=EDGE_CURVE('',#1183,#1191,#1005,.T.);
#1506=EDGE_CURVE('',#1158,#1190,#113,.T.);
#1507=EDGE_CURVE('',#1159,#1189,#1006,.T.);
#1508=EDGE_CURVE('',#1203,#1128,#114,.T.);
#1509=EDGE_CURVE('',#1130,#1203,#115,.T.);
#1510=EDGE_CURVE('',#1180,#1198,#1007,.T.);
#1511=EDGE_CURVE('',#1177,#1198,#1008,.T.);
#1512=EDGE_CURVE('',#1178,#1197,#1009,.T.);
#1513=EDGE_CURVE('',#1178,#1169,#1010,.T.);
#1514=EDGE_CURVE('',#1179,#1168,#1011,.T.);
#1515=EDGE_CURVE('',#1179,#1193,#1012,.T.);
#1516=EDGE_CURVE('',#1153,#1154,#713,.T.);
#1517=EDGE_CURVE('',#1182,#1156,#714,.T.);
#1518=EDGE_CURVE('',#1206,#1182,#715,.T.);
#1519=EDGE_CURVE('',#1186,#1207,#76,.T.);
#1520=EDGE_CURVE('',#1202,#1187,#77,.T.);
#1521=EDGE_CURVE('',#1184,#1181,#116,.T.);
#1522=EDGE_CURVE('',#1184,#1176,#117,.T.);
#1523=EDGE_CURVE('',#1185,#1175,#118,.T.);
#1524=EDGE_CURVE('',#1185,#1172,#119,.T.);
#1525=EDGE_CURVE('',#1208,#1208,#1013,.T.);
#1526=EDGE_CURVE('',#1208,#1209,#1014,.T.);
#1527=EDGE_CURVE('',#1209,#1210,#1015,.T.);
#1528=EDGE_CURVE('',#1210,#1209,#1016,.T.);
#1529=EDGE_CURVE('',#1211,#1211,#1017,.T.);
#1530=EDGE_CURVE('',#1211,#1212,#716,.T.);
#1531=EDGE_CURVE('',#1212,#1212,#1018,.T.);
#1532=EDGE_CURVE('',#1213,#1213,#1019,.T.);
#1533=EDGE_CURVE('',#1213,#1210,#717,.T.);
#1534=EDGE_CURVE('',#1214,#1215,#718,.T.);
#1535=EDGE_CURVE('',#1214,#1216,#719,.T.);
#1536=EDGE_CURVE('',#1217,#1216,#1020,.T.);
#1537=EDGE_CURVE('',#1217,#1218,#720,.T.);
#1538=EDGE_CURVE('',#1215,#1218,#721,.T.);
#1539=EDGE_CURVE('',#1219,#1220,#722,.T.);
#1540=EDGE_CURVE('',#1221,#1220,#1021,.T.);
#1541=EDGE_CURVE('',#1221,#1222,#723,.T.);
#1542=EDGE_CURVE('',#1223,#1222,#724,.T.);
#1543=EDGE_CURVE('',#1219,#1223,#725,.T.);
#1544=EDGE_CURVE('',#1224,#1225,#726,.T.);
#1545=EDGE_CURVE('',#1225,#1226,#727,.T.);
#1546=EDGE_CURVE('',#1227,#1226,#728,.T.);
#1547=EDGE_CURVE('',#1224,#1227,#729,.T.);
#1548=EDGE_CURVE('',#1228,#1229,#730,.T.);
#1549=EDGE_CURVE('',#1229,#1230,#731,.T.);
#1550=EDGE_CURVE('',#1231,#1230,#1022,.T.);
#1551=EDGE_CURVE('',#1231,#1232,#732,.T.);
#1552=EDGE_CURVE('',#1232,#1228,#733,.T.);
#1553=EDGE_CURVE('',#1233,#1234,#734,.T.);
#1554=EDGE_CURVE('',#1233,#1214,#1023,.T.);
#1555=EDGE_CURVE('',#1234,#1215,#1024,.T.);
#1556=EDGE_CURVE('',#1222,#1225,#1025,.T.);
#1557=EDGE_CURVE('',#1223,#1224,#1026,.T.);
#1558=EDGE_CURVE('',#1232,#1235,#1027,.T.);
#1559=EDGE_CURVE('',#1235,#1236,#735,.T.);
#1560=EDGE_CURVE('',#1228,#1236,#1028,.T.);
#1561=EDGE_CURVE('',#1226,#1237,#1029,.T.);
#1562=EDGE_CURVE('',#1238,#1237,#736,.T.);
#1563=EDGE_CURVE('',#1227,#1238,#1030,.T.);
#1564=EDGE_CURVE('',#1216,#1239,#737,.T.);
#1565=EDGE_CURVE('',#1240,#1239,#1031,.T.);
#1566=EDGE_CURVE('',#1241,#1240,#120,.T.);
#1567=EDGE_CURVE('',#1242,#1241,#157,.T.);
#1568=EDGE_CURVE('',#1242,#1217,#738,.T.);
#1569=EDGE_CURVE('',#1220,#1243,#739,.T.);
#1570=EDGE_CURVE('',#1244,#1243,#121,.T.);
#1571=EDGE_CURVE('',#1244,#1245,#1032,.T.);
#1572=EDGE_CURVE('',#1245,#1221,#740,.T.);
#1573=EDGE_CURVE('',#1246,#1247,#741,.T.);
#1574=EDGE_CURVE('',#1248,#1246,#122,.T.);
#1575=EDGE_CURVE('',#1249,#1248,#742,.T.);
#1576=EDGE_CURVE('',#1247,#1249,#123,.T.);
#1577=EDGE_CURVE('',#1250,#1251,#124,.T.);
#1578=EDGE_CURVE('',#1252,#1250,#743,.T.);
#1579=EDGE_CURVE('',#1253,#1252,#125,.T.);
#1580=EDGE_CURVE('',#1251,#1253,#744,.T.);
#1581=EDGE_CURVE('',#1237,#1254,#745,.T.);
#1582=EDGE_CURVE('',#1245,#1255,#746,.T.);
#1583=EDGE_CURVE('',#1256,#1255,#747,.T.);
#1584=EDGE_CURVE('',#1254,#1256,#748,.T.);
#1585=EDGE_CURVE('',#1257,#1258,#749,.T.);
#1586=EDGE_CURVE('',#1259,#1257,#126,.T.);
#1587=EDGE_CURVE('',#1260,#1259,#750,.T.);
#1588=EDGE_CURVE('',#1261,#1260,#78,.T.);
#1589=EDGE_CURVE('',#1262,#1261,#751,.T.);
#1590=EDGE_CURVE('',#1258,#1262,#752,.T.);
#1591=EDGE_CURVE('',#1263,#1264,#753,.T.);
#1592=EDGE_CURVE('',#1239,#1263,#754,.T.);
#1593=EDGE_CURVE('',#1235,#1233,#755,.T.);
#1594=EDGE_CURVE('',#1264,#1231,#756,.T.);
#1595=EDGE_CURVE('',#1218,#1229,#757,.T.);
#1596=EDGE_CURVE('',#1265,#1242,#758,.T.);
#1597=EDGE_CURVE('',#1243,#1265,#127,.T.);
#1598=EDGE_CURVE('',#1219,#1266,#759,.T.);
#1599=EDGE_CURVE('',#1229,#1266,#760,.T.);
#1600=EDGE_CURVE('',#1267,#1268,#761,.T.);
#1601=EDGE_CURVE('',#1269,#1267,#762,.T.);
#1602=EDGE_CURVE('',#1270,#1269,#763,.T.);
#1603=EDGE_CURVE('',#1268,#1270,#764,.T.);
#1604=EDGE_CURVE('',#1271,#1272,#128,.T.);
#1605=EDGE_CURVE('',#1273,#1271,#765,.T.);
#1606=EDGE_CURVE('',#1274,#1273,#129,.T.);
#1607=EDGE_CURVE('',#1275,#1274,#766,.T.);
#1608=EDGE_CURVE('',#1272,#1275,#79,.T.);
#1609=EDGE_CURVE('',#1276,#1245,#130,.T.);
#1610=EDGE_CURVE('',#1277,#1276,#131,.T.);
#1611=EDGE_CURVE('',#1278,#1277,#132,.T.);
#1612=EDGE_CURVE('',#1279,#1278,#133,.T.);
#1613=EDGE_CURVE('',#1255,#1279,#134,.T.);
#1614=EDGE_CURVE('',#1280,#1281,#80,.T.);
#1615=EDGE_CURVE('',#1282,#1280,#135,.T.);
#1616=EDGE_CURVE('',#1283,#1282,#136,.T.);
#1617=EDGE_CURVE('',#1284,#1283,#137,.T.);
#1618=EDGE_CURVE('',#1285,#1284,#138,.T.);
#1619=EDGE_CURVE('',#1281,#1285,#767,.T.);
#1620=EDGE_CURVE('',#1263,#1261,#1033,.T.);
#1621=EDGE_CURVE('',#1262,#1264,#1034,.T.);
#1622=EDGE_CURVE('',#1286,#1230,#139,.T.);
#1623=EDGE_CURVE('',#1231,#1286,#140,.T.);
#1624=EDGE_CURVE('',#1252,#1282,#1035,.T.);
#1625=EDGE_CURVE('',#1253,#1280,#1036,.T.);
#1626=EDGE_CURVE('',#1287,#1284,#141,.T.);
#1627=EDGE_CURVE('',#1285,#1287,#1037,.T.);
#1628=EDGE_CURVE('',#1252,#1248,#1038,.T.);
#1629=EDGE_CURVE('',#1248,#1282,#1039,.T.);
#1630=EDGE_CURVE('',#1257,#1255,#1040,.T.);
#1631=EDGE_CURVE('',#1256,#1258,#1041,.T.);
#1632=EDGE_CURVE('',#1283,#1271,#1042,.T.);
#1633=EDGE_CURVE('',#1288,#1272,#142,.T.);
#1634=EDGE_CURVE('',#1284,#1288,#143,.T.);
#1635=EDGE_CURVE('',#1246,#1283,#1043,.T.);
#1636=EDGE_CURVE('',#1250,#1249,#1044,.T.);
#1637=EDGE_CURVE('',#1278,#1250,#1045,.T.);
#1638=EDGE_CURVE('',#1279,#1251,#1046,.T.);
#1639=EDGE_CURVE('',#1246,#1271,#1047,.T.);
#1640=EDGE_CURVE('',#1278,#1249,#1048,.T.);
#1641=EDGE_CURVE('',#1247,#1273,#1049,.T.);
#1642=EDGE_CURVE('',#1277,#1247,#1050,.T.);
#1643=EDGE_CURVE('',#1277,#1273,#1051,.T.);
#1644=EDGE_CURVE('',#1289,#1290,#144,.T.);
#1645=EDGE_CURVE('',#1274,#1289,#145,.T.);
#1646=EDGE_CURVE('',#1290,#1276,#146,.T.);
#1647=EDGE_CURVE('',#1291,#1292,#147,.T.);
#1648=EDGE_CURVE('',#1291,#1254,#1052,.T.);
#1649=EDGE_CURVE('',#1292,#1254,#148,.T.);
#1650=EDGE_CURVE('',#1276,#1244,#149,.T.);
#1651=EDGE_CURVE('',#1244,#1290,#1053,.T.);
#1652=EDGE_CURVE('',#1243,#1289,#1054,.T.);
#1653=EDGE_CURVE('',#1265,#1274,#1055,.T.);
#1654=EDGE_CURVE('',#1242,#1275,#1056,.T.);
#1655=EDGE_CURVE('',#1241,#1272,#1057,.T.);
#1656=EDGE_CURVE('',#1288,#1240,#150,.T.);
#1657=EDGE_CURVE('',#1287,#1288,#151,.T.);
#1658=EDGE_CURVE('',#1240,#1287,#1058,.T.);
#1659=EDGE_CURVE('',#1239,#1285,#1059,.T.);
#1660=EDGE_CURVE('',#1263,#1281,#1060,.T.);
#1661=EDGE_CURVE('',#1261,#1281,#1061,.T.);
#1662=EDGE_CURVE('',#1260,#1280,#1062,.T.);
#1663=EDGE_CURVE('',#1260,#1253,#1063,.T.);
#1664=EDGE_CURVE('',#1259,#1251,#1064,.T.);
#1665=EDGE_CURVE('',#1259,#1279,#1065,.T.);
#1666=EDGE_CURVE('',#1234,#1236,#768,.T.);
#1667=EDGE_CURVE('',#1266,#1238,#769,.T.);
#1668=EDGE_CURVE('',#1291,#1266,#770,.T.);
#1669=EDGE_CURVE('',#1286,#1269,#81,.T.);
#1670=EDGE_CURVE('',#1270,#1292,#82,.T.);
#1671=EDGE_CURVE('',#1267,#1264,#152,.T.);
#1672=EDGE_CURVE('',#1267,#1262,#153,.T.);
#1673=EDGE_CURVE('',#1268,#1258,#154,.T.);
#1674=EDGE_CURVE('',#1268,#1256,#155,.T.);
#1675=EDGE_CURVE('',#1293,#1294,#1066,.T.);
#1676=EDGE_CURVE('',#1294,#1293,#1067,.T.);
#1677=EDGE_CURVE('',#1294,#1295,#771,.T.);
#1678=EDGE_CURVE('',#1295,#1295,#1068,.T.);
#1679=EDGE_CURVE('',#1296,#1296,#1069,.T.);
#1680=EDGE_CURVE('',#1296,#1297,#1070,.T.);
#1681=EDGE_CURVE('',#1298,#1297,#1071,.T.);
#1682=EDGE_CURVE('',#1297,#1298,#1072,.T.);
#1683=EDGE_CURVE('',#1299,#1299,#1073,.T.);
#1684=EDGE_CURVE('',#1299,#1300,#772,.T.);
#1685=EDGE_CURVE('',#1300,#1300,#1074,.T.);
#1686=EDGE_CURVE('',#1293,#1298,#773,.T.);
#1687=ORIENTED_EDGE('',*,*,#1301,.T.);
#1688=ORIENTED_EDGE('',*,*,#1302,.T.);
#1689=ORIENTED_EDGE('',*,*,#1303,.F.);
#1690=ORIENTED_EDGE('',*,*,#1302,.F.);
#1691=ORIENTED_EDGE('',*,*,#1304,.T.);
#1692=ORIENTED_EDGE('',*,*,#1305,.T.);
#1693=ORIENTED_EDGE('',*,*,#1306,.T.);
#1694=ORIENTED_EDGE('',*,*,#1305,.F.);
#1695=ORIENTED_EDGE('',*,*,#1307,.T.);
#1696=ORIENTED_EDGE('',*,*,#1308,.T.);
#1697=ORIENTED_EDGE('',*,*,#1309,.T.);
#1698=ORIENTED_EDGE('',*,*,#1310,.T.);
#1699=ORIENTED_EDGE('',*,*,#1311,.T.);
#1700=ORIENTED_EDGE('',*,*,#1312,.T.);
#1701=ORIENTED_EDGE('',*,*,#1313,.T.);
#1702=ORIENTED_EDGE('',*,*,#1314,.F.);
#1703=ORIENTED_EDGE('',*,*,#1315,.F.);
#1704=ORIENTED_EDGE('',*,*,#1316,.F.);
#1705=ORIENTED_EDGE('',*,*,#1317,.T.);
#1706=ORIENTED_EDGE('',*,*,#1318,.T.);
#1707=ORIENTED_EDGE('',*,*,#1319,.T.);
#1708=ORIENTED_EDGE('',*,*,#1320,.T.);
#1709=ORIENTED_EDGE('',*,*,#1321,.T.);
#1710=ORIENTED_EDGE('',*,*,#1322,.T.);
#1711=ORIENTED_EDGE('',*,*,#1323,.T.);
#1712=ORIENTED_EDGE('',*,*,#1324,.T.);
#1713=ORIENTED_EDGE('',*,*,#1325,.T.);
#1714=ORIENTED_EDGE('',*,*,#1326,.T.);
#1715=ORIENTED_EDGE('',*,*,#1327,.T.);
#1716=ORIENTED_EDGE('',*,*,#1328,.T.);
#1717=ORIENTED_EDGE('',*,*,#1329,.T.);
#1718=ORIENTED_EDGE('',*,*,#1330,.T.);
#1719=ORIENTED_EDGE('',*,*,#1331,.T.);
#1720=ORIENTED_EDGE('',*,*,#1318,.F.);
#1721=ORIENTED_EDGE('',*,*,#1332,.T.);
#1722=ORIENTED_EDGE('',*,*,#1333,.T.);
#1723=ORIENTED_EDGE('',*,*,#1328,.F.);
#1724=ORIENTED_EDGE('',*,*,#1334,.T.);
#1725=ORIENTED_EDGE('',*,*,#1335,.T.);
#1726=ORIENTED_EDGE('',*,*,#1336,.T.);
#1727=ORIENTED_EDGE('',*,*,#1337,.T.);
#1728=ORIENTED_EDGE('',*,*,#1312,.F.);
#1729=ORIENTED_EDGE('',*,*,#1330,.F.);
#1730=ORIENTED_EDGE('',*,*,#1338,.T.);
#1731=ORIENTED_EDGE('',*,*,#1336,.F.);
#1732=ORIENTED_EDGE('',*,*,#1339,.T.);
#1733=ORIENTED_EDGE('',*,*,#1332,.F.);
#1734=ORIENTED_EDGE('',*,*,#1340,.T.);
#1735=ORIENTED_EDGE('',*,*,#1341,.F.);
#1736=ORIENTED_EDGE('',*,*,#1342,.F.);
#1737=ORIENTED_EDGE('',*,*,#1343,.F.);
#1738=ORIENTED_EDGE('',*,*,#1344,.F.);
#1739=ORIENTED_EDGE('',*,*,#1345,.F.);
#1740=ORIENTED_EDGE('',*,*,#1346,.F.);
#1741=ORIENTED_EDGE('',*,*,#1347,.F.);
#1742=ORIENTED_EDGE('',*,*,#1348,.T.);
#1743=ORIENTED_EDGE('',*,*,#1346,.T.);
#1744=ORIENTED_EDGE('',*,*,#1349,.F.);
#1745=ORIENTED_EDGE('',*,*,#1321,.F.);
#1746=ORIENTED_EDGE('',*,*,#1350,.T.);
#1747=ORIENTED_EDGE('',*,*,#1345,.T.);
#1748=ORIENTED_EDGE('',*,*,#1351,.F.);
#1749=ORIENTED_EDGE('',*,*,#1322,.F.);
#1750=ORIENTED_EDGE('',*,*,#1349,.T.);
#1751=ORIENTED_EDGE('',*,*,#1344,.T.);
#1752=ORIENTED_EDGE('',*,*,#1352,.F.);
#1753=ORIENTED_EDGE('',*,*,#1323,.F.);
#1754=ORIENTED_EDGE('',*,*,#1351,.T.);
#1755=ORIENTED_EDGE('',*,*,#1343,.T.);
#1756=ORIENTED_EDGE('',*,*,#1353,.F.);
#1757=ORIENTED_EDGE('',*,*,#1324,.F.);
#1758=ORIENTED_EDGE('',*,*,#1352,.T.);
#1759=ORIENTED_EDGE('',*,*,#1342,.T.);
#1760=ORIENTED_EDGE('',*,*,#1354,.F.);
#1761=ORIENTED_EDGE('',*,*,#1325,.F.);
#1762=ORIENTED_EDGE('',*,*,#1353,.T.);
#1763=ORIENTED_EDGE('',*,*,#1341,.T.);
#1764=ORIENTED_EDGE('',*,*,#1355,.T.);
#1765=ORIENTED_EDGE('',*,*,#1326,.F.);
#1766=ORIENTED_EDGE('',*,*,#1354,.T.);
#1767=ORIENTED_EDGE('',*,*,#1320,.F.);
#1768=ORIENTED_EDGE('',*,*,#1356,.T.);
#1769=ORIENTED_EDGE('',*,*,#1347,.T.);
#1770=ORIENTED_EDGE('',*,*,#1350,.F.);
#1771=ORIENTED_EDGE('',*,*,#1319,.F.);
#1772=ORIENTED_EDGE('',*,*,#1331,.F.);
#1773=ORIENTED_EDGE('',*,*,#1348,.F.);
#1774=ORIENTED_EDGE('',*,*,#1356,.F.);
#1775=ORIENTED_EDGE('',*,*,#1327,.F.);
#1776=ORIENTED_EDGE('',*,*,#1355,.F.);
#1777=ORIENTED_EDGE('',*,*,#1340,.F.);
#1778=ORIENTED_EDGE('',*,*,#1334,.F.);
#1779=ORIENTED_EDGE('',*,*,#1313,.F.);
#1780=ORIENTED_EDGE('',*,*,#1337,.F.);
#1781=ORIENTED_EDGE('',*,*,#1338,.F.);
#1782=ORIENTED_EDGE('',*,*,#1329,.F.);
#1783=ORIENTED_EDGE('',*,*,#1317,.F.);
#1784=ORIENTED_EDGE('',*,*,#1357,.F.);
#1785=ORIENTED_EDGE('',*,*,#1307,.F.);
#1786=ORIENTED_EDGE('',*,*,#1333,.F.);
#1787=ORIENTED_EDGE('',*,*,#1339,.F.);
#1788=ORIENTED_EDGE('',*,*,#1335,.F.);
#1789=ORIENTED_EDGE('',*,*,#1311,.F.);
#1790=ORIENTED_EDGE('',*,*,#1358,.T.);
#1791=ORIENTED_EDGE('',*,*,#1359,.F.);
#1792=ORIENTED_EDGE('',*,*,#1360,.T.);
#1793=ORIENTED_EDGE('',*,*,#1361,.T.);
#1794=ORIENTED_EDGE('',*,*,#1357,.T.);
#1795=ORIENTED_EDGE('',*,*,#1362,.F.);
#1796=ORIENTED_EDGE('',*,*,#1363,.T.);
#1797=ORIENTED_EDGE('',*,*,#1359,.T.);
#1798=ORIENTED_EDGE('',*,*,#1316,.T.);
#1799=ORIENTED_EDGE('',*,*,#1304,.F.);
#1800=ORIENTED_EDGE('',*,*,#1364,.F.);
#1801=ORIENTED_EDGE('',*,*,#1365,.T.);
#1802=ORIENTED_EDGE('',*,*,#1362,.T.);
#1803=ORIENTED_EDGE('',*,*,#1315,.T.);
#1804=ORIENTED_EDGE('',*,*,#1366,.T.);
#1805=ORIENTED_EDGE('',*,*,#1364,.T.);
#1806=ORIENTED_EDGE('',*,*,#1314,.T.);
#1807=ORIENTED_EDGE('',*,*,#1361,.F.);
#1808=ORIENTED_EDGE('',*,*,#1306,.F.);
#1809=ORIENTED_EDGE('',*,*,#1360,.F.);
#1810=ORIENTED_EDGE('',*,*,#1363,.F.);
#1811=ORIENTED_EDGE('',*,*,#1365,.F.);
#1812=ORIENTED_EDGE('',*,*,#1366,.F.);
#1813=ORIENTED_EDGE('',*,*,#1367,.F.);
#1814=ORIENTED_EDGE('',*,*,#1368,.T.);
#1815=ORIENTED_EDGE('',*,*,#1369,.T.);
#1816=ORIENTED_EDGE('',*,*,#1358,.F.);
#1817=ORIENTED_EDGE('',*,*,#1370,.F.);
#1818=ORIENTED_EDGE('',*,*,#1371,.T.);
#1819=ORIENTED_EDGE('',*,*,#1367,.T.);
#1820=ORIENTED_EDGE('',*,*,#1310,.F.);
#1821=ORIENTED_EDGE('',*,*,#1303,.T.);
#1822=ORIENTED_EDGE('',*,*,#1372,.F.);
#1823=ORIENTED_EDGE('',*,*,#1373,.T.);
#1824=ORIENTED_EDGE('',*,*,#1370,.T.);
#1825=ORIENTED_EDGE('',*,*,#1309,.F.);
#1826=ORIENTED_EDGE('',*,*,#1374,.T.);
#1827=ORIENTED_EDGE('',*,*,#1372,.T.);
#1828=ORIENTED_EDGE('',*,*,#1308,.F.);
#1829=ORIENTED_EDGE('',*,*,#1369,.F.);
#1830=ORIENTED_EDGE('',*,*,#1301,.F.);
#1831=ORIENTED_EDGE('',*,*,#1374,.F.);
#1832=ORIENTED_EDGE('',*,*,#1368,.F.);
#1833=ORIENTED_EDGE('',*,*,#1371,.F.);
#1834=ORIENTED_EDGE('',*,*,#1373,.F.);
#1835=ORIENTED_EDGE('',*,*,#1375,.F.);
#1836=ORIENTED_EDGE('',*,*,#1376,.T.);
#1837=ORIENTED_EDGE('',*,*,#1377,.F.);
#1838=ORIENTED_EDGE('',*,*,#1378,.F.);
#1839=ORIENTED_EDGE('',*,*,#1376,.F.);
#1840=ORIENTED_EDGE('',*,*,#1379,.T.);
#1841=ORIENTED_EDGE('',*,*,#1380,.T.);
#1842=ORIENTED_EDGE('',*,*,#1381,.F.);
#1843=ORIENTED_EDGE('',*,*,#1380,.F.);
#1844=ORIENTED_EDGE('',*,*,#1382,.F.);
#1845=ORIENTED_EDGE('',*,*,#1383,.T.);
#1846=ORIENTED_EDGE('',*,*,#1384,.F.);
#1847=ORIENTED_EDGE('',*,*,#1385,.F.);
#1848=ORIENTED_EDGE('',*,*,#1386,.F.);
#1849=ORIENTED_EDGE('',*,*,#1387,.T.);
#1850=ORIENTED_EDGE('',*,*,#1377,.T.);
#1851=ORIENTED_EDGE('',*,*,#1378,.T.);
#1852=ORIENTED_EDGE('',*,*,#1387,.F.);
#1853=ORIENTED_EDGE('',*,*,#1388,.T.);
#1854=ORIENTED_EDGE('',*,*,#1389,.T.);
#1855=ORIENTED_EDGE('',*,*,#1390,.F.);
#1856=ORIENTED_EDGE('',*,*,#1391,.T.);
#1857=ORIENTED_EDGE('',*,*,#1392,.F.);
#1858=ORIENTED_EDGE('',*,*,#1393,.F.);
#1859=ORIENTED_EDGE('',*,*,#1394,.T.);
#1860=ORIENTED_EDGE('',*,*,#1395,.T.);
#1861=ORIENTED_EDGE('',*,*,#1396,.F.);
#1862=ORIENTED_EDGE('',*,*,#1397,.T.);
#1863=ORIENTED_EDGE('',*,*,#1398,.F.);
#1864=ORIENTED_EDGE('',*,*,#1399,.T.);
#1865=ORIENTED_EDGE('',*,*,#1400,.T.);
#1866=ORIENTED_EDGE('',*,*,#1401,.F.);
#1867=ORIENTED_EDGE('',*,*,#1402,.F.);
#1868=ORIENTED_EDGE('',*,*,#1403,.F.);
#1869=ORIENTED_EDGE('',*,*,#1404,.F.);
#1870=ORIENTED_EDGE('',*,*,#1405,.T.);
#1871=ORIENTED_EDGE('',*,*,#1406,.F.);
#1872=ORIENTED_EDGE('',*,*,#1407,.T.);
#1873=ORIENTED_EDGE('',*,*,#1408,.T.);
#1874=ORIENTED_EDGE('',*,*,#1388,.F.);
#1875=ORIENTED_EDGE('',*,*,#1409,.F.);
#1876=ORIENTED_EDGE('',*,*,#1395,.F.);
#1877=ORIENTED_EDGE('',*,*,#1410,.T.);
#1878=ORIENTED_EDGE('',*,*,#1398,.T.);
#1879=ORIENTED_EDGE('',*,*,#1411,.F.);
#1880=ORIENTED_EDGE('',*,*,#1403,.T.);
#1881=ORIENTED_EDGE('',*,*,#1412,.T.);
#1882=ORIENTED_EDGE('',*,*,#1413,.F.);
#1883=ORIENTED_EDGE('',*,*,#1414,.F.);
#1884=ORIENTED_EDGE('',*,*,#1400,.F.);
#1885=ORIENTED_EDGE('',*,*,#1415,.T.);
#1886=ORIENTED_EDGE('',*,*,#1416,.T.);
#1887=ORIENTED_EDGE('',*,*,#1417,.F.);
#1888=ORIENTED_EDGE('',*,*,#1391,.F.);
#1889=ORIENTED_EDGE('',*,*,#1418,.F.);
#1890=ORIENTED_EDGE('',*,*,#1419,.T.);
#1891=ORIENTED_EDGE('',*,*,#1420,.T.);
#1892=ORIENTED_EDGE('',*,*,#1382,.T.);
#1893=ORIENTED_EDGE('',*,*,#1421,.F.);
#1894=ORIENTED_EDGE('',*,*,#1397,.F.);
#1895=ORIENTED_EDGE('',*,*,#1422,.F.);
#1896=ORIENTED_EDGE('',*,*,#1423,.F.);
#1897=ORIENTED_EDGE('',*,*,#1424,.T.);
#1898=ORIENTED_EDGE('',*,*,#1425,.F.);
#1899=ORIENTED_EDGE('',*,*,#1426,.T.);
#1900=ORIENTED_EDGE('',*,*,#1427,.T.);
#1901=ORIENTED_EDGE('',*,*,#1428,.T.);
#1902=ORIENTED_EDGE('',*,*,#1429,.T.);
#1903=ORIENTED_EDGE('',*,*,#1430,.T.);
#1904=ORIENTED_EDGE('',*,*,#1431,.T.);
#1905=ORIENTED_EDGE('',*,*,#1432,.T.);
#1906=ORIENTED_EDGE('',*,*,#1433,.T.);
#1907=ORIENTED_EDGE('',*,*,#1434,.T.);
#1908=ORIENTED_EDGE('',*,*,#1435,.T.);
#1909=ORIENTED_EDGE('',*,*,#1436,.T.);
#1910=ORIENTED_EDGE('',*,*,#1437,.F.);
#1911=ORIENTED_EDGE('',*,*,#1422,.T.);
#1912=ORIENTED_EDGE('',*,*,#1396,.T.);
#1913=ORIENTED_EDGE('',*,*,#1411,.T.);
#1914=ORIENTED_EDGE('',*,*,#1401,.T.);
#1915=ORIENTED_EDGE('',*,*,#1417,.T.);
#1916=ORIENTED_EDGE('',*,*,#1375,.T.);
#1917=ORIENTED_EDGE('',*,*,#1438,.T.);
#1918=ORIENTED_EDGE('',*,*,#1439,.T.);
#1919=ORIENTED_EDGE('',*,*,#1440,.T.);
#1920=ORIENTED_EDGE('',*,*,#1441,.T.);
#1921=ORIENTED_EDGE('',*,*,#1442,.T.);
#1922=ORIENTED_EDGE('',*,*,#1443,.T.);
#1923=ORIENTED_EDGE('',*,*,#1444,.T.);
#1924=ORIENTED_EDGE('',*,*,#1445,.T.);
#1925=ORIENTED_EDGE('',*,*,#1404,.T.);
#1926=ORIENTED_EDGE('',*,*,#1414,.T.);
#1927=ORIENTED_EDGE('',*,*,#1446,.T.);
#1928=ORIENTED_EDGE('',*,*,#1409,.T.);
#1929=ORIENTED_EDGE('',*,*,#1392,.T.);
#1930=ORIENTED_EDGE('',*,*,#1421,.T.);
#1931=ORIENTED_EDGE('',*,*,#1447,.T.);
#1932=ORIENTED_EDGE('',*,*,#1379,.F.);
#1933=ORIENTED_EDGE('',*,*,#1448,.T.);
#1934=ORIENTED_EDGE('',*,*,#1449,.T.);
#1935=ORIENTED_EDGE('',*,*,#1450,.F.);
#1936=ORIENTED_EDGE('',*,*,#1393,.T.);
#1937=ORIENTED_EDGE('',*,*,#1425,.T.);
#1938=ORIENTED_EDGE('',*,*,#1451,.T.);
#1939=ORIENTED_EDGE('',*,*,#1452,.T.);
#1940=ORIENTED_EDGE('',*,*,#1418,.T.);
#1941=ORIENTED_EDGE('',*,*,#1390,.T.);
#1942=ORIENTED_EDGE('',*,*,#1453,.T.);
#1943=ORIENTED_EDGE('',*,*,#1454,.T.);
#1944=ORIENTED_EDGE('',*,*,#1455,.T.);
#1945=ORIENTED_EDGE('',*,*,#1456,.T.);
#1946=ORIENTED_EDGE('',*,*,#1457,.T.);
#1947=ORIENTED_EDGE('',*,*,#1458,.T.);
#1948=ORIENTED_EDGE('',*,*,#1459,.T.);
#1949=ORIENTED_EDGE('',*,*,#1460,.T.);
#1950=ORIENTED_EDGE('',*,*,#1461,.T.);
#1951=ORIENTED_EDGE('',*,*,#1437,.T.);
#1952=ORIENTED_EDGE('',*,*,#1462,.T.);
#1953=ORIENTED_EDGE('',*,*,#1463,.T.);
#1954=ORIENTED_EDGE('',*,*,#1464,.T.);
#1955=ORIENTED_EDGE('',*,*,#1465,.T.);
#1956=ORIENTED_EDGE('',*,*,#1466,.T.);
#1957=ORIENTED_EDGE('',*,*,#1467,.T.);
#1958=ORIENTED_EDGE('',*,*,#1468,.T.);
#1959=ORIENTED_EDGE('',*,*,#1469,.T.);
#1960=ORIENTED_EDGE('',*,*,#1470,.T.);
#1961=ORIENTED_EDGE('',*,*,#1471,.T.);
#1962=ORIENTED_EDGE('',*,*,#1472,.T.);
#1963=ORIENTED_EDGE('',*,*,#1440,.F.);
#1964=ORIENTED_EDGE('',*,*,#1473,.T.);
#1965=ORIENTED_EDGE('',*,*,#1444,.F.);
#1966=ORIENTED_EDGE('',*,*,#1474,.T.);
#1967=ORIENTED_EDGE('',*,*,#1405,.F.);
#1968=ORIENTED_EDGE('',*,*,#1475,.T.);
#1969=ORIENTED_EDGE('',*,*,#1476,.T.);
#1970=ORIENTED_EDGE('',*,*,#1432,.F.);
#1971=ORIENTED_EDGE('',*,*,#1477,.T.);
#1972=ORIENTED_EDGE('',*,*,#1472,.F.);
#1973=ORIENTED_EDGE('',*,*,#1478,.F.);
#1974=ORIENTED_EDGE('',*,*,#1469,.F.);
#1975=ORIENTED_EDGE('',*,*,#1384,.T.);
#1976=ORIENTED_EDGE('',*,*,#1479,.T.);
#1977=ORIENTED_EDGE('',*,*,#1480,.F.);
#1978=ORIENTED_EDGE('',*,*,#1478,.T.);
#1979=ORIENTED_EDGE('',*,*,#1481,.F.);
#1980=ORIENTED_EDGE('',*,*,#1436,.F.);
#1981=ORIENTED_EDGE('',*,*,#1482,.T.);
#1982=ORIENTED_EDGE('',*,*,#1438,.F.);
#1983=ORIENTED_EDGE('',*,*,#1483,.T.);
#1984=ORIENTED_EDGE('',*,*,#1470,.F.);
#1985=ORIENTED_EDGE('',*,*,#1484,.T.);
#1986=ORIENTED_EDGE('',*,*,#1485,.T.);
#1987=ORIENTED_EDGE('',*,*,#1457,.F.);
#1988=ORIENTED_EDGE('',*,*,#1486,.F.);
#1989=ORIENTED_EDGE('',*,*,#1481,.T.);
#1990=ORIENTED_EDGE('',*,*,#1471,.F.);
#1991=ORIENTED_EDGE('',*,*,#1487,.F.);
#1992=ORIENTED_EDGE('',*,*,#1429,.F.);
#1993=ORIENTED_EDGE('',*,*,#1480,.T.);
#1994=ORIENTED_EDGE('',*,*,#1428,.F.);
#1995=ORIENTED_EDGE('',*,*,#1488,.F.);
#1996=ORIENTED_EDGE('',*,*,#1433,.F.);
#1997=ORIENTED_EDGE('',*,*,#1463,.F.);
#1998=ORIENTED_EDGE('',*,*,#1489,.T.);
#1999=ORIENTED_EDGE('',*,*,#1430,.F.);
#2000=ORIENTED_EDGE('',*,*,#1490,.F.);
#2001=ORIENTED_EDGE('',*,*,#1487,.T.);
#2002=ORIENTED_EDGE('',*,*,#1486,.T.);
#2003=ORIENTED_EDGE('',*,*,#1491,.F.);
#2004=ORIENTED_EDGE('',*,*,#1490,.T.);
#2005=ORIENTED_EDGE('',*,*,#1488,.T.);
#2006=ORIENTED_EDGE('',*,*,#1492,.F.);
#2007=ORIENTED_EDGE('',*,*,#1491,.T.);
#2008=ORIENTED_EDGE('',*,*,#1461,.F.);
#2009=ORIENTED_EDGE('',*,*,#1493,.F.);
#2010=ORIENTED_EDGE('',*,*,#1426,.F.);
#2011=ORIENTED_EDGE('',*,*,#1492,.T.);
#2012=ORIENTED_EDGE('',*,*,#1427,.F.);
#2013=ORIENTED_EDGE('',*,*,#1494,.F.);
#2014=ORIENTED_EDGE('',*,*,#1464,.F.);
#2015=ORIENTED_EDGE('',*,*,#1494,.T.);
#2016=ORIENTED_EDGE('',*,*,#1493,.T.);
#2017=ORIENTED_EDGE('',*,*,#1495,.F.);
#2018=ORIENTED_EDGE('',*,*,#1496,.T.);
#2019=ORIENTED_EDGE('',*,*,#1497,.T.);
#2020=ORIENTED_EDGE('',*,*,#1465,.F.);
#2021=ORIENTED_EDGE('',*,*,#1495,.T.);
#2022=ORIENTED_EDGE('',*,*,#1460,.F.);
#2023=ORIENTED_EDGE('',*,*,#1498,.T.);
#2024=ORIENTED_EDGE('',*,*,#1499,.T.);
#2025=ORIENTED_EDGE('',*,*,#1500,.T.);
#2026=ORIENTED_EDGE('',*,*,#1501,.F.);
#2027=ORIENTED_EDGE('',*,*,#1466,.F.);
#2028=ORIENTED_EDGE('',*,*,#1502,.T.);
#2029=ORIENTED_EDGE('',*,*,#1423,.T.);
#2030=ORIENTED_EDGE('',*,*,#1502,.F.);
#2031=ORIENTED_EDGE('',*,*,#1497,.F.);
#2032=ORIENTED_EDGE('',*,*,#1503,.F.);
#2033=ORIENTED_EDGE('',*,*,#1503,.T.);
#2034=ORIENTED_EDGE('',*,*,#1496,.F.);
#2035=ORIENTED_EDGE('',*,*,#1504,.F.);
#2036=ORIENTED_EDGE('',*,*,#1424,.F.);
#2037=ORIENTED_EDGE('',*,*,#1504,.T.);
#2038=ORIENTED_EDGE('',*,*,#1498,.F.);
#2039=ORIENTED_EDGE('',*,*,#1505,.F.);
#2040=ORIENTED_EDGE('',*,*,#1451,.F.);
#2041=ORIENTED_EDGE('',*,*,#1505,.T.);
#2042=ORIENTED_EDGE('',*,*,#1459,.F.);
#2043=ORIENTED_EDGE('',*,*,#1506,.F.);
#2044=ORIENTED_EDGE('',*,*,#1452,.F.);
#2045=ORIENTED_EDGE('',*,*,#1506,.T.);
#2046=ORIENTED_EDGE('',*,*,#1458,.F.);
#2047=ORIENTED_EDGE('',*,*,#1507,.F.);
#2048=ORIENTED_EDGE('',*,*,#1419,.F.);
#2049=ORIENTED_EDGE('',*,*,#1485,.F.);
#2050=ORIENTED_EDGE('',*,*,#1508,.T.);
#2051=ORIENTED_EDGE('',*,*,#1420,.F.);
#2052=ORIENTED_EDGE('',*,*,#1507,.T.);
#2053=ORIENTED_EDGE('',*,*,#1479,.F.);
#2054=ORIENTED_EDGE('',*,*,#1509,.T.);
#2055=ORIENTED_EDGE('',*,*,#1484,.F.);
#2056=ORIENTED_EDGE('',*,*,#1508,.F.);
#2057=ORIENTED_EDGE('',*,*,#1509,.F.);
#2058=ORIENTED_EDGE('',*,*,#1383,.F.);
#2059=ORIENTED_EDGE('',*,*,#1510,.F.);
#2060=ORIENTED_EDGE('',*,*,#1447,.F.);
#2061=ORIENTED_EDGE('',*,*,#1385,.T.);
#2062=ORIENTED_EDGE('',*,*,#1468,.F.);
#2063=ORIENTED_EDGE('',*,*,#1474,.F.);
#2064=ORIENTED_EDGE('',*,*,#1510,.T.);
#2065=ORIENTED_EDGE('',*,*,#1511,.F.);
#2066=ORIENTED_EDGE('',*,*,#1511,.T.);
#2067=ORIENTED_EDGE('',*,*,#1467,.F.);
#2068=ORIENTED_EDGE('',*,*,#1512,.F.);
#2069=ORIENTED_EDGE('',*,*,#1441,.F.);
#2070=ORIENTED_EDGE('',*,*,#1512,.T.);
#2071=ORIENTED_EDGE('',*,*,#1477,.F.);
#2072=ORIENTED_EDGE('',*,*,#1513,.F.);
#2073=ORIENTED_EDGE('',*,*,#1513,.T.);
#2074=ORIENTED_EDGE('',*,*,#1431,.F.);
#2075=ORIENTED_EDGE('',*,*,#1514,.F.);
#2076=ORIENTED_EDGE('',*,*,#1442,.F.);
#2077=ORIENTED_EDGE('',*,*,#1514,.T.);
#2078=ORIENTED_EDGE('',*,*,#1489,.F.);
#2079=ORIENTED_EDGE('',*,*,#1515,.F.);
#2080=ORIENTED_EDGE('',*,*,#1483,.F.);
#2081=ORIENTED_EDGE('',*,*,#1443,.F.);
#2082=ORIENTED_EDGE('',*,*,#1515,.T.);
#2083=ORIENTED_EDGE('',*,*,#1462,.F.);
#2084=ORIENTED_EDGE('',*,*,#1516,.F.);
#2085=ORIENTED_EDGE('',*,*,#1407,.F.);
#2086=ORIENTED_EDGE('',*,*,#1446,.F.);
#2087=ORIENTED_EDGE('',*,*,#1413,.T.);
#2088=ORIENTED_EDGE('',*,*,#1517,.F.);
#2089=ORIENTED_EDGE('',*,*,#1518,.F.);
#2090=ORIENTED_EDGE('',*,*,#1501,.T.);
#2091=ORIENTED_EDGE('',*,*,#1434,.F.);
#2092=ORIENTED_EDGE('',*,*,#1416,.F.);
#2093=ORIENTED_EDGE('',*,*,#1450,.T.);
#2094=ORIENTED_EDGE('',*,*,#1517,.T.);
#2095=ORIENTED_EDGE('',*,*,#1415,.F.);
#2096=ORIENTED_EDGE('',*,*,#1399,.F.);
#2097=ORIENTED_EDGE('',*,*,#1410,.F.);
#2098=ORIENTED_EDGE('',*,*,#1394,.F.);
#2099=ORIENTED_EDGE('',*,*,#1386,.T.);
#2100=ORIENTED_EDGE('',*,*,#1408,.F.);
#2101=ORIENTED_EDGE('',*,*,#1516,.T.);
#2102=ORIENTED_EDGE('',*,*,#1412,.F.);
#2103=ORIENTED_EDGE('',*,*,#1402,.T.);
#2104=ORIENTED_EDGE('',*,*,#1448,.F.);
#2105=ORIENTED_EDGE('',*,*,#1389,.F.);
#2106=ORIENTED_EDGE('',*,*,#1381,.T.);
#2107=ORIENTED_EDGE('',*,*,#1455,.F.);
#2108=ORIENTED_EDGE('',*,*,#1519,.T.);
#2109=ORIENTED_EDGE('',*,*,#1499,.F.);
#2110=ORIENTED_EDGE('',*,*,#1518,.T.);
#2111=ORIENTED_EDGE('',*,*,#1449,.F.);
#2112=ORIENTED_EDGE('',*,*,#1406,.T.);
#2113=ORIENTED_EDGE('',*,*,#1476,.F.);
#2114=ORIENTED_EDGE('',*,*,#1520,.T.);
#2115=ORIENTED_EDGE('',*,*,#1475,.F.);
#2116=ORIENTED_EDGE('',*,*,#1445,.F.);
#2117=ORIENTED_EDGE('',*,*,#1521,.F.);
#2118=ORIENTED_EDGE('',*,*,#1456,.F.);
#2119=ORIENTED_EDGE('',*,*,#1520,.F.);
#2120=ORIENTED_EDGE('',*,*,#1521,.T.);
#2121=ORIENTED_EDGE('',*,*,#1473,.F.);
#2122=ORIENTED_EDGE('',*,*,#1522,.F.);
#2123=ORIENTED_EDGE('',*,*,#1522,.T.);
#2124=ORIENTED_EDGE('',*,*,#1439,.F.);
#2125=ORIENTED_EDGE('',*,*,#1523,.F.);
#2126=ORIENTED_EDGE('',*,*,#1453,.F.);
#2127=ORIENTED_EDGE('',*,*,#1523,.T.);
#2128=ORIENTED_EDGE('',*,*,#1482,.F.);
#2129=ORIENTED_EDGE('',*,*,#1524,.F.);
#2130=ORIENTED_EDGE('',*,*,#1519,.F.);
#2131=ORIENTED_EDGE('',*,*,#1454,.F.);
#2132=ORIENTED_EDGE('',*,*,#1524,.T.);
#2133=ORIENTED_EDGE('',*,*,#1435,.F.);
#2134=ORIENTED_EDGE('',*,*,#1500,.F.);
#2135=ORIENTED_EDGE('',*,*,#1525,.T.);
#2136=ORIENTED_EDGE('',*,*,#1526,.T.);
#2137=ORIENTED_EDGE('',*,*,#1527,.T.);
#2138=ORIENTED_EDGE('',*,*,#1528,.T.);
#2139=ORIENTED_EDGE('',*,*,#1526,.F.);
#2140=ORIENTED_EDGE('',*,*,#1529,.F.);
#2141=ORIENTED_EDGE('',*,*,#1530,.T.);
#2142=ORIENTED_EDGE('',*,*,#1531,.T.);
#2143=ORIENTED_EDGE('',*,*,#1530,.F.);
#2144=ORIENTED_EDGE('',*,*,#1532,.T.);
#2145=ORIENTED_EDGE('',*,*,#1533,.T.);
#2146=ORIENTED_EDGE('',*,*,#1527,.F.);
#2147=ORIENTED_EDGE('',*,*,#1528,.F.);
#2148=ORIENTED_EDGE('',*,*,#1533,.F.);
#2149=ORIENTED_EDGE('',*,*,#1534,.F.);
#2150=ORIENTED_EDGE('',*,*,#1535,.T.);
#2151=ORIENTED_EDGE('',*,*,#1536,.F.);
#2152=ORIENTED_EDGE('',*,*,#1537,.T.);
#2153=ORIENTED_EDGE('',*,*,#1538,.F.);
#2154=ORIENTED_EDGE('',*,*,#1539,.T.);
#2155=ORIENTED_EDGE('',*,*,#1540,.F.);
#2156=ORIENTED_EDGE('',*,*,#1541,.T.);
#2157=ORIENTED_EDGE('',*,*,#1542,.F.);
#2158=ORIENTED_EDGE('',*,*,#1543,.F.);
#2159=ORIENTED_EDGE('',*,*,#1544,.T.);
#2160=ORIENTED_EDGE('',*,*,#1545,.T.);
#2161=ORIENTED_EDGE('',*,*,#1546,.F.);
#2162=ORIENTED_EDGE('',*,*,#1547,.F.);
#2163=ORIENTED_EDGE('',*,*,#1548,.T.);
#2164=ORIENTED_EDGE('',*,*,#1549,.T.);
#2165=ORIENTED_EDGE('',*,*,#1550,.F.);
#2166=ORIENTED_EDGE('',*,*,#1551,.T.);
#2167=ORIENTED_EDGE('',*,*,#1552,.T.);
#2168=ORIENTED_EDGE('',*,*,#1553,.F.);
#2169=ORIENTED_EDGE('',*,*,#1554,.T.);
#2170=ORIENTED_EDGE('',*,*,#1534,.T.);
#2171=ORIENTED_EDGE('',*,*,#1555,.F.);
#2172=ORIENTED_EDGE('',*,*,#1542,.T.);
#2173=ORIENTED_EDGE('',*,*,#1556,.T.);
#2174=ORIENTED_EDGE('',*,*,#1544,.F.);
#2175=ORIENTED_EDGE('',*,*,#1557,.F.);
#2176=ORIENTED_EDGE('',*,*,#1552,.F.);
#2177=ORIENTED_EDGE('',*,*,#1558,.T.);
#2178=ORIENTED_EDGE('',*,*,#1559,.T.);
#2179=ORIENTED_EDGE('',*,*,#1560,.F.);
#2180=ORIENTED_EDGE('',*,*,#1546,.T.);
#2181=ORIENTED_EDGE('',*,*,#1561,.T.);
#2182=ORIENTED_EDGE('',*,*,#1562,.F.);
#2183=ORIENTED_EDGE('',*,*,#1563,.F.);
#2184=ORIENTED_EDGE('',*,*,#1536,.T.);
#2185=ORIENTED_EDGE('',*,*,#1564,.T.);
#2186=ORIENTED_EDGE('',*,*,#1565,.F.);
#2187=ORIENTED_EDGE('',*,*,#1566,.F.);
#2188=ORIENTED_EDGE('',*,*,#1567,.F.);
#2189=ORIENTED_EDGE('',*,*,#1568,.T.);
#2190=ORIENTED_EDGE('',*,*,#1540,.T.);
#2191=ORIENTED_EDGE('',*,*,#1569,.T.);
#2192=ORIENTED_EDGE('',*,*,#1570,.F.);
#2193=ORIENTED_EDGE('',*,*,#1571,.T.);
#2194=ORIENTED_EDGE('',*,*,#1572,.T.);
#2195=ORIENTED_EDGE('',*,*,#1573,.F.);
#2196=ORIENTED_EDGE('',*,*,#1574,.F.);
#2197=ORIENTED_EDGE('',*,*,#1575,.F.);
#2198=ORIENTED_EDGE('',*,*,#1576,.F.);
#2199=ORIENTED_EDGE('',*,*,#1577,.F.);
#2200=ORIENTED_EDGE('',*,*,#1578,.F.);
#2201=ORIENTED_EDGE('',*,*,#1579,.F.);
#2202=ORIENTED_EDGE('',*,*,#1580,.F.);
#2203=ORIENTED_EDGE('',*,*,#1581,.F.);
#2204=ORIENTED_EDGE('',*,*,#1561,.F.);
#2205=ORIENTED_EDGE('',*,*,#1545,.F.);
#2206=ORIENTED_EDGE('',*,*,#1556,.F.);
#2207=ORIENTED_EDGE('',*,*,#1541,.F.);
#2208=ORIENTED_EDGE('',*,*,#1572,.F.);
#2209=ORIENTED_EDGE('',*,*,#1582,.T.);
#2210=ORIENTED_EDGE('',*,*,#1583,.F.);
#2211=ORIENTED_EDGE('',*,*,#1584,.F.);
#2212=ORIENTED_EDGE('',*,*,#1525,.F.);
#2213=ORIENTED_EDGE('',*,*,#1585,.F.);
#2214=ORIENTED_EDGE('',*,*,#1586,.F.);
#2215=ORIENTED_EDGE('',*,*,#1587,.F.);
#2216=ORIENTED_EDGE('',*,*,#1588,.F.);
#2217=ORIENTED_EDGE('',*,*,#1589,.F.);
#2218=ORIENTED_EDGE('',*,*,#1590,.F.);
#2219=ORIENTED_EDGE('',*,*,#1591,.F.);
#2220=ORIENTED_EDGE('',*,*,#1592,.F.);
#2221=ORIENTED_EDGE('',*,*,#1564,.F.);
#2222=ORIENTED_EDGE('',*,*,#1535,.F.);
#2223=ORIENTED_EDGE('',*,*,#1554,.F.);
#2224=ORIENTED_EDGE('',*,*,#1593,.F.);
#2225=ORIENTED_EDGE('',*,*,#1558,.F.);
#2226=ORIENTED_EDGE('',*,*,#1551,.F.);
#2227=ORIENTED_EDGE('',*,*,#1594,.F.);
#2228=ORIENTED_EDGE('',*,*,#1529,.T.);
#2229=ORIENTED_EDGE('',*,*,#1595,.F.);
#2230=ORIENTED_EDGE('',*,*,#1537,.F.);
#2231=ORIENTED_EDGE('',*,*,#1568,.F.);
#2232=ORIENTED_EDGE('',*,*,#1596,.F.);
#2233=ORIENTED_EDGE('',*,*,#1597,.F.);
#2234=ORIENTED_EDGE('',*,*,#1569,.F.);
#2235=ORIENTED_EDGE('',*,*,#1539,.F.);
#2236=ORIENTED_EDGE('',*,*,#1598,.T.);
#2237=ORIENTED_EDGE('',*,*,#1599,.F.);
#2238=ORIENTED_EDGE('',*,*,#1600,.F.);
#2239=ORIENTED_EDGE('',*,*,#1601,.F.);
#2240=ORIENTED_EDGE('',*,*,#1602,.F.);
#2241=ORIENTED_EDGE('',*,*,#1603,.F.);
#2242=ORIENTED_EDGE('',*,*,#1604,.F.);
#2243=ORIENTED_EDGE('',*,*,#1605,.F.);
#2244=ORIENTED_EDGE('',*,*,#1606,.F.);
#2245=ORIENTED_EDGE('',*,*,#1607,.F.);
#2246=ORIENTED_EDGE('',*,*,#1608,.F.);
#2247=ORIENTED_EDGE('',*,*,#1582,.F.);
#2248=ORIENTED_EDGE('',*,*,#1609,.F.);
#2249=ORIENTED_EDGE('',*,*,#1610,.F.);
#2250=ORIENTED_EDGE('',*,*,#1611,.F.);
#2251=ORIENTED_EDGE('',*,*,#1612,.F.);
#2252=ORIENTED_EDGE('',*,*,#1613,.F.);
#2253=ORIENTED_EDGE('',*,*,#1614,.F.);
#2254=ORIENTED_EDGE('',*,*,#1615,.F.);
#2255=ORIENTED_EDGE('',*,*,#1616,.F.);
#2256=ORIENTED_EDGE('',*,*,#1617,.F.);
#2257=ORIENTED_EDGE('',*,*,#1618,.F.);
#2258=ORIENTED_EDGE('',*,*,#1619,.F.);
#2259=ORIENTED_EDGE('',*,*,#1589,.T.);
#2260=ORIENTED_EDGE('',*,*,#1620,.F.);
#2261=ORIENTED_EDGE('',*,*,#1591,.T.);
#2262=ORIENTED_EDGE('',*,*,#1621,.F.);
#2263=ORIENTED_EDGE('',*,*,#1550,.T.);
#2264=ORIENTED_EDGE('',*,*,#1622,.F.);
#2265=ORIENTED_EDGE('',*,*,#1623,.F.);
#2266=ORIENTED_EDGE('',*,*,#1579,.T.);
#2267=ORIENTED_EDGE('',*,*,#1624,.T.);
#2268=ORIENTED_EDGE('',*,*,#1615,.T.);
#2269=ORIENTED_EDGE('',*,*,#1625,.F.);
#2270=ORIENTED_EDGE('',*,*,#1618,.T.);
#2271=ORIENTED_EDGE('',*,*,#1626,.F.);
#2272=ORIENTED_EDGE('',*,*,#1627,.F.);
#2273=ORIENTED_EDGE('',*,*,#1628,.T.);
#2274=ORIENTED_EDGE('',*,*,#1629,.T.);
#2275=ORIENTED_EDGE('',*,*,#1624,.F.);
#2276=ORIENTED_EDGE('',*,*,#1583,.T.);
#2277=ORIENTED_EDGE('',*,*,#1630,.F.);
#2278=ORIENTED_EDGE('',*,*,#1585,.T.);
#2279=ORIENTED_EDGE('',*,*,#1631,.F.);
#2280=ORIENTED_EDGE('',*,*,#1617,.T.);
#2281=ORIENTED_EDGE('',*,*,#1632,.T.);
#2282=ORIENTED_EDGE('',*,*,#1604,.T.);
#2283=ORIENTED_EDGE('',*,*,#1633,.F.);
#2284=ORIENTED_EDGE('',*,*,#1634,.F.);
#2285=ORIENTED_EDGE('',*,*,#1629,.F.);
#2286=ORIENTED_EDGE('',*,*,#1574,.T.);
#2287=ORIENTED_EDGE('',*,*,#1635,.T.);
#2288=ORIENTED_EDGE('',*,*,#1616,.T.);
#2289=ORIENTED_EDGE('',*,*,#1628,.F.);
#2290=ORIENTED_EDGE('',*,*,#1578,.T.);
#2291=ORIENTED_EDGE('',*,*,#1636,.T.);
#2292=ORIENTED_EDGE('',*,*,#1575,.T.);
#2293=ORIENTED_EDGE('',*,*,#1612,.T.);
#2294=ORIENTED_EDGE('',*,*,#1637,.T.);
#2295=ORIENTED_EDGE('',*,*,#1577,.T.);
#2296=ORIENTED_EDGE('',*,*,#1638,.F.);
#2297=ORIENTED_EDGE('',*,*,#1635,.F.);
#2298=ORIENTED_EDGE('',*,*,#1639,.T.);
#2299=ORIENTED_EDGE('',*,*,#1632,.F.);
#2300=ORIENTED_EDGE('',*,*,#1637,.F.);
#2301=ORIENTED_EDGE('',*,*,#1640,.T.);
#2302=ORIENTED_EDGE('',*,*,#1636,.F.);
#2303=ORIENTED_EDGE('',*,*,#1639,.F.);
#2304=ORIENTED_EDGE('',*,*,#1573,.T.);
#2305=ORIENTED_EDGE('',*,*,#1641,.T.);
#2306=ORIENTED_EDGE('',*,*,#1605,.T.);
#2307=ORIENTED_EDGE('',*,*,#1640,.F.);
#2308=ORIENTED_EDGE('',*,*,#1611,.T.);
#2309=ORIENTED_EDGE('',*,*,#1642,.T.);
#2310=ORIENTED_EDGE('',*,*,#1576,.T.);
#2311=ORIENTED_EDGE('',*,*,#1642,.F.);
#2312=ORIENTED_EDGE('',*,*,#1643,.T.);
#2313=ORIENTED_EDGE('',*,*,#1641,.F.);
#2314=ORIENTED_EDGE('',*,*,#1644,.F.);
#2315=ORIENTED_EDGE('',*,*,#1645,.F.);
#2316=ORIENTED_EDGE('',*,*,#1606,.T.);
#2317=ORIENTED_EDGE('',*,*,#1643,.F.);
#2318=ORIENTED_EDGE('',*,*,#1610,.T.);
#2319=ORIENTED_EDGE('',*,*,#1646,.F.);
#2320=ORIENTED_EDGE('',*,*,#1647,.F.);
#2321=ORIENTED_EDGE('',*,*,#1648,.T.);
#2322=ORIENTED_EDGE('',*,*,#1649,.F.);
#2323=ORIENTED_EDGE('',*,*,#1609,.T.);
#2324=ORIENTED_EDGE('',*,*,#1571,.F.);
#2325=ORIENTED_EDGE('',*,*,#1650,.F.);
#2326=ORIENTED_EDGE('',*,*,#1650,.T.);
#2327=ORIENTED_EDGE('',*,*,#1651,.T.);
#2328=ORIENTED_EDGE('',*,*,#1646,.T.);
#2329=ORIENTED_EDGE('',*,*,#1651,.F.);
#2330=ORIENTED_EDGE('',*,*,#1570,.T.);
#2331=ORIENTED_EDGE('',*,*,#1652,.T.);
#2332=ORIENTED_EDGE('',*,*,#1644,.T.);
#2333=ORIENTED_EDGE('',*,*,#1652,.F.);
#2334=ORIENTED_EDGE('',*,*,#1597,.T.);
#2335=ORIENTED_EDGE('',*,*,#1653,.T.);
#2336=ORIENTED_EDGE('',*,*,#1645,.T.);
#2337=ORIENTED_EDGE('',*,*,#1653,.F.);
#2338=ORIENTED_EDGE('',*,*,#1596,.T.);
#2339=ORIENTED_EDGE('',*,*,#1654,.T.);
#2340=ORIENTED_EDGE('',*,*,#1607,.T.);
#2341=ORIENTED_EDGE('',*,*,#1654,.F.);
#2342=ORIENTED_EDGE('',*,*,#1567,.T.);
#2343=ORIENTED_EDGE('',*,*,#1655,.T.);
#2344=ORIENTED_EDGE('',*,*,#1608,.T.);
#2345=ORIENTED_EDGE('',*,*,#1633,.T.);
#2346=ORIENTED_EDGE('',*,*,#1655,.F.);
#2347=ORIENTED_EDGE('',*,*,#1566,.T.);
#2348=ORIENTED_EDGE('',*,*,#1656,.F.);
#2349=ORIENTED_EDGE('',*,*,#1626,.T.);
#2350=ORIENTED_EDGE('',*,*,#1634,.T.);
#2351=ORIENTED_EDGE('',*,*,#1657,.F.);
#2352=ORIENTED_EDGE('',*,*,#1656,.T.);
#2353=ORIENTED_EDGE('',*,*,#1658,.T.);
#2354=ORIENTED_EDGE('',*,*,#1657,.T.);
#2355=ORIENTED_EDGE('',*,*,#1627,.T.);
#2356=ORIENTED_EDGE('',*,*,#1658,.F.);
#2357=ORIENTED_EDGE('',*,*,#1565,.T.);
#2358=ORIENTED_EDGE('',*,*,#1659,.T.);
#2359=ORIENTED_EDGE('',*,*,#1660,.T.);
#2360=ORIENTED_EDGE('',*,*,#1619,.T.);
#2361=ORIENTED_EDGE('',*,*,#1659,.F.);
#2362=ORIENTED_EDGE('',*,*,#1592,.T.);
#2363=ORIENTED_EDGE('',*,*,#1620,.T.);
#2364=ORIENTED_EDGE('',*,*,#1661,.T.);
#2365=ORIENTED_EDGE('',*,*,#1660,.F.);
#2366=ORIENTED_EDGE('',*,*,#1661,.F.);
#2367=ORIENTED_EDGE('',*,*,#1588,.T.);
#2368=ORIENTED_EDGE('',*,*,#1662,.T.);
#2369=ORIENTED_EDGE('',*,*,#1614,.T.);
#2370=ORIENTED_EDGE('',*,*,#1662,.F.);
#2371=ORIENTED_EDGE('',*,*,#1663,.T.);
#2372=ORIENTED_EDGE('',*,*,#1625,.T.);
#2373=ORIENTED_EDGE('',*,*,#1663,.F.);
#2374=ORIENTED_EDGE('',*,*,#1587,.T.);
#2375=ORIENTED_EDGE('',*,*,#1664,.T.);
#2376=ORIENTED_EDGE('',*,*,#1580,.T.);
#2377=ORIENTED_EDGE('',*,*,#1664,.F.);
#2378=ORIENTED_EDGE('',*,*,#1665,.T.);
#2379=ORIENTED_EDGE('',*,*,#1638,.T.);
#2380=ORIENTED_EDGE('',*,*,#1630,.T.);
#2381=ORIENTED_EDGE('',*,*,#1613,.T.);
#2382=ORIENTED_EDGE('',*,*,#1665,.F.);
#2383=ORIENTED_EDGE('',*,*,#1586,.T.);
#2384=ORIENTED_EDGE('',*,*,#1666,.T.);
#2385=ORIENTED_EDGE('',*,*,#1559,.F.);
#2386=ORIENTED_EDGE('',*,*,#1593,.T.);
#2387=ORIENTED_EDGE('',*,*,#1553,.T.);
#2388=ORIENTED_EDGE('',*,*,#1667,.T.);
#2389=ORIENTED_EDGE('',*,*,#1562,.T.);
#2390=ORIENTED_EDGE('',*,*,#1581,.T.);
#2391=ORIENTED_EDGE('',*,*,#1648,.F.);
#2392=ORIENTED_EDGE('',*,*,#1668,.T.);
#2393=ORIENTED_EDGE('',*,*,#1598,.F.);
#2394=ORIENTED_EDGE('',*,*,#1543,.T.);
#2395=ORIENTED_EDGE('',*,*,#1557,.T.);
#2396=ORIENTED_EDGE('',*,*,#1547,.T.);
#2397=ORIENTED_EDGE('',*,*,#1563,.T.);
#2398=ORIENTED_EDGE('',*,*,#1667,.F.);
#2399=ORIENTED_EDGE('',*,*,#1532,.F.);
#2400=ORIENTED_EDGE('',*,*,#1555,.T.);
#2401=ORIENTED_EDGE('',*,*,#1538,.T.);
#2402=ORIENTED_EDGE('',*,*,#1595,.T.);
#2403=ORIENTED_EDGE('',*,*,#1548,.F.);
#2404=ORIENTED_EDGE('',*,*,#1560,.T.);
#2405=ORIENTED_EDGE('',*,*,#1666,.F.);
#2406=ORIENTED_EDGE('',*,*,#1531,.F.);
#2407=ORIENTED_EDGE('',*,*,#1602,.T.);
#2408=ORIENTED_EDGE('',*,*,#1669,.F.);
#2409=ORIENTED_EDGE('',*,*,#1622,.T.);
#2410=ORIENTED_EDGE('',*,*,#1549,.F.);
#2411=ORIENTED_EDGE('',*,*,#1599,.T.);
#2412=ORIENTED_EDGE('',*,*,#1668,.F.);
#2413=ORIENTED_EDGE('',*,*,#1647,.T.);
#2414=ORIENTED_EDGE('',*,*,#1670,.F.);
#2415=ORIENTED_EDGE('',*,*,#1623,.T.);
#2416=ORIENTED_EDGE('',*,*,#1669,.T.);
#2417=ORIENTED_EDGE('',*,*,#1601,.T.);
#2418=ORIENTED_EDGE('',*,*,#1671,.T.);
#2419=ORIENTED_EDGE('',*,*,#1594,.T.);
#2420=ORIENTED_EDGE('',*,*,#1671,.F.);
#2421=ORIENTED_EDGE('',*,*,#1672,.T.);
#2422=ORIENTED_EDGE('',*,*,#1621,.T.);
#2423=ORIENTED_EDGE('',*,*,#1672,.F.);
#2424=ORIENTED_EDGE('',*,*,#1600,.T.);
#2425=ORIENTED_EDGE('',*,*,#1673,.T.);
#2426=ORIENTED_EDGE('',*,*,#1590,.T.);
#2427=ORIENTED_EDGE('',*,*,#1673,.F.);
#2428=ORIENTED_EDGE('',*,*,#1674,.T.);
#2429=ORIENTED_EDGE('',*,*,#1631,.T.);
#2430=ORIENTED_EDGE('',*,*,#1670,.T.);
#2431=ORIENTED_EDGE('',*,*,#1649,.T.);
#2432=ORIENTED_EDGE('',*,*,#1584,.T.);
#2433=ORIENTED_EDGE('',*,*,#1674,.F.);
#2434=ORIENTED_EDGE('',*,*,#1603,.T.);
#2435=ORIENTED_EDGE('',*,*,#1675,.F.);
#2436=ORIENTED_EDGE('',*,*,#1676,.F.);
#2437=ORIENTED_EDGE('',*,*,#1677,.T.);
#2438=ORIENTED_EDGE('',*,*,#1678,.F.);
#2439=ORIENTED_EDGE('',*,*,#1677,.F.);
#2440=ORIENTED_EDGE('',*,*,#1679,.F.);
#2441=ORIENTED_EDGE('',*,*,#1680,.T.);
#2442=ORIENTED_EDGE('',*,*,#1681,.F.);
#2443=ORIENTED_EDGE('',*,*,#1682,.F.);
#2444=ORIENTED_EDGE('',*,*,#1680,.F.);
#2445=ORIENTED_EDGE('',*,*,#1683,.T.);
#2446=ORIENTED_EDGE('',*,*,#1684,.T.);
#2447=ORIENTED_EDGE('',*,*,#1685,.F.);
#2448=ORIENTED_EDGE('',*,*,#1684,.F.);
#2449=ORIENTED_EDGE('',*,*,#1675,.T.);
#2450=ORIENTED_EDGE('',*,*,#1676,.T.);
#2451=ORIENTED_EDGE('',*,*,#1686,.T.);
#2452=ORIENTED_EDGE('',*,*,#1681,.T.);
#2453=ORIENTED_EDGE('',*,*,#1682,.T.);
#2454=ORIENTED_EDGE('',*,*,#1686,.F.);
#2455=ORIENTED_EDGE('',*,*,#1678,.T.);
#2456=ORIENTED_EDGE('',*,*,#1685,.T.);
#2457=ORIENTED_EDGE('',*,*,#1683,.F.);
#2458=ORIENTED_EDGE('',*,*,#1679,.T.);
#2459=CYLINDRICAL_SURFACE('',#2735,1.);
#2460=CYLINDRICAL_SURFACE('',#2738,1.);
#2461=CYLINDRICAL_SURFACE('',#2760,2.);
#2462=CYLINDRICAL_SURFACE('',#2762,3.99999999999998);
#2463=CYLINDRICAL_SURFACE('',#2764,2.);
#2464=CYLINDRICAL_SURFACE('',#2767,5.);
#2465=CYLINDRICAL_SURFACE('',#2768,5.);
#2466=CYLINDRICAL_SURFACE('',#2769,3.);
#2467=CYLINDRICAL_SURFACE('',#2770,3.);
#2468=CYLINDRICAL_SURFACE('',#2777,2.5);
#2469=CYLINDRICAL_SURFACE('',#2784,2.5);
#2470=CYLINDRICAL_SURFACE('',#2791,1.);
#2471=CYLINDRICAL_SURFACE('',#2799,1.);
#2472=CYLINDRICAL_SURFACE('',#2808,2.499);
#2473=CYLINDRICAL_SURFACE('',#2811,2.499);
#2474=CYLINDRICAL_SURFACE('',#2814,2.499);
#2475=CYLINDRICAL_SURFACE('',#2817,2.499);
#2476=CYLINDRICAL_SURFACE('',#2820,1.);
#2477=CYLINDRICAL_SURFACE('',#2821,1.);
#2478=CYLINDRICAL_SURFACE('',#2834,1.);
#2479=CYLINDRICAL_SURFACE('',#2837,1.);
#2480=CYLINDRICAL_SURFACE('',#2843,1.);
#2481=CYLINDRICAL_SURFACE('',#2848,1.);
#2482=CYLINDRICAL_SURFACE('',#2856,1.);
#2483=CYLINDRICAL_SURFACE('',#2861,1.);
#2484=CYLINDRICAL_SURFACE('',#2866,20.);
#2485=CYLINDRICAL_SURFACE('',#2868,1.00000000000001);
#2486=CYLINDRICAL_SURFACE('',#2875,1.);
#2487=CYLINDRICAL_SURFACE('',#2883,3.);
#2488=CYLINDRICAL_SURFACE('',#2886,3.);
#2489=CYLINDRICAL_SURFACE('',#2887,3.);
#2490=CYLINDRICAL_SURFACE('',#2888,3.);
#2491=CYLINDRICAL_SURFACE('',#2895,1.);
#2492=CYLINDRICAL_SURFACE('',#2898,1.);
#2493=CYLINDRICAL_SURFACE('',#2907,2.499);
#2494=CYLINDRICAL_SURFACE('',#2910,2.499);
#2495=CYLINDRICAL_SURFACE('',#2913,2.499);
#2496=CYLINDRICAL_SURFACE('',#2916,2.499);
#2497=CYLINDRICAL_SURFACE('',#2919,1.);
#2498=CYLINDRICAL_SURFACE('',#2921,1.);
#2499=CYLINDRICAL_SURFACE('',#2934,1.);
#2500=CYLINDRICAL_SURFACE('',#2937,1.);
#2501=CYLINDRICAL_SURFACE('',#2944,1.);
#2502=CYLINDRICAL_SURFACE('',#2949,1.);
#2503=CYLINDRICAL_SURFACE('',#2957,1.);
#2504=CYLINDRICAL_SURFACE('',#2962,1.);
#2505=CYLINDRICAL_SURFACE('',#2967,20.);
#2506=CYLINDRICAL_SURFACE('',#2969,19.9993923930466);
#2507=CYLINDRICAL_SURFACE('',#2974,1.00000000000001);
#2508=CYLINDRICAL_SURFACE('',#2981,1.);
#2509=CYLINDRICAL_SURFACE('',#2989,3.);
#2510=CYLINDRICAL_SURFACE('',#2992,3.);
#2511=CYLINDRICAL_SURFACE('',#2993,3.);
#2512=CYLINDRICAL_SURFACE('',#2994,3.);
#2513=CYLINDRICAL_SURFACE('',#3005,1.5);
#2514=CYLINDRICAL_SURFACE('',#3008,0.95);
#2515=ADVANCED_FACE('',(#258),#2459,.F.);
#2516=ADVANCED_FACE('',(#259),#2460,.F.);
#2517=ADVANCED_FACE('',(#260),#206,.F.);
#2518=ADVANCED_FACE('',(#261),#207,.F.);
#2519=ADVANCED_FACE('',(#262),#208,.F.);
#2520=ADVANCED_FACE('',(#263),#209,.F.);
#2521=ADVANCED_FACE('',(#264),#210,.T.);
#2522=ADVANCED_FACE('',(#265),#2461,.T.);
#2523=ADVANCED_FACE('',(#266),#211,.F.);
#2524=ADVANCED_FACE('',(#267),#2462,.F.);
#2525=ADVANCED_FACE('',(#268),#212,.F.);
#2526=ADVANCED_FACE('',(#269),#2463,.T.);
#2527=ADVANCED_FACE('',(#270),#213,.F.);
#2528=ADVANCED_FACE('',(#271),#214,.F.);
#2529=ADVANCED_FACE('',(#272),#2464,.F.);
#2530=ADVANCED_FACE('',(#273),#2465,.F.);
#2531=ADVANCED_FACE('',(#274),#2466,.T.);
#2532=ADVANCED_FACE('',(#275),#2467,.T.);
#2533=ADVANCED_FACE('',(#276),#215,.F.);
#2534=ADVANCED_FACE('',(#277,#193),#216,.F.);
#2535=ADVANCED_FACE('',(#278),#217,.F.);
#2536=ADVANCED_FACE('',(#279,#194),#218,.F.);
#2537=ADVANCED_FACE('',(#280),#2468,.T.);
#2538=ADVANCED_FACE('',(#281),#219,.T.);
#2539=ADVANCED_FACE('',(#282,#195),#220,.T.);
#2540=ADVANCED_FACE('',(#283),#221,.T.);
#2541=ADVANCED_FACE('',(#284,#196),#222,.T.);
#2542=ADVANCED_FACE('',(#285),#2469,.T.);
#2543=ADVANCED_FACE('',(#286),#174,.T.);
#2544=ADVANCED_FACE('',(#287),#2470,.F.);
#2545=ADVANCED_FACE('',(#288),#158,.T.);
#2546=ADVANCED_FACE('',(#289),#2471,.F.);
#2547=ADVANCED_FACE('',(#290),#223,.T.);
#2548=ADVANCED_FACE('',(#291),#224,.T.);
#2549=ADVANCED_FACE('',(#292),#225,.T.);
#2550=ADVANCED_FACE('',(#293),#226,.T.);
#2551=ADVANCED_FACE('',(#294),#2472,.T.);
#2552=ADVANCED_FACE('',(#295),#2473,.T.);
#2553=ADVANCED_FACE('',(#296),#2474,.T.);
#2554=ADVANCED_FACE('',(#297),#2475,.T.);
#2555=ADVANCED_FACE('',(#298),#2476,.T.);
#2556=ADVANCED_FACE('',(#299),#2477,.T.);
#2557=ADVANCED_FACE('',(#300),#227,.F.);
#2558=ADVANCED_FACE('',(#301),#228,.F.);
#2559=ADVANCED_FACE('',(#302,#197),#229,.F.);
#2560=ADVANCED_FACE('',(#303),#230,.F.);
#2561=ADVANCED_FACE('',(#304,#198),#231,.F.);
#2562=ADVANCED_FACE('',(#305),#232,.F.);
#2563=ADVANCED_FACE('',(#306),#233,.T.);
#2564=ADVANCED_FACE('',(#307),#234,.F.);
#2565=ADVANCED_FACE('',(#308),#69,.F.);
#2566=ADVANCED_FACE('',(#309),#70,.F.);
#2567=ADVANCED_FACE('',(#310),#2478,.T.);
#2568=ADVANCED_FACE('',(#311),#2479,.T.);
#2569=ADVANCED_FACE('',(#312),#32,.T.);
#2570=ADVANCED_FACE('',(#313),#33,.T.);
#2571=ADVANCED_FACE('',(#314),#159,.T.);
#2572=ADVANCED_FACE('',(#315),#2480,.T.);
#2573=ADVANCED_FACE('',(#316),#34,.T.);
#2574=ADVANCED_FACE('',(#317),#35,.T.);
#2575=ADVANCED_FACE('',(#318),#2481,.T.);
#2576=ADVANCED_FACE('',(#319),#36,.T.);
#2577=ADVANCED_FACE('',(#320),#160,.T.);
#2578=ADVANCED_FACE('',(#321),#161,.T.);
#2579=ADVANCED_FACE('',(#322),#2482,.T.);
#2580=ADVANCED_FACE('',(#323),#37,.T.);
#2581=ADVANCED_FACE('',(#324),#162,.T.);
#2582=ADVANCED_FACE('',(#325),#38,.T.);
#2583=ADVANCED_FACE('',(#326),#2483,.T.);
#2584=ADVANCED_FACE('',(#327),#39,.T.);
#2585=ADVANCED_FACE('',(#328),#40,.F.);
#2586=ADVANCED_FACE('',(#329),#41,.F.);
#2587=ADVANCED_FACE('',(#330),#42,.F.);
#2588=ADVANCED_FACE('',(#331),#2484,.F.);
#2589=ADVANCED_FACE('',(#332),#43,.F.);
#2590=ADVANCED_FACE('',(#333),#44,.F.);
#2591=ADVANCED_FACE('',(#334),#45,.F.);
#2592=ADVANCED_FACE('',(#335),#46,.T.);
#2593=ADVANCED_FACE('',(#336),#2485,.T.);
#2594=ADVANCED_FACE('',(#337),#163,.T.);
#2595=ADVANCED_FACE('',(#338),#47,.T.);
#2596=ADVANCED_FACE('',(#339),#164,.T.);
#2597=ADVANCED_FACE('',(#340),#2486,.T.);
#2598=ADVANCED_FACE('',(#341),#165,.T.);
#2599=ADVANCED_FACE('',(#342),#48,.T.);
#2600=ADVANCED_FACE('',(#343),#235,.T.);
#2601=ADVANCED_FACE('',(#344),#236,.T.);
#2602=ADVANCED_FACE('',(#345,#199),#237,.F.);
#2603=ADVANCED_FACE('',(#346,#200),#238,.F.);
#2604=ADVANCED_FACE('',(#347),#2487,.T.);
#2605=ADVANCED_FACE('',(#348),#2488,.T.);
#2606=ADVANCED_FACE('',(#349),#49,.T.);
#2607=ADVANCED_FACE('',(#350),#2489,.T.);
#2608=ADVANCED_FACE('',(#351),#50,.T.);
#2609=ADVANCED_FACE('',(#352),#2490,.T.);
#2610=ADVANCED_FACE('',(#353),#175,.T.);
#2611=ADVANCED_FACE('',(#354),#2491,.F.);
#2612=ADVANCED_FACE('',(#355),#2492,.F.);
#2613=ADVANCED_FACE('',(#356),#239,.T.);
#2614=ADVANCED_FACE('',(#357),#240,.T.);
#2615=ADVANCED_FACE('',(#358),#241,.T.);
#2616=ADVANCED_FACE('',(#359),#242,.T.);
#2617=ADVANCED_FACE('',(#360),#2493,.T.);
#2618=ADVANCED_FACE('',(#361),#2494,.T.);
#2619=ADVANCED_FACE('',(#362),#2495,.T.);
#2620=ADVANCED_FACE('',(#363),#2496,.T.);
#2621=ADVANCED_FACE('',(#364),#2497,.T.);
#2622=ADVANCED_FACE('',(#365),#2498,.T.);
#2623=ADVANCED_FACE('',(#366),#243,.F.);
#2624=ADVANCED_FACE('',(#367),#244,.F.);
#2625=ADVANCED_FACE('',(#368,#201),#245,.F.);
#2626=ADVANCED_FACE('',(#369),#246,.F.);
#2627=ADVANCED_FACE('',(#370,#202),#247,.F.);
#2628=ADVANCED_FACE('',(#371),#248,.F.);
#2629=ADVANCED_FACE('',(#372),#249,.T.);
#2630=ADVANCED_FACE('',(#373),#250,.F.);
#2631=ADVANCED_FACE('',(#374),#71,.F.);
#2632=ADVANCED_FACE('',(#375),#72,.F.);
#2633=ADVANCED_FACE('',(#376),#2499,.T.);
#2634=ADVANCED_FACE('',(#377),#2500,.T.);
#2635=ADVANCED_FACE('',(#378),#51,.T.);
#2636=ADVANCED_FACE('',(#379),#52,.T.);
#2637=ADVANCED_FACE('',(#380),#166,.T.);
#2638=ADVANCED_FACE('',(#381),#2501,.T.);
#2639=ADVANCED_FACE('',(#382),#53,.T.);
#2640=ADVANCED_FACE('',(#383),#54,.T.);
#2641=ADVANCED_FACE('',(#384),#2502,.T.);
#2642=ADVANCED_FACE('',(#385),#55,.T.);
#2643=ADVANCED_FACE('',(#386),#167,.T.);
#2644=ADVANCED_FACE('',(#387),#168,.T.);
#2645=ADVANCED_FACE('',(#388),#2503,.T.);
#2646=ADVANCED_FACE('',(#389),#56,.T.);
#2647=ADVANCED_FACE('',(#390),#169,.T.);
#2648=ADVANCED_FACE('',(#391),#57,.T.);
#2649=ADVANCED_FACE('',(#392),#2504,.T.);
#2650=ADVANCED_FACE('',(#393),#58,.T.);
#2651=ADVANCED_FACE('',(#394),#59,.F.);
#2652=ADVANCED_FACE('',(#395),#60,.F.);
#2653=ADVANCED_FACE('',(#396),#61,.F.);
#2654=ADVANCED_FACE('',(#397),#2505,.F.);
#2655=ADVANCED_FACE('',(#398),#2506,.F.);
#2656=ADVANCED_FACE('',(#399),#62,.F.);
#2657=ADVANCED_FACE('',(#400),#63,.F.);
#2658=ADVANCED_FACE('',(#401),#64,.T.);
#2659=ADVANCED_FACE('',(#402),#170,.T.);
#2660=ADVANCED_FACE('',(#403),#2507,.T.);
#2661=ADVANCED_FACE('',(#404),#171,.T.);
#2662=ADVANCED_FACE('',(#405),#65,.T.);
#2663=ADVANCED_FACE('',(#406),#172,.T.);
#2664=ADVANCED_FACE('',(#407),#2508,.T.);
#2665=ADVANCED_FACE('',(#408),#173,.T.);
#2666=ADVANCED_FACE('',(#409),#66,.T.);
#2667=ADVANCED_FACE('',(#410),#251,.T.);
#2668=ADVANCED_FACE('',(#411),#252,.T.);
#2669=ADVANCED_FACE('',(#412,#203),#253,.F.);
#2670=ADVANCED_FACE('',(#413,#204),#254,.F.);
#2671=ADVANCED_FACE('',(#414),#2509,.T.);
#2672=ADVANCED_FACE('',(#415),#2510,.T.);
#2673=ADVANCED_FACE('',(#416),#67,.T.);
#2674=ADVANCED_FACE('',(#417),#2511,.T.);
#2675=ADVANCED_FACE('',(#418),#68,.T.);
#2676=ADVANCED_FACE('',(#419),#2512,.T.);
#2677=ADVANCED_FACE('',(#420),#31,.T.);
#2678=ADVANCED_FACE('',(#421),#176,.F.);
#2679=ADVANCED_FACE('',(#422),#2513,.T.);
#2680=ADVANCED_FACE('',(#423),#2514,.T.);
#2681=ADVANCED_FACE('',(#424),#255,.F.);
#2682=ADVANCED_FACE('',(#425),#256,.T.);
#2683=ADVANCED_FACE('',(#426,#205),#257,.F.);
#2684=CLOSED_SHELL('',(#2515,#2516,#2517,#2518,#2519,#2520,#2521,#2522,
#2523,#2524,#2525,#2526,#2527,#2528,#2529,#2530,#2531,#2532,#2533,#2534,
#2535,#2536,#2537,#2538,#2539,#2540,#2541,#2542));
#2685=CLOSED_SHELL('',(#2543,#2544,#2545,#2546,#2547,#2548,#2549,#2550,
#2551,#2552,#2553,#2554,#2555,#2556,#2557,#2558,#2559,#2560,#2561,#2562,
#2563,#2564,#2565,#2566,#2567,#2568,#2569,#2570,#2571,#2572,#2573,#2574,
#2575,#2576,#2577,#2578,#2579,#2580,#2581,#2582,#2583,#2584,#2585,#2586,
#2587,#2588,#2589,#2590,#2591,#2592,#2593,#2594,#2595,#2596,#2597,#2598,
#2599,#2600,#2601,#2602,#2603,#2604,#2605,#2606,#2607,#2608,#2609));
#2686=CLOSED_SHELL('',(#2610,#2611,#2612,#2613,#2614,#2615,#2616,#2617,
#2618,#2619,#2620,#2621,#2622,#2623,#2624,#2625,#2626,#2627,#2628,#2629,
#2630,#2631,#2632,#2633,#2634,#2635,#2636,#2637,#2638,#2639,#2640,#2641,
#2642,#2643,#2644,#2645,#2646,#2647,#2648,#2649,#2650,#2651,#2652,#2653,
#2654,#2655,#2656,#2657,#2658,#2659,#2660,#2661,#2662,#2663,#2664,#2665,
#2666,#2667,#2668,#2669,#2670,#2671,#2672,#2673,#2674,#2675,#2676));
#2687=CLOSED_SHELL('',(#2677,#2678,#2679,#2680,#2681,#2682,#2683));
#2688=DERIVED_UNIT_ELEMENT(#2696,1.);
#2689=DERIVED_UNIT_ELEMENT(#8252,-3.);
#2690=DERIVED_UNIT_ELEMENT(#2696,1.);
#2691=DERIVED_UNIT_ELEMENT(#8252,-3.);
#2692=DERIVED_UNIT_ELEMENT(#2696,1.);
#2693=DERIVED_UNIT_ELEMENT(#8252,-3.);
#2694=DERIVED_UNIT_ELEMENT(#2696,1.);
#2695=DERIVED_UNIT_ELEMENT(#8252,-3.);
#2696=(
MASS_UNIT()
NAMED_UNIT(*)
SI_UNIT(.KILO.,.GRAM.)
);
#2697=DERIVED_UNIT((#2688,#2689));
#2698=DERIVED_UNIT((#2690,#2691));
#2699=DERIVED_UNIT((#2692,#2693));
#2700=DERIVED_UNIT((#2694,#2695));
#2701=MEASURE_REPRESENTATION_ITEM('density measure',
POSITIVE_RATIO_MEASURE(7850.),#2697);
#2702=MEASURE_REPRESENTATION_ITEM('density measure',
POSITIVE_RATIO_MEASURE(7850.),#2698);
#2703=MEASURE_REPRESENTATION_ITEM('density measure',
POSITIVE_RATIO_MEASURE(7850.),#2699);
#2704=MEASURE_REPRESENTATION_ITEM('density measure',
POSITIVE_RATIO_MEASURE(7850.),#2700);
#2705=PROPERTY_DEFINITION_REPRESENTATION(#2725,#2713);
#2706=PROPERTY_DEFINITION_REPRESENTATION(#2726,#2714);
#2707=PROPERTY_DEFINITION_REPRESENTATION(#2727,#2715);
#2708=PROPERTY_DEFINITION_REPRESENTATION(#2728,#2716);
#2709=PROPERTY_DEFINITION_REPRESENTATION(#2729,#2717);
#2710=PROPERTY_DEFINITION_REPRESENTATION(#2730,#2718);
#2711=PROPERTY_DEFINITION_REPRESENTATION(#2731,#2719);
#2712=PROPERTY_DEFINITION_REPRESENTATION(#2732,#2720);
#2713=REPRESENTATION('material name',(#2721),#8246);
#2714=REPRESENTATION('density',(#2701),#8246);
#2715=REPRESENTATION('material name',(#2722),#8247);
#2716=REPRESENTATION('density',(#2702),#8247);
#2717=REPRESENTATION('material name',(#2723),#8248);
#2718=REPRESENTATION('density',(#2703),#8248);
#2719=REPRESENTATION('material name',(#2724),#8249);
#2720=REPRESENTATION('density',(#2704),#8249);
#2721=DESCRIPTIVE_REPRESENTATION_ITEM('Steel','Steel');
#2722=DESCRIPTIVE_REPRESENTATION_ITEM('Steel','Steel');
#2723=DESCRIPTIVE_REPRESENTATION_ITEM('Steel','Steel');
#2724=DESCRIPTIVE_REPRESENTATION_ITEM('Steel','Steel');
#2725=PROPERTY_DEFINITION('material property','material name',#8277);
#2726=PROPERTY_DEFINITION('material property','density of part',#8277);
#2727=PROPERTY_DEFINITION('material property','material name',#8278);
#2728=PROPERTY_DEFINITION('material property','density of part',#8278);
#2729=PROPERTY_DEFINITION('material property','material name',#8279);
#2730=PROPERTY_DEFINITION('material property','density of part',#8279);
#2731=PROPERTY_DEFINITION('material property','material name',#8280);
#2732=PROPERTY_DEFINITION('material property','density of part',#8280);
#2733=AXIS2_PLACEMENT_3D('',#3750,#3017,#3018);
#2734=AXIS2_PLACEMENT_3D('',#3751,#3019,#3020);
#2735=AXIS2_PLACEMENT_3D('',#3752,#3021,#3022);
#2736=AXIS2_PLACEMENT_3D('',#3754,#3023,#3024);
#2737=AXIS2_PLACEMENT_3D('',#3757,#3026,#3027);
#2738=AXIS2_PLACEMENT_3D('',#3758,#3028,#3029);
#2739=AXIS2_PLACEMENT_3D('',#3760,#3030,#3031);
#2740=AXIS2_PLACEMENT_3D('',#3763,#3033,#3034);
#2741=AXIS2_PLACEMENT_3D('',#3764,#3035,#3036);
#2742=AXIS2_PLACEMENT_3D('',#3791,#3049,#3050);
#2743=AXIS2_PLACEMENT_3D('',#3795,#3052,#3053);
#2744=AXIS2_PLACEMENT_3D('',#3799,#3055,#3056);
#2745=AXIS2_PLACEMENT_3D('',#3803,#3058,#3059);
#2746=AXIS2_PLACEMENT_3D('',#3807,#3061,#3062);
#2747=AXIS2_PLACEMENT_3D('',#3809,#3064,#3065);
#2748=AXIS2_PLACEMENT_3D('',#3811,#3066,#3067);
#2749=AXIS2_PLACEMENT_3D('',#3815,#3070,#3071);
#2750=AXIS2_PLACEMENT_3D('',#3819,#3073,#3074);
#2751=AXIS2_PLACEMENT_3D('',#3821,#3076,#3077);
#2752=AXIS2_PLACEMENT_3D('',#3823,#3078,#3079);
#2753=AXIS2_PLACEMENT_3D('',#3826,#3081,#3082);
#2754=AXIS2_PLACEMENT_3D('',#3827,#3083,#3084);
#2755=AXIS2_PLACEMENT_3D('',#3831,#3087,#3088);
#2756=AXIS2_PLACEMENT_3D('',#3835,#3090,#3091);
#2757=AXIS2_PLACEMENT_3D('',#3839,#3093,#3094);
#2758=AXIS2_PLACEMENT_3D('',#3843,#3096,#3097);
#2759=AXIS2_PLACEMENT_3D('',#3846,#3099,#3100);
#2760=AXIS2_PLACEMENT_3D('',#3847,#3101,#3102);
#2761=AXIS2_PLACEMENT_3D('',#3850,#3105,#3106);
#2762=AXIS2_PLACEMENT_3D('',#3852,#3108,#3109);
#2763=AXIS2_PLACEMENT_3D('',#3854,#3111,#3112);
#2764=AXIS2_PLACEMENT_3D('',#3856,#3114,#3115);
#2765=AXIS2_PLACEMENT_3D('',#3858,#3117,#3118);
#2766=AXIS2_PLACEMENT_3D('',#3860,#3120,#3121);
#2767=AXIS2_PLACEMENT_3D('',#3862,#3123,#3124);
#2768=AXIS2_PLACEMENT_3D('',#3863,#3125,#3126);
#2769=AXIS2_PLACEMENT_3D('',#3864,#3127,#3128);
#2770=AXIS2_PLACEMENT_3D('',#3866,#3130,#3131);
#2771=AXIS2_PLACEMENT_3D('',#3868,#3133,#3134);
#2772=AXIS2_PLACEMENT_3D('',#3874,#3138,#3139);
#2773=AXIS2_PLACEMENT_3D('',#3877,#3141,#3142);
#2774=AXIS2_PLACEMENT_3D('',#3878,#3143,#3144);
#2775=AXIS2_PLACEMENT_3D('',#3882,#3147,#3148);
#2776=AXIS2_PLACEMENT_3D('',#3883,#3149,#3150);
#2777=AXIS2_PLACEMENT_3D('',#3884,#3151,#3152);
#2778=AXIS2_PLACEMENT_3D('',#3885,#3153,#3154);
#2779=AXIS2_PLACEMENT_3D('',#3891,#3158,#3159);
#2780=AXIS2_PLACEMENT_3D('',#3894,#3161,#3162);
#2781=AXIS2_PLACEMENT_3D('',#3895,#3163,#3164);
#2782=AXIS2_PLACEMENT_3D('',#3899,#3167,#3168);
#2783=AXIS2_PLACEMENT_3D('',#3900,#3169,#3170);
#2784=AXIS2_PLACEMENT_3D('',#3901,#3171,#3172);
#2785=AXIS2_PLACEMENT_3D('',#3902,#3173,#3174);
#2786=AXIS2_PLACEMENT_3D('',#3903,#3175,#3176);
#2787=AXIS2_PLACEMENT_3D('',#3905,#3177,#3178);
#2788=AXIS2_PLACEMENT_3D('',#3907,#3179,#3180);
#2789=AXIS2_PLACEMENT_3D('',#3909,#3181,#3182);
#2790=AXIS2_PLACEMENT_3D('',#3910,#3183,#3184);
#2791=AXIS2_PLACEMENT_3D('',#3911,#3185,#3186);
#2792=AXIS2_PLACEMENT_3D('',#3913,#3187,#3188);
#2793=AXIS2_PLACEMENT_3D('',#3916,#3190,#3191);
#2794=AXIS2_PLACEMENT_3D('',#3917,#3192,#3193);
#2795=AXIS2_PLACEMENT_3D('',#3920,#3194,#3195);
#2796=AXIS2_PLACEMENT_3D('',#3922,#3196,#3197);
#2797=AXIS2_PLACEMENT_3D('',#3924,#3198,#3199);
#2798=AXIS2_PLACEMENT_3D('',#3925,#3200,#3201);
#2799=AXIS2_PLACEMENT_3D('',#3926,#3202,#3203);
#2800=AXIS2_PLACEMENT_3D('',#3928,#3204,#3205);
#2801=AXIS2_PLACEMENT_3D('',#3930,#3207,#3208);
#2802=AXIS2_PLACEMENT_3D('',#3939,#3212,#3213);
#2803=AXIS2_PLACEMENT_3D('',#3941,#3215,#3216);
#2804=AXIS2_PLACEMENT_3D('',#3951,#3221,#3222);
#2805=AXIS2_PLACEMENT_3D('',#3952,#3223,#3224);
#2806=AXIS2_PLACEMENT_3D('',#3961,#3229,#3230);
#2807=AXIS2_PLACEMENT_3D('',#3970,#3234,#3235);
#2808=AXIS2_PLACEMENT_3D('',#3972,#3237,#3238);
#2809=AXIS2_PLACEMENT_3D('',#3976,#3240,#3241);
#2810=AXIS2_PLACEMENT_3D('',#3977,#3242,#3243);
#2811=AXIS2_PLACEMENT_3D('',#3978,#3244,#3245);
#2812=AXIS2_PLACEMENT_3D('',#3979,#3246,#3247);
#2813=AXIS2_PLACEMENT_3D('',#3980,#3248,#3249);
#2814=AXIS2_PLACEMENT_3D('',#3981,#3250,#3251);
#2815=AXIS2_PLACEMENT_3D('',#3983,#3252,#3253);
#2816=AXIS2_PLACEMENT_3D('',#3986,#3255,#3256);
#2817=AXIS2_PLACEMENT_3D('',#3987,#3257,#3258);
#2818=AXIS2_PLACEMENT_3D('',#3989,#3259,#3260);
#2819=AXIS2_PLACEMENT_3D('',#3992,#3262,#3263);
#2820=AXIS2_PLACEMENT_3D('',#3993,#3264,#3265);
#2821=AXIS2_PLACEMENT_3D('',#4084,#3268,#3269);
#2822=AXIS2_PLACEMENT_3D('',#4088,#3271,#3272);
#2823=AXIS2_PLACEMENT_3D('',#4161,#3274,#3275);
#2824=AXIS2_PLACEMENT_3D('',#4179,#3278,#3279);
#2825=AXIS2_PLACEMENT_3D('',#4299,#3282,#3283);
#2826=AXIS2_PLACEMENT_3D('',#4307,#3288,#3289);
#2827=AXIS2_PLACEMENT_3D('',#4316,#3293,#3294);
#2828=AXIS2_PLACEMENT_3D('',#4323,#3296,#3297);
#2829=AXIS2_PLACEMENT_3D('',#4330,#3302,#3303);
#2830=AXIS2_PLACEMENT_3D('',#4341,#3308,#3309);
#2831=AXIS2_PLACEMENT_3D('',#4350,#3314,#3315);
#2832=AXIS2_PLACEMENT_3D('',#4421,#3316,#3317);
#2833=AXIS2_PLACEMENT_3D('',#4614,#3320,#3321);
#2834=AXIS2_PLACEMENT_3D('',#4713,#3323,#3324);
#2835=AXIS2_PLACEMENT_3D('',#4714,#3325,#3326);
#2836=AXIS2_PLACEMENT_3D('',#4715,#3327,#3328);
#2837=AXIS2_PLACEMENT_3D('',#4716,#3329,#3330);
#2838=AXIS2_PLACEMENT_3D('',#4778,#3331,#3332);
#2839=AXIS2_PLACEMENT_3D('',#4779,#3333,#3334);
#2840=AXIS2_PLACEMENT_3D('',#4835,#3335,#3336);
#2841=AXIS2_PLACEMENT_3D('',#4836,#3337,#3338);
#2842=AXIS2_PLACEMENT_3D('',#4837,#3339,#3340);
#2843=AXIS2_PLACEMENT_3D('',#4838,#3341,#3342);
#2844=AXIS2_PLACEMENT_3D('',#4839,#3343,#3344);
#2845=AXIS2_PLACEMENT_3D('',#4840,#3345,#3346);
#2846=AXIS2_PLACEMENT_3D('',#5048,#3347,#3348);
#2847=AXIS2_PLACEMENT_3D('',#5061,#3349,#3350);
#2848=AXIS2_PLACEMENT_3D('',#5062,#3351,#3352);
#2849=AXIS2_PLACEMENT_3D('',#5063,#3353,#3354);
#2850=AXIS2_PLACEMENT_3D('',#5124,#3355,#3356);
#2851=AXIS2_PLACEMENT_3D('',#5125,#3357,#3358);
#2852=AXIS2_PLACEMENT_3D('',#5126,#3359,#3360);
#2853=AXIS2_PLACEMENT_3D('',#5127,#3361,#3362);
#2854=AXIS2_PLACEMENT_3D('',#5128,#3363,#3364);
#2855=AXIS2_PLACEMENT_3D('',#5129,#3365,#3366);
#2856=AXIS2_PLACEMENT_3D('',#5130,#3367,#3368);
#2857=AXIS2_PLACEMENT_3D('',#5131,#3369,#3370);
#2858=AXIS2_PLACEMENT_3D('',#5144,#3371,#3372);
#2859=AXIS2_PLACEMENT_3D('',#5145,#3373,#3374);
#2860=AXIS2_PLACEMENT_3D('',#5146,#3375,#3376);
#2861=AXIS2_PLACEMENT_3D('',#5317,#3377,#3378);
#2862=AXIS2_PLACEMENT_3D('',#5332,#3379,#3380);
#2863=AXIS2_PLACEMENT_3D('',#5421,#3381,#3382);
#2864=AXIS2_PLACEMENT_3D('',#5470,#3383,#3384);
#2865=AXIS2_PLACEMENT_3D('',#5483,#3385,#3386);
#2866=AXIS2_PLACEMENT_3D('',#5484,#3387,#3388);
#2867=AXIS2_PLACEMENT_3D('',#5507,#3389,#3390);
#2868=AXIS2_PLACEMENT_3D('',#5664,#3391,#3392);
#2869=AXIS2_PLACEMENT_3D('',#5665,#3393,#3394);
#2870=AXIS2_PLACEMENT_3D('',#5666,#3395,#3396);
#2871=AXIS2_PLACEMENT_3D('',#5667,#3397,#3398);
#2872=AXIS2_PLACEMENT_3D('',#5680,#3399,#3400);
#2873=AXIS2_PLACEMENT_3D('',#5681,#3401,#3402);
#2874=AXIS2_PLACEMENT_3D('',#5682,#3403,#3404);
#2875=AXIS2_PLACEMENT_3D('',#5683,#3405,#3406);
#2876=AXIS2_PLACEMENT_3D('',#5684,#3407,#3408);
#2877=AXIS2_PLACEMENT_3D('',#5685,#3409,#3410);
#2878=AXIS2_PLACEMENT_3D('',#5686,#3411,#3412);
#2879=AXIS2_PLACEMENT_3D('',#5699,#3413,#3414);
#2880=AXIS2_PLACEMENT_3D('',#5701,#3416,#3417);
#2881=AXIS2_PLACEMENT_3D('',#5704,#3420,#3421);
#2882=AXIS2_PLACEMENT_3D('',#5705,#3422,#3423);
#2883=AXIS2_PLACEMENT_3D('',#5706,#3424,#3425);
#2884=AXIS2_PLACEMENT_3D('',#5707,#3426,#3427);
#2885=AXIS2_PLACEMENT_3D('',#5708,#3428,#3429);
#2886=AXIS2_PLACEMENT_3D('',#5709,#3430,#3431);
#2887=AXIS2_PLACEMENT_3D('',#5886,#3432,#3433);
#2888=AXIS2_PLACEMENT_3D('',#6063,#3434,#3435);
#2889=AXIS2_PLACEMENT_3D('',#6064,#3436,#3437);
#2890=AXIS2_PLACEMENT_3D('',#6065,#3438,#3439);
#2891=AXIS2_PLACEMENT_3D('',#6067,#3440,#3441);
#2892=AXIS2_PLACEMENT_3D('',#6069,#3442,#3443);
#2893=AXIS2_PLACEMENT_3D('',#6071,#3444,#3445);
#2894=AXIS2_PLACEMENT_3D('',#6072,#3446,#3447);
#2895=AXIS2_PLACEMENT_3D('',#6073,#3448,#3449);
#2896=AXIS2_PLACEMENT_3D('',#6075,#3450,#3451);
#2897=AXIS2_PLACEMENT_3D('',#6078,#3453,#3454);
#2898=AXIS2_PLACEMENT_3D('',#6079,#3455,#3456);
#2899=AXIS2_PLACEMENT_3D('',#6081,#3457,#3458);
#2900=AXIS2_PLACEMENT_3D('',#6083,#3460,#3461);
#2901=AXIS2_PLACEMENT_3D('',#6090,#3464,#3465);
#2902=AXIS2_PLACEMENT_3D('',#6094,#3468,#3469);
#2903=AXIS2_PLACEMENT_3D('',#6099,#3471,#3472);
#2904=AXIS2_PLACEMENT_3D('',#6105,#3476,#3477);
#2905=AXIS2_PLACEMENT_3D('',#6114,#3482,#3483);
#2906=AXIS2_PLACEMENT_3D('',#6121,#3486,#3487);
#2907=AXIS2_PLACEMENT_3D('',#6125,#3490,#3491);
#2908=AXIS2_PLACEMENT_3D('',#6129,#3493,#3494);
#2909=AXIS2_PLACEMENT_3D('',#6130,#3495,#3496);
#2910=AXIS2_PLACEMENT_3D('',#6131,#3497,#3498);
#2911=AXIS2_PLACEMENT_3D('',#6132,#3499,#3500);
#2912=AXIS2_PLACEMENT_3D('',#6133,#3501,#3502);
#2913=AXIS2_PLACEMENT_3D('',#6134,#3503,#3504);
#2914=AXIS2_PLACEMENT_3D('',#6136,#3505,#3506);
#2915=AXIS2_PLACEMENT_3D('',#6139,#3508,#3509);
#2916=AXIS2_PLACEMENT_3D('',#6140,#3510,#3511);
#2917=AXIS2_PLACEMENT_3D('',#6142,#3512,#3513);
#2918=AXIS2_PLACEMENT_3D('',#6145,#3515,#3516);
#2919=AXIS2_PLACEMENT_3D('',#6146,#3517,#3518);
#2920=AXIS2_PLACEMENT_3D('',#6150,#3520,#3521);
#2921=AXIS2_PLACEMENT_3D('',#6240,#3523,#3524);
#2922=AXIS2_PLACEMENT_3D('',#6315,#3526,#3527);
#2923=AXIS2_PLACEMENT_3D('',#6317,#3529,#3530);
#2924=AXIS2_PLACEMENT_3D('',#6335,#3533,#3534);
#2925=AXIS2_PLACEMENT_3D('',#6455,#3537,#3538);
#2926=AXIS2_PLACEMENT_3D('',#6463,#3543,#3544);
#2927=AXIS2_PLACEMENT_3D('',#6475,#3547,#3548);
#2928=AXIS2_PLACEMENT_3D('',#6479,#3551,#3552);
#2929=AXIS2_PLACEMENT_3D('',#6486,#3557,#3558);
#2930=AXIS2_PLACEMENT_3D('',#6497,#3563,#3564);
#2931=AXIS2_PLACEMENT_3D('',#6506,#3569,#3570);
#2932=AXIS2_PLACEMENT_3D('',#6654,#3573,#3574);
#2933=AXIS2_PLACEMENT_3D('',#6770,#3575,#3576);
#2934=AXIS2_PLACEMENT_3D('',#6870,#3578,#3579);
#2935=AXIS2_PLACEMENT_3D('',#6871,#3580,#3581);
#2936=AXIS2_PLACEMENT_3D('',#6872,#3582,#3583);
#2937=AXIS2_PLACEMENT_3D('',#6873,#3584,#3585);
#2938=AXIS2_PLACEMENT_3D('',#6935,#3586,#3587);
#2939=AXIS2_PLACEMENT_3D('',#6936,#3588,#3589);
#2940=AXIS2_PLACEMENT_3D('',#6993,#3590,#3591);
#2941=AXIS2_PLACEMENT_3D('',#6994,#3592,#3593);
#2942=AXIS2_PLACEMENT_3D('',#6995,#3594,#3595);
#2943=AXIS2_PLACEMENT_3D('',#6996,#3596,#3597);
#2944=AXIS2_PLACEMENT_3D('',#6997,#3598,#3599);
#2945=AXIS2_PLACEMENT_3D('',#6998,#3600,#3601);
#2946=AXIS2_PLACEMENT_3D('',#6999,#3602,#3603);
#2947=AXIS2_PLACEMENT_3D('',#7054,#3604,#3605);
#2948=AXIS2_PLACEMENT_3D('',#7220,#3606,#3607);
#2949=AXIS2_PLACEMENT_3D('',#7221,#3608,#3609);
#2950=AXIS2_PLACEMENT_3D('',#7222,#3610,#3611);
#2951=AXIS2_PLACEMENT_3D('',#7283,#3612,#3613);
#2952=AXIS2_PLACEMENT_3D('',#7284,#3614,#3615);
#2953=AXIS2_PLACEMENT_3D('',#7285,#3616,#3617);
#2954=AXIS2_PLACEMENT_3D('',#7286,#3618,#3619);
#2955=AXIS2_PLACEMENT_3D('',#7287,#3620,#3621);
#2956=AXIS2_PLACEMENT_3D('',#7288,#3622,#3623);
#2957=AXIS2_PLACEMENT_3D('',#7289,#3624,#3625);
#2958=AXIS2_PLACEMENT_3D('',#7290,#3626,#3627);
#2959=AXIS2_PLACEMENT_3D('',#7303,#3628,#3629);
#2960=AXIS2_PLACEMENT_3D('',#7304,#3630,#3631);
#2961=AXIS2_PLACEMENT_3D('',#7305,#3632,#3633);
#2962=AXIS2_PLACEMENT_3D('',#7476,#3634,#3635);
#2963=AXIS2_PLACEMENT_3D('',#7485,#3636,#3637);
#2964=AXIS2_PLACEMENT_3D('',#7580,#3638,#3639);
#2965=AXIS2_PLACEMENT_3D('',#7629,#3640,#3641);
#2966=AXIS2_PLACEMENT_3D('',#7642,#3642,#3643);
#2967=AXIS2_PLACEMENT_3D('',#7643,#3644,#3645);
#2968=AXIS2_PLACEMENT_3D('',#7644,#3646,#3647);
#2969=AXIS2_PLACEMENT_3D('',#7645,#3648,#3649);
#2970=AXIS2_PLACEMENT_3D('',#7646,#3650,#3651);
#2971=AXIS2_PLACEMENT_3D('',#7803,#3652,#3653);
#2972=AXIS2_PLACEMENT_3D('',#7804,#3654,#3655);
#2973=AXIS2_PLACEMENT_3D('',#7805,#3656,#3657);
#2974=AXIS2_PLACEMENT_3D('',#7806,#3658,#3659);
#2975=AXIS2_PLACEMENT_3D('',#7807,#3660,#3661);
#2976=AXIS2_PLACEMENT_3D('',#7808,#3662,#3663);
#2977=AXIS2_PLACEMENT_3D('',#7809,#3664,#3665);
#2978=AXIS2_PLACEMENT_3D('',#7822,#3666,#3667);
#2979=AXIS2_PLACEMENT_3D('',#7823,#3668,#3669);
#2980=AXIS2_PLACEMENT_3D('',#7824,#3670,#3671);
#2981=AXIS2_PLACEMENT_3D('',#7825,#3672,#3673);
#2982=AXIS2_PLACEMENT_3D('',#7826,#3674,#3675);
#2983=AXIS2_PLACEMENT_3D('',#7827,#3676,#3677);
#2984=AXIS2_PLACEMENT_3D('',#7828,#3678,#3679);
#2985=AXIS2_PLACEMENT_3D('',#7841,#3680,#3681);
#2986=AXIS2_PLACEMENT_3D('',#7843,#3683,#3684);
#2987=AXIS2_PLACEMENT_3D('',#7846,#3687,#3688);
#2988=AXIS2_PLACEMENT_3D('',#7847,#3689,#3690);
#2989=AXIS2_PLACEMENT_3D('',#7848,#3691,#3692);
#2990=AXIS2_PLACEMENT_3D('',#7849,#3693,#3694);
#2991=AXIS2_PLACEMENT_3D('',#7850,#3695,#3696);
#2992=AXIS2_PLACEMENT_3D('',#7851,#3697,#3698);
#2993=AXIS2_PLACEMENT_3D('',#8028,#3699,#3700);
#2994=AXIS2_PLACEMENT_3D('',#8205,#3701,#3702);
#2995=AXIS2_PLACEMENT_3D('',#8206,#3703,#3704);
#2996=AXIS2_PLACEMENT_3D('',#8207,#3705,#3706);
#2997=AXIS2_PLACEMENT_3D('',#8210,#3707,#3708);
#2998=AXIS2_PLACEMENT_3D('',#8211,#3709,#3710);
#2999=AXIS2_PLACEMENT_3D('',#8214,#3712,#3713);
#3000=AXIS2_PLACEMENT_3D('',#8215,#3714,#3715);
#3001=AXIS2_PLACEMENT_3D('',#8217,#3716,#3717);
#3002=AXIS2_PLACEMENT_3D('',#8219,#3718,#3719);
#3003=AXIS2_PLACEMENT_3D('',#8221,#3720,#3721);
#3004=AXIS2_PLACEMENT_3D('',#8222,#3722,#3723);
#3005=AXIS2_PLACEMENT_3D('',#8223,#3724,#3725);
#3006=AXIS2_PLACEMENT_3D('',#8225,#3726,#3727);
#3007=AXIS2_PLACEMENT_3D('',#8228,#3729,#3730);
#3008=AXIS2_PLACEMENT_3D('',#8229,#3731,#3732);
#3009=AXIS2_PLACEMENT_3D('',#8231,#3734,#3735);
#3010=AXIS2_PLACEMENT_3D('',#8232,#3736,#3737);
#3011=AXIS2_PLACEMENT_3D('',#8233,#3738,#3739);
#3012=AXIS2_PLACEMENT_3D('',#8234,#3740,#3741);
#3013=AXIS2_PLACEMENT_3D('',#8235,#3742,#3743);
#3014=AXIS2_PLACEMENT_3D('',#8236,#3744,#3745);
#3015=AXIS2_PLACEMENT_3D('',#8237,#3746,#3747);
#3016=AXIS2_PLACEMENT_3D('',#8238,#3748,#3749);
#3017=DIRECTION('axis',(0.,0.,1.));
#3018=DIRECTION('refdir',(1.,0.,0.));
#3019=DIRECTION('axis',(0.,0.,1.));
#3020=DIRECTION('refdir',(1.,0.,0.));
#3021=DIRECTION('center_axis',(0.,1.,0.));
#3022=DIRECTION('ref_axis',(0.,0.,1.));
#3023=DIRECTION('center_axis',(0.,-1.,0.));
#3024=DIRECTION('ref_axis',(0.,0.,-1.));
#3025=DIRECTION('',(0.,1.,0.));
#3026=DIRECTION('center_axis',(0.,-1.,0.));
#3027=DIRECTION('ref_axis',(0.,0.,1.));
#3028=DIRECTION('center_axis',(0.,1.,0.));
#3029=DIRECTION('ref_axis',(0.,0.,1.));
#3030=DIRECTION('center_axis',(0.,-1.,0.));
#3031=DIRECTION('ref_axis',(0.,0.,1.));
#3032=DIRECTION('',(0.,1.,0.));
#3033=DIRECTION('center_axis',(0.,1.,0.));
#3034=DIRECTION('ref_axis',(0.,0.,1.));
#3035=DIRECTION('center_axis',(0.,0.,-1.));
#3036=DIRECTION('ref_axis',(-1.,0.,0.));
#3037=DIRECTION('',(0.,1.,0.));
#3038=DIRECTION('',(-1.,0.,0.));
#3039=DIRECTION('',(0.,1.,0.));
#3040=DIRECTION('',(1.,1.73472347597681E-16,0.));
#3041=DIRECTION('',(0.,1.,0.));
#3042=DIRECTION('',(-1.,0.,0.));
#3043=DIRECTION('',(0.,-1.,0.));
#3044=DIRECTION('',(-1.,1.73472347597681E-16,0.));
#3045=DIRECTION('',(0.,1.,0.));
#3046=DIRECTION('',(1.,0.,0.));
#3047=DIRECTION('',(0.,-1.,0.));
#3048=DIRECTION('',(1.,0.,0.));
#3049=DIRECTION('center_axis',(0.,0.,-1.));
#3050=DIRECTION('ref_axis',(-1.,0.,0.));
#3051=DIRECTION('',(2.31296463463574E-16,-1.,0.));
#3052=DIRECTION('center_axis',(0.,0.,1.));
#3053=DIRECTION('ref_axis',(1.,0.,0.));
#3054=DIRECTION('',(0.347985272676865,0.937500000000004,0.));
#3055=DIRECTION('center_axis',(0.,0.,-1.));
#3056=DIRECTION('ref_axis',(1.,0.,0.));
#3057=DIRECTION('',(0.347985272676864,-0.937500000000004,0.));
#3058=DIRECTION('center_axis',(0.,0.,1.));
#3059=DIRECTION('ref_axis',(-1.,0.,0.));
#3060=DIRECTION('',(4.62592926927149E-16,1.,0.));
#3061=DIRECTION('center_axis',(0.,0.,-1.));
#3062=DIRECTION('ref_axis',(-1.,0.,0.));
#3063=DIRECTION('',(1.,0.,0.));
#3064=DIRECTION('center_axis',(0.,1.,0.));
#3065=DIRECTION('ref_axis',(0.,0.,1.));
#3066=DIRECTION('center_axis',(0.,-1.,0.));
#3067=DIRECTION('ref_axis',(0.,0.,1.));
#3068=DIRECTION('',(1.,0.,0.));
#3069=DIRECTION('',(0.,0.,1.));
#3070=DIRECTION('center_axis',(0.,1.,0.));
#3071=DIRECTION('ref_axis',(0.,0.,1.));
#3072=DIRECTION('',(1.,0.,0.));
#3073=DIRECTION('center_axis',(0.,-1.,0.));
#3074=DIRECTION('ref_axis',(0.,0.,1.));
#3075=DIRECTION('',(0.,0.,-1.));
#3076=DIRECTION('center_axis',(0.,-1.,0.));
#3077=DIRECTION('ref_axis',(0.,0.,-1.));
#3078=DIRECTION('center_axis',(0.,1.,0.));
#3079=DIRECTION('ref_axis',(0.,0.,-1.));
#3080=DIRECTION('',(-1.,0.,0.));
#3081=DIRECTION('center_axis',(0.,1.,0.));
#3082=DIRECTION('ref_axis',(0.,0.,-1.));
#3083=DIRECTION('center_axis',(0.,0.,-1.));
#3084=DIRECTION('ref_axis',(-1.,0.,0.));
#3085=DIRECTION('',(0.,1.,0.));
#3086=DIRECTION('',(0.,-1.,0.));
#3087=DIRECTION('center_axis',(0.,0.,1.));
#3088=DIRECTION('ref_axis',(-1.,-1.73472347597681E-15,0.));
#3089=DIRECTION('',(4.62592926927149E-16,1.,0.));
#3090=DIRECTION('center_axis',(0.,0.,1.));
#3091=DIRECTION('ref_axis',(-1.,0.,0.));
#3092=DIRECTION('',(0.347985272676864,-0.937500000000004,0.));
#3093=DIRECTION('center_axis',(0.,0.,-1.));
#3094=DIRECTION('ref_axis',(1.,0.,0.));
#3095=DIRECTION('',(0.347985272676865,0.937500000000004,0.));
#3096=DIRECTION('center_axis',(0.,0.,1.));
#3097=DIRECTION('ref_axis',(1.,0.,0.));
#3098=DIRECTION('',(2.31296463463574E-16,-1.,0.));
#3099=DIRECTION('center_axis',(0.,0.,1.));
#3100=DIRECTION('ref_axis',(-1.,0.,0.));
#3101=DIRECTION('center_axis',(0.,0.,-1.));
#3102=DIRECTION('ref_axis',(-1.,0.,0.));
#3103=DIRECTION('',(0.,0.,-1.));
#3104=DIRECTION('',(0.,0.,-1.));
#3105=DIRECTION('center_axis',(-0.937500000000004,0.347985272676865,0.));
#3106=DIRECTION('ref_axis',(-0.347985272676865,-0.937500000000004,0.));
#3107=DIRECTION('',(0.,0.,-1.));
#3108=DIRECTION('center_axis',(0.,0.,-1.));
#3109=DIRECTION('ref_axis',(-1.,0.,0.));
#3110=DIRECTION('',(0.,0.,-1.));
#3111=DIRECTION('center_axis',(0.937500000000005,0.347985272676864,0.));
#3112=DIRECTION('ref_axis',(-0.347985272676864,0.937500000000005,0.));
#3113=DIRECTION('',(0.,0.,-1.));
#3114=DIRECTION('center_axis',(0.,0.,-1.));
#3115=DIRECTION('ref_axis',(-1.,0.,0.));
#3116=DIRECTION('',(0.,0.,-1.));
#3117=DIRECTION('center_axis',(-1.,4.62592926927149E-16,0.));
#3118=DIRECTION('ref_axis',(-4.62592926927149E-16,-1.,0.));
#3119=DIRECTION('',(0.,0.,1.));
#3120=DIRECTION('center_axis',(1.,2.31296463463574E-16,0.));
#3121=DIRECTION('ref_axis',(-2.31296463463574E-16,1.,0.));
#3122=DIRECTION('',(0.,0.,-1.));
#3123=DIRECTION('center_axis',(0.,0.,1.));
#3124=DIRECTION('ref_axis',(1.,0.,0.));
#3125=DIRECTION('center_axis',(0.,0.,1.));
#3126=DIRECTION('ref_axis',(1.,0.,0.));
#3127=DIRECTION('center_axis',(0.,-1.,0.));
#3128=DIRECTION('ref_axis',(0.,0.,-1.));
#3129=DIRECTION('',(0.,-1.,0.));
#3130=DIRECTION('center_axis',(0.,1.,0.));
#3131=DIRECTION('ref_axis',(0.,0.,1.));
#3132=DIRECTION('',(0.,-1.,0.));
#3133=DIRECTION('center_axis',(1.,0.,0.));
#3134=DIRECTION('ref_axis',(0.,0.,-1.));
#3135=DIRECTION('',(0.,0.,-1.));
#3136=DIRECTION('',(0.,1.,0.));
#3137=DIRECTION('',(0.,0.,-1.));
#3138=DIRECTION('center_axis',(0.,1.,0.));
#3139=DIRECTION('ref_axis',(0.,0.,1.));
#3140=DIRECTION('',(0.,0.,-1.));
#3141=DIRECTION('center_axis',(0.,-1.,0.));
#3142=DIRECTION('ref_axis',(0.,0.,1.));
#3143=DIRECTION('center_axis',(-1.,0.,0.));
#3144=DIRECTION('ref_axis',(0.,0.,1.));
#3145=DIRECTION('',(0.,0.,-1.));
#3146=DIRECTION('',(0.,-1.,0.));
#3147=DIRECTION('center_axis',(-1.73472347597681E-16,-1.,0.));
#3148=DIRECTION('ref_axis',(1.,-1.73472347597681E-16,0.));
#3149=DIRECTION('center_axis',(1.73472347597681E-16,1.,0.));
#3150=DIRECTION('ref_axis',(1.,-1.73472347597681E-16,0.));
#3151=DIRECTION('center_axis',(0.,-1.,0.));
#3152=DIRECTION('ref_axis',(-1.22464679914735E-16,0.,1.));
#3153=DIRECTION('center_axis',(1.,0.,0.));
#3154=DIRECTION('ref_axis',(0.,0.,-1.));
#3155=DIRECTION('',(0.,0.,-1.));
#3156=DIRECTION('',(0.,-1.,0.));
#3157=DIRECTION('',(0.,0.,-1.));
#3158=DIRECTION('center_axis',(-1.73472347597681E-16,1.,0.));
#3159=DIRECTION('ref_axis',(-1.,-1.73472347597681E-16,0.));
#3160=DIRECTION('',(0.,0.,-1.));
#3161=DIRECTION('center_axis',(-1.73472347597681E-16,1.,0.));
#3162=DIRECTION('ref_axis',(-1.,-1.73472347597681E-16,0.));
#3163=DIRECTION('center_axis',(-1.,0.,0.));
#3164=DIRECTION('ref_axis',(0.,0.,1.));
#3165=DIRECTION('',(0.,0.,-1.));
#3166=DIRECTION('',(0.,1.,0.));
#3167=DIRECTION('center_axis',(0.,-1.,0.));
#3168=DIRECTION('ref_axis',(0.,0.,-1.));
#3169=DIRECTION('center_axis',(0.,-1.,0.));
#3170=DIRECTION('ref_axis',(0.,0.,-1.));
#3171=DIRECTION('center_axis',(0.,1.,0.));
#3172=DIRECTION('ref_axis',(0.,0.,1.));
#3173=DIRECTION('axis',(0.,0.,1.));
#3174=DIRECTION('refdir',(1.,0.,0.));
#3175=DIRECTION('center_axis',(0.,-1.,0.));
#3176=DIRECTION('ref_axis',(0.,0.,-1.));
#3177=DIRECTION('center_axis',(0.,-1.,0.));
#3178=DIRECTION('ref_axis',(0.,0.,-1.));
#3179=DIRECTION('center_axis',(-1.,0.,0.));
#3180=DIRECTION('ref_axis',(0.,0.,1.));
#3181=DIRECTION('center_axis',(0.,1.,0.));
#3182=DIRECTION('ref_axis',(0.,0.,-1.));
#3183=DIRECTION('center_axis',(0.,1.,0.));
#3184=DIRECTION('ref_axis',(0.,0.,-1.));
#3185=DIRECTION('center_axis',(0.,1.,0.));
#3186=DIRECTION('ref_axis',(0.,0.,1.));
#3187=DIRECTION('center_axis',(0.,-1.,0.));
#3188=DIRECTION('ref_axis',(0.,0.,1.));
#3189=DIRECTION('',(0.,1.,0.));
#3190=DIRECTION('center_axis',(8.59544569581568E-32,-1.,1.73472347597681E-16));
#3191=DIRECTION('ref_axis',(1.49107214350153E-47,-1.73472347597681E-16,
-1.));
#3192=DIRECTION('center_axis',(0.000387544393277039,-0.0118698982767187,
0.999929475175246));
#3193=DIRECTION('ref_axis',(-0.999467435903973,-0.0326319562321463,0.));
#3194=DIRECTION('center_axis',(-1.,0.,0.));
#3195=DIRECTION('ref_axis',(0.,0.,1.));
#3196=DIRECTION('center_axis',(-0.987064484850021,-0.0994277705440105,0.12576891981889));
#3197=DIRECTION('ref_axis',(0.126395235749728,8.32667268468867E-17,0.991979961682579));
#3198=DIRECTION('center_axis',(0.999467435903973,0.0326319562321654,0.));
#3199=DIRECTION('ref_axis',(-0.0326319562321654,0.999467435903973,0.));
#3200=DIRECTION('center_axis',(0.342020143325461,-4.89032054843885E-15,
0.939692620785984));
#3201=DIRECTION('ref_axis',(0.939692620785984,-7.88860905221012E-31,-0.342020143325461));
#3202=DIRECTION('center_axis',(0.,1.,0.));
#3203=DIRECTION('ref_axis',(0.,0.,1.));
#3204=DIRECTION('center_axis',(-1.71908913916314E-31,1.,-3.46944695195361E-16));
#3205=DIRECTION('ref_axis',(-5.9642885740061E-47,3.46944695195361E-16,1.));
#3206=DIRECTION('',(0.,1.,0.));
#3207=DIRECTION('center_axis',(1.,0.,0.));
#3208=DIRECTION('ref_axis',(0.,0.,-1.));
#3209=DIRECTION('',(0.,1.,0.));
#3210=DIRECTION('',(0.,1.73472347597681E-16,1.));
#3211=DIRECTION('',(0.,1.,0.));
#3212=DIRECTION('center_axis',(-1.,0.,0.));
#3213=DIRECTION('ref_axis',(0.,0.,-1.));
#3214=DIRECTION('',(0.,0.,1.));
#3215=DIRECTION('center_axis',(1.,0.,0.));
#3216=DIRECTION('ref_axis',(0.,0.,-1.));
#3217=DIRECTION('',(0.,1.,0.));
#3218=DIRECTION('',(0.,-3.46944695195361E-16,-1.));
#3219=DIRECTION('',(0.,1.,0.));
#3220=DIRECTION('',(0.,0.,-1.));
#3221=DIRECTION('center_axis',(-1.,0.,0.));
#3222=DIRECTION('ref_axis',(0.,0.,-1.));
#3223=DIRECTION('center_axis',(0.,0.,-1.));
#3224=DIRECTION('ref_axis',(-1.,0.,0.));
#3225=DIRECTION('',(0.,1.,0.));
#3226=DIRECTION('',(-1.,0.,4.95493709219313E-16));
#3227=DIRECTION('',(0.,1.,0.));
#3228=DIRECTION('',(-1.,0.,0.));
#3229=DIRECTION('center_axis',(-1.,0.,4.95493709219313E-16));
#3230=DIRECTION('ref_axis',(4.95493709219313E-16,0.,1.));
#3231=DIRECTION('',(5.20417042793042E-16,1.73472347597681E-16,1.));
#3232=DIRECTION('',(0.,1.,0.));
#3233=DIRECTION('',(-4.95493709219313E-16,0.,-1.));
#3234=DIRECTION('center_axis',(1.,0.,-4.95493709219313E-16));
#3235=DIRECTION('ref_axis',(4.95493709219313E-16,0.,1.));
#3236=DIRECTION('',(0.,-1.,0.));
#3237=DIRECTION('center_axis',(0.,1.,0.));
#3238=DIRECTION('ref_axis',(0.,0.,1.));
#3239=DIRECTION('',(0.,1.,0.));
#3240=DIRECTION('center_axis',(8.59544569581568E-32,-1.,1.73472347597681E-16));
#3241=DIRECTION('ref_axis',(1.49107214350153E-47,-1.73472347597681E-16,
-1.));
#3242=DIRECTION('center_axis',(0.,-1.,0.));
#3243=DIRECTION('ref_axis',(0.,0.,1.));
#3244=DIRECTION('center_axis',(0.,1.,0.));
#3245=DIRECTION('ref_axis',(0.,0.,1.));
#3246=DIRECTION('center_axis',(-1.71908913916314E-31,1.,-3.46944695195361E-16));
#3247=DIRECTION('ref_axis',(-5.9642885740061E-47,3.46944695195361E-16,1.));
#3248=DIRECTION('center_axis',(0.,1.,0.));
#3249=DIRECTION('ref_axis',(0.,0.,-1.));
#3250=DIRECTION('center_axis',(0.,1.,0.));
#3251=DIRECTION('ref_axis',(0.,0.,1.));
#3252=DIRECTION('center_axis',(8.59544569581568E-32,-1.,1.73472347597681E-16));
#3253=DIRECTION('ref_axis',(1.49107214350153E-47,-1.73472347597681E-16,
-1.));
#3254=DIRECTION('',(0.,1.,0.));
#3255=DIRECTION('center_axis',(0.,-1.,0.));
#3256=DIRECTION('ref_axis',(0.,0.,1.));
#3257=DIRECTION('center_axis',(0.,1.,0.));
#3258=DIRECTION('ref_axis',(0.,0.,1.));
#3259=DIRECTION('center_axis',(-1.71908913916314E-31,1.,-3.46944695195361E-16));
#3260=DIRECTION('ref_axis',(-5.9642885740061E-47,3.46944695195361E-16,1.));
#3261=DIRECTION('',(0.,1.,0.));
#3262=DIRECTION('center_axis',(0.,1.,0.));
#3263=DIRECTION('ref_axis',(0.,0.,1.));
#3264=DIRECTION('center_axis',(-1.,0.,0.));
#3265=DIRECTION('ref_axis',(0.,0.,1.));
#3266=DIRECTION('',(-1.,0.,0.));
#3267=DIRECTION('',(1.,0.,0.));
#3268=DIRECTION('center_axis',(-1.,0.,0.));
#3269=DIRECTION('ref_axis',(0.,0.,1.));
#3270=DIRECTION('',(-1.,0.,0.));
#3271=DIRECTION('center_axis',(1.,0.,0.));
#3272=DIRECTION('ref_axis',(0.,0.,-1.));
#3273=DIRECTION('',(1.,0.,0.));
#3274=DIRECTION('center_axis',(-0.936043481877146,0.,0.351884356053675));
#3275=DIRECTION('ref_axis',(0.351884356053675,0.,0.936043481877146));
#3276=DIRECTION('',(0.,1.,0.));
#3277=DIRECTION('',(0.,-1.,0.));
#3278=DIRECTION('center_axis',(-0.342020143325669,0.,-0.939692620785908));
#3279=DIRECTION('ref_axis',(-0.939692620785908,0.,0.342020143325669));
#3280=DIRECTION('',(0.,-1.,0.));
#3281=DIRECTION('',(0.,1.,0.));
#3282=DIRECTION('center_axis',(0.,-1.,0.));
#3283=DIRECTION('ref_axis',(0.,0.,-1.));
#3284=DIRECTION('',(4.95493709219313E-16,0.,1.));
#3285=DIRECTION('',(0.,0.,1.));
#3286=DIRECTION('',(1.,0.,0.));
#3287=DIRECTION('',(0.342020143325669,0.,0.939692620785908));
#3288=DIRECTION('center_axis',(0.,0.,-1.));
#3289=DIRECTION('ref_axis',(-1.,0.,0.));
#3290=DIRECTION('',(-1.,0.,0.));
#3291=DIRECTION('',(0.,-1.,0.));
#3292=DIRECTION('',(1.,0.,0.));
#3293=DIRECTION('center_axis',(0.,0.,-1.));
#3294=DIRECTION('ref_axis',(0.847771731812814,-0.530361283220319,0.));
#3295=DIRECTION('',(0.,1.,0.));
#3296=DIRECTION('center_axis',(0.,1.,0.));
#3297=DIRECTION('ref_axis',(0.,0.,1.));
#3298=DIRECTION('',(-1.,0.,0.));
#3299=DIRECTION('',(0.,0.,-1.));
#3300=DIRECTION('',(1.,0.,0.));
#3301=DIRECTION('',(0.342020143325669,0.,0.939692620785908));
#3302=DIRECTION('center_axis',(0.,0.,1.));
#3303=DIRECTION('ref_axis',(1.,0.,0.));
#3304=DIRECTION('',(-1.,0.,4.95493709219313E-16));
#3305=DIRECTION('',(0.,1.,0.));
#3306=DIRECTION('',(-1.,0.,4.95493709219313E-16));
#3307=DIRECTION('',(0.,-1.,0.));
#3308=DIRECTION('center_axis',(-1.,0.,0.));
#3309=DIRECTION('ref_axis',(0.,0.,1.));
#3310=DIRECTION('',(0.,1.,0.));
#3311=DIRECTION('',(0.,0.,-1.));
#3312=DIRECTION('',(0.,-1.,0.));
#3313=DIRECTION('',(0.,0.,1.));
#3314=DIRECTION('center_axis',(0.351884356053676,0.,0.936043481877145));
#3315=DIRECTION('ref_axis',(0.936043481877145,0.,-0.351884356053676));
#3316=DIRECTION('center_axis',(0.351884356023718,1.09302987969108E-13,0.936043481888407));
#3317=DIRECTION('ref_axis',(0.936043481884981,2.70590292038344E-6,-0.35188435602243));
#3318=DIRECTION('',(0.,1.,0.));
#3319=DIRECTION('',(0.,-1.,0.));
#3320=DIRECTION('center_axis',(-0.00469413930324858,-0.00599306744215544,
0.999971023679604));
#3321=DIRECTION('ref_axis',(0.842114025651292,-0.539299033940788,0.000720965954670683));
#3322=DIRECTION('',(-0.342020143325669,0.,-0.939692620785908));
#3323=DIRECTION('center_axis',(-1.,0.,0.));
#3324=DIRECTION('ref_axis',(0.,0.,1.));
#3325=DIRECTION('center_axis',(1.,0.,0.));
#3326=DIRECTION('ref_axis',(0.,0.,-1.));
#3327=DIRECTION('center_axis',(-1.,0.,0.));
#3328=DIRECTION('ref_axis',(0.,0.,1.));
#3329=DIRECTION('center_axis',(-1.,0.,0.));
#3330=DIRECTION('ref_axis',(0.,0.,1.));
#3331=DIRECTION('center_axis',(0.939216780470047,0.0318198201660493,-0.341846951614432));
#3332=DIRECTION('ref_axis',(0.342020143325669,-5.20417042793042E-18,0.939692620785908));
#3333=DIRECTION('center_axis',(0.790552492820516,-0.540586573497933,-0.287737576011602));
#3334=DIRECTION('ref_axis',(0.564457897819195,0.825461859560776,8.32667268468867E-16));
#3335=DIRECTION('center_axis',(0.,0.,1.));
#3336=DIRECTION('ref_axis',(1.,0.,0.));
#3337=DIRECTION('center_axis',(-3.05227908626542E-15,1.,-8.11933208855945E-15));
#3338=DIRECTION('ref_axis',(-1.69183340253453E-30,-8.11933208855945E-15,
-1.));
#3339=DIRECTION('center_axis',(-0.35187632054891,0.00675801449165121,-0.936022106724564));
#3340=DIRECTION('ref_axis',(0.936043481877166,-5.18248638448071E-15,-0.351884356053621));
#3341=DIRECTION('center_axis',(-1.,0.,0.));
#3342=DIRECTION('ref_axis',(0.,0.,1.));
#3343=DIRECTION('center_axis',(1.,0.,0.));
#3344=DIRECTION('ref_axis',(0.,0.,-1.));
#3345=DIRECTION('center_axis',(-1.,0.,0.));
#3346=DIRECTION('ref_axis',(0.,1.,2.22044604925031E-15));
#3347=DIRECTION('center_axis',(0.788619264022294,-0.538691947848282,-0.296463558867457));
#3348=DIRECTION('ref_axis',(0.564049252638302,0.825741146242679,2.1094237467878E-15));
#3349=DIRECTION('center_axis',(-0.351876398879194,0.00672499558339795,-0.936022315089877));
#3350=DIRECTION('ref_axis',(-0.936043481877146,4.33680868994202E-19,0.351884356053676));
#3351=DIRECTION('center_axis',(0.,1.,0.));
#3352=DIRECTION('ref_axis',(0.,0.,1.));
#3353=DIRECTION('center_axis',(-1.63019701478589E-15,1.,5.93343189371663E-16));
#3354=DIRECTION('ref_axis',(-1.,-1.6301970147859E-15,6.20200638567483E-32));
#3355=DIRECTION('center_axis',(0.939692331746578,-0.000784333071703711,
-0.342020038123956));
#3356=DIRECTION('ref_axis',(-0.342020143325669,-1.0842021724855E-19,-0.939692620785908));
#3357=DIRECTION('center_axis',(0.762877491626164,-0.583883761983758,-0.27766469934413));
#3358=DIRECTION('ref_axis',(0.607782974019665,0.794103177485024,1.69309011255336E-15));
#3359=DIRECTION('center_axis',(1.,0.,0.));
#3360=DIRECTION('ref_axis',(0.,-1.,0.));
#3361=DIRECTION('center_axis',(1.62377660254735E-15,1.,-6.10422053275305E-16));
#3362=DIRECTION('ref_axis',(1.,-1.62377660254735E-15,-6.77244182832806E-32));
#3363=DIRECTION('center_axis',(0.,1.,1.4210854715202E-14));
#3364=DIRECTION('ref_axis',(0.939692620785934,0.,-0.3420201433256));
#3365=DIRECTION('center_axis',(-0.351874289437567,0.00756403736453821,-0.936016703788749));
#3366=DIRECTION('ref_axis',(0.936043481877146,5.20417042793042E-15,-0.351884356053674));
#3367=DIRECTION('center_axis',(0.,1.,0.));
#3368=DIRECTION('ref_axis',(0.413062879161789,0.,-0.910702507879809));
#3369=DIRECTION('center_axis',(3.05211026637642E-15,1.,8.11888301273667E-15));
#3370=DIRECTION('ref_axis',(1.69311045708229E-30,-8.11888301273667E-15,
1.));
#3371=DIRECTION('center_axis',(-0.351874401569864,0.0075217919666157,-0.936017002070722));
#3372=DIRECTION('ref_axis',(-0.936043481877165,-1.99493199737333E-17,0.351884356053624));
#3373=DIRECTION('center_axis',(0.,1.,-2.48689957516035E-14));
#3374=DIRECTION('ref_axis',(0.417846348204507,-1.95399252334028E-14,-0.908517709949651));
#3375=DIRECTION('center_axis',(-0.761376316004917,0.58170693976741,0.286222189309662));
#3376=DIRECTION('ref_axis',(0.607106279235106,0.794620642642327,-1.11299858218672E-14));
#3377=DIRECTION('center_axis',(-1.,0.,0.));
#3378=DIRECTION('ref_axis',(0.,0.707106781186545,-0.70710678118655));
#3379=DIRECTION('center_axis',(1.,0.,-4.95493709219313E-16));
#3380=DIRECTION('ref_axis',(4.95493709219313E-16,0.,1.));
#3381=DIRECTION('center_axis',(0.140019596656523,0.667061107328877,0.731726719234249));
#3382=DIRECTION('ref_axis',(1.38777878078145E-17,-0.739006873600275,0.6736978853845));
#3383=DIRECTION('center_axis',(0.0153404222656005,0.999882328799101,0.));
#3384=DIRECTION('ref_axis',(-0.999882328799101,0.0153404222656005,0.));
#3385=DIRECTION('center_axis',(9.85962260689913E-15,1.,0.));
#3386=DIRECTION('ref_axis',(-1.,9.85962260689913E-15,0.));
#3387=DIRECTION('center_axis',(0.,-1.,0.));
#3388=DIRECTION('ref_axis',(0.,0.,-1.));
#3389=DIRECTION('center_axis',(0.00693103673790998,0.999972585501087,-0.00260556635084182));
#3390=DIRECTION('ref_axis',(-0.999975979913317,0.00693106026535084,1.01643953670516E-20));
#3391=DIRECTION('center_axis',(0.342020143325669,0.,0.939692620785908));
#3392=DIRECTION('ref_axis',(0.939692620785908,0.,-0.342020143325669));
#3393=DIRECTION('center_axis',(0.342020143325711,0.,0.939692620785893));
#3394=DIRECTION('ref_axis',(0.939692620785893,0.,-0.342020143325711));
#3395=DIRECTION('center_axis',(0.,0.,1.));
#3396=DIRECTION('ref_axis',(1.,0.,0.));
#3397=DIRECTION('center_axis',(0.999467435903973,0.0326319562321598,0.));
#3398=DIRECTION('ref_axis',(-0.0326319562321598,0.999467435903973,0.));
#3399=DIRECTION('center_axis',(0.999552816639426,0.0299026210923149,0.));
#3400=DIRECTION('ref_axis',(-0.0299026210923149,0.999552816639426,0.));
#3401=DIRECTION('center_axis',(0.,1.,0.));
#3402=DIRECTION('ref_axis',(0.819152044339116,0.,0.573576436279461));
#3403=DIRECTION('center_axis',(4.43799311561129E-15,1.,0.));
#3404=DIRECTION('ref_axis',(-1.,4.43799311561129E-15,0.));
#3405=DIRECTION('center_axis',(0.,-1.,0.));
#3406=DIRECTION('ref_axis',(0.,0.,-1.));
#3407=DIRECTION('center_axis',(0.,1.,0.));
#3408=DIRECTION('ref_axis',(0.,0.,1.));
#3409=DIRECTION('center_axis',(0.,0.,1.));
#3410=DIRECTION('ref_axis',(1.,0.,0.));
#3411=DIRECTION('center_axis',(-0.999999728391859,0.000737032026228315,
0.));
#3412=DIRECTION('ref_axis',(-0.000737032026228315,-0.999999728391859,0.));
#3413=DIRECTION('center_axis',(0.,0.,-1.));
#3414=DIRECTION('ref_axis',(-1.,0.,0.));
#3415=DIRECTION('',(-1.,0.,4.95493709219313E-16));
#3416=DIRECTION('center_axis',(-1.,0.,4.95493709219313E-16));
#3417=DIRECTION('ref_axis',(4.95493709219313E-16,0.,1.));
#3418=DIRECTION('',(-5.20417042793042E-16,-3.46944695195361E-16,-1.));
#3419=DIRECTION('',(0.,-1.,0.));
#3420=DIRECTION('center_axis',(-1.71908913916314E-31,1.,-3.46944695195361E-16));
#3421=DIRECTION('ref_axis',(0.,3.46944695195361E-16,1.));
#3422=DIRECTION('center_axis',(8.59544569581568E-32,-1.,1.73472347597681E-16));
#3423=DIRECTION('ref_axis',(0.,-1.73472347597681E-16,-1.));
#3424=DIRECTION('center_axis',(0.,-1.,0.));
#3425=DIRECTION('ref_axis',(0.,0.,-1.));
#3426=DIRECTION('center_axis',(-1.04787190535179E-13,-0.70710678118654,
-0.707106781186556));
#3427=DIRECTION('ref_axis',(5.71302607937042E-14,0.707106781186556,-0.707106781186539));
#3428=DIRECTION('center_axis',(-1.13125693760789E-13,0.707106781186537,
-0.707106781186558));
#3429=DIRECTION('ref_axis',(-8.33888899783797E-14,0.707106781186558,0.707106781186537));
#3430=DIRECTION('center_axis',(0.,0.,1.));
#3431=DIRECTION('ref_axis',(1.,0.,0.));
#3432=DIRECTION('center_axis',(0.,1.,0.));
#3433=DIRECTION('ref_axis',(0.,0.,1.));
#3434=DIRECTION('center_axis',(0.,0.,-1.));
#3435=DIRECTION('ref_axis',(-1.,0.,0.));
#3436=DIRECTION('axis',(0.,0.,1.));
#3437=DIRECTION('refdir',(1.,0.,0.));
#3438=DIRECTION('center_axis',(0.,-1.,0.));
#3439=DIRECTION('ref_axis',(0.,0.,1.));
#3440=DIRECTION('center_axis',(0.,1.,0.));
#3441=DIRECTION('ref_axis',(0.,0.,1.));
#3442=DIRECTION('center_axis',(1.,0.,0.));
#3443=DIRECTION('ref_axis',(0.,0.,-1.));
#3444=DIRECTION('center_axis',(0.,-1.,0.));
#3445=DIRECTION('ref_axis',(0.,0.,1.));
#3446=DIRECTION('center_axis',(0.,-1.,0.));
#3447=DIRECTION('ref_axis',(0.,0.,1.));
#3448=DIRECTION('center_axis',(0.,1.,0.));
#3449=DIRECTION('ref_axis',(0.,0.,-1.));
#3450=DIRECTION('center_axis',(0.,1.,0.));
#3451=DIRECTION('ref_axis',(0.,0.,-1.));
#3452=DIRECTION('',(0.,1.,0.));
#3453=DIRECTION('center_axis',(-8.59544569581568E-32,1.,1.73472347597681E-16));
#3454=DIRECTION('ref_axis',(1.49107214350153E-47,-1.73472347597681E-16,
1.));
#3455=DIRECTION('center_axis',(0.,1.,0.));
#3456=DIRECTION('ref_axis',(0.,0.,-1.));
#3457=DIRECTION('center_axis',(1.71908913916314E-31,-1.,-3.46944695195361E-16));
#3458=DIRECTION('ref_axis',(-5.9642885740061E-47,3.46944695195361E-16,-1.));
#3459=DIRECTION('',(0.,1.,0.));
#3460=DIRECTION('center_axis',(1.,0.,0.));
#3461=DIRECTION('ref_axis',(0.,0.,1.));
#3462=DIRECTION('',(0.,1.,0.));
#3463=DIRECTION('',(0.,0.,-1.));
#3464=DIRECTION('center_axis',(1.,0.,0.));
#3465=DIRECTION('ref_axis',(0.,0.,1.));
#3466=DIRECTION('',(0.,1.,0.));
#3467=DIRECTION('',(0.,1.73472347597681E-16,-1.));
#3468=DIRECTION('center_axis',(1.,0.,0.));
#3469=DIRECTION('ref_axis',(0.,0.,1.));
#3470=DIRECTION('',(0.,1.,0.));
#3471=DIRECTION('center_axis',(1.,0.,0.));
#3472=DIRECTION('ref_axis',(0.,0.,1.));
#3473=DIRECTION('',(0.,0.,1.));
#3474=DIRECTION('',(0.,1.,0.));
#3475=DIRECTION('',(0.,-3.46944695195361E-16,1.));
#3476=DIRECTION('center_axis',(0.,0.,1.));
#3477=DIRECTION('ref_axis',(-1.,0.,0.));
#3478=DIRECTION('',(0.,1.,0.));
#3479=DIRECTION('',(-1.,0.,0.));
#3480=DIRECTION('',(0.,1.,0.));
#3481=DIRECTION('',(-1.,0.,-4.95493709219313E-16));
#3482=DIRECTION('center_axis',(-1.,0.,-4.95493709219313E-16));
#3483=DIRECTION('ref_axis',(4.95493709219313E-16,0.,-1.));
#3484=DIRECTION('',(5.20417042793042E-16,1.73472347597681E-16,-1.));
#3485=DIRECTION('',(0.,-1.,0.));
#3486=DIRECTION('center_axis',(-1.,0.,-4.95493709219313E-16));
#3487=DIRECTION('ref_axis',(4.95493709219313E-16,0.,-1.));
#3488=DIRECTION('',(-4.95493709219313E-16,0.,1.));
#3489=DIRECTION('',(0.,1.,0.));
#3490=DIRECTION('center_axis',(0.,1.,0.));
#3491=DIRECTION('ref_axis',(0.,0.,-1.));
#3492=DIRECTION('',(0.,1.,0.));
#3493=DIRECTION('center_axis',(0.,1.,0.));
#3494=DIRECTION('ref_axis',(0.,0.,-1.));
#3495=DIRECTION('center_axis',(-8.59544569581568E-32,1.,1.73472347597681E-16));
#3496=DIRECTION('ref_axis',(1.49107214350153E-47,-1.73472347597681E-16,
1.));
#3497=DIRECTION('center_axis',(0.,1.,0.));
#3498=DIRECTION('ref_axis',(0.,0.,-1.));
#3499=DIRECTION('center_axis',(0.,-1.,0.));
#3500=DIRECTION('ref_axis',(0.,0.,1.));
#3501=DIRECTION('center_axis',(1.71908913916314E-31,-1.,-3.46944695195361E-16));
#3502=DIRECTION('ref_axis',(-5.9642885740061E-47,3.46944695195361E-16,-1.));
#3503=DIRECTION('center_axis',(0.,1.,0.));
#3504=DIRECTION('ref_axis',(0.,0.,-1.));
#3505=DIRECTION('center_axis',(0.,1.,0.));
#3506=DIRECTION('ref_axis',(0.,0.,-1.));
#3507=DIRECTION('',(0.,1.,0.));
#3508=DIRECTION('center_axis',(-8.59544569581568E-32,1.,1.73472347597681E-16));
#3509=DIRECTION('ref_axis',(1.49107214350153E-47,-1.73472347597681E-16,
1.));
#3510=DIRECTION('center_axis',(0.,1.,0.));
#3511=DIRECTION('ref_axis',(0.,0.,-1.));
#3512=DIRECTION('center_axis',(0.,-1.,0.));
#3513=DIRECTION('ref_axis',(0.,0.,-1.));
#3514=DIRECTION('',(0.,1.,0.));
#3515=DIRECTION('center_axis',(1.71908913916314E-31,-1.,-3.46944695195361E-16));
#3516=DIRECTION('ref_axis',(-5.9642885740061E-47,3.46944695195361E-16,-1.));
#3517=DIRECTION('center_axis',(-1.,0.,0.));
#3518=DIRECTION('ref_axis',(0.,0.,-1.));
#3519=DIRECTION('',(1.,0.,0.));
#3520=DIRECTION('center_axis',(1.,0.,0.));
#3521=DIRECTION('ref_axis',(0.,0.,-1.));
#3522=DIRECTION('',(-1.,0.,0.));
#3523=DIRECTION('center_axis',(-1.,0.,0.));
#3524=DIRECTION('ref_axis',(0.,0.,-1.));
#3525=DIRECTION('',(1.,0.,0.));
#3526=DIRECTION('center_axis',(-1.,0.,0.));
#3527=DIRECTION('ref_axis',(0.,0.,1.));
#3528=DIRECTION('',(-1.,0.,0.));
#3529=DIRECTION('center_axis',(-0.936043481877146,0.,-0.351884356053675));
#3530=DIRECTION('ref_axis',(0.351884356053675,0.,-0.936043481877146));
#3531=DIRECTION('',(0.,1.,0.));
#3532=DIRECTION('',(0.,-1.,0.));
#3533=DIRECTION('center_axis',(-0.342020143325669,0.,0.939692620785908));
#3534=DIRECTION('ref_axis',(-0.939692620785908,0.,-0.342020143325669));
#3535=DIRECTION('',(0.,1.,0.));
#3536=DIRECTION('',(0.,-1.,0.));
#3537=DIRECTION('center_axis',(0.,-1.,0.));
#3538=DIRECTION('ref_axis',(0.,0.,1.));
#3539=DIRECTION('',(4.95493709219313E-16,0.,-1.));
#3540=DIRECTION('',(0.342020143325669,0.,-0.939692620785908));
#3541=DIRECTION('',(1.,0.,0.));
#3542=DIRECTION('',(0.,0.,-1.));
#3543=DIRECTION('center_axis',(0.,0.,1.));
#3544=DIRECTION('ref_axis',(-1.,0.,0.));
#3545=DIRECTION('',(-1.,0.,0.));
#3546=DIRECTION('',(0.,1.,0.));
#3547=DIRECTION('center_axis',(0.,0.,-1.));
#3548=DIRECTION('ref_axis',(0.847771731812814,-0.530361283220319,0.));
#3549=DIRECTION('',(1.,0.,0.));
#3550=DIRECTION('',(0.,-1.,0.));
#3551=DIRECTION('center_axis',(0.,1.,0.));
#3552=DIRECTION('ref_axis',(0.,0.,-1.));
#3553=DIRECTION('',(-1.,0.,0.));
#3554=DIRECTION('',(0.342020143325669,0.,-0.939692620785908));
#3555=DIRECTION('',(1.,0.,0.));
#3556=DIRECTION('',(0.,0.,1.));
#3557=DIRECTION('center_axis',(0.,0.,-1.));
#3558=DIRECTION('ref_axis',(1.,0.,0.));
#3559=DIRECTION('',(-1.,0.,-4.95493709219313E-16));
#3560=DIRECTION('',(0.,-1.,0.));
#3561=DIRECTION('',(-1.,0.,-4.95493709219313E-16));
#3562=DIRECTION('',(0.,1.,0.));
#3563=DIRECTION('center_axis',(-1.,0.,0.));
#3564=DIRECTION('ref_axis',(0.,0.,-1.));
#3565=DIRECTION('',(0.,1.,0.));
#3566=DIRECTION('',(0.,0.,-1.));
#3567=DIRECTION('',(0.,-1.,0.));
#3568=DIRECTION('',(0.,0.,1.));
#3569=DIRECTION('center_axis',(0.351884356053676,0.,-0.936043481877145));
#3570=DIRECTION('ref_axis',(0.936043481877145,0.,0.351884356053676));
#3571=DIRECTION('',(0.,-1.,0.));
#3572=DIRECTION('',(0.,1.,0.));
#3573=DIRECTION('center_axis',(-0.351884356023718,-1.09302987969108E-13,
0.936043481888407));
#3574=DIRECTION('ref_axis',(0.936043481884981,2.70590292038344E-6,0.35188435602243));
#3575=DIRECTION('center_axis',(0.00469413930324858,0.00599306744215544,
0.999971023679604));
#3576=DIRECTION('ref_axis',(0.842114025651292,-0.539299033940788,-0.000720965954670683));
#3577=DIRECTION('',(-0.342020143325669,0.,0.939692620785908));
#3578=DIRECTION('center_axis',(-1.,0.,0.));
#3579=DIRECTION('ref_axis',(0.,0.,-1.));
#3580=DIRECTION('center_axis',(1.,0.,0.));
#3581=DIRECTION('ref_axis',(0.,0.,-1.));
#3582=DIRECTION('center_axis',(-1.,0.,0.));
#3583=DIRECTION('ref_axis',(0.,0.,1.));
#3584=DIRECTION('center_axis',(-1.,0.,0.));
#3585=DIRECTION('ref_axis',(0.,0.,-1.));
#3586=DIRECTION('center_axis',(-0.790552492820516,0.540586573497933,-0.287737576011602));
#3587=DIRECTION('ref_axis',(0.564457897819195,0.825461859560776,-8.32667268468867E-16));
#3588=DIRECTION('center_axis',(-0.939216780470047,-0.0318198201660493,-0.341846951614432));
#3589=DIRECTION('ref_axis',(0.342020143325669,-5.20417042793042E-18,-0.939692620785908));
#3590=DIRECTION('center_axis',(-0.999467435903973,-0.0326319562321654,0.));
#3591=DIRECTION('ref_axis',(-0.0326319562321654,0.999467435903973,0.));
#3592=DIRECTION('center_axis',(0.,0.,1.));
#3593=DIRECTION('ref_axis',(1.,0.,0.));
#3594=DIRECTION('center_axis',(3.05227908626542E-15,-1.,-8.11933208855945E-15));
#3595=DIRECTION('ref_axis',(-1.69183340253453E-30,-8.11933208855945E-15,
1.));
#3596=DIRECTION('center_axis',(0.35187632054891,-0.00675801449165121,-0.936022106724564));
#3597=DIRECTION('ref_axis',(0.936043481877166,-5.18248638448071E-15,0.351884356053621));
#3598=DIRECTION('center_axis',(-1.,0.,0.));
#3599=DIRECTION('ref_axis',(0.,0.,-1.));
#3600=DIRECTION('center_axis',(1.,1.25607396694741E-14,-3.03243080634821E-14));
#3601=DIRECTION('ref_axis',(-1.77635683940025E-14,1.,-1.84297022087776E-13));
#3602=DIRECTION('center_axis',(-1.,0.,0.));
#3603=DIRECTION('ref_axis',(0.,0.,1.));
#3604=DIRECTION('center_axis',(-0.788619264022294,0.538691947848282,-0.296463558867457));
#3605=DIRECTION('ref_axis',(0.564049252638302,0.825741146242679,-2.1094237467878E-15));
#3606=DIRECTION('center_axis',(0.351876398879194,-0.00672499558339795,-0.936022315089877));
#3607=DIRECTION('ref_axis',(-0.936043481877146,4.33680868994202E-19,-0.351884356053676));
#3608=DIRECTION('center_axis',(0.,1.,0.));
#3609=DIRECTION('ref_axis',(0.,0.,-1.));
#3610=DIRECTION('center_axis',(1.63019701478589E-15,-1.,5.93343189371663E-16));
#3611=DIRECTION('ref_axis',(-1.,-1.6301970147859E-15,-6.20200638567483E-32));
#3612=DIRECTION('center_axis',(-0.762877491626164,0.583883761983758,-0.27766469934413));
#3613=DIRECTION('ref_axis',(0.607782974019665,0.794103177485024,-1.69309011255336E-15));
#3614=DIRECTION('center_axis',(-0.939692331746578,0.000784333071703711,
-0.342020038123956));
#3615=DIRECTION('ref_axis',(-0.342020143325669,-1.0842021724855E-19,0.939692620785908));
#3616=DIRECTION('center_axis',(1.,0.,0.));
#3617=DIRECTION('ref_axis',(0.,-1.,0.));
#3618=DIRECTION('center_axis',(-1.62377660254735E-15,-1.,-6.10422053275305E-16));
#3619=DIRECTION('ref_axis',(1.,-1.62377660254735E-15,6.77244182832806E-32));
#3620=DIRECTION('center_axis',(0.,-1.,1.4210854715202E-14));
#3621=DIRECTION('ref_axis',(0.939692620785934,0.,0.3420201433256));
#3622=DIRECTION('center_axis',(0.351874289437567,-0.00756403736453821,-0.936016703788749));
#3623=DIRECTION('ref_axis',(0.936043481877146,5.20417042793042E-15,0.351884356053674));
#3624=DIRECTION('center_axis',(0.,1.,0.));
#3625=DIRECTION('ref_axis',(0.413062879161789,0.,0.910702507879809));
#3626=DIRECTION('center_axis',(-3.05211026637642E-15,-1.,8.11888301273667E-15));
#3627=DIRECTION('ref_axis',(1.69311045708229E-30,-8.11888301273667E-15,
-1.));
#3628=DIRECTION('center_axis',(0.351874401569864,-0.0075217919666157,-0.936017002070722));
#3629=DIRECTION('ref_axis',(-0.936043481877165,-1.99493199737333E-17,-0.351884356053624));
#3630=DIRECTION('center_axis',(0.,-1.,-2.48689957516035E-14));
#3631=DIRECTION('ref_axis',(0.417846348204507,-1.95399252334028E-14,0.908517709949651));
#3632=DIRECTION('center_axis',(0.761376316004917,-0.58170693976741,0.286222189309662));
#3633=DIRECTION('ref_axis',(0.607106279235106,0.794620642642327,1.11299858218672E-14));
#3634=DIRECTION('center_axis',(-1.,0.,0.));
#3635=DIRECTION('ref_axis',(0.,0.,-1.));
#3636=DIRECTION('center_axis',(-1.,0.,-4.95493709219313E-16));
#3637=DIRECTION('ref_axis',(4.95493709219313E-16,0.,-1.));
#3638=DIRECTION('center_axis',(-0.140019596656523,-0.667061107328877,0.731726719234249));
#3639=DIRECTION('ref_axis',(1.38777878078145E-17,-0.739006873600275,-0.6736978853845));
#3640=DIRECTION('center_axis',(-0.0153404222656005,-0.999882328799101,0.));
#3641=DIRECTION('ref_axis',(-0.999882328799101,0.0153404222656005,0.));
#3642=DIRECTION('center_axis',(-9.85962260689913E-15,-1.,0.));
#3643=DIRECTION('ref_axis',(-1.,9.85962260689913E-15,0.));
#3644=DIRECTION('center_axis',(0.,-1.,0.));
#3645=DIRECTION('ref_axis',(0.,0.,1.));
#3646=DIRECTION('center_axis',(0.,-1.,0.));
#3647=DIRECTION('ref_axis',(0.,0.,-1.));
#3648=DIRECTION('center_axis',(0.00510831116010239,0.999985108572052,0.00192036226630597));
#3649=DIRECTION('ref_axis',(0.351888516515656,-1.64575826836808E-8,-0.936041917835099));
#3650=DIRECTION('center_axis',(-0.00693103673790998,-0.999972585501087,
-0.00260556635084182));
#3651=DIRECTION('ref_axis',(-0.999975979913317,0.00693106026535084,-1.01643953670516E-20));
#3652=DIRECTION('center_axis',(0.987064484850021,0.0994277705440105,0.12576891981889));
#3653=DIRECTION('ref_axis',(0.126395235749728,8.32667268468867E-17,-0.991979961682579));
#3654=DIRECTION('center_axis',(-1.,-5.21804821573824E-15,4.44089209850063E-15));
#3655=DIRECTION('ref_axis',(0.,-0.620168718237341,-0.784468457568469));
#3656=DIRECTION('center_axis',(-0.342020143325461,4.89032054843885E-15,
0.939692620785984));
#3657=DIRECTION('ref_axis',(0.939692620785984,-7.88860905221012E-31,0.342020143325461));
#3658=DIRECTION('center_axis',(0.342020143325669,0.,-0.939692620785908));
#3659=DIRECTION('ref_axis',(0.939692620785908,0.,0.342020143325669));
#3660=DIRECTION('center_axis',(-0.342020143325711,0.,0.939692620785893));
#3661=DIRECTION('ref_axis',(0.939692620785893,0.,0.342020143325711));
#3662=DIRECTION('center_axis',(0.,0.,1.));
#3663=DIRECTION('ref_axis',(1.,0.,0.));
#3664=DIRECTION('center_axis',(-0.999467435903973,-0.0326319562321598,0.));
#3665=DIRECTION('ref_axis',(-0.0326319562321598,0.999467435903973,0.));
#3666=DIRECTION('center_axis',(-0.999552816639426,-0.0299026210923149,0.));
#3667=DIRECTION('ref_axis',(-0.0299026210923149,0.999552816639426,0.));
#3668=DIRECTION('center_axis',(0.,-1.,0.));
#3669=DIRECTION('ref_axis',(0.819152044339116,0.,-0.573576436279461));
#3670=DIRECTION('center_axis',(-4.43799311561129E-15,-1.,0.));
#3671=DIRECTION('ref_axis',(-1.,4.43799311561129E-15,0.));
#3672=DIRECTION('center_axis',(0.,-1.,0.));
#3673=DIRECTION('ref_axis',(0.,0.,1.));
#3674=DIRECTION('center_axis',(0.,-1.,0.));
#3675=DIRECTION('ref_axis',(0.,0.,-1.));
#3676=DIRECTION('center_axis',(0.,0.,1.));
#3677=DIRECTION('ref_axis',(1.,0.,0.));
#3678=DIRECTION('center_axis',(0.999999728391859,-0.000737032026228315,
0.));
#3679=DIRECTION('ref_axis',(-0.000737032026228315,-0.999999728391859,0.));
#3680=DIRECTION('center_axis',(0.,0.,1.));
#3681=DIRECTION('ref_axis',(-1.,0.,0.));
#3682=DIRECTION('',(-1.,0.,-4.95493709219313E-16));
#3683=DIRECTION('center_axis',(-1.,0.,-4.95493709219313E-16));
#3684=DIRECTION('ref_axis',(4.95493709219313E-16,0.,-1.));
#3685=DIRECTION('',(-5.20417042793042E-16,-3.46944695195361E-16,1.));
#3686=DIRECTION('',(0.,-1.,0.));
#3687=DIRECTION('center_axis',(-1.71908913916314E-31,1.,3.46944695195361E-16));
#3688=DIRECTION('ref_axis',(0.,3.46944695195361E-16,-1.));
#3689=DIRECTION('center_axis',(8.59544569581568E-32,-1.,-1.73472347597681E-16));
#3690=DIRECTION('ref_axis',(0.,-1.73472347597681E-16,1.));
#3691=DIRECTION('center_axis',(0.,-1.,0.));
#3692=DIRECTION('ref_axis',(0.,0.,1.));
#3693=DIRECTION('center_axis',(1.13125693760789E-13,-0.707106781186537,
-0.707106781186558));
#3694=DIRECTION('ref_axis',(-8.33888899783797E-14,0.707106781186558,-0.707106781186537));
#3695=DIRECTION('center_axis',(1.04787190535179E-13,0.70710678118654,-0.707106781186556));
#3696=DIRECTION('ref_axis',(5.71302607937042E-14,0.707106781186556,0.707106781186539));
#3697=DIRECTION('center_axis',(0.,0.,-1.));
#3698=DIRECTION('ref_axis',(1.,0.,0.));
#3699=DIRECTION('center_axis',(0.,1.,0.));
#3700=DIRECTION('ref_axis',(0.,0.,-1.));
#3701=DIRECTION('center_axis',(0.,0.,1.));
#3702=DIRECTION('ref_axis',(-1.,0.,0.));
#3703=DIRECTION('axis',(0.,0.,1.));
#3704=DIRECTION('refdir',(1.,0.,0.));
#3705=DIRECTION('center_axis',(0.,1.,0.));
#3706=DIRECTION('ref_axis',(0.,0.,1.));
#3707=DIRECTION('center_axis',(0.,1.,0.));
#3708=DIRECTION('ref_axis',(0.,0.,1.));
#3709=DIRECTION('center_axis',(0.,1.,0.));
#3710=DIRECTION('ref_axis',(0.,0.,1.));
#3711=DIRECTION('',(8.65956056235495E-17,-0.707106781186546,0.707106781186549));
#3712=DIRECTION('center_axis',(0.,-1.,0.));
#3713=DIRECTION('ref_axis',(0.,0.,1.));
#3714=DIRECTION('center_axis',(0.,1.,0.));
#3715=DIRECTION('ref_axis',(0.,0.,1.));
#3716=DIRECTION('center_axis',(0.,1.,0.));
#3717=DIRECTION('ref_axis',(0.,0.,1.));
#3718=DIRECTION('center_axis',(1.,0.,-1.22464679914735E-16));
#3719=DIRECTION('ref_axis',(-1.22464679914735E-16,0.,-1.));
#3720=DIRECTION('center_axis',(0.,-1.,0.));
#3721=DIRECTION('ref_axis',(0.,0.,1.));
#3722=DIRECTION('center_axis',(0.,-1.,0.));
#3723=DIRECTION('ref_axis',(0.,0.,1.));
#3724=DIRECTION('center_axis',(0.,-1.,0.));
#3725=DIRECTION('ref_axis',(0.,0.,-1.));
#3726=DIRECTION('center_axis',(0.,1.,0.));
#3727=DIRECTION('ref_axis',(0.,0.,1.));
#3728=DIRECTION('',(0.,1.,0.));
#3729=DIRECTION('center_axis',(0.,1.,0.));
#3730=DIRECTION('ref_axis',(0.,0.,1.));
#3731=DIRECTION('center_axis',(0.,-1.,0.));
#3732=DIRECTION('ref_axis',(0.,0.,-1.));
#3733=DIRECTION('',(0.,1.,0.));
#3734=DIRECTION('center_axis',(0.,1.,0.));
#3735=DIRECTION('ref_axis',(0.,0.,1.));
#3736=DIRECTION('center_axis',(0.,1.,0.));
#3737=DIRECTION('ref_axis',(0.,0.,1.));
#3738=DIRECTION('center_axis',(0.,1.,0.));
#3739=DIRECTION('ref_axis',(0.,0.,1.));
#3740=DIRECTION('',(0.,-1.,3.7470027081099E-16));
#3741=DIRECTION('',(0.999999999999999,0.,0.));
#3742=DIRECTION('',(0.,0.,1.));
#3743=DIRECTION('',(1.,0.,0.));
#3744=DIRECTION('',(-1.,-7.61935141970651E-16,-1.48107620230487E-14));
#3745=DIRECTION('',(9.32030084591949E-16,-1.,-7.93809462606986E-15));
#3746=DIRECTION('',(-0.999999999999996,-1.04360964314765E-14,-8.86790640919344E-15));
#3747=DIRECTION('',(9.93649607039518E-15,-1.,-4.99600361081285E-16));
#3748=DIRECTION('',(0.,0.,1.));
#3749=DIRECTION('',(1.,0.,0.));
#3750=CARTESIAN_POINT('',(0.,0.,0.));
#3751=CARTESIAN_POINT('',(0.,0.,0.));
#3752=CARTESIAN_POINT('Origin',(134.5,-32.001,11.5));
#3753=CARTESIAN_POINT('',(134.5,0.699999999999998,10.5));
#3754=CARTESIAN_POINT('Origin',(134.5,0.699999999999999,11.5));
#3755=CARTESIAN_POINT('',(134.5,7.3,10.5));
#3756=CARTESIAN_POINT('',(134.5,-32.001,10.5));
#3757=CARTESIAN_POINT('Origin',(134.5,7.3,11.5));
#3758=CARTESIAN_POINT('Origin',(5.5,-32.001,11.5));
#3759=CARTESIAN_POINT('',(5.5,0.699999999999998,10.5));
#3760=CARTESIAN_POINT('Origin',(5.5,0.699999999999999,11.5));
#3761=CARTESIAN_POINT('',(5.5,7.3,10.5));
#3762=CARTESIAN_POINT('',(5.5,-32.001,10.5));
#3763=CARTESIAN_POINT('Origin',(5.5,7.3,11.5));
#3764=CARTESIAN_POINT('Origin',(0.,0.,6.));
#3765=CARTESIAN_POINT('',(137.,0.,6.));
#3766=CARTESIAN_POINT('',(137.,0.699999999999999,6.));
#3767=CARTESIAN_POINT('',(137.,0.,6.));
#3768=CARTESIAN_POINT('',(132.,0.699999999999999,6.));
#3769=CARTESIAN_POINT('',(137.,0.699999999999999,6.));
#3770=CARTESIAN_POINT('',(132.,7.3,6.));
#3771=CARTESIAN_POINT('',(132.,0.699999999999999,6.));
#3772=CARTESIAN_POINT('',(137.,7.3,6.));
#3773=CARTESIAN_POINT('',(137.,7.3,6.));
#3774=CARTESIAN_POINT('',(137.,8.,6.));
#3775=CARTESIAN_POINT('',(137.,0.,6.));
#3776=CARTESIAN_POINT('',(3.,8.,6.));
#3777=CARTESIAN_POINT('',(0.,8.,6.));
#3778=CARTESIAN_POINT('',(3.,7.3,6.));
#3779=CARTESIAN_POINT('',(3.,0.,6.));
#3780=CARTESIAN_POINT('',(8.,7.3,6.));
#3781=CARTESIAN_POINT('',(3.,7.3,6.));
#3782=CARTESIAN_POINT('',(8.,0.699999999999999,6.));
#3783=CARTESIAN_POINT('',(8.,0.699999999999999,6.));
#3784=CARTESIAN_POINT('',(3.,0.699999999999999,6.));
#3785=CARTESIAN_POINT('',(3.,0.699999999999999,6.));
#3786=CARTESIAN_POINT('',(3.,0.,6.));
#3787=CARTESIAN_POINT('',(3.,0.,6.));
#3788=CARTESIAN_POINT('',(55.,0.,6.));
#3789=CARTESIAN_POINT('',(0.,0.,6.));
#3790=CARTESIAN_POINT('',(60.,-5.,6.));
#3791=CARTESIAN_POINT('Origin',(55.,-5.,6.));
#3792=CARTESIAN_POINT('',(60.,-30.,6.));
#3793=CARTESIAN_POINT('',(60.,3.06161699786839E-15,6.));
#3794=CARTESIAN_POINT('',(63.875,-30.6959705453538,6.));
#3795=CARTESIAN_POINT('Origin',(62.,-30.,6.));
#3796=CARTESIAN_POINT('',(66.25,-24.2975316606497,6.));
#3797=CARTESIAN_POINT('',(63.875,-30.6959705453538,6.));
#3798=CARTESIAN_POINT('',(73.75,-24.2975316606497,6.));
#3799=CARTESIAN_POINT('Origin',(70.,-25.6894727513571,6.));
#3800=CARTESIAN_POINT('',(76.125,-30.6959705453537,6.));
#3801=CARTESIAN_POINT('',(76.125,-30.6959705453537,6.));
#3802=CARTESIAN_POINT('',(80.,-30.,6.));
#3803=CARTESIAN_POINT('Origin',(78.,-30.,6.));
#3804=CARTESIAN_POINT('',(80.,-5.,6.));
#3805=CARTESIAN_POINT('',(80.,3.06161699786839E-15,6.));
#3806=CARTESIAN_POINT('',(85.,0.,6.));
#3807=CARTESIAN_POINT('Origin',(85.,-5.,6.));
#3808=CARTESIAN_POINT('',(0.,0.,6.));
#3809=CARTESIAN_POINT('Origin',(0.,0.,6.));
#3810=CARTESIAN_POINT('',(3.,0.,0.));
#3811=CARTESIAN_POINT('Origin',(3.,0.,3.));
#3812=CARTESIAN_POINT('',(55.,0.,0.));
#3813=CARTESIAN_POINT('',(0.,0.,0.));
#3814=CARTESIAN_POINT('',(55.,0.,6.));
#3815=CARTESIAN_POINT('Origin',(0.,0.,6.));
#3816=CARTESIAN_POINT('',(85.,0.,0.));
#3817=CARTESIAN_POINT('',(137.,0.,0.));
#3818=CARTESIAN_POINT('',(0.,0.,0.));
#3819=CARTESIAN_POINT('Origin',(137.,0.,3.));
#3820=CARTESIAN_POINT('',(85.,0.,0.));
#3821=CARTESIAN_POINT('Origin',(0.,8.,6.));
#3822=CARTESIAN_POINT('',(137.,8.,0.));
#3823=CARTESIAN_POINT('Origin',(137.,8.,3.));
#3824=CARTESIAN_POINT('',(3.,8.,0.));
#3825=CARTESIAN_POINT('',(0.,8.,0.));
#3826=CARTESIAN_POINT('Origin',(3.,8.,3.));
#3827=CARTESIAN_POINT('Origin',(0.,0.,0.));
#3828=CARTESIAN_POINT('',(3.,8.,0.));
#3829=CARTESIAN_POINT('',(137.,0.,0.));
#3830=CARTESIAN_POINT('',(80.,-5.,0.));
#3831=CARTESIAN_POINT('Origin',(85.,-5.,0.));
#3832=CARTESIAN_POINT('',(80.,-30.,0.));
#3833=CARTESIAN_POINT('',(80.,3.06161699786839E-15,0.));
#3834=CARTESIAN_POINT('',(76.125,-30.6959705453537,0.));
#3835=CARTESIAN_POINT('Origin',(78.,-30.,0.));
#3836=CARTESIAN_POINT('',(73.75,-24.2975316606497,0.));
#3837=CARTESIAN_POINT('',(76.125,-30.6959705453537,0.));
#3838=CARTESIAN_POINT('',(66.25,-24.2975316606497,0.));
#3839=CARTESIAN_POINT('Origin',(70.,-25.6894727513571,0.));
#3840=CARTESIAN_POINT('',(63.875,-30.6959705453538,0.));
#3841=CARTESIAN_POINT('',(63.875,-30.6959705453538,0.));
#3842=CARTESIAN_POINT('',(60.,-30.,0.));
#3843=CARTESIAN_POINT('Origin',(62.,-30.,0.));
#3844=CARTESIAN_POINT('',(60.,-5.,0.));
#3845=CARTESIAN_POINT('',(60.,3.06161699786839E-15,0.));
#3846=CARTESIAN_POINT('Origin',(55.,-5.,0.));
#3847=CARTESIAN_POINT('Origin',(62.,-30.,6.));
#3848=CARTESIAN_POINT('',(63.875,-30.6959705453538,6.));
#3849=CARTESIAN_POINT('',(60.,-30.,6.));
#3850=CARTESIAN_POINT('Origin',(63.875,-30.6959705453538,6.));
#3851=CARTESIAN_POINT('',(66.25,-24.2975316606497,6.));
#3852=CARTESIAN_POINT('Origin',(70.,-25.6894727513571,6.));
#3853=CARTESIAN_POINT('',(73.75,-24.2975316606497,6.));
#3854=CARTESIAN_POINT('Origin',(76.125,-30.6959705453537,6.));
#3855=CARTESIAN_POINT('',(76.125,-30.6959705453537,6.));
#3856=CARTESIAN_POINT('Origin',(78.,-30.,6.));
#3857=CARTESIAN_POINT('',(80.,-30.,6.));
#3858=CARTESIAN_POINT('Origin',(80.,3.06161699786839E-15,6.));
#3859=CARTESIAN_POINT('',(80.,-5.,6.));
#3860=CARTESIAN_POINT('Origin',(60.,3.06161699786839E-15,6.));
#3861=CARTESIAN_POINT('',(60.,-5.,0.));
#3862=CARTESIAN_POINT('Origin',(55.,-5.,6.));
#3863=CARTESIAN_POINT('Origin',(85.,-5.,6.));
#3864=CARTESIAN_POINT('Origin',(3.,0.,3.));
#3865=CARTESIAN_POINT('',(3.,0.699999999999999,6.));
#3866=CARTESIAN_POINT('Origin',(137.,0.,3.));
#3867=CARTESIAN_POINT('',(137.,0.699999999999999,6.));
#3868=CARTESIAN_POINT('Origin',(3.,0.699999999999999,14.));
#3869=CARTESIAN_POINT('',(3.,0.699999999999999,11.5));
#3870=CARTESIAN_POINT('',(3.,0.699999999999999,14.));
#3871=CARTESIAN_POINT('',(3.,7.3,11.5));
#3872=CARTESIAN_POINT('',(3.,0.699999999999999,11.5));
#3873=CARTESIAN_POINT('',(3.,7.3,14.));
#3874=CARTESIAN_POINT('Origin',(3.,0.699999999999999,14.));
#3875=CARTESIAN_POINT('',(8.,0.699999999999999,11.5));
#3876=CARTESIAN_POINT('',(8.,0.699999999999999,14.));
#3877=CARTESIAN_POINT('Origin',(5.5,0.699999999999999,11.5));
#3878=CARTESIAN_POINT('Origin',(8.,0.699999999999999,14.));
#3879=CARTESIAN_POINT('',(8.,7.3,11.5));
#3880=CARTESIAN_POINT('',(8.,7.3,14.));
#3881=CARTESIAN_POINT('',(8.,0.699999999999999,11.5));
#3882=CARTESIAN_POINT('Origin',(3.,7.3,14.));
#3883=CARTESIAN_POINT('Origin',(5.5,7.3,11.5));
#3884=CARTESIAN_POINT('Origin',(5.5,0.,11.5));
#3885=CARTESIAN_POINT('Origin',(137.,0.699999999999999,14.));
#3886=CARTESIAN_POINT('',(137.,7.3,11.5));
#3887=CARTESIAN_POINT('',(137.,7.3,14.));
#3888=CARTESIAN_POINT('',(137.,0.699999999999999,11.5));
#3889=CARTESIAN_POINT('',(137.,0.699999999999999,11.5));
#3890=CARTESIAN_POINT('',(137.,0.699999999999999,14.));
#3891=CARTESIAN_POINT('Origin',(137.,7.3,14.));
#3892=CARTESIAN_POINT('',(132.,7.3,11.5));
#3893=CARTESIAN_POINT('',(132.,7.3,14.));
#3894=CARTESIAN_POINT('Origin',(134.5,7.3,11.5));
#3895=CARTESIAN_POINT('Origin',(132.,0.699999999999999,14.));
#3896=CARTESIAN_POINT('',(132.,0.699999999999999,11.5));
#3897=CARTESIAN_POINT('',(132.,0.699999999999999,14.));
#3898=CARTESIAN_POINT('',(132.,7.3,11.5));
#3899=CARTESIAN_POINT('Origin',(137.,0.699999999999999,14.));
#3900=CARTESIAN_POINT('Origin',(134.5,0.699999999999999,11.5));
#3901=CARTESIAN_POINT('Origin',(134.5,0.699999999999999,11.5));
#3902=CARTESIAN_POINT('',(0.,0.,0.));
#3903=CARTESIAN_POINT('Origin',(5.499,19.75,-9.50100000000002));
#3904=CARTESIAN_POINT('',(5.499,20.,-8.25100000000002));
#3905=CARTESIAN_POINT('Origin',(5.499,20.,-9.50100000000002));
#3906=CARTESIAN_POINT('',(5.499,19.75,-8.50100000000002));
#3907=CARTESIAN_POINT('Origin',(5.499,19.75,-8.25100000000002));
#3908=CARTESIAN_POINT('',(5.499,19.75,-10.501));
#3909=CARTESIAN_POINT('Origin',(5.499,19.75,-9.50100000000002));
#3910=CARTESIAN_POINT('Origin',(5.499,19.75,-9.50100000000002));
#3911=CARTESIAN_POINT('Origin',(5.499,-7.81024967590666,-9.50100000000002));
#3912=CARTESIAN_POINT('',(5.499,0.,-10.501));
#3913=CARTESIAN_POINT('Origin',(5.499,0.,-9.50100000000002));
#3914=CARTESIAN_POINT('',(5.499,6.6,-10.501));
#3915=CARTESIAN_POINT('',(5.499,-7.81024967590666,-10.501));
#3916=CARTESIAN_POINT('Origin',(5.499,6.6,-9.50100000000002));
#3917=CARTESIAN_POINT('Origin',(107.797626982843,1.,-6.00000000000001));
#3918=CARTESIAN_POINT('',(107.797626983204,0.215516578739147,-6.62018054493704));
#3919=CARTESIAN_POINT('',(107.797626982843,0.,-6.00000000000001));
#3920=CARTESIAN_POINT('Origin',(107.797626982843,1.,-6.00000000000001));
#3921=CARTESIAN_POINT('',(107.826411498599,0.118373843332644,-6.47106988016337));
#3922=CARTESIAN_POINT('Origin',(107.797626982843,1.,-6.00000000000001));
#3923=CARTESIAN_POINT('',(107.830256637712,0.000603051361790258,-6.01187622312676));
#3924=CARTESIAN_POINT('Origin',(107.797626982842,0.999999999999967,-6.));
#3925=CARTESIAN_POINT('Origin',(107.797626982843,1.,-6.00000000000001));
#3926=CARTESIAN_POINT('Origin',(5.499,-7.81024967590666,-9.50100000000002));
#3927=CARTESIAN_POINT('',(5.499,13.4,-10.501));
#3928=CARTESIAN_POINT('Origin',(5.499,13.4,-9.50100000000002));
#3929=CARTESIAN_POINT('',(5.499,-7.81024967590666,-10.501));
#3930=CARTESIAN_POINT('Origin',(8.,-7.81024967590666,-6.00000000000002));
#3931=CARTESIAN_POINT('',(8.,0.,-9.501));
#3932=CARTESIAN_POINT('',(8.,6.6,-9.501));
#3933=CARTESIAN_POINT('',(8.,-7.81024967590666,-9.501));
#3934=CARTESIAN_POINT('',(8.00000000000001,6.6,-7.00000000000001));
#3935=CARTESIAN_POINT('',(8.00000000000001,6.6,-7.00000000000008));
#3936=CARTESIAN_POINT('',(8.00000000000001,1.,-7.00000000000001));
#3937=CARTESIAN_POINT('',(8.00000000000001,0.,-7.00000000000001));
#3938=CARTESIAN_POINT('',(8.00000000000001,0.,-6.00000000000001));
#3939=CARTESIAN_POINT('Origin',(8.00000000000001,1.,-6.00000000000001));
#3940=CARTESIAN_POINT('',(8.,0.,-6.00000000000002));
#3941=CARTESIAN_POINT('Origin',(8.,-7.81024967590666,-6.00000000000002));
#3942=CARTESIAN_POINT('',(8.00000000000001,13.4,-7.00000000000001));
#3943=CARTESIAN_POINT('',(8.00000000000001,19.,-7.00000000000001));
#3944=CARTESIAN_POINT('',(8.00000000000001,0.,-7.00000000000001));
#3945=CARTESIAN_POINT('',(8.,13.4,-9.501));
#3946=CARTESIAN_POINT('',(8.00000000000001,13.4,-7.00000000000008));
#3947=CARTESIAN_POINT('',(8.,20.,-9.501));
#3948=CARTESIAN_POINT('',(8.,-7.81024967590666,-9.501));
#3949=CARTESIAN_POINT('',(8.00000000000001,20.,-6.00000000000001));
#3950=CARTESIAN_POINT('',(8.,20.,-6.00000000000002));
#3951=CARTESIAN_POINT('Origin',(8.00000000000001,19.,-6.00000000000001));
#3952=CARTESIAN_POINT('Origin',(5.49900000000002,-7.81024967590666,-12.));
#3953=CARTESIAN_POINT('',(5.50099999999998,13.4,-12.));
#3954=CARTESIAN_POINT('',(5.50099999999998,20.,-12.));
#3955=CARTESIAN_POINT('',(5.50099999999998,-7.81024967590666,-12.));
#3956=CARTESIAN_POINT('',(5.499,13.4,-12.));
#3957=CARTESIAN_POINT('',(149.709351582792,13.4,-12.0000000000001));
#3958=CARTESIAN_POINT('',(5.49900000000002,20.,-12.));
#3959=CARTESIAN_POINT('',(5.49900000000002,-7.81024967590666,-12.));
#3960=CARTESIAN_POINT('',(5.49900000000002,20.,-12.));
#3961=CARTESIAN_POINT('Origin',(3.,-7.81024967590666,-6.00000000000002));
#3962=CARTESIAN_POINT('',(3.,6.6,-9.50100000000002));
#3963=CARTESIAN_POINT('',(3.,6.6,-7.00000000000001));
#3964=CARTESIAN_POINT('',(3.,6.6,-7.00000000000001));
#3965=CARTESIAN_POINT('',(3.,0.,-9.501));
#3966=CARTESIAN_POINT('',(3.,-7.81024967590666,-9.501));
#3967=CARTESIAN_POINT('',(3.,0.,-6.00000000000001));
#3968=CARTESIAN_POINT('',(3.,0.,-6.00000000000002));
#3969=CARTESIAN_POINT('',(3.,1.,-7.00000000000001));
#3970=CARTESIAN_POINT('Origin',(3.,1.,-6.00000000000001));
#3971=CARTESIAN_POINT('',(3.,0.,-7.00000000000001));
#3972=CARTESIAN_POINT('Origin',(5.501,-7.81024967590666,-9.50100000000002));
#3973=CARTESIAN_POINT('',(5.50099999999998,0.,-12.));
#3974=CARTESIAN_POINT('',(5.50099999999998,6.6,-12.));
#3975=CARTESIAN_POINT('',(5.50099999999998,-7.81024967590666,-12.));
#3976=CARTESIAN_POINT('Origin',(5.501,6.6,-9.50100000000002));
#3977=CARTESIAN_POINT('Origin',(5.501,0.,-9.50100000000002));
#3978=CARTESIAN_POINT('Origin',(5.501,-7.81024967590666,-9.50100000000002));
#3979=CARTESIAN_POINT('Origin',(5.501,13.4,-9.50100000000002));
#3980=CARTESIAN_POINT('Origin',(5.501,20.,-9.50100000000002));
#3981=CARTESIAN_POINT('Origin',(5.499,-7.81024967590666,-9.50100000000002));
#3982=CARTESIAN_POINT('',(5.499,6.6,-12.));
#3983=CARTESIAN_POINT('Origin',(5.499,6.6,-9.50100000000002));
#3984=CARTESIAN_POINT('',(5.49900000000002,0.,-12.));
#3985=CARTESIAN_POINT('',(5.49900000000002,-7.81024967590666,-12.));
#3986=CARTESIAN_POINT('Origin',(5.499,0.,-9.50100000000002));
#3987=CARTESIAN_POINT('Origin',(5.499,-7.81024967590666,-9.50100000000002));
#3988=CARTESIAN_POINT('',(3.,13.4,-9.501));
#3989=CARTESIAN_POINT('Origin',(5.499,13.4,-9.50100000000002));
#3990=CARTESIAN_POINT('',(3.,20.,-9.501));
#3991=CARTESIAN_POINT('',(3.,-7.81024967590666,-9.501));
#3992=CARTESIAN_POINT('Origin',(5.499,20.,-9.50100000000002));
#3993=CARTESIAN_POINT('Origin',(110.,1.,-6.00000000000001));
#3994=CARTESIAN_POINT('',(106.364900830913,0.999348801692171,-6.99999978797036));
#3995=CARTESIAN_POINT('',(110.,1.,-7.00000000000001));
#3996=CARTESIAN_POINT('',(106.364723044313,0.997394371056185,-6.99999660534315));
#3997=CARTESIAN_POINT('Ctrl Pts',(106.364900830913,0.999348801692171,-6.99999978797037));
#3998=CARTESIAN_POINT('Ctrl Pts',(106.364877132004,0.998697323847933,-6.99999936372901));
#3999=CARTESIAN_POINT('Ctrl Pts',(106.364817869494,0.998045846763884,-6.99999830285287));
#4000=CARTESIAN_POINT('Ctrl Pts',(106.364723043452,0.997394371062153,-6.99999660534316));
#4001=CARTESIAN_POINT('Ctrl Pts',(106.364723043452,0.997394371062153,-6.99999660534317));
#4002=CARTESIAN_POINT('Ctrl Pts',(106.362835642078,0.98442750943375,-6.99996281839858));
#4003=CARTESIAN_POINT('Ctrl Pts',(106.361871863213,0.971430866672059,-6.99967925579922));
#4004=CARTESIAN_POINT('Ctrl Pts',(106.36185535659,0.958492364335251,-6.99914598374276));
#4005=CARTESIAN_POINT('Ctrl Pts',(106.361838863953,0.945564825334575,-6.9986131635501));
#4006=CARTESIAN_POINT('Ctrl Pts',(106.362768068004,0.932695329652024,-6.99783107663466));
#4007=CARTESIAN_POINT('Ctrl Pts',(106.364616189755,0.919969298206099,-6.99681307478421));
#4008=CARTESIAN_POINT('Ctrl Pts',(106.366488080866,0.907079592687399,-6.9957819800454));
#4009=CARTESIAN_POINT('Ctrl Pts',(106.369302705319,0.894337066510064,-6.99450888378763));
#4010=CARTESIAN_POINT('Ctrl Pts',(106.372979930614,0.88182811445753,-6.99302103564696));
#4011=CARTESIAN_POINT('Ctrl Pts',(106.376711648773,0.869133792033028,-6.99151113905954));
#4012=CARTESIAN_POINT('Ctrl Pts',(106.381331624012,0.856680012917029,-6.98978013101283));
#4013=CARTESIAN_POINT('Ctrl Pts',(106.386703070922,0.844554675622395,-6.98786963290905));
#4014=CARTESIAN_POINT('Ctrl Pts',(106.392297738872,0.831925446092229,-6.98587974029962));
#4015=CARTESIAN_POINT('Ctrl Pts',(106.398707566461,0.819652520068067,-6.98369517617529));
#4016=CARTESIAN_POINT('Ctrl Pts',(106.405721745494,0.807832683649639,-6.98137645401438));
#4017=CARTESIAN_POINT('Ctrl Pts',(106.410251790016,0.800198948474648,-6.97987892813549));
#4018=CARTESIAN_POINT('Ctrl Pts',(106.41503275219,0.792754149409028,-6.97832572062397));
#4019=CARTESIAN_POINT('Ctrl Pts',(106.419996733264,0.785523861114687,-6.97673571042727));
#4020=CARTESIAN_POINT('Ctrl Pts',(106.427927124167,0.773972847591682,-6.97419553104075));
#4021=CARTESIAN_POINT('Ctrl Pts',(106.436411832679,0.762847119194563,-6.97153560668166));
#4022=CARTESIAN_POINT('Ctrl Pts',(106.445326865636,0.752106075044875,-6.96878718096662));
#4023=CARTESIAN_POINT('Ctrl Pts',(106.456460576128,0.738691915330407,-6.96535475661466));
#4024=CARTESIAN_POINT('Ctrl Pts',(106.46828079318,0.72587718968037,-6.96178042269307));
#4025=CARTESIAN_POINT('Ctrl Pts',(106.480617038354,0.713585701750377,-6.95810597378229));
#4026=CARTESIAN_POINT('Ctrl Pts',(106.487868705642,0.706360344303154,-6.95594600690495));
#4027=CARTESIAN_POINT('Ctrl Pts',(106.495299666386,0.699315838517751,-6.95375117082633));
#4028=CARTESIAN_POINT('Ctrl Pts',(106.502883345075,0.692437088023997,-6.95152774798095));
#4029=CARTESIAN_POINT('Ctrl Pts',(106.51461537767,0.681795586937671,-6.94808808889664));
#4030=CARTESIAN_POINT('Ctrl Pts',(106.526720135104,0.671549613441906,-6.94457823216119));
#4031=CARTESIAN_POINT('Ctrl Pts',(106.539068274385,0.661681310010185,-6.94103044915961));
#4032=CARTESIAN_POINT('Ctrl Pts',(106.55117972477,0.652002162029081,-6.93755066999445));
#4033=CARTESIAN_POINT('Ctrl Pts',(106.563526134872,0.642685971450599,-6.93403416695755));
#4034=CARTESIAN_POINT('Ctrl Pts',(106.576031372891,0.633705809467485,-6.93049909510012));
#4035=CARTESIAN_POINT('Ctrl Pts',(106.576270566922,0.633534041353489,-6.93043147798732));
#4036=CARTESIAN_POINT('Ctrl Pts',(106.576509825395,0.633362390189362,-6.93036385219439));
#4037=CARTESIAN_POINT('Ctrl Pts',(106.576749148144,0.633190855575081,-6.9302962177455));
#4038=CARTESIAN_POINT('Ctrl Pts',(106.596406839449,0.61910120254903,-6.92474080304702));
#4039=CARTESIAN_POINT('Ctrl Pts',(106.616631873635,0.605698571625464,-6.91908924233219));
#4040=CARTESIAN_POINT('Ctrl Pts',(106.637240401579,0.592898662276692,-6.91338472640271));
#4041=CARTESIAN_POINT('Ctrl Pts',(106.658574951804,0.579647822157456,-6.90747924484972));
#4042=CARTESIAN_POINT('Ctrl Pts',(106.68032057354,0.567042946827064,-6.90151695991028));
#4043=CARTESIAN_POINT('Ctrl Pts',(106.702328097188,0.554998640958641,-6.89553137998614));
#4044=CARTESIAN_POINT('Ctrl Pts',(106.723435361945,0.543447029935327,-6.88979065139721));
#4045=CARTESIAN_POINT('Ctrl Pts',(106.744784172263,0.532411167280166,-6.88402831130438));
#4046=CARTESIAN_POINT('Ctrl Pts',(106.766286099937,0.521821936030613,-6.87826291003367));
#4047=CARTESIAN_POINT('Ctrl Pts',(106.790448464488,0.509922497541279,-6.87178415476141));
#4048=CARTESIAN_POINT('Ctrl Pts',(106.814803599382,0.498587051565124,-6.86530152889152));
#4049=CARTESIAN_POINT('Ctrl Pts',(106.839296771168,0.487727151936442,-6.85882434519892));
#4050=CARTESIAN_POINT('Ctrl Pts',(106.864387436169,0.476602332908988,-6.85218915529372));
#4051=CARTESIAN_POINT('Ctrl Pts',(106.889623031341,0.465976571807741,-6.84555962676128));
#4052=CARTESIAN_POINT('Ctrl Pts',(106.914997813343,0.455762109839992,-6.8389328389384));
#4053=CARTESIAN_POINT('Ctrl Pts',(106.930923176794,0.449351453020304,-6.83477382765778));
#4054=CARTESIAN_POINT('Ctrl Pts',(106.94690441544,0.443102946152209,-6.83061564216769));
#4055=CARTESIAN_POINT('Ctrl Pts',(106.962950165749,0.436996240137881,-6.82645518612268));
#4056=CARTESIAN_POINT('Ctrl Pts',(106.980457344281,0.430333342462245,-6.82191580059358));
#4057=CARTESIAN_POINT('Ctrl Pts',(106.99808981983,0.423821712695268,-6.81736160364793));
#4058=CARTESIAN_POINT('Ctrl Pts',(107.015829651644,0.417452277365392,-6.81279650027492));
#4059=CARTESIAN_POINT('Ctrl Pts',(107.044067374314,0.40731360467186,-6.80552990810246));
#4060=CARTESIAN_POINT('Ctrl Pts',(107.072642977953,0.397516432763285,-6.7982192783659));
#4061=CARTESIAN_POINT('Ctrl Pts',(107.101367814144,0.388069226396625,-6.79091024454633));
#4062=CARTESIAN_POINT('Ctrl Pts',(107.12210374726,0.381249461157378,-6.78563398690564));
#4063=CARTESIAN_POINT('Ctrl Pts',(107.142918679804,0.374611822443311,-6.78035824257263));
#4064=CARTESIAN_POINT('Ctrl Pts',(107.163757576772,0.36815664855275,-6.77509610973602));
#4065=CARTESIAN_POINT('Ctrl Pts',(107.20330464628,0.355906325950148,-6.76510988381567));
#4066=CARTESIAN_POINT('Ctrl Pts',(107.242891948328,0.34431969215756,-6.75518367975206));
#4067=CARTESIAN_POINT('Ctrl Pts',(107.282469728441,0.333296599360633,-6.74532323181987));
#4068=CARTESIAN_POINT('Ctrl Pts',(107.296804410399,0.329304143771097,-6.74175187474365));
#4069=CARTESIAN_POINT('Ctrl Pts',(107.311138317946,0.325385740603653,-6.73818903259262));
#4070=CARTESIAN_POINT('Ctrl Pts',(107.325470657412,0.321537043938396,-6.73463461515163));
#4071=CARTESIAN_POINT('Ctrl Pts',(107.3687120664,0.309925327165688,-6.72391075400943));
#4072=CARTESIAN_POINT('Ctrl Pts',(107.411913880987,0.298940884536409,-6.71326418225962));
#4073=CARTESIAN_POINT('Ctrl Pts',(107.455133044944,0.28848262339493,-6.70268026586047));
#4074=CARTESIAN_POINT('Ctrl Pts',(107.498612033036,0.277961489481271,-6.69203272127729));
#4075=CARTESIAN_POINT('Ctrl Pts',(107.542108608268,0.267972949166764,-6.68144849591238));
#4076=CARTESIAN_POINT('Ctrl Pts',(107.585730825521,0.258426746974991,-6.67090054950517));
#4077=CARTESIAN_POINT('Ctrl Pts',(107.629651458335,0.248815240095271,-6.66028044557032));
#4078=CARTESIAN_POINT('Ctrl Pts',(107.673699466334,0.239652195781862,-6.64969704576822));
#4079=CARTESIAN_POINT('Ctrl Pts',(107.718035453919,0.230857405601294,-6.63911172372871));
#4080=CARTESIAN_POINT('Ctrl Pts',(107.744448676287,0.225617897892777,-6.63280550433241));
#4081=CARTESIAN_POINT('Ctrl Pts',(107.770965064458,0.220509313227351,-6.62649839876077));
#4082=CARTESIAN_POINT('Ctrl Pts',(107.797626983204,0.215516578739147,-6.62018054493704));
#4083=CARTESIAN_POINT('',(110.,0.,-6.00000000000001));
#4084=CARTESIAN_POINT('Origin',(110.,19.,-6.00000000000001));
#4085=CARTESIAN_POINT('',(107.816178594403,20.,-6.00000000000002));
#4086=CARTESIAN_POINT('',(110.,20.,-6.00000000000001));
#4087=CARTESIAN_POINT('',(107.816178594403,19.7390068736003,-6.6736978853845));
#4088=CARTESIAN_POINT('Origin',(107.816178594403,19.,-6.00000000000001));
#4089=CARTESIAN_POINT('',(106.365782894239,19.,-7.00000000000001));
#4090=CARTESIAN_POINT('Ctrl Pts',(107.816178594403,19.7390068736003,-6.67369788538451));
#4091=CARTESIAN_POINT('Ctrl Pts',(107.766481504454,19.7277326027923,-6.68606509597357));
#4092=CARTESIAN_POINT('Ctrl Pts',(107.717144695862,19.7160028019829,-6.6983127518217));
#4093=CARTESIAN_POINT('Ctrl Pts',(107.667968039302,19.7037168295403,-6.71048177351736));
#4094=CARTESIAN_POINT('Ctrl Pts',(107.618791382742,19.6914308570977,-6.72265079521302));
#4095=CARTESIAN_POINT('Ctrl Pts',(107.569774719719,19.6785887979522,-6.73474128425049));
#4096=CARTESIAN_POINT('Ctrl Pts',(107.520772429315,19.6650741609557,-6.74677731649809));
#4097=CARTESIAN_POINT('Ctrl Pts',(107.483205094107,19.6547132391688,-6.75600467412332));
#4098=CARTESIAN_POINT('Ctrl Pts',(107.445592163357,19.6439363875734,-6.76521291504668));
#4099=CARTESIAN_POINT('Ctrl Pts',(107.408009593573,19.6327184109337,-6.77437789236908));
#4100=CARTESIAN_POINT('Ctrl Pts',(107.372718486853,19.6221844103839,-6.78298406790805));
#4101=CARTESIAN_POINT('Ctrl Pts',(107.337453955053,19.6112613131308,-6.79155214253432));
#4102=CARTESIAN_POINT('Ctrl Pts',(107.302323053741,19.5999310115896,-6.80005011174161));
#4103=CARTESIAN_POINT('Ctrl Pts',(107.285941051399,19.5946475426365,-6.80401282679453));
#4104=CARTESIAN_POINT('Ctrl Pts',(107.269588772566,19.589275579244,-6.80796011697943));
#4105=CARTESIAN_POINT('Ctrl Pts',(107.25328088175,19.5838136279762,-6.81188770642618));
#4106=CARTESIAN_POINT('Ctrl Pts',(107.212810646669,19.57025905772,-6.82163455045374));
#4107=CARTESIAN_POINT('Ctrl Pts',(107.172547577603,19.5561435933174,-6.83127684691449));
#4108=CARTESIAN_POINT('Ctrl Pts',(107.132568772005,19.5413835204679,-6.84078524870188));
#4109=CARTESIAN_POINT('Ctrl Pts',(107.095138595999,19.5275643951499,-6.84968749445724));
#4110=CARTESIAN_POINT('Ctrl Pts',(107.057957792446,19.5131801991807,-6.85847232040898));
#4111=CARTESIAN_POINT('Ctrl Pts',(107.021128919329,19.4981557173326,-6.86710412007953));
#4112=CARTESIAN_POINT('Ctrl Pts',(106.993223825626,19.4867717259605,-6.87364440106684));
#4113=CARTESIAN_POINT('Ctrl Pts',(106.965565391188,19.4750404591844,-6.88008595038734));
#4114=CARTESIAN_POINT('Ctrl Pts',(106.938076084088,19.4628648608435,-6.88644079909517));
#4115=CARTESIAN_POINT('Ctrl Pts',(106.911392031479,19.4510459268304,-6.89260949285776));
#4116=CARTESIAN_POINT('Ctrl Pts',(106.88486726135,19.438808327717,-6.89869652009854));
#4117=CARTESIAN_POINT('Ctrl Pts',(106.85847712096,19.4260557306106,-6.90469949266364));
#4118=CARTESIAN_POINT('Ctrl Pts',(106.844020425302,19.419069772503,-6.90798796124072));
#4119=CARTESIAN_POINT('Ctrl Pts',(106.829604953783,19.4119291328946,-6.91125096704925));
#4120=CARTESIAN_POINT('Ctrl Pts',(106.815233004305,19.4046169334179,-6.91448626956178));
#4121=CARTESIAN_POINT('Ctrl Pts',(106.790992212848,19.3922836377239,-6.91994316972892));
#4122=CARTESIAN_POINT('Ctrl Pts',(106.766882290291,19.3794613902377,-6.92531970653159));
#4123=CARTESIAN_POINT('Ctrl Pts',(106.742966698737,19.3660611244486,-6.93059083515631));
#4124=CARTESIAN_POINT('Ctrl Pts',(106.737345410007,19.3629114317934,-6.93182979827653));
#4125=CARTESIAN_POINT('Ctrl Pts',(106.73173507133,19.3597297708796,-6.93306287683952));
#4126=CARTESIAN_POINT('Ctrl Pts',(106.726136913104,19.3565149197358,-6.93428962961606));
#4127=CARTESIAN_POINT('Ctrl Pts',(106.708251676506,19.3462439750766,-6.93820891213176));
#4128=CARTESIAN_POINT('Ctrl Pts',(106.690460419344,19.3356140605326,-6.94207002210495));
#4129=CARTESIAN_POINT('Ctrl Pts',(106.672907985831,19.3246440986345,-6.9458356448526));
#4130=CARTESIAN_POINT('Ctrl Pts',(106.664703679405,19.3195165515719,-6.94759576107161));
#4131=CARTESIAN_POINT('Ctrl Pts',(106.656552191312,19.31431491929,-6.94933486120062));
#4132=CARTESIAN_POINT('Ctrl Pts',(106.648472005837,19.3090423841834,-6.95104825057409));
#4133=CARTESIAN_POINT('Ctrl Pts',(106.647497884842,19.308406744425,-6.95125481124849));
#4134=CARTESIAN_POINT('Ctrl Pts',(106.646524779869,19.3077700630374,-6.95146100148985));
#4135=CARTESIAN_POINT('Ctrl Pts',(106.645552707387,19.3071323340536,-6.95166681636951));
#4136=CARTESIAN_POINT('Ctrl Pts',(106.629119955977,19.2963516134342,-6.95514608855771));
#4137=CARTESIAN_POINT('Ctrl Pts',(106.612957233577,19.2852633093808,-6.95852409183394));
#4138=CARTESIAN_POINT('Ctrl Pts',(106.597063606738,19.2737783328402,-6.96179360262525));
#4139=CARTESIAN_POINT('Ctrl Pts',(106.581717833723,19.2626892438076,-6.96495041327521));
#4140=CARTESIAN_POINT('Ctrl Pts',(106.566622851455,19.2512303601625,-6.96800609781361));
#4141=CARTESIAN_POINT('Ctrl Pts',(106.551823712894,19.2393193021305,-6.97094166808529));
#4142=CARTESIAN_POINT('Ctrl Pts',(106.538748576833,19.2287958041736,-6.97353526368978));
#4143=CARTESIAN_POINT('Ctrl Pts',(106.525904833625,19.2179193235919,-6.97603497185666));
#4144=CARTESIAN_POINT('Ctrl Pts',(106.513356270305,19.2066314959152,-6.97841883920283));
#4145=CARTESIAN_POINT('Ctrl Pts',(106.502971642664,19.1972901964924,-6.98039162079577));
#4146=CARTESIAN_POINT('Ctrl Pts',(106.492785187059,19.1876679488731,-6.98228610485389));
#4147=CARTESIAN_POINT('Ctrl Pts',(106.482858485605,19.1777303188648,-6.98408312309349));
#4148=CARTESIAN_POINT('Ctrl Pts',(106.469373883152,19.1642308708771,-6.98652422366158));
#4149=CARTESIAN_POINT('Ctrl Pts',(106.456372259321,19.1501625823685,-6.98878332250412));
#4150=CARTESIAN_POINT('Ctrl Pts',(106.44409334015,19.1354778576834,-6.99079386291831));
#4151=CARTESIAN_POINT('Ctrl Pts',(106.432097863188,19.1211321099666,-6.99275799273177));
#4152=CARTESIAN_POINT('Ctrl Pts',(106.420791900651,19.1061980698578,-6.99448495521868));
#4153=CARTESIAN_POINT('Ctrl Pts',(106.410445722768,19.0906288911921,-6.99590053828124));
#4154=CARTESIAN_POINT('Ctrl Pts',(106.400467523916,19.0756134562707,-6.99726577377684));
#4155=CARTESIAN_POINT('Ctrl Pts',(106.391381961424,19.0600072657442,-6.99834140215111));
#4156=CARTESIAN_POINT('Ctrl Pts',(106.383477488544,19.0437658356543,-6.99904898284347));
#4157=CARTESIAN_POINT('Ctrl Pts',(106.37661542222,19.0296662527755,-6.99966325095656));
#4158=CARTESIAN_POINT('Ctrl Pts',(106.370644016157,19.0150878999568,-7.00000000000001));
#4159=CARTESIAN_POINT('Ctrl Pts',(106.365782894239,19.,-7.00000000000001));
#4160=CARTESIAN_POINT('',(110.,19.,-7.00000000000001));
#4161=CARTESIAN_POINT('Origin',(147.536809507624,-10.,-21.1111137437881));
#4162=CARTESIAN_POINT('',(147.888693863678,-8.04763779103409,-20.175070261911));
#4163=CARTESIAN_POINT('',(147.888693863678,9.53954456884317,-20.175070261911));
#4164=CARTESIAN_POINT('',(147.888693863678,-10.,-20.175070261911));
#4165=CARTESIAN_POINT('',(149.644395064669,9.50190882203964,-15.5047499221769));
#4166=CARTESIAN_POINT('Ctrl Pts',(147.888693863678,9.53954456884317,-20.175070261911));
#4167=CARTESIAN_POINT('Ctrl Pts',(148.181468355202,9.5332861175078,-19.3962642430131));
#4168=CARTESIAN_POINT('Ctrl Pts',(148.474242823565,9.527018909857,-18.6174582857242));
#4169=CARTESIAN_POINT('Ctrl Pts',(149.059476557274,9.51447366595137,-17.0606848390238));
#4170=CARTESIAN_POINT('Ctrl Pts',(149.351935822704,9.50819564861441,-16.2827173493919));
#4171=CARTESIAN_POINT('Ctrl Pts',(149.644395064669,9.50190882203964,-15.5047499221769));
#4172=CARTESIAN_POINT('',(149.644395064669,-8.08127470555677,-15.5047499221769));
#4173=CARTESIAN_POINT('',(149.644395064669,-10.,-15.5047499221769));
#4174=CARTESIAN_POINT('Ctrl Pts',(149.644395064669,-8.08127470555677,-15.5047499221769));
#4175=CARTESIAN_POINT('Ctrl Pts',(149.354096613343,-8.0756993342504,-16.2769694553519));
#4176=CARTESIAN_POINT('Ctrl Pts',(148.76886291243,-8.06447320706075,-17.8337428148092));
#4177=CARTESIAN_POINT('Ctrl Pts',(148.183629146396,-8.05327453871023,-19.3905163474942));
#4178=CARTESIAN_POINT('Ctrl Pts',(147.888693863678,-8.04763779103409,-20.175070261911));
#4179=CARTESIAN_POINT('Origin',(150.,-10.,-14.5588093706481));
#4180=CARTESIAN_POINT('',(149.050371726118,9.50190882203964,-14.2131729453374));
#4181=CARTESIAN_POINT('',(110.165693162617,18.9999312632274,-0.0603073792140926));
#4182=CARTESIAN_POINT('Ctrl Pts',(149.050371726117,9.50190882203994,-14.2131729453372));
#4183=CARTESIAN_POINT('Ctrl Pts',(148.36164165031,10.0290423553623,-13.9624956982995));
#4184=CARTESIAN_POINT('Ctrl Pts',(147.64518262557,10.5148728085813,-13.7017259392228));
#4185=CARTESIAN_POINT('Ctrl Pts',(146.914949299093,10.9588137919997,-13.4359427443158));
#4186=CARTESIAN_POINT('Ctrl Pts',(146.914718512682,10.9589540972177,-13.4358587449318));
#4187=CARTESIAN_POINT('Ctrl Pts',(146.91448772469,10.9590943984344,-13.4357747449722));
#4188=CARTESIAN_POINT('Ctrl Pts',(146.914256935116,10.95923469565,-13.4356907444369));
#4189=CARTESIAN_POINT('Ctrl Pts',(146.183994230513,11.4031621328616,-13.1698968567668));
#4190=CARTESIAN_POINT('Ctrl Pts',(145.437623544863,11.8071959455478,-12.8982401434613));
#4191=CARTESIAN_POINT('Ctrl Pts',(144.678192010677,12.1788827640022,-12.6218296700543));
#4192=CARTESIAN_POINT('Ctrl Pts',(144.677972145648,12.1789903720345,-12.6217496457283));
#4193=CARTESIAN_POINT('Ctrl Pts',(144.677752279528,12.1790979773633,-12.621669621005));
#4194=CARTESIAN_POINT('Ctrl Pts',(144.677532412316,12.1792055799888,-12.6215895958844));
#4195=CARTESIAN_POINT('Ctrl Pts',(143.158394109154,12.922669184794,-12.0686684717998));
#4196=CARTESIAN_POINT('Ctrl Pts',(141.587147339789,13.5370805850636,-11.496781417064));
#4197=CARTESIAN_POINT('Ctrl Pts',(139.985778746966,14.0768879731719,-10.9139309151878));
#4198=CARTESIAN_POINT('Ctrl Pts',(139.985589445458,14.0769517850597,-10.9138620150734));
#4199=CARTESIAN_POINT('Ctrl Pts',(139.985400143492,14.0770155959083,-10.9137931147925));
#4200=CARTESIAN_POINT('Ctrl Pts',(139.985210841069,14.0770794057179,-10.9137242143453));
#4201=CARTESIAN_POINT('Ctrl Pts',(139.184596094179,14.3469495625332,-10.6223242773629));
#4202=CARTESIAN_POINT('Ctrl Pts',(138.375802370605,14.5982351591413,-10.3279474363206));
#4203=CARTESIAN_POINT('Ctrl Pts',(137.564151157407,14.8365076583957,-10.0325305541105));
#4204=CARTESIAN_POINT('Ctrl Pts',(137.56398077182,14.8365576776639,-10.0324685388283));
#4205=CARTESIAN_POINT('Ctrl Pts',(137.563810386091,14.836607696365,-10.0324065234946));
#4206=CARTESIAN_POINT('Ctrl Pts',(137.56364000022,14.836657714499,-10.0323445081094));
#4207=CARTESIAN_POINT('Ctrl Pts',(136.751965911646,15.0749311301442,-9.73691929994311));
#4208=CARTESIAN_POINT('Ctrl Pts',(135.937078662948,15.3003366266038,-9.44032459713436));
#4209=CARTESIAN_POINT('Ctrl Pts',(135.120598255934,15.5193624598927,-9.14315003211966));
#4210=CARTESIAN_POINT('Ctrl Pts',(135.120448514969,15.5194026288172,-9.1430955308653));
#4211=CARTESIAN_POINT('Ctrl Pts',(135.120298773966,15.5194427975746,-9.14304102959747));
#4212=CARTESIAN_POINT('Ctrl Pts',(135.120149032926,15.5194829661651,-9.14298652831616));
#4213=CARTESIAN_POINT('Ctrl Pts',(133.486994362591,15.9575827764595,-8.54856684036116));
#4214=CARTESIAN_POINT('Ctrl Pts',(131.849436584237,16.375820177833,-7.95254455214912));
#4215=CARTESIAN_POINT('Ctrl Pts',(130.205637012744,16.7611083215348,-7.35425043702636));
#4216=CARTESIAN_POINT('Ctrl Pts',(130.205529885664,16.7611334309183,-7.35421144595792));
#4217=CARTESIAN_POINT('Ctrl Pts',(130.205422758556,16.761158540159,-7.35417245487926));
#4218=CARTESIAN_POINT('Ctrl Pts',(130.20531563142,16.7611836492569,-7.3541334637904));
#4219=CARTESIAN_POINT('Ctrl Pts',(128.561471609275,17.1464776275212,-6.75582316995325));
#4220=CARTESIAN_POINT('Ctrl Pts',(126.911024227869,17.4981472524036,-6.15510944989877));
#4221=CARTESIAN_POINT('Ctrl Pts',(125.250811633429,17.8000935888433,-5.55084148296904));
#4222=CARTESIAN_POINT('Ctrl Pts',(125.250747463623,17.8001052595401,-5.55081812706963));
#4223=CARTESIAN_POINT('Ctrl Pts',(125.250683293804,17.8001169301621,-5.55079477116536));
#4224=CARTESIAN_POINT('Ctrl Pts',(125.250619123971,17.8001286007093,-5.55077141525623));
#4225=CARTESIAN_POINT('Ctrl Pts',(123.590361815498,18.1020790706809,-4.9464871737492));
#4226=CARTESIAN_POINT('Ctrl Pts',(121.921178891241,18.3539235812432,-4.33895427377442));
#4227=CARTESIAN_POINT('Ctrl Pts',(120.248672760621,18.5383203989783,-3.73021182560096));
#4228=CARTESIAN_POINT('Ctrl Pts',(120.248652466223,18.5383226364723,-3.73020443904417));
#4229=CARTESIAN_POINT('Ctrl Pts',(120.248632171824,18.538324873956,-3.73019705248706));
#4230=CARTESIAN_POINT('Ctrl Pts',(120.248611877425,18.5383271114295,-3.73018966592965));
#4231=CARTESIAN_POINT('Ctrl Pts',(118.818930437071,18.6959506098929,-3.20982817715792));
#4232=CARTESIAN_POINT('Ctrl Pts',(117.384842714996,18.8026578935962,-2.68786293299632));
#4233=CARTESIAN_POINT('Ctrl Pts',(115.948269131696,18.8733854030003,-2.16499290934164));
#4234=CARTESIAN_POINT('Ctrl Pts',(114.023663903886,18.9681404061073,-1.46449389370577));
#4235=CARTESIAN_POINT('Ctrl Pts',(112.09459761384,18.9983212649885,-0.76237118420274));
#4236=CARTESIAN_POINT('Ctrl Pts',(110.165693162617,18.9999312632274,-0.0603073792141013));
#4237=CARTESIAN_POINT('',(110.165693162615,1.00645015737127,-0.0603073792132708));
#4238=CARTESIAN_POINT('',(110.165693162617,-10.,-0.0603073792140967));
#4239=CARTESIAN_POINT('',(149.050371726118,-8.08127470555678,-14.2131729453373));
#4240=CARTESIAN_POINT('Ctrl Pts',(110.165693162615,1.00645015737127,-0.0603073792132607));
#4241=CARTESIAN_POINT('Ctrl Pts',(111.402662730649,1.04835757418074,-0.510527482670959));
#4242=CARTESIAN_POINT('Ctrl Pts',(112.638595611237,1.0512387275008,-0.960370262756153));
#4243=CARTESIAN_POINT('Ctrl Pts',(113.873560470415,1.01833463195985,-1.4098607118619));
#4244=CARTESIAN_POINT('Ctrl Pts',(114.312408267928,1.00664208075081,-1.5695882475301));
#4245=CARTESIAN_POINT('Ctrl Pts',(114.751133833378,0.990430248981521,-1.7292712943655));
#4246=CARTESIAN_POINT('Ctrl Pts',(115.189740264285,0.9698429991429,-1.88891097977289));
#4247=CARTESIAN_POINT('Ctrl Pts',(115.193790788543,0.969652876178412,-1.89038525003616));
#4248=CARTESIAN_POINT('Ctrl Pts',(115.197841320607,0.969462377446001,-1.89185952314034));
#4249=CARTESIAN_POINT('Ctrl Pts',(115.201891860292,0.969271503097997,-1.89333379901848));
#4250=CARTESIAN_POINT('Ctrl Pts',(116.041689738144,0.929697548798954,-2.19899522935602));
#4251=CARTESIAN_POINT('Ctrl Pts',(116.881689700699,0.873987288739947,-2.50473021251068));
#4252=CARTESIAN_POINT('Ctrl Pts',(117.720562402209,0.803468332667974,-2.81005490619877));
#4253=CARTESIAN_POINT('Ctrl Pts',(118.552310090573,0.733548333372327,-3.11278630718301));
#4254=CARTESIAN_POINT('Ctrl Pts',(119.382950431402,0.649069391504377,-3.41511466662542));
#4255=CARTESIAN_POINT('Ctrl Pts',(120.211191802817,0.551275194644023,-3.71656987260864));
#4256=CARTESIAN_POINT('Ctrl Pts',(120.215654054958,0.550748316394093,-3.71819399956566));
#4257=CARTESIAN_POINT('Ctrl Pts',(120.220116244222,0.550221053727348,-3.71981810363718));
#4258=CARTESIAN_POINT('Ctrl Pts',(120.22457837069,0.549693406833942,-3.72144218485323));
#4259=CARTESIAN_POINT('Ctrl Pts',(123.556676533269,0.155672471651577,-4.93422673368504));
#4260=CARTESIAN_POINT('Ctrl Pts',(126.853144763162,-0.452533233425473,-6.13404304757017));
#4261=CARTESIAN_POINT('Ctrl Pts',(130.127600461695,-1.19306144947921,-7.32584745525962));
#4262=CARTESIAN_POINT('Ctrl Pts',(130.131421031429,-1.19392548306215,-7.32723802892071));
#4263=CARTESIAN_POINT('Ctrl Pts',(130.13524157126,-1.19478969704218,-7.32862859169821));
#4264=CARTESIAN_POINT('Ctrl Pts',(130.13906208121,-1.19565409129208,-7.33001914359954));
#4265=CARTESIAN_POINT('Ctrl Pts',(131.774636234298,-1.56570440182898,-7.92531945125879));
#4266=CARTESIAN_POINT('Ctrl Pts',(133.404734982865,-1.96879363538415,-8.51862687465178));
#4267=CARTESIAN_POINT('Ctrl Pts',(135.030956849669,-2.39493876179069,-9.11052322848129));
#4268=CARTESIAN_POINT('Ctrl Pts',(135.03447494906,-2.39586066607715,-9.11180371194084));
#4269=CARTESIAN_POINT('Ctrl Pts',(135.037993011697,-2.39678267448075,-9.11308418202293));
#4270=CARTESIAN_POINT('Ctrl Pts',(135.041511037419,-2.39770478745642,-9.1143646386691));
#4271=CARTESIAN_POINT('Ctrl Pts',(136.35046287365,-2.74079536385279,-9.5907841451452));
#4272=CARTESIAN_POINT('Ctrl Pts',(137.654236308205,-3.09834868539599,-10.0653188675502));
#4273=CARTESIAN_POINT('Ctrl Pts',(138.94445927351,-3.49374694324288,-10.5349216224881));
#4274=CARTESIAN_POINT('Ctrl Pts',(139.257606510132,-3.58971320267209,-10.6488978955613));
#4275=CARTESIAN_POINT('Ctrl Pts',(139.569955603763,-3.68790858143554,-10.762583668343));
#4276=CARTESIAN_POINT('Ctrl Pts',(139.881387028003,-3.78866689293594,-10.8759354367814));
#4277=CARTESIAN_POINT('Ctrl Pts',(139.884387818465,-3.78963774737326,-10.8770276351889));
#4278=CARTESIAN_POINT('Ctrl Pts',(139.887388524106,-3.79060883868954,-10.8781198027241));
#4279=CARTESIAN_POINT('Ctrl Pts',(139.890389144815,-3.79158016719575,-10.8792119393464));
#4280=CARTESIAN_POINT('Ctrl Pts',(140.954607256595,-4.13607735264861,-11.2665556548017));
#4281=CARTESIAN_POINT('Ctrl Pts',(142.008142215821,-4.51041311448378,-11.6500110207184));
#4282=CARTESIAN_POINT('Ctrl Pts',(143.046033124233,-4.92843950339048,-12.027772417796));
#4283=CARTESIAN_POINT('Ctrl Pts',(143.56423685342,-5.13715395678274,-12.2163831505058));
#4284=CARTESIAN_POINT('Ctrl Pts',(144.078540974472,-5.35675919607777,-12.4035745419292));
#4285=CARTESIAN_POINT('Ctrl Pts',(144.588329662448,-5.58897458951482,-12.5891224501181));
#4286=CARTESIAN_POINT('Ctrl Pts',(144.59018012475,-5.58981749921769,-12.5897959633157));
#4287=CARTESIAN_POINT('Ctrl Pts',(144.592030528451,-5.59066057502733,-12.5904694551844));
#4288=CARTESIAN_POINT('Ctrl Pts',(144.593880873515,-5.59150381703555,-12.5911429257107));
#4289=CARTESIAN_POINT('Ctrl Pts',(145.306649085865,-5.91632760833728,-12.8505693389377));
#4290=CARTESIAN_POINT('Ctrl Pts',(146.010607027123,-6.2657576296448,-13.1067890757308));
#4291=CARTESIAN_POINT('Ctrl Pts',(146.703841594246,-6.64513674550338,-13.3591058235275));
#4292=CARTESIAN_POINT('Ctrl Pts',(147.318857608618,-6.98171002507875,-13.5829533463557));
#4293=CARTESIAN_POINT('Ctrl Pts',(147.92543379425,-7.34185488995154,-13.8037290227406));
#4294=CARTESIAN_POINT('Ctrl Pts',(148.522219955506,-7.7293423179355,-14.0209414216596));
#4295=CARTESIAN_POINT('Ctrl Pts',(148.699142920604,-7.84421667184617,-14.0853361147133));
#4296=CARTESIAN_POINT('Ctrl Pts',(148.875205342586,-7.96149443057697,-14.1494175956877));
#4297=CARTESIAN_POINT('Ctrl Pts',(149.050371726118,-8.08127470555678,-14.2131729453374));
#4298=CARTESIAN_POINT('',(149.050371726118,-10.,-14.2131729453374));
#4299=CARTESIAN_POINT('Origin',(110.,20.,0.));
#4300=CARTESIAN_POINT('',(3.,20.,-6.00000000000002));
#4301=CARTESIAN_POINT('',(3.,20.,-6.00000000000002));
#4302=CARTESIAN_POINT('',(3.,20.,-1.));
#4303=CARTESIAN_POINT('',(3.,20.,-1.));
#4304=CARTESIAN_POINT('',(109.636029765734,20.,-1.00000000000001));
#4305=CARTESIAN_POINT('',(110.,20.,-1.));
#4306=CARTESIAN_POINT('',(90.3470248293653,20.,-53.9961055064209));
#4307=CARTESIAN_POINT('Origin',(110.,0.,0.));
#4308=CARTESIAN_POINT('',(109.636029765734,19.,0.));
#4309=CARTESIAN_POINT('',(3.,19.,0.));
#4310=CARTESIAN_POINT('',(110.,19.,0.));
#4311=CARTESIAN_POINT('',(3.,1.,0.));
#4312=CARTESIAN_POINT('',(3.,1.,0.));
#4313=CARTESIAN_POINT('',(109.617478154174,1.,0.));
#4314=CARTESIAN_POINT('',(110.,1.,0.));
#4315=CARTESIAN_POINT('',(109.823673019292,1.00645015737127,0.));
#4316=CARTESIAN_POINT('Origin',(138.068240203967,-62.7594534157671,0.));
#4317=CARTESIAN_POINT('',(109.823673019292,18.9999312632274,0.));
#4318=CARTESIAN_POINT('',(109.823673019292,0.,0.));
#4319=CARTESIAN_POINT('Ctrl Pts',(109.823673019292,18.9999312632274,0.));
#4320=CARTESIAN_POINT('Ctrl Pts',(109.761125280898,18.9999773629263,0.));
#4321=CARTESIAN_POINT('Ctrl Pts',(109.698577521116,19.,0.));
#4322=CARTESIAN_POINT('Ctrl Pts',(109.636029765734,19.,0.));
#4323=CARTESIAN_POINT('Origin',(110.,0.,0.));
#4324=CARTESIAN_POINT('',(109.617478154174,0.,-1.));
#4325=CARTESIAN_POINT('',(3.,0.,-1.));
#4326=CARTESIAN_POINT('',(110.,0.,-1.));
#4327=CARTESIAN_POINT('',(3.,0.,-4.));
#4328=CARTESIAN_POINT('',(5.49900000000002,0.,-12.));
#4329=CARTESIAN_POINT('',(109.983618514747,0.,0.00596237302528494));
#4330=CARTESIAN_POINT('Origin',(110.,0.,-7.00000000000001));
#4331=CARTESIAN_POINT('',(149.709351582792,6.6,-7.00000000000008));
#4332=CARTESIAN_POINT('',(3.,13.4,-7.00000000000001));
#4333=CARTESIAN_POINT('',(3.,19.,-7.00000000000001));
#4334=CARTESIAN_POINT('',(149.709351582792,13.4,-7.00000000000008));
#4335=CARTESIAN_POINT('',(106.364912675282,18.8865228527055,-7.00000000000001));
#4336=CARTESIAN_POINT('Ctrl Pts',(106.365782894239,19.,-7.00000000000001));
#4337=CARTESIAN_POINT('Ctrl Pts',(106.365202614748,18.9621776231422,-7.00000000000001));
#4338=CARTESIAN_POINT('Ctrl Pts',(106.364912675283,18.9243496806912,-7.));
#4339=CARTESIAN_POINT('Ctrl Pts',(106.364912675283,18.8865228527055,-7.));
#4340=CARTESIAN_POINT('',(106.364912675282,1.04070938069513,-7.00000000000001));
#4341=CARTESIAN_POINT('Origin',(0.,0.,0.));
#4342=CARTESIAN_POINT('',(0.,3.,-3.));
#4343=CARTESIAN_POINT('',(0.,17.,-3.));
#4344=CARTESIAN_POINT('',(0.,19.,-3.));
#4345=CARTESIAN_POINT('',(0.,17.,-4.00000000000001));
#4346=CARTESIAN_POINT('',(0.,17.,-4.));
#4347=CARTESIAN_POINT('',(0.,3.,-4.00000000000001));
#4348=CARTESIAN_POINT('',(0.,1.,-4.00000000000001));
#4349=CARTESIAN_POINT('',(0.,3.,-1.));
#4350=CARTESIAN_POINT('Origin',(110.,-10.,-7.00000000000001));
#4351=CARTESIAN_POINT('',(146.600766025747,-8.04763779103411,-20.7592293877345));
#4352=CARTESIAN_POINT('',(113.402400200415,0.945281871128804,-8.2790553288848));
#4353=CARTESIAN_POINT('Ctrl Pts',(146.600766025747,-8.04763779103412,-20.7592293877345));
#4354=CARTESIAN_POINT('Ctrl Pts',(146.180559716063,-7.76060225239189,-20.6012623386009));
#4355=CARTESIAN_POINT('Ctrl Pts',(145.753263840683,-7.48675887801542,-20.4406301277439));
#4356=CARTESIAN_POINT('Ctrl Pts',(145.319434254224,-7.22507522466376,-20.2775417161216));
#4357=CARTESIAN_POINT('Ctrl Pts',(145.118665753265,-7.10397275390374,-20.2020673433558));
#4358=CARTESIAN_POINT('Ctrl Pts',(144.916497545453,-6.98547511085406,-20.1260667824867));
#4359=CARTESIAN_POINT('Ctrl Pts',(144.712982721053,-6.8694830396617,-20.0495599915957));
#4360=CARTESIAN_POINT('Ctrl Pts',(144.644427311784,-6.83041028937956,-20.023788137497));
#4361=CARTESIAN_POINT('Ctrl Pts',(144.57570582841,-6.79161420060214,-19.9979538515981));
#4362=CARTESIAN_POINT('Ctrl Pts',(144.506819452266,-6.75309102051954,-19.9720575779956));
#4363=CARTESIAN_POINT('Ctrl Pts',(144.089992217989,-6.51998962212598,-19.8153608157612));
#4364=CARTESIAN_POINT('Ctrl Pts',(143.669367213553,-6.29813720797575,-19.6572363678182));
#4365=CARTESIAN_POINT('Ctrl Pts',(143.245932635998,-6.0865683719896,-19.4980557244594));
#4366=CARTESIAN_POINT('Ctrl Pts',(143.08271500662,-6.00501678010183,-19.4366977517546));
#4367=CARTESIAN_POINT('Ctrl Pts',(142.919079691193,-5.92499364213049,-19.375182759435));
#4368=CARTESIAN_POINT('Ctrl Pts',(142.755082532867,-5.84644550459752,-19.313531740463));
#4369=CARTESIAN_POINT('Ctrl Pts',(142.611219380324,-5.77754075766671,-19.2594496451554));
#4370=CARTESIAN_POINT('Ctrl Pts',(142.467053212272,-5.70976051124251,-19.2052536380176));
#4371=CARTESIAN_POINT('Ctrl Pts',(142.322632116566,-5.64307452743954,-19.1509617965637));
#4372=CARTESIAN_POINT('Ctrl Pts',(141.67755756567,-5.34521339543215,-18.9084606226736));
#4373=CARTESIAN_POINT('Ctrl Pts',(141.026377951384,-5.06852496608226,-18.6636643867517));
#4374=CARTESIAN_POINT('Ctrl Pts',(140.3703523566,-4.80928525574446,-18.4170464142452));
#4375=CARTESIAN_POINT('Ctrl Pts',(139.826112241643,-4.59421948563209,-18.2124516624939));
#4376=CARTESIAN_POINT('Ctrl Pts',(139.278537183873,-4.39116078666433,-18.0066032159348));
#4377=CARTESIAN_POINT('Ctrl Pts',(138.728349961829,-4.19795647751826,-17.7997727879291));
#4378=CARTESIAN_POINT('Ctrl Pts',(138.428099786936,-4.09252031817642,-17.6869005333695));
#4379=CARTESIAN_POINT('Ctrl Pts',(138.127040230178,-3.99002424166854,-17.5737240091736));
#4380=CARTESIAN_POINT('Ctrl Pts',(137.825269121125,-3.89011362097708,-17.460279992804));
#4381=CARTESIAN_POINT('Ctrl Pts',(136.758282433293,-3.53685481305104,-17.0591705040259));
#4382=CARTESIAN_POINT('Ctrl Pts',(135.682350551505,-3.21610331054123,-16.6546982702096));
#4383=CARTESIAN_POINT('Ctrl Pts',(134.601366556714,-2.91370105142609,-16.2483268099343));
#4384=CARTESIAN_POINT('Ctrl Pts',(134.141075844159,-2.78493600772802,-16.0752909371431));
#4385=CARTESIAN_POINT('Ctrl Pts',(133.679867095781,-2.65950725478684,-15.9019099504488));
#4386=CARTESIAN_POINT('Ctrl Pts',(133.218026842057,-2.53637191878372,-15.7282915603732));
#4387=CARTESIAN_POINT('Ctrl Pts',(132.984176001033,-2.47402286702402,-15.6403806296799));
#4388=CARTESIAN_POINT('Ctrl Pts',(132.750191145864,-2.41216055428359,-15.5524193185527));
#4389=CARTESIAN_POINT('Ctrl Pts',(132.516064258031,-2.35081436723908,-15.4644046065633));
#4390=CARTESIAN_POINT('Ctrl Pts',(131.81955194192,-2.16831343700219,-15.2025665431648));
#4391=CARTESIAN_POINT('Ctrl Pts',(131.121880075637,-1.99002568069796,-14.9402926055376));
#4392=CARTESIAN_POINT('Ctrl Pts',(130.422832087641,-1.81673767943605,-14.6775013564793));
#4393=CARTESIAN_POINT('Ctrl Pts',(129.80285974149,-1.66305185164304,-14.4444368029374));
#4394=CARTESIAN_POINT('Ctrl Pts',(129.181886472964,-1.51338025673112,-14.2109959618796));
#4395=CARTESIAN_POINT('Ctrl Pts',(128.559727058252,-1.36812502161821,-13.9771092158355));
#4396=CARTESIAN_POINT('Ctrl Pts',(127.778858451577,-1.18581603396564,-13.6835593423077));
#4397=CARTESIAN_POINT('Ctrl Pts',(126.995492606149,-1.01050634634142,-13.3890706866912));
#4398=CARTESIAN_POINT('Ctrl Pts',(126.210248858562,-0.843485543898164,-13.09387607681));
#4399=CARTESIAN_POINT('Ctrl Pts',(125.427389742898,-0.676971951016669,-12.7995779153145));
#4400=CARTESIAN_POINT('Ctrl Pts',(124.642403183183,-0.518640566361853,-12.5044799893911));
#4401=CARTESIAN_POINT('Ctrl Pts',(123.856195084176,-0.369877043309596,-12.2089228534249));
#4402=CARTESIAN_POINT('Ctrl Pts',(123.46289367183,-0.29545793748271,-12.0610700913494));
#4403=CARTESIAN_POINT('Ctrl Pts',(123.069373914012,-0.22344506647096,-11.9131352472368));
#4404=CARTESIAN_POINT('Ctrl Pts',(122.675646741,-0.15397613424118,-11.7651224300774));
#4405=CARTESIAN_POINT('Ctrl Pts',(122.469488140325,-0.117601662676787,-11.6876217713496));
#4406=CARTESIAN_POINT('Ctrl Pts',(122.263272674635,-0.0819246361912031,
-11.6100997355067));
#4407=CARTESIAN_POINT('Ctrl Pts',(122.057001920057,-0.0469647225695277,
-11.5325569150581));
#4408=CARTESIAN_POINT('Ctrl Pts',(121.896560386852,-0.0197722000344727,
-11.4722425528632));
#4409=CARTESIAN_POINT('Ctrl Pts',(121.736082844966,0.0069869189538379,-11.4119146540199));
#4410=CARTESIAN_POINT('Ctrl Pts',(121.575560650588,0.0333048543910048,-11.3515699690831));
#4411=CARTESIAN_POINT('Ctrl Pts',(120.760039042464,0.167011256259153,-11.0449930829887));
#4412=CARTESIAN_POINT('Ctrl Pts',(119.943423628305,0.289321090213474,-10.7380050052784));
#4413=CARTESIAN_POINT('Ctrl Pts',(119.125600342824,0.399035497330471,-10.4305628556894));
#4414=CARTESIAN_POINT('Ctrl Pts',(117.887174703789,0.565175465655548,-9.96500477323952));
#4415=CARTESIAN_POINT('Ctrl Pts',(116.645977408209,0.702373951513626,-9.49840474925918));
#4416=CARTESIAN_POINT('Ctrl Pts',(115.401624589295,0.806679818154889,-9.03061847771854));
#4417=CARTESIAN_POINT('Ctrl Pts',(114.736140667687,0.86246293378259,-8.78044486318784));
#4418=CARTESIAN_POINT('Ctrl Pts',(114.069754161544,0.908837444891036,-8.52993194243468));
#4419=CARTESIAN_POINT('Ctrl Pts',(113.40240591878,0.945192806237668,-8.27905747857162));
#4420=CARTESIAN_POINT('',(113.402599796356,1.,-8.2791303624571));
#4421=CARTESIAN_POINT('Origin',(57.8092534115035,0.999859286839433,12.6199296388704));
#4422=CARTESIAN_POINT('',(113.402599870964,18.886524698439,-8.27913039050433));
#4423=CARTESIAN_POINT('',(113.402599796356,18.9852609601766,-8.2791303624571));
#4424=CARTESIAN_POINT('',(146.600766025747,9.53954456884317,-20.7592293877345));
#4425=CARTESIAN_POINT('Ctrl Pts',(113.402599908506,18.8865256211427,-8.27913040461732));
#4426=CARTESIAN_POINT('Ctrl Pts',(113.738120745468,18.8710125870188,-8.40526186746374));
#4427=CARTESIAN_POINT('Ctrl Pts',(114.073472070555,18.8535766551919,-8.53132960616254));
#4428=CARTESIAN_POINT('Ctrl Pts',(114.408636871652,18.8340248928349,-8.65732722534601));
#4429=CARTESIAN_POINT('Ctrl Pts',(115.208865404788,18.7873437435617,-8.95815502602085));
#4430=CARTESIAN_POINT('Ctrl Pts',(116.008030205357,18.7285916319715,-9.25858294031792));
#4431=CARTESIAN_POINT('Ctrl Pts',(116.805899915902,18.6551402744451,-9.55852399304207));
#4432=CARTESIAN_POINT('Ctrl Pts',(117.110478464585,18.627100974822,-9.67302340230886));
#4433=CARTESIAN_POINT('Ctrl Pts',(117.414861742866,18.5968254484407,-9.78744940381895));
#4434=CARTESIAN_POINT('Ctrl Pts',(117.719049459105,18.5643487830407,-9.9018018878357));
#4435=CARTESIAN_POINT('Ctrl Pts',(118.212284009199,18.5116884927266,-10.0872222483407));
#4436=CARTESIAN_POINT('Ctrl Pts',(118.704956186457,18.4532238022492,-10.2724311995137));
#4437=CARTESIAN_POINT('Ctrl Pts',(119.19711122311,18.3891155029393,-10.457445744418));
#4438=CARTESIAN_POINT('Ctrl Pts',(120.136597599616,18.2667376558444,-10.8106243801077));
#4439=CARTESIAN_POINT('Ctrl Pts',(121.074691282913,18.1241036929789,-11.1632794670948));
#4440=CARTESIAN_POINT('Ctrl Pts',(122.011025435481,17.9644162342203,-11.5152730892502));
#4441=CARTESIAN_POINT('Ctrl Pts',(122.775517806803,17.8340355964087,-11.802666684959));
#4442=CARTESIAN_POINT('Ctrl Pts',(123.539323215815,17.6921185175859,-12.0898020354692));
#4443=CARTESIAN_POINT('Ctrl Pts',(124.301570299242,17.540454825581,-12.3763515719518));
#4444=CARTESIAN_POINT('Ctrl Pts',(124.961970521467,17.4090555220202,-12.6246140864123));
#4445=CARTESIAN_POINT('Ctrl Pts',(125.621201000744,17.2703419179784,-12.8724368643546));
#4446=CARTESIAN_POINT('Ctrl Pts',(126.278700945937,17.1255086326161,-13.1196090862193));
#4447=CARTESIAN_POINT('Ctrl Pts',(127.085381109685,16.9478141108045,-13.422862234551));
#4448=CARTESIAN_POINT('Ctrl Pts',(127.890202199943,16.7607754298729,-13.72541650312));
#4449=CARTESIAN_POINT('Ctrl Pts',(128.692809826052,16.5663926090241,-14.0271386701359));
#4450=CARTESIAN_POINT('Ctrl Pts',(129.299450955812,16.4194707381,-14.255191669283));
#4451=CARTESIAN_POINT('Ctrl Pts',(129.905139969036,16.2683030231688,-14.4828867416673));
#4452=CARTESIAN_POINT('Ctrl Pts',(130.510081325753,16.1136572237643,-14.7103007495419));
#4453=CARTESIAN_POINT('Ctrl Pts',(130.687429768535,16.0683202809308,-14.7769708816389));
#4454=CARTESIAN_POINT('Ctrl Pts',(130.864708237367,16.0226856569064,-14.8436147086139));
#4455=CARTESIAN_POINT('Ctrl Pts',(131.041921407534,15.9767731300323,-14.9102339880339));
#4456=CARTESIAN_POINT('Ctrl Pts',(131.566822352224,15.8407813823159,-15.1075586150305));
#4457=CARTESIAN_POINT('Ctrl Pts',(132.091245893013,15.702757978633,-15.3047037728606));
#4458=CARTESIAN_POINT('Ctrl Pts',(132.615054933808,15.5621157911568,-15.5016179232418));
#4459=CARTESIAN_POINT('Ctrl Pts',(132.871254918144,15.4933263594709,-15.5979305072446));
#4460=CARTESIAN_POINT('Ctrl Pts',(133.127306446586,15.4239057683058,-15.6941872826474));
#4461=CARTESIAN_POINT('Ctrl Pts',(133.383193918661,15.353786997187,-15.7903823847924));
#4462=CARTESIAN_POINT('Ctrl Pts',(133.827105361129,15.2321455405769,-15.9572608419726));
#4463=CARTESIAN_POINT('Ctrl Pts',(134.270462668255,15.1081459603131,-16.123930984506));
#4464=CARTESIAN_POINT('Ctrl Pts',(134.713007422678,14.9806837611577,-16.2902956662222));
#4465=CARTESIAN_POINT('Ctrl Pts',(135.369718084356,14.7915372752717,-16.537171172299));
#4466=CARTESIAN_POINT('Ctrl Pts',(136.024390060325,14.5948238534202,-16.7832802806434));
#4467=CARTESIAN_POINT('Ctrl Pts',(136.676525905693,14.3868014975101,-17.0284359880835));
#4468=CARTESIAN_POINT('Ctrl Pts',(137.127545522535,14.2429324494832,-17.197986602456));
#4469=CARTESIAN_POINT('Ctrl Pts',(137.577351994669,14.0936538231604,-17.3670811625361));
#4470=CARTESIAN_POINT('Ctrl Pts',(138.025777443886,13.9377128730976,-17.5356565582005));
#4471=CARTESIAN_POINT('Ctrl Pts',(138.306566488521,13.8400678565981,-17.6412128427071));
#4472=CARTESIAN_POINT('Ctrl Pts',(138.586925065904,13.7397263373701,-17.7466073027487));
#4473=CARTESIAN_POINT('Ctrl Pts',(138.866323886336,13.6365524331411,-17.8516409637699));
#4474=CARTESIAN_POINT('Ctrl Pts',(139.310561893768,13.4725081842683,-18.0186421852253));
#4475=CARTESIAN_POINT('Ctrl Pts',(139.752594025492,13.3012163013722,-18.1848141576494));
#4476=CARTESIAN_POINT('Ctrl Pts',(140.19028541206,13.122082163783,-18.3493543254066));
#4477=CARTESIAN_POINT('Ctrl Pts',(140.227917180072,13.1066805942852,-18.3635011366342));
#4478=CARTESIAN_POINT('Ctrl Pts',(140.265516834068,13.091221037444,-18.3776358753257));
#4479=CARTESIAN_POINT('Ctrl Pts',(140.303083001659,13.0757031062252,-18.3917580255629));
#4480=CARTESIAN_POINT('Ctrl Pts',(140.745434156255,12.8929755289486,-18.5580499276464));
#4481=CARTESIAN_POINT('Ctrl Pts',(141.183793904357,12.7019486434651,-18.7228413510146));
#4482=CARTESIAN_POINT('Ctrl Pts',(141.617656049509,12.5014305123845,-18.8859420024941));
#4483=CARTESIAN_POINT('Ctrl Pts',(141.915345970361,12.363847118125,-18.9978517889835));
#4484=CARTESIAN_POINT('Ctrl Pts',(142.21091802117,12.2217945679087,-19.1089654102287));
#4485=CARTESIAN_POINT('Ctrl Pts',(142.504201708653,12.0748755872605,-19.2192187730986));
#4486=CARTESIAN_POINT('Ctrl Pts',(142.909346830718,11.8719201864361,-19.3715239099487));
#4487=CARTESIAN_POINT('Ctrl Pts',(143.31011498899,11.6596620480028,-19.5221836263669));
#4488=CARTESIAN_POINT('Ctrl Pts',(143.70606687047,11.4370701307798,-19.6710327725023));
#4489=CARTESIAN_POINT('Ctrl Pts',(144.093327529832,11.219364150169,-19.8166146504374));
#4490=CARTESIAN_POINT('Ctrl Pts',(144.475981130004,10.9917732514103,-19.9604646087131));
#4491=CARTESIAN_POINT('Ctrl Pts',(144.853592921285,10.7532909925564,-20.102419213019));
#4492=CARTESIAN_POINT('Ctrl Pts',(145.219751871443,10.5220418219813,-20.2400683809814));
#4493=CARTESIAN_POINT('Ctrl Pts',(145.581170255771,10.2805520221134,-20.3759354404893));
#4494=CARTESIAN_POINT('Ctrl Pts',(145.937428101602,10.0278623723462,-20.5098625123639));
#4495=CARTESIAN_POINT('Ctrl Pts',(146.160602462937,9.86956732884653,-20.5937598610985));
#4496=CARTESIAN_POINT('Ctrl Pts',(146.381751215374,9.7068763237556,-20.6768957280205));
#4497=CARTESIAN_POINT('Ctrl Pts',(146.600766025747,9.53954456884322,-20.7592293877344));
#4498=CARTESIAN_POINT('',(146.600766025747,-10.,-20.7592293877345));
#4499=CARTESIAN_POINT('Ctrl Pts',(107.805127786829,20.,-6.03036184427531));
#4500=CARTESIAN_POINT('Ctrl Pts',(110.028550270643,20.,0.0784412239121657));
#4501=CARTESIAN_POINT('Ctrl Pts',(111.168578144312,20.,-7.25455765883096));
#4502=CARTESIAN_POINT('Ctrl Pts',(113.392000628126,20.,-1.14575459064348));
#4503=CARTESIAN_POINT('Ctrl Pts',(119.500183694845,19.7904852959806,-10.2870140828721));
#4504=CARTESIAN_POINT('Ctrl Pts',(121.723606178659,19.7904852959806,-4.17821101468459));
#4505=CARTESIAN_POINT('Ctrl Pts',(133.005275235618,16.7353776222781,-15.2024654147538));
#4506=CARTESIAN_POINT('Ctrl Pts',(135.228697719432,16.7353776222781,-9.09366234656635));
#4507=CARTESIAN_POINT('Ctrl Pts',(143.196414730573,13.6078088219291,-18.911736844172));
#4508=CARTESIAN_POINT('Ctrl Pts',(145.419837214387,13.6078088219291,-12.8029337759846));
#4509=CARTESIAN_POINT('Ctrl Pts',(147.605161399988,10.1582070306171,-20.5163894022594));
#4510=CARTESIAN_POINT('Ctrl Pts',(149.828583883802,10.1582070306171,-14.4075863340719));
#4511=CARTESIAN_POINT('',(109.824410051291,19.9999309556382,-1.0002682577096));
#4512=CARTESIAN_POINT('Ctrl Pts',(109.636029765734,20.,-1.00000000000002));
#4513=CARTESIAN_POINT('Ctrl Pts',(109.636079765685,20.,-1.0000000699322));
#4514=CARTESIAN_POINT('Ctrl Pts',(109.636129765636,19.9999999999815,-1.00000013986438));
#4515=CARTESIAN_POINT('Ctrl Pts',(109.636149746506,19.9999999999723,-1.00000016781053));
#4516=CARTESIAN_POINT('Ctrl Pts',(109.698863200682,19.9999999710432,-1.00008788167514));
#4517=CARTESIAN_POINT('Ctrl Pts',(109.761636637892,19.9999772460745,-1.00017727188763));
#4518=CARTESIAN_POINT('Ctrl Pts',(109.824410051291,19.9999309556382,-1.0002682577096));
#4519=CARTESIAN_POINT('',(149.257022845324,10.3137460917509,-15.3525655740823));
#4520=CARTESIAN_POINT('Ctrl Pts',(109.824410051291,19.9999309556382,-1.0002682577096));
#4521=CARTESIAN_POINT('Ctrl Pts',(113.131093996946,19.9971709654918,-2.20380278805398));
#4522=CARTESIAN_POINT('Ctrl Pts',(121.40692987994,19.7782934256351,-5.21596071313598));
#4523=CARTESIAN_POINT('Ctrl Pts',(134.777580039812,16.7535989404115,-10.082479384116));
#4524=CARTESIAN_POINT('Ctrl Pts',(144.888910221382,13.6569696887615,-13.7627025990447));
#4525=CARTESIAN_POINT('Ctrl Pts',(149.257022845324,10.3137460917509,-15.3525655740823));
#4526=CARTESIAN_POINT('',(147.49929610415,10.3529277932492,-20.0221486774814));
#4527=CARTESIAN_POINT('Ctrl Pts',(149.257022845324,10.3137460917509,-15.3525655740823));
#4528=CARTESIAN_POINT('Ctrl Pts',(149.022170669267,10.3189961392873,-15.9764736898193));
#4529=CARTESIAN_POINT('Ctrl Pts',(148.787318609446,10.3242401841298,-16.6003818998498));
#4530=CARTESIAN_POINT('Ctrl Pts',(148.201409550434,10.3373081094807,-18.156909484642));
#4531=CARTESIAN_POINT('Ctrl Pts',(147.850352695533,10.3451246039477,-19.0895289758513));
#4532=CARTESIAN_POINT('Ctrl Pts',(147.49929610415,10.3529277932492,-20.0221486774814));
#4533=CARTESIAN_POINT('',(110.192995396276,19.9874703845712,-6.00409140033763));
#4534=CARTESIAN_POINT('Ctrl Pts',(147.49929610415,10.3529277932492,-20.0221486774814));
#4535=CARTESIAN_POINT('Ctrl Pts',(147.015587960971,10.7224346595618,-19.8405383252924));
#4536=CARTESIAN_POINT('Ctrl Pts',(146.521809596785,11.0703196306141,-19.6551389158939));
#4537=CARTESIAN_POINT('Ctrl Pts',(146.018998459998,11.3988065906804,-19.4663374444004));
#4538=CARTESIAN_POINT('Ctrl Pts',(145.47681697475,11.7530142341937,-19.2627527289035));
#4539=CARTESIAN_POINT('Ctrl Pts',(144.924132656585,12.0846670020158,-19.0552122763025));
#4540=CARTESIAN_POINT('Ctrl Pts',(144.362219091381,12.3964973098847,-18.8441914128764));
#4541=CARTESIAN_POINT('Ctrl Pts',(144.016426961846,12.5883924213193,-18.7143327330741));
#4542=CARTESIAN_POINT('Ctrl Pts',(143.667139226062,12.7727797553573,-18.5831558436398));
#4543=CARTESIAN_POINT('Ctrl Pts',(143.314648655742,12.9502875264907,-18.4507700497637));
#4544=CARTESIAN_POINT('Ctrl Pts',(142.647420516044,13.2862913515232,-18.20017745408));
#4545=CARTESIAN_POINT('Ctrl Pts',(141.968717823649,13.5976477896997,-17.9452542805924));
#4546=CARTESIAN_POINT('Ctrl Pts',(141.280504607097,13.888572093289,-17.6867364895249));
#4547=CARTESIAN_POINT('Ctrl Pts',(141.21756658969,13.9151775092314,-17.6630946924148));
#4548=CARTESIAN_POINT('Ctrl Pts',(141.154549019333,13.9416120122965,-17.6394228274894));
#4549=CARTESIAN_POINT('Ctrl Pts',(141.091453391175,13.9678788089295,-17.6157214550856));
#4550=CARTESIAN_POINT('Ctrl Pts',(140.760395631068,14.105698609006,-17.4913622326092));
#4551=CARTESIAN_POINT('Ctrl Pts',(140.426932545237,14.2390033042412,-17.3660942670931));
#4552=CARTESIAN_POINT('Ctrl Pts',(140.091737570464,14.3680698043223,-17.2401706564463));
#4553=CARTESIAN_POINT('Ctrl Pts',(139.727736431063,14.508228090167,-17.1034253553454));
#4554=CARTESIAN_POINT('Ctrl Pts',(139.36169320055,14.643388759115,-16.9659069713692));
#4555=CARTESIAN_POINT('Ctrl Pts',(138.994494164753,14.7739621909918,-16.82794831434));
#4556=CARTESIAN_POINT('Ctrl Pts',(138.930691735077,14.7966498927358,-16.8039773976022));
#4557=CARTESIAN_POINT('Ctrl Pts',(138.866854458247,14.8191992200686,-16.7799932059732));
#4558=CARTESIAN_POINT('Ctrl Pts',(138.802987038097,14.8416124639095,-16.7559975051632));
#4559=CARTESIAN_POINT('Ctrl Pts',(138.363107803093,14.9959810062979,-16.5907299792344));
#4560=CARTESIAN_POINT('Ctrl Pts',(137.921714608431,15.1439290566498,-16.4248853106006));
#4561=CARTESIAN_POINT('Ctrl Pts',(137.479089676796,15.2866118826776,-16.2585694005478));
#4562=CARTESIAN_POINT('Ctrl Pts',(137.00892641861,15.4381718549653,-16.0819059896781));
#4563=CARTESIAN_POINT('Ctrl Pts',(136.537373055648,15.5837905295088,-15.9047107547771));
#4564=CARTESIAN_POINT('Ctrl Pts',(136.064742579673,15.7247968943991,-15.7271014275178));
#4565=CARTESIAN_POINT('Ctrl Pts',(135.525109609829,15.885793036884,-15.5243133010362));
#4566=CARTESIAN_POINT('Ctrl Pts',(134.984072033289,16.0407759092499,-15.3209851876531));
#4567=CARTESIAN_POINT('Ctrl Pts',(134.44206959818,16.1916607481123,-15.1172828164978));
#4568=CARTESIAN_POINT('Ctrl Pts',(134.341247918038,16.2197278968494,-15.0793907075728));
#4569=CARTESIAN_POINT('Ctrl Pts',(134.240392801361,16.2476531080265,-15.0414856301922));
#4570=CARTESIAN_POINT('Ctrl Pts',(134.139507021639,16.275448544575,-15.0035686303454));
#4571=CARTESIAN_POINT('Ctrl Pts',(133.694012217934,16.3981885638643,-14.8361334729779));
#4572=CARTESIAN_POINT('Ctrl Pts',(133.247881627579,16.5184089505308,-14.6684495336994));
#4573=CARTESIAN_POINT('Ctrl Pts',(132.801451655187,16.6371238609445,-14.5006492087409));
#4574=CARTESIAN_POINT('Ctrl Pts',(132.463525665936,16.7269853308756,-14.3736324439288));
#4575=CARTESIAN_POINT('Ctrl Pts',(132.125428197925,16.8159842723089,-14.246549014739));
#4576=CARTESIAN_POINT('Ctrl Pts',(131.787064288844,16.9040049193704,-14.119368675338));
#4577=CARTESIAN_POINT('Ctrl Pts',(131.001691876736,17.1083085878253,-13.8241719145503));
#4578=CARTESIAN_POINT('Ctrl Pts',(130.215067708809,17.3072969812554,-13.5285118567498));
#4579=CARTESIAN_POINT('Ctrl Pts',(129.426797412847,17.4992925921601,-13.2322404661105));
#4580=CARTESIAN_POINT('Ctrl Pts',(128.343222138299,17.7632143685659,-12.8249786993059));
#4581=CARTESIAN_POINT('Ctrl Pts',(127.255941763358,18.0140663543483,-12.4163384590695));
#4582=CARTESIAN_POINT('Ctrl Pts',(126.165008065023,18.2470911160619,-12.006339517011));
#4583=CARTESIAN_POINT('Ctrl Pts',(124.081448400656,18.692141988582,-11.2232880268877));
#4584=CARTESIAN_POINT('Ctrl Pts',(121.984563032952,19.0721573361547,-10.4352805919563));
#4585=CARTESIAN_POINT('Ctrl Pts',(119.87466836942,19.3536995334182,-9.64243882847985));
#4586=CARTESIAN_POINT('Ctrl Pts',(119.267462480582,19.4347244694444,-9.41426715904984));
#4587=CARTESIAN_POINT('Ctrl Pts',(118.659723824672,19.5075200755407,-9.18590076988001));
#4588=CARTESIAN_POINT('Ctrl Pts',(118.051504970443,19.5713392887621,-8.95735335199326));
#4589=CARTESIAN_POINT('Ctrl Pts',(117.049733878529,19.6764531675401,-8.58092273860697));
#4590=CARTESIAN_POINT('Ctrl Pts',(116.046659133817,19.7572168616434,-8.20400067719793));
#4591=CARTESIAN_POINT('Ctrl Pts',(115.042389099016,19.8187379567,-7.82660229104471));
#4592=CARTESIAN_POINT('Ctrl Pts',(114.004516539817,19.8823175260972,-7.43657628678119));
#4593=CARTESIAN_POINT('Ctrl Pts',(112.965461595079,19.9253421487845,-7.04608669403673));
#4594=CARTESIAN_POINT('Ctrl Pts',(111.925542556685,19.9534614500152,-6.65525329651456));
#4595=CARTESIAN_POINT('Ctrl Pts',(111.348272988525,19.9690707583163,-6.43829772758969));
#4596=CARTESIAN_POINT('Ctrl Pts',(110.770737662768,19.9800870109656,-6.22123640197077));
#4597=CARTESIAN_POINT('Ctrl Pts',(110.192995396275,19.9874703845712,-6.00409140033669));
#4598=CARTESIAN_POINT('Ctrl Pts',(110.192995396275,19.9874703845712,-6.00409140033669));
#4599=CARTESIAN_POINT('Ctrl Pts',(109.400752080175,19.9963832870903,-6.00247004398619));
#4600=CARTESIAN_POINT('Ctrl Pts',(108.608462495261,20.,-6.00110811755763));
#4601=CARTESIAN_POINT('Ctrl Pts',(107.816178594403,20.,-6.00000000000002));
#4602=CARTESIAN_POINT('Ctrl Pts',(146.545836561345,-9.06110194920921,-20.1376194403864));
#4603=CARTESIAN_POINT('Ctrl Pts',(148.771878821636,-9.06110194920921,-14.0216185954828));
#4604=CARTESIAN_POINT('Ctrl Pts',(142.361015376272,-6.13943096732035,-18.6144690932935));
#4605=CARTESIAN_POINT('Ctrl Pts',(144.587057636564,-6.13943096732035,-12.4984682483898));
#4606=CARTESIAN_POINT('Ctrl Pts',(129.336694063843,-2.14309029029042,-13.8740038140502));
#4607=CARTESIAN_POINT('Ctrl Pts',(131.562736324135,-2.14309029029042,-7.75800296914659));
#4608=CARTESIAN_POINT('Ctrl Pts',(116.239067334118,0.311924073562536,-9.10685754490096));
#4609=CARTESIAN_POINT('Ctrl Pts',(118.46510959441,0.311924073562536,-2.99085669999732));
#4610=CARTESIAN_POINT('Ctrl Pts',(107.81919280938,0.000603051361785558,
-6.04227384164014));
#4611=CARTESIAN_POINT('Ctrl Pts',(110.045235069672,0.000603051361785558,
0.0737270032634973));
#4612=CARTESIAN_POINT('',(109.853573869496,0.00695653605873244,-1.01088301945381));
#4613=CARTESIAN_POINT('',(109.650107809043,0.000603051361790945,-1.01187622312674));
#4614=CARTESIAN_POINT('Origin',(138.581525013725,-64.1267522725991,-1.26039488702755));
#4615=CARTESIAN_POINT('',(109.650107809043,0.000603051361790924,-1.01187622312676));
#4616=CARTESIAN_POINT('',(110.183410656076,0.0406278844591764,-6.00060284020774));
#4617=CARTESIAN_POINT('Ctrl Pts',(107.830256637712,0.000603051361790258,
-6.01187622312676));
#4618=CARTESIAN_POINT('Ctrl Pts',(108.614386789066,0.0261588247937487,-6.00804215713385));
#4619=CARTESIAN_POINT('Ctrl Pts',(109.398864113788,0.039330876817501,-6.00428014794479));
#4620=CARTESIAN_POINT('Ctrl Pts',(110.183410655718,0.0406280981900386,-6.00060284007101));
#4621=CARTESIAN_POINT('',(146.446425659684,-8.8901270781789,-19.638935175157));
#4622=CARTESIAN_POINT('Ctrl Pts',(110.183410657131,0.0406272459396959,-6.00060284058519));
#4623=CARTESIAN_POINT('Ctrl Pts',(111.349112446345,0.0428136767693527,-6.43902645638016));
#4624=CARTESIAN_POINT('Ctrl Pts',(112.511583744293,0.0109511252186761,-6.87622681834784));
#4625=CARTESIAN_POINT('Ctrl Pts',(113.671144984246,-0.0515964877673914,
-7.31232354103771));
#4626=CARTESIAN_POINT('Ctrl Pts',(114.836566237812,-0.114460194333404,-7.75062414278381));
#4627=CARTESIAN_POINT('Ctrl Pts',(115.999047944571,-0.208319905691407,-8.18780992163426));
#4628=CARTESIAN_POINT('Ctrl Pts',(117.15891054077,-0.329812928685937,-8.62400049432764));
#4629=CARTESIAN_POINT('Ctrl Pts',(117.893763877678,-0.406787178610939,-8.90035745154107));
#4630=CARTESIAN_POINT('Ctrl Pts',(118.627565779584,-0.49485476847191,-9.17631488655192));
#4631=CARTESIAN_POINT('Ctrl Pts',(119.36039674,-0.593171256099602,-9.45190284727994));
#4632=CARTESIAN_POINT('Ctrl Pts',(119.418297372075,-0.600939195889932,-9.4736769234042));
#4633=CARTESIAN_POINT('Ctrl Pts',(119.476191924098,-0.608770982161979,-9.49544868648827));
#4634=CARTESIAN_POINT('Ctrl Pts',(119.534080430667,-0.616666171865804,-9.51721814952619));
#4635=CARTESIAN_POINT('Ctrl Pts',(120.586475369273,-0.760198250615405,-9.91298017682518));
#4636=CARTESIAN_POINT('Ctrl Pts',(121.636850404839,-0.924677721223639,-10.307973794656));
#4637=CARTESIAN_POINT('Ctrl Pts',(122.685525253562,-1.10748367836689,-10.7023191276607));
#4638=CARTESIAN_POINT('Ctrl Pts',(123.1387217898,-1.18648531236413,-10.8727398631411));
#4639=CARTESIAN_POINT('Ctrl Pts',(123.591600751714,-1.26891033819027,-11.0430395070076));
#4640=CARTESIAN_POINT('Ctrl Pts',(124.04418776267,-1.35455018423185,-11.2132276861312));
#4641=CARTESIAN_POINT('Ctrl Pts',(124.085589715089,-1.36238438350227,-11.2287962347724));
#4642=CARTESIAN_POINT('Ctrl Pts',(124.126988250525,-1.37024535381298,-11.2443634844224));
#4643=CARTESIAN_POINT('Ctrl Pts',(124.168383264928,-1.37813289371446,-11.259929395969));
#4644=CARTESIAN_POINT('Ctrl Pts',(125.135692149761,-1.56244705657565,-11.623669927456));
#4645=CARTESIAN_POINT('Ctrl Pts',(126.101063220709,-1.76126216595634,-11.9866740759605));
#4646=CARTESIAN_POINT('Ctrl Pts',(127.063351416302,-1.97207001855281,-12.3485115003311));
#4647=CARTESIAN_POINT('Ctrl Pts',(127.61365280443,-2.09262418771273,-12.5554345799446));
#4648=CARTESIAN_POINT('Ctrl Pts',(128.162946215421,-2.21710144393997,-12.7619761864721));
#4649=CARTESIAN_POINT('Ctrl Pts',(128.711018608542,-2.34504007805231,-12.9680562517231));
#4650=CARTESIAN_POINT('Ctrl Pts',(128.731343154835,-2.34978451459825,-12.9756984608162));
#4651=CARTESIAN_POINT('Ctrl Pts',(128.751666753887,-2.35453376294898,-12.9833403067528));
#4652=CARTESIAN_POINT('Ctrl Pts',(128.771989399573,-2.35928780481048,-12.9909817873871));
#4653=CARTESIAN_POINT('Ctrl Pts',(129.563804854014,-2.5445158442699,-13.2887108603973));
#4654=CARTESIAN_POINT('Ctrl Pts',(130.353661017185,-2.73689556714627,-13.5856926490363));
#4655=CARTESIAN_POINT('Ctrl Pts',(131.141809608456,-2.93549217808782,-13.8820311318495));
#4656=CARTESIAN_POINT('Ctrl Pts',(131.873235805569,-3.11979595723481,-14.1570423821938));
#4657=CARTESIAN_POINT('Ctrl Pts',(132.60319176943,-3.30945556879456,-14.4314997312917));
#4658=CARTESIAN_POINT('Ctrl Pts',(133.331869838832,-3.50376269037444,-14.7054829365298));
#4659=CARTESIAN_POINT('Ctrl Pts',(133.335344835013,-3.50468932249591,-14.7067895362914));
#4660=CARTESIAN_POINT('Ctrl Pts',(133.338819828122,-3.5056160673041,-14.7080961350423));
#4661=CARTESIAN_POINT('Ctrl Pts',(133.342294818121,-3.50654292471261,-14.7094027327684));
#4662=CARTESIAN_POINT('Ctrl Pts',(133.922220671851,-3.6612220961996,-14.9274551018643));
#4663=CARTESIAN_POINT('Ctrl Pts',(134.501152945582,-3.81947533922235,-15.1451467688875));
#4664=CARTESIAN_POINT('Ctrl Pts',(135.078496898634,-3.98348669488425,-15.3622542350785));
#4665=CARTESIAN_POINT('Ctrl Pts',(135.646478631123,-4.14483843927218,-15.5758410824538));
#4666=CARTESIAN_POINT('Ctrl Pts',(136.212923151259,-4.31176301128395,-15.7888625272938));
#4667=CARTESIAN_POINT('Ctrl Pts',(136.777250097774,-4.48638782707704,-16.0011004773793));
#4668=CARTESIAN_POINT('Ctrl Pts',(137.133281921999,-4.59655799014641,-16.1350006304831));
#4669=CARTESIAN_POINT('Ctrl Pts',(137.488470606357,-4.70979404089422,-16.268588823241));
#4670=CARTESIAN_POINT('Ctrl Pts',(137.842667410835,-4.82664043347968,-16.4018091616368));
#4671=CARTESIAN_POINT('Ctrl Pts',(137.861449625418,-4.83283651992378,-16.4088735195048));
#4672=CARTESIAN_POINT('Ctrl Pts',(137.880229060724,-4.83904276371316,-16.4159368466851));
#4673=CARTESIAN_POINT('Ctrl Pts',(137.899005694272,-4.84525924667035,-16.4229991347297));
#4674=CARTESIAN_POINT('Ctrl Pts',(138.44019483185,-5.02443369995172,-16.626551787897));
#4675=CARTESIAN_POINT('Ctrl Pts',(138.979058205569,-5.21206010818807,-16.8292420094519));
#4676=CARTESIAN_POINT('Ctrl Pts',(139.515013281678,-5.41026283581653,-17.0308506521126));
#4677=CARTESIAN_POINT('Ctrl Pts',(140.04372427145,-5.60578661191541,-17.2297343081494));
#4678=CARTESIAN_POINT('Ctrl Pts',(140.569605061099,-5.81160269630041,-17.4275654293479));
#4679=CARTESIAN_POINT('Ctrl Pts',(141.092082436718,-6.02979865530707,-17.6241283763254));
#4680=CARTESIAN_POINT('Ctrl Pts',(141.479065433904,-6.19140972237036,-17.7697165336439));
#4681=CARTESIAN_POINT('Ctrl Pts',(141.864181064978,-6.35981325496765,-17.9146088752708));
#4682=CARTESIAN_POINT('Ctrl Pts',(142.247191301965,-6.53587513256985,-18.0587158571932));
#4683=CARTESIAN_POINT('Ctrl Pts',(142.265355412981,-6.54422479840545,-18.0655500745719));
#4684=CARTESIAN_POINT('Ctrl Pts',(142.283514391255,-6.5525915090803,-18.0723823760092));
#4685=CARTESIAN_POINT('Ctrl Pts',(142.301668242832,-6.56097536995429,-18.0792127637795));
#4686=CARTESIAN_POINT('Ctrl Pts',(142.659178960869,-6.72608193746886,-18.2137261933917));
#4687=CARTESIAN_POINT('Ctrl Pts',(143.015026538103,-6.89803922010848,-18.3476197552206));
#4688=CARTESIAN_POINT('Ctrl Pts',(143.36872851385,-7.07749284859845,-18.4807116287029));
#4689=CARTESIAN_POINT('Ctrl Pts',(143.722430489596,-7.25694647708842,-18.6138035021851));
#4690=CARTESIAN_POINT('Ctrl Pts',(144.073987523019,-7.44389599275616,-18.7460939356338));
#4691=CARTESIAN_POINT('Ctrl Pts',(144.422888362776,-7.63903580847315,-18.8773902997484));
#4692=CARTESIAN_POINT('Ctrl Pts',(144.768616671319,-7.83240123133645,-19.007492795101));
#4693=CARTESIAN_POINT('Ctrl Pts',(145.110151018541,-8.03291264866158,-19.1360224143408));
#4694=CARTESIAN_POINT('Ctrl Pts',(145.447432644926,-8.24120696619263,-19.2629563532625));
#4695=CARTESIAN_POINT('Ctrl Pts',(145.762409296364,-8.43572644640504,-19.3814959472036));
#4696=CARTESIAN_POINT('Ctrl Pts',(146.073676947357,-8.63703364543003,-19.4986438726705));
#4697=CARTESIAN_POINT('Ctrl Pts',(146.381159763393,-8.84568873614537,-19.6143710265423));
#4698=CARTESIAN_POINT('Ctrl Pts',(146.402934064685,-8.8604645823854,-19.6225662094422));
#4699=CARTESIAN_POINT('Ctrl Pts',(146.424689374248,-8.87527729401245,-19.6307542631119));
#4700=CARTESIAN_POINT('Ctrl Pts',(146.446425659684,-8.89012707817889,-19.638935175157));
#4701=CARTESIAN_POINT('',(148.20036636878,-8.92256309639179,-14.9679740687756));
#4702=CARTESIAN_POINT('Ctrl Pts',(146.446425659684,-8.8901270781789,-19.638935175157));
#4703=CARTESIAN_POINT('Ctrl Pts',(146.680776291719,-8.89445058166344,-19.0148313912844));
#4704=CARTESIAN_POINT('Ctrl Pts',(146.915126789624,-8.89877823980847,-18.3907275858139));
#4705=CARTESIAN_POINT('Ctrl Pts',(147.499773857543,-8.90958508652908,-16.8337405763972));
#4706=CARTESIAN_POINT('Ctrl Pts',(147.850070262321,-8.91606941754983,-15.9008573460378));
#4707=CARTESIAN_POINT('Ctrl Pts',(148.20036636878,-8.92256309639179,-14.9679740687756));
#4708=CARTESIAN_POINT('Ctrl Pts',(148.20036636878,-8.9225630963918,-14.9679740687756));
#4709=CARTESIAN_POINT('Ctrl Pts',(144.060688288008,-6.09181572744169,-13.4612544679305));
#4710=CARTESIAN_POINT('Ctrl Pts',(131.171474865619,-2.14616100882966,-8.76996443907636));
#4711=CARTESIAN_POINT('Ctrl Pts',(118.210473825814,0.290080793721905,-4.05254585429403));
#4712=CARTESIAN_POINT('Ctrl Pts',(109.853573869496,0.00695653605873396,
-1.01088301945386));
#4713=CARTESIAN_POINT('Origin',(110.,1.,-1.));
#4714=CARTESIAN_POINT('Origin',(3.,1.,-1.));
#4715=CARTESIAN_POINT('Origin',(109.617478154174,1.,-1.));
#4716=CARTESIAN_POINT('Origin',(110.,1.,-6.00000000000001));
#4717=CARTESIAN_POINT('',(1.70710678118791,0.292893218812802,-6.7071067811874));
#4718=CARTESIAN_POINT('Ctrl Pts',(3.00000000000001,0.,-6.00000000000001));
#4719=CARTESIAN_POINT('Ctrl Pts',(2.61178848060777,0.,-6.22413402522363));
#4720=CARTESIAN_POINT('Ctrl Pts',(2.19634187411107,0.0789544201530254,-6.46553906795401));
#4721=CARTESIAN_POINT('Ctrl Pts',(1.77461529244989,0.261421255612752,-6.67453897538777));
#4722=CARTESIAN_POINT('Ctrl Pts',(1.74074183349204,0.276829378501581,-6.69104294087466));
#4723=CARTESIAN_POINT('Ctrl Pts',(1.70710678118742,0.292893218813039,-6.70710678118614));
#4724=CARTESIAN_POINT('Ctrl Pts',(1.70710678118754,0.292893218813927,-6.70710678118703));
#4725=CARTESIAN_POINT('Ctrl Pts',(1.74074183349212,0.308957059125384,-6.72317062149846));
#4726=CARTESIAN_POINT('Ctrl Pts',(1.77461529244993,0.325461024612257,-6.73857874438727));
#4727=CARTESIAN_POINT('Ctrl Pts',(2.19634187411107,0.534460932045994,-6.92104557984698));
#4728=CARTESIAN_POINT('Ctrl Pts',(2.61178848060777,0.775865974776378,-7.00000000000001));
#4729=CARTESIAN_POINT('Ctrl Pts',(3.00000000000001,1.,-7.00000000000001));
#4730=CARTESIAN_POINT('Ctrl Pts',(149.050371726118,-8.08127470555677,-14.2131729453374));
#4731=CARTESIAN_POINT('Ctrl Pts',(148.542386512106,-8.92256309639179,-14.0282814479897));
#4732=CARTESIAN_POINT('Ctrl Pts',(148.20036636878,-8.9225630963918,-14.9679740687756));
#4733=CARTESIAN_POINT('Ctrl Pts',(147.616844308389,-7.10101636588796,-13.6914116352796));
#4734=CARTESIAN_POINT('Ctrl Pts',(147.160204569003,-7.9774152324746,-13.5252083623286));
#4735=CARTESIAN_POINT('Ctrl Pts',(146.818184426091,-7.97741523191008,-14.4649009832918));
#4736=CARTESIAN_POINT('Ctrl Pts',(146.122471894083,-6.28779455580823,-13.1475045575636));
#4737=CARTESIAN_POINT('Ctrl Pts',(145.712960682854,-7.18901612135704,-12.9984546660795));
#4738=CARTESIAN_POINT('Ctrl Pts',(145.370940539741,-7.18901612082673,-13.93814728694));
#4739=CARTESIAN_POINT('Ctrl Pts',(143.054188050171,-4.89015308340163,-12.0307405680999));
#4740=CARTESIAN_POINT('Ctrl Pts',(142.724146468702,-5.8275740542881,-11.9106152563734));
#4741=CARTESIAN_POINT('Ctrl Pts',(142.382126325163,-5.8275740548184,-12.8503078770848));
#4742=CARTESIAN_POINT('Ctrl Pts',(141.479662902751,-4.30576043661323,-11.4576602813355));
#4743=CARTESIAN_POINT('Ctrl Pts',(141.18203029279,-5.25465981698307,-11.3493308705647));
#4744=CARTESIAN_POINT('Ctrl Pts',(140.840010149612,-5.2546598164685,-12.2890234914013));
#4745=CARTESIAN_POINT('Ctrl Pts',(138.283111488484,-3.27157217583824,-10.2942107142407));
#4746=CARTESIAN_POINT('Ctrl Pts',(138.034076968547,-4.23619461766303,-10.2035695616768));
#4747=CARTESIAN_POINT('Ctrl Pts',(137.692056825074,-4.23619461817761,-11.1432621824121));
#4748=CARTESIAN_POINT('Ctrl Pts',(136.66097829316,-2.82207954963871,-9.70380251512747));
#4749=CARTESIAN_POINT('Ctrl Pts',(136.428249025978,-3.79096535062027,-9.61909598923259));
#4750=CARTESIAN_POINT('Ctrl Pts',(136.086228882778,-3.79096535007258,-10.5587886100689));
#4751=CARTESIAN_POINT('Ctrl Pts',(133.400935477769,-1.96779766455301,-8.51724396789188));
#4752=CARTESIAN_POINT('Ctrl Pts',(133.184302656963,-2.94090147840634,-8.43839606935139));
#4753=CARTESIAN_POINT('Ctrl Pts',(132.842282513511,-2.94090147895403,-9.37808869008688));
#4754=CARTESIAN_POINT('Ctrl Pts',(131.767020876063,-1.56382135560567,-7.92254768753784));
#4755=CARTESIAN_POINT('Ctrl Pts',(131.560099633527,-2.53935730524425,-7.84723451441207));
#4756=CARTESIAN_POINT('Ctrl Pts',(131.218079490178,-2.53935730535768,-8.78692713519404));
#4757=CARTESIAN_POINT('Ctrl Pts',(126.848759655104,-0.451541526336908,-6.13244699876305));
#4758=CARTESIAN_POINT('Ctrl Pts',(126.676594229662,-1.43493761037568,-6.06978390854342));
#4759=CARTESIAN_POINT('Ctrl Pts',(126.334574086384,-1.4349376101488,-7.00947652933721));
#4760=CARTESIAN_POINT('Ctrl Pts',(123.547847780112,0.157301785201081,-4.93101333033029));
#4761=CARTESIAN_POINT('Ctrl Pts',(123.406230005497,-0.832113308361759,-4.87946867570595));
#4762=CARTESIAN_POINT('Ctrl Pts',(123.064209862148,-0.832113308578698,-5.81916129649553));
#4763=CARTESIAN_POINT('Ctrl Pts',(118.542863846104,0.748262205645698,-3.10934815537061));
#4764=CARTESIAN_POINT('Ctrl Pts',(118.458233128405,-0.247881599822393,-3.07854509323436));
#4765=CARTESIAN_POINT('Ctrl Pts',(118.116212985091,-0.247881599713929,-4.01823771401842));
#4766=CARTESIAN_POINT('Ctrl Pts',(116.864654298126,0.891226129799853,-2.49852983304544));
#4767=CARTESIAN_POINT('Ctrl Pts',(116.800885619628,-0.106752940877046,-2.47531993220051));
#4768=CARTESIAN_POINT('Ctrl Pts',(116.458865476299,-0.106752940969738,-3.41501255298273));
#4769=CARTESIAN_POINT('Ctrl Pts',(113.514826306951,1.04846171436774,-1.27929215434599));
#4770=CARTESIAN_POINT('Ctrl Pts',(113.495780193568,0.0483834377956321,-1.27235993598936));
#4771=CARTESIAN_POINT('Ctrl Pts',(113.153760050246,0.0483834378883143,-2.21205255677894));
#4772=CARTESIAN_POINT('Ctrl Pts',(111.840135976177,1.06317877440835,-0.669754722330692));
#4773=CARTESIAN_POINT('Ctrl Pts',(111.844978440724,0.0628361975250199,-0.671517235240726));
#4774=CARTESIAN_POINT('Ctrl Pts',(111.502958297383,0.0628361976779312,-1.61120985603768));
#4775=CARTESIAN_POINT('Ctrl Pts',(110.165693162615,1.00645015737127,-0.0603073792132606));
#4776=CARTESIAN_POINT('Ctrl Pts',(110.19559401282,0.006956536058653,-0.0711903986670484));
#4777=CARTESIAN_POINT('Ctrl Pts',(109.853573869494,0.00695653605865365,
-1.01088301945296));
#4778=CARTESIAN_POINT('Origin',(109.823673019289,1.00645015737127,-0.999999999999168));
#4779=CARTESIAN_POINT('Origin',(148.708351582792,-8.08127470555678,-15.1528655661233));
#4780=CARTESIAN_POINT('Ctrl Pts',(107.826365677619,0.119777270577797,-6.47368980781844));
#4781=CARTESIAN_POINT('Ctrl Pts',(107.830161470612,0.00351787556312153,
-6.2574232839326));
#4782=CARTESIAN_POINT('Ctrl Pts',(107.83025663771,0.000603051361740227,
-6.01187622312676));
#4783=CARTESIAN_POINT('Ctrl Pts',(108.617206003701,0.144300811577542,-6.47127991155555));
#4784=CARTESIAN_POINT('Ctrl Pts',(108.619601388942,0.0283054696047286,-6.25417075184425));
#4785=CARTESIAN_POINT('Ctrl Pts',(108.619260963554,0.0263176801810744,-6.00801832447812));
#4786=CARTESIAN_POINT('Ctrl Pts',(109.408263774936,0.156236472828453,-6.46891003240007));
#4787=CARTESIAN_POINT('Ctrl Pts',(109.409454401629,0.0405357476842459,-6.25097384626767));
#4788=CARTESIAN_POINT('Ctrl Pts',(109.409097251874,0.0394895134351637,-6.00423116959682));
#4789=CARTESIAN_POINT('Ctrl Pts',(110.197350094529,0.156178371843147,-6.46659420590278));
#4790=CARTESIAN_POINT('Ctrl Pts',(110.197520258066,0.0407828858156659,-6.24785139014205));
#4791=CARTESIAN_POINT('Ctrl Pts',(110.197520453802,0.0406501486636575,-6.00053671411394));
#4792=CARTESIAN_POINT('Ctrl Pts',(107.826411501211,0.118373763369765,-6.47106992288373));
#4793=CARTESIAN_POINT('Ctrl Pts',(107.829490236727,0.118117273285861,-6.47040164231218));
#4794=CARTESIAN_POINT('Ctrl Pts',(107.832591001414,0.117862485652643,-6.46973372631001));
#4795=CARTESIAN_POINT('Ctrl Pts',(107.835649486422,0.117607226792156,-6.4690661743013));
#4796=CARTESIAN_POINT('Ctrl Pts',(107.848104958048,0.116567702489898,-6.46634761426876));
#4797=CARTESIAN_POINT('Ctrl Pts',(107.860565396772,0.115544528486604,-6.46363506078443));
#4798=CARTESIAN_POINT('Ctrl Pts',(107.873030390907,0.114537163756994,-6.46092835786907));
#4799=CARTESIAN_POINT('Ctrl Pts',(107.924053805418,0.11041368101758,-6.4498489122382));
#4800=CARTESIAN_POINT('Ctrl Pts',(107.975151650446,0.10655463736566,-6.43886770590863));
#4801=CARTESIAN_POINT('Ctrl Pts',(108.026311080427,0.102926627763563,-6.42797232771191));
#4802=CARTESIAN_POINT('Ctrl Pts',(108.090080379673,0.098404379762137,-6.41439143689882));
#4803=CARTESIAN_POINT('Ctrl Pts',(108.153944241096,0.0942405923876254,-6.40094418307352));
#4804=CARTESIAN_POINT('Ctrl Pts',(108.217926821916,0.090382532882578,-6.38760074253967));
#4805=CARTESIAN_POINT('Ctrl Pts',(108.262091719584,0.0877194517587653,-6.37839024058502));
#4806=CARTESIAN_POINT('Ctrl Pts',(108.306314352049,0.0852022627431795,-6.369229100837));
#4807=CARTESIAN_POINT('Ctrl Pts',(108.350616734496,0.0828162657861031,-6.3601062291834));
#4808=CARTESIAN_POINT('Ctrl Pts',(108.404536390509,0.0799123105569182,-6.34900294140883));
#4809=CARTESIAN_POINT('Ctrl Pts',(108.458546579273,0.0772058701958524,-6.33796263837253));
#4810=CARTESIAN_POINT('Ctrl Pts',(108.512509373105,0.0746803233943954,-6.32700091154088));
#4811=CARTESIAN_POINT('Ctrl Pts',(108.573680413158,0.0718174189083089,-6.31457493832056));
#4812=CARTESIAN_POINT('Ctrl Pts',(108.634790643865,0.0691868713386257,-6.30224988934253));
#4813=CARTESIAN_POINT('Ctrl Pts',(108.695707934689,0.0667692951391396,-6.29003832714494));
#4814=CARTESIAN_POINT('Ctrl Pts',(108.77292819605,0.0637047158800014,-6.27455864950733));
#4815=CARTESIAN_POINT('Ctrl Pts',(108.850038475002,0.0609682454758236,-6.25921998383215));
#4816=CARTESIAN_POINT('Ctrl Pts',(108.927326125094,0.0585155263615185,-6.2439394590979));
#4817=CARTESIAN_POINT('Ctrl Pts',(108.952449295409,0.0577182440017853,-6.23897236247969));
#4818=CARTESIAN_POINT('Ctrl Pts',(108.977591614697,0.0569510566569876,-6.23401138575347));
#4819=CARTESIAN_POINT('Ctrl Pts',(109.002764051705,0.0562127550656908,-6.22905361568236));
#4820=CARTESIAN_POINT('Ctrl Pts',(109.106181515344,0.0531795454504179,-6.20868530545888));
#4821=CARTESIAN_POINT('Ctrl Pts',(109.209668012367,0.0506458303937252,-6.18845702360091));
#4822=CARTESIAN_POINT('Ctrl Pts',(109.313171747235,0.0485515641476693,-6.16832949895132));
#4823=CARTESIAN_POINT('Ctrl Pts',(109.349672452404,0.0478130188682192,-6.16123150539632));
#4824=CARTESIAN_POINT('Ctrl Pts',(109.386175778488,0.0471292350768841,-6.15414602147881));
#4825=CARTESIAN_POINT('Ctrl Pts',(109.422680908912,0.0464979257848516,-6.14707125824028));
#4826=CARTESIAN_POINT('Ctrl Pts',(109.533232466415,0.0445860787461348,-6.12564615755204));
#4827=CARTESIAN_POINT('Ctrl Pts',(109.643820140946,0.0431546774328617,-6.10431539055872));
#4828=CARTESIAN_POINT('Ctrl Pts',(109.754408028971,0.042177268413913,-6.08303210290227));
#4829=CARTESIAN_POINT('Ctrl Pts',(109.877227659547,0.0410917515750103,-6.05939474465165));
#4830=CARTESIAN_POINT('Ctrl Pts',(110.000048183993,0.0405659952521379,-6.03581598064185));
#4831=CARTESIAN_POINT('Ctrl Pts',(110.122882561097,0.0405783922028564,-6.01222728414271));
#4832=CARTESIAN_POINT('Ctrl Pts',(110.14305805266,0.0405804283964736,-6.00835285128101));
#4833=CARTESIAN_POINT('Ctrl Pts',(110.163234026277,0.0405970159895051,-6.00447814131421));
#4834=CARTESIAN_POINT('Ctrl Pts',(110.183410655721,0.0406280981900446,-6.0006028400772));
#4835=CARTESIAN_POINT('Origin',(148.708351582792,-8.08127470555675,-15.1528655661232));
#4836=CARTESIAN_POINT('Origin',(148.708351582792,-8.08127470555677,-15.1528655661233));
#4837=CARTESIAN_POINT('Origin',(148.708351582792,-8.08127470555677,-15.1528655661233));
#4838=CARTESIAN_POINT('Origin',(110.,19.,-1.));
#4839=CARTESIAN_POINT('Origin',(3.,19.,-1.));
#4840=CARTESIAN_POINT('Origin',(109.636029765734,19.,-1.));
#4841=CARTESIAN_POINT('Ctrl Pts',(109.601523682508,1.03976749017528,-6.85020184948877));
#4842=CARTESIAN_POINT('Ctrl Pts',(109.606469320267,0.0397258766432077,-6.8520610500408));
#4843=CARTESIAN_POINT('Ctrl Pts',(109.958372955459,0.0397814482452053,-5.91596544957791));
#4844=CARTESIAN_POINT('Ctrl Pts',(112.792465038781,1.0577782069964,-8.04976401310252));
#4845=CARTESIAN_POINT('Ctrl Pts',(112.750363287073,0.0579896856409694,-8.03393681283089));
#4846=CARTESIAN_POINT('Ctrl Pts',(113.10290603391,0.057531223418242,-7.09863565735153));
#4847=CARTESIAN_POINT('Ctrl Pts',(115.965653372299,0.822955572177101,-9.24265232971988));
#4848=CARTESIAN_POINT('Ctrl Pts',(115.882859724683,-0.172859826288527,-9.21152793229168));
#4849=CARTESIAN_POINT('Ctrl Pts',(116.234959084682,-0.173863026408996,-8.27655267958891));
#4850=CARTESIAN_POINT('Ctrl Pts',(120.705573828087,0.187075459907155,-11.0245181186741));
#4851=CARTESIAN_POINT('Ctrl Pts',(120.571807213685,-0.801318497138315,-10.9742315882939));
#4852=CARTESIAN_POINT('Ctrl Pts',(120.923115570282,-0.802825370954603,-10.039577924145));
#4853=CARTESIAN_POINT('Ctrl Pts',(122.282240344667,-0.0720588798110878,
-11.6172302016489));
#4854=CARTESIAN_POINT('Ctrl Pts',(122.132999963055,-1.05768078225745,-11.5611266587988));
#4855=CARTESIAN_POINT('Ctrl Pts',(122.484167040864,-1.05935847256432,-10.6266065951734));
#4856=CARTESIAN_POINT('Ctrl Pts',(125.430149823684,-0.667695206808101,-12.800615505201));
#4857=CARTESIAN_POINT('Ctrl Pts',(125.253252743028,-1.6477678213271,-12.7341150524918));
#4858=CARTESIAN_POINT('Ctrl Pts',(125.604208489008,-1.64974189592268,-11.7998487650206));
#4859=CARTESIAN_POINT('Ctrl Pts',(126.999995560572,-1.00400505977656,-13.3907634704651));
#4860=CARTESIAN_POINT('Ctrl Pts',(126.810989621045,-1.98130318094655,-13.3197109663662));
#4861=CARTESIAN_POINT('Ctrl Pts',(127.161815929199,-1.98340377417598,-12.38554235455));
#4862=CARTESIAN_POINT('Ctrl Pts',(130.119472365518,-1.73217746082429,-14.5634601538832));
#4863=CARTESIAN_POINT('Ctrl Pts',(129.90957206903,-2.70435739772859,-14.4845528893349));
#4864=CARTESIAN_POINT('Ctrl Pts',(130.260221449758,-2.706676382939,-13.5505697176709));
#4865=CARTESIAN_POINT('Ctrl Pts',(131.67161266952,-2.12386908987298,-15.1469521624848));
#4866=CARTESIAN_POINT('Ctrl Pts',(131.454694676103,-3.09419268387265,-15.065406753611));
#4867=CARTESIAN_POINT('Ctrl Pts',(131.805271602419,-3.09658450135952,-14.131481122199));
#4868=CARTESIAN_POINT('Ctrl Pts',(134.764462701583,-2.94878194211027,-16.3096391134375));
#4869=CARTESIAN_POINT('Ctrl Pts',(134.528910315467,-3.9139190782947,-16.2210885265398));
#4870=CARTESIAN_POINT('Ctrl Pts',(134.879318106811,-3.91650134857926,-15.2873241488207));
#4871=CARTESIAN_POINT('Ctrl Pts',(136.303953489255,-3.38643182248891,-16.8883758227455));
#4872=CARTESIAN_POINT('Ctrl Pts',(136.051558370567,-4.34681725185545,-16.7934935918313));
#4873=CARTESIAN_POINT('Ctrl Pts',(136.401935241848,-4.34961592861502,-15.859919350818));
#4874=CARTESIAN_POINT('Ctrl Pts',(139.346607372075,-4.39371743751811,-18.0321926677739));
#4875=CARTESIAN_POINT('Ctrl Pts',(139.046189874321,-5.33763813341013,-17.9192575105845));
#4876=CARTESIAN_POINT('Ctrl Pts',(139.396076147612,-5.34090256473343,-16.9860789161983));
#4877=CARTESIAN_POINT('Ctrl Pts',(140.849873917363,-4.96297731695998,-18.5973116932331));
#4878=CARTESIAN_POINT('Ctrl Pts',(140.51795017553,-5.895054929095,-18.4725324768924));
#4879=CARTESIAN_POINT('Ctrl Pts',(140.867604265726,-5.89869206149609,-17.5396460989113));
#4880=CARTESIAN_POINT('Ctrl Pts',(143.059018526347,-5.98310506475444,-19.4277895964634));
#4881=CARTESIAN_POINT('Ctrl Pts',(142.66998647247,-6.88810654712727,-19.2815418030379));
#4882=CARTESIAN_POINT('Ctrl Pts',(143.018700255222,-6.89211702444403,-18.3489960324844));
#4883=CARTESIAN_POINT('Ctrl Pts',(143.789101317387,-6.3517189117641,-19.7022476935124));
#4884=CARTESIAN_POINT('Ctrl Pts',(143.379212939103,-7.24600988847584,-19.5481594371088));
#4885=CARTESIAN_POINT('Ctrl Pts',(143.72766645491,-7.25019902987258,-18.6157683188463));
#4886=CARTESIAN_POINT('Ctrl Pts',(145.224539853788,-7.15445850332024,-20.2418683145792));
#4887=CARTESIAN_POINT('Ctrl Pts',(144.770268056759,-8.02336329244262,-20.0710951166756));
#4888=CARTESIAN_POINT('Ctrl Pts',(145.118110296863,-8.02787258739768,-19.1390122104211));
#4889=CARTESIAN_POINT('Ctrl Pts',(145.923261320256,-7.58484624413997,-20.5045368316397));
#4890=CARTESIAN_POINT('Ctrl Pts',(145.44567037698,-8.43916620604029,-20.3249973285401));
#4891=CARTESIAN_POINT('Ctrl Pts',(145.793175408383,-8.44383991161242,-19.3930705877404));
#4892=CARTESIAN_POINT('Ctrl Pts',(146.600766025747,-8.04763779103413,-20.7592293877345));
#4893=CARTESIAN_POINT('Ctrl Pts',(146.09937584186,-8.88538054097241,-20.5707430990045));
#4894=CARTESIAN_POINT('Ctrl Pts',(146.446425659684,-8.89012707817891,-19.638935175157));
#4895=CARTESIAN_POINT('',(112.551394151976,0.158522997973692,-7.4812836416199));
#4896=CARTESIAN_POINT('Ctrl Pts',(110.183410655737,0.0406280981900681,-6.00060284007427));
#4897=CARTESIAN_POINT('Ctrl Pts',(110.285193405563,0.0408339036347294,-6.06234960965522));
#4898=CARTESIAN_POINT('Ctrl Pts',(110.386929739793,0.0414578098109262,-6.12409375877177));
#4899=CARTESIAN_POINT('Ctrl Pts',(110.488634925498,0.0425268692382524,-6.18590982844956));
#4900=CARTESIAN_POINT('Ctrl Pts',(110.580688785548,0.0434944801444925,-6.24185985486739));
#4901=CARTESIAN_POINT('Ctrl Pts',(110.672717510543,0.0448268892035678,-6.29786892050602));
#4902=CARTESIAN_POINT('Ctrl Pts',(110.764693513981,0.0465534005295376,-6.35397451086394));
#4903=CARTESIAN_POINT('Ctrl Pts',(110.79560502413,0.0471336504901917,-6.37283060876957));
#4904=CARTESIAN_POINT('Ctrl Pts',(110.826510205327,0.0477584906808272,-6.39169744164142));
#4905=CARTESIAN_POINT('Ctrl Pts',(110.857406772517,0.0484292681991351,-6.41057588196737));
#4906=CARTESIAN_POINT('Ctrl Pts',(110.94410476264,0.0503115181688339,-6.46355014356919));
#4907=CARTESIAN_POINT('Ctrl Pts',(111.030754153021,0.0525550552648137,-6.51662670720795));
#4908=CARTESIAN_POINT('Ctrl Pts',(111.117322819332,0.0552169228636501,-6.56983380898834));
#4909=CARTESIAN_POINT('Ctrl Pts',(111.203891485642,0.0578787904624865,-6.62304091076874));
#4910=CARTESIAN_POINT('Ctrl Pts',(111.290380147329,0.0609588605901406,-6.67637883151301));
#4911=CARTESIAN_POINT('Ctrl Pts',(111.376707610825,0.0645262218067098,-6.72985488083615));
#4912=CARTESIAN_POINT('Ctrl Pts',(111.416002011969,0.0661500077607527,-6.75419602615256));
#4913=CARTESIAN_POINT('Ctrl Pts',(111.455156519803,0.0678704061909797,-6.77849989502844));
#4914=CARTESIAN_POINT('Ctrl Pts',(111.494253554008,0.069698031272237,-6.80282344231783));
#4915=CARTESIAN_POINT('Ctrl Pts',(111.544180529967,0.0720319114590407,-6.83388465157441));
#4916=CARTESIAN_POINT('Ctrl Pts',(111.594110989624,0.0745479833591579,-6.86503887873356));
#4917=CARTESIAN_POINT('Ctrl Pts',(111.64402074673,0.0772660682847172,-6.89628383253629));
#4918=CARTESIAN_POINT('Ctrl Pts',(111.688669461387,0.0796976368855095,-6.92423522135624));
#4919=CARTESIAN_POINT('Ctrl Pts',(111.733301882493,0.0822909462401248,-6.95225941324099));
#4920=CARTESIAN_POINT('Ctrl Pts',(111.777861075173,0.0850642175110224,-6.98033334993289));
#4921=CARTESIAN_POINT('Ctrl Pts',(111.78311156908,0.0853909973073483,-6.98364135496309));
#4922=CARTESIAN_POINT('Ctrl Pts',(111.78836099371,0.0857202801757783,-6.98695002182286));
#4923=CARTESIAN_POINT('Ctrl Pts',(111.793609211886,0.0860520994831728,-6.99025928855041));
#4924=CARTESIAN_POINT('Ctrl Pts',(111.84447069388,0.0892678235939005,-7.02233002273448));
#4925=CARTESIAN_POINT('Ctrl Pts',(111.895198327281,0.0927172506592333,-7.0544424597435));
#4926=CARTESIAN_POINT('Ctrl Pts',(111.945886264961,0.0964438222862201,-7.08667566486127));
#4927=CARTESIAN_POINT('Ctrl Pts',(111.988275761638,0.0995602934394877,-7.11363176928698));
#4928=CARTESIAN_POINT('Ctrl Pts',(112.030636870393,0.102870706759307,-7.14067202154932));
#4929=CARTESIAN_POINT('Ctrl Pts',(112.072999858033,0.106405652936815,-7.16783056962068));
#4930=CARTESIAN_POINT('Ctrl Pts',(112.116779107616,0.110058777978124,-7.19589707107871));
#4931=CARTESIAN_POINT('Ctrl Pts',(112.160560840107,0.113951735602055,-7.224090014657));
#4932=CARTESIAN_POINT('Ctrl Pts',(112.204351190999,0.118125303289185,-7.2524330446202));
#4933=CARTESIAN_POINT('Ctrl Pts',(112.215004584019,0.119140656122973,-7.25932838643532));
#4934=CARTESIAN_POINT('Ctrl Pts',(112.22565834947,0.120172651877488,-7.26623254163979));
#4935=CARTESIAN_POINT('Ctrl Pts',(112.236312304199,0.121221947075914,-7.27314571325923));
#4936=CARTESIAN_POINT('Ctrl Pts',(112.246848577743,0.122259651995874,-7.27998252354178));
#4937=CARTESIAN_POINT('Ctrl Pts',(112.257388497122,0.123314147344565,-7.28682943575918));
#4938=CARTESIAN_POINT('Ctrl Pts',(112.26791930546,0.124386560696388,-7.29368196551008));
#4939=CARTESIAN_POINT('Ctrl Pts',(112.288629637799,0.126495614076471,-7.30715843986457));
#4940=CARTESIAN_POINT('Ctrl Pts',(112.309297139078,0.128674237817027,-7.32065384063971));
#4941=CARTESIAN_POINT('Ctrl Pts',(112.329922768728,0.13092778610542,-7.33417022738292));
#4942=CARTESIAN_POINT('Ctrl Pts',(112.3804857285,0.136452275460952,-7.36730514402645));
#4943=CARTESIAN_POINT('Ctrl Pts',(112.430803597116,0.142425296507871,-7.40056886631082));
#4944=CARTESIAN_POINT('Ctrl Pts',(112.480836339179,0.1489389511772,-7.43396602109276));
#4945=CARTESIAN_POINT('Ctrl Pts',(112.504422110207,0.152009531786009,-7.44970966441878));
#4946=CARTESIAN_POINT('Ctrl Pts',(112.527943897283,0.155200504671095,-7.46548261360568));
#4947=CARTESIAN_POINT('Ctrl Pts',(112.551394253391,0.15852296270548,-7.48128349852413));
#4948=CARTESIAN_POINT('Ctrl Pts',(112.551393956107,0.158523047668504,-7.48128404025039));
#4949=CARTESIAN_POINT('Ctrl Pts',(112.585625563056,0.164471087502435,-7.5061572039852));
#4950=CARTESIAN_POINT('Ctrl Pts',(112.619739070636,0.170734804454451,-7.53102400045884));
#4951=CARTESIAN_POINT('Ctrl Pts',(112.653760853483,0.177376392746689,-7.55592580588119));
#4952=CARTESIAN_POINT('Ctrl Pts',(112.686850341768,0.183835982444725,-7.58014523031566));
#4953=CARTESIAN_POINT('Ctrl Pts',(112.719853292843,0.190652963075044,-7.60439786103893));
#4954=CARTESIAN_POINT('Ctrl Pts',(112.752752777119,0.197894832012194,-7.62869846825421));
#4955=CARTESIAN_POINT('Ctrl Pts',(112.784310819402,0.204841421332882,-7.65200824367723));
#4956=CARTESIAN_POINT('Ctrl Pts',(112.81577379623,0.212178925136255,-7.67536220207941));
#4957=CARTESIAN_POINT('Ctrl Pts',(112.847085858852,0.21997708590879,-7.69875080132881));
#4958=CARTESIAN_POINT('Ctrl Pts',(112.861125354659,0.223473573725269,-7.70923762696698));
#4959=CARTESIAN_POINT('Ctrl Pts',(112.875133937154,0.227062813842665,-7.71973110325564));
#4960=CARTESIAN_POINT('Ctrl Pts',(112.88910360167,0.230751829345521,-7.73022876126148));
#4961=CARTESIAN_POINT('Ctrl Pts',(112.914207552034,0.237381112530245,-7.74909340079558));
#4962=CARTESIAN_POINT('Ctrl Pts',(112.939161391234,0.244324701063536,-7.76795275260133));
#4963=CARTESIAN_POINT('Ctrl Pts',(112.963987370863,0.251652916364228,-7.78684859937044));
#4964=CARTESIAN_POINT('Ctrl Pts',(112.987746735777,0.258666284783088,-7.80493261158084));
#4965=CARTESIAN_POINT('Ctrl Pts',(113.011389112107,0.266031912084867,-7.82305008500854));
#4966=CARTESIAN_POINT('Ctrl Pts',(113.034893658283,0.27382147393099,-7.8412153431431));
#4967=CARTESIAN_POINT('Ctrl Pts',(113.049173955004,0.278554058583291,-7.85225173049722));
#4968=CARTESIAN_POINT('Ctrl Pts',(113.063402588002,0.283443322838287,-7.86330532249663));
#4969=CARTESIAN_POINT('Ctrl Pts',(113.077566722679,0.288507365317076,-7.8743749005203));
#4970=CARTESIAN_POINT('Ctrl Pts',(113.099779779444,0.296449104478045,-7.89173488548374));
#4971=CARTESIAN_POINT('Ctrl Pts',(113.121844876894,0.304820666235452,-7.90913443238707));
#4972=CARTESIAN_POINT('Ctrl Pts',(113.143687861546,0.313702652449382,-7.9265486693118));
#4973=CARTESIAN_POINT('Ctrl Pts',(113.156304084772,0.318832771916061,-7.93660690557711));
#4974=CARTESIAN_POINT('Ctrl Pts',(113.168845460317,0.32413338474513,-7.94666960354151));
#4975=CARTESIAN_POINT('Ctrl Pts',(113.181290987051,0.329621954219406,-7.95672803753774));
#4976=CARTESIAN_POINT('Ctrl Pts',(113.191798948262,0.33425604294598,-7.96522053741543));
#4977=CARTESIAN_POINT('Ctrl Pts',(113.202232789623,0.339023073443753,-7.97370577905194));
#4978=CARTESIAN_POINT('Ctrl Pts',(113.212565504114,0.343926388026265,-7.98216637514906));
#4979=CARTESIAN_POINT('Ctrl Pts',(113.225938816047,0.350272596031331,-7.99311666230188));
#4980=CARTESIAN_POINT('Ctrl Pts',(113.239182541996,0.356864980159293,-8.00405817970583));
#4981=CARTESIAN_POINT('Ctrl Pts',(113.252280913994,0.363747942855918,-8.01499328804021));
#4982=CARTESIAN_POINT('Ctrl Pts',(113.258628256874,0.367083359216959,-8.02029233452003));
#4983=CARTESIAN_POINT('Ctrl Pts',(113.264940868672,0.370487025935358,-8.02558947574626));
#4984=CARTESIAN_POINT('Ctrl Pts',(113.271213227115,0.373963988483932,-8.03088245021775));
#4985=CARTESIAN_POINT('Ctrl Pts',(113.284884779692,0.381542553505206,-8.04241928750826));
#4986=CARTESIAN_POINT('Ctrl Pts',(113.298397444738,0.389480508246784,-8.0539617257375));
#4987=CARTESIAN_POINT('Ctrl Pts',(113.311715249761,0.397859078489283,-8.06550841682284));
#4988=CARTESIAN_POINT('Ctrl Pts',(113.324649948948,0.405996627095656,-8.07672295071469));
#4989=CARTESIAN_POINT('Ctrl Pts',(113.337400925612,0.414549764567238,-8.08794157101922));
#4990=CARTESIAN_POINT('Ctrl Pts',(113.349894147447,0.423601075223959,-8.09913686060978));
#4991=CARTESIAN_POINT('Ctrl Pts',(113.353239043075,0.426024444459152,-8.1021342519713));
#4992=CARTESIAN_POINT('Ctrl Pts',(113.356565224158,0.428483572714083,-8.10512981837144));
#4993=CARTESIAN_POINT('Ctrl Pts',(113.359870735985,0.43098015485805,-8.10812269040536));
#4994=CARTESIAN_POINT('Ctrl Pts',(113.370177333967,0.438764507125063,-8.11745447636658));
#4995=CARTESIAN_POINT('Ctrl Pts',(113.380184408871,0.446836098884962,-8.12667037677922));
#4996=CARTESIAN_POINT('Ctrl Pts',(113.389889813986,0.455282155916296,-8.1357930864155));
#4997=CARTESIAN_POINT('Ctrl Pts',(113.395571451126,0.460226558622105,-8.14113360803909));
#4998=CARTESIAN_POINT('Ctrl Pts',(113.401148931502,0.465299442165916,-8.14644170288613));
#4999=CARTESIAN_POINT('Ctrl Pts',(113.406614879507,0.470519690329396,-8.15171749440332));
#5000=CARTESIAN_POINT('Ctrl Pts',(113.415442182493,0.478950197198087,-8.16023770172499));
#5001=CARTESIAN_POINT('Ctrl Pts',(113.423981062139,0.487764531065446,-8.16867522750972));
#5002=CARTESIAN_POINT('Ctrl Pts',(113.432164364907,0.497049346699944,-8.1770067671229));
#5003=CARTESIAN_POINT('Ctrl Pts',(113.440153043219,0.506113340468008,-8.18514015674582));
#5004=CARTESIAN_POINT('Ctrl Pts',(113.447803026278,0.515625646141166,-8.19317267812417));
#5005=CARTESIAN_POINT('Ctrl Pts',(113.455011222731,0.5256754247759,-8.20105598036998));
#5006=CARTESIAN_POINT('Ctrl Pts',(113.46198679744,0.535400878588954,-8.2086848739678));
#5007=CARTESIAN_POINT('Ctrl Pts',(113.468548743036,0.545629628892253,-8.21617412047909));
#5008=CARTESIAN_POINT('Ctrl Pts',(113.474563246758,0.556451302616416,-8.22345299342811));
#5009=CARTESIAN_POINT('Ctrl Pts',(113.475496722124,0.55813087026066,-8.22458270402588));
#5010=CARTESIAN_POINT('Ctrl Pts',(113.476416927124,0.559824739066548,-8.2257072909989));
#5011=CARTESIAN_POINT('Ctrl Pts',(113.477323267812,0.561533265186649,-8.22682642679151));
#5012=CARTESIAN_POINT('Ctrl Pts',(113.480104658081,0.566776412700419,-8.23026084548699));
#5013=CARTESIAN_POINT('Ctrl Pts',(113.482739555709,0.572128091793258,-8.23362448563875));
#5014=CARTESIAN_POINT('Ctrl Pts',(113.485212680517,0.577589793552602,-8.23690661524238));
#5015=CARTESIAN_POINT('Ctrl Pts',(113.491498167582,0.59147079771583,-8.24524820119851));
#5016=CARTESIAN_POINT('Ctrl Pts',(113.496740456389,0.606105970690086,-8.25307689237921));
#5017=CARTESIAN_POINT('Ctrl Pts',(113.500660924021,0.621385999727999,-8.26015562549733));
#5018=CARTESIAN_POINT('Ctrl Pts',(113.501818966317,0.625899471481623,-8.26224656798839));
#5019=CARTESIAN_POINT('Ctrl Pts',(113.502861672461,0.630468885252171,-8.26427195411025));
#5020=CARTESIAN_POINT('Ctrl Pts',(113.503781860222,0.635090601397506,-8.26622537331316));
#5021=CARTESIAN_POINT('Ctrl Pts',(113.504982963487,0.641123237984715,-8.26877513357169));
#5022=CARTESIAN_POINT('Ctrl Pts',(113.50597769346,0.64724558535533,-8.2712041084894));
#5023=CARTESIAN_POINT('Ctrl Pts',(113.506755256146,0.65345724709619,-8.27350380873906));
#5024=CARTESIAN_POINT('Ctrl Pts',(113.508032974079,0.66366446477241,-8.27728275582563));
#5025=CARTESIAN_POINT('Ctrl Pts',(113.508714676946,0.674074739667326,-8.28069550694999));
#5026=CARTESIAN_POINT('Ctrl Pts',(113.50877893761,0.684601532241892,-8.28369910022944));
#5027=CARTESIAN_POINT('Ctrl Pts',(113.508798675159,0.687834817856167,-8.28462164856245));
#5028=CARTESIAN_POINT('Ctrl Pts',(113.508760470823,0.691079062580007,-8.28550580474139));
#5029=CARTESIAN_POINT('Ctrl Pts',(113.508664514516,0.694331670857313,-8.28635087413757));
#5030=CARTESIAN_POINT('Ctrl Pts',(113.508345300259,0.705152001222515,-8.28916213490695));
#5031=CARTESIAN_POINT('Ctrl Pts',(113.50739145795,0.716067062093304,-8.29154433129544));
#5032=CARTESIAN_POINT('Ctrl Pts',(113.505828868678,0.726977693275344,-8.29348493873772));
#5033=CARTESIAN_POINT('Ctrl Pts',(113.504383289082,0.737071315506742,-8.29528022977955));
#5034=CARTESIAN_POINT('Ctrl Pts',(113.502417307676,0.747161074125499,-8.29669796936562));
#5035=CARTESIAN_POINT('Ctrl Pts',(113.499983849112,0.757164819457795,-8.29775092042144));
#5036=CARTESIAN_POINT('Ctrl Pts',(113.495329124991,0.776300002349793,-8.29976500718196));
#5037=CARTESIAN_POINT('Ctrl Pts',(113.489034825074,0.794979671971592,-8.30044758230143));
#5038=CARTESIAN_POINT('Ctrl Pts',(113.481490791272,0.813161848714943,-8.3000591777508));
#5039=CARTESIAN_POINT('Ctrl Pts',(113.47382522326,0.831636939906724,-8.2996645160118));
#5040=CARTESIAN_POINT('Ctrl Pts',(113.464869166372,0.849598410206678,-8.29816404809809));
#5041=CARTESIAN_POINT('Ctrl Pts',(113.454984104719,0.867008434052935,-8.29580479577102));
#5042=CARTESIAN_POINT('Ctrl Pts',(113.444858547424,0.884842029850179,-8.2933881447224));
#5043=CARTESIAN_POINT('Ctrl Pts',(113.43375812895,0.902097040548851,-8.29007041033079));
#5044=CARTESIAN_POINT('Ctrl Pts',(113.422023883256,0.918738905130209,-8.28609000285995));
#5045=CARTESIAN_POINT('Ctrl Pts',(113.41566217334,0.927761275863066,-8.28393202881238));
#5046=CARTESIAN_POINT('Ctrl Pts',(113.409113361395,0.936603529765954,-8.28157881449321));
#5047=CARTESIAN_POINT('Ctrl Pts',(113.402426342153,0.945260848722437,-8.27906515606458));
#5048=CARTESIAN_POINT('Origin',(146.952650381801,-8.04763779103411,-19.8231859058573));
#5049=CARTESIAN_POINT('Ctrl Pts',(147.888693863678,-8.04763779103411,-20.175070261911));
#5050=CARTESIAN_POINT('Ctrl Pts',(147.884372040488,-9.87390874412794,-20.1865666935016));
#5051=CARTESIAN_POINT('Ctrl Pts',(146.446425659684,-8.8901270781789,-19.6389351751569));
#5052=CARTESIAN_POINT('Ctrl Pts',(148.47392766119,-8.05882266933086,-18.6182966454908));
#5053=CARTESIAN_POINT('Ctrl Pts',(148.46999082621,-9.88670665441914,-18.6287689742365));
#5054=CARTESIAN_POINT('Ctrl Pts',(147.031073403792,-8.90091316625184,-18.0819482527419));
#5055=CARTESIAN_POINT('Ctrl Pts',(149.059161397498,-8.07003491086034,-17.0615231918793));
#5056=CARTESIAN_POINT('Ctrl Pts',(149.055215785406,-9.89952989417597,-17.0720188692429));
#5057=CARTESIAN_POINT('Ctrl Pts',(147.615720308013,-8.91172511198721,-16.5249612097197));
#5058=CARTESIAN_POINT('Ctrl Pts',(149.644395064669,-8.08127470555676,-15.504749922177));
#5059=CARTESIAN_POINT('Ctrl Pts',(149.640040528075,-9.91237844160948,-15.5163333743111));
#5060=CARTESIAN_POINT('Ctrl Pts',(148.20036636878,-8.92256309639181,-14.9679740687756));
#5061=CARTESIAN_POINT('Origin',(146.952650381801,-8.04763779103409,-19.8231859058573));
#5062=CARTESIAN_POINT('Origin',(148.708351582792,-10.,-15.1528655661233));
#5063=CARTESIAN_POINT('Origin',(148.708351582792,9.50190882203964,-15.1528655661233));
#5064=CARTESIAN_POINT('Ctrl Pts',(149.257022845324,10.3137460917512,-15.3525655740822));
#5065=CARTESIAN_POINT('Ctrl Pts',(149.59904298865,10.3137460917512,-14.4128729532963));
#5066=CARTESIAN_POINT('Ctrl Pts',(149.050371726117,9.50190882203994,-14.2131729453372));
#5067=CARTESIAN_POINT('Ctrl Pts',(148.540171112902,10.8624031053744,-15.0916528810695));
#5068=CARTESIAN_POINT('Ctrl Pts',(148.882191255937,10.8624031049903,-14.1519602601699));
#5069=CARTESIAN_POINT('Ctrl Pts',(148.361855452579,10.0288787169147,-13.9625735159615));
#5070=CARTESIAN_POINT('Ctrl Pts',(147.795804505375,11.3670516501103,-14.8207255925666));
#5071=CARTESIAN_POINT('Ctrl Pts',(148.137824648503,11.3670516497487,-13.8810329717026));
#5072=CARTESIAN_POINT('Ctrl Pts',(147.645432594552,10.5147208004188,-13.7018169204917));
#5073=CARTESIAN_POINT('Ctrl Pts',(146.282307870531,12.2871729187795,-14.2698578678418));
#5074=CARTESIAN_POINT('Ctrl Pts',(146.624328014054,12.2871729191411,-13.3301652471339));
#5075=CARTESIAN_POINT('Ctrl Pts',(146.18446598701,11.4029067526142,-13.1700685620894));
#5076=CARTESIAN_POINT('Ctrl Pts',(145.511044349022,12.7045576306877,-13.9891409032302));
#5077=CARTESIAN_POINT('Ctrl Pts',(145.85306449219,12.7045576303207,-13.0494482823885));
#5078=CARTESIAN_POINT('Ctrl Pts',(145.437863518164,11.8070783970195,-12.8983274865999));
#5079=CARTESIAN_POINT('Ctrl Pts',(143.164348464109,13.8530956678442,-13.1350134522372));
#5080=CARTESIAN_POINT('Ctrl Pts',(143.50636860775,13.8530956685782,-12.195320831563));
#5081=CARTESIAN_POINT('Ctrl Pts',(143.158848925042,12.9224913344695,-12.0688340112451));
#5082=CARTESIAN_POINT('Ctrl Pts',(141.556300519256,14.481156878501,-12.549731865043));
#5083=CARTESIAN_POINT('Ctrl Pts',(141.898320662388,14.4811568778522,-11.6100392441818));
#5084=CARTESIAN_POINT('Ctrl Pts',(141.587379671083,13.5370022682112,-11.4968659787394));
#5085=CARTESIAN_POINT('Ctrl Pts',(139.113132405992,15.3047275351758,-11.6604913945082));
#5086=CARTESIAN_POINT('Ctrl Pts',(139.455152549414,15.3047275355002,-10.7207987737599));
#5087=CARTESIAN_POINT('Ctrl Pts',(139.184978282799,14.346830818569,-10.6224633826445));
#5088=CARTESIAN_POINT('Ctrl Pts',(138.292859494746,15.5595311494819,-11.3619364708517));
#5089=CARTESIAN_POINT('Ctrl Pts',(138.634879637988,15.5595311491502,-10.422243850043));
#5090=CARTESIAN_POINT('Ctrl Pts',(138.375994279521,14.5981788092692,-10.3280172854536));
#5091=CARTESIAN_POINT('Ctrl Pts',(136.651183763783,16.0414699212061,-10.7644153704394));
#5092=CARTESIAN_POINT('Ctrl Pts',(136.993203907193,16.0414699215378,-9.82472274967625));
#5093=CARTESIAN_POINT('Ctrl Pts',(136.752308032375,15.0748364962657,-9.73704382170526));
#5094=CARTESIAN_POINT('Ctrl Pts',(135.829410955272,16.268752013621,-10.4653145288235));
#5095=CARTESIAN_POINT('Ctrl Pts',(136.171431098527,16.2687520133238,-9.52562190801115));
#5096=CARTESIAN_POINT('Ctrl Pts',(135.937249873605,15.3002901226788,-9.44038691271692));
#5097=CARTESIAN_POINT('Ctrl Pts',(133.365985117558,16.9295815491246,-9.56870084957534));
#5098=CARTESIAN_POINT('Ctrl Pts',(133.708005261024,16.9295815497189,-8.62900822884223));
#5099=CARTESIAN_POINT('Ctrl Pts',(133.487294764036,15.9575060512343,-8.54867617754565));
#5100=CARTESIAN_POINT('Ctrl Pts',(131.721453364618,17.3496208498078,-8.97014024218693));
#5101=CARTESIAN_POINT('Ctrl Pts',(132.063473507982,17.3496208499981,-8.03044762141023));
#5102=CARTESIAN_POINT('Ctrl Pts',(131.849587299237,16.3757848410503,-7.9525994079233));
#5103=CARTESIAN_POINT('Ctrl Pts',(128.410032026617,18.1257808033066,-7.76488144206348));
#5104=CARTESIAN_POINT('Ctrl Pts',(128.752052169905,18.1257808031162,-6.82518882126835));
#5105=CARTESIAN_POINT('Ctrl Pts',(128.561686724103,17.1464317916394,-6.75590146534748));
#5106=CARTESIAN_POINT('Ctrl Pts',(126.744934712462,18.4806493362366,-7.15883558255353));
#5107=CARTESIAN_POINT('Ctrl Pts',(127.086954855794,18.4806493364281,-6.21914296178307));
#5108=CARTESIAN_POINT('Ctrl Pts',(126.911132353701,17.4981275873327,-6.15514880448329));
#5109=CARTESIAN_POINT('Ctrl Pts',(123.389252032961,19.0909543521899,-5.93746697155126));
#5110=CARTESIAN_POINT('Ctrl Pts',(123.731272176279,19.0909543519983,-4.99777435074991));
#5111=CARTESIAN_POINT('Ctrl Pts',(123.59049091148,18.1020595799057,-4.94653416084407));
#5112=CARTESIAN_POINT('Ctrl Pts',(121.699495177278,19.3460087196838,-5.32244577296473));
#5113=CARTESIAN_POINT('Ctrl Pts',(122.041515320622,19.3460087198649,-4.38275315219206));
#5114=CARTESIAN_POINT('Ctrl Pts',(121.921243541548,18.3539164534318,-4.33897780456166));
#5115=CARTESIAN_POINT('Ctrl Pts',(116.611476859043,19.9069717850076,-3.47055855367057));
#5116=CARTESIAN_POINT('Ctrl Pts',(116.953497002333,19.9069717846455,-2.5308659328582));
#5117=CARTESIAN_POINT('Ctrl Pts',(116.903531186184,18.9071281608134,-2.51267986309939));
#5118=CARTESIAN_POINT('Ctrl Pts',(113.207578285138,19.997107126345,-2.23164079234986));
#5119=CARTESIAN_POINT('Ctrl Pts',(113.549598428489,19.9971071273874,-1.29194817159176));
#5120=CARTESIAN_POINT('Ctrl Pts',(113.535163180794,18.9971188684549,-1.28669417108302));
#5121=CARTESIAN_POINT('Ctrl Pts',(109.824410051291,19.9999309556382,-1.00026825770961));
#5122=CARTESIAN_POINT('Ctrl Pts',(110.166430194617,19.9999309556382,-0.0605756369237016));
#5123=CARTESIAN_POINT('Ctrl Pts',(110.165693162617,18.9999312632274,-0.0603073792141009));
#5124=CARTESIAN_POINT('Origin',(109.823673019292,18.9999312632274,-1.00000000000001));
#5125=CARTESIAN_POINT('Origin',(148.708351582792,9.50190882203993,-15.1528655661231));
#5126=CARTESIAN_POINT('Origin',(146.952650381801,-8.04763779103411,-19.8231859058574));
#5127=CARTESIAN_POINT('Origin',(146.952650381801,-8.04763779103413,-19.8231859058573));
#5128=CARTESIAN_POINT('Origin',(148.708351582792,9.50190882203966,-15.1528655661233));
#5129=CARTESIAN_POINT('Origin',(148.708351582792,9.50190882203964,-15.1528655661233));
#5130=CARTESIAN_POINT('Origin',(146.952650381801,-10.,-19.8231859058573));
#5131=CARTESIAN_POINT('Origin',(146.952650381801,9.53954456884317,-19.8231859058573));
#5132=CARTESIAN_POINT('Ctrl Pts',(149.644395064669,9.50190882203963,-15.504749922177));
#5133=CARTESIAN_POINT('Ctrl Pts',(149.645759398295,10.0144804149394,-15.5011206741712));
#5134=CARTESIAN_POINT('Ctrl Pts',(149.257022845324,10.3137460917509,-15.3525655740824));
#5135=CARTESIAN_POINT('Ctrl Pts',(149.059161426327,9.51448924992259,-17.0615231151921));
#5136=CARTESIAN_POINT('Ctrl Pts',(149.0603917663,10.027623301325,-17.0582503014228));
#5137=CARTESIAN_POINT('Ctrl Pts',(148.671113193341,10.3268439203442,-16.9090927182529));
#5138=CARTESIAN_POINT('Ctrl Pts',(148.473927688311,9.52703440305166,-18.6182965733458));
#5139=CARTESIAN_POINT('Ctrl Pts',(148.475157174942,10.0407270664438,-18.6150260301999));
#5140=CARTESIAN_POINT('Ctrl Pts',(148.085204272315,10.3399043877414,-18.4656204298887));
#5141=CARTESIAN_POINT('Ctrl Pts',(147.888693863678,9.53954456884319,-20.175070261911));
#5142=CARTESIAN_POINT('Ctrl Pts',(147.890055012914,10.0537920586439,-20.1714494846631));
#5143=CARTESIAN_POINT('Ctrl Pts',(147.49929610415,10.3529277932492,-20.0221486774814));
#5144=CARTESIAN_POINT('Origin',(146.952650381801,9.53954456884323,-19.8231859058573));
#5145=CARTESIAN_POINT('Origin',(146.952650381801,9.5395445688432,-19.8231859058573));
#5146=CARTESIAN_POINT('Origin',(146.952650381801,9.53954456884317,-19.8231859058573));
#5147=CARTESIAN_POINT('Ctrl Pts',(146.600766025747,9.53954456884322,-20.7592293877344));
#5148=CARTESIAN_POINT('Ctrl Pts',(147.148610686637,10.3579349284672,-20.9651791854171));
#5149=CARTESIAN_POINT('Ctrl Pts',(147.49929610415,10.3529277932492,-20.0221486774813));
#5150=CARTESIAN_POINT('Ctrl Pts',(145.314194633345,10.5225111922392,-20.2755719992715));
#5151=CARTESIAN_POINT('Ctrl Pts',(145.808871196906,11.3807896145479,-20.461534454525));
#5152=CARTESIAN_POINT('Ctrl Pts',(146.159600722663,11.3763272319361,-19.5191541477162));
#5153=CARTESIAN_POINT('Ctrl Pts',(143.941392607938,11.3548885873483,-19.7594981564935));
#5154=CARTESIAN_POINT('Ctrl Pts',(144.384852237778,12.2427046728883,-19.9262067649277));
#5155=CARTESIAN_POINT('Ctrl Pts',(144.735942172355,12.2384768119681,-18.9845716342099));
#5156=CARTESIAN_POINT('Ctrl Pts',(141.785578320603,12.4348054338138,-18.9490685803493));
#5157=CARTESIAN_POINT('Ctrl Pts',(142.162872403062,13.3549517534897,-19.0909037491336));
#5158=CARTESIAN_POINT('Ctrl Pts',(142.514564301139,13.3511108389478,-18.1502788650752));
#5159=CARTESIAN_POINT('Ctrl Pts',(141.050906612999,12.7667259342529,-18.672885384006));
#5160=CARTESIAN_POINT('Ctrl Pts',(141.407996738404,13.6956619494742,-18.8071253325516));
#5161=CARTESIAN_POINT('Ctrl Pts',(141.759786466296,13.6919807818639,-17.8667776369001));
#5162=CARTESIAN_POINT('Ctrl Pts',(139.555222038287,13.3845770814915,-18.110616628738));
#5163=CARTESIAN_POINT('Ctrl Pts',(139.876016863985,14.3280706845098,-18.2312121810167));
#5164=CARTESIAN_POINT('Ctrl Pts',(140.22793901515,14.3247132341644,-17.2913466710096));
#5165=CARTESIAN_POINT('Ctrl Pts',(138.792352015225,13.6711043519322,-17.8238329140762));
#5166=CARTESIAN_POINT('Ctrl Pts',(139.096991064352,14.6204034558805,-17.9383550679087));
#5167=CARTESIAN_POINT('Ctrl Pts',(139.448978205414,14.6171859047372,-16.9987063889553));
#5168=CARTESIAN_POINT('Ctrl Pts',(136.492613461159,14.4708812132484,-16.959298268136));
#5169=CARTESIAN_POINT('Ctrl Pts',(136.755759744771,15.4341193645512,-17.0582221561389));
#5170=CARTESIAN_POINT('Ctrl Pts',(137.107671990804,15.4313633514479,-16.1190423518828));
#5171=CARTESIAN_POINT('Ctrl Pts',(134.941309129367,14.9268296056147,-16.3761205243613));
#5172=CARTESIAN_POINT('Ctrl Pts',(135.185333756968,15.8951586763551,-16.467856058681));
#5173=CARTESIAN_POINT('Ctrl Pts',(135.537419864964,15.8925372845137,-15.5289681750738));
#5174=CARTESIAN_POINT('Ctrl Pts',(132.604132701894,15.5672506508985,-15.4975119574644));
#5175=CARTESIAN_POINT('Ctrl Pts',(132.83194083757,16.5398364704258,-15.5831512687491));
#5176=CARTESIAN_POINT('Ctrl Pts',(133.184118688263,16.5373598348512,-14.6444906794032));
#5177=CARTESIAN_POINT('Ctrl Pts',(131.823556506388,15.774265516657,-15.20407200812));
#5178=CARTESIAN_POINT('Ctrl Pts',(132.04868664927,16.7475238479521,-15.2887045886475));
#5179=CARTESIAN_POINT('Ctrl Pts',(132.400873614255,16.7450726486224,-14.3500793377318));
#5180=CARTESIAN_POINT('Ctrl Pts',(130.260286142199,16.1792800100143,-14.616395905363));
#5181=CARTESIAN_POINT('Ctrl Pts',(130.47749975119,17.1544980620065,-14.6980524441936));
#5182=CARTESIAN_POINT('Ctrl Pts',(130.829694769533,17.1521282396487,-13.759524783462));
#5183=CARTESIAN_POINT('Ctrl Pts',(129.477380226443,16.376378327605,-14.3220801504327));
#5184=CARTESIAN_POINT('Ctrl Pts',(129.690028572552,17.3526985937276,-14.4020204820378));
#5185=CARTESIAN_POINT('Ctrl Pts',(130.042222115498,17.35037702542,-13.4635468717332));
#5186=CARTESIAN_POINT('Ctrl Pts',(125.554518254591,17.3264027492699,-12.8473690012408));
#5187=CARTESIAN_POINT('Ctrl Pts',(125.741489607114,18.3086422737105,-12.9176566483968));
#5188=CARTESIAN_POINT('Ctrl Pts',(126.093356060174,18.3066749131531,-11.9793710101764));
#5189=CARTESIAN_POINT('Ctrl Pts',(122.381201842953,17.9742685648348,-11.6544325365537));
#5190=CARTESIAN_POINT('Ctrl Pts',(122.53739517354,18.9630873694424,-11.713149883129));
#5191=CARTESIAN_POINT('Ctrl Pts',(122.888881282325,18.961459574699,-10.775093827637));
#5192=CARTESIAN_POINT('Ctrl Pts',(118.401071464608,18.4926773941217,-10.1581926264324));
#5193=CARTESIAN_POINT('Ctrl Pts',(118.504044399586,19.4878343891044,-10.1969029701523));
#5194=CARTESIAN_POINT('Ctrl Pts',(118.856170070326,19.4866907982752,-9.25971605918826));
#5195=CARTESIAN_POINT('Ctrl Pts',(117.604017579711,18.5815684977578,-9.85855826279709));
#5196=CARTESIAN_POINT('Ctrl Pts',(117.695287678294,19.577900053034,-9.89286919010191));
#5197=CARTESIAN_POINT('Ctrl Pts',(118.047391411737,19.5768842043816,-8.95581422692035));
#5198=CARTESIAN_POINT('Ctrl Pts',(116.007771205195,18.7285751692829,-9.2584855754975));
#5199=CARTESIAN_POINT('Ctrl Pts',(116.077531271741,19.7266453179459,-9.28471029323353));
#5200=CARTESIAN_POINT('Ctrl Pts',(116.429588958793,19.7258684876982,-8.34789576870998));
#5201=CARTESIAN_POINT('Ctrl Pts',(115.208623746053,18.7873387469674,-8.95806418002096));
#5202=CARTESIAN_POINT('Ctrl Pts',(115.268570760185,19.7860052513984,-8.98059990284701));
#5203=CARTESIAN_POINT('Ctrl Pts',(115.620612302649,19.7853357312379,-8.04389683809018));
#5204=CARTESIAN_POINT('Ctrl Pts',(112.808661874155,18.92737276019,-8.05585284668337));
#5205=CARTESIAN_POINT('Ctrl Pts',(112.842238811562,19.9272799964975,-8.06847533616766));
#5206=CARTESIAN_POINT('Ctrl Pts',(113.194085821869,19.9269138135597,-7.13201677785091));
#5207=CARTESIAN_POINT('Ctrl Pts',(111.205329484163,18.9724207805955,-7.45311633228457));
#5208=CARTESIAN_POINT('Ctrl Pts',(111.225079322707,19.9724762318315,-7.46054083702979));
#5209=CARTESIAN_POINT('Ctrl Pts',(111.576948106093,19.9722562478113,-6.52425543538256));
#5210=CARTESIAN_POINT('Ctrl Pts',(109.600109996655,18.9902876305781,-6.84967040629651));
#5211=CARTESIAN_POINT('Ctrl Pts',(109.609862804022,19.99034293821,-6.8533367534337));
#5212=CARTESIAN_POINT('Ctrl Pts',(109.961784649766,19.9902333553201,-5.91719030113289));
#5213=CARTESIAN_POINT('',(113.399000398205,18.8920947762661,-8.27776167753423));
#5214=CARTESIAN_POINT('',(112.127031827453,19.6827627697949,-7.44732779651593));
#5215=CARTESIAN_POINT('Ctrl Pts',(113.399000399976,18.8920947762389,-8.27776167282107));
#5216=CARTESIAN_POINT('Ctrl Pts',(113.391294279898,18.9071787019163,-8.27477984703543));
#5217=CARTESIAN_POINT('Ctrl Pts',(113.382914609202,18.9217378903921,-8.27120666512037));
#5218=CARTESIAN_POINT('Ctrl Pts',(113.374032500438,18.9358219344654,-8.26717160159775));
#5219=CARTESIAN_POINT('Ctrl Pts',(113.364707920797,18.9506075888771,-8.26293552746561));
#5220=CARTESIAN_POINT('Ctrl Pts',(113.354829477865,18.9648695837571,-8.25819035407825));
#5221=CARTESIAN_POINT('Ctrl Pts',(113.344547946847,18.9786648720219,-8.25305302394711));
#5222=CARTESIAN_POINT('Ctrl Pts',(113.333617572966,18.9933307479783,-8.24759148918217));
#5223=CARTESIAN_POINT('Ctrl Pts',(113.322231578698,19.0074691581042,-8.24168673786578));
#5224=CARTESIAN_POINT('Ctrl Pts',(113.310520290042,19.0211479920214,-8.23544337907945));
#5225=CARTESIAN_POINT('Ctrl Pts',(113.298809001385,19.0348268259385,-8.22920002029313));
#5226=CARTESIAN_POINT('Ctrl Pts',(113.286771914009,19.048046082688,-8.22261772485062));
#5227=CARTESIAN_POINT('Ctrl Pts',(113.274495130107,19.0608731052644,-8.21576939862669));
#5228=CARTESIAN_POINT('Ctrl Pts',(113.260936675627,19.0750392421859,-8.20820612145988));
#5229=CARTESIAN_POINT('Ctrl Pts',(113.247085198794,19.0887134203019,-8.20032042915975));
#5230=CARTESIAN_POINT('Ctrl Pts',(113.233031203261,19.1019627815581,-8.19218990547499));
#5231=CARTESIAN_POINT('Ctrl Pts',(113.231327004296,19.1035694099143,-8.1912039915392));
#5232=CARTESIAN_POINT('Ctrl Pts',(113.229619776819,19.105169790967,-8.19021444081603));
#5233=CARTESIAN_POINT('Ctrl Pts',(113.227909641287,19.1067640438431,-8.18922136188622));
#5234=CARTESIAN_POINT('Ctrl Pts',(113.212673420184,19.1209678241035,-8.18037365954777));
#5235=CARTESIAN_POINT('Ctrl Pts',(113.197201930346,19.1346828715388,-8.17124304076585));
#5236=CARTESIAN_POINT('Ctrl Pts',(113.181538022524,19.1479919631359,-8.16187593851546));
#5237=CARTESIAN_POINT('Ctrl Pts',(113.165367784583,19.1617312662737,-8.15220604809484));
#5238=CARTESIAN_POINT('Ctrl Pts',(113.148992340291,19.1750379609332,-8.14228406324752));
#5239=CARTESIAN_POINT('Ctrl Pts',(113.132414852194,19.1880026087534,-8.13212798730288));
#5240=CARTESIAN_POINT('Ctrl Pts',(113.130080161584,19.1898284849866,-8.13069765630219));
#5241=CARTESIAN_POINT('Ctrl Pts',(113.127741396481,19.1916475758717,-8.12926263128784));
#5242=CARTESIAN_POINT('Ctrl Pts',(113.125398500979,19.1934601333366,-8.12782291325517));
#5243=CARTESIAN_POINT('Ctrl Pts',(113.116831604763,19.2000878261539,-8.12255852354703));
#5244=CARTESIAN_POINT('Ctrl Pts',(113.108205487244,19.2066310388026,-8.11722902890008));
#5245=CARTESIAN_POINT('Ctrl Pts',(113.099526382842,19.2130939332488,-8.11183984453624));
#5246=CARTESIAN_POINT('Ctrl Pts',(113.082745691881,19.2255896735235,-8.1014200784913));
#5247=CARTESIAN_POINT('Ctrl Pts',(113.065748781751,19.2377943833662,-8.09076506270325));
#5248=CARTESIAN_POINT('Ctrl Pts',(113.048677722477,19.2496660102868,-8.07997532656482));
#5249=CARTESIAN_POINT('Ctrl Pts',(113.040860487306,19.2551023044271,-8.07503445538207));
#5250=CARTESIAN_POINT('Ctrl Pts',(113.033027107474,19.2604690191912,-8.0700649313323));
#5251=CARTESIAN_POINT('Ctrl Pts',(113.02518845787,19.2657633159711,-8.06507452846664));
#5252=CARTESIAN_POINT('Ctrl Pts',(113.001580954056,19.2817080434095,-8.05004503223561));
#5253=CARTESIAN_POINT('Ctrl Pts',(112.977873999274,19.2970394566401,-8.03479518848382));
#5254=CARTESIAN_POINT('Ctrl Pts',(112.954088839345,19.3118568449814,-8.01936151185092));
#5255=CARTESIAN_POINT('Ctrl Pts',(112.951150187937,19.3136875301331,-8.01745468441292));
#5256=CARTESIAN_POINT('Ctrl Pts',(112.948210292856,19.315510359661,-8.01554501033127));
#5257=CARTESIAN_POINT('Ctrl Pts',(112.945269152932,19.3173255131039,-8.01363252493434));
#5258=CARTESIAN_POINT('Ctrl Pts',(112.919397446577,19.3332924912422,-7.99680936728782));
#5259=CARTESIAN_POINT('Ctrl Pts',(112.893443213866,19.3486678026316,-7.97977912796855));
#5260=CARTESIAN_POINT('Ctrl Pts',(112.867359036209,19.3635655855079,-7.96252961250454));
#5261=CARTESIAN_POINT('Ctrl Pts',(112.845894461461,19.3758249167521,-7.94833504908324));
#5262=CARTESIAN_POINT('Ctrl Pts',(112.824341030868,19.3877607196579,-7.93399128594628));
#5263=CARTESIAN_POINT('Ctrl Pts',(112.802652390274,19.3994324433236,-7.91947479135462));
#5264=CARTESIAN_POINT('Ctrl Pts',(112.764956909226,19.419718234696,-7.89424470630639));
#5265=CARTESIAN_POINT('Ctrl Pts',(112.726982504185,19.4391373803155,-7.86857875691631));
#5266=CARTESIAN_POINT('Ctrl Pts',(112.688807633782,19.4577975318345,-7.84256313665562));
#5267=CARTESIAN_POINT('Ctrl Pts',(112.650632763378,19.4764576833534,-7.81654751639494));
#5268=CARTESIAN_POINT('Ctrl Pts',(112.612257080904,19.4943588103192,-7.79018196437954));
#5269=CARTESIAN_POINT('Ctrl Pts',(112.573714188489,19.5115999988599,-7.76351555942398));
#5270=CARTESIAN_POINT('Ctrl Pts',(112.542351288645,19.5256293992373,-7.74181672637292));
#5271=CARTESIAN_POINT('Ctrl Pts',(112.51083618576,19.5392288055241,-7.71988805389143));
#5272=CARTESIAN_POINT('Ctrl Pts',(112.47928359918,19.5523987406531,-7.69782205671734));
#5273=CARTESIAN_POINT('Ctrl Pts',(112.445659383216,19.5664333663682,-7.67430728551025));
#5274=CARTESIAN_POINT('Ctrl Pts',(112.411992341388,19.5799804592016,-7.65063640415555));
#5275=CARTESIAN_POINT('Ctrl Pts',(112.378374996724,19.5930473703725,-7.62688582334964));
#5276=CARTESIAN_POINT('Ctrl Pts',(112.371627770864,19.5956699868178,-7.62211892297104));
#5277=CARTESIAN_POINT('Ctrl Pts',(112.364882414195,19.598273275041,-7.61734870904543));
#5278=CARTESIAN_POINT('Ctrl Pts',(112.358139484138,19.6008573138577,-7.6125756509105));
#5279=CARTESIAN_POINT('Ctrl Pts',(112.314402931917,19.6176181207613,-7.5816162453381));
#5280=CARTESIAN_POINT('Ctrl Pts',(112.270676362226,19.6336162733691,-7.55047530645937));
#5281=CARTESIAN_POINT('Ctrl Pts',(112.226823384086,19.6489734269776,-7.51907345576855));
#5282=CARTESIAN_POINT('Ctrl Pts',(112.193656864761,19.6605882215374,-7.49532386949311));
#5283=CARTESIAN_POINT('Ctrl Pts',(112.160417233424,19.6718359862779,-7.47142430172607));
#5284=CARTESIAN_POINT('Ctrl Pts',(112.127031827453,19.6827627697952,-7.44732779651571));
#5285=CARTESIAN_POINT('Ctrl Pts',(112.127031827452,19.6827627697957,-7.4473277965145));
#5286=CARTESIAN_POINT('Ctrl Pts',(112.084446783519,19.696700523212,-7.41659129045256));
#5287=CARTESIAN_POINT('Ctrl Pts',(112.041522979733,19.7101270481197,-7.3854743775791));
#5288=CARTESIAN_POINT('Ctrl Pts',(111.998555769863,19.7229893038976,-7.35420797326275));
#5289=CARTESIAN_POINT('Ctrl Pts',(111.968687328312,19.7319304368242,-7.33247328830891));
#5290=CARTESIAN_POINT('Ctrl Pts',(111.938796950884,19.7405991090547,-7.31066562337053));
#5291=CARTESIAN_POINT('Ctrl Pts',(111.90897238022,19.7489798867483,-7.28885367211118));
#5292=CARTESIAN_POINT('Ctrl Pts',(111.833534665622,19.7701780700475,-7.23368292808102));
#5293=CARTESIAN_POINT('Ctrl Pts',(111.75828843488,19.7896238103446,-7.17832276760744));
#5294=CARTESIAN_POINT('Ctrl Pts',(111.683103471946,19.807529646605,-7.12275585295977));
#5295=CARTESIAN_POINT('Ctrl Pts',(111.595889888479,19.8283001848125,-7.05829895147913));
#5296=CARTESIAN_POINT('Ctrl Pts',(111.508773998894,19.8470083388138,-6.99357522572411));
#5297=CARTESIAN_POINT('Ctrl Pts',(111.421438761842,19.8638669277731,-6.92844523676167));
#5298=CARTESIAN_POINT('Ctrl Pts',(111.350461237818,19.8775679371623,-6.87551396283094));
#5299=CARTESIAN_POINT('Ctrl Pts',(111.279339070413,19.8900464900983,-6.82231396244108));
#5300=CARTESIAN_POINT('Ctrl Pts',(111.20789686856,19.9013960343608,-6.76875669610832));
#5301=CARTESIAN_POINT('Ctrl Pts',(111.193319080523,19.9037119099397,-6.75782833085412));
#5302=CARTESIAN_POINT('Ctrl Pts',(111.178734208207,19.9059788180764,-6.74688970805295));
#5303=CARTESIAN_POINT('Ctrl Pts',(111.164148819777,19.9081966057775,-6.73594614969201));
#5304=CARTESIAN_POINT('Ctrl Pts',(111.095923804788,19.9185705906651,-6.68475625942748));
#5305=CARTESIAN_POINT('Ctrl Pts',(111.027257578229,19.9279332507722,-6.63314137816735));
#5306=CARTESIAN_POINT('Ctrl Pts',(110.958919317486,19.9362135392554,-6.58170892873809));
#5307=CARTESIAN_POINT('Ctrl Pts',(110.874956632882,19.9463869800597,-6.51851729226948));
#5308=CARTESIAN_POINT('Ctrl Pts',(110.791073925805,19.9549953478647,-6.45528992894625));
#5309=CARTESIAN_POINT('Ctrl Pts',(110.707173117346,19.9621170665619,-6.39200645341747));
#5310=CARTESIAN_POINT('Ctrl Pts',(110.53612482793,19.9766360899569,-6.26299064967954));
#5311=CARTESIAN_POINT('Ctrl Pts',(110.364931283475,19.9850072518306,-6.13368517762308));
#5312=CARTESIAN_POINT('Ctrl Pts',(110.192995396278,19.9874703845712,-6.00409140033781));
#5313=CARTESIAN_POINT('Ctrl Pts',(113.402599908506,18.8865256211427,-8.27913040461732));
#5314=CARTESIAN_POINT('Ctrl Pts',(113.401247413248,18.8882577456223,-8.27862196464399));
#5315=CARTESIAN_POINT('Ctrl Pts',(113.400011986733,18.8901146941146,-8.27815310913752));
#5316=CARTESIAN_POINT('Ctrl Pts',(113.399000394664,18.8920947763204,-8.27776168696054));
#5317=CARTESIAN_POINT('Origin',(110.,19.,-6.00000000000001));
#5318=CARTESIAN_POINT('',(3.,19.,-7.00000000000001));
#5319=CARTESIAN_POINT('',(1.70710678118791,19.7071067811872,-6.7071067811874));
#5320=CARTESIAN_POINT('Ctrl Pts',(3.00000000000001,19.,-7.00000000000001));
#5321=CARTESIAN_POINT('Ctrl Pts',(2.61178848060777,19.2241340252236,-7.00000000000001));
#5322=CARTESIAN_POINT('Ctrl Pts',(2.19634187411107,19.465539067954,-6.92104557984698));
#5323=CARTESIAN_POINT('Ctrl Pts',(1.77461529244993,19.6745389753877,-6.73857874438727));
#5324=CARTESIAN_POINT('Ctrl Pts',(1.74074183349212,19.6910429408746,-6.72317062149846));
#5325=CARTESIAN_POINT('Ctrl Pts',(1.70710678118754,19.7071067811861,-6.70710678118703));
#5326=CARTESIAN_POINT('Ctrl Pts',(1.70710678118741,19.707106781187,-6.70710678118614));
#5327=CARTESIAN_POINT('Ctrl Pts',(1.74074183349203,19.7231706214984,-6.69104294087466));
#5328=CARTESIAN_POINT('Ctrl Pts',(1.77461529244989,19.7385787443872,-6.67453897538777));
#5329=CARTESIAN_POINT('Ctrl Pts',(2.19634187411107,19.921045579847,-6.46553906795401));
#5330=CARTESIAN_POINT('Ctrl Pts',(2.61178848060776,20.,-6.22413402522363));
#5331=CARTESIAN_POINT('Ctrl Pts',(3.,20.,-6.00000000000001));
#5332=CARTESIAN_POINT('Origin',(3.,19.,-6.00000000000001));
#5333=CARTESIAN_POINT('Ctrl Pts',(107.816178594403,20.,-6.00000000000001));
#5334=CARTESIAN_POINT('Ctrl Pts',(107.816178594403,20.,-6.38995295249627));
#5335=CARTESIAN_POINT('Ctrl Pts',(107.816178594403,19.7360157128877,-6.67696445282044));
#5336=CARTESIAN_POINT('Ctrl Pts',(108.612817752885,20.,-6.00111420257582));
#5337=CARTESIAN_POINT('Ctrl Pts',(108.612644686606,19.9995656079224,-6.39076501539825));
#5338=CARTESIAN_POINT('Ctrl Pts',(108.611826560033,19.7356163942941,-6.67739859836486));
#5339=CARTESIAN_POINT('Ctrl Pts',(109.409883501588,19.9963440862157,-6.00248562560001));
#5340=CARTESIAN_POINT('Ctrl Pts',(109.409626137017,19.9953788150087,-6.39176396596789));
#5341=CARTESIAN_POINT('Ctrl Pts',(109.407809093428,19.7314768808028,-6.67793264006425));
#5342=CARTESIAN_POINT('Ctrl Pts',(110.207262581063,19.9873093024702,-6.0041206267169));
#5343=CARTESIAN_POINT('Ctrl Pts',(110.207244441304,19.9857071546014,-6.3929539434135));
#5344=CARTESIAN_POINT('Ctrl Pts',(110.204257256289,19.7218716767914,-6.67856877628216));
#5345=CARTESIAN_POINT('Ctrl Pts',(110.192995396276,19.9874703845712,-6.00409140033827));
#5346=CARTESIAN_POINT('Ctrl Pts',(110.00249414054,19.989383931419,-6.05982303036308));
#5347=CARTESIAN_POINT('Ctrl Pts',(109.812237690313,19.9863607245417,-6.1153204371485));
#5348=CARTESIAN_POINT('Ctrl Pts',(109.621897999358,19.9783748780314,-6.17043307057138));
#5349=CARTESIAN_POINT('Ctrl Pts',(109.603678060851,19.9776104466529,-6.17570863231514));
#5350=CARTESIAN_POINT('Ctrl Pts',(109.585457376727,19.9768005768722,-6.180980677366));
#5351=CARTESIAN_POINT('Ctrl Pts',(109.56723567028,19.9759452668261,-6.18624907937726));
#5352=CARTESIAN_POINT('Ctrl Pts',(109.464297888811,19.971113462578,-6.21601125431496));
#5353=CARTESIAN_POINT('Ctrl Pts',(109.361307431062,19.9648231356531,-6.24566330888628));
#5354=CARTESIAN_POINT('Ctrl Pts',(109.258195937669,19.9570223405686,-6.27519033675314));
#5355=CARTESIAN_POINT('Ctrl Pts',(109.172157129404,19.9505131621007,-6.29982842709271));
#5356=CARTESIAN_POINT('Ctrl Pts',(109.085679738228,19.9429131032258,-6.32447956650495));
#5357=CARTESIAN_POINT('Ctrl Pts',(108.999815612226,19.9342884513204,-6.34882701769264));
#5358=CARTESIAN_POINT('Ctrl Pts',(108.983617107846,19.932661386932,-6.35342023156501));
#5359=CARTESIAN_POINT('Ctrl Pts',(108.967420596361,19.9309959033437,-6.3580081659517));
#5360=CARTESIAN_POINT('Ctrl Pts',(108.951231755375,19.9292920139737,-6.36258902916184));
#5361=CARTESIAN_POINT('Ctrl Pts',(108.85267744349,19.9189190882943,-6.39047637587762));
#5362=CARTESIAN_POINT('Ctrl Pts',(108.754637512329,19.9071770553617,-6.41803888591988));
#5363=CARTESIAN_POINT('Ctrl Pts',(108.656788049811,19.8939412462977,-6.44533771542426));
#5364=CARTESIAN_POINT('Ctrl Pts',(108.558938587294,19.8807054372337,-6.47263654492864));
#5365=CARTESIAN_POINT('Ctrl Pts',(108.461279827298,19.865975903175,-6.49967175009466));
#5366=CARTESIAN_POINT('Ctrl Pts',(108.363529205162,19.8495892208211,-6.52648329891378));
#5367=CARTESIAN_POINT('Ctrl Pts',(108.278183736157,19.8352821089035,-6.54989229784089));
#5368=CARTESIAN_POINT('Ctrl Pts',(108.192780684205,19.8197053218289,-6.57312741632102));
#5369=CARTESIAN_POINT('Ctrl Pts',(108.107232919451,19.8026850155977,-6.59617988694588));
#5370=CARTESIAN_POINT('Ctrl Pts',(108.099652232741,19.8011767867199,-6.59822264701319));
#5371=CARTESIAN_POINT('Ctrl Pts',(108.092070433939,19.7996572019768,-6.60026396126088));
#5372=CARTESIAN_POINT('Ctrl Pts',(108.084487476726,19.79812612807,-6.60230381671128));
#5373=CARTESIAN_POINT('Ctrl Pts',(108.034023302176,19.7879369131358,-6.61587894559707));
#5374=CARTESIAN_POINT('Ctrl Pts',(107.983422904256,19.7772155186173,-6.62941132843443));
#5375=CARTESIAN_POINT('Ctrl Pts',(107.932984925448,19.7659912621414,-6.64281495546716));
#5376=CARTESIAN_POINT('Ctrl Pts',(107.893897942491,19.757293008723,-6.65320211517851));
#5377=CARTESIAN_POINT('Ctrl Pts',(107.854909261173,19.7482928361356,-6.6635117317829));
#5378=CARTESIAN_POINT('Ctrl Pts',(107.816178594403,19.7390068736003,-6.6736978853845));
#5379=CARTESIAN_POINT('Ctrl Pts',(110.192995396278,19.9874703845712,-6.00409140033781));
#5380=CARTESIAN_POINT('Ctrl Pts',(110.192995396278,19.9874703845712,-6.00409140033781));
#5381=CARTESIAN_POINT('Ctrl Pts',(110.192995396278,19.9874703845712,-6.00409140033781));
#5382=CARTESIAN_POINT('Ctrl Pts',(109.982322561061,19.989586550883,-6.06572427757655));
#5383=CARTESIAN_POINT('Ctrl Pts',(110.174804439612,19.9872800139474,-6.10059676771975));
#5384=CARTESIAN_POINT('Ctrl Pts',(110.367287935827,19.9849735751967,-6.13544081721486));
#5385=CARTESIAN_POINT('Ctrl Pts',(109.773945690887,19.9856499929272,-6.12647196393424));
#5386=CARTESIAN_POINT('Ctrl Pts',(110.156108989188,19.9752336024463,-6.19553517684744));
#5387=CARTESIAN_POINT('Ctrl Pts',(110.538398397495,19.9764490600116,-6.26466942766034));
#5388=CARTESIAN_POINT('Ctrl Pts',(109.463845865247,19.9710943323031,-6.21613154603209));
#5389=CARTESIAN_POINT('Ctrl Pts',(110.128292543789,19.9411727049738,-6.3313856664293));
#5390=CARTESIAN_POINT('Ctrl Pts',(110.791637760073,19.9549523705576,-6.45568933682347));
#5391=CARTESIAN_POINT('Ctrl Pts',(109.360870048789,19.9647922352191,-6.24578070731606));
#5392=CARTESIAN_POINT('Ctrl Pts',(110.119051823353,19.9271512226134,-6.37560766307055));
#5393=CARTESIAN_POINT('Ctrl Pts',(110.8754968782,19.9463263423335,-6.51890565520917));
#5394=CARTESIAN_POINT('Ctrl Pts',(109.155498954015,19.9492536915467,-6.30459611923971));
#5395=CARTESIAN_POINT('Ctrl Pts',(110.100795542242,19.8941165413461,-6.46129662711043));
#5396=CARTESIAN_POINT('Ctrl Pts',(111.042382873842,19.9261019748243,-6.64452010926965));
#5397=CARTESIAN_POINT('Ctrl Pts',(109.052603992658,19.9399618359652,-6.33390348771136));
#5398=CARTESIAN_POINT('Ctrl Pts',(110.091735958297,19.8749898082329,-6.50295967469967));
#5399=CARTESIAN_POINT('Ctrl Pts',(111.125813909936,19.9144364953175,-6.70722110982168));
#5400=CARTESIAN_POINT('Ctrl Pts',(108.748479836697,19.9079528662694,-6.41995892915074));
#5401=CARTESIAN_POINT('Ctrl Pts',(110.065476819485,19.8115090350493,-6.62143859788435));
#5402=CARTESIAN_POINT('Ctrl Pts',(111.372072782891,19.8753155350699,-6.89182988003685));
#5403=CARTESIAN_POINT('Ctrl Pts',(108.552798036036,19.8813186907186,-6.47456817483677));
#5404=CARTESIAN_POINT('Ctrl Pts',(110.049295760216,19.7614180705643,-6.69131651798773));
#5405=CARTESIAN_POINT('Ctrl Pts',(111.530074087557,19.8439760807726,-7.00965404843765));
#5406=CARTESIAN_POINT('Ctrl Pts',(108.268890879542,19.8337248203026,-6.55244033489325));
#5407=CARTESIAN_POINT('Ctrl Pts',(110.027744432796,19.6792164807822,-6.78139510289885));
#5408=CARTESIAN_POINT('Ctrl Pts',(111.759623302352,19.7893067440554,-7.17930791309796));
#5409=CARTESIAN_POINT('Ctrl Pts',(108.175873749337,19.8165783529994,-6.57771984508088));
#5410=CARTESIAN_POINT('Ctrl Pts',(110.021009478781,19.6506139621367,-6.80898745387621));
#5411=CARTESIAN_POINT('Ctrl Pts',(111.834885118619,19.7697992652271,-7.23466960848867));
#5412=CARTESIAN_POINT('Ctrl Pts',(107.993099296253,19.7796740780041,-6.62688755926193));
#5413=CARTESIAN_POINT('Ctrl Pts',(110.008562116621,19.5917735155542,-6.85918908919497));
#5414=CARTESIAN_POINT('Ctrl Pts',(111.983062138795,19.7281606767053,-7.34303833523371));
#5415=CARTESIAN_POINT('Ctrl Pts',(107.903075929276,19.7598411495123,-6.65084391264765));
#5416=CARTESIAN_POINT('Ctrl Pts',(110.002837202366,19.5614295392555,-6.88184409127963));
#5417=CARTESIAN_POINT('Ctrl Pts',(112.056195095918,19.7059470806665,-7.39620013696096));
#5418=CARTESIAN_POINT('Ctrl Pts',(107.816178594403,19.7390068736003,-6.6736978853845));
#5419=CARTESIAN_POINT('Ctrl Pts',(109.997763949493,19.5311684785276,-6.90168435511945));
#5420=CARTESIAN_POINT('Ctrl Pts',(112.127031827452,19.6827627697957,-7.4473277965145));
#5421=CARTESIAN_POINT('Origin',(107.816178594403,34.5191443456058,-20.1476555930745));
#5422=CARTESIAN_POINT('Ctrl Pts',(113.399000399976,18.8920947762389,-8.27776167282107));
#5423=CARTESIAN_POINT('Ctrl Pts',(109.998433179747,18.9442670525142,-7.00000000000002));
#5424=CARTESIAN_POINT('Ctrl Pts',(106.365782894239,19.,-7.00000000000001));
#5425=CARTESIAN_POINT('Ctrl Pts',(113.362243245314,18.9640430697286,-8.26353876551237));
#5426=CARTESIAN_POINT('Ctrl Pts',(109.988377389288,18.9689773645328,-7.00389758162001));
#5427=CARTESIAN_POINT('Ctrl Pts',(106.388393029775,19.0701771049459,-7.00000000000001));
#5428=CARTESIAN_POINT('Ctrl Pts',(113.304267801843,19.0356151884219,-8.23355465959781));
#5429=CARTESIAN_POINT('Ctrl Pts',(109.978800833565,18.9965605813962,-7.01011829466276));
#5430=CARTESIAN_POINT('Ctrl Pts',(106.438135488252,19.1390055216116,-6.99270076810893));
#5431=CARTESIAN_POINT('Ctrl Pts',(113.189749757184,19.1423389161788,-8.1670616318258));
#5432=CARTESIAN_POINT('Ctrl Pts',(109.967494982173,19.0487011322012,-7.01809841591083));
#5433=CARTESIAN_POINT('Ctrl Pts',(106.550944849952,19.240445588795,-6.97127764122298));
#5434=CARTESIAN_POINT('Ctrl Pts',(113.146934854239,19.1777931673554,-8.14127688731531));
#5435=CARTESIAN_POINT('Ctrl Pts',(109.964232824669,19.0678423993057,-7.02049648062376));
#5436=CARTESIAN_POINT('Ctrl Pts',(106.594969632597,19.2739484330883,-6.96237629116436));
#5437=CARTESIAN_POINT('Ctrl Pts',(113.075826361808,19.2307444826915,-8.09712278695916));
#5438=CARTESIAN_POINT('Ctrl Pts',(109.960403305036,19.0997767344905,-7.02278257056057));
#5439=CARTESIAN_POINT('Ctrl Pts',(106.670842484527,19.323724400252,-6.94631204162697));
#5440=CARTESIAN_POINT('Ctrl Pts',(113.050933052752,19.2483782314232,-8.08146333856245));
#5441=CARTESIAN_POINT('Ctrl Pts',(109.959304791575,19.1109704236116,-7.02332229573467));
#5442=CARTESIAN_POINT('Ctrl Pts',(106.697822466052,19.3402565832822,-6.94049364603656));
#5443=CARTESIAN_POINT('Ctrl Pts',(112.999456644207,19.2831489972079,-8.04869005906852));
#5444=CARTESIAN_POINT('Ctrl Pts',(109.957534846352,19.1342074722616,-7.0237824175261));
#5445=CARTESIAN_POINT('Ctrl Pts',(106.754438468288,19.3727741891854,-6.92808525717154));
#5446=CARTESIAN_POINT('Ctrl Pts',(112.972809468427,19.3003364333638,-8.03153706684067));
#5447=CARTESIAN_POINT('Ctrl Pts',(109.956859039195,19.1462786851973,-7.0237059362913));
#5448=CARTESIAN_POINT('Ctrl Pts',(106.784141532022,19.3888071369159,-6.92148139095967));
#5449=CARTESIAN_POINT('Ctrl Pts',(112.835182730223,19.3852858013072,-7.94203915594507));
#5450=CARTESIAN_POINT('Ctrl Pts',(109.954612997919,19.2088513575951,-7.02141294020794));
#5451=CARTESIAN_POINT('Ctrl Pts',(106.939493766305,19.4678643460956,-6.88650214397927));
#5452=CARTESIAN_POINT('Ctrl Pts',(112.711218529959,19.4501132834879,-7.85863289048089));
#5453=CARTESIAN_POINT('Ctrl Pts',(109.956407969705,19.2663148648437,-7.01349028024056));
#5454=CARTESIAN_POINT('Ctrl Pts',(107.08539264656,19.5276013902687,-6.85230919325117));
#5455=CARTESIAN_POINT('Ctrl Pts',(112.505011619524,19.5423468097481,-7.71597150425479));
#5456=CARTESIAN_POINT('Ctrl Pts',(109.966265482735,19.361556716663,-6.98504170240847));
#5457=CARTESIAN_POINT('Ctrl Pts',(107.337180368581,19.6119239298855,-6.79167395499152));
#5458=CARTESIAN_POINT('Ctrl Pts',(112.432693960869,19.5722953150956,-7.66534147801641));
#5459=CARTESIAN_POINT('Ctrl Pts',(109.970764490242,19.3948205575787,-6.97275336877489));
#5460=CARTESIAN_POINT('Ctrl Pts',(107.426873263447,19.6391831260261,-6.76983573501625));
#5461=CARTESIAN_POINT('Ctrl Pts',(112.28361016576,19.6294211323417,-7.55981674495511));
#5462=CARTESIAN_POINT('Ctrl Pts',(109.98228967391,19.4623298625793,-6.94203500279172));
#5463=CARTESIAN_POINT('Ctrl Pts',(107.614651207367,19.6909671591576,-6.72371714949293));
#5464=CARTESIAN_POINT('Ctrl Pts',(112.206568028955,19.6567311901416,-7.50473445182618));
#5465=CARTESIAN_POINT('Ctrl Pts',(109.989318236,19.4966982478973,-6.92358585292808));
#5466=CARTESIAN_POINT('Ctrl Pts',(107.713065953947,19.7156147628464,-6.69935765218826));
#5467=CARTESIAN_POINT('Ctrl Pts',(112.127031827452,19.6827627697957,-7.44732779651451));
#5468=CARTESIAN_POINT('Ctrl Pts',(109.997763949493,19.5311684785276,-6.90168435511942));
#5469=CARTESIAN_POINT('Ctrl Pts',(107.816178594403,19.7390068736003,-6.6736978853845));
#5470=CARTESIAN_POINT('Origin',(106.365782894239,19.,-27.));
#5471=CARTESIAN_POINT('Ctrl Pts',(106.365782894239,19.,-7.00000000000001));
#5472=CARTESIAN_POINT('Ctrl Pts',(109.998433179747,18.9442670525142,-7.00000000000001));
#5473=CARTESIAN_POINT('Ctrl Pts',(113.399000399976,18.8920947762389,-8.27776167282108));
#5474=CARTESIAN_POINT('Ctrl Pts',(106.365202597668,18.9621765098883,-7.00000000000001));
#5475=CARTESIAN_POINT('Ctrl Pts',(109.99867393373,18.925025309651,-7.00000000000087));
#5476=CARTESIAN_POINT('Ctrl Pts',(113.399943467095,18.8902488207328,-8.27812658562135));
#5477=CARTESIAN_POINT('Ctrl Pts',(106.364912675254,18.9243507929211,-7.));
#5478=CARTESIAN_POINT('Ctrl Pts',(109.999196200359,18.9057770746576,-6.99999999999953));
#5479=CARTESIAN_POINT('Ctrl Pts',(113.401143123929,18.8883915301915,-8.27858275943555));
#5480=CARTESIAN_POINT('Ctrl Pts',(106.364912675283,18.8865228527055,-7.));
#5481=CARTESIAN_POINT('Ctrl Pts',(110.,18.8865228527051,-6.99999999999999));
#5482=CARTESIAN_POINT('Ctrl Pts',(113.402599796356,18.8865228527048,-8.27913036245708));
#5483=CARTESIAN_POINT('Origin',(106.364912675282,18.8865228527055,-27.));
#5484=CARTESIAN_POINT('Origin',(106.364912675282,-10.,-27.));
#5485=CARTESIAN_POINT('Ctrl Pts',(106.364913136383,0.998697039971648,-6.99999886824497));
#5486=CARTESIAN_POINT('Ctrl Pts',(106.736176981219,0.998311122783158,-6.99999887737864));
#5487=CARTESIAN_POINT('Ctrl Pts',(107.107473631363,0.998488475680947,-7.01034166986849));
#5488=CARTESIAN_POINT('Ctrl Pts',(108.304480731778,0.99769889726569,-7.07707349538011));
#5489=CARTESIAN_POINT('Ctrl Pts',(109.127144024688,0.997450595242707,-7.1743851785469));
#5490=CARTESIAN_POINT('Ctrl Pts',(111.110728177546,0.99765181303207,-7.53491025912516));
#5491=CARTESIAN_POINT('Ctrl Pts',(112.25878223036,0.998456489140129,-7.85124597433392));
#5492=CARTESIAN_POINT('Ctrl Pts',(113.382157960046,0.999972234054587,-8.27145526723474));
#5493=CARTESIAN_POINT('Ctrl Pts',(113.392380459294,0.999986087289504,-8.27528863404293));
#5494=CARTESIAN_POINT('Ctrl Pts',(113.402599796356,1.00000000001375,-8.2791303624571));
#5495=CARTESIAN_POINT('Ctrl Pts',(106.364849458926,0.998697106167903,-6.9999988683449));
#5496=CARTESIAN_POINT('Ctrl Pts',(106.532529402083,4.57485323662044,-7.0088802932772));
#5497=CARTESIAN_POINT('Ctrl Pts',(109.877875683412,8.24594518693374,-6.95409016341173));
#5498=CARTESIAN_POINT('Ctrl Pts',(106.364849458926,0.998697106167903,-6.9999988683449));
#5499=CARTESIAN_POINT('Ctrl Pts',(108.926909075716,3.50071238406653,-7.0062112306716));
#5500=CARTESIAN_POINT('Ctrl Pts',(112.299932837102,5.89806969949308,-7.86460768212677));
#5501=CARTESIAN_POINT('Ctrl Pts',(106.364849458926,0.998697106167903,-6.9999988683449));
#5502=CARTESIAN_POINT('Ctrl Pts',(110.01623551775,2.21487015669913,-7.00301716452452));
#5503=CARTESIAN_POINT('Ctrl Pts',(113.419363948715,3.39128200390965,-8.28543246601512));
#5504=CARTESIAN_POINT('Ctrl Pts',(106.364849458924,0.998697106167904,-6.99999886834482));
#5505=CARTESIAN_POINT('Ctrl Pts',(109.999816334294,0.972198886252246,-6.99993095503598));
#5506=CARTESIAN_POINT('Ctrl Pts',(113.402410164525,0.945281792305184,-8.27905907466341));
#5507=CARTESIAN_POINT('Origin',(106.364723043452,0.945281792305153,-26.9999287122063));
#5508=CARTESIAN_POINT('Ctrl Pts',(106.364723043452,0.997394371063287,-6.99999660534317));
#5509=CARTESIAN_POINT('Ctrl Pts',(109.999816334294,0.972198886252055,-6.999930955036));
#5510=CARTESIAN_POINT('Ctrl Pts',(113.402410164524,0.945281792305206,-8.27905907466304));
#5511=CARTESIAN_POINT('Ctrl Pts',(106.35256912817,0.913894305900068,-6.99977903441859));
#5512=CARTESIAN_POINT('Ctrl Pts',(110.031568816533,0.941926009522924,-6.99774453757599));
#5513=CARTESIAN_POINT('Ctrl Pts',(113.469703934052,0.858166131430033,-8.30435664386281));
#5514=CARTESIAN_POINT('Ctrl Pts',(106.378852223451,0.832107500886999,-6.98925808536471));
#5515=CARTESIAN_POINT('Ctrl Pts',(110.063561097833,0.91719207836829,-6.99910646774581));
#5516=CARTESIAN_POINT('Ctrl Pts',(113.506347115677,0.774286565833865,-8.30714036772411));
#5517=CARTESIAN_POINT('Ctrl Pts',(106.46191300332,0.732104511306756,-6.96366914592493));
#5518=CARTESIAN_POINT('Ctrl Pts',(110.10254644952,0.880175391548943,-7.00453749219108));
#5519=CARTESIAN_POINT('Ctrl Pts',(113.509255112873,0.674342310383156,-8.28115772781715));
#5520=CARTESIAN_POINT('Ctrl Pts',(106.48107136388,0.712214336037393,-6.9579203646133));
#5521=CARTESIAN_POINT('Ctrl Pts',(110.110292820024,0.872471685518682,-7.00577457074929));
#5522=CARTESIAN_POINT('Ctrl Pts',(113.507665220465,0.654592598183154,-8.27446830283216));
#5523=CARTESIAN_POINT('Ctrl Pts',(106.524687394557,0.672659462928086,-6.94513500946307));
#5524=CARTESIAN_POINT('Ctrl Pts',(110.125674684792,0.856136580263961,-7.00838545772339));
#5525=CARTESIAN_POINT('Ctrl Pts',(113.499899150455,0.615588560575711,-8.25798268570019));
#5526=CARTESIAN_POINT('Ctrl Pts',(106.549182150332,0.652986460752182,-6.93808899055584));
#5527=CARTESIAN_POINT('Ctrl Pts',(110.13331257296,0.847496140845505,-7.00975957238665));
#5528=CARTESIAN_POINT('Ctrl Pts',(113.49369766214,0.596327441051222,-8.24816686961235));
#5529=CARTESIAN_POINT('Ctrl Pts',(106.629729118342,0.595144466727395,-6.91531928837536));
#5530=CARTESIAN_POINT('Ctrl Pts',(110.155733325839,0.820135894634542,-7.01368089004269));
#5531=CARTESIAN_POINT('Ctrl Pts',(113.468247506546,0.540114125109223,-8.2143878619255));
#5532=CARTESIAN_POINT('Ctrl Pts',(106.693101940462,0.557861580753969,-6.89788504069464));
#5533=CARTESIAN_POINT('Ctrl Pts',(110.170132257624,0.799840699017331,-7.01606559709263));
#5534=CARTESIAN_POINT('Ctrl Pts',(113.442142011772,0.504444216183191,-8.18600538840157));
#5535=CARTESIAN_POINT('Ctrl Pts',(106.83945761157,0.485781348030963,-6.85864026579456));
#5536=CARTESIAN_POINT('Ctrl Pts',(110.198075285991,0.753628494396344,-7.0180265919719));
#5537=CARTESIAN_POINT('Ctrl Pts',(113.371095567604,0.436594421381582,-8.11743235401939));
#5538=CARTESIAN_POINT('Ctrl Pts',(106.922436144478,0.450984112219132,-6.83682949915857));
#5539=CARTESIAN_POINT('Ctrl Pts',(110.211612044521,0.727720424475163,-7.01760422403751));
#5540=CARTESIAN_POINT('Ctrl Pts',(113.326151222334,0.404415326409634,-8.07724035441698));
#5541=CARTESIAN_POINT('Ctrl Pts',(107.062511779992,0.400685078644435,-6.80077908249719));
#5542=CARTESIAN_POINT('Ctrl Pts',(110.231659992494,0.684055442374393,-7.01265286650186));
#5543=CARTESIAN_POINT('Ctrl Pts',(113.243747548514,0.358737965813725,-8.00770460572865));
#5544=CARTESIAN_POINT('Ctrl Pts',(107.111995943311,0.384180944406723,-6.78815892779909));
#5545=CARTESIAN_POINT('Ctrl Pts',(110.238321406888,0.668658557845691,-7.01026732331393));
#5546=CARTESIAN_POINT('Ctrl Pts',(113.213661291601,0.343896079805456,-7.98288837286658));
#5547=CARTESIAN_POINT('Ctrl Pts',(107.215442292585,0.35212525166346,-6.76202750289545));
#5548=CARTESIAN_POINT('Ctrl Pts',(110.251539104837,0.636577223994197,-7.00369729859709));
#5549=CARTESIAN_POINT('Ctrl Pts',(113.148927256349,0.315347105530426,-7.93056982847812));
#5550=CARTESIAN_POINT('Ctrl Pts',(107.269326637096,0.336587858804259,-6.74853493389166));
#5551=CARTESIAN_POINT('Ctrl Pts',(110.258088272418,0.619918441797003,-6.9995236861518));
#5552=CARTESIAN_POINT('Ctrl Pts',(113.114335340583,0.301651319722063,-7.90310861189297));
#5553=CARTESIAN_POINT('Ctrl Pts',(107.549606005311,0.26129162441962,-6.67899440153875));
#5554=CARTESIAN_POINT('Ctrl Pts',(110.290840505437,0.533946676115094,-6.97346770450307));
#5555=CARTESIAN_POINT('Ctrl Pts',(112.930507932426,0.235929796148149,-7.75944496121188));
#5556=CARTESIAN_POINT('Ctrl Pts',(107.807987866361,0.208535526130996,-6.61670448909018));
#5557=CARTESIAN_POINT('Ctrl Pts',(110.31638752879,0.455844362409374,-6.93570831336945));
#5558=CARTESIAN_POINT('Ctrl Pts',(112.748292212701,0.192149707855304,-7.62421522110267));
#5559=CARTESIAN_POINT('Ctrl Pts',(108.106623652257,0.163542068640238,-6.54803113877349));
#5560=CARTESIAN_POINT('Ctrl Pts',(110.350161737618,0.376511418104499,-6.873085481296));
#5561=CARTESIAN_POINT('Ctrl Pts',(112.536286088742,0.155919670745366,-7.47031157942568));
#5562=CARTESIAN_POINT('Ctrl Pts',(112.551394183067,0.158522993446509,-7.48128351115539));
#5563=CARTESIAN_POINT('Ctrl Pts',(112.162632675255,0.205424893169076,-7.38700933141896));
#5564=CARTESIAN_POINT('Ctrl Pts',(111.767839411549,0.243847763613695,-7.29988861665268));
#5565=CARTESIAN_POINT('Ctrl Pts',(110.978182544776,0.302362300018773,-7.14169692690772));
#5566=CARTESIAN_POINT('Ctrl Pts',(110.582074323729,0.322142958874325,-7.06943545913326));
#5567=CARTESIAN_POINT('Ctrl Pts',(109.39214304367,0.342437547624528,-6.8602265481098));
#5568=CARTESIAN_POINT('Ctrl Pts',(108.597165900576,0.300940057115982,-6.72820429598818));
#5569=CARTESIAN_POINT('Ctrl Pts',(107.797626982843,0.215531542431261,-6.62016871823701));
#5570=CARTESIAN_POINT('Ctrl Pts',(110.183410655737,0.0406280981900681,-6.00060284007427));
#5571=CARTESIAN_POINT('Ctrl Pts',(110.183410655737,0.0406280981900681,-6.00060284007427));
#5572=CARTESIAN_POINT('Ctrl Pts',(110.183410655737,0.0406280981900681,-6.00060284007427));
#5573=CARTESIAN_POINT('Ctrl Pts',(110.412279951164,0.0410908683488741,-6.13943839058632));
#5574=CARTESIAN_POINT('Ctrl Pts',(110.169293495528,0.0406614615174004,-6.09473291241466));
#5575=CARTESIAN_POINT('Ctrl Pts',(109.926316435801,0.0402320432332382,-6.0499826213358));
#5576=CARTESIAN_POINT('Ctrl Pts',(110.638030412074,0.0436660245556507,-6.27652831836419));
#5577=CARTESIAN_POINT('Ctrl Pts',(110.154810773077,0.0522552073910045,-6.18764821606516));
#5578=CARTESIAN_POINT('Ctrl Pts',(109.671608683016,0.0421930374981744,-6.09882851763988));
#5579=CARTESIAN_POINT('Ctrl Pts',(111.076793148869,0.0531921571866285,-6.5446253390738));
#5580=CARTESIAN_POINT('Ctrl Pts',(110.126572498195,0.0953785387021131,-6.36259249830084));
#5581=CARTESIAN_POINT('Ctrl Pts',(109.17375188887,0.0508027666826016,-6.19531377670942));
#5582=CARTESIAN_POINT('Ctrl Pts',(111.289908654613,0.0601457342283714,-6.67569369560948));
#5583=CARTESIAN_POINT('Ctrl Pts',(110.112807793164,0.126910117283773,-6.44467370712039));
#5584=CARTESIAN_POINT('Ctrl Pts',(108.930483400382,0.0574518735366287,-6.24297460899722));
#5585=CARTESIAN_POINT('Ctrl Pts',(111.596426873469,0.0744741199993568,-6.8663884932078));
#5586=CARTESIAN_POINT('Ctrl Pts',(110.093654782076,0.184889666051527,-6.5550637649102));
#5587=CARTESIAN_POINT('Ctrl Pts',(108.578317585935,0.0714278219423654,-6.31356976114355));
#5588=CARTESIAN_POINT('Ctrl Pts',(111.696802970552,0.0799313647810633,-6.9292176236988));
#5589=CARTESIAN_POINT('Ctrl Pts',(110.087489743717,0.206093667419695,-6.58991102723198));
#5590=CARTESIAN_POINT('Ctrl Pts',(108.462597387135,0.0767848924637278,-6.33704567234667));
#5591=CARTESIAN_POINT('Ctrl Pts',(111.8904180274,0.0921726201843722,-7.05130150708854));
#5592=CARTESIAN_POINT('Ctrl Pts',(110.075907863317,0.250665718882186,-6.65420082921979));
#5593=CARTESIAN_POINT('Ctrl Pts',(108.238623953146,0.0888466193044481,-6.38316495079459));
#5594=CARTESIAN_POINT('Ctrl Pts',(111.983569735017,0.0989429209617155,-7.11049695442806));
#5595=CARTESIAN_POINT('Ctrl Pts',(110.07049508125,0.273992602145268,-6.68362819355425));
#5596=CARTESIAN_POINT('Ctrl Pts',(108.130476317629,0.0955374973894336,-6.40578351419019));
#5597=CARTESIAN_POINT('Ctrl Pts',(112.117717658045,0.110136757797215,-7.19649800127332));
#5598=CARTESIAN_POINT('Ctrl Pts',(110.062979265322,0.309757957310409,-6.72372701117947));
#5599=CARTESIAN_POINT('Ctrl Pts',(107.974196884813,0.10661817484876,-6.43906236173255));
#5600=CARTESIAN_POINT('Ctrl Pts',(112.161503855419,0.114041249230383,-7.22469960003589));
#5601=CARTESIAN_POINT('Ctrl Pts',(110.06057337445,0.321814644374056,-6.73642564966943));
#5602=CARTESIAN_POINT('Ctrl Pts',(107.923093928211,0.110485987762903,-6.45004702832194));
#5603=CARTESIAN_POINT('Ctrl Pts',(112.215065309777,0.119146087031683,-7.25936694233187));
#5604=CARTESIAN_POINT('Ctrl Pts',(110.057692993995,0.336971575033768,-6.75147296469664));
#5605=CARTESIAN_POINT('Ctrl Pts',(107.860471104857,0.115545600172457,-6.46364297942684));
#5606=CARTESIAN_POINT('Ctrl Pts',(112.225719037654,0.120178268392782,-7.26627117631187));
#5607=CARTESIAN_POINT('Ctrl Pts',(110.057123122279,0.340008037632811,-6.75444187797432));
#5608=CARTESIAN_POINT('Ctrl Pts',(107.848009331696,0.116568768346386,-6.46635542340693));
#5609=CARTESIAN_POINT('Ctrl Pts',(112.246909146369,0.122265261880191,-7.28002109627566));
#5610=CARTESIAN_POINT('Ctrl Pts',(110.05599602765,0.346088087445442,-6.76029792085257));
#5611=CARTESIAN_POINT('Ctrl Pts',(107.823211813974,0.118637785208838,-6.4717668221621));
#5612=CARTESIAN_POINT('Ctrl Pts',(112.257448957251,0.123319946186699,-7.28686805441735));
#5613=CARTESIAN_POINT('Ctrl Pts',(110.055093601405,0.349190902178939,-6.76314769793972));
#5614=CARTESIAN_POINT('Ctrl Pts',(107.810177696195,0.119659731801747,-6.47446580813441));
#5615=CARTESIAN_POINT('Ctrl Pts',(112.288865187436,0.126519256125337,-7.30731102441999));
#5616=CARTESIAN_POINT('Ctrl Pts',(110.057720365505,0.357603687800626,-6.7721408800352));
#5617=CARTESIAN_POINT('Ctrl Pts',(107.781987089071,0.12311986573266,-6.48254228786106));
#5618=CARTESIAN_POINT('Ctrl Pts',(112.309530872261,0.128699429311668,-7.32080633958995));
#5619=CARTESIAN_POINT('Ctrl Pts',(110.059399090118,0.363225644876619,-6.77797915711059));
#5620=CARTESIAN_POINT('Ctrl Pts',(107.763296958739,0.125479259625134,-6.48789923567108));
#5621=CARTESIAN_POINT('Ctrl Pts',(112.411498090222,0.139840402090146,-7.38762765545358));
#5622=CARTESIAN_POINT('Ctrl Pts',(110.067460532162,0.391388275734145,-6.8064114211652));
#5623=CARTESIAN_POINT('Ctrl Pts',(107.670390730124,0.137540364356986,-6.51454727829489));
#5624=CARTESIAN_POINT('Ctrl Pts',(112.488724973834,0.149520202809378,-7.43899041487111));
#5625=CARTESIAN_POINT('Ctrl Pts',(110.072845403188,0.414045710342108,-6.82668431295888));
#5626=CARTESIAN_POINT('Ctrl Pts',(107.597812467823,0.148034063552528,-6.53542958766405));
#5627=CARTESIAN_POINT('Ctrl Pts',(112.56189524468,0.160020285636074,-7.48836420680504));
#5628=CARTESIAN_POINT('Ctrl Pts',(110.077406065083,0.436516756868689,-6.84468334007381));
#5629=CARTESIAN_POINT('Ctrl Pts',(107.527259095972,0.159389447009266,-6.55587071847415));
#5630=CARTESIAN_POINT('Ctrl Pts',(107.826411497729,0.118373869987267,-6.47106986592387));
#5631=CARTESIAN_POINT('Ctrl Pts',(108.225197641965,0.157793960497135,-6.52047849471329));
#5632=CARTESIAN_POINT('Ctrl Pts',(108.62353607732,0.187588923884488,-6.57784185911119));
#5633=CARTESIAN_POINT('Ctrl Pts',(109.021150677378,0.208567578815423,-6.64464746848137));
#5634=CARTESIAN_POINT('Ctrl Pts',(109.418909042863,0.229553818994276,-6.71147723274189));
#5635=CARTESIAN_POINT('Ctrl Pts',(109.814872122486,0.242556045221847,-6.78930686035181));
#5636=CARTESIAN_POINT('Ctrl Pts',(110.209138442304,0.247097685612117,-6.87644388506158));
#5637=CARTESIAN_POINT('Ctrl Pts',(110.997956305112,0.256184251941045,-7.05078097181712));
#5638=CARTESIAN_POINT('Ctrl Pts',(111.778126765138,0.231093648619432,-7.25970058810598));
#5639=CARTESIAN_POINT('Ctrl Pts',(112.551394189786,0.158522988944448,-7.48128350671532));
#5640=CARTESIAN_POINT('Ctrl Pts',(107.3199238982,0.159956372496801,-6.55929511196079));
#5641=CARTESIAN_POINT('Ctrl Pts',(107.333989237428,0.106853309258479,-6.49154979406675));
#5642=CARTESIAN_POINT('Ctrl Pts',(107.347679951981,0.0663985091415443,-6.41550249655769));
#5643=CARTESIAN_POINT('Ctrl Pts',(107.877237037019,0.230969588393239,-6.62714386334877));
#5644=CARTESIAN_POINT('Ctrl Pts',(107.892342841981,0.174801164927375,-6.55625593124876));
#5645=CARTESIAN_POINT('Ctrl Pts',(107.906407266529,0.132547518338949,-6.47610006484745));
#5646=CARTESIAN_POINT('Ctrl Pts',(108.434002756675,0.282586888548634,-6.70886402561723));
#5647=CARTESIAN_POINT('Ctrl Pts',(108.448951644867,0.223205365964502,-6.6349716131656));
#5648=CARTESIAN_POINT('Ctrl Pts',(108.464480886408,0.179195976747773,-6.55111614242264));
#5649=CARTESIAN_POINT('Ctrl Pts',(109.389491075516,0.329459700309954,-6.86269031769949));
#5650=CARTESIAN_POINT('Ctrl Pts',(109.403504801578,0.272404634905666,-6.79164052830328));
#5651=CARTESIAN_POINT('Ctrl Pts',(109.41877220117,0.229546601670148,-6.71145425193215));
#5652=CARTESIAN_POINT('Ctrl Pts',(109.787392881828,0.336097709405614,-6.93025102759454));
#5653=CARTESIAN_POINT('Ctrl Pts',(109.800089787831,0.283244495040125,-6.86361021374175));
#5654=CARTESIAN_POINT('Ctrl Pts',(109.814737829683,0.242554498270676,-6.78927718021627));
#5655=CARTESIAN_POINT('Ctrl Pts',(110.98054841808,0.315602376829044,-7.13983738767019));
#5656=CARTESIAN_POINT('Ctrl Pts',(110.987497205395,0.283803711830147,-7.09636282999702));
#5657=CARTESIAN_POINT('Ctrl Pts',(110.997939667571,0.256184060225299,-7.05077729462776));
#5658=CARTESIAN_POINT('Ctrl Pts',(111.771896508652,0.252063363158152,-7.29143147649095));
#5659=CARTESIAN_POINT('Ctrl Pts',(111.775164471963,0.241562224409533,-7.27560663585251));
#5660=CARTESIAN_POINT('Ctrl Pts',(111.778118814426,0.231094400504873,-7.25969830805821));
#5661=CARTESIAN_POINT('Ctrl Pts',(112.551394327545,0.158522976015799,-7.48128354619089));
#5662=CARTESIAN_POINT('Ctrl Pts',(112.551394327545,0.158522976015799,-7.48128354619089));
#5663=CARTESIAN_POINT('Ctrl Pts',(112.551394327545,0.158522976015799,-7.48128354619089));
#5664=CARTESIAN_POINT('Origin',(107.797626982843,1.,-6.00000000000002));
#5665=CARTESIAN_POINT('Origin',(109.617478154174,1.,-1.00000000000001));
#5666=CARTESIAN_POINT('Origin',(109.617478154174,1.,-1.));
#5667=CARTESIAN_POINT('Origin',(109.617478154174,1.,-1.));
#5668=CARTESIAN_POINT('Ctrl Pts',(109.823673019273,1.0064501573708,-4.33680868994202E-15));
#5669=CARTESIAN_POINT('Ctrl Pts',(109.853902861439,-0.00404065511199988,
-4.37916033730473E-15));
#5670=CARTESIAN_POINT('Ctrl Pts',(109.853573869478,0.00695653605819915,
-1.01088301945387));
#5671=CARTESIAN_POINT('Ctrl Pts',(109.754938463662,1.00439389447667,-4.33680868994202E-15));
#5672=CARTESIAN_POINT('Ctrl Pts',(109.786085201899,-0.00640388366782154,
7.83186594681742E-13));
#5673=CARTESIAN_POINT('Ctrl Pts',(109.785747447371,0.00493103990596617,
-1.01121355301919));
#5674=CARTESIAN_POINT('Ctrl Pts',(109.686206838695,1.00224394646561,4.55364912443912E-15));
#5675=CARTESIAN_POINT('Ctrl Pts',(109.718284200437,-0.00885982214577272,
-1.47212215979973E-12));
#5676=CARTESIAN_POINT('Ctrl Pts',(109.717925431168,0.00281331171554494,
-1.01154462353519));
#5677=CARTESIAN_POINT('Ctrl Pts',(109.617478154174,1.,4.55364912443912E-15));
#5678=CARTESIAN_POINT('Ctrl Pts',(109.650499983658,-0.0114086635994474,
4.4113475893004E-15));
#5679=CARTESIAN_POINT('Ctrl Pts',(109.650107809043,0.000603051361790317,
-1.01187622312675));
#5680=CARTESIAN_POINT('Origin',(109.823673019274,1.00645015737081,-1.));
#5681=CARTESIAN_POINT('Origin',(109.823673019289,1.00645015737127,-0.999999999999168));
#5682=CARTESIAN_POINT('Origin',(109.823673019289,1.00645015737127,-0.999999999999584));
#5683=CARTESIAN_POINT('Origin',(109.823673019292,-10.,-1.));
#5684=CARTESIAN_POINT('Origin',(109.823673019292,18.9999312632274,-1.));
#5685=CARTESIAN_POINT('Origin',(109.823673019292,18.9999312632274,-1.00000000000001));
#5686=CARTESIAN_POINT('Origin',(109.823673019292,18.9999312632274,-1.00000000000001));
#5687=CARTESIAN_POINT('Ctrl Pts',(109.636029765734,19.,-1.30104260698261E-15));
#5688=CARTESIAN_POINT('Ctrl Pts',(109.636029765734,20.,-1.30104260698261E-15));
#5689=CARTESIAN_POINT('Ctrl Pts',(109.636029765734,20.,-1.));
#5690=CARTESIAN_POINT('Ctrl Pts',(109.698577516988,19.0000000000161,-1.30104260698261E-15));
#5691=CARTESIAN_POINT('Ctrl Pts',(109.69882155363,20.0000878224272,-2.17562790729582E-13));
#5692=CARTESIAN_POINT('Ctrl Pts',(109.698818796483,20.,-1.00008781855504));
#5693=CARTESIAN_POINT('Ctrl Pts',(109.761125268175,18.99997736292,1.77809156287623E-14));
#5694=CARTESIAN_POINT('Ctrl Pts',(109.761615143606,20.0001545257298,2.83647337909765E-12));
#5695=CARTESIAN_POINT('Ctrl Pts',(109.761612221448,19.9999772640797,-1.0001772364964));
#5696=CARTESIAN_POINT('Ctrl Pts',(109.823673019291,18.9999312632274,1.77809156287623E-14));
#5697=CARTESIAN_POINT('Ctrl Pts',(109.824410249059,20.0001992852468,1.78543427973774E-14));
#5698=CARTESIAN_POINT('Ctrl Pts',(109.824410051291,19.9999309556382,-1.00026825770958));
#5699=CARTESIAN_POINT('Origin',(5.49900000000002,-7.81024967590666,-12.));
#5700=CARTESIAN_POINT('',(149.709351582792,6.6,-12.0000000000001));
#5701=CARTESIAN_POINT('Origin',(3.,-7.81024967590666,-6.00000000000002));
#5702=CARTESIAN_POINT('',(3.,13.4,-7.00000000000001));
#5703=CARTESIAN_POINT('',(3.,0.,-7.00000000000001));
#5704=CARTESIAN_POINT('Origin',(149.709351582792,13.4,-7.00000000000008));
#5705=CARTESIAN_POINT('Origin',(149.709351582792,6.6,-7.00000000000008));
#5706=CARTESIAN_POINT('Origin',(3.,0.,-4.00000000000001));
#5707=CARTESIAN_POINT('Origin',(3.00000000000029,16.9999999999999,-4.00000000000035));
#5708=CARTESIAN_POINT('Origin',(3.00000000000009,3.00000000000007,-4.00000000000042));
#5709=CARTESIAN_POINT('Origin',(3.,3.,0.));
#5710=CARTESIAN_POINT('Ctrl Pts',(3.03576608295941E-15,3.,-3.));
#5711=CARTESIAN_POINT('Ctrl Pts',(3.03576608295941E-15,2.9288843100551,
-2.95258954003673));
#5712=CARTESIAN_POINT('Ctrl Pts',(0.0025626057257654,2.85658612031703,-2.90439074687802));
#5713=CARTESIAN_POINT('Ctrl Pts',(0.00789300779557474,2.78341730643699,
-2.85561153762464));
#5714=CARTESIAN_POINT('Ctrl Pts',(0.0134303300762266,2.70740816152811,-2.80493877435203));
#5715=CARTESIAN_POINT('Ctrl Pts',(0.021954889502749,2.63045956910283,-2.75363971273514));
#5716=CARTESIAN_POINT('Ctrl Pts',(0.0336568479298455,2.55295692406937,-2.70197128271276));
#5717=CARTESIAN_POINT('Ctrl Pts',(0.0452703251344608,2.47604029451535,-2.65069352967667));
#5718=CARTESIAN_POINT('Ctrl Pts',(0.0600133821957844,2.39857838809256,-2.59905225872804));
#5719=CARTESIAN_POINT('Ctrl Pts',(0.0780305517721512,2.32097820038627,-2.54731880025703));
#5720=CARTESIAN_POINT('Ctrl Pts',(0.0964775319080523,2.24152681291429,-2.49435120860889));
#5721=CARTESIAN_POINT('Ctrl Pts',(0.118356947685424,2.16193086092736,-2.44128724061741));
#5722=CARTESIAN_POINT('Ctrl Pts',(0.143777839383912,2.08265300784171,-2.38843533856006));
#5723=CARTESIAN_POINT('Ctrl Pts',(0.16858162392989,2.00529967143922,-2.33686644762484));
#5724=CARTESIAN_POINT('Ctrl Pts',(0.196756877634618,1.92824977538544,-2.28549985025536));
#5725=CARTESIAN_POINT('Ctrl Pts',(0.228361402465709,1.85194970290578,-2.23463313526859));
#5726=CARTESIAN_POINT('Ctrl Pts',(0.260268802404934,1.77491842523236,-2.18327895015265));
#5727=CARTESIAN_POINT('Ctrl Pts',(0.295666916358993,1.69866831529816,-2.13244554352947));
#5728=CARTESIAN_POINT('Ctrl Pts',(0.334462173546018,1.62362518920275,-2.08241679279878));
#5729=CARTESIAN_POINT('Ctrl Pts',(0.37396801784684,1.5472075477091,-2.03147169846925));
#5730=CARTESIAN_POINT('Ctrl Pts',(0.416996481486242,1.47204209146369,-1.98136139430518));
#5731=CARTESIAN_POINT('Ctrl Pts',(0.463394917007396,1.39857519315075,-1.93238346209606));
#5732=CARTESIAN_POINT('Ctrl Pts',(0.509952064994455,1.32485699083451,-1.88323799388473));
#5733=CARTESIAN_POINT('Ctrl Pts',(0.559901978823743,1.25284960969209,-1.83523307312259));
#5734=CARTESIAN_POINT('Ctrl Pts',(0.61304003087826,1.18299162560114,-1.78866108372809));
#5735=CARTESIAN_POINT('Ctrl Pts',(0.665787938741144,1.11364654489445,-1.7424310299231));
#5736=CARTESIAN_POINT('Ctrl Pts',(0.7216769274211,1.04642000062921,-1.69761333374573));
#5737=CARTESIAN_POINT('Ctrl Pts',(0.780462741600913,0.981719783957342,-1.65447985596396));
#5738=CARTESIAN_POINT('Ctrl Pts',(0.812363978587457,0.94660898428692,-1.63107265618339));
#5739=CARTESIAN_POINT('Ctrl Pts',(0.845117571042113,0.912241741838704,-1.60816116121764));
#5740=CARTESIAN_POINT('Ctrl Pts',(0.878679656437195,0.878679656443523,-1.58578643762058));
#5741=CARTESIAN_POINT('Ctrl Pts',(0.939623834032286,0.81773547884825,-1.5451569858899));
#5742=CARTESIAN_POINT('Ctrl Pts',(1.00320476382018,0.759429442867531,-1.50628629523561));
#5743=CARTESIAN_POINT('Ctrl Pts',(1.06906511674383,0.704042046226923,-1.46936136414145));
#5744=CARTESIAN_POINT('Ctrl Pts',(1.13401679288924,0.649418830749942,-1.43294588715637));
#5745=CARTESIAN_POINT('Ctrl Pts',(1.20118487255339,0.597634567102668,-1.39842304472447));
#5746=CARTESIAN_POINT('Ctrl Pts',(1.27020274844165,0.548921205792607,-1.36594747051745));
#5747=CARTESIAN_POINT('Ctrl Pts',(1.29106618452312,0.534195628006762,-1.35613041866012));
#5748=CARTESIAN_POINT('Ctrl Pts',(1.31209851802467,0.519750391558022,-1.34650026102754));
#5749=CARTESIAN_POINT('Ctrl Pts',(1.3332893009369,0.505591163095238,-1.3370607753856));
#5750=CARTESIAN_POINT('Ctrl Pts',(1.40304216122485,0.458983791916883,-1.30598919459976));
#5751=CARTESIAN_POINT('Ctrl Pts',(1.47451101335865,0.415479504140389,-1.27698633608189));
#5752=CARTESIAN_POINT('Ctrl Pts',(1.54728392298132,0.375204878789289,-1.2501365858477));
#5753=CARTESIAN_POINT('Ctrl Pts',(1.6189678129455,0.335532948300506,-1.22368863218839));
#5754=CARTESIAN_POINT('Ctrl Pts',(1.69191651554027,0.298994825008044,-1.19932988332671));
#5755=CARTESIAN_POINT('Ctrl Pts',(1.76573202997917,0.265669627218012,-1.17711308480008));
#5756=CARTESIAN_POINT('Ctrl Pts',(1.7943486915323,0.25275017642779,-1.16850011760662));
#5757=CARTESIAN_POINT('Ctrl Pts',(1.82309562385311,0.240313153339156,-1.1602087688809));
#5758=CARTESIAN_POINT('Ctrl Pts',(1.85194970290092,0.228361402467719,-1.15224093496666));
#5759=CARTESIAN_POINT('Ctrl Pts',(1.92681734773312,0.197350208595171,-1.13156680571843));
#5760=CARTESIAN_POINT('Ctrl Pts',(2.00240402323548,0.169609665569678,-1.11307311036835));
#5761=CARTESIAN_POINT('Ctrl Pts',(2.07829168346366,0.145111448740912,-1.0967409658162));
#5762=CARTESIAN_POINT('Ctrl Pts',(2.1533186437959,0.120891084893932,-1.08059405658523));
#5763=CARTESIAN_POINT('Ctrl Pts',(2.22863938575769,0.0998398563328707,-1.06655990421167));
#5764=CARTESIAN_POINT('Ctrl Pts',(2.30386395080449,0.0818897077442118,-1.05459313848649));
#5765=CARTESIAN_POINT('Ctrl Pts',(2.34085687225118,0.073062425907705,-1.04870828392911));
#5766=CARTESIAN_POINT('Ctrl Pts',(2.37782678934611,0.0649844716264338,-1.04332298107526));
#5767=CARTESIAN_POINT('Ctrl Pts',(2.41472903395,0.0576441587906312,-1.03842943918508));
#5768=CARTESIAN_POINT('Ctrl Pts',(2.49108956629483,0.042455104527505,-1.0283034030104));
#5769=CARTESIAN_POINT('Ctrl Pts',(2.56715660289795,0.0304269981085615,-1.02028466539927));
#5770=CARTESIAN_POINT('Ctrl Pts',(2.64254542443167,0.0213822955655115,-1.01425486370543));
#5771=CARTESIAN_POINT('Ctrl Pts',(2.71756307800288,0.0123821235476259,-1.00825474902835));
#5772=CARTESIAN_POINT('Ctrl Pts',(2.79190886874558,0.00633588603122752,
-1.00422392401895));
#5773=CARTESIAN_POINT('Ctrl Pts',(2.86523455710691,0.00303422554411182,
-1.00202281702848));
#5774=CARTESIAN_POINT('Ctrl Pts',(2.91057092540427,0.000992849606404026,
-1.00066189973725));
#5775=CARTESIAN_POINT('Ctrl Pts',(2.9555179590852,4.32307362231973E-16,
-1.));
#5776=CARTESIAN_POINT('Ctrl Pts',(3.,4.30211422042248E-16,-1.));
#5777=CARTESIAN_POINT('Ctrl Pts',(3.03576608295941E-15,3.,-3.));
#5778=CARTESIAN_POINT('Ctrl Pts',(3.03576608295941E-15,3.,-3.));
#5779=CARTESIAN_POINT('Ctrl Pts',(3.03576608295941E-15,3.,-3.));
#5780=CARTESIAN_POINT('Ctrl Pts',(3.03576608295941E-15,2.60723012185148,
-2.73815341456766));
#5781=CARTESIAN_POINT('Ctrl Pts',(3.03576608295941E-15,2.67276055147999,
-2.67276055147999));
#5782=CARTESIAN_POINT('Ctrl Pts',(3.03576608295941E-15,2.73815341456766,
-2.60723012185148));
#5783=CARTESIAN_POINT('Ctrl Pts',(0.078081973373239,2.21475633876651,-2.4765042258443));
#5784=CARTESIAN_POINT('Ctrl Pts',(0.0534547928106326,2.33786747398127,-2.33786747398127));
#5785=CARTESIAN_POINT('Ctrl Pts',(0.078081973373239,2.4765042258443,-2.21475633876651));
#5786=CARTESIAN_POINT('Ctrl Pts',(0.378640831559047,1.48914306704296,-1.99276204469534));
#5787=CARTESIAN_POINT('Ctrl Pts',(0.262498668752307,1.70261903540989,-1.70261903540989));
#5788=CARTESIAN_POINT('Ctrl Pts',(0.378640831559047,1.99276204469534,-1.48914306704296));
#5789=CARTESIAN_POINT('Ctrl Pts',(0.60099948051881,1.15635983236191,-1.77090655490794));
#5790=CARTESIAN_POINT('Ctrl Pts',(0.426179068760082,1.39030704094388,-1.39030704094388));
#5791=CARTESIAN_POINT('Ctrl Pts',(0.60099948051881,1.77090655490794,-1.15635983236191));
#5792=CARTESIAN_POINT('Ctrl Pts',(1.01751974440114,0.73983956847958,-1.49322637898639));
#5793=CARTESIAN_POINT('Ctrl Pts',(0.75862950227924,0.967188337596845,-0.967188337596845));
#5794=CARTESIAN_POINT('Ctrl Pts',(1.01751974440114,1.49322637898639,-0.73983956847958));
#5795=CARTESIAN_POINT('Ctrl Pts',(1.17003062953343,0.614677119782121,-1.40978474652141));
#5796=CARTESIAN_POINT('Ctrl Pts',(0.890465342507519,0.828634923117557,-0.828634923117557));
#5797=CARTESIAN_POINT('Ctrl Pts',(1.17003062953343,1.40978474652141,-0.614677119782121));
#5798=CARTESIAN_POINT('Ctrl Pts',(1.49654797234896,0.39650520640261,-1.26433680426841));
#5799=CARTESIAN_POINT('Ctrl Pts',(1.19617972490729,0.56876205325797,-0.56876205325797));
#5800=CARTESIAN_POINT('Ctrl Pts',(1.49654797234896,1.26433680426841,-0.39650520640261));
#5801=CARTESIAN_POINT('Ctrl Pts',(1.67054638748895,0.303501115970801,-1.20233407731388));
#5802=CARTESIAN_POINT('Ctrl Pts',(1.37150740946676,0.448781992155186,-0.448781992155186));
#5803=CARTESIAN_POINT('Ctrl Pts',(1.67054638748895,1.20233407731388,-0.303501115970801));
#5804=CARTESIAN_POINT('Ctrl Pts',(2.03335301832051,0.153221688961482,-1.10214779264098));
#5805=CARTESIAN_POINT('Ctrl Pts',(1.77061607196569,0.239753730800766,-0.239753730800766));
#5806=CARTESIAN_POINT('Ctrl Pts',(2.03335301832051,1.10214779264098,-0.153221688961482));
#5807=CARTESIAN_POINT('Ctrl Pts',(2.22215230220245,0.0959500524047733,-1.06396670160318));
#5808=CARTESIAN_POINT('Ctrl Pts',(1.99384856658386,0.153516322557005,-0.153516322557005));
#5809=CARTESIAN_POINT('Ctrl Pts',(2.22215230220245,1.06396670160318,-0.0959500524047733));
#5810=CARTESIAN_POINT('Ctrl Pts',(2.60730576570078,0.019338265175845,-1.0128921767839));
#5811=CARTESIAN_POINT('Ctrl Pts',(2.47990445629241,0.0322292960037198,-0.0322292960037198));
#5812=CARTESIAN_POINT('Ctrl Pts',(2.60730576570078,1.0128921767839,-0.019338265175845));
#5813=CARTESIAN_POINT('Ctrl Pts',(2.80364823760679,2.63372863107651E-16,
-1.00000000000406));
#5814=CARTESIAN_POINT('Ctrl Pts',(2.73794660445215,9.6231459771065E-11,
-9.6231459771065E-11));
#5815=CARTESIAN_POINT('Ctrl Pts',(2.80364823760679,1.00000000000406,-2.63372863107651E-16));
#5816=CARTESIAN_POINT('Ctrl Pts',(3.00000000000001,4.33680868994202E-16,
-1.));
#5817=CARTESIAN_POINT('Ctrl Pts',(3.00000000000001,4.33680868994202E-16,
-4.33680868994202E-16));
#5818=CARTESIAN_POINT('Ctrl Pts',(3.00000000000001,1.,-4.33680868994202E-16));
#5819=CARTESIAN_POINT('Ctrl Pts',(3.03576608295941E-15,3.,-3.));
#5820=CARTESIAN_POINT('Ctrl Pts',(3.03576608295941E-15,2.95258954003269,
-2.92888431005313));
#5821=CARTESIAN_POINT('Ctrl Pts',(0.0025626057259099,2.90439074686989,-2.85658612031301));
#5822=CARTESIAN_POINT('Ctrl Pts',(0.0078930077960272,2.85561153761244,-2.78341730643087));
#5823=CARTESIAN_POINT('Ctrl Pts',(0.013430330076669,2.80493877433861,-2.70740816152431));
#5824=CARTESIAN_POINT('Ctrl Pts',(0.021954889503001,2.75363971272059,-2.6304595691014));
#5825=CARTESIAN_POINT('Ctrl Pts',(0.0336568479297268,2.70197128269718,-2.55295692407024));
#5826=CARTESIAN_POINT('Ctrl Pts',(0.045270325134302,2.65069352965863,-2.47604029451634));
#5827=CARTESIAN_POINT('Ctrl Pts',(0.0600133821955847,2.59905225870761,-2.39857838809359));
#5828=CARTESIAN_POINT('Ctrl Pts',(0.07803055177194,2.54731880023433,-2.32097820038721));
#5829=CARTESIAN_POINT('Ctrl Pts',(0.0964775319075003,2.49435120858481,-2.24152681291657));
#5830=CARTESIAN_POINT('Ctrl Pts',(0.11835694768444,2.44128724059207,-2.16193086093087));
#5831=CARTESIAN_POINT('Ctrl Pts',(0.143777839382441,2.38843533853362,-2.08265300784628));
#5832=CARTESIAN_POINT('Ctrl Pts',(0.168581623926722,2.33686644759985,-2.00529967144866));
#5833=CARTESIAN_POINT('Ctrl Pts',(0.196756877629369,2.28549985023196,-1.92824977539955));
#5834=CARTESIAN_POINT('Ctrl Pts',(0.228361402458029,2.23463313524687,-1.85194970292432));
#5835=CARTESIAN_POINT('Ctrl Pts',(0.260268802395085,2.18327895013216,-1.77491842525468));
#5836=CARTESIAN_POINT('Ctrl Pts',(0.295666916346675,2.13244554351033,-1.69866831532401));
#5837=CARTESIAN_POINT('Ctrl Pts',(0.334462173530995,2.08241679278106,-1.62362518923182));
#5838=CARTESIAN_POINT('Ctrl Pts',(0.373968017828329,2.03147169845392,-1.54720754774286));
#5839=CARTESIAN_POINT('Ctrl Pts',(0.416996481463869,1.98136139429228,-1.47204209150179));
#5840=CARTESIAN_POINT('Ctrl Pts',(0.463394916980866,1.93238346208558,-1.39857519319275));
#5841=CARTESIAN_POINT('Ctrl Pts',(0.509952064963394,1.88323799387706,-1.32485699088098));
#5842=CARTESIAN_POINT('Ctrl Pts',(0.559901978787802,1.83523307311772,-1.25284960974258));
#5843=CARTESIAN_POINT('Ctrl Pts',(0.613040030837164,1.78866108372592,-1.18299162565514));
#5844=CARTESIAN_POINT('Ctrl Pts',(0.665787938694496,1.742431029924,-1.11364654495251));
#5845=CARTESIAN_POINT('Ctrl Pts',(0.721676927368581,1.69761333374959,-1.04642000069079));
#5846=CARTESIAN_POINT('Ctrl Pts',(0.780462741542268,1.65447985597062,-0.981719784021874));
#5847=CARTESIAN_POINT('Ctrl Pts',(0.812363978543157,1.6310726561786,-0.946608984333607));
#5848=CARTESIAN_POINT('Ctrl Pts',(0.845117571013029,1.6081611612019,-0.912241741868202));
#5849=CARTESIAN_POINT('Ctrl Pts',(0.878679656424132,1.58578643759445,-0.878679656456586));
#5850=CARTESIAN_POINT('Ctrl Pts',(0.939623834013871,1.54515698586787,-0.817735478865914));
#5851=CARTESIAN_POINT('Ctrl Pts',(1.00320476379607,1.50628629521753,-0.759429442889284));
#5852=CARTESIAN_POINT('Ctrl Pts',(1.06906511671374,1.46936136412708,-0.704042046252222));
#5853=CARTESIAN_POINT('Ctrl Pts',(1.13401679285325,1.43294588714567,-0.64941883077876));
#5854=CARTESIAN_POINT('Ctrl Pts',(1.20118487251123,1.39842304471723,-0.597634567134476));
#5855=CARTESIAN_POINT('Ctrl Pts',(1.27020274839311,1.36594747051337,-0.548921205826862));
#5856=CARTESIAN_POINT('Ctrl Pts',(1.2910661844873,1.35613041865011,-0.534195628031428));
#5857=CARTESIAN_POINT('Ctrl Pts',(1.31209851800178,1.34650026101184,-0.519750391573442));
#5858=CARTESIAN_POINT('Ctrl Pts',(1.33328930092712,1.33706077536445,-0.505591163101768));
#5859=CARTESIAN_POINT('Ctrl Pts',(1.40304216120889,1.30598919458266,-0.458983791927152));
#5860=CARTESIAN_POINT('Ctrl Pts',(1.47451101333622,1.27698633606855,-0.415479504153856));
#5861=CARTESIAN_POINT('Ctrl Pts',(1.54728392295221,1.25013658583775,-0.375204878805396));
#5862=CARTESIAN_POINT('Ctrl Pts',(1.61896781291082,1.22368863218142,-0.335532948318666));
#5863=CARTESIAN_POINT('Ctrl Pts',(1.69191651549984,1.19932988332242,-0.298994825027804));
#5864=CARTESIAN_POINT('Ctrl Pts',(1.76573202993288,1.17711308479813,-0.26566962723891));
#5865=CARTESIAN_POINT('Ctrl Pts',(1.79434869149981,1.16850011760074,-0.252750176441874));
#5866=CARTESIAN_POINT('Ctrl Pts',(1.82309562383455,1.16020876887139,-0.240313153346898));
#5867=CARTESIAN_POINT('Ctrl Pts',(1.85194970289639,1.15224093495384,-0.228361402469595));
#5868=CARTESIAN_POINT('Ctrl Pts',(1.92681734772364,1.13156680570842,-0.197350208598952));
#5869=CARTESIAN_POINT('Ctrl Pts',(2.0024040232209,1.11307311036083,-0.169609665574962));
#5870=CARTESIAN_POINT('Ctrl Pts',(2.07829168344389,1.09674096581081,-0.145111448747293));
#5871=CARTESIAN_POINT('Ctrl Pts',(2.15331864377359,1.08059405658138,-0.12089108490056));
#5872=CARTESIAN_POINT('Ctrl Pts',(2.22863938573277,1.06655990420914,-0.0998398563395682));
#5873=CARTESIAN_POINT('Ctrl Pts',(2.30386395077693,1.05459313848503,-0.0818897077507891));
#5874=CARTESIAN_POINT('Ctrl Pts',(2.34085687223257,1.04870828392655,-0.0730624259117762));
#5875=CARTESIAN_POINT('Ctrl Pts',(2.37782678933644,1.0433229810718,-0.0649844716283687));
#5876=CARTESIAN_POINT('Ctrl Pts',(2.4147290339492,1.03842943918093,-0.0576441587907889));
#5877=CARTESIAN_POINT('Ctrl Pts',(2.49108956629398,1.02830340300726,-0.0424551045276531));
#5878=CARTESIAN_POINT('Ctrl Pts',(2.56715660289696,1.020284665397,-0.030426998108711));
#5879=CARTESIAN_POINT('Ctrl Pts',(2.64254542443049,1.01425486370383,-0.0213822955656535));
#5880=CARTESIAN_POINT('Ctrl Pts',(2.71756307800441,1.00825474902719,-0.0123821235474125));
#5881=CARTESIAN_POINT('Ctrl Pts',(2.79190886874972,1.00422392401819,-0.00633588603087831));
#5882=CARTESIAN_POINT('Ctrl Pts',(2.86523455711356,1.00202281702802,-0.00303422554381242));
#5883=CARTESIAN_POINT('Ctrl Pts',(2.91057092540866,1.0006618997371,-0.000992849606306908));
#5884=CARTESIAN_POINT('Ctrl Pts',(2.95551795908737,1.,-4.05599756710823E-16));
#5885=CARTESIAN_POINT('Ctrl Pts',(3.,1.,-4.02455846426619E-16));
#5886=CARTESIAN_POINT('Origin',(3.,0.,-3.));
#5887=CARTESIAN_POINT('Ctrl Pts',(3.03576608295941E-15,17.,-3.));
#5888=CARTESIAN_POINT('Ctrl Pts',(3.03576608295941E-15,17.0474104599642,
-2.92888431005386));
#5889=CARTESIAN_POINT('Ctrl Pts',(0.00256260572585723,17.0956092531239,
-2.85658612031451));
#5890=CARTESIAN_POINT('Ctrl Pts',(0.00789300779585738,17.1443884623783,
-2.78341730643318));
#5891=CARTESIAN_POINT('Ctrl Pts',(0.0134303300765817,17.1950612256508,-2.70740816152468));
#5892=CARTESIAN_POINT('Ctrl Pts',(0.0219548895031473,17.2463602872675,-2.63045956909981));
#5893=CARTESIAN_POINT('Ctrl Pts',(0.0336568479302533,17.2980287172897,-2.55295692406675));
#5894=CARTESIAN_POINT('Ctrl Pts',(0.0452703251350586,17.3493064703264,-2.47604029451194));
#5895=CARTESIAN_POINT('Ctrl Pts',(0.0600133821966364,17.4009477412756,-2.39857838808836));
#5896=CARTESIAN_POINT('Ctrl Pts',(0.0780305517733264,17.4526811997473,-2.32097820038126));
#5897=CARTESIAN_POINT('Ctrl Pts',(0.0964775319094685,17.5056487913958,-2.24152681290886));
#5898=CARTESIAN_POINT('Ctrl Pts',(0.118356947687121,17.5587127593877,-2.1619308609215));
#5899=CARTESIAN_POINT('Ctrl Pts',(0.143777839385932,17.6115646614454,-2.08265300783543));
#5900=CARTESIAN_POINT('Ctrl Pts',(0.168581623931303,17.6631335523792,-2.00529967143541));
#5901=CARTESIAN_POINT('Ctrl Pts',(0.196756877635214,17.7145001497472,-1.92824977538408));
#5902=CARTESIAN_POINT('Ctrl Pts',(0.228361402465278,17.7653668647326,-1.85194970290682));
#5903=CARTESIAN_POINT('Ctrl Pts',(0.260268802404457,17.8167210498488,-1.77491842523343));
#5904=CARTESIAN_POINT('Ctrl Pts',(0.295666916358474,17.8675544564722,-1.69866831529924));
#5905=CARTESIAN_POINT('Ctrl Pts',(0.334462173545463,17.917583207203,-1.62362518920383));
#5906=CARTESIAN_POINT('Ctrl Pts',(0.373968017845968,17.9685283015323,-1.54720754771071));
#5907=CARTESIAN_POINT('Ctrl Pts',(0.41699648148501,18.0186386056961,-1.47204209146581));
#5908=CARTESIAN_POINT('Ctrl Pts',(0.463394917005772,18.0676165379049,-1.39857519315332));
#5909=CARTESIAN_POINT('Ctrl Pts',(0.509952064992312,18.1167620061158,-1.32485699083773));
#5910=CARTESIAN_POINT('Ctrl Pts',(0.559901978821029,18.1647669268775,-1.25284960969592));
#5911=CARTESIAN_POINT('Ctrl Pts',(0.613040030874935,18.2113389162716,-1.18299162560551));
#5912=CARTESIAN_POINT('Ctrl Pts',(0.665787938737123,18.2575689700761,-1.11364654489948));
#5913=CARTESIAN_POINT('Ctrl Pts',(0.721676927416333,18.302386666253,-1.04642000063482));
#5914=CARTESIAN_POINT('Ctrl Pts',(0.780462741595359,18.3455201440344,-0.981719783963454));
#5915=CARTESIAN_POINT('Ctrl Pts',(0.812363978583373,18.3689273438162,-0.94660898429122));
#5916=CARTESIAN_POINT('Ctrl Pts',(0.84511757103959,18.391838838783,-0.912241741841256));
#5917=CARTESIAN_POINT('Ctrl Pts',(0.878679656436313,18.4142135623812,-0.878679656444405));
#5918=CARTESIAN_POINT('Ctrl Pts',(0.939623834030675,18.4548430141114,-0.81773547884981));
#5919=CARTESIAN_POINT('Ctrl Pts',(1.00320476381779,18.4937137047651,-0.7594294428697));
#5920=CARTESIAN_POINT('Ctrl Pts',(1.06906511674062,18.5306386358588,-0.704042046229625));
#5921=CARTESIAN_POINT('Ctrl Pts',(1.13401679288521,18.5670541128434,-0.649418830753178));
#5922=CARTESIAN_POINT('Ctrl Pts',(1.2011848725485,18.6015769552748,-0.597634567106364));
#5923=CARTESIAN_POINT('Ctrl Pts',(1.27020274843587,18.6340525294815,-0.548921205796687));
#5924=CARTESIAN_POINT('Ctrl Pts',(1.29106618451905,18.6438695813396,-0.534195628009562));
#5925=CARTESIAN_POINT('Ctrl Pts',(1.31209851802234,18.6534997389729,-0.519750391559586));
#5926=CARTESIAN_POINT('Ctrl Pts',(1.33328930093633,18.6629392246156,-0.505591163095616));
#5927=CARTESIAN_POINT('Ctrl Pts',(1.403042161223,18.6940108054008,-0.458983791918097));
#5928=CARTESIAN_POINT('Ctrl Pts',(1.47451101335545,18.723013663918,-0.415479504142328));
#5929=CARTESIAN_POINT('Ctrl Pts',(1.54728392297672,18.7498634141516,-0.375204878791832));
#5930=CARTESIAN_POINT('Ctrl Pts',(1.61896781293944,18.7763113678104,-0.335532948303697));
#5931=CARTESIAN_POINT('Ctrl Pts',(1.6919165155327,18.8006701166716,-0.298994825011761));
#5932=CARTESIAN_POINT('Ctrl Pts',(1.76573202997005,18.8228869151977,-0.265669627222128));
#5933=CARTESIAN_POINT('Ctrl Pts',(1.79434869152615,18.8314998823921,-0.252750176430448));
#5934=CARTESIAN_POINT('Ctrl Pts',(1.82309562384997,18.8397912311187,-0.240313153340457));
#5935=CARTESIAN_POINT('Ctrl Pts',(1.85194970290081,18.8477590650337,-0.228361402467766));
#5936=CARTESIAN_POINT('Ctrl Pts',(1.92681734773199,18.8684331942814,-0.197350208595636));
#5937=CARTESIAN_POINT('Ctrl Pts',(2.0024040232333,18.8869268896311,-0.169609665570475));
#5938=CARTESIAN_POINT('Ctrl Pts',(2.07829168346042,18.903259034183,-0.145111448741957));
#5939=CARTESIAN_POINT('Ctrl Pts',(2.15331864379184,18.9194059434137,-0.12089108489515));
#5940=CARTESIAN_POINT('Ctrl Pts',(2.22863938575279,18.9334400957872,-0.0998398563341972));
#5941=CARTESIAN_POINT('Ctrl Pts',(2.30386395079875,18.9454068615123,-0.0818897077455819));
#5942=CARTESIAN_POINT('Ctrl Pts',(2.34085687224739,18.95129171607,-0.0730624259085342));
#5943=CARTESIAN_POINT('Ctrl Pts',(2.37782678934426,18.9566770189241,-0.0649844716268025));
#5944=CARTESIAN_POINT('Ctrl Pts',(2.41472903395007,18.9615705608145,-0.0576441587906166));
#5945=CARTESIAN_POINT('Ctrl Pts',(2.49108956629318,18.971696596989,-0.0424551045278369));
#5946=CARTESIAN_POINT('Ctrl Pts',(2.56715660289456,18.9797153346,-0.0304269981090984));
#5947=CARTESIAN_POINT('Ctrl Pts',(2.64254542442659,18.9857451362939,-0.0213822955661214));
#5948=CARTESIAN_POINT('Ctrl Pts',(2.71756307799661,18.991745250971,-0.0123821235482485));
#5949=CARTESIAN_POINT('Ctrl Pts',(2.79190886873815,18.9957760759806,-0.00633588603177158));
#5950=CARTESIAN_POINT('Ctrl Pts',(2.86523455709837,18.9979771829712,-0.00303422554449656));
#5951=CARTESIAN_POINT('Ctrl Pts',(2.91057092539862,18.9993381002626,-0.000992849606528943));
#5952=CARTESIAN_POINT('Ctrl Pts',(2.9555179590824,19.,-4.3178337718436E-16));
#5953=CARTESIAN_POINT('Ctrl Pts',(3.,19.,-4.30211422042248E-16));
#5954=CARTESIAN_POINT('Ctrl Pts',(3.03576608295941E-15,17.,-3.));
#5955=CARTESIAN_POINT('Ctrl Pts',(3.03576608295941E-15,17.,-3.));
#5956=CARTESIAN_POINT('Ctrl Pts',(3.03576608295941E-15,17.,-3.));
#5957=CARTESIAN_POINT('Ctrl Pts',(3.03576608295941E-15,17.261846585433,
-2.60723012185167));
#5958=CARTESIAN_POINT('Ctrl Pts',(3.03576608295941E-15,17.3272394485207,
-2.67276055148023));
#5959=CARTESIAN_POINT('Ctrl Pts',(3.03576608295941E-15,17.3927698781495,
-2.73815341456842));
#5960=CARTESIAN_POINT('Ctrl Pts',(0.078081973373239,17.5234957741552,-2.21475633876651));
#5961=CARTESIAN_POINT('Ctrl Pts',(0.0534547928105969,17.6621325260181,-2.33786747398127));
#5962=CARTESIAN_POINT('Ctrl Pts',(0.0780819733729517,17.7852436612328,-2.4765042258443));
#5963=CARTESIAN_POINT('Ctrl Pts',(0.378640831559047,18.0072379553052,-1.48914306704296));
#5964=CARTESIAN_POINT('Ctrl Pts',(0.262498668752349,18.2973809645908,-1.70261903540989));
#5965=CARTESIAN_POINT('Ctrl Pts',(0.378640831559335,18.5108569329577,-1.99276204469534));
#5966=CARTESIAN_POINT('Ctrl Pts',(0.60099948051881,18.2290934450919,-1.15635983236191));
#5967=CARTESIAN_POINT('Ctrl Pts',(0.426179068760044,18.6096929590562,-1.39030704094399));
#5968=CARTESIAN_POINT('Ctrl Pts',(0.600999480518793,18.8436401676381,-1.77090655490794));
#5969=CARTESIAN_POINT('Ctrl Pts',(1.01751974440114,18.5067736210137,-0.73983956847958));
#5970=CARTESIAN_POINT('Ctrl Pts',(0.758629502279257,19.0328116624031,-0.967188337596794));
#5971=CARTESIAN_POINT('Ctrl Pts',(1.01751974440115,19.2601604315204,-1.49322637898639));
#5972=CARTESIAN_POINT('Ctrl Pts',(1.17003062953343,18.5902152534786,-0.614677119782121));
#5973=CARTESIAN_POINT('Ctrl Pts',(0.890465342507553,19.1713650768823,-0.828634923117523));
#5974=CARTESIAN_POINT('Ctrl Pts',(1.17003062953338,19.3853228802178,-1.40978474652141));
#5975=CARTESIAN_POINT('Ctrl Pts',(1.49654797234896,18.7356631957316,-0.39650520640261));
#5976=CARTESIAN_POINT('Ctrl Pts',(1.19617972490726,19.4312379467422,-0.568762053258002));
#5977=CARTESIAN_POINT('Ctrl Pts',(1.49654797234901,19.6034947935974,-1.26433680426841));
#5978=CARTESIAN_POINT('Ctrl Pts',(1.67054638748895,18.7976659226863,-0.303501115970801));
#5979=CARTESIAN_POINT('Ctrl Pts',(1.37150740946682,19.5512180078449,-0.44878199215517));
#5980=CARTESIAN_POINT('Ctrl Pts',(1.67054638748898,19.6964988840292,-1.20233407731388));
#5981=CARTESIAN_POINT('Ctrl Pts',(2.03335301832051,18.8978522073589,-0.153221688961482));
#5982=CARTESIAN_POINT('Ctrl Pts',(1.77061607196563,19.7602462691991,-0.23975373080078));
#5983=CARTESIAN_POINT('Ctrl Pts',(2.03335301832048,19.8467783110385,-1.10214779264098));
#5984=CARTESIAN_POINT('Ctrl Pts',(2.22215230220245,18.9360332983968,-0.0959500524047733));
#5985=CARTESIAN_POINT('Ctrl Pts',(1.99384856658386,19.846483677443,-0.153516322557005));
#5986=CARTESIAN_POINT('Ctrl Pts',(2.22215230220244,19.9040499475952,-1.06396670160318));
#5987=CARTESIAN_POINT('Ctrl Pts',(2.60730576570078,18.9871078232161,-0.019338265175845));
#5988=CARTESIAN_POINT('Ctrl Pts',(2.47990445629241,19.9677707039963,-0.0322292960037199));
#5989=CARTESIAN_POINT('Ctrl Pts',(2.60730576570079,19.9806617348242,-1.0128921767839));
#5990=CARTESIAN_POINT('Ctrl Pts',(2.80364823760679,18.9999999999964,-2.6337286310765E-16));
#5991=CARTESIAN_POINT('Ctrl Pts',(2.73794660445215,19.9999999999036,-9.6231459771065E-11));
#5992=CARTESIAN_POINT('Ctrl Pts',(2.80364823760678,20.,-1.00000000000406));
#5993=CARTESIAN_POINT('Ctrl Pts',(3.00000000000001,19.,-4.33680868994202E-16));
#5994=CARTESIAN_POINT('Ctrl Pts',(3.00000000000001,20.,-4.33680868994202E-16));
#5995=CARTESIAN_POINT('Ctrl Pts',(3.00000000000001,20.,-1.));
#5996=CARTESIAN_POINT('Ctrl Pts',(3.03576608295941E-15,17.,-3.));
#5997=CARTESIAN_POINT('Ctrl Pts',(3.03576608295941E-15,17.0711156899467,
-2.9525895400328));
#5998=CARTESIAN_POINT('Ctrl Pts',(0.00256260572587437,17.1434138796866,
-2.90439074687012));
#5999=CARTESIAN_POINT('Ctrl Pts',(0.00789300779593589,17.2165826935685,
-2.8556115376128));
#6000=CARTESIAN_POINT('Ctrl Pts',(0.0134303300765378,17.2925918384751,-2.80493877433895));
#6001=CARTESIAN_POINT('Ctrl Pts',(0.0219548895028277,17.369540430898,-2.75363971272092));
#6002=CARTESIAN_POINT('Ctrl Pts',(0.0336568479295261,17.4470430759292,-2.70197128269751));
#6003=CARTESIAN_POINT('Ctrl Pts',(0.0452703251340105,17.5239597054827,-2.65069352965923));
#6004=CARTESIAN_POINT('Ctrl Pts',(0.0600133821951831,17.6014216119051,-2.5990522587085));
#6005=CARTESIAN_POINT('Ctrl Pts',(0.0780305517714192,17.6790217996111,-2.54731880023553));
#6006=CARTESIAN_POINT('Ctrl Pts',(0.0964775319068079,17.7584731870812,-2.49435120858647));
#6007=CARTESIAN_POINT('Ctrl Pts',(0.118356947683548,17.8380691390663,-2.44128724059421));
#6008=CARTESIAN_POINT('Ctrl Pts',(0.14377783938133,17.9173469921504,-2.38843533853626));
#6009=CARTESIAN_POINT('Ctrl Pts',(0.168581623925943,17.9947003285493,-2.33686644760184));
#6010=CARTESIAN_POINT('Ctrl Pts',(0.196756877629052,18.0717502245997,-2.28549985023333));
#6011=CARTESIAN_POINT('Ctrl Pts',(0.228361402458313,18.1480502970764,-2.23463313524767));
#6012=CARTESIAN_POINT('Ctrl Pts',(0.260268802395232,18.2250815747456,-2.18327895013359));
#6013=CARTESIAN_POINT('Ctrl Pts',(0.295666916346611,18.3013316846759,-2.13244554351237));
#6014=CARTESIAN_POINT('Ctrl Pts',(0.33446217353065,18.3763748107676,-2.08241679278369));
#6015=CARTESIAN_POINT('Ctrl Pts',(0.373968017827923,18.4527924522565,-2.03147169845687));
#6016=CARTESIAN_POINT('Ctrl Pts',(0.416996481463371,18.5279579084975,-1.98136139429553));
#6017=CARTESIAN_POINT('Ctrl Pts',(0.463394916980245,18.6014248068064,-1.93238346208912));
#6018=CARTESIAN_POINT('Ctrl Pts',(0.509952064962805,18.6751430091183,-1.88323799388072));
#6019=CARTESIAN_POINT('Ctrl Pts',(0.559901978787238,18.7471503902567,-1.83523307312147));
#6020=CARTESIAN_POINT('Ctrl Pts',(0.613040030836619,18.8170083743442,-1.78866108372975));
#6021=CARTESIAN_POINT('Ctrl Pts',(0.665787938694234,18.8863534550472,-1.74243102992768));
#6022=CARTESIAN_POINT('Ctrl Pts',(0.721676927368623,18.9535799993093,-1.69761333375311));
#6023=CARTESIAN_POINT('Ctrl Pts',(0.780462741542644,19.0182802159786,-1.65447985597397));
#6024=CARTESIAN_POINT('Ctrl Pts',(0.812363978543856,19.0533910156672,-1.63107265618176));
#6025=CARTESIAN_POINT('Ctrl Pts',(0.845117571014069,19.0877582581329,-1.60816116120486));
#6026=CARTESIAN_POINT('Ctrl Pts',(0.878679656425526,19.1213203435448,-1.58578643759723));
#6027=CARTESIAN_POINT('Ctrl Pts',(0.939623834015927,19.1822645211361,-1.54515698587029));
#6028=CARTESIAN_POINT('Ctrl Pts',(1.00320476379881,19.2405705571132,-1.5062862952196));
#6029=CARTESIAN_POINT('Ctrl Pts',(1.06906511671719,19.2959579537507,-1.46936136412881));
#6030=CARTESIAN_POINT('Ctrl Pts',(1.13401679285775,19.3505811692249,-1.43294588714687));
#6031=CARTESIAN_POINT('Ctrl Pts',(1.20118487251683,19.4023654328698,-1.39842304471793));
#6032=CARTESIAN_POINT('Ctrl Pts',(1.27020274839987,19.4510787941779,-1.36594747051362));
#6033=CARTESIAN_POINT('Ctrl Pts',(1.29106618449225,19.465804371972,-1.35613041865124));
#6034=CARTESIAN_POINT('Ctrl Pts',(1.31209851800491,19.4802496084287,-1.3465002610138));
#6035=CARTESIAN_POINT('Ctrl Pts',(1.3332893009284,19.4944088368991,-1.33706077536721));
#6036=CARTESIAN_POINT('Ctrl Pts',(1.40304216121125,19.5410162080744,-1.30598919458485));
#6037=CARTESIAN_POINT('Ctrl Pts',(1.47451101333969,19.5845204958482,-1.27698633607022));
#6038=CARTESIAN_POINT('Ctrl Pts',(1.54728392295682,19.6247951211972,-1.25013658583895));
#6039=CARTESIAN_POINT('Ctrl Pts',(1.61896781291679,19.6644670516845,-1.22368863218205));
#6040=CARTESIAN_POINT('Ctrl Pts',(1.6919165155072,19.7010051749758,-1.19932988332256));
#6041=CARTESIAN_POINT('Ctrl Pts',(1.76573202994165,19.7343303727651,-1.17711308479783));
#6042=CARTESIAN_POINT('Ctrl Pts',(1.79434869150591,19.7472498235608,-1.16850011760125));
#6043=CARTESIAN_POINT('Ctrl Pts',(1.82309562383795,19.7596868466545,-1.16020876887264));
#6044=CARTESIAN_POINT('Ctrl Pts',(1.85194970289707,19.7716385975307,-1.15224093495577));
#6045=CARTESIAN_POINT('Ctrl Pts',(1.92681734772551,19.8026497914018,-1.13156680570984));
#6046=CARTESIAN_POINT('Ctrl Pts',(2.00240402322399,19.8303903344262,-1.1130731103618));
#6047=CARTESIAN_POINT('Ctrl Pts',(2.07829168344821,19.8548885512541,-1.0967409658114));
#6048=CARTESIAN_POINT('Ctrl Pts',(2.15331864377866,19.879108915101,-1.0805940565817));
#6049=CARTESIAN_POINT('Ctrl Pts',(2.2286393857386,19.900160143662,-1.06655990420923));
#6050=CARTESIAN_POINT('Ctrl Pts',(2.30386395078352,19.9181102922508,-1.05459313848494));
#6051=CARTESIAN_POINT('Ctrl Pts',(2.34085687223701,19.9269375740892,-1.04870828392678));
#6052=CARTESIAN_POINT('Ctrl Pts',(2.37782678933871,19.9350155283721,-1.04332298107229));
#6053=CARTESIAN_POINT('Ctrl Pts',(2.41472903394933,19.9423558412092,-1.03842943918162));
#6054=CARTESIAN_POINT('Ctrl Pts',(2.49108956629472,19.9575448954725,-1.02830340300772));
#6055=CARTESIAN_POINT('Ctrl Pts',(2.56715660289831,19.9695730018915,-1.02028466539727));
#6056=CARTESIAN_POINT('Ctrl Pts',(2.64254542443244,19.9786177044346,-1.01425486370397));
#6057=CARTESIAN_POINT('Ctrl Pts',(2.71756307800638,19.9876178764528,-1.00825474902725));
#6058=CARTESIAN_POINT('Ctrl Pts',(2.79190886875171,19.9936641139693,-1.00422392401819));
#6059=CARTESIAN_POINT('Ctrl Pts',(2.86523455711559,19.9969657744563,-1.00202281702801));
#6060=CARTESIAN_POINT('Ctrl Pts',(2.91057092541,19.9990071503937,-1.0006618997371));
#6061=CARTESIAN_POINT('Ctrl Pts',(2.95551795908803,20.,-1.));
#6062=CARTESIAN_POINT('Ctrl Pts',(3.,20.,-1.));
#6063=CARTESIAN_POINT('Origin',(3.,17.,0.));
#6064=CARTESIAN_POINT('',(0.,0.,0.));
#6065=CARTESIAN_POINT('Origin',(5.499,19.75,9.50100000000002));
#6066=CARTESIAN_POINT('',(5.499,20.,8.25100000000002));
#6067=CARTESIAN_POINT('Origin',(5.499,20.,9.50100000000002));
#6068=CARTESIAN_POINT('',(5.499,19.75,8.50100000000002));
#6069=CARTESIAN_POINT('Origin',(5.499,19.75,8.25100000000002));
#6070=CARTESIAN_POINT('',(5.499,19.75,10.501));
#6071=CARTESIAN_POINT('Origin',(5.499,19.75,9.50100000000002));
#6072=CARTESIAN_POINT('Origin',(5.499,19.75,9.50100000000002));
#6073=CARTESIAN_POINT('Origin',(5.499,-7.81024967590666,9.50100000000002));
#6074=CARTESIAN_POINT('',(5.499,0.,10.501));
#6075=CARTESIAN_POINT('Origin',(5.499,0.,9.50100000000002));
#6076=CARTESIAN_POINT('',(5.499,6.6,10.501));
#6077=CARTESIAN_POINT('',(5.499,-7.81024967590666,10.501));
#6078=CARTESIAN_POINT('Origin',(5.499,6.6,9.50100000000002));
#6079=CARTESIAN_POINT('Origin',(5.499,-7.81024967590666,9.50100000000002));
#6080=CARTESIAN_POINT('',(5.499,13.4,10.501));
#6081=CARTESIAN_POINT('Origin',(5.499,13.4,9.50100000000002));
#6082=CARTESIAN_POINT('',(5.499,-7.81024967590666,10.501));
#6083=CARTESIAN_POINT('Origin',(8.,-7.81024967590666,6.00000000000002));
#6084=CARTESIAN_POINT('',(8.,0.,9.501));
#6085=CARTESIAN_POINT('',(8.,6.6,9.501));
#6086=CARTESIAN_POINT('',(8.,-7.81024967590666,9.501));
#6087=CARTESIAN_POINT('',(8.00000000000001,0.,6.00000000000001));
#6088=CARTESIAN_POINT('',(8.,0.,6.00000000000002));
#6089=CARTESIAN_POINT('',(8.00000000000001,1.,7.00000000000001));
#6090=CARTESIAN_POINT('Origin',(8.00000000000001,1.,6.00000000000001));
#6091=CARTESIAN_POINT('',(8.00000000000001,6.6,7.00000000000001));
#6092=CARTESIAN_POINT('',(8.00000000000001,0.,7.00000000000001));
#6093=CARTESIAN_POINT('',(8.00000000000001,6.6,7.00000000000008));
#6094=CARTESIAN_POINT('Origin',(8.,-7.81024967590666,6.00000000000002));
#6095=CARTESIAN_POINT('',(8.00000000000001,13.4,7.00000000000001));
#6096=CARTESIAN_POINT('',(8.00000000000001,19.,7.00000000000001));
#6097=CARTESIAN_POINT('',(8.00000000000001,0.,7.00000000000001));
#6098=CARTESIAN_POINT('',(8.00000000000001,20.,6.00000000000001));
#6099=CARTESIAN_POINT('Origin',(8.00000000000001,19.,6.00000000000001));
#6100=CARTESIAN_POINT('',(8.,20.,9.501));
#6101=CARTESIAN_POINT('',(8.,20.,6.00000000000002));
#6102=CARTESIAN_POINT('',(8.,13.4,9.501));
#6103=CARTESIAN_POINT('',(8.,-7.81024967590666,9.501));
#6104=CARTESIAN_POINT('',(8.00000000000001,13.4,7.00000000000008));
#6105=CARTESIAN_POINT('Origin',(5.49900000000002,-7.81024967590666,12.));
#6106=CARTESIAN_POINT('',(5.50099999999998,13.4,12.));
#6107=CARTESIAN_POINT('',(5.50099999999998,20.,12.));
#6108=CARTESIAN_POINT('',(5.50099999999998,-7.81024967590666,12.));
#6109=CARTESIAN_POINT('',(5.49900000000002,20.,12.));
#6110=CARTESIAN_POINT('',(5.49900000000002,20.,12.));
#6111=CARTESIAN_POINT('',(5.499,13.4,12.));
#6112=CARTESIAN_POINT('',(5.49900000000002,-7.81024967590666,12.));
#6113=CARTESIAN_POINT('',(149.709351582792,13.4,12.0000000000001));
#6114=CARTESIAN_POINT('Origin',(3.,-7.81024967590666,6.00000000000002));
#6115=CARTESIAN_POINT('',(3.,6.6,9.50100000000002));
#6116=CARTESIAN_POINT('',(3.,6.6,7.00000000000001));
#6117=CARTESIAN_POINT('',(3.,6.6,7.00000000000001));
#6118=CARTESIAN_POINT('',(3.,1.,7.00000000000001));
#6119=CARTESIAN_POINT('',(3.,0.,7.00000000000001));
#6120=CARTESIAN_POINT('',(3.,0.,6.00000000000001));
#6121=CARTESIAN_POINT('Origin',(3.,1.,6.00000000000001));
#6122=CARTESIAN_POINT('',(3.,0.,9.501));
#6123=CARTESIAN_POINT('',(3.,0.,6.00000000000002));
#6124=CARTESIAN_POINT('',(3.,-7.81024967590666,9.501));
#6125=CARTESIAN_POINT('Origin',(5.501,-7.81024967590666,9.50100000000002));
#6126=CARTESIAN_POINT('',(5.50099999999998,0.,12.));
#6127=CARTESIAN_POINT('',(5.50099999999998,6.6,12.));
#6128=CARTESIAN_POINT('',(5.50099999999998,-7.81024967590666,12.));
#6129=CARTESIAN_POINT('Origin',(5.501,0.,9.50100000000002));
#6130=CARTESIAN_POINT('Origin',(5.501,6.6,9.50100000000002));
#6131=CARTESIAN_POINT('Origin',(5.501,-7.81024967590666,9.50100000000002));
#6132=CARTESIAN_POINT('Origin',(5.501,20.,9.50100000000002));
#6133=CARTESIAN_POINT('Origin',(5.501,13.4,9.50100000000002));
#6134=CARTESIAN_POINT('Origin',(5.499,-7.81024967590666,9.50100000000002));
#6135=CARTESIAN_POINT('',(5.49900000000002,0.,12.));
#6136=CARTESIAN_POINT('Origin',(5.499,0.,9.50100000000002));
#6137=CARTESIAN_POINT('',(5.499,6.6,12.));
#6138=CARTESIAN_POINT('',(5.49900000000002,-7.81024967590666,12.));
#6139=CARTESIAN_POINT('Origin',(5.499,6.6,9.50100000000002));
#6140=CARTESIAN_POINT('Origin',(5.499,-7.81024967590666,9.50100000000002));
#6141=CARTESIAN_POINT('',(3.,20.,9.501));
#6142=CARTESIAN_POINT('Origin',(5.499,20.,9.50100000000002));
#6143=CARTESIAN_POINT('',(3.,13.4,9.501));
#6144=CARTESIAN_POINT('',(3.,-7.81024967590666,9.501));
#6145=CARTESIAN_POINT('Origin',(5.499,13.4,9.50100000000002));
#6146=CARTESIAN_POINT('Origin',(110.,1.,6.00000000000001));
#6147=CARTESIAN_POINT('',(107.797626982843,0.,6.00000000000001));
#6148=CARTESIAN_POINT('',(110.,0.,6.00000000000001));
#6149=CARTESIAN_POINT('',(107.797626983204,0.215516578739281,6.62018054493694));
#6150=CARTESIAN_POINT('Origin',(107.797626982843,1.,6.00000000000001));
#6151=CARTESIAN_POINT('',(106.364723043455,0.997394371062131,6.99999660534317));
#6152=CARTESIAN_POINT('Ctrl Pts',(106.364723043452,0.997394371062153,6.99999660534317));
#6153=CARTESIAN_POINT('Ctrl Pts',(106.362835642075,0.984427509437265,6.99996281839859));
#6154=CARTESIAN_POINT('Ctrl Pts',(106.361871863208,0.971430866679103,6.99967925579937));
#6155=CARTESIAN_POINT('Ctrl Pts',(106.361855356582,0.958492364345761,6.99914598374318));
#6156=CARTESIAN_POINT('Ctrl Pts',(106.361838863944,0.945564825345765,6.99861316355068));
#6157=CARTESIAN_POINT('Ctrl Pts',(106.362768067994,0.932695329663856,6.99783107663542));
#6158=CARTESIAN_POINT('Ctrl Pts',(106.364616189745,0.919969298218524,6.99681307478517));
#6159=CARTESIAN_POINT('Ctrl Pts',(106.366488080855,0.907079592696056,6.99578198004621));
#6160=CARTESIAN_POINT('Ctrl Pts',(106.36930270531,0.894337066515002,6.99450888378816));
#6161=CARTESIAN_POINT('Ctrl Pts',(106.372979930607,0.881828114458876,6.99302103564708));
#6162=CARTESIAN_POINT('Ctrl Pts',(106.376711648769,0.869133792028299,6.99151113905895));
#6163=CARTESIAN_POINT('Ctrl Pts',(106.381331624011,0.856680012906448,6.98978013101132));
#6164=CARTESIAN_POINT('Ctrl Pts',(106.386703070926,0.844554675606315,6.98786963290648));
#6165=CARTESIAN_POINT('Ctrl Pts',(106.392297738882,0.831925446066329,6.98587974029528));
#6166=CARTESIAN_POINT('Ctrl Pts',(106.398707566479,0.819652520032962,6.98369517616891));
#6167=CARTESIAN_POINT('Ctrl Pts',(106.40572174552,0.807832683606177,6.98137645400582));
#6168=CARTESIAN_POINT('Ctrl Pts',(106.410251790034,0.800198948446398,6.97987892812958));
#6169=CARTESIAN_POINT('Ctrl Pts',(106.4150327522,0.792754149395324,6.97832572062094));
#6170=CARTESIAN_POINT('Ctrl Pts',(106.419996733265,0.785523861114718,6.97673571042726));
#6171=CARTESIAN_POINT('Ctrl Pts',(106.427927124168,0.77397284759173,6.97419553104076));
#6172=CARTESIAN_POINT('Ctrl Pts',(106.43641183268,0.76284711919458,6.97153560668166));
#6173=CARTESIAN_POINT('Ctrl Pts',(106.445326865635,0.752106075044837,6.96878718096661));
#6174=CARTESIAN_POINT('Ctrl Pts',(106.456460576123,0.738691915332599,6.96535475661522));
#6175=CARTESIAN_POINT('Ctrl Pts',(106.468280793173,0.725877189684795,6.96178042269431));
#6176=CARTESIAN_POINT('Ctrl Pts',(106.480617038345,0.713585701756765,6.9581059737842));
#6177=CARTESIAN_POINT('Ctrl Pts',(106.487868705636,0.706360344307351,6.95594600690626));
#6178=CARTESIAN_POINT('Ctrl Pts',(106.495299666383,0.699315838519835,6.95375117082701));
#6179=CARTESIAN_POINT('Ctrl Pts',(106.502883345075,0.692437088023989,6.95152774798095));
#6180=CARTESIAN_POINT('Ctrl Pts',(106.514615377698,0.681795586913455,6.94808808888881));
#6181=CARTESIAN_POINT('Ctrl Pts',(106.52672013516,0.67154961339546,6.94457823214529));
#6182=CARTESIAN_POINT('Ctrl Pts',(106.53906827447,0.661681309943186,6.94103044913553));
#6183=CARTESIAN_POINT('Ctrl Pts',(106.551179724827,0.652002161986102,6.93755066997823));
#6184=CARTESIAN_POINT('Ctrl Pts',(106.563526134901,0.642685971429932,6.93403416694942));
#6185=CARTESIAN_POINT('Ctrl Pts',(106.576031372891,0.633705809467494,6.93049909510013));
#6186=CARTESIAN_POINT('Ctrl Pts',(106.576270566923,0.633534041353499,6.93043147798732));
#6187=CARTESIAN_POINT('Ctrl Pts',(106.576509825395,0.633362390189372,6.9303638521944));
#6188=CARTESIAN_POINT('Ctrl Pts',(106.576749148144,0.633190855575092,6.93029621774551));
#6189=CARTESIAN_POINT('Ctrl Pts',(106.596406839333,0.619101202632571,6.92474080307996));
#6190=CARTESIAN_POINT('Ctrl Pts',(106.616631873399,0.605698571784442,6.91908924239922));
#6191=CARTESIAN_POINT('Ctrl Pts',(106.637240401219,0.592898662504439,6.91338472650423));
#6192=CARTESIAN_POINT('Ctrl Pts',(106.65857495135,0.579647822435917,6.90747924497781));
#6193=CARTESIAN_POINT('Ctrl Pts',(106.680320572988,0.567042947151087,6.90151696006519));
#6194=CARTESIAN_POINT('Ctrl Pts',(106.702328096536,0.554998641324102,6.89553138016778));
#6195=CARTESIAN_POINT('Ctrl Pts',(106.72343536151,0.543447030168302,6.88979065151889));
#6196=CARTESIAN_POINT('Ctrl Pts',(106.744784172049,0.532411167392227,6.88402831136539));
#6197=CARTESIAN_POINT('Ctrl Pts',(106.766286099944,0.521821936031101,6.87826291003394));
#6198=CARTESIAN_POINT('Ctrl Pts',(106.790448464393,0.509922497588517,6.87178415478715));
#6199=CARTESIAN_POINT('Ctrl Pts',(106.814803599188,0.498587051654794,6.86530152894281));
#6200=CARTESIAN_POINT('Ctrl Pts',(106.839296770877,0.487727152065184,6.85882434527573));
#6201=CARTESIAN_POINT('Ctrl Pts',(106.864387435808,0.476602333064384,6.8521891553887));
#6202=CARTESIAN_POINT('Ctrl Pts',(106.889623030911,0.465976571987463,6.8455596268744));
#6203=CARTESIAN_POINT('Ctrl Pts',(106.914997812844,0.455762110042348,6.83893283906971));
#6204=CARTESIAN_POINT('Ctrl Pts',(106.930923176462,0.449351453151959,6.83477382774542));
#6205=CARTESIAN_POINT('Ctrl Pts',(106.946904415277,0.443102946216788,6.83061564221171));
#6206=CARTESIAN_POINT('Ctrl Pts',(106.962950165754,0.436996240138355,6.82645518612302));
#6207=CARTESIAN_POINT('Ctrl Pts',(106.980457344287,0.430333342462832,6.821915800594));
#6208=CARTESIAN_POINT('Ctrl Pts',(106.998089819837,0.423821712695907,6.81736160364838));
#6209=CARTESIAN_POINT('Ctrl Pts',(107.015829651651,0.417452277366011,6.81279650027537));
#6210=CARTESIAN_POINT('Ctrl Pts',(107.044067374391,0.407313604647295,6.80552990808487));
#6211=CARTESIAN_POINT('Ctrl Pts',(107.072642978101,0.397516432715411,6.79821927833019));
#6212=CARTESIAN_POINT('Ctrl Pts',(107.101367814362,0.388069226327214,6.79091024449263));
#6213=CARTESIAN_POINT('Ctrl Pts',(107.122103747408,0.381249461112489,6.78563398686997));
#6214=CARTESIAN_POINT('Ctrl Pts',(107.14291867988,0.374611822421723,6.78035824255503));
#6215=CARTESIAN_POINT('Ctrl Pts',(107.163757576777,0.368156648553192,6.77509610973638));
#6216=CARTESIAN_POINT('Ctrl Pts',(107.203304645631,0.355906326153153,6.76510988398117));
#6217=CARTESIAN_POINT('Ctrl Pts',(107.242891947029,0.3443196925409,6.75518368008039));
#6218=CARTESIAN_POINT('Ctrl Pts',(107.282469726487,0.333296599907444,6.74532323230901));
#6219=CARTESIAN_POINT('Ctrl Pts',(107.296804409099,0.329304144128985,6.74175187506906));
#6220=CARTESIAN_POINT('Ctrl Pts',(107.311138317298,0.325385740779598,6.73818903275511));
#6221=CARTESIAN_POINT('Ctrl Pts',(107.325470657416,0.321537043938798,6.73463461515201));
#6222=CARTESIAN_POINT('Ctrl Pts',(107.368712066302,0.309925327191853,6.7239107540336));
#6223=CARTESIAN_POINT('Ctrl Pts',(107.411913880791,0.298940884585426,6.71326418230708));
#6224=CARTESIAN_POINT('Ctrl Pts',(107.455133044652,0.288482623464626,6.70268026593091));
#6225=CARTESIAN_POINT('Ctrl Pts',(107.498612032669,0.27796148956629,6.6920327213653));
#6226=CARTESIAN_POINT('Ctrl Pts',(107.542108607829,0.267972949265458,6.68144849601769));
#6227=CARTESIAN_POINT('Ctrl Pts',(107.585730825009,0.258426747086198,6.6709005496278));
#6228=CARTESIAN_POINT('Ctrl Pts',(107.629651457782,0.248815240212159,6.66028044570274));
#6229=CARTESIAN_POINT('Ctrl Pts',(107.673699465739,0.239652195903892,6.6496970459105));
#6230=CARTESIAN_POINT('Ctrl Pts',(107.71803545328,0.230857405728165,6.63911172388112));
#6231=CARTESIAN_POINT('Ctrl Pts',(107.744448675859,0.225617897975271,6.63280550443397));
#6232=CARTESIAN_POINT('Ctrl Pts',(107.770965064243,0.220509313267719,6.62649839881157));
#6233=CARTESIAN_POINT('Ctrl Pts',(107.797626983204,0.215516578739281,6.62018054493694));
#6234=CARTESIAN_POINT('',(106.364912675283,0.999999999715295,7.00000000000001));
#6235=CARTESIAN_POINT('Ctrl Pts',(106.364912675282,1.,7.00000000000001));
#6236=CARTESIAN_POINT('Ctrl Pts',(106.364912675282,0.999131455792214,7.00000000000001));
#6237=CARTESIAN_POINT('Ctrl Pts',(106.364849464637,0.99826291232153,6.99999886844709));
#6238=CARTESIAN_POINT('Ctrl Pts',(106.364723043452,0.997394371062153,6.99999660534316));
#6239=CARTESIAN_POINT('',(110.,1.,7.00000000000001));
#6240=CARTESIAN_POINT('Origin',(110.,19.,6.00000000000001));
#6241=CARTESIAN_POINT('',(106.365782894239,19.,7.00000000000001));
#6242=CARTESIAN_POINT('',(110.,19.,7.00000000000001));
#6243=CARTESIAN_POINT('',(107.816178594403,19.7390068736003,6.6736978853845));
#6244=CARTESIAN_POINT('Ctrl Pts',(107.816178594403,19.7390068736003,6.67369788538451));
#6245=CARTESIAN_POINT('Ctrl Pts',(107.766481504455,19.7277326027937,6.68606509597202));
#6246=CARTESIAN_POINT('Ctrl Pts',(107.717144695853,19.7160028019837,6.69831275182065));
#6247=CARTESIAN_POINT('Ctrl Pts',(107.667968039289,19.7037168295403,6.71048177351709));
#6248=CARTESIAN_POINT('Ctrl Pts',(107.618791382725,19.6914308570969,6.72265079521352));
#6249=CARTESIAN_POINT('Ctrl Pts',(107.569774719702,19.6785887979504,6.73474128425209));
#6250=CARTESIAN_POINT('Ctrl Pts',(107.520772429322,19.665074160955,6.74677731649868));
#6251=CARTESIAN_POINT('Ctrl Pts',(107.483205094192,19.6547132391855,6.75600467410845));
#6252=CARTESIAN_POINT('Ctrl Pts',(107.445592163515,19.6439363876093,6.76521291501597));
#6253=CARTESIAN_POINT('Ctrl Pts',(107.408009593799,19.6327184109907,6.7743778923225));
#6254=CARTESIAN_POINT('Ctrl Pts',(107.372718487162,19.622184410466,6.78298406784223));
#6255=CARTESIAN_POINT('Ctrl Pts',(107.337453955439,19.6112613132401,6.79155214244927));
#6256=CARTESIAN_POINT('Ctrl Pts',(107.3023230542,19.5999310117281,6.80005011163773));
#6257=CARTESIAN_POINT('Ctrl Pts',(107.28594105171,19.5946475427299,6.80401282672589));
#6258=CARTESIAN_POINT('Ctrl Pts',(107.269588772729,19.5892755792908,6.80796011694578));
#6259=CARTESIAN_POINT('Ctrl Pts',(107.253280881764,19.5838136279748,6.81188770642719));
#6260=CARTESIAN_POINT('Ctrl Pts',(107.212810646546,19.5702590576758,6.82163455048547));
#6261=CARTESIAN_POINT('Ctrl Pts',(107.172547577348,19.5561435932267,6.83127684697645));
#6262=CARTESIAN_POINT('Ctrl Pts',(107.132568771622,19.5413835203258,6.84078524879336));
#6263=CARTESIAN_POINT('Ctrl Pts',(107.095138595745,19.5275643950517,6.84968749451716));
#6264=CARTESIAN_POINT('Ctrl Pts',(107.057957792321,19.5131801991296,6.85847232043826));
#6265=CARTESIAN_POINT('Ctrl Pts',(107.021128919329,19.4981557173325,6.86710412007947));
#6266=CARTESIAN_POINT('Ctrl Pts',(106.993223825568,19.486771725937,6.87364440108024));
#6267=CARTESIAN_POINT('Ctrl Pts',(106.965565391075,19.4750404591359,6.88008595041387));
#6268=CARTESIAN_POINT('Ctrl Pts',(106.938076083921,19.462864860768,6.88644079913452));
#6269=CARTESIAN_POINT('Ctrl Pts',(106.911392031232,19.4510459267172,6.89260949291551));
#6270=CARTESIAN_POINT('Ctrl Pts',(106.884867261025,19.4388083275633,6.89869652017425));
#6271=CARTESIAN_POINT('Ctrl Pts',(106.858477120555,19.4260557304128,6.9046994927567));
#6272=CARTESIAN_POINT('Ctrl Pts',(106.844020425034,19.4190697723682,6.90798796130229));
#6273=CARTESIAN_POINT('Ctrl Pts',(106.82960495365,19.4119291328255,6.91125096707979));
#6274=CARTESIAN_POINT('Ctrl Pts',(106.815233004306,19.4046169334179,6.91448626956178));
#6275=CARTESIAN_POINT('Ctrl Pts',(106.790992213367,19.3922836379895,6.91994316961145));
#6276=CARTESIAN_POINT('Ctrl Pts',(106.76688229132,19.3794613907896,6.92531970630009));
#6277=CARTESIAN_POINT('Ctrl Pts',(106.742966700279,19.3660611253141,6.93059083481587));
#6278=CARTESIAN_POINT('Ctrl Pts',(106.737345411033,19.3629114323762,6.93182979805068));
#6279=CARTESIAN_POINT('Ctrl Pts',(106.731735071843,19.3597297711739,6.93306287672722));
#6280=CARTESIAN_POINT('Ctrl Pts',(106.726136913107,19.3565149197356,6.93428962961614));
#6281=CARTESIAN_POINT('Ctrl Pts',(106.708251676661,19.3462439751588,6.93820891210041));
#6282=CARTESIAN_POINT('Ctrl Pts',(106.690460419641,19.3356140607029,6.94207002204307));
#6283=CARTESIAN_POINT('Ctrl Pts',(106.672907986264,19.3246440988983,6.94583564476207));
#6284=CARTESIAN_POINT('Ctrl Pts',(106.664703679694,19.3195165517502,6.94759576101203));
#6285=CARTESIAN_POINT('Ctrl Pts',(106.656552191459,19.3143149193801,6.94933486117135));
#6286=CARTESIAN_POINT('Ctrl Pts',(106.648472005844,19.3090423841829,6.95104825057425));
#6287=CARTESIAN_POINT('Ctrl Pts',(106.647497884849,19.3084067444246,6.95125481124864));
#6288=CARTESIAN_POINT('Ctrl Pts',(106.646524779876,19.3077700630369,6.95146100149));
#6289=CARTESIAN_POINT('Ctrl Pts',(106.645552707393,19.3071323340532,6.95166681636966));
#6290=CARTESIAN_POINT('Ctrl Pts',(106.629119955943,19.2963516134088,6.9551460885659));
#6291=CARTESIAN_POINT('Ctrl Pts',(106.612957233506,19.2852633093291,6.95852409184971));
#6292=CARTESIAN_POINT('Ctrl Pts',(106.597063606631,19.2737783327601,6.96179360264807));
#6293=CARTESIAN_POINT('Ctrl Pts',(106.581717833556,19.2626892436814,6.96495041331015));
#6294=CARTESIAN_POINT('Ctrl Pts',(106.566622851231,19.251230359987,6.96800609785984));
#6295=CARTESIAN_POINT('Ctrl Pts',(106.551823712615,19.2393193019016,6.97094166814171));
#6296=CARTESIAN_POINT('Ctrl Pts',(106.538748576652,19.2287958040159,6.97353526372602));
#6297=CARTESIAN_POINT('Ctrl Pts',(106.525904833539,19.21791932351,6.97603497187395));
#6298=CARTESIAN_POINT('Ctrl Pts',(106.513356270308,19.2066314959151,6.97841883920286));
#6299=CARTESIAN_POINT('Ctrl Pts',(106.502971642665,19.1972901964923,6.98039162079579));
#6300=CARTESIAN_POINT('Ctrl Pts',(106.49278518706,19.187667948873,6.98228610485391));
#6301=CARTESIAN_POINT('Ctrl Pts',(106.482858485605,19.1777303188648,6.98408312309351));
#6302=CARTESIAN_POINT('Ctrl Pts',(106.469373883141,19.1642308708656,6.9865242236637));
#6303=CARTESIAN_POINT('Ctrl Pts',(106.456372259299,19.1501625823445,6.98878332250803));
#6304=CARTESIAN_POINT('Ctrl Pts',(106.444093340119,19.1354778576458,6.99079386292352));
#6305=CARTESIAN_POINT('Ctrl Pts',(106.432097863146,19.1211321099142,6.99275799273847));
#6306=CARTESIAN_POINT('Ctrl Pts',(106.420791900599,19.1061980697894,6.99448495522635));
#6307=CARTESIAN_POINT('Ctrl Pts',(106.41044572271,19.0906288911064,6.99590053828912));
#6308=CARTESIAN_POINT('Ctrl Pts',(106.40046752385,19.0756134561652,6.9972657737852));
#6309=CARTESIAN_POINT('Ctrl Pts',(106.391381961353,19.0600072656175,6.99834140215913));
#6310=CARTESIAN_POINT('Ctrl Pts',(106.383477488471,19.0437658355047,6.99904898285002));
#6311=CARTESIAN_POINT('Ctrl Pts',(106.376615422177,19.0296662526724,6.99966325095896));
#6312=CARTESIAN_POINT('Ctrl Pts',(106.37064401614,19.0150878999034,7.00000000000001));
#6313=CARTESIAN_POINT('Ctrl Pts',(106.365782894239,19.,7.00000000000001));
#6314=CARTESIAN_POINT('',(107.816178594403,20.,6.00000000000002));
#6315=CARTESIAN_POINT('Origin',(107.816178594403,19.,6.00000000000001));
#6316=CARTESIAN_POINT('',(110.,20.,6.00000000000001));
#6317=CARTESIAN_POINT('Origin',(147.536809507624,-10.,21.1111137437881));
#6318=CARTESIAN_POINT('',(147.888693863678,-8.04763779103409,20.175070261911));
#6319=CARTESIAN_POINT('',(147.888693863678,9.53954456884317,20.175070261911));
#6320=CARTESIAN_POINT('',(147.888693863678,-10.,20.175070261911));
#6321=CARTESIAN_POINT('',(149.644395064669,-8.08127470555677,15.5047499221769));
#6322=CARTESIAN_POINT('Ctrl Pts',(149.644395064669,-8.08127470555677,15.5047499221769));
#6323=CARTESIAN_POINT('Ctrl Pts',(149.354096613343,-8.0756993342504,16.2769694553519));
#6324=CARTESIAN_POINT('Ctrl Pts',(148.76886291243,-8.06447320706075,17.8337428148092));
#6325=CARTESIAN_POINT('Ctrl Pts',(148.183629146396,-8.05327453871023,19.3905163474942));
#6326=CARTESIAN_POINT('Ctrl Pts',(147.888693863678,-8.04763779103409,20.175070261911));
#6327=CARTESIAN_POINT('',(149.644395064669,9.50190882203964,15.5047499221769));
#6328=CARTESIAN_POINT('',(149.644395064669,-10.,15.5047499221769));
#6329=CARTESIAN_POINT('Ctrl Pts',(147.888693863678,9.53954456884317,20.175070261911));
#6330=CARTESIAN_POINT('Ctrl Pts',(148.181468355202,9.5332861175078,19.3962642430131));
#6331=CARTESIAN_POINT('Ctrl Pts',(148.474242823565,9.527018909857,18.6174582857242));
#6332=CARTESIAN_POINT('Ctrl Pts',(149.059476557274,9.51447366595137,17.0606848390238));
#6333=CARTESIAN_POINT('Ctrl Pts',(149.351935822704,9.50819564861441,16.2827173493919));
#6334=CARTESIAN_POINT('Ctrl Pts',(149.644395064669,9.50190882203964,15.5047499221769));
#6335=CARTESIAN_POINT('Origin',(150.,-10.,14.5588093706481));
#6336=CARTESIAN_POINT('',(149.050371726118,9.50190882203964,14.2131729453374));
#6337=CARTESIAN_POINT('',(110.165693162617,18.9999312632274,0.0603073792140926));
#6338=CARTESIAN_POINT('Ctrl Pts',(149.050371726118,9.50190882203968,14.2131729453373));
#6339=CARTESIAN_POINT('Ctrl Pts',(148.36164165031,10.0290423553623,13.9624956982996));
#6340=CARTESIAN_POINT('Ctrl Pts',(147.645182625571,10.5148728085811,13.701725939223));
#6341=CARTESIAN_POINT('Ctrl Pts',(146.914949299094,10.9588137920017,13.4359427443164));
#6342=CARTESIAN_POINT('Ctrl Pts',(146.914718512684,10.9589540972198,13.4358587449324));
#6343=CARTESIAN_POINT('Ctrl Pts',(146.914487724691,10.9590943984366,13.4357747449727));
#6344=CARTESIAN_POINT('Ctrl Pts',(146.914256935117,10.9592346956522,13.4356907444374));
#6345=CARTESIAN_POINT('Ctrl Pts',(146.183994230516,11.403162132866,13.1698968567677));
#6346=CARTESIAN_POINT('Ctrl Pts',(145.437623544863,11.8071959455476,12.8982401434614));
#6347=CARTESIAN_POINT('Ctrl Pts',(144.678192010677,12.1788827640009,12.6218296700543));
#6348=CARTESIAN_POINT('Ctrl Pts',(144.677972145648,12.1789903720332,12.6217496457283));
#6349=CARTESIAN_POINT('Ctrl Pts',(144.677752279527,12.1790979773621,12.6216696210049));
#6350=CARTESIAN_POINT('Ctrl Pts',(144.677532412315,12.1792055799876,12.6215895958842));
#6351=CARTESIAN_POINT('Ctrl Pts',(143.158394109152,12.9226691847905,12.0686684717993));
#6352=CARTESIAN_POINT('Ctrl Pts',(141.58714733979,13.5370805850661,11.4967814170644));
#6353=CARTESIAN_POINT('Ctrl Pts',(139.985778746967,14.0768879731727,10.913930915188));
#6354=CARTESIAN_POINT('Ctrl Pts',(139.985589445458,14.0769517850605,10.9138620150736));
#6355=CARTESIAN_POINT('Ctrl Pts',(139.985400143492,14.0770155959091,10.9137931147927));
#6356=CARTESIAN_POINT('Ctrl Pts',(139.985210841069,14.0770794057188,10.9137242143454));
#6357=CARTESIAN_POINT('Ctrl Pts',(139.184596094179,14.3469495625332,10.622324277363));
#6358=CARTESIAN_POINT('Ctrl Pts',(138.375802370605,14.5982351591412,10.3279474363207));
#6359=CARTESIAN_POINT('Ctrl Pts',(137.564151157407,14.8365076583942,10.0325305541105));
#6360=CARTESIAN_POINT('Ctrl Pts',(137.56398077182,14.8365576776625,10.0324685388283));
#6361=CARTESIAN_POINT('Ctrl Pts',(137.56381038609,14.8366076963636,10.0324065234945));
#6362=CARTESIAN_POINT('Ctrl Pts',(137.56364000022,14.8366577144977,10.0323445081093));
#6363=CARTESIAN_POINT('Ctrl Pts',(136.751965911645,15.0749311301415,9.73691929994289));
#6364=CARTESIAN_POINT('Ctrl Pts',(135.937078662948,15.3003366266038,9.44032459713443));
#6365=CARTESIAN_POINT('Ctrl Pts',(135.120598255935,15.5193624598942,9.14315003211992));
#6366=CARTESIAN_POINT('Ctrl Pts',(135.120448514969,15.5194026288187,9.14309553086553));
#6367=CARTESIAN_POINT('Ctrl Pts',(135.120298773966,15.5194427975762,9.14304102959766));
#6368=CARTESIAN_POINT('Ctrl Pts',(135.120149032927,15.5194829661667,9.14298652831631));
#6369=CARTESIAN_POINT('Ctrl Pts',(133.486994362592,15.9575827764642,8.5485668403616));
#6370=CARTESIAN_POINT('Ctrl Pts',(131.849436584237,16.3758201778329,7.95254455214915));
#6371=CARTESIAN_POINT('Ctrl Pts',(130.205637012745,16.7611083215378,7.35425043702665));
#6372=CARTESIAN_POINT('Ctrl Pts',(130.205529885665,16.7611334309214,7.35421144595818));
#6373=CARTESIAN_POINT('Ctrl Pts',(130.205422758557,16.7611585401621,7.3541724548795));
#6374=CARTESIAN_POINT('Ctrl Pts',(130.20531563142,16.76118364926,7.35413346379061));
#6375=CARTESIAN_POINT('Ctrl Pts',(128.561471609276,17.1464776275273,6.7558231699537));
#6376=CARTESIAN_POINT('Ctrl Pts',(126.91102422787,17.4981472524102,6.15510944989923));
#6377=CARTESIAN_POINT('Ctrl Pts',(125.25081163343,17.8000935888466,5.55084148296931));
#6378=CARTESIAN_POINT('Ctrl Pts',(125.250747463624,17.8001052595435,5.55081812706986));
#6379=CARTESIAN_POINT('Ctrl Pts',(125.250683293804,17.8001169301655,5.55079477116556));
#6380=CARTESIAN_POINT('Ctrl Pts',(125.250619123971,17.8001286007126,5.55077141525641));
#6381=CARTESIAN_POINT('Ctrl Pts',(123.590361815498,18.1020790706809,4.94648717374918));
#6382=CARTESIAN_POINT('Ctrl Pts',(121.921178891243,18.3539235812545,4.33895427377491));
#6383=CARTESIAN_POINT('Ctrl Pts',(120.248672760622,18.5383203989858,3.73021182560126));
#6384=CARTESIAN_POINT('Ctrl Pts',(120.248652466224,18.5383226364797,3.73020443904445));
#6385=CARTESIAN_POINT('Ctrl Pts',(120.248632171825,18.5383248739635,3.73019705248733));
#6386=CARTESIAN_POINT('Ctrl Pts',(120.248611877425,18.5383271114369,3.73018966592991));
#6387=CARTESIAN_POINT('Ctrl Pts',(118.8189305693,18.6959505953189,3.20982822528548));
#6388=CARTESIAN_POINT('Ctrl Pts',(117.38484298027,18.8026578738809,2.68786302954797));
#6389=CARTESIAN_POINT('Ctrl Pts',(115.948269530295,18.8733853834083,2.16499305442008));
#6390=CARTESIAN_POINT('Ctrl Pts',(114.023664170235,18.9681404019857,1.46449399064886));
#6391=CARTESIAN_POINT('Ctrl Pts',(112.094597747003,18.9983212649238,0.762371232670255));
#6392=CARTESIAN_POINT('Ctrl Pts',(110.165693162617,18.9999312632274,0.060307379214077));
#6393=CARTESIAN_POINT('',(149.050371726118,-8.08127470555678,14.2131729453373));
#6394=CARTESIAN_POINT('',(149.050371726118,-10.,14.2131729453374));
#6395=CARTESIAN_POINT('',(110.165693162615,1.00645015737127,0.0603073792132708));
#6396=CARTESIAN_POINT('Ctrl Pts',(110.165693162615,1.00645015737127,0.0603073792132607));
#6397=CARTESIAN_POINT('Ctrl Pts',(111.40266267377,1.04835757225359,0.510527461968668));
#6398=CARTESIAN_POINT('Ctrl Pts',(112.638595497574,1.0512387272347,0.960370221386338));
#6399=CARTESIAN_POINT('Ctrl Pts',(113.873560300054,1.01833463649871,1.40986064985573));
#6400=CARTESIAN_POINT('Ctrl Pts',(114.312408154386,1.00664208494645,1.56958820620417));
#6401=CARTESIAN_POINT('Ctrl Pts',(114.751133776623,0.990430251645762,1.72927127370814));
#6402=CARTESIAN_POINT('Ctrl Pts',(115.189740264285,0.969842999143238,1.88891097977287));
#6403=CARTESIAN_POINT('Ctrl Pts',(115.193790788543,0.96965287617875,1.89038525003614));
#6404=CARTESIAN_POINT('Ctrl Pts',(115.197841320607,0.96946237744634,1.89185952314032));
#6405=CARTESIAN_POINT('Ctrl Pts',(115.201891860292,0.969271503098336,1.89333379901846));
#6406=CARTESIAN_POINT('Ctrl Pts',(116.041689738551,0.929697548780238,2.19899522950428));
#6407=CARTESIAN_POINT('Ctrl Pts',(116.881689701514,0.873987288685393,2.50473021280723));
#6408=CARTESIAN_POINT('Ctrl Pts',(117.720562403429,0.803468332563945,2.81005490664299));
#6409=CARTESIAN_POINT('Ctrl Pts',(118.552310091385,0.733548333287368,3.1127863074787));
#6410=CARTESIAN_POINT('Ctrl Pts',(119.382950431806,0.649069391453446,3.41511466677274));
#6411=CARTESIAN_POINT('Ctrl Pts',(120.211191802817,0.551275194641549,3.71656987260854));
#6412=CARTESIAN_POINT('Ctrl Pts',(120.215654054958,0.550748316391621,3.71819399956556));
#6413=CARTESIAN_POINT('Ctrl Pts',(120.220116244221,0.550221053724878,3.71981810363709));
#6414=CARTESIAN_POINT('Ctrl Pts',(120.22457837069,0.549693406831475,3.72144218485314));
#6415=CARTESIAN_POINT('Ctrl Pts',(123.556676533269,0.155672471651585,4.93422673368501));
#6416=CARTESIAN_POINT('Ctrl Pts',(126.853144763161,-0.452533233426555,6.13404304757001));
#6417=CARTESIAN_POINT('Ctrl Pts',(130.127600461695,-1.19306144947957,7.32584745525959));
#6418=CARTESIAN_POINT('Ctrl Pts',(130.131421031429,-1.19392548306251,7.32723802892069));
#6419=CARTESIAN_POINT('Ctrl Pts',(130.13524157126,-1.19478969704255,7.32862859169819));
#6420=CARTESIAN_POINT('Ctrl Pts',(130.13906208121,-1.19565409129245,7.33001914359952));
#6421=CARTESIAN_POINT('Ctrl Pts',(131.774636234298,-1.56570440182899,7.92531945125879));
#6422=CARTESIAN_POINT('Ctrl Pts',(133.404734982865,-1.96879363538413,8.51862687465169));
#6423=CARTESIAN_POINT('Ctrl Pts',(135.030956849669,-2.39493876179001,9.11052322848134));
#6424=CARTESIAN_POINT('Ctrl Pts',(135.03447494906,-2.39586066607647,9.1118037119409));
#6425=CARTESIAN_POINT('Ctrl Pts',(135.037993011697,-2.39678267448007,9.11308418202299));
#6426=CARTESIAN_POINT('Ctrl Pts',(135.041511037419,-2.39770478745574,9.11436463866916));
#6427=CARTESIAN_POINT('Ctrl Pts',(136.350462852699,-2.74079535836001,9.59078413751967));
#6428=CARTESIAN_POINT('Ctrl Pts',(137.654236266468,-3.09834867394991,10.0653188523593));
#6429=CARTESIAN_POINT('Ctrl Pts',(138.944459211556,-3.49374692425704,10.5349215999385));
#6430=CARTESIAN_POINT('Ctrl Pts',(139.257606468935,-3.58971318972113,10.6488978805666));
#6431=CARTESIAN_POINT('Ctrl Pts',(139.569955583225,-3.68790857479139,10.7625836608676));
#6432=CARTESIAN_POINT('Ctrl Pts',(139.881387028002,-3.78866689293649,10.8759354367813));
#6433=CARTESIAN_POINT('Ctrl Pts',(139.884387818465,-3.78963774737381,10.8770276351888));
#6434=CARTESIAN_POINT('Ctrl Pts',(139.887388524106,-3.79060883869009,10.878119802724));
#6435=CARTESIAN_POINT('Ctrl Pts',(139.890389144815,-3.7915801671963,10.8792119393464));
#6436=CARTESIAN_POINT('Ctrl Pts',(140.954607370346,-4.13607738947099,11.2665556962036));
#6437=CARTESIAN_POINT('Ctrl Pts',(142.00814244104,-4.51041319450411,11.6500111026916));
#6438=CARTESIAN_POINT('Ctrl Pts',(143.046033457046,-4.92843963742853,12.0277725389301));
#6439=CARTESIAN_POINT('Ctrl Pts',(143.564237073628,-5.13715405080074,12.2163832306548));
#6440=CARTESIAN_POINT('Ctrl Pts',(144.078541083611,-5.35675924578153,12.4035745816526));
#6441=CARTESIAN_POINT('Ctrl Pts',(144.58832966245,-5.58897458950819,12.5891224501192));
#6442=CARTESIAN_POINT('Ctrl Pts',(144.590180124753,-5.58981749921107,12.5897959633167));
#6443=CARTESIAN_POINT('Ctrl Pts',(144.592030528454,-5.59066057502071,12.5904694551854));
#6444=CARTESIAN_POINT('Ctrl Pts',(144.593880873517,-5.59150381702893,12.5911429257117));
#6445=CARTESIAN_POINT('Ctrl Pts',(145.306649053432,-5.91632759355242,12.8505693271329));
#6446=CARTESIAN_POINT('Ctrl Pts',(146.01060696306,-6.26575759783643,13.1067890524136));
#6447=CARTESIAN_POINT('Ctrl Pts',(146.703841499614,-6.64513669370129,13.3591057890846));
#6448=CARTESIAN_POINT('Ctrl Pts',(147.318857487579,-6.98170995592791,13.5829533023012));
#6449=CARTESIAN_POINT('Ctrl Pts',(147.92543364762,-7.3418548011687,13.8037289693716));
#6450=CARTESIAN_POINT('Ctrl Pts',(148.522219784276,-7.72934220674383,14.0209413593372));
#6451=CARTESIAN_POINT('Ctrl Pts',(148.699142807007,-7.84421659616641,14.0853360733674));
#6452=CARTESIAN_POINT('Ctrl Pts',(148.875205286077,-7.961494391929,14.1494175751201));
#6453=CARTESIAN_POINT('Ctrl Pts',(149.050371726118,-8.08127470555677,14.2131729453374));
#6454=CARTESIAN_POINT('',(110.165693162617,-10.,0.0603073792140967));
#6455=CARTESIAN_POINT('Origin',(110.,20.,0.));
#6456=CARTESIAN_POINT('',(3.,20.,6.00000000000002));
#6457=CARTESIAN_POINT('',(3.,20.,6.00000000000002));
#6458=CARTESIAN_POINT('',(109.636029765734,20.,1.00000000000001));
#6459=CARTESIAN_POINT('',(90.3470248293653,20.,53.9961055064209));
#6460=CARTESIAN_POINT('',(3.,20.,1.));
#6461=CARTESIAN_POINT('',(110.,20.,1.));
#6462=CARTESIAN_POINT('',(3.,20.,1.));
#6463=CARTESIAN_POINT('Origin',(110.,0.,0.));
#6464=CARTESIAN_POINT('',(109.636029765734,19.,0.));
#6465=CARTESIAN_POINT('',(3.,19.,0.));
#6466=CARTESIAN_POINT('',(110.,19.,0.));
#6467=CARTESIAN_POINT('',(109.823673019292,18.9999312632274,0.));
#6468=CARTESIAN_POINT('Ctrl Pts',(109.823673019292,18.9999312632274,0.));
#6469=CARTESIAN_POINT('Ctrl Pts',(109.761125280898,18.9999773629263,0.));
#6470=CARTESIAN_POINT('Ctrl Pts',(109.698577521116,19.,0.));
#6471=CARTESIAN_POINT('Ctrl Pts',(109.636029765734,19.,0.));
#6472=CARTESIAN_POINT('',(109.823673019292,1.00645015737127,0.));
#6473=CARTESIAN_POINT('',(109.823673019292,0.,0.));
#6474=CARTESIAN_POINT('',(109.617478154174,1.,0.));
#6475=CARTESIAN_POINT('Origin',(138.068240203967,-62.7594534157671,0.));
#6476=CARTESIAN_POINT('',(3.,1.,0.));
#6477=CARTESIAN_POINT('',(110.,1.,0.));
#6478=CARTESIAN_POINT('',(3.,1.,0.));
#6479=CARTESIAN_POINT('Origin',(110.,0.,0.));
#6480=CARTESIAN_POINT('',(109.617478154174,0.,1.));
#6481=CARTESIAN_POINT('',(3.,0.,1.));
#6482=CARTESIAN_POINT('',(110.,0.,1.));
#6483=CARTESIAN_POINT('',(109.983618514747,0.,-0.00596237302528494));
#6484=CARTESIAN_POINT('',(5.49900000000002,0.,12.));
#6485=CARTESIAN_POINT('',(3.,0.,4.));
#6486=CARTESIAN_POINT('Origin',(110.,0.,7.00000000000001));
#6487=CARTESIAN_POINT('',(149.709351582792,6.6,7.00000000000008));
#6488=CARTESIAN_POINT('',(106.364912675282,18.8865228527055,7.00000000000001));
#6489=CARTESIAN_POINT('',(106.364912675282,1.04070938069513,7.00000000000001));
#6490=CARTESIAN_POINT('Ctrl Pts',(106.365782894239,19.,7.00000000000001));
#6491=CARTESIAN_POINT('Ctrl Pts',(106.365202614748,18.9621776231422,7.00000000000001));
#6492=CARTESIAN_POINT('Ctrl Pts',(106.364912675283,18.9243496806912,7.00000000000001));
#6493=CARTESIAN_POINT('Ctrl Pts',(106.364912675283,18.8865228527055,7.00000000000001));
#6494=CARTESIAN_POINT('',(3.,13.4,7.00000000000001));
#6495=CARTESIAN_POINT('',(149.709351582792,13.4,7.00000000000008));
#6496=CARTESIAN_POINT('',(3.,19.,7.00000000000001));
#6497=CARTESIAN_POINT('Origin',(0.,0.,0.));
#6498=CARTESIAN_POINT('',(0.,3.,3.));
#6499=CARTESIAN_POINT('',(0.,17.,3.));
#6500=CARTESIAN_POINT('',(0.,19.,3.));
#6501=CARTESIAN_POINT('',(0.,3.,4.00000000000001));
#6502=CARTESIAN_POINT('',(0.,3.,1.));
#6503=CARTESIAN_POINT('',(0.,17.,4.00000000000001));
#6504=CARTESIAN_POINT('',(0.,1.,4.00000000000001));
#6505=CARTESIAN_POINT('',(0.,17.,4.));
#6506=CARTESIAN_POINT('Origin',(110.,-10.,7.00000000000001));
#6507=CARTESIAN_POINT('',(146.600766025747,-8.04763779103411,20.7592293877345));
#6508=CARTESIAN_POINT('',(113.402434906044,0.945249761321544,8.27906837518179));
#6509=CARTESIAN_POINT('Ctrl Pts',(146.600766025747,-8.04763779103412,20.7592293877345));
#6510=CARTESIAN_POINT('Ctrl Pts',(146.180559706318,-7.76060224573676,20.6012623349373));
#6511=CARTESIAN_POINT('Ctrl Pts',(145.753263820864,-7.48675886531695,20.4406301202933));
#6512=CARTESIAN_POINT('Ctrl Pts',(145.319434224041,-7.22507520646142,20.277541704775));
#6513=CARTESIAN_POINT('Ctrl Pts',(145.118665733002,-7.10397274203115,20.2020673357384));
#6514=CARTESIAN_POINT('Ctrl Pts',(144.916497535254,-6.98547510504493,20.1260667786523));
#6515=CARTESIAN_POINT('Ctrl Pts',(144.712982721052,-6.86948303966433,20.0495599915952));
#6516=CARTESIAN_POINT('Ctrl Pts',(144.644427311784,-6.83041028938223,20.0237881374967));
#6517=CARTESIAN_POINT('Ctrl Pts',(144.57570582841,-6.79161420060448,19.9979538515979));
#6518=CARTESIAN_POINT('Ctrl Pts',(144.506819452266,-6.75309102052115,19.9720575779953));
#6519=CARTESIAN_POINT('Ctrl Pts',(144.089992216849,-6.51998962148636,19.8153608153323));
#6520=CARTESIAN_POINT('Ctrl Pts',(143.66936721126,-6.29813720676086,19.6572363669561));
#6521=CARTESIAN_POINT('Ctrl Pts',(143.245932632537,-6.08656837025465,19.4980557231585));
#6522=CARTESIAN_POINT('Ctrl Pts',(143.082715004308,-6.00501677896515,19.4366977508855));
#6523=CARTESIAN_POINT('Ctrl Pts',(142.919079690036,-5.92499364157035,19.375182759));
#6524=CARTESIAN_POINT('Ctrl Pts',(142.755082532869,-5.84644550459314,19.3135317404637));
#6525=CARTESIAN_POINT('Ctrl Pts',(142.611219380326,-5.77754075766304,19.2594496451562));
#6526=CARTESIAN_POINT('Ctrl Pts',(142.467053212274,-5.70976051123966,19.2052536380183));
#6527=CARTESIAN_POINT('Ctrl Pts',(142.322632116567,-5.64307452743735,19.150961796564));
#6528=CARTESIAN_POINT('Ctrl Pts',(141.677557563449,-5.34521339440886,18.9084606218384));
#6529=CARTESIAN_POINT('Ctrl Pts',(141.026377946906,-5.06852496418226,18.6636643850682));
#6530=CARTESIAN_POINT('Ctrl Pts',(140.370352349838,-4.80928525307401,18.4170464117032));
#6531=CARTESIAN_POINT('Ctrl Pts',(139.826112237108,-4.59421948395116,18.212451660789));
#6532=CARTESIAN_POINT('Ctrl Pts',(139.278537181596,-4.39116078586416,18.0066032150788));
#6533=CARTESIAN_POINT('Ctrl Pts',(138.72834996183,-4.19795647751732,17.7997727879292));
#6534=CARTESIAN_POINT('Ctrl Pts',(138.428099786936,-4.09252031817528,17.6869005333696));
#6535=CARTESIAN_POINT('Ctrl Pts',(138.127040230179,-3.99002424166745,17.5737240091737));
#6536=CARTESIAN_POINT('Ctrl Pts',(137.825269121125,-3.89011362097643,17.4602799928041));
#6537=CARTESIAN_POINT('Ctrl Pts',(136.758282433292,-3.53685481305193,17.0591705040257));
#6538=CARTESIAN_POINT('Ctrl Pts',(135.682350551505,-3.21610331054123,16.6546982702096));
#6539=CARTESIAN_POINT('Ctrl Pts',(134.601366556714,-2.91370105142609,16.2483268099343));
#6540=CARTESIAN_POINT('Ctrl Pts',(134.141075844159,-2.78493600772801,16.0752909371431));
#6541=CARTESIAN_POINT('Ctrl Pts',(133.679867095781,-2.65950725478648,15.9019099504488));
#6542=CARTESIAN_POINT('Ctrl Pts',(133.218026842057,-2.5363719187839,15.7282915603731));
#6543=CARTESIAN_POINT('Ctrl Pts',(132.984176001033,-2.47402286702448,15.6403806296799));
#6544=CARTESIAN_POINT('Ctrl Pts',(132.750191145864,-2.41216055428406,15.5524193185527));
#6545=CARTESIAN_POINT('Ctrl Pts',(132.516064258031,-2.35081436723945,15.4644046065632));
#6546=CARTESIAN_POINT('Ctrl Pts',(131.819551941921,-2.16831343700219,15.2025665431648));
#6547=CARTESIAN_POINT('Ctrl Pts',(131.121880075637,-1.99002568069797,14.9402926055376));
#6548=CARTESIAN_POINT('Ctrl Pts',(130.422832087641,-1.81673767943606,14.6775013564793));
#6549=CARTESIAN_POINT('Ctrl Pts',(129.80285974149,-1.66305185164301,14.4444368029374));
#6550=CARTESIAN_POINT('Ctrl Pts',(129.181886472964,-1.51338025673059,14.2109959618796));
#6551=CARTESIAN_POINT('Ctrl Pts',(128.559727058252,-1.36812502161793,13.9771092158356));
#6552=CARTESIAN_POINT('Ctrl Pts',(127.778858451578,-1.18581603396574,13.6835593423079));
#6553=CARTESIAN_POINT('Ctrl Pts',(126.995492606148,-1.01050634634168,13.3890706866911));
#6554=CARTESIAN_POINT('Ctrl Pts',(126.210248858562,-0.843485543898581,13.09387607681));
#6555=CARTESIAN_POINT('Ctrl Pts',(125.427389742898,-0.676971951017234,12.7995779153145));
#6556=CARTESIAN_POINT('Ctrl Pts',(124.642403183182,-0.518640566362098,12.5044799893906));
#6557=CARTESIAN_POINT('Ctrl Pts',(123.856195084176,-0.369877043309595,12.2089228534249));
#6558=CARTESIAN_POINT('Ctrl Pts',(123.462893671831,-0.295457937482589,12.0610700913497));
#6559=CARTESIAN_POINT('Ctrl Pts',(123.069373914013,-0.223445066470734,11.913135247237));
#6560=CARTESIAN_POINT('Ctrl Pts',(122.675646741,-0.153976134240912,11.7651224300777));
#6561=CARTESIAN_POINT('Ctrl Pts',(122.469488142549,-0.117601663068863,11.6876217721858));
#6562=CARTESIAN_POINT('Ctrl Pts',(122.263272679085,-0.0819246369605935,
11.6100997371794));
#6563=CARTESIAN_POINT('Ctrl Pts',(122.057001926733,-0.0469647237005716,
11.5325569175677));
#6564=CARTESIAN_POINT('Ctrl Pts',(121.896560396507,-0.0197722016582391,
11.4722425564927));
#6565=CARTESIAN_POINT('Ctrl Pts',(121.736082857602,0.0069869168534875,11.4119146587699));
#6566=CARTESIAN_POINT('Ctrl Pts',(121.575560666206,0.033304851830768,11.3515699749543));
#6567=CARTESIAN_POINT('Ctrl Pts',(120.760039052889,0.167011254697817,11.0449930869081));
#6568=CARTESIAN_POINT('Ctrl Pts',(119.943423633525,0.289321089513194,10.7380050072407));
#6569=CARTESIAN_POINT('Ctrl Pts',(119.125600342824,0.399035497330471,10.4305628556894));
#6570=CARTESIAN_POINT('Ctrl Pts',(117.887174646644,0.565175473321681,9.96500475175745));
#6571=CARTESIAN_POINT('Ctrl Pts',(116.645977293665,0.702373964175422,9.49840470619887));
#6572=CARTESIAN_POINT('Ctrl Pts',(115.401624417041,0.806679832593752,9.03061841296378));
#6573=CARTESIAN_POINT('Ctrl Pts',(114.736144184024,0.86246263739468,8.78044618507504));
#6574=CARTESIAN_POINT('Ctrl Pts',(114.069761376471,0.908836941922282,8.52993465472331));
#6575=CARTESIAN_POINT('Ctrl Pts',(113.402416843283,0.94519221109883,8.27906158539123));
#6576=CARTESIAN_POINT('',(146.600766025747,9.53954456884317,20.7592293877345));
#6577=CARTESIAN_POINT('',(146.600766025747,-10.,20.7592293877345));
#6578=CARTESIAN_POINT('',(113.402599870964,18.8865246984379,8.27913039050432));
#6579=CARTESIAN_POINT('Ctrl Pts',(113.402599908506,18.8865256211411,8.2791304046173));
#6580=CARTESIAN_POINT('Ctrl Pts',(113.738120745468,18.8710125870175,8.40526186746389));
#6581=CARTESIAN_POINT('Ctrl Pts',(114.073472070555,18.8535766551909,8.53132960616264));
#6582=CARTESIAN_POINT('Ctrl Pts',(114.408636871652,18.8340248928336,8.657327225346));
#6583=CARTESIAN_POINT('Ctrl Pts',(115.208865404788,18.7873437435598,8.9581550260208));
#6584=CARTESIAN_POINT('Ctrl Pts',(116.008030205341,18.7285916319683,9.25858294031175));
#6585=CARTESIAN_POINT('Ctrl Pts',(116.805899915901,18.6551402744436,9.55852399304202));
#6586=CARTESIAN_POINT('Ctrl Pts',(117.110478464588,18.6271009748213,9.67302340231016));
#6587=CARTESIAN_POINT('Ctrl Pts',(117.414861742868,18.5968254484405,9.78744940381971));
#6588=CARTESIAN_POINT('Ctrl Pts',(117.719049459105,18.5643487830407,9.90180188783571));
#6589=CARTESIAN_POINT('Ctrl Pts',(118.2122840092,18.5116884927264,10.0872222483411));
#6590=CARTESIAN_POINT('Ctrl Pts',(118.704956186451,18.4532238022483,10.2724311995115));
#6591=CARTESIAN_POINT('Ctrl Pts',(119.19711122311,18.3891155029384,10.457445744418));
#6592=CARTESIAN_POINT('Ctrl Pts',(120.136597599624,18.2667376558436,10.8106243801105));
#6593=CARTESIAN_POINT('Ctrl Pts',(121.074691282914,18.1241036929787,11.1632794670952));
#6594=CARTESIAN_POINT('Ctrl Pts',(122.011025435481,17.9644162342203,11.5152730892502));
#6595=CARTESIAN_POINT('Ctrl Pts',(122.775517805973,17.8340355965502,11.802666684647));
#6596=CARTESIAN_POINT('Ctrl Pts',(123.539323214157,17.6921185178941,12.0898020348458));
#6597=CARTESIAN_POINT('Ctrl Pts',(124.301570296759,17.540454826075,12.3763515710185));
#6598=CARTESIAN_POINT('Ctrl Pts',(124.961970519815,17.4090555223679,12.6246140857912));
#6599=CARTESIAN_POINT('Ctrl Pts',(125.62120099992,17.2703419181599,12.8724368640449));
#6600=CARTESIAN_POINT('Ctrl Pts',(126.278700945937,17.1255086326161,13.1196090862193));
#6601=CARTESIAN_POINT('Ctrl Pts',(127.085381109686,16.9478141108043,13.4228622345513));
#6602=CARTESIAN_POINT('Ctrl Pts',(127.890202199942,16.7607754298728,13.7254165031197));
#6603=CARTESIAN_POINT('Ctrl Pts',(128.692809826052,16.5663926090238,14.0271386701359));
#6604=CARTESIAN_POINT('Ctrl Pts',(129.299450955811,16.4194707380999,14.2551916692827));
#6605=CARTESIAN_POINT('Ctrl Pts',(129.905139969037,16.2683030231715,14.4828867416678));
#6606=CARTESIAN_POINT('Ctrl Pts',(130.510081325754,16.1136572237659,14.7103007495421));
#6607=CARTESIAN_POINT('Ctrl Pts',(130.687429768535,16.068320280932,14.7769708816391));
#6608=CARTESIAN_POINT('Ctrl Pts',(130.864708237367,16.0226856569069,14.8436147086141));
#6609=CARTESIAN_POINT('Ctrl Pts',(131.041921407534,15.9767731300316,14.9102339880338));
#6610=CARTESIAN_POINT('Ctrl Pts',(131.566822352223,15.8407813823118,15.10755861503));
#6611=CARTESIAN_POINT('Ctrl Pts',(132.091245893012,15.7027579786301,15.3047037728603));
#6612=CARTESIAN_POINT('Ctrl Pts',(132.615054933808,15.5621157911552,15.5016179232416));
#6613=CARTESIAN_POINT('Ctrl Pts',(132.871254918143,15.49332635947,15.5979305072444));
#6614=CARTESIAN_POINT('Ctrl Pts',(133.127306446585,15.4239057683057,15.694187282647));
#6615=CARTESIAN_POINT('Ctrl Pts',(133.383193918661,15.353786997187,15.7903823847924));
#6616=CARTESIAN_POINT('Ctrl Pts',(133.827105361132,15.2321455405768,15.9572608419736));
#6617=CARTESIAN_POINT('Ctrl Pts',(134.270462668255,15.1081459603136,16.1239309845059));
#6618=CARTESIAN_POINT('Ctrl Pts',(134.713007422678,14.9806837611576,16.2902956662222));
#6619=CARTESIAN_POINT('Ctrl Pts',(135.369718083427,14.7915372755387,16.5371711719494));
#6620=CARTESIAN_POINT('Ctrl Pts',(136.024390058463,14.5948238539773,16.7832802799434));
#6621=CARTESIAN_POINT('Ctrl Pts',(136.676525902912,14.3868014983945,17.028435987038));
#6622=CARTESIAN_POINT('Ctrl Pts',(137.127545520682,14.2429324500952,17.1979866017594));
#6623=CARTESIAN_POINT('Ctrl Pts',(137.577351993742,14.0936538234804,17.3670811621875));
#6624=CARTESIAN_POINT('Ctrl Pts',(138.025777443886,13.9377128730974,17.5356565582005));
#6625=CARTESIAN_POINT('Ctrl Pts',(138.306566488524,13.8400678565983,17.6412128427082));
#6626=CARTESIAN_POINT('Ctrl Pts',(138.586925065906,13.7397263373709,17.7466073027496));
#6627=CARTESIAN_POINT('Ctrl Pts',(138.866323886336,13.6365524331424,17.8516409637701));
#6628=CARTESIAN_POINT('Ctrl Pts',(139.310561893948,13.4725081842031,18.018642185293));
#6629=CARTESIAN_POINT('Ctrl Pts',(139.752594025846,13.3012163012357,18.1848141577823));
#6630=CARTESIAN_POINT('Ctrl Pts',(140.190285412587,13.1220821635687,18.3493543256049));
#6631=CARTESIAN_POINT('Ctrl Pts',(140.227917180423,13.1066805941424,18.3635011367663));
#6632=CARTESIAN_POINT('Ctrl Pts',(140.265516834244,13.0912210373731,18.3776358753918));
#6633=CARTESIAN_POINT('Ctrl Pts',(140.30308300166,13.0757031062268,18.3917580255631));
#6634=CARTESIAN_POINT('Ctrl Pts',(140.745434155977,12.8929755290665,18.5580499275422));
#6635=CARTESIAN_POINT('Ctrl Pts',(141.183793903809,12.7019486437132,18.7228413508084));
#6636=CARTESIAN_POINT('Ctrl Pts',(141.617656048694,12.5014305127731,18.8859420021878));
#6637=CARTESIAN_POINT('Ctrl Pts',(141.915345969824,12.3638471183971,18.9978517887816));
#6638=CARTESIAN_POINT('Ctrl Pts',(142.210918020906,12.2217945680555,19.1089654101296));
#6639=CARTESIAN_POINT('Ctrl Pts',(142.504201708657,12.0748755872698,19.2192187731002));
#6640=CARTESIAN_POINT('Ctrl Pts',(142.909346830747,11.8719201864284,19.3715239099596));
#6641=CARTESIAN_POINT('Ctrl Pts',(143.310114989044,11.6596620479783,19.5221836263872));
#6642=CARTESIAN_POINT('Ctrl Pts',(143.706066870549,11.4370701307381,19.6710327725318));
#6643=CARTESIAN_POINT('Ctrl Pts',(144.09332752995,11.2193641501016,19.8166146504817));
#6644=CARTESIAN_POINT('Ctrl Pts',(144.47598113016,10.991773251316,19.960464608772));
#6645=CARTESIAN_POINT('Ctrl Pts',(144.85359292148,10.7532909924331,20.1024192130921));
#6646=CARTESIAN_POINT('Ctrl Pts',(145.219751871703,10.5220418218117,20.2400683810792));
#6647=CARTESIAN_POINT('Ctrl Pts',(145.581170256095,10.280552021894,20.375935440611));
#6648=CARTESIAN_POINT('Ctrl Pts',(145.937428101987,10.0278623720725,20.5098625125088));
#6649=CARTESIAN_POINT('Ctrl Pts',(146.160602463192,9.86956732865907,20.5937598611943));
#6650=CARTESIAN_POINT('Ctrl Pts',(146.3817512155,9.70687632365923,20.6768957280679));
#6651=CARTESIAN_POINT('Ctrl Pts',(146.600766025747,9.53954456884322,20.7592293877344));
#6652=CARTESIAN_POINT('',(113.402599796356,1.,8.2791303624571));
#6653=CARTESIAN_POINT('',(113.402599796356,18.9852609601766,8.2791303624571));
#6654=CARTESIAN_POINT('Origin',(57.8092534115035,0.999859286839433,-12.6199296388704));
#6655=CARTESIAN_POINT('Ctrl Pts',(147.605161399988,10.1582070306171,20.5163894022594));
#6656=CARTESIAN_POINT('Ctrl Pts',(149.828583883802,10.1582070306171,14.407586334072));
#6657=CARTESIAN_POINT('Ctrl Pts',(143.196414730573,13.6078088219291,18.911736844172));
#6658=CARTESIAN_POINT('Ctrl Pts',(145.419837214387,13.6078088219291,12.8029337759846));
#6659=CARTESIAN_POINT('Ctrl Pts',(133.005275235618,16.7353776222781,15.2024654147538));
#6660=CARTESIAN_POINT('Ctrl Pts',(135.228697719432,16.7353776222781,9.09366234656643));
#6661=CARTESIAN_POINT('Ctrl Pts',(119.500183694845,19.7904852959806,10.2870140828721));
#6662=CARTESIAN_POINT('Ctrl Pts',(121.723606178659,19.7904852959806,4.17821101468467));
#6663=CARTESIAN_POINT('Ctrl Pts',(111.168578144312,20.,7.25455765883096));
#6664=CARTESIAN_POINT('Ctrl Pts',(113.392000628126,20.,1.14575459064356));
#6665=CARTESIAN_POINT('Ctrl Pts',(107.805127786829,20.,6.03036184427531));
#6666=CARTESIAN_POINT('Ctrl Pts',(110.028550270643,20.,-0.0784412239120846));
#6667=CARTESIAN_POINT('',(110.192995396275,19.9874703845712,6.00409140033753));
#6668=CARTESIAN_POINT('Ctrl Pts',(110.192995396275,19.9874703845712,6.00409140033669));
#6669=CARTESIAN_POINT('Ctrl Pts',(109.400752080175,19.9963832870903,6.00247004398619));
#6670=CARTESIAN_POINT('Ctrl Pts',(108.608462495261,20.,6.00110811755763));
#6671=CARTESIAN_POINT('Ctrl Pts',(107.816178594403,20.,6.00000000000002));
#6672=CARTESIAN_POINT('',(147.49929610415,10.3529277932492,20.0221486774814));
#6673=CARTESIAN_POINT('Ctrl Pts',(147.49929610415,10.3529277932492,20.0221486774814));
#6674=CARTESIAN_POINT('Ctrl Pts',(147.015587960971,10.7224346595614,19.8405383252927));
#6675=CARTESIAN_POINT('Ctrl Pts',(146.521809596787,11.0703196306132,19.6551389158944));
#6676=CARTESIAN_POINT('Ctrl Pts',(146.01899846,11.3988065906791,19.4663374444012));
#6677=CARTESIAN_POINT('Ctrl Pts',(145.476816974752,11.7530142341923,19.2627527289044));
#6678=CARTESIAN_POINT('Ctrl Pts',(144.924132656587,12.0846670020143,19.0552122763035));
#6679=CARTESIAN_POINT('Ctrl Pts',(144.362219091383,12.3964973098832,18.8441914128774));
#6680=CARTESIAN_POINT('Ctrl Pts',(144.016426961848,12.5883924213183,18.7143327330748));
#6681=CARTESIAN_POINT('Ctrl Pts',(143.667139226063,12.7727797553568,18.5831558436401));
#6682=CARTESIAN_POINT('Ctrl Pts',(143.314648655742,12.9502875264907,18.4507700497637));
#6683=CARTESIAN_POINT('Ctrl Pts',(142.647420516025,13.2862913515328,18.2001774540728));
#6684=CARTESIAN_POINT('Ctrl Pts',(141.96871782361,13.5976477897175,17.9452542805778));
#6685=CARTESIAN_POINT('Ctrl Pts',(141.280504607038,13.8885720933139,17.6867364895027));
#6686=CARTESIAN_POINT('Ctrl Pts',(141.217566589651,13.9151775092479,17.6630946924));
#6687=CARTESIAN_POINT('Ctrl Pts',(141.154549019314,13.9416120123047,17.639422827482));
#6688=CARTESIAN_POINT('Ctrl Pts',(141.091453391175,13.9678788089295,17.6157214550856));
#6689=CARTESIAN_POINT('Ctrl Pts',(140.760395631071,14.1056986090046,17.4913622326104));
#6690=CARTESIAN_POINT('Ctrl Pts',(140.426932545243,14.2390033042387,17.3660942670955));
#6691=CARTESIAN_POINT('Ctrl Pts',(140.091737570473,14.3680698043186,17.24017065645));
#6692=CARTESIAN_POINT('Ctrl Pts',(139.727736431072,14.5082280901634,17.103425355349));
#6693=CARTESIAN_POINT('Ctrl Pts',(139.361693200559,14.6433887591115,16.9659069713728));
#6694=CARTESIAN_POINT('Ctrl Pts',(138.994494164763,14.7739621909884,16.8279483143436));
#6695=CARTESIAN_POINT('Ctrl Pts',(138.930691735084,14.7966498927336,16.8039773976046));
#6696=CARTESIAN_POINT('Ctrl Pts',(138.86685445825,14.8191992200675,16.7799932059744));
#6697=CARTESIAN_POINT('Ctrl Pts',(138.802987038097,14.8416124639095,16.7559975051632));
#6698=CARTESIAN_POINT('Ctrl Pts',(138.36310780309,14.9959810062989,16.5907299792334));
#6699=CARTESIAN_POINT('Ctrl Pts',(137.921714608425,15.1439290566516,16.4248853105986));
#6700=CARTESIAN_POINT('Ctrl Pts',(137.479089676788,15.2866118826802,16.2585694005448));
#6701=CARTESIAN_POINT('Ctrl Pts',(137.008926418601,15.4381718549681,16.0819059896748));
#6702=CARTESIAN_POINT('Ctrl Pts',(136.537373055638,15.5837905295118,15.9047107547735));
#6703=CARTESIAN_POINT('Ctrl Pts',(136.064742579663,15.7247968944022,15.7271014275139));
#6704=CARTESIAN_POINT('Ctrl Pts',(135.525109609824,15.8857930368854,15.5243133010344));
#6705=CARTESIAN_POINT('Ctrl Pts',(134.984072033289,16.0407759092496,15.3209851876534));
#6706=CARTESIAN_POINT('Ctrl Pts',(134.442069598187,16.1916607481105,15.1172828165002));
#6707=CARTESIAN_POINT('Ctrl Pts',(134.341247918043,16.2197278968482,15.0793907075744));
#6708=CARTESIAN_POINT('Ctrl Pts',(134.240392801363,16.2476531080259,15.041485630193));
#6709=CARTESIAN_POINT('Ctrl Pts',(134.139507021639,16.275448544575,15.0035686303454));
#6710=CARTESIAN_POINT('Ctrl Pts',(133.694012217934,16.3981885638643,14.8361334729779));
#6711=CARTESIAN_POINT('Ctrl Pts',(133.247881627579,16.5184089505308,14.6684495336994));
#6712=CARTESIAN_POINT('Ctrl Pts',(132.801451655187,16.6371238609445,14.5006492087409));
#6713=CARTESIAN_POINT('Ctrl Pts',(132.463525665936,16.7269853308756,14.3736324439288));
#6714=CARTESIAN_POINT('Ctrl Pts',(132.125428197925,16.8159842723089,14.246549014739));
#6715=CARTESIAN_POINT('Ctrl Pts',(131.787064288844,16.9040049193704,14.119368675338));
#6716=CARTESIAN_POINT('Ctrl Pts',(131.001691876736,17.1083085878253,13.8241719145503));
#6717=CARTESIAN_POINT('Ctrl Pts',(130.215067708809,17.3072969812554,13.5285118567498));
#6718=CARTESIAN_POINT('Ctrl Pts',(129.426797412847,17.4992925921601,13.2322404661105));
#6719=CARTESIAN_POINT('Ctrl Pts',(128.343222138299,17.7632143685659,12.8249786993058));
#6720=CARTESIAN_POINT('Ctrl Pts',(127.255941763358,18.0140663543484,12.4163384590694));
#6721=CARTESIAN_POINT('Ctrl Pts',(126.165008065023,18.247091116062,12.0063395170108));
#6722=CARTESIAN_POINT('Ctrl Pts',(124.081448400656,18.692141988582,11.2232880268877));
#6723=CARTESIAN_POINT('Ctrl Pts',(121.984563032952,19.0721573361547,10.4352805919563));
#6724=CARTESIAN_POINT('Ctrl Pts',(119.87466836942,19.3536995334182,9.64243882847985));
#6725=CARTESIAN_POINT('Ctrl Pts',(119.267462480582,19.4347244694444,9.41426715904984));
#6726=CARTESIAN_POINT('Ctrl Pts',(118.659723824672,19.5075200755407,9.18590076988));
#6727=CARTESIAN_POINT('Ctrl Pts',(118.051504970443,19.5713392887621,8.95735335199325));
#6728=CARTESIAN_POINT('Ctrl Pts',(117.049733878529,19.6764531675401,8.58092273860697));
#6729=CARTESIAN_POINT('Ctrl Pts',(116.046659133817,19.7572168616434,8.20400067719792));
#6730=CARTESIAN_POINT('Ctrl Pts',(115.042389099016,19.8187379567,7.82660229104471));
#6731=CARTESIAN_POINT('Ctrl Pts',(114.004516539827,19.8823175260966,7.43657628678495));
#6732=CARTESIAN_POINT('Ctrl Pts',(112.965461595099,19.9253421487836,7.04608669404426));
#6733=CARTESIAN_POINT('Ctrl Pts',(111.925542556715,19.9534614500144,6.65525329652585));
#6734=CARTESIAN_POINT('Ctrl Pts',(111.348272988545,19.9690707583159,6.43829772759723));
#6735=CARTESIAN_POINT('Ctrl Pts',(110.770737662778,19.9800870109654,6.22123640197454));
#6736=CARTESIAN_POINT('Ctrl Pts',(110.192995396275,19.9874703845712,6.00409140033668));
#6737=CARTESIAN_POINT('',(149.257022845324,10.3137460917509,15.3525655740823));
#6738=CARTESIAN_POINT('Ctrl Pts',(149.257022845324,10.3137460917509,15.3525655740823));
#6739=CARTESIAN_POINT('Ctrl Pts',(149.022170669267,10.3189961392873,15.9764736898193));
#6740=CARTESIAN_POINT('Ctrl Pts',(148.787318609446,10.3242401841298,16.6003818998498));
#6741=CARTESIAN_POINT('Ctrl Pts',(148.201409550434,10.3373081094807,18.156909484642));
#6742=CARTESIAN_POINT('Ctrl Pts',(147.850352695533,10.3451246039477,19.0895289758513));
#6743=CARTESIAN_POINT('Ctrl Pts',(147.49929610415,10.3529277932492,20.0221486774814));
#6744=CARTESIAN_POINT('',(109.824410051291,19.9999309556382,1.0002682577096));
#6745=CARTESIAN_POINT('Ctrl Pts',(109.824410051291,19.9999309556382,1.0002682577096));
#6746=CARTESIAN_POINT('Ctrl Pts',(113.131093996946,19.9971709654918,2.20380278805398));
#6747=CARTESIAN_POINT('Ctrl Pts',(121.40692987994,19.7782934256351,5.21596071313598));
#6748=CARTESIAN_POINT('Ctrl Pts',(134.777580039812,16.7535989404115,10.082479384116));
#6749=CARTESIAN_POINT('Ctrl Pts',(144.888910221382,13.6569696887615,13.7627025990447));
#6750=CARTESIAN_POINT('Ctrl Pts',(149.257022845324,10.3137460917509,15.3525655740823));
#6751=CARTESIAN_POINT('Ctrl Pts',(109.636029765734,20.,1.00000000000002));
#6752=CARTESIAN_POINT('Ctrl Pts',(109.636079765685,20.,1.0000000699322));
#6753=CARTESIAN_POINT('Ctrl Pts',(109.636129765636,19.9999999999815,1.00000013986439));
#6754=CARTESIAN_POINT('Ctrl Pts',(109.636149746506,19.9999999999723,1.00000016781053));
#6755=CARTESIAN_POINT('Ctrl Pts',(109.698863200682,19.9999999710432,1.00008788167515));
#6756=CARTESIAN_POINT('Ctrl Pts',(109.761636637892,19.9999772460745,1.00017727188763));
#6757=CARTESIAN_POINT('Ctrl Pts',(109.824410051291,19.9999309556382,1.0002682577096));
#6758=CARTESIAN_POINT('Ctrl Pts',(107.81919280938,0.000603051361785144,
6.04227384164014));
#6759=CARTESIAN_POINT('Ctrl Pts',(110.045235069672,0.000603051361785144,
-0.0737270032632131));
#6760=CARTESIAN_POINT('Ctrl Pts',(116.239067334118,0.311924073562538,9.10685754490096));
#6761=CARTESIAN_POINT('Ctrl Pts',(118.46510959441,0.311924073562538,2.99085669999761));
#6762=CARTESIAN_POINT('Ctrl Pts',(129.336694063843,-2.14309029029042,13.8740038140502));
#6763=CARTESIAN_POINT('Ctrl Pts',(131.562736324135,-2.14309029029042,7.75800296914687));
#6764=CARTESIAN_POINT('Ctrl Pts',(142.361015376272,-6.13943096732035,18.6144690932935));
#6765=CARTESIAN_POINT('Ctrl Pts',(144.587057636564,-6.13943096732035,12.4984682483901));
#6766=CARTESIAN_POINT('Ctrl Pts',(146.545836561345,-9.06110194920921,20.1376194403864));
#6767=CARTESIAN_POINT('Ctrl Pts',(148.771878821636,-9.06110194920921,14.021618595483));
#6768=CARTESIAN_POINT('',(109.853573869496,0.00695653605873244,1.01088301945381));
#6769=CARTESIAN_POINT('',(109.650107809043,0.000603051361790945,1.01187622312674));
#6770=CARTESIAN_POINT('Origin',(138.581525013725,-64.1267522725991,1.26039488702755));
#6771=CARTESIAN_POINT('',(148.20036636878,-8.92256309639179,14.9679740687756));
#6772=CARTESIAN_POINT('Ctrl Pts',(148.20036636878,-8.92256309639179,14.9679740687756));
#6773=CARTESIAN_POINT('Ctrl Pts',(144.060688288008,-6.09181572744169,13.4612544679305));
#6774=CARTESIAN_POINT('Ctrl Pts',(131.171474865619,-2.14616100882965,8.76996443907636));
#6775=CARTESIAN_POINT('Ctrl Pts',(118.210473825814,0.290080793721909,4.05254585429403));
#6776=CARTESIAN_POINT('Ctrl Pts',(109.853573869496,0.00695653605873339,
1.01088301945385));
#6777=CARTESIAN_POINT('',(146.446425659684,-8.8901270781789,19.638935175157));
#6778=CARTESIAN_POINT('Ctrl Pts',(146.446425659684,-8.8901270781789,19.638935175157));
#6779=CARTESIAN_POINT('Ctrl Pts',(146.680776291719,-8.89445058166344,19.0148313912844));
#6780=CARTESIAN_POINT('Ctrl Pts',(146.915126789624,-8.89877823980847,18.3907275858139));
#6781=CARTESIAN_POINT('Ctrl Pts',(147.499773857543,-8.90958508652908,16.8337405763972));
#6782=CARTESIAN_POINT('Ctrl Pts',(147.850070262321,-8.91606941754983,15.9008573460378));
#6783=CARTESIAN_POINT('Ctrl Pts',(148.20036636878,-8.92256309639179,14.9679740687756));
#6784=CARTESIAN_POINT('',(110.183410656074,0.0406278844591732,6.00060284020813));
#6785=CARTESIAN_POINT('Ctrl Pts',(110.18341065713,0.0406272459396929,6.00060284058455));
#6786=CARTESIAN_POINT('Ctrl Pts',(111.349112446445,0.0428136767695734,6.43902645641782));
#6787=CARTESIAN_POINT('Ctrl Pts',(112.511583744495,0.0109511252131714,6.87622681842359));
#6788=CARTESIAN_POINT('Ctrl Pts',(113.671144984549,-0.0515964877836953,
7.31232354115135));
#6789=CARTESIAN_POINT('Ctrl Pts',(114.836566238182,-0.11446019435879,7.75062414292319));
#6790=CARTESIAN_POINT('Ctrl Pts',(115.99904794501,-0.208319905729255,8.18780992179923));
#6791=CARTESIAN_POINT('Ctrl Pts',(117.158910541277,-0.329812928739019,8.62400049451801));
#6792=CARTESIAN_POINT('Ctrl Pts',(117.893763878015,-0.406787178651432,8.90035745166768));
#6793=CARTESIAN_POINT('Ctrl Pts',(118.627565779752,-0.494854768494516,9.17631488661492));
#6794=CARTESIAN_POINT('Ctrl Pts',(119.360396740001,-0.593171256099603,9.45190284727947));
#6795=CARTESIAN_POINT('Ctrl Pts',(119.418297372075,-0.600939195889933,9.47367692340371));
#6796=CARTESIAN_POINT('Ctrl Pts',(119.476191924098,-0.60877098216198,9.49544868648778));
#6797=CARTESIAN_POINT('Ctrl Pts',(119.534080430668,-0.616666171865806,9.51721814952572));
#6798=CARTESIAN_POINT('Ctrl Pts',(120.586475367367,-0.760198250355441,9.9129801761082));
#6799=CARTESIAN_POINT('Ctrl Pts',(121.636850401033,-0.924677720627919,10.3079737932301));
#6800=CARTESIAN_POINT('Ctrl Pts',(122.685525247862,-1.10748367737364,10.7023191255239));
#6801=CARTESIAN_POINT('Ctrl Pts',(123.138721786002,-1.18648531167327,10.8727398617201));
#6802=CARTESIAN_POINT('Ctrl Pts',(123.591600749815,-1.26891033783137,11.0430395063006));
#6803=CARTESIAN_POINT('Ctrl Pts',(124.044187762668,-1.35455018423184,11.2132276861358));
#6804=CARTESIAN_POINT('Ctrl Pts',(124.085589715088,-1.36238438350226,11.2287962347769));
#6805=CARTESIAN_POINT('Ctrl Pts',(124.126988250524,-1.37024535381297,11.2443634844267));
#6806=CARTESIAN_POINT('Ctrl Pts',(124.168383264926,-1.37813289371445,11.2599293959732));
#6807=CARTESIAN_POINT('Ctrl Pts',(125.135692148417,-1.56244705631962,11.6236699269523));
#6808=CARTESIAN_POINT('Ctrl Pts',(126.101063218027,-1.76126216540406,11.9866740749527));
#6809=CARTESIAN_POINT('Ctrl Pts',(127.063351412292,-1.97207001767435,12.3485114988236));
#6810=CARTESIAN_POINT('Ctrl Pts',(127.613652801761,-2.09262418710804,12.5554345789414));
#6811=CARTESIAN_POINT('Ctrl Pts',(128.16294621409,-2.2171014436292,12.7619761859716));
#6812=CARTESIAN_POINT('Ctrl Pts',(128.711018608542,-2.34504007805231,12.9680562517232));
#6813=CARTESIAN_POINT('Ctrl Pts',(128.731343154835,-2.34978451459825,12.9756984608162));
#6814=CARTESIAN_POINT('Ctrl Pts',(128.751666753887,-2.35453376294898,12.9833403067528));
#6815=CARTESIAN_POINT('Ctrl Pts',(128.771989399573,-2.35928780481047,12.9909817873872));
#6816=CARTESIAN_POINT('Ctrl Pts',(129.563804854069,-2.54451584428272,13.2887108604179));
#6817=CARTESIAN_POINT('Ctrl Pts',(130.353661017295,-2.73689556717291,13.5856926490774));
#6818=CARTESIAN_POINT('Ctrl Pts',(131.14180960862,-2.93549217812907,13.8820311319114));
#6819=CARTESIAN_POINT('Ctrl Pts',(131.873235805678,-3.11979595726312,14.1570423822354));
#6820=CARTESIAN_POINT('Ctrl Pts',(132.603191769484,-3.30945556880907,14.4314997313134));
#6821=CARTESIAN_POINT('Ctrl Pts',(133.331869838831,-3.50376269037445,14.7054829365324));
#6822=CARTESIAN_POINT('Ctrl Pts',(133.335344835012,-3.50468932249591,14.7067895362939));
#6823=CARTESIAN_POINT('Ctrl Pts',(133.338819828122,-3.50561606730409,14.7080961350449));
#6824=CARTESIAN_POINT('Ctrl Pts',(133.34229481812,-3.5065429247126,14.709402732771));
#6825=CARTESIAN_POINT('Ctrl Pts',(133.922220671803,-3.66122209618723,14.9274551018504));
#6826=CARTESIAN_POINT('Ctrl Pts',(134.501152945488,-3.81947533919707,15.1451467688568));
#6827=CARTESIAN_POINT('Ctrl Pts',(135.078496898494,-3.98348669484494,15.3622542350309));
#6828=CARTESIAN_POINT('Ctrl Pts',(135.646478630894,-4.14483843920668,15.575841082373));
#6829=CARTESIAN_POINT('Ctrl Pts',(136.212923150942,-4.31176301119033,15.7888625271797));
#6830=CARTESIAN_POINT('Ctrl Pts',(136.777250097369,-4.48638782695238,16.0011004772318));
#6831=CARTESIAN_POINT('Ctrl Pts',(137.13328192173,-4.59655799006098,16.1350006303861));
#6832=CARTESIAN_POINT('Ctrl Pts',(137.488470606222,-4.70979404085014,16.268588823194));
#6833=CARTESIAN_POINT('Ctrl Pts',(137.842667410834,-4.82664043347968,16.4018091616394));
#6834=CARTESIAN_POINT('Ctrl Pts',(137.861449625417,-4.83283651992378,16.4088735195074));
#6835=CARTESIAN_POINT('Ctrl Pts',(137.880229060723,-4.83904276371315,16.4159368466876));
#6836=CARTESIAN_POINT('Ctrl Pts',(137.899005694271,-4.84525924667034,16.4229991347322));
#6837=CARTESIAN_POINT('Ctrl Pts',(138.440194832528,-5.02443370017637,16.6265517881537));
#6838=CARTESIAN_POINT('Ctrl Pts',(138.97905820692,-5.21206010865837,16.8292420099627));
#6839=CARTESIAN_POINT('Ctrl Pts',(139.515013283692,-5.41026283656175,17.030850652875));
#6840=CARTESIAN_POINT('Ctrl Pts',(140.043724274493,-5.60578661306983,17.2297343093002));
#6841=CARTESIAN_POINT('Ctrl Pts',(140.569605065158,-5.81160269790703,17.4275654308832));
#6842=CARTESIAN_POINT('Ctrl Pts',(141.092082441778,-6.02979865742131,17.6241283782382));
#6843=CARTESIAN_POINT('Ctrl Pts',(141.47906543726,-6.1914097238391,17.7697165349161));
#6844=CARTESIAN_POINT('Ctrl Pts',(141.864181066645,-6.35981325573544,17.9146088759073));
#6845=CARTESIAN_POINT('Ctrl Pts',(142.247191301963,-6.5358751325698,18.0587158571996));
#6846=CARTESIAN_POINT('Ctrl Pts',(142.265355412979,-6.5442247984054,18.0655500745782));
#6847=CARTESIAN_POINT('Ctrl Pts',(142.283514391253,-6.55259150908026,18.0723823760154));
#6848=CARTESIAN_POINT('Ctrl Pts',(142.301668242829,-6.56097536995426,18.0792127637857));
#6849=CARTESIAN_POINT('Ctrl Pts',(142.659178960867,-6.72608193746874,18.2137261933957));
#6850=CARTESIAN_POINT('Ctrl Pts',(143.015026538097,-6.89803922010592,18.3476197552227));
#6851=CARTESIAN_POINT('Ctrl Pts',(143.368728513842,-7.07749284859471,18.4807116287035));
#6852=CARTESIAN_POINT('Ctrl Pts',(143.722430489587,-7.25694647708351,18.6138035021843));
#6853=CARTESIAN_POINT('Ctrl Pts',(144.073987523009,-7.44389599275135,18.7460939356323));
#6854=CARTESIAN_POINT('Ctrl Pts',(144.422888362777,-7.63903580847315,18.8773902997473));
#6855=CARTESIAN_POINT('Ctrl Pts',(144.76861667133,-7.83240123134193,19.0074927951008));
#6856=CARTESIAN_POINT('Ctrl Pts',(145.110151018552,-8.03291264866682,19.1360224143409));
#6857=CARTESIAN_POINT('Ctrl Pts',(145.447432644934,-8.2412069661964,19.2629563532626));
#6858=CARTESIAN_POINT('Ctrl Pts',(145.762409296861,-8.43572644671089,19.3814959473886));
#6859=CARTESIAN_POINT('Ctrl Pts',(146.073676948329,-8.63703364605804,19.4986438730358));
#6860=CARTESIAN_POINT('Ctrl Pts',(146.381159764832,-8.84568873712185,19.6143710270838));
#6861=CARTESIAN_POINT('Ctrl Pts',(146.402934065643,-8.860464583038,19.6225662098029));
#6862=CARTESIAN_POINT('Ctrl Pts',(146.424689374727,-8.87527729433955,19.6307542632921));
#6863=CARTESIAN_POINT('Ctrl Pts',(146.446425659684,-8.89012707817889,19.638935175157));
#6864=CARTESIAN_POINT('',(107.830256637712,0.000603051361790258,6.01187622312676));
#6865=CARTESIAN_POINT('Ctrl Pts',(107.830256637712,0.000603051361790258,
6.01187622312676));
#6866=CARTESIAN_POINT('Ctrl Pts',(108.614386789066,0.0261588247937487,6.00804215713385));
#6867=CARTESIAN_POINT('Ctrl Pts',(109.398864113788,0.039330876817501,6.00428014794479));
#6868=CARTESIAN_POINT('Ctrl Pts',(110.183410655718,0.0406280981900386,6.00060284007101));
#6869=CARTESIAN_POINT('',(109.650107809043,0.000603051361790924,1.01187622312676));
#6870=CARTESIAN_POINT('Origin',(110.,1.,1.));
#6871=CARTESIAN_POINT('Origin',(109.617478154174,1.,1.));
#6872=CARTESIAN_POINT('Origin',(3.,1.,1.));
#6873=CARTESIAN_POINT('Origin',(110.,1.,6.00000000000001));
#6874=CARTESIAN_POINT('',(1.70710678118791,0.292893218812802,6.7071067811874));
#6875=CARTESIAN_POINT('Ctrl Pts',(1.70710678118754,0.292893218813927,6.70710678118703));
#6876=CARTESIAN_POINT('Ctrl Pts',(1.74074183349212,0.308957059125384,6.72317062149846));
#6877=CARTESIAN_POINT('Ctrl Pts',(1.77461529244993,0.325461024612257,6.73857874438727));
#6878=CARTESIAN_POINT('Ctrl Pts',(2.19634187411107,0.534460932045994,6.92104557984698));
#6879=CARTESIAN_POINT('Ctrl Pts',(2.61178848060777,0.775865974776377,7.00000000000001));
#6880=CARTESIAN_POINT('Ctrl Pts',(3.00000000000001,1.,7.00000000000001));
#6881=CARTESIAN_POINT('Ctrl Pts',(3.00000000000001,0.,6.00000000000001));
#6882=CARTESIAN_POINT('Ctrl Pts',(2.61178848060777,0.,6.22413402522363));
#6883=CARTESIAN_POINT('Ctrl Pts',(2.19634187411107,0.0789544201530255,6.46553906795401));
#6884=CARTESIAN_POINT('Ctrl Pts',(1.77461529244989,0.261421255612752,6.67453897538777));
#6885=CARTESIAN_POINT('Ctrl Pts',(1.74074183349204,0.276829378501581,6.69104294087466));
#6886=CARTESIAN_POINT('Ctrl Pts',(1.70710678118742,0.292893218813038,6.70710678118614));
#6887=CARTESIAN_POINT('Ctrl Pts',(148.20036636878,-8.9225630963918,14.9679740687756));
#6888=CARTESIAN_POINT('Ctrl Pts',(148.542386512106,-8.92256309639179,14.0282814479897));
#6889=CARTESIAN_POINT('Ctrl Pts',(149.050371726118,-8.08127470555677,14.2131729453374));
#6890=CARTESIAN_POINT('Ctrl Pts',(146.818184426128,-7.97741523194145,14.4649009833307));
#6891=CARTESIAN_POINT('Ctrl Pts',(147.160204569058,-7.97741523248732,13.5252083623519));
#6892=CARTESIAN_POINT('Ctrl Pts',(147.616844308457,-7.10101636588044,13.6914116353044));
#6893=CARTESIAN_POINT('Ctrl Pts',(145.370940539673,-7.18901612079592,13.9381472869174));
#6894=CARTESIAN_POINT('Ctrl Pts',(145.71296068278,-7.18901612133854,12.9984546660519));
#6895=CARTESIAN_POINT('Ctrl Pts',(146.122471894009,-6.28779455579052,13.1475045575368));
#6896=CARTESIAN_POINT('Ctrl Pts',(142.382126325231,-5.8275740548492,12.8503078771074));
#6897=CARTESIAN_POINT('Ctrl Pts',(142.724146468776,-5.82757405430657,11.9106152564012));
#6898=CARTESIAN_POINT('Ctrl Pts',(143.054188050245,-4.89015308341935,12.0307405681268));
#6899=CARTESIAN_POINT('Ctrl Pts',(140.840010149612,-5.25465981646903,12.2890234914073));
#6900=CARTESIAN_POINT('Ctrl Pts',(141.18203029279,-5.2546598169823,11.3493308705693));
#6901=CARTESIAN_POINT('Ctrl Pts',(141.479662902754,-4.30576043661284,11.4576602813364));
#6902=CARTESIAN_POINT('Ctrl Pts',(137.692056825074,-4.23619461817709,11.143262182406));
#6903=CARTESIAN_POINT('Ctrl Pts',(138.034076968547,-4.2361946176638,10.2035695616722));
#6904=CARTESIAN_POINT('Ctrl Pts',(138.283111488482,-3.27157217583862,10.2942107142398));
#6905=CARTESIAN_POINT('Ctrl Pts',(136.086228882778,-3.79096535007459,10.5587886100936));
#6906=CARTESIAN_POINT('Ctrl Pts',(136.428249025978,-3.79096535061136,9.61909598926823));
#6907=CARTESIAN_POINT('Ctrl Pts',(136.660978293171,-2.82207954964026,9.70380251513163));
#6908=CARTESIAN_POINT('Ctrl Pts',(132.842282513512,-2.94090147895202,9.37808869006219));
#6909=CARTESIAN_POINT('Ctrl Pts',(133.184302656963,-2.94090147841525,8.43839606931575));
#6910=CARTESIAN_POINT('Ctrl Pts',(133.400935477758,-1.96779766455146,8.51724396788771));
#6911=CARTESIAN_POINT('Ctrl Pts',(131.218079490178,-2.53935730535765,8.78692713519399));
#6912=CARTESIAN_POINT('Ctrl Pts',(131.560099633527,-2.53935730524347,7.84723451441285));
#6913=CARTESIAN_POINT('Ctrl Pts',(131.767020876063,-1.56382135560509,7.92254768753784));
#6914=CARTESIAN_POINT('Ctrl Pts',(126.334574086384,-1.43493761014887,7.00947652933732));
#6915=CARTESIAN_POINT('Ctrl Pts',(126.676594229662,-1.43493761037723,6.06978390854187));
#6916=CARTESIAN_POINT('Ctrl Pts',(126.848759655104,-0.451541526338068,6.13244699876305));
#6917=CARTESIAN_POINT('Ctrl Pts',(123.064209862197,-0.832113308584245,5.81916129650764));
#6918=CARTESIAN_POINT('Ctrl Pts',(123.406230005572,-0.832113308354012,4.87946867572454));
#6919=CARTESIAN_POINT('Ctrl Pts',(123.54784778016,0.157301785203018,4.93101333034768));
#6920=CARTESIAN_POINT('Ctrl Pts',(118.116212985066,-0.247881599711156,4.01823771401237));
#6921=CARTESIAN_POINT('Ctrl Pts',(118.458233128367,-0.247881599826267,3.07854509322506));
#6922=CARTESIAN_POINT('Ctrl Pts',(118.54286384608,0.74826220564473,3.10934815536192));
#6923=CARTESIAN_POINT('Ctrl Pts',(116.458865476286,-0.106752940968564,3.41501255293937));
#6924=CARTESIAN_POINT('Ctrl Pts',(116.800885619616,-0.10675294089485,2.4753199321378));
#6925=CARTESIAN_POINT('Ctrl Pts',(116.864654298107,0.891226129801401,2.4985298330384));
#6926=CARTESIAN_POINT('Ctrl Pts',(113.153760050259,0.0483834378871416,2.21205255682227));
#6927=CARTESIAN_POINT('Ctrl Pts',(113.49578019358,0.0483834378134199,1.272359936052));
#6928=CARTESIAN_POINT('Ctrl Pts',(113.51482630697,1.04846171436619,1.27929215435297));
#6929=CARTESIAN_POINT('Ctrl Pts',(111.502958297369,0.0628361976773009,1.61120985601999));
#6930=CARTESIAN_POINT('Ctrl Pts',(111.844978440706,0.062836197518611,0.671517235216677));
#6931=CARTESIAN_POINT('Ctrl Pts',(111.840135976162,1.06317877440767,0.669754722325418));
#6932=CARTESIAN_POINT('Ctrl Pts',(109.853573869494,0.00695653605865365,
1.01088301945296));
#6933=CARTESIAN_POINT('Ctrl Pts',(110.19559401282,0.006956536058653,0.0711903986670484));
#6934=CARTESIAN_POINT('Ctrl Pts',(110.165693162615,1.00645015737127,0.0603073792132606));
#6935=CARTESIAN_POINT('Origin',(148.708351582792,-8.08127470555678,15.1528655661233));
#6936=CARTESIAN_POINT('Origin',(109.823673019289,1.00645015737127,0.999999999999168));
#6937=CARTESIAN_POINT('Ctrl Pts',(107.830256637711,0.000603051361758441,
6.01187622312678));
#6938=CARTESIAN_POINT('Ctrl Pts',(107.830161470612,0.00351787556313435,
6.25742328393245));
#6939=CARTESIAN_POINT('Ctrl Pts',(107.82636567762,0.119777270577662,6.47368980781819));
#6940=CARTESIAN_POINT('Ctrl Pts',(108.619260963553,0.0263176801806204,6.0080183244414));
#6941=CARTESIAN_POINT('Ctrl Pts',(108.619601388941,0.0283054696085893,6.25417075180243));
#6942=CARTESIAN_POINT('Ctrl Pts',(108.617206003701,0.144300811583178,6.47127991151578));
#6943=CARTESIAN_POINT('Ctrl Pts',(109.409097251874,0.0394895134351634,6.00423116959444));
#6944=CARTESIAN_POINT('Ctrl Pts',(109.40945440163,0.0405357476847764,6.25097384626459));
#6945=CARTESIAN_POINT('Ctrl Pts',(109.408263774937,0.156236472829065,6.46891003239695));
#6946=CARTESIAN_POINT('Ctrl Pts',(110.197520453802,0.0406501486636575,6.00053671411394));
#6947=CARTESIAN_POINT('Ctrl Pts',(110.197520258066,0.0407828858156658,6.24785139014189));
#6948=CARTESIAN_POINT('Ctrl Pts',(110.19735009453,0.156178371843,6.4665942059025));
#6949=CARTESIAN_POINT('',(107.826411498597,0.118373843332583,6.4710698801634));
#6950=CARTESIAN_POINT('Ctrl Pts',(107.826411501208,0.11837376337002,6.4710699228844));
#6951=CARTESIAN_POINT('Ctrl Pts',(107.829490236724,0.118117273286067,6.4704016423127));
#6952=CARTESIAN_POINT('Ctrl Pts',(107.832591001413,0.117862485652804,6.46973372631037));
#6953=CARTESIAN_POINT('Ctrl Pts',(107.835649486423,0.117607226792277,6.46906617430146));
#6954=CARTESIAN_POINT('Ctrl Pts',(107.848104958055,0.116567702490086,6.46634761426872));
#6955=CARTESIAN_POINT('Ctrl Pts',(107.860565396777,0.11554452848754,6.46363506078587));
#6956=CARTESIAN_POINT('Ctrl Pts',(107.873030390908,0.11453716375708,6.46092835786917));
#6957=CARTESIAN_POINT('Ctrl Pts',(107.924053805399,0.110413681014297,6.44984891223306));
#6958=CARTESIAN_POINT('Ctrl Pts',(107.975151650426,0.106554637363889,6.43886770590617));
#6959=CARTESIAN_POINT('Ctrl Pts',(108.026311080424,0.102926627763293,6.42797232771153));
#6960=CARTESIAN_POINT('Ctrl Pts',(108.090080382686,0.0984043795513692,6.41439143626325));
#6961=CARTESIAN_POINT('Ctrl Pts',(108.153944247097,0.0942405919969872,6.40094418181125));
#6962=CARTESIAN_POINT('Ctrl Pts',(108.217926830926,0.090382532338511,6.38760074065854));
#6963=CARTESIAN_POINT('Ctrl Pts',(108.262091725587,0.0877194514153332,6.37839023933691));
#6964=CARTESIAN_POINT('Ctrl Pts',(108.306314355042,0.0852022625794556,6.36922910021422));
#6965=CARTESIAN_POINT('Ctrl Pts',(108.350616734483,0.0828162657850376,6.36010622918149));
#6966=CARTESIAN_POINT('Ctrl Pts',(108.404536390531,0.0799123105549192,6.34900294140207));
#6967=CARTESIAN_POINT('Ctrl Pts',(108.458546579325,0.0772058701923672,6.33796263835908));
#6968=CARTESIAN_POINT('Ctrl Pts',(108.512509373182,0.0746803233897803,6.32700091152198));
#6969=CARTESIAN_POINT('Ctrl Pts',(108.573680413215,0.0718174189045668,6.31457493830483));
#6970=CARTESIAN_POINT('Ctrl Pts',(108.634790643894,0.0691868713358641,6.3022498893314));
#6971=CARTESIAN_POINT('Ctrl Pts',(108.695707934682,0.0667692951386153,6.2900383271437));
#6972=CARTESIAN_POINT('Ctrl Pts',(108.772928196099,0.0637047158781837,6.27455864949776));
#6973=CARTESIAN_POINT('Ctrl Pts',(108.850038475117,0.060968245472266,6.25921998380938));
#6974=CARTESIAN_POINT('Ctrl Pts',(108.927326125279,0.0585155263563857,6.24393945906106));
#6975=CARTESIAN_POINT('Ctrl Pts',(108.952449295532,0.057718243998843,6.23897236245511));
#6976=CARTESIAN_POINT('Ctrl Pts',(108.977591614758,0.0569510566560481,6.23401138574102));
#6977=CARTESIAN_POINT('Ctrl Pts',(109.002764051705,0.0562127550665968,6.22905361568204));
#6978=CARTESIAN_POINT('Ctrl Pts',(109.106181516871,0.0531795454067018,6.20868530515785));
#6979=CARTESIAN_POINT('Ctrl Pts',(109.209668015429,0.0506458303187941,6.18845702299905));
#6980=CARTESIAN_POINT('Ctrl Pts',(109.31317175184,0.0485515640548589,6.16832949805653));
#6981=CARTESIAN_POINT('Ctrl Pts',(109.34967245548,0.047813018811038,6.16123150480124));
#6982=CARTESIAN_POINT('Ctrl Pts',(109.386175780036,0.0471292350507718,6.154146021183));
#6983=CARTESIAN_POINT('Ctrl Pts',(109.422680908933,0.0464979257856254,6.1470712582439));
#6984=CARTESIAN_POINT('Ctrl Pts',(109.533232470106,0.0445860786848485,6.12564615685454));
#6985=CARTESIAN_POINT('Ctrl Pts',(109.643820148285,0.0431546773399759,6.10431538916017));
#6986=CARTESIAN_POINT('Ctrl Pts',(109.75440803995,0.0421772683184306,6.08303210080255));
#6987=CARTESIAN_POINT('Ctrl Pts',(109.877227675367,0.0410917514696077,6.05939474161998));
#6988=CARTESIAN_POINT('Ctrl Pts',(110.000048204647,0.0405659951797741,6.03581597667886));
#6989=CARTESIAN_POINT('Ctrl Pts',(110.122882586602,0.0405783922054744,6.01222727924532));
#6990=CARTESIAN_POINT('Ctrl Pts',(110.143058069663,0.0405804284104688,6.00835284801591));
#6991=CARTESIAN_POINT('Ctrl Pts',(110.163234034777,0.0405970160026008,6.00447813968157));
#6992=CARTESIAN_POINT('Ctrl Pts',(110.183410655719,0.0406280981900414,6.0006028400776));
#6993=CARTESIAN_POINT('Origin',(107.797626982842,0.999999999999967,6.));
#6994=CARTESIAN_POINT('Origin',(148.708351582792,-8.08127470555675,15.1528655661232));
#6995=CARTESIAN_POINT('Origin',(148.708351582792,-8.08127470555677,15.1528655661233));
#6996=CARTESIAN_POINT('Origin',(148.708351582792,-8.08127470555677,15.1528655661233));
#6997=CARTESIAN_POINT('Origin',(110.,19.,1.));
#6998=CARTESIAN_POINT('Origin',(109.636029765734,19.,1.));
#6999=CARTESIAN_POINT('Origin',(3.,19.,1.));
#7000=CARTESIAN_POINT('Ctrl Pts',(109.958372955459,0.0397814482452053,5.91596544957791));
#7001=CARTESIAN_POINT('Ctrl Pts',(109.606469320267,0.0397258766432077,6.8520610500408));
#7002=CARTESIAN_POINT('Ctrl Pts',(109.601523682508,1.03976749017528,6.85020184948877));
#7003=CARTESIAN_POINT('Ctrl Pts',(113.10290603391,0.057531223418242,7.09863565735153));
#7004=CARTESIAN_POINT('Ctrl Pts',(112.750363287073,0.0579896856409694,8.03393681283089));
#7005=CARTESIAN_POINT('Ctrl Pts',(112.792465038781,1.0577782069964,8.04976401310252));
#7006=CARTESIAN_POINT('Ctrl Pts',(116.234959084682,-0.173863026408996,8.27655267958891));
#7007=CARTESIAN_POINT('Ctrl Pts',(115.882859724683,-0.172859826288526,9.21152793229168));
#7008=CARTESIAN_POINT('Ctrl Pts',(115.965653372299,0.822955572177101,9.24265232971988));
#7009=CARTESIAN_POINT('Ctrl Pts',(120.923115570282,-0.802825370954603,10.039577924145));
#7010=CARTESIAN_POINT('Ctrl Pts',(120.571807213685,-0.801318497138315,10.9742315882939));
#7011=CARTESIAN_POINT('Ctrl Pts',(120.705573828087,0.187075459907155,11.0245181186741));
#7012=CARTESIAN_POINT('Ctrl Pts',(122.484167040864,-1.05935847256501,10.6266065951852));
#7013=CARTESIAN_POINT('Ctrl Pts',(122.132999963053,-1.05768078225979,11.5611266588143));
#7014=CARTESIAN_POINT('Ctrl Pts',(122.282240344673,-0.0720588798110878,
11.6172302016509));
#7015=CARTESIAN_POINT('Ctrl Pts',(125.604208489009,-1.64974189592199,11.7998487650088));
#7016=CARTESIAN_POINT('Ctrl Pts',(125.253252743026,-1.64776782132389,12.7341150524746));
#7017=CARTESIAN_POINT('Ctrl Pts',(125.430149823679,-0.667695206808101,12.8006155051989));
#7018=CARTESIAN_POINT('Ctrl Pts',(127.161815929199,-1.98340377417598,12.38554235455));
#7019=CARTESIAN_POINT('Ctrl Pts',(126.810989621045,-1.98130318094692,13.3197109663662));
#7020=CARTESIAN_POINT('Ctrl Pts',(126.999995560572,-1.00400505977656,13.3907634704651));
#7021=CARTESIAN_POINT('Ctrl Pts',(130.260221449758,-2.706676382939,13.5505697176709));
#7022=CARTESIAN_POINT('Ctrl Pts',(129.90957206903,-2.70435739772822,14.4845528893349));
#7023=CARTESIAN_POINT('Ctrl Pts',(130.119472365518,-1.73217746082429,14.5634601538832));
#7024=CARTESIAN_POINT('Ctrl Pts',(131.80527160242,-3.09658450135937,14.1314811221935));
#7025=CARTESIAN_POINT('Ctrl Pts',(131.454694676106,-3.09419268387495,15.0654067536062));
#7026=CARTESIAN_POINT('Ctrl Pts',(131.671612669517,-2.12386908987851,15.1469521624837));
#7027=CARTESIAN_POINT('Ctrl Pts',(134.87931810681,-3.9165013485794,15.2873241488261));
#7028=CARTESIAN_POINT('Ctrl Pts',(134.52891031547,-3.91391907829404,16.2210885265468));
#7029=CARTESIAN_POINT('Ctrl Pts',(134.764462701585,-2.94878194210473,16.3096391134386));
#7030=CARTESIAN_POINT('Ctrl Pts',(136.401935241847,-4.3496159286156,15.8599193508239));
#7031=CARTESIAN_POINT('Ctrl Pts',(136.051558370567,-4.34681725185625,16.7934935918402));
#7032=CARTESIAN_POINT('Ctrl Pts',(136.303953489257,-3.38643182248928,16.8883758227462));
#7033=CARTESIAN_POINT('Ctrl Pts',(139.396076147612,-5.34090256473286,16.9860789161924));
#7034=CARTESIAN_POINT('Ctrl Pts',(139.046189874321,-5.33763813340946,17.9192575105757));
#7035=CARTESIAN_POINT('Ctrl Pts',(139.346607372073,-4.39371743751774,18.0321926677732));
#7036=CARTESIAN_POINT('Ctrl Pts',(140.867604265707,-5.89869206148963,17.539646098919));
#7037=CARTESIAN_POINT('Ctrl Pts',(140.5179501755,-5.89505492910581,18.4725324768992));
#7038=CARTESIAN_POINT('Ctrl Pts',(140.849873917347,-4.96297731696742,18.5973116932271));
#7039=CARTESIAN_POINT('Ctrl Pts',(143.018700255231,-6.89211702444727,18.3489960324805));
#7040=CARTESIAN_POINT('Ctrl Pts',(142.669986472481,-6.88810654711993,19.2815418030329));
#7041=CARTESIAN_POINT('Ctrl Pts',(143.059018526355,-5.98310506475073,19.4277895964664));
#7042=CARTESIAN_POINT('Ctrl Pts',(143.727666454895,-7.25019902986461,18.6157683188423));
#7043=CARTESIAN_POINT('Ctrl Pts',(143.379212939091,-7.24600988846104,19.5481594371059));
#7044=CARTESIAN_POINT('Ctrl Pts',(143.789101317375,-6.35171891175022,19.7022476935079));
#7045=CARTESIAN_POINT('Ctrl Pts',(145.118110296878,-8.02787258740564,19.1390122104251));
#7046=CARTESIAN_POINT('Ctrl Pts',(144.770268056772,-8.02336329245785,20.0710951166787));
#7047=CARTESIAN_POINT('Ctrl Pts',(145.2245398538,-7.15445850333413,20.2418683145837));
#7048=CARTESIAN_POINT('Ctrl Pts',(145.79317540837,-8.44383991160548,19.3930705877445));
#7049=CARTESIAN_POINT('Ctrl Pts',(145.445670376959,-8.43916620604221,20.3249973285472));
#7050=CARTESIAN_POINT('Ctrl Pts',(145.923261320244,-7.58484624413465,20.5045368316352));
#7051=CARTESIAN_POINT('Ctrl Pts',(146.446425659684,-8.89012707817891,19.638935175157));
#7052=CARTESIAN_POINT('Ctrl Pts',(146.09937584186,-8.88538054097241,20.5707430990045));
#7053=CARTESIAN_POINT('Ctrl Pts',(146.600766025747,-8.04763779103413,20.7592293877345));
#7054=CARTESIAN_POINT('Origin',(146.952650381801,-8.04763779103411,19.8231859058573));
#7055=CARTESIAN_POINT('',(112.551394151978,0.158522997972701,7.48128364161913));
#7056=CARTESIAN_POINT('Ctrl Pts',(112.551393956111,0.15852304766477,7.48128404024587));
#7057=CARTESIAN_POINT('Ctrl Pts',(112.585625563001,0.164471087478809,7.50615720392148));
#7058=CARTESIAN_POINT('Ctrl Pts',(112.619739070509,0.170734804410689,7.53102400033176));
#7059=CARTESIAN_POINT('Ctrl Pts',(112.653760853275,0.177376392681576,7.555925805688));
#7060=CARTESIAN_POINT('Ctrl Pts',(112.686850341478,0.183835982358299,7.58014523005611));
#7061=CARTESIAN_POINT('Ctrl Pts',(112.719853292463,0.1906529629661,7.60439786071042));
#7062=CARTESIAN_POINT('Ctrl Pts',(112.752752776645,0.197894831878428,7.62869846785522));
#7063=CARTESIAN_POINT('Ctrl Pts',(112.784310818829,0.204841421173402,7.65200824320424));
#7064=CARTESIAN_POINT('Ctrl Pts',(112.815773795553,0.212178924948732,7.67536220153099));
#7065=CARTESIAN_POINT('Ctrl Pts',(112.84708585807,0.219977085689594,7.69875080070419));
#7066=CARTESIAN_POINT('Ctrl Pts',(112.861125354161,0.223473573574351,7.70923762655558));
#7067=CARTESIAN_POINT('Ctrl Pts',(112.875133936937,0.227062813763663,7.7197311030576));
#7068=CARTESIAN_POINT('Ctrl Pts',(112.889103601734,0.230751829342436,7.73022876127681));
#7069=CARTESIAN_POINT('Ctrl Pts',(112.914207552075,0.237381112524494,7.74909340079854));
#7070=CARTESIAN_POINT('Ctrl Pts',(112.939161391253,0.244324701055368,7.76795275259341));
#7071=CARTESIAN_POINT('Ctrl Pts',(112.96398737086,0.251652916353055,7.78684859935164));
#7072=CARTESIAN_POINT('Ctrl Pts',(112.987746735746,0.258666284767015,7.80493261154641));
#7073=CARTESIAN_POINT('Ctrl Pts',(113.01138911205,0.266031912063157,7.82305008495848));
#7074=CARTESIAN_POINT('Ctrl Pts',(113.034893658199,0.273821473901856,7.84121534307577));
#7075=CARTESIAN_POINT('Ctrl Pts',(113.049173954947,0.278554058563824,7.85225173045247));
#7076=CARTESIAN_POINT('Ctrl Pts',(113.063402587971,0.283443322828759,7.86330532247395));
#7077=CARTESIAN_POINT('Ctrl Pts',(113.077566722674,0.288507365317627,7.87437490051874));
#7078=CARTESIAN_POINT('Ctrl Pts',(113.099779779804,0.296449104609998,7.89173488576798));
#7079=CARTESIAN_POINT('Ctrl Pts',(113.121844877613,0.304820666515563,7.90913443296091));
#7080=CARTESIAN_POINT('Ctrl Pts',(113.143687862624,0.313702652895915,7.92654867017874));
#7081=CARTESIAN_POINT('Ctrl Pts',(113.156304085481,0.318832772224154,7.93660690615345));
#7082=CARTESIAN_POINT('Ctrl Pts',(113.168845460664,0.324133384905294,7.94666960382796));
#7083=CARTESIAN_POINT('Ctrl Pts',(113.181290987046,0.329621954219978,7.95672803753603));
#7084=CARTESIAN_POINT('Ctrl Pts',(113.191798948264,0.334256042945999,7.96522053741634));
#7085=CARTESIAN_POINT('Ctrl Pts',(113.202232789628,0.339023073443431,7.97370577905367));
#7086=CARTESIAN_POINT('Ctrl Pts',(113.212565504119,0.34392638802581,7.98216637515083));
#7087=CARTESIAN_POINT('Ctrl Pts',(113.225938816224,0.350272596112007,7.99311666244402));
#7088=CARTESIAN_POINT('Ctrl Pts',(113.239182542336,0.356864980327431,8.004058179986));
#7089=CARTESIAN_POINT('Ctrl Pts',(113.252280914496,0.363747943119723,8.01499328845935));
#7090=CARTESIAN_POINT('Ctrl Pts',(113.258628257205,0.367083359396399,8.02029233479882));
#7091=CARTESIAN_POINT('Ctrl Pts',(113.264940868836,0.370487026027011,8.02558947588505));
#7092=CARTESIAN_POINT('Ctrl Pts',(113.271213227114,0.373963988483997,8.03088245021751));
#7093=CARTESIAN_POINT('Ctrl Pts',(113.284884779711,0.381542553515257,8.04241928752409));
#7094=CARTESIAN_POINT('Ctrl Pts',(113.298397444775,0.389480508267272,8.05396172576818));
#7095=CARTESIAN_POINT('Ctrl Pts',(113.311715249814,0.397859078521266,8.06550841686787));
#7096=CARTESIAN_POINT('Ctrl Pts',(113.324649949031,0.405996627147762,8.07672295078601));
#7097=CARTESIAN_POINT('Ctrl Pts',(113.337400925722,0.414549764641374,8.08794157111637));
#7098=CARTESIAN_POINT('Ctrl Pts',(113.349894147585,0.42360107532299,8.0991368607329));
#7099=CARTESIAN_POINT('Ctrl Pts',(113.353239043167,0.426024444525963,8.10213425205327));
#7100=CARTESIAN_POINT('Ctrl Pts',(113.356565224204,0.428483572747734,8.10512981841233));
#7101=CARTESIAN_POINT('Ctrl Pts',(113.359870735986,0.430980154857538,8.10812269040529));
#7102=CARTESIAN_POINT('Ctrl Pts',(113.370177333993,0.438764507143921,8.11745447638972));
#7103=CARTESIAN_POINT('Ctrl Pts',(113.380184408922,0.446836098924533,8.12667037682514));
#7104=CARTESIAN_POINT('Ctrl Pts',(113.389889814061,0.455282155978729,8.13579308648437));
#7105=CARTESIAN_POINT('Ctrl Pts',(113.395571451177,0.460226558664549,8.14113360808536));
#7106=CARTESIAN_POINT('Ctrl Pts',(113.40114893153,0.465299442187375,8.14644170291028));
#7107=CARTESIAN_POINT('Ctrl Pts',(113.406614879515,0.470519690328676,8.15171749440598));
#7108=CARTESIAN_POINT('Ctrl Pts',(113.415442182531,0.478950197223018,8.16023770175507));
#7109=CARTESIAN_POINT('Ctrl Pts',(113.423981062203,0.487764531118318,8.16867522756561));
#7110=CARTESIAN_POINT('Ctrl Pts',(113.432164364993,0.497049346783859,8.17700676720314));
#7111=CARTESIAN_POINT('Ctrl Pts',(113.440153043334,0.506113340590565,8.1851401568573));
#7112=CARTESIAN_POINT('Ctrl Pts',(113.447803026417,0.515625646306142,8.19317267826531));
#7113=CARTESIAN_POINT('Ctrl Pts',(113.455011222889,0.525675424988184,8.20105598053907));
#7114=CARTESIAN_POINT('Ctrl Pts',(113.461986797627,0.535400878861086,8.20868487417497));
#7115=CARTESIAN_POINT('Ctrl Pts',(113.468548743247,0.545629629230265,8.21617412072234));
#7116=CARTESIAN_POINT('Ctrl Pts',(113.474563246986,0.55645130302789,8.22345299370492));
#7117=CARTESIAN_POINT('Ctrl Pts',(113.475496722274,0.558130870537265,8.22458270420951));
#7118=CARTESIAN_POINT('Ctrl Pts',(113.476416927198,0.559824739205976,8.22570729109019));
#7119=CARTESIAN_POINT('Ctrl Pts',(113.477323267812,0.561533265186505,8.22682642679137));
#7120=CARTESIAN_POINT('Ctrl Pts',(113.480104658081,0.566776412700231,8.2302608454868));
#7121=CARTESIAN_POINT('Ctrl Pts',(113.48273955571,0.572128091793046,8.2336244856389));
#7122=CARTESIAN_POINT('Ctrl Pts',(113.48521268052,0.577589793552387,8.23690661524338));
#7123=CARTESIAN_POINT('Ctrl Pts',(113.491498167603,0.591470797742458,8.24524820121779));
#7124=CARTESIAN_POINT('Ctrl Pts',(113.496740456422,0.606105970745623,8.25307689241388));
#7125=CARTESIAN_POINT('Ctrl Pts',(113.50066092405,0.621385999815583,8.2601556255407));
#7126=CARTESIAN_POINT('Ctrl Pts',(113.501818966336,0.625899471540649,8.26224656801671));
#7127=CARTESIAN_POINT('Ctrl Pts',(113.50286167247,0.630468885281971,8.26427195412405));
#7128=CARTESIAN_POINT('Ctrl Pts',(113.503781860221,0.635090601397538,8.26622537331299));
#7129=CARTESIAN_POINT('Ctrl Pts',(113.504982963482,0.641123237985069,8.26877513356986));
#7130=CARTESIAN_POINT('Ctrl Pts',(113.505977693454,0.647245585355734,8.27120410848731));
#7131=CARTESIAN_POINT('Ctrl Pts',(113.506755256142,0.653457247096498,8.27350380873728));
#7132=CARTESIAN_POINT('Ctrl Pts',(113.508032974081,0.663664464813571,8.27728275583955));
#7133=CARTESIAN_POINT('Ctrl Pts',(113.508714676955,0.674074739750599,8.28069550697896));
#7134=CARTESIAN_POINT('Ctrl Pts',(113.508778937616,0.684601532368184,8.28369910026768));
#7135=CARTESIAN_POINT('Ctrl Pts',(113.508798675164,0.687834817940519,8.2846216485878));
#7136=CARTESIAN_POINT('Ctrl Pts',(113.508760470828,0.691079062622132,8.28550580475462));
#7137=CARTESIAN_POINT('Ctrl Pts',(113.508664514521,0.694331670857044,8.28635087413933));
#7138=CARTESIAN_POINT('Ctrl Pts',(113.50834530026,0.705152001224652,8.28916213490785));
#7139=CARTESIAN_POINT('Ctrl Pts',(113.507391457949,0.716067062097908,8.29154433129636));
#7140=CARTESIAN_POINT('Ctrl Pts',(113.505828868676,0.726977693282367,8.29348493873881));
#7141=CARTESIAN_POINT('Ctrl Pts',(113.50438328908,0.737071315511511,8.29528022977999));
#7142=CARTESIAN_POINT('Ctrl Pts',(113.502417307676,0.747161074127975,8.29669796936589));
#7143=CARTESIAN_POINT('Ctrl Pts',(113.499983849112,0.757164819457934,8.29775092042142));
#7144=CARTESIAN_POINT('Ctrl Pts',(113.495329130839,0.776299978311026,8.29976500465163));
#7145=CARTESIAN_POINT('Ctrl Pts',(113.489034840883,0.794979625039712,8.30044758058219));
#7146=CARTESIAN_POINT('Ctrl Pts',(113.481490819711,0.813161780190052,8.30005917921694));
#7147=CARTESIAN_POINT('Ctrl Pts',(113.473825264579,0.831636849328866,8.29966452071704));
#7148=CARTESIAN_POINT('Ctrl Pts',(113.464869223345,0.849598298924218,8.29816405850756));
#7149=CARTESIAN_POINT('Ctrl Pts',(113.454984178832,0.867008303546483,8.29580481346144));
#7150=CARTESIAN_POINT('Ctrl Pts',(113.444858650942,0.884841858787863,8.29338817269822));
#7151=CARTESIAN_POINT('Ctrl Pts',(113.433758265705,0.902096831838992,8.2900704523498));
#7152=CARTESIAN_POINT('Ctrl Pts',(113.42202405476,0.918738661912124,8.28609006103675));
#7153=CARTESIAN_POINT('Ctrl Pts',(113.415665006826,0.927757265347159,8.28393299233631));
#7154=CARTESIAN_POINT('Ctrl Pts',(113.409119012502,0.936595902543184,8.28158084604096));
#7155=CARTESIAN_POINT('Ctrl Pts',(113.402434906044,0.945249761321544,8.27906837518179));
#7156=CARTESIAN_POINT('Ctrl Pts',(110.183410655737,0.0406280981900681,6.00060284007427));
#7157=CARTESIAN_POINT('Ctrl Pts',(110.285193407263,0.0408339036381709,6.06234961069202));
#7158=CARTESIAN_POINT('Ctrl Pts',(110.386929743216,0.0414578098325535,6.12409376085558));
#7159=CARTESIAN_POINT('Ctrl Pts',(110.488634930638,0.0425268692932358,6.1859098315813));
#7160=CARTESIAN_POINT('Ctrl Pts',(110.580688791138,0.0434944802180462,6.24185985827569));
#7161=CARTESIAN_POINT('Ctrl Pts',(110.67271751658,0.0448268892994174,6.29786892419025));
#7162=CARTESIAN_POINT('Ctrl Pts',(110.764693520444,0.0465534006518367,6.35397451481377));
#7163=CARTESIAN_POINT('Ctrl Pts',(110.795605028435,0.0471336505781771,6.37283061140472));
#7164=CARTESIAN_POINT('Ctrl Pts',(110.826510207472,0.0477584907283341,6.39169744295911));
#7165=CARTESIAN_POINT('Ctrl Pts',(110.857406772501,0.0484292681997228,6.41057588196422));
#7166=CARTESIAN_POINT('Ctrl Pts',(110.944104762615,0.050311518169257,6.46355014356049));
#7167=CARTESIAN_POINT('Ctrl Pts',(111.030754152988,0.0525550552653631,6.5166267071952));
#7168=CARTESIAN_POINT('Ctrl Pts',(111.117322819295,0.0552169228644463,6.56983380897468));
#7169=CARTESIAN_POINT('Ctrl Pts',(111.203891485602,0.0578787904635294,6.62304091075415));
#7170=CARTESIAN_POINT('Ctrl Pts',(111.290380147289,0.0609588605915639,6.67637883150062));
#7171=CARTESIAN_POINT('Ctrl Pts',(111.376707610799,0.0645262218083697,6.72985488083108));
#7172=CARTESIAN_POINT('Ctrl Pts',(111.416002011945,0.066150007762275,6.75419602614715));
#7173=CARTESIAN_POINT('Ctrl Pts',(111.455156519783,0.0678704061922785,6.77849989502381));
#7174=CARTESIAN_POINT('Ctrl Pts',(111.494253553995,0.0696980312731775,6.80282344231503));
#7175=CARTESIAN_POINT('Ctrl Pts',(111.544180529965,0.0720319114596379,6.83388465157547));
#7176=CARTESIAN_POINT('Ctrl Pts',(111.594110989621,0.0745479833605375,6.8650388787363));
#7177=CARTESIAN_POINT('Ctrl Pts',(111.644020746723,0.0772660682866632,6.89628383253879));
#7178=CARTESIAN_POINT('Ctrl Pts',(111.688669461618,0.0796976369011733,6.92423522151038));
#7179=CARTESIAN_POINT('Ctrl Pts',(111.733301882961,0.0822909462710905,6.95225941354606));
#7180=CARTESIAN_POINT('Ctrl Pts',(111.777861075882,0.0850642175580688,6.98033335038792));
#7181=CARTESIAN_POINT('Ctrl Pts',(111.783111569546,0.0853909973394464,6.98364135526528));
#7182=CARTESIAN_POINT('Ctrl Pts',(111.788360993934,0.0857202801926808,6.98695002197214));
#7183=CARTESIAN_POINT('Ctrl Pts',(111.793609211869,0.0860520994846258,6.99025928854669));
#7184=CARTESIAN_POINT('Ctrl Pts',(111.84447069306,0.089267823543115,7.02233002222033));
#7185=CARTESIAN_POINT('Ctrl Pts',(111.89519832567,0.0927172505502768,7.05444245872493));
#7186=CARTESIAN_POINT('Ctrl Pts',(111.945886262556,0.0964438221101061,7.08667566333328));
#7187=CARTESIAN_POINT('Ctrl Pts',(111.988275760036,0.0995602933150816,7.11363176826599));
#7188=CARTESIAN_POINT('Ctrl Pts',(112.03063686959,0.102870706693714,7.14067202103775));
#7189=CARTESIAN_POINT('Ctrl Pts',(112.072999858019,0.106405652938146,7.16783056961752));
#7190=CARTESIAN_POINT('Ctrl Pts',(112.116779107593,0.110058777979744,7.19589707107183));
#7191=CARTESIAN_POINT('Ctrl Pts',(112.160560840084,0.113951735605191,7.22409001465359));
#7192=CARTESIAN_POINT('Ctrl Pts',(112.204351190988,0.118125303290246,7.25243304461773));
#7193=CARTESIAN_POINT('Ctrl Pts',(112.215004584012,0.119140656123532,7.2593283864331));
#7194=CARTESIAN_POINT('Ctrl Pts',(112.225658349466,0.120172651878532,7.26623254164003));
#7195=CARTESIAN_POINT('Ctrl Pts',(112.23631230419,0.121221947076889,7.273145713257));
#7196=CARTESIAN_POINT('Ctrl Pts',(112.246848577729,0.122259651996782,7.27998252353711));
#7197=CARTESIAN_POINT('Ctrl Pts',(112.257388497115,0.123314147345487,7.28682943575791));
#7198=CARTESIAN_POINT('Ctrl Pts',(112.267919305451,0.124386560697275,7.29368196550803));
#7199=CARTESIAN_POINT('Ctrl Pts',(112.288629637787,0.126495614077294,7.30715843986101));
#7200=CARTESIAN_POINT('Ctrl Pts',(112.309297139071,0.128674237818095,7.32065384063845));
#7201=CARTESIAN_POINT('Ctrl Pts',(112.329922768721,0.130927786106131,7.33417022738133));
#7202=CARTESIAN_POINT('Ctrl Pts',(112.380485728501,0.136452275461427,7.3673051440279));
#7203=CARTESIAN_POINT('Ctrl Pts',(112.430803597124,0.14242529650893,7.40056886631641));
#7204=CARTESIAN_POINT('Ctrl Pts',(112.480836339193,0.14893895117912,7.43396602110247));
#7205=CARTESIAN_POINT('Ctrl Pts',(112.504422110217,0.152009531787383,7.44970966442555));
#7206=CARTESIAN_POINT('Ctrl Pts',(112.527943897289,0.155200504671907,7.46548261360947));
#7207=CARTESIAN_POINT('Ctrl Pts',(112.551394253392,0.158522962705628,7.48128349852476));
#7208=CARTESIAN_POINT('Ctrl Pts',(146.446425659684,-8.89012707817891,19.638935175157));
#7209=CARTESIAN_POINT('Ctrl Pts',(147.884372040488,-9.87390874412795,20.1865666935017));
#7210=CARTESIAN_POINT('Ctrl Pts',(147.888693863678,-8.04763779103413,20.175070261911));
#7211=CARTESIAN_POINT('Ctrl Pts',(147.031073403852,-8.90091316629296,18.0819482527647));
#7212=CARTESIAN_POINT('Ctrl Pts',(148.469990826285,-9.8867066544524,18.6287689742648));
#7213=CARTESIAN_POINT('Ctrl Pts',(148.47392766119,-8.05882266934571,18.6182966454908));
#7214=CARTESIAN_POINT('Ctrl Pts',(147.615720308022,-8.91172511199349,16.5249612097233));
#7215=CARTESIAN_POINT('Ctrl Pts',(149.055215785431,-9.89952989411935,17.0720188692517));
#7216=CARTESIAN_POINT('Ctrl Pts',(149.059161397498,-8.07003491090093,17.0615231918797));
#7217=CARTESIAN_POINT('Ctrl Pts',(148.20036636878,-8.9225630963918,14.9679740687756));
#7218=CARTESIAN_POINT('Ctrl Pts',(149.640040528075,-9.91237844160955,15.5163333743111));
#7219=CARTESIAN_POINT('Ctrl Pts',(149.644395064669,-8.08127470555676,15.504749922177));
#7220=CARTESIAN_POINT('Origin',(146.952650381801,-8.04763779103409,19.8231859058573));
#7221=CARTESIAN_POINT('Origin',(148.708351582792,-10.,15.1528655661233));
#7222=CARTESIAN_POINT('Origin',(148.708351582792,9.50190882203964,15.1528655661233));
#7223=CARTESIAN_POINT('Ctrl Pts',(149.050371726118,9.5019088220396,14.2131729453374));
#7224=CARTESIAN_POINT('Ctrl Pts',(149.59904298865,10.3137460917509,14.4128729532964));
#7225=CARTESIAN_POINT('Ctrl Pts',(149.257022845325,10.3137460917509,15.3525655740824));
#7226=CARTESIAN_POINT('Ctrl Pts',(148.361855452585,10.0288787169035,13.9625735159636));
#7227=CARTESIAN_POINT('Ctrl Pts',(148.882191255894,10.8624031049754,14.1519602602476));
#7228=CARTESIAN_POINT('Ctrl Pts',(148.540171112882,10.8624031053714,15.091652881138));
#7229=CARTESIAN_POINT('Ctrl Pts',(147.645432594538,10.5147208004217,13.7018169204864));
#7230=CARTESIAN_POINT('Ctrl Pts',(148.137824648491,11.367051649736,13.8810329717245));
#7231=CARTESIAN_POINT('Ctrl Pts',(147.795804505365,11.367051650113,14.8207255925799));
#7232=CARTESIAN_POINT('Ctrl Pts',(146.184465987025,11.4029067526109,13.170068562095));
#7233=CARTESIAN_POINT('Ctrl Pts',(146.624328014067,12.2871729191533,13.3301652471124));
#7234=CARTESIAN_POINT('Ctrl Pts',(146.282307870542,12.2871729187762,14.2698578678288));
#7235=CARTESIAN_POINT('Ctrl Pts',(145.437863518151,11.8070783970277,12.8983274865953));
#7236=CARTESIAN_POINT('Ctrl Pts',(145.853064492178,12.7045576303305,13.0494482823833));
#7237=CARTESIAN_POINT('Ctrl Pts',(145.511044349009,12.7045576306941,13.989140903224));
#7238=CARTESIAN_POINT('Ctrl Pts',(143.158848925069,12.9224913344523,12.0688340112548));
#7239=CARTESIAN_POINT('Ctrl Pts',(143.506368607775,13.8530956685579,12.1953208315739));
#7240=CARTESIAN_POINT('Ctrl Pts',(143.164348464136,13.8530956678307,13.1350134522503));
#7241=CARTESIAN_POINT('Ctrl Pts',(141.58737967111,13.5370022682049,11.4968659787494));
#7242=CARTESIAN_POINT('Ctrl Pts',(141.898320662413,14.4811568778443,11.6100392442021));
#7243=CARTESIAN_POINT('Ctrl Pts',(141.55630051928,14.4811568784924,12.5497318650553));
#7244=CARTESIAN_POINT('Ctrl Pts',(139.184978282786,14.346830818572,10.6224633826398));
#7245=CARTESIAN_POINT('Ctrl Pts',(139.455152549402,15.304727535504,10.72079877375));
#7246=CARTESIAN_POINT('Ctrl Pts',(139.11313240598,15.30472753518,11.6604913945023));
#7247=CARTESIAN_POINT('Ctrl Pts',(138.375994279528,14.5981788092699,10.3280172854564));
#7248=CARTESIAN_POINT('Ctrl Pts',(138.634879638001,15.5595311491548,10.4222438500323));
#7249=CARTESIAN_POINT('Ctrl Pts',(138.292859494758,15.5595311494794,11.3619364708454));
#7250=CARTESIAN_POINT('Ctrl Pts',(136.752308032368,15.0748364962648,9.73704382170274));
#7251=CARTESIAN_POINT('Ctrl Pts',(136.993203907181,16.0414699215331,9.82472274968725));
#7252=CARTESIAN_POINT('Ctrl Pts',(136.651183763772,16.0414699212085,10.7644153704459));
#7253=CARTESIAN_POINT('Ctrl Pts',(135.937249873567,15.3002901226865,9.44038691270306));
#7254=CARTESIAN_POINT('Ctrl Pts',(136.17143109849,16.2687520133331,9.52562190799418));
#7255=CARTESIAN_POINT('Ctrl Pts',(135.829410955235,16.268752013631,10.4653145288082));
#7256=CARTESIAN_POINT('Ctrl Pts',(133.487294764113,15.9575060512186,8.54867617757375));
#7257=CARTESIAN_POINT('Ctrl Pts',(133.708005261099,16.9295815497002,8.62900822887655));
#7258=CARTESIAN_POINT('Ctrl Pts',(133.365985117632,16.9295815491044,9.56870084960616));
#7259=CARTESIAN_POINT('Ctrl Pts',(131.84958729917,16.3757848410596,7.95259940789886));
#7260=CARTESIAN_POINT('Ctrl Pts',(132.063473507907,17.3496208499981,8.03044762140409));
#7261=CARTESIAN_POINT('Ctrl Pts',(131.721453364545,17.3496208498237,8.97014024217509));
#7262=CARTESIAN_POINT('Ctrl Pts',(128.56168672417,17.14643179163,6.75590146537205));
#7263=CARTESIAN_POINT('Ctrl Pts',(128.75205216998,18.1257808031162,6.82518882127462));
#7264=CARTESIAN_POINT('Ctrl Pts',(128.410032026691,18.1257808032905,7.76488144207546));
#7265=CARTESIAN_POINT('Ctrl Pts',(126.91113235379,17.4981275873233,6.15514880451581));
#7266=CARTESIAN_POINT('Ctrl Pts',(127.086954855919,18.4806493364219,6.21914296178937));
#7267=CARTESIAN_POINT('Ctrl Pts',(126.744934712561,18.4806493362199,7.15883558256599));
#7268=CARTESIAN_POINT('Ctrl Pts',(123.590490911391,18.102059579915,4.9465341608117));
#7269=CARTESIAN_POINT('Ctrl Pts',(123.731272176155,19.0909543520045,4.99777435074375));
#7270=CARTESIAN_POINT('Ctrl Pts',(123.389252032862,19.0909543522065,5.93746697153896));
#7271=CARTESIAN_POINT('Ctrl Pts',(121.921243541623,18.3539164534349,4.33897780458891));
#7272=CARTESIAN_POINT('Ctrl Pts',(122.041515320709,19.3460087198742,4.38275315218861));
#7273=CARTESIAN_POINT('Ctrl Pts',(121.699495177365,19.3460087196752,5.32244577297068));
#7274=CARTESIAN_POINT('Ctrl Pts',(116.903531186034,18.9071281608072,2.51267986304499));
#7275=CARTESIAN_POINT('Ctrl Pts',(116.953497002159,19.9069717846269,2.5308659328652));
#7276=CARTESIAN_POINT('Ctrl Pts',(116.611476858871,19.9069717850248,3.47055855365878));
#7277=CARTESIAN_POINT('Ctrl Pts',(113.535163180907,18.9971188685359,1.28669417112392));
#7278=CARTESIAN_POINT('Ctrl Pts',(113.549598428644,19.9971071275367,1.29194817151975));
#7279=CARTESIAN_POINT('Ctrl Pts',(113.207578285276,19.9971071263449,2.23164079233548));
#7280=CARTESIAN_POINT('Ctrl Pts',(110.165693162617,18.9999312632274,0.0603073792140762));
#7281=CARTESIAN_POINT('Ctrl Pts',(110.166430194617,19.9999309556382,0.0605756369236767));
#7282=CARTESIAN_POINT('Ctrl Pts',(109.824410051291,19.9999309556382,1.00026825770958));
#7283=CARTESIAN_POINT('Origin',(148.708351582792,9.50190882203993,15.1528655661231));
#7284=CARTESIAN_POINT('Origin',(109.823673019292,18.9999312632274,1.00000000000001));
#7285=CARTESIAN_POINT('Origin',(146.952650381801,-8.04763779103411,19.8231859058574));
#7286=CARTESIAN_POINT('Origin',(146.952650381801,-8.04763779103413,19.8231859058573));
#7287=CARTESIAN_POINT('Origin',(148.708351582792,9.50190882203966,15.1528655661233));
#7288=CARTESIAN_POINT('Origin',(148.708351582792,9.50190882203964,15.1528655661233));
#7289=CARTESIAN_POINT('Origin',(146.952650381801,-10.,19.8231859058573));
#7290=CARTESIAN_POINT('Origin',(146.952650381801,9.53954456884317,19.8231859058573));
#7291=CARTESIAN_POINT('Ctrl Pts',(149.257022845324,10.3137460917509,15.3525655740824));
#7292=CARTESIAN_POINT('Ctrl Pts',(149.645759398295,10.0144804149394,15.5011206741712));
#7293=CARTESIAN_POINT('Ctrl Pts',(149.644395064669,9.50190882203963,15.504749922177));
#7294=CARTESIAN_POINT('Ctrl Pts',(148.671113193341,10.3268439203442,16.9090927182529));
#7295=CARTESIAN_POINT('Ctrl Pts',(149.0603917663,10.027623301325,17.0582503014228));
#7296=CARTESIAN_POINT('Ctrl Pts',(149.059161426327,9.51448924992259,17.0615231151921));
#7297=CARTESIAN_POINT('Ctrl Pts',(148.085204272315,10.3399043877414,18.4656204298887));
#7298=CARTESIAN_POINT('Ctrl Pts',(148.475157174942,10.0407270664438,18.6150260301999));
#7299=CARTESIAN_POINT('Ctrl Pts',(148.473927688311,9.52703440305166,18.6182965733458));
#7300=CARTESIAN_POINT('Ctrl Pts',(147.49929610415,10.3529277932492,20.0221486774814));
#7301=CARTESIAN_POINT('Ctrl Pts',(147.890055012914,10.0537920586439,20.1714494846631));
#7302=CARTESIAN_POINT('Ctrl Pts',(147.888693863678,9.53954456884319,20.175070261911));
#7303=CARTESIAN_POINT('Origin',(146.952650381801,9.53954456884323,19.8231859058573));
#7304=CARTESIAN_POINT('Origin',(146.952650381801,9.5395445688432,19.8231859058573));
#7305=CARTESIAN_POINT('Origin',(146.952650381801,9.53954456884317,19.8231859058573));
#7306=CARTESIAN_POINT('Ctrl Pts',(147.49929610415,10.3529277932492,20.0221486774813));
#7307=CARTESIAN_POINT('Ctrl Pts',(147.148610686637,10.3579349284672,20.9651791854171));
#7308=CARTESIAN_POINT('Ctrl Pts',(146.600766025747,9.53954456884322,20.7592293877344));
#7309=CARTESIAN_POINT('Ctrl Pts',(146.159600722667,11.3763272319371,19.5191541477027));
#7310=CARTESIAN_POINT('Ctrl Pts',(145.808871196893,11.3807896145372,20.4615344545025));
#7311=CARTESIAN_POINT('Ctrl Pts',(145.314194633334,10.5225111922261,20.2755719992673));
#7312=CARTESIAN_POINT('Ctrl Pts',(144.735942172363,12.238476811967,18.9845716341952));
#7313=CARTESIAN_POINT('Ctrl Pts',(144.384852237774,12.2427046728639,19.9262067649026));
#7314=CARTESIAN_POINT('Ctrl Pts',(143.941392607929,11.3548885873306,19.7594981564903));
#7315=CARTESIAN_POINT('Ctrl Pts',(142.514564301135,13.3511108389484,18.1502788650826));
#7316=CARTESIAN_POINT('Ctrl Pts',(142.162872403061,13.3549517535035,19.090903749145));
#7317=CARTESIAN_POINT('Ctrl Pts',(141.785578320607,12.4348054338226,18.949068580351));
#7318=CARTESIAN_POINT('Ctrl Pts',(141.759786466296,13.6919807818639,17.8667776369001));
#7319=CARTESIAN_POINT('Ctrl Pts',(141.407996738404,13.6956619494742,18.8071253325516));
#7320=CARTESIAN_POINT('Ctrl Pts',(141.050906612999,12.7667259342529,18.672885384006));
#7321=CARTESIAN_POINT('Ctrl Pts',(140.22793901515,14.3247132341644,17.2913466710096));
#7322=CARTESIAN_POINT('Ctrl Pts',(139.876016863985,14.3280706845098,18.2312121810167));
#7323=CARTESIAN_POINT('Ctrl Pts',(139.555222038287,13.3845770814915,18.110616628738));
#7324=CARTESIAN_POINT('Ctrl Pts',(139.448978205425,14.6171859047328,16.998706388964));
#7325=CARTESIAN_POINT('Ctrl Pts',(139.096991064364,14.6204034558796,17.9383550679178));
#7326=CARTESIAN_POINT('Ctrl Pts',(138.792352015239,13.6711043519314,17.8238329140814));
#7327=CARTESIAN_POINT('Ctrl Pts',(137.107671990782,15.4313633514566,16.1190423518655));
#7328=CARTESIAN_POINT('Ctrl Pts',(136.755759744749,15.4341193645523,17.0582221561215));
#7329=CARTESIAN_POINT('Ctrl Pts',(136.492613461132,14.4708812132499,16.9592982681256));
#7330=CARTESIAN_POINT('Ctrl Pts',(135.537419864988,15.8925372845081,15.5289681750736));
#7331=CARTESIAN_POINT('Ctrl Pts',(135.185333756991,15.8951586763493,16.4678560586777));
#7332=CARTESIAN_POINT('Ctrl Pts',(134.941309129386,14.9268296056117,16.3761205243684));
#7333=CARTESIAN_POINT('Ctrl Pts',(133.184118688251,16.537359834854,14.6444906794033));
#7334=CARTESIAN_POINT('Ctrl Pts',(132.831940837558,16.5398364704288,15.5831512687505));
#7335=CARTESIAN_POINT('Ctrl Pts',(132.604132701884,15.5672506509,15.4975119574609));
#7336=CARTESIAN_POINT('Ctrl Pts',(132.400873614256,16.7450726486231,14.3500793377203));
#7337=CARTESIAN_POINT('Ctrl Pts',(132.048686649268,16.7475238479422,15.2887045886303));
#7338=CARTESIAN_POINT('Ctrl Pts',(131.823556506383,15.7742655166526,15.204072008118));
#7339=CARTESIAN_POINT('Ctrl Pts',(130.829694769531,17.152128239648,13.7595247834735));
#7340=CARTESIAN_POINT('Ctrl Pts',(130.477499751188,17.1544980620175,14.6980524442093));
#7341=CARTESIAN_POINT('Ctrl Pts',(130.260286142204,16.1792800100188,14.6163959053651));
#7342=CARTESIAN_POINT('Ctrl Pts',(130.042222115498,17.35037702542,13.4635468717332));
#7343=CARTESIAN_POINT('Ctrl Pts',(129.690028572552,17.3526985937276,14.4020204820378));
#7344=CARTESIAN_POINT('Ctrl Pts',(129.477380226443,16.376378327605,14.3220801504327));
#7345=CARTESIAN_POINT('Ctrl Pts',(126.093356060174,18.3066749131531,11.9793710101764));
#7346=CARTESIAN_POINT('Ctrl Pts',(125.741489607114,18.3086422737105,12.9176566483968));
#7347=CARTESIAN_POINT('Ctrl Pts',(125.554518254591,17.3264027492699,12.8473690012408));
#7348=CARTESIAN_POINT('Ctrl Pts',(122.888881282348,18.9614595746958,10.7750938276487));
#7349=CARTESIAN_POINT('Ctrl Pts',(122.537395173555,18.9630873694435,11.7131498831317));
#7350=CARTESIAN_POINT('Ctrl Pts',(122.381201842999,17.9742685648348,11.6544325365712));
#7351=CARTESIAN_POINT('Ctrl Pts',(118.85617007032,19.486690798276,9.25971605918532));
#7352=CARTESIAN_POINT('Ctrl Pts',(118.504044399579,19.4878343891045,10.1969029701506));
#7353=CARTESIAN_POINT('Ctrl Pts',(118.401071464596,18.4926773941217,10.158192626428));
#7354=CARTESIAN_POINT('Ctrl Pts',(118.047391411749,19.5768842043804,8.95581422692918));
#7355=CARTESIAN_POINT('Ctrl Pts',(117.695287678306,19.5779000530354,9.89286919011251));
#7356=CARTESIAN_POINT('Ctrl Pts',(117.604017579724,18.5815684977593,9.85855826280228));
#7357=CARTESIAN_POINT('Ctrl Pts',(116.429588958782,19.7258684876995,8.34789576870115));
#7358=CARTESIAN_POINT('Ctrl Pts',(116.07753127173,19.7266453179444,9.28471029322334));
#7359=CARTESIAN_POINT('Ctrl Pts',(116.007771205182,18.7285751692814,9.25848557549229));
#7360=CARTESIAN_POINT('Ctrl Pts',(115.620612302637,19.7853357312385,8.0438968380902));
#7361=CARTESIAN_POINT('Ctrl Pts',(115.268570760185,19.7860052513984,8.98059990284778));
#7362=CARTESIAN_POINT('Ctrl Pts',(115.208623746053,18.7873387469674,8.95806418002115));
#7363=CARTESIAN_POINT('Ctrl Pts',(113.194085821892,19.9269138135584,7.1320167778509));
#7364=CARTESIAN_POINT('Ctrl Pts',(112.842238811562,19.9272799964975,8.06847533616627));
#7365=CARTESIAN_POINT('Ctrl Pts',(112.808661874154,18.92737276019,8.05585284668301));
#7366=CARTESIAN_POINT('Ctrl Pts',(111.57694810606,19.9722562478115,6.52425543542367));
#7367=CARTESIAN_POINT('Ctrl Pts',(111.225079322684,19.9724762318491,7.4605408370933));
#7368=CARTESIAN_POINT('Ctrl Pts',(111.205329484163,18.9724207805799,7.45311633228477));
#7369=CARTESIAN_POINT('Ctrl Pts',(109.961784649766,19.9902333553201,5.91719030113289));
#7370=CARTESIAN_POINT('Ctrl Pts',(109.609862804022,19.99034293821,6.8533367534337));
#7371=CARTESIAN_POINT('Ctrl Pts',(109.600109996655,18.9902876305781,6.84967040629651));
#7372=CARTESIAN_POINT('',(113.399000398205,18.8920947762661,8.27776167753424));
#7373=CARTESIAN_POINT('',(112.127031827453,19.6827627697949,7.44732779651592));
#7374=CARTESIAN_POINT('Ctrl Pts',(113.399000399976,18.8920947762389,8.27776167282107));
#7375=CARTESIAN_POINT('Ctrl Pts',(113.391294279911,18.9071787018911,8.27477984704041));
#7376=CARTESIAN_POINT('Ctrl Pts',(113.382914609229,18.9217378903435,8.27120666513214));
#7377=CARTESIAN_POINT('Ctrl Pts',(113.374032500482,18.9358219343949,8.26717160161766));
#7378=CARTESIAN_POINT('Ctrl Pts',(113.364707920856,18.9506075887877,8.26293552749291));
#7379=CARTESIAN_POINT('Ctrl Pts',(113.354829477939,18.9648695836502,8.25819035411415));
#7380=CARTESIAN_POINT('Ctrl Pts',(113.344547946938,18.9786648718985,8.25305302399247));
#7381=CARTESIAN_POINT('Ctrl Pts',(113.333617573043,18.9933307478785,8.24759148922231));
#7382=CARTESIAN_POINT('Ctrl Pts',(113.322231578761,19.0074691580263,8.24168673789919));
#7383=CARTESIAN_POINT('Ctrl Pts',(113.31052029009,19.0211479919639,8.23544337910509));
#7384=CARTESIAN_POINT('Ctrl Pts',(113.298809001418,19.0348268259015,8.22920002031098));
#7385=CARTESIAN_POINT('Ctrl Pts',(113.286771914024,19.0480460826699,8.22261772485961));
#7386=CARTESIAN_POINT('Ctrl Pts',(113.274495130105,19.0608731052644,8.21576939862592));
#7387=CARTESIAN_POINT('Ctrl Pts',(113.260936675633,19.0750392421773,8.20820612146347));
#7388=CARTESIAN_POINT('Ctrl Pts',(113.247085198809,19.0887134202855,8.20032042916845));
#7389=CARTESIAN_POINT('Ctrl Pts',(113.233031203287,19.1019627815342,8.19218990548955));
#7390=CARTESIAN_POINT('Ctrl Pts',(113.231327004313,19.1035694098984,8.19120399154899));
#7391=CARTESIAN_POINT('Ctrl Pts',(113.229619776828,19.1051697909591,8.19021444082102));
#7392=CARTESIAN_POINT('Ctrl Pts',(113.227909641287,19.1067640438431,8.18922136188637));
#7393=CARTESIAN_POINT('Ctrl Pts',(113.212673420235,19.1209678240586,8.18037365957674));
#7394=CARTESIAN_POINT('Ctrl Pts',(113.197201930446,19.1346828714522,8.17124304082441));
#7395=CARTESIAN_POINT('Ctrl Pts',(113.181538022673,19.1479919630098,8.16187593860474));
#7396=CARTESIAN_POINT('Ctrl Pts',(113.165367784771,19.1617312661184,8.15220604820779));
#7397=CARTESIAN_POINT('Ctrl Pts',(113.148992340517,19.1750379607504,8.14228406338493));
#7398=CARTESIAN_POINT('Ctrl Pts',(113.132414852459,19.1880026085442,8.13212798746613));
#7399=CARTESIAN_POINT('Ctrl Pts',(113.130080161761,19.1898284848476,8.13069765641114));
#7400=CARTESIAN_POINT('Ctrl Pts',(113.127741396568,19.1916475758024,8.12926263134214));
#7401=CARTESIAN_POINT('Ctrl Pts',(113.125398500977,19.1934601333366,8.12782291325446));
#7402=CARTESIAN_POINT('Ctrl Pts',(113.116831604761,19.2000878261538,8.12255852354616));
#7403=CARTESIAN_POINT('Ctrl Pts',(113.108205487241,19.2066310388026,8.11722902889904));
#7404=CARTESIAN_POINT('Ctrl Pts',(113.099526382839,19.2130939332487,8.11183984453507));
#7405=CARTESIAN_POINT('Ctrl Pts',(113.082745691697,19.225589673657,8.1014200783783));
#7406=CARTESIAN_POINT('Ctrl Pts',(113.065748781386,19.2377943836274,8.09076506247489));
#7407=CARTESIAN_POINT('Ctrl Pts',(113.048677721926,19.2496660106684,8.07997532621729));
#7408=CARTESIAN_POINT('Ctrl Pts',(113.040860486937,19.2551023046781,8.07503445514879));
#7409=CARTESIAN_POINT('Ctrl Pts',(113.033027107287,19.2604690193148,8.07006493121442));
#7410=CARTESIAN_POINT('Ctrl Pts',(113.025188457863,19.2657633159708,8.06507452846449));
#7411=CARTESIAN_POINT('Ctrl Pts',(113.001580954044,19.2817080434068,8.05004503223234));
#7412=CARTESIAN_POINT('Ctrl Pts',(112.977873999262,19.2970394566344,8.03479518848234));
#7413=CARTESIAN_POINT('Ctrl Pts',(112.954088839343,19.3118568449732,8.01936151185368));
#7414=CARTESIAN_POINT('Ctrl Pts',(112.951150187931,19.3136875301275,8.01745468441328));
#7415=CARTESIAN_POINT('Ctrl Pts',(112.948210292846,19.3155103596579,8.01554501032926));
#7416=CARTESIAN_POINT('Ctrl Pts',(112.945269152919,19.3173255131032,8.01363252493));
#7417=CARTESIAN_POINT('Ctrl Pts',(112.919397446584,19.3332924912329,7.99680936729486));
#7418=CARTESIAN_POINT('Ctrl Pts',(112.893443213891,19.348667802614,7.97977912798665));
#7419=CARTESIAN_POINT('Ctrl Pts',(112.867359036251,19.3635655854825,7.9625296125334));
#7420=CARTESIAN_POINT('Ctrl Pts',(112.84589446149,19.3758249167356,7.94833504910316));
#7421=CARTESIAN_POINT('Ctrl Pts',(112.824341030883,19.3877607196498,7.93399128595668));
#7422=CARTESIAN_POINT('Ctrl Pts',(112.802652390274,19.3994324433237,7.91947479135485));
#7423=CARTESIAN_POINT('Ctrl Pts',(112.764956909232,19.4197182346929,7.89424470631073));
#7424=CARTESIAN_POINT('Ctrl Pts',(112.726982504199,19.4391373803114,7.86857875692414));
#7425=CARTESIAN_POINT('Ctrl Pts',(112.688807633801,19.4577975318309,7.84256313666517));
#7426=CARTESIAN_POINT('Ctrl Pts',(112.650632763404,19.4764576833504,7.81654751640619));
#7427=CARTESIAN_POINT('Ctrl Pts',(112.612257080934,19.4943588103183,7.79018196439071));
#7428=CARTESIAN_POINT('Ctrl Pts',(112.573714188519,19.511599998862,7.76351555943292));
#7429=CARTESIAN_POINT('Ctrl Pts',(112.542351288631,19.5256293992617,7.74181672634939));
#7430=CARTESIAN_POINT('Ctrl Pts',(112.510836185706,19.5392288055684,7.71988805383669));
#7431=CARTESIAN_POINT('Ctrl Pts',(112.479283599088,19.552398740715,7.69782205663318));
#7432=CARTESIAN_POINT('Ctrl Pts',(112.445659383074,19.5664333664535,7.67430728538704));
#7433=CARTESIAN_POINT('Ctrl Pts',(112.411992341198,19.5799804593075,7.65063640399523));
#7434=CARTESIAN_POINT('Ctrl Pts',(112.378374996493,19.5930473704961,7.62688582315501));
#7435=CARTESIAN_POINT('Ctrl Pts',(112.371627770736,19.5956699869016,7.62211892284836));
#7436=CARTESIAN_POINT('Ctrl Pts',(112.364882414171,19.5982732750855,7.61734870899493));
#7437=CARTESIAN_POINT('Ctrl Pts',(112.358139484218,19.6008573138634,7.61257565093238));
#7438=CARTESIAN_POINT('Ctrl Pts',(112.314402932889,19.6176181204309,7.581616245986));
#7439=CARTESIAN_POINT('Ctrl Pts',(112.270676364055,19.633616272724,7.55047530773835));
#7440=CARTESIAN_POINT('Ctrl Pts',(112.226823386785,19.6489734260434,7.51907345769049));
#7441=CARTESIAN_POINT('Ctrl Pts',(112.193656866556,19.6605882209317,7.49532387078247));
#7442=CARTESIAN_POINT('Ctrl Pts',(112.160417234316,19.6718359859809,7.47142430237567));
#7443=CARTESIAN_POINT('Ctrl Pts',(112.127031827453,19.6827627697952,7.44732779651571));
#7444=CARTESIAN_POINT('Ctrl Pts',(113.402599908506,18.8865256211411,8.2791304046173));
#7445=CARTESIAN_POINT('Ctrl Pts',(113.401247413248,18.8882577456223,8.27862196464401));
#7446=CARTESIAN_POINT('Ctrl Pts',(113.400011986733,18.8901146941146,8.27815310913755));
#7447=CARTESIAN_POINT('Ctrl Pts',(113.399000394664,18.8920947763204,8.27776168696058));
#7448=CARTESIAN_POINT('Ctrl Pts',(112.127031827452,19.6827627697957,7.4473277965145));
#7449=CARTESIAN_POINT('Ctrl Pts',(112.084446783768,19.6967005231305,7.41659129063225));
#7450=CARTESIAN_POINT('Ctrl Pts',(112.041522980227,19.7101270479647,7.3854743779378));
#7451=CARTESIAN_POINT('Ctrl Pts',(111.998555770603,19.7229893036751,7.35420797380232));
#7452=CARTESIAN_POINT('Ctrl Pts',(111.968687328801,19.7319304366809,7.33247328866763));
#7453=CARTESIAN_POINT('Ctrl Pts',(111.938796951121,19.7405991089857,7.31066562354727));
#7454=CARTESIAN_POINT('Ctrl Pts',(111.908972380208,19.7489798867476,7.28885367210846));
#7455=CARTESIAN_POINT('Ctrl Pts',(111.83353466561,19.7701780700431,7.23368292808322));
#7456=CARTESIAN_POINT('Ctrl Pts',(111.758288434888,19.7896238103435,7.17832276761175));
#7457=CARTESIAN_POINT('Ctrl Pts',(111.683103471921,19.8075296466034,7.12275585295405));
#7458=CARTESIAN_POINT('Ctrl Pts',(111.595889884854,19.8283001856584,7.05829894883029));
#7459=CARTESIAN_POINT('Ctrl Pts',(111.508773991771,19.8470083403358,6.99357522044886));
#7460=CARTESIAN_POINT('Ctrl Pts',(111.421438751171,19.8638669298295,6.92844522881312));
#7461=CARTESIAN_POINT('Ctrl Pts',(111.350461230709,19.8775679384091,6.87551395751498));
#7462=CARTESIAN_POINT('Ctrl Pts',(111.279339066861,19.8900464906635,6.82231395977556));
#7463=CARTESIAN_POINT('Ctrl Pts',(111.207896868537,19.9013960343599,6.76875669610384));
#7464=CARTESIAN_POINT('Ctrl Pts',(111.193319080493,19.9037119099388,6.75782833084728));
#7465=CARTESIAN_POINT('Ctrl Pts',(111.178734208175,19.9059788180753,6.74688970804562));
#7466=CARTESIAN_POINT('Ctrl Pts',(111.164148819746,19.9081966057762,6.73594614968577));
#7467=CARTESIAN_POINT('Ctrl Pts',(111.095923804737,19.9185705906658,6.68475625940965));
#7468=CARTESIAN_POINT('Ctrl Pts',(111.027257578218,19.9279332507732,6.63314137816013));
#7469=CARTESIAN_POINT('Ctrl Pts',(110.95891931748,19.9362135392552,6.58170892873696));
#7470=CARTESIAN_POINT('Ctrl Pts',(110.874956632905,19.9463869800555,6.51851729229212));
#7471=CARTESIAN_POINT('Ctrl Pts',(110.791073925839,19.9549953478645,6.45528992895706));
#7472=CARTESIAN_POINT('Ctrl Pts',(110.707173117342,19.9621170665619,6.39200645341674));
#7473=CARTESIAN_POINT('Ctrl Pts',(110.536124827851,19.9766360899568,6.26299064965744));
#7474=CARTESIAN_POINT('Ctrl Pts',(110.364931283456,19.9850072518308,6.13368517762531));
#7475=CARTESIAN_POINT('Ctrl Pts',(110.192995396278,19.9874703845712,6.00409140033781));
#7476=CARTESIAN_POINT('Origin',(110.,19.,6.00000000000001));
#7477=CARTESIAN_POINT('',(3.,19.,7.00000000000001));
#7478=CARTESIAN_POINT('',(1.70710678118791,19.7071067811872,6.7071067811874));
#7479=CARTESIAN_POINT('Ctrl Pts',(3.00000000000001,19.,7.00000000000001));
#7480=CARTESIAN_POINT('Ctrl Pts',(2.61178848060777,19.2241340252236,7.00000000000001));
#7481=CARTESIAN_POINT('Ctrl Pts',(2.19634187411107,19.465539067954,6.92104557984698));
#7482=CARTESIAN_POINT('Ctrl Pts',(1.77461529244993,19.6745389753877,6.73857874438727));
#7483=CARTESIAN_POINT('Ctrl Pts',(1.74074183349212,19.6910429408746,6.72317062149846));
#7484=CARTESIAN_POINT('Ctrl Pts',(1.70710678118754,19.7071067811861,6.70710678118703));
#7485=CARTESIAN_POINT('Origin',(3.,19.,6.00000000000001));
#7486=CARTESIAN_POINT('Ctrl Pts',(1.70710678118742,19.707106781187,6.70710678118614));
#7487=CARTESIAN_POINT('Ctrl Pts',(1.74074183349204,19.7231706214984,6.69104294087466));
#7488=CARTESIAN_POINT('Ctrl Pts',(1.77461529244988,19.7385787443872,6.67453897538777));
#7489=CARTESIAN_POINT('Ctrl Pts',(2.19634187411107,19.921045579847,6.46553906795401));
#7490=CARTESIAN_POINT('Ctrl Pts',(2.61178848060776,20.,6.22413402522363));
#7491=CARTESIAN_POINT('Ctrl Pts',(3.,20.,6.00000000000001));
#7492=CARTESIAN_POINT('Ctrl Pts',(107.816178594403,19.7360157128877,6.67696445282044));
#7493=CARTESIAN_POINT('Ctrl Pts',(107.816178594403,20.,6.38995295249627));
#7494=CARTESIAN_POINT('Ctrl Pts',(107.816178594403,20.,6.00000000000001));
#7495=CARTESIAN_POINT('Ctrl Pts',(108.611826560033,19.7356163942941,6.677398598365));
#7496=CARTESIAN_POINT('Ctrl Pts',(108.612644686606,19.9995656079224,6.39076501539839));
#7497=CARTESIAN_POINT('Ctrl Pts',(108.612817752885,20.,6.00111420257582));
#7498=CARTESIAN_POINT('Ctrl Pts',(109.407809093428,19.7314768808119,6.67793264007442));
#7499=CARTESIAN_POINT('Ctrl Pts',(109.409626137017,19.9953788150147,6.3917639659808));
#7500=CARTESIAN_POINT('Ctrl Pts',(109.409883501588,19.9963440862157,6.00248562561086));
#7501=CARTESIAN_POINT('Ctrl Pts',(110.204257256289,19.7218716767914,6.67856877628216));
#7502=CARTESIAN_POINT('Ctrl Pts',(110.207244441304,19.9857071546014,6.3929539434135));
#7503=CARTESIAN_POINT('Ctrl Pts',(110.207262581063,19.9873093024702,6.0041206267169));
#7504=CARTESIAN_POINT('Ctrl Pts',(110.192995396276,19.9874703845712,6.00409140033842));
#7505=CARTESIAN_POINT('Ctrl Pts',(110.002493867637,19.9893839341605,6.05982311014346));
#7506=CARTESIAN_POINT('Ctrl Pts',(109.812237145063,19.9863607158745,6.11532059610107));
#7507=CARTESIAN_POINT('Ctrl Pts',(109.621897181235,19.9783748437205,6.17043330737545));
#7508=CARTESIAN_POINT('Ctrl Pts',(109.603677515355,19.9776104224215,6.17570879006946));
#7509=CARTESIAN_POINT('Ctrl Pts',(109.585457103877,19.9768005640801,6.18098075617375));
#7510=CARTESIAN_POINT('Ctrl Pts',(109.567235670108,19.9759452668332,6.18624907934717));
#7511=CARTESIAN_POINT('Ctrl Pts',(109.464297888658,19.9711134625857,6.21601125428521));
#7512=CARTESIAN_POINT('Ctrl Pts',(109.36130743096,19.9648231356595,6.24566330886488));
#7513=CARTESIAN_POINT('Ctrl Pts',(109.258195937589,19.957022340573,6.27519033673962));
#7514=CARTESIAN_POINT('Ctrl Pts',(109.172157129356,19.9505131621045,6.29982842708164));
#7515=CARTESIAN_POINT('Ctrl Pts',(109.085679738213,19.9429131032245,6.3244795665077));
#7516=CARTESIAN_POINT('Ctrl Pts',(108.999815612223,19.9342884513205,6.34882701769218));
#7517=CARTESIAN_POINT('Ctrl Pts',(108.983617107841,19.9326613869319,6.35342023156531));
#7518=CARTESIAN_POINT('Ctrl Pts',(108.967420596355,19.9309959033437,6.35800816595191));
#7519=CARTESIAN_POINT('Ctrl Pts',(108.95123175537,19.9292920139741,6.36258902916099));
#7520=CARTESIAN_POINT('Ctrl Pts',(108.852677443474,19.9189190882955,6.39047637587478));
#7521=CARTESIAN_POINT('Ctrl Pts',(108.754637512285,19.9071770553652,6.41803888591069));
#7522=CARTESIAN_POINT('Ctrl Pts',(108.656788049731,19.8939412463046,6.44533771540955));
#7523=CARTESIAN_POINT('Ctrl Pts',(108.558938587177,19.8807054372439,6.4726365449084));
#7524=CARTESIAN_POINT('Ctrl Pts',(108.461279827136,19.8659759031897,6.49967175006983));
#7525=CARTESIAN_POINT('Ctrl Pts',(108.363529204978,19.8495892208368,6.52648329888912));
#7526=CARTESIAN_POINT('Ctrl Pts',(108.278183741854,19.835282109909,6.54989229619822));
#7527=CARTESIAN_POINT('Ctrl Pts',(108.192780695764,19.8197053240014,6.57312741308261));
#7528=CARTESIAN_POINT('Ctrl Pts',(108.107232936905,19.8026850191336,6.5961798821574));
#7529=CARTESIAN_POINT('Ctrl Pts',(108.099652244308,19.8011767891013,6.5982226438145));
#7530=CARTESIAN_POINT('Ctrl Pts',(108.092070439618,19.7996572031863,6.60026395964988));
#7531=CARTESIAN_POINT('Ctrl Pts',(108.084487476514,19.7981261280894,6.60230381668589));
#7532=CARTESIAN_POINT('Ctrl Pts',(108.034023302449,19.7879369132482,6.6158789454485));
#7533=CARTESIAN_POINT('Ctrl Pts',(107.983422905026,19.7772155188194,6.62941132817845));
#7534=CARTESIAN_POINT('Ctrl Pts',(107.932984926707,19.7659912624453,6.64281495510302));
#7535=CARTESIAN_POINT('Ctrl Pts',(107.893897943329,19.7572930089276,6.65320211494333));
#7536=CARTESIAN_POINT('Ctrl Pts',(107.85490926159,19.7482928362358,6.66351173167303));
#7537=CARTESIAN_POINT('Ctrl Pts',(107.816178594403,19.7390068736003,6.6736978853845));
#7538=CARTESIAN_POINT('Ctrl Pts',(110.192995396278,19.9874703845712,6.00409140033781));
#7539=CARTESIAN_POINT('Ctrl Pts',(110.192995396278,19.9874703845712,6.00409140033781));
#7540=CARTESIAN_POINT('Ctrl Pts',(110.192995396278,19.9874703845712,6.00409140033781));
#7541=CARTESIAN_POINT('Ctrl Pts',(110.367287935862,19.9849735751962,6.13544081724194));
#7542=CARTESIAN_POINT('Ctrl Pts',(110.174804439328,19.9872800139498,6.10059676790222));
#7543=CARTESIAN_POINT('Ctrl Pts',(109.982322561055,19.9895865508833,6.0657242775137));
#7544=CARTESIAN_POINT('Ctrl Pts',(110.538398397432,19.9764490600111,6.26466942764523));
#7545=CARTESIAN_POINT('Ctrl Pts',(110.156108989251,19.9752336007546,6.19553517654206));
#7546=CARTESIAN_POINT('Ctrl Pts',(109.773945690869,19.9856499929274,6.12647196393412));
#7547=CARTESIAN_POINT('Ctrl Pts',(110.791637760105,19.9549523705578,6.45568933683104));
#7548=CARTESIAN_POINT('Ctrl Pts',(110.128292543758,19.9411727058211,6.33138566658225));
#7549=CARTESIAN_POINT('Ctrl Pts',(109.463845865256,19.971094332303,6.21613154603213));
#7550=CARTESIAN_POINT('Ctrl Pts',(110.875496878218,19.9463263423302,6.51890565522695));
#7551=CARTESIAN_POINT('Ctrl Pts',(110.119051823411,19.9271512227172,6.3756076631171));
#7552=CARTESIAN_POINT('Ctrl Pts',(109.360870048807,19.9647922352185,6.24578070731752));
#7553=CARTESIAN_POINT('Ctrl Pts',(111.042382873823,19.9261019748276,6.6445201092518));
#7554=CARTESIAN_POINT('Ctrl Pts',(110.100795542183,19.8941165412417,6.46129662706365));
#7555=CARTESIAN_POINT('Ctrl Pts',(109.155498953997,19.9492536915472,6.30459611923824));
#7556=CARTESIAN_POINT('Ctrl Pts',(111.125813909863,19.9144364953218,6.70722110978681));
#7557=CARTESIAN_POINT('Ctrl Pts',(110.091735958219,19.8749898083135,6.50295967471551));
#7558=CARTESIAN_POINT('Ctrl Pts',(109.052603992626,19.939961835961,6.3339034877224));
#7559=CARTESIAN_POINT('Ctrl Pts',(111.372072783038,19.8753155350613,6.89182988010649));
#7560=CARTESIAN_POINT('Ctrl Pts',(110.06547681964,19.8115090348875,6.62143859785242));
#7561=CARTESIAN_POINT('Ctrl Pts',(108.748479836761,19.9079528662776,6.41995892912862));
#7562=CARTESIAN_POINT('Ctrl Pts',(111.530074087494,19.8439760807727,7.0096540484165));
#7563=CARTESIAN_POINT('Ctrl Pts',(110.049295760198,19.7614180704924,6.69131651793493));
#7564=CARTESIAN_POINT('Ctrl Pts',(108.552798036009,19.8813186907218,6.47456817483172));
#7565=CARTESIAN_POINT('Ctrl Pts',(111.759623302384,19.7893067440554,7.17930791310854));
#7566=CARTESIAN_POINT('Ctrl Pts',(110.027744432805,19.6792164808184,6.7813951029254));
#7567=CARTESIAN_POINT('Ctrl Pts',(108.268890879556,19.833724820301,6.55244033489578));
#7568=CARTESIAN_POINT('Ctrl Pts',(111.834885118624,19.7697992652237,7.23466960849522));
#7569=CARTESIAN_POINT('Ctrl Pts',(110.021009478781,19.6506139621686,6.8089874539004));
#7570=CARTESIAN_POINT('Ctrl Pts',(108.175873749337,19.8165783530024,6.57771984507691));
#7571=CARTESIAN_POINT('Ctrl Pts',(111.98306213879,19.7281606767088,7.34303833522722));
#7572=CARTESIAN_POINT('Ctrl Pts',(110.008562116621,19.5917735155225,6.85918908917094));
#7573=CARTESIAN_POINT('Ctrl Pts',(107.993099296253,19.7796740780011,6.6268875592659));
#7574=CARTESIAN_POINT('Ctrl Pts',(112.056195095924,19.7059470806655,7.39620013696394));
#7575=CARTESIAN_POINT('Ctrl Pts',(110.002837202455,19.5614295392285,6.88184409124299));
#7576=CARTESIAN_POINT('Ctrl Pts',(107.903075929297,19.759841149474,6.6508439126896));
#7577=CARTESIAN_POINT('Ctrl Pts',(112.127031827452,19.6827627697957,7.4473277965145));
#7578=CARTESIAN_POINT('Ctrl Pts',(109.997763949493,19.5311684785277,6.90168435511951));
#7579=CARTESIAN_POINT('Ctrl Pts',(107.816178594403,19.7390068736003,6.6736978853845));
#7580=CARTESIAN_POINT('Origin',(107.816178594403,34.5191443456058,20.1476555930745));
#7581=CARTESIAN_POINT('Ctrl Pts',(106.365782894239,19.,7.00000000000001));
#7582=CARTESIAN_POINT('Ctrl Pts',(109.998433179747,18.9442670525142,7.00000000000002));
#7583=CARTESIAN_POINT('Ctrl Pts',(113.399000399976,18.8920947762389,8.27776167282107));
#7584=CARTESIAN_POINT('Ctrl Pts',(106.388393029775,19.0701771049482,7.00000000000001));
#7585=CARTESIAN_POINT('Ctrl Pts',(109.988377389289,18.9689773645312,7.00389758162994));
#7586=CARTESIAN_POINT('Ctrl Pts',(113.362243245317,18.9640430697229,8.26353876551351));
#7587=CARTESIAN_POINT('Ctrl Pts',(106.438135488242,19.1390055216116,6.99270076810893));
#7588=CARTESIAN_POINT('Ctrl Pts',(109.978800833565,18.9965605813963,7.01011829466528));
#7589=CARTESIAN_POINT('Ctrl Pts',(113.304267801824,19.035615188421,8.23355465959118));
#7590=CARTESIAN_POINT('Ctrl Pts',(106.550944849957,19.240445588795,6.97127764122298));
#7591=CARTESIAN_POINT('Ctrl Pts',(109.967494982173,19.0487011322012,7.01809841590957));
#7592=CARTESIAN_POINT('Ctrl Pts',(113.189749757193,19.1423389161792,8.16706163182909));
#7593=CARTESIAN_POINT('Ctrl Pts',(106.594969632587,19.2739484330879,6.96237629116449));
#7594=CARTESIAN_POINT('Ctrl Pts',(109.964232824654,19.0678423993045,7.02049648061548));
#7595=CARTESIAN_POINT('Ctrl Pts',(113.14693485424,19.1777931673567,8.14127688731538));
#7596=CARTESIAN_POINT('Ctrl Pts',(106.670842484532,19.3237244002522,6.9463120416269));
#7597=CARTESIAN_POINT('Ctrl Pts',(109.960403305044,19.0997767344911,7.02278257056471));
#7598=CARTESIAN_POINT('Ctrl Pts',(113.075826361807,19.2307444826909,8.09712278695914));
#7599=CARTESIAN_POINT('Ctrl Pts',(106.697822466065,19.3402565832823,6.94049364603651));
#7600=CARTESIAN_POINT('Ctrl Pts',(109.959304791588,19.1109704236129,7.02332229574005));
#7601=CARTESIAN_POINT('Ctrl Pts',(113.050933052761,19.2483782314227,8.08146333856584));
#7602=CARTESIAN_POINT('Ctrl Pts',(106.754438468275,19.3727741891853,6.92808525717159));
#7603=CARTESIAN_POINT('Ctrl Pts',(109.957534846339,19.1342074722603,7.02378241752068));
#7604=CARTESIAN_POINT('Ctrl Pts',(112.999456644198,19.2831489972084,8.04869005906507));
#7605=CARTESIAN_POINT('Ctrl Pts',(106.784141532017,19.388807136916,6.92148139095965));
#7606=CARTESIAN_POINT('Ctrl Pts',(109.956859039185,19.1462786852023,7.02370593629925));
#7607=CARTESIAN_POINT('Ctrl Pts',(112.972809468417,19.3003364333638,8.03153706683728));
#7608=CARTESIAN_POINT('Ctrl Pts',(106.939493766325,19.4678643460953,6.88650214397937));
#7609=CARTESIAN_POINT('Ctrl Pts',(109.954612997959,19.2088513575749,7.0214129401764));
#7610=CARTESIAN_POINT('Ctrl Pts',(112.835182730262,19.3852858013075,7.9420391559586));
#7611=CARTESIAN_POINT('Ctrl Pts',(107.085392646519,19.5276013902699,6.85230919325031));
#7612=CARTESIAN_POINT('Ctrl Pts',(109.956407969715,19.2663148648234,7.01349028022284));
#7613=CARTESIAN_POINT('Ctrl Pts',(112.711218530002,19.4501132834817,7.85863289050075));
#7614=CARTESIAN_POINT('Ctrl Pts',(107.337180368601,19.6119239298849,6.79167395499195));
#7615=CARTESIAN_POINT('Ctrl Pts',(109.96626548273,19.3615567166732,6.98504170241742));
#7616=CARTESIAN_POINT('Ctrl Pts',(112.505011619502,19.5423468097512,7.71597150424484));
#7617=CARTESIAN_POINT('Ctrl Pts',(107.426873263477,19.6391831260253,6.76983573501694));
#7618=CARTESIAN_POINT('Ctrl Pts',(109.970764490242,19.3948205575838,6.97275336877615));
#7619=CARTESIAN_POINT('Ctrl Pts',(112.432693960842,19.5722953150968,7.6653414780058));
#7620=CARTESIAN_POINT('Ctrl Pts',(107.614651207336,19.6909671591584,6.72371714949222));
#7621=CARTESIAN_POINT('Ctrl Pts',(109.98228967391,19.4623298625742,6.94203500279044));
#7622=CARTESIAN_POINT('Ctrl Pts',(112.283610165788,19.6294211323406,7.55981674496574));
#7623=CARTESIAN_POINT('Ctrl Pts',(107.713065953966,19.7156147628533,6.69935765218062));
#7624=CARTESIAN_POINT('Ctrl Pts',(109.989318236044,19.4966982478157,6.9235858528116));
#7625=CARTESIAN_POINT('Ctrl Pts',(112.206568028912,19.6567311901192,7.50473445183794));
#7626=CARTESIAN_POINT('Ctrl Pts',(107.816178594403,19.7390068736003,6.6736978853845));
#7627=CARTESIAN_POINT('Ctrl Pts',(109.997763949493,19.5311684785277,6.90168435511952));
#7628=CARTESIAN_POINT('Ctrl Pts',(112.127031827452,19.6827627697957,7.44732779651452));
#7629=CARTESIAN_POINT('Origin',(106.365782894239,19.,27.));
#7630=CARTESIAN_POINT('Ctrl Pts',(113.399000399976,18.8920947762389,8.27776167282108));
#7631=CARTESIAN_POINT('Ctrl Pts',(109.998433179747,18.9442670525142,7.00000000000001));
#7632=CARTESIAN_POINT('Ctrl Pts',(106.365782894239,19.,7.00000000000001));
#7633=CARTESIAN_POINT('Ctrl Pts',(113.399943467095,18.8902488207328,8.27812658562135));
#7634=CARTESIAN_POINT('Ctrl Pts',(109.99867393373,18.925025309651,7.00000000000064));
#7635=CARTESIAN_POINT('Ctrl Pts',(106.365202597668,18.9621765098883,7.00000000000001));
#7636=CARTESIAN_POINT('Ctrl Pts',(113.401143123928,18.8883915301934,8.27858275943519));
#7637=CARTESIAN_POINT('Ctrl Pts',(109.999196200359,18.9057770746578,7.00000000000157));
#7638=CARTESIAN_POINT('Ctrl Pts',(106.364912675253,18.9243507929211,7.00000000000001));
#7639=CARTESIAN_POINT('Ctrl Pts',(113.402599796356,18.8865228527047,8.27913036245709));
#7640=CARTESIAN_POINT('Ctrl Pts',(110.,18.8865228527051,7.));
#7641=CARTESIAN_POINT('Ctrl Pts',(106.364912675283,18.8865228527055,7.00000000000001));
#7642=CARTESIAN_POINT('Origin',(106.364912675282,18.8865228527055,27.));
#7643=CARTESIAN_POINT('Origin',(106.364912675282,-10.,27.));
#7644=CARTESIAN_POINT('Origin',(106.364912675282,1.,27.));
#7645=CARTESIAN_POINT('Origin',(106.364995859372,0.972638725336896,26.999382148391));
#7646=CARTESIAN_POINT('Origin',(106.364723043452,0.945281792305153,26.9999287122063));
#7647=CARTESIAN_POINT('Ctrl Pts',(113.402410164524,0.945281792305207,8.27905907466305));
#7648=CARTESIAN_POINT('Ctrl Pts',(109.999816334294,0.972198886252055,6.999930955036));
#7649=CARTESIAN_POINT('Ctrl Pts',(106.364723043452,0.997394371063287,6.99999660534317));
#7650=CARTESIAN_POINT('Ctrl Pts',(113.469703934094,0.858166131434387,8.30435664387845));
#7651=CARTESIAN_POINT('Ctrl Pts',(110.031568816557,0.94192600953317,6.99774453756014));
#7652=CARTESIAN_POINT('Ctrl Pts',(106.352569128146,0.913894305901781,6.99977903441859));
#7653=CARTESIAN_POINT('Ctrl Pts',(113.50634711563,0.774286565835409,8.30714036770613));
#7654=CARTESIAN_POINT('Ctrl Pts',(110.063561097809,0.917192078361881,6.99910646776387));
#7655=CARTESIAN_POINT('Ctrl Pts',(106.378852223463,0.832107500887737,6.9892580853649));
#7656=CARTESIAN_POINT('Ctrl Pts',(113.509255112884,0.674342310382768,8.28115772782164));
#7657=CARTESIAN_POINT('Ctrl Pts',(110.102546449526,0.880175391550541,7.00453749218656));
#7658=CARTESIAN_POINT('Ctrl Pts',(106.461913003317,0.732104511306568,6.96366914592488));
#7659=CARTESIAN_POINT('Ctrl Pts',(113.507665220451,0.654592598184332,8.27446830282702));
#7660=CARTESIAN_POINT('Ctrl Pts',(110.110292820018,0.872471685520284,7.00577457074401));
#7661=CARTESIAN_POINT('Ctrl Pts',(106.481071363877,0.712214336037613,6.95792036461337));
#7662=CARTESIAN_POINT('Ctrl Pts',(113.499899150469,0.615588560574538,8.25798268570533));
#7663=CARTESIAN_POINT('Ctrl Pts',(110.125674684799,0.856136580262342,7.00838545772872));
#7664=CARTESIAN_POINT('Ctrl Pts',(106.52468739456,0.672659462927861,6.94513500946299));
#7665=CARTESIAN_POINT('Ctrl Pts',(113.493697662149,0.596327441051413,8.24816686961629));
#7666=CARTESIAN_POINT('Ctrl Pts',(110.133312572969,0.847496140845875,7.00975957239008));
#7667=CARTESIAN_POINT('Ctrl Pts',(106.549182150332,0.652986460752367,6.93808899055591));
#7668=CARTESIAN_POINT('Ctrl Pts',(113.468247506527,0.540114125108823,8.21438786191766));
#7669=CARTESIAN_POINT('Ctrl Pts',(110.155733325821,0.820135894633779,7.0136808900359));
#7670=CARTESIAN_POINT('Ctrl Pts',(106.629729118342,0.595144466727016,6.91531928837521));
#7671=CARTESIAN_POINT('Ctrl Pts',(113.442142011783,0.504444216183035,8.18600538840591));
#7672=CARTESIAN_POINT('Ctrl Pts',(110.170132257648,0.799840699015455,7.01606559709938));
#7673=CARTESIAN_POINT('Ctrl Pts',(106.693101940486,0.557861580754118,6.89788504069473));
#7674=CARTESIAN_POINT('Ctrl Pts',(113.371095567593,0.436594421381732,8.11743235401506));
#7675=CARTESIAN_POINT('Ctrl Pts',(110.198075285967,0.753628494398218,7.01802659196515));
#7676=CARTESIAN_POINT('Ctrl Pts',(106.839457611546,0.485781348030803,6.85864026579448));
#7677=CARTESIAN_POINT('Ctrl Pts',(113.326151222346,0.404415326412908,8.07724035442441));
#7678=CARTESIAN_POINT('Ctrl Pts',(110.211612044545,0.72772042449291,7.01760422402278));
#7679=CARTESIAN_POINT('Ctrl Pts',(106.922436144472,0.450984112219841,6.83682949915908));
#7680=CARTESIAN_POINT('Ctrl Pts',(113.243747548508,0.35873796581208,8.00770460572491));
#7681=CARTESIAN_POINT('Ctrl Pts',(110.231659992482,0.684055442365487,7.01265286650925));
#7682=CARTESIAN_POINT('Ctrl Pts',(107.062511779995,0.40068507864407,6.80077908249693));
#7683=CARTESIAN_POINT('Ctrl Pts',(113.213661291623,0.343896079803707,7.98288837287398));
#7684=CARTESIAN_POINT('Ctrl Pts',(110.238321406903,0.668658557843605,7.01026732331943));
#7685=CARTESIAN_POINT('Ctrl Pts',(107.111995943311,0.384180944406593,6.78815892779898));
#7686=CARTESIAN_POINT('Ctrl Pts',(113.148927256327,0.315347105532172,7.93056982847068));
#7687=CARTESIAN_POINT('Ctrl Pts',(110.251539104822,0.636577223996283,7.00369729859159));
#7688=CARTESIAN_POINT('Ctrl Pts',(107.215442292585,0.352125251663583,6.76202750289555));
#7689=CARTESIAN_POINT('Ctrl Pts',(113.114335340573,0.301651319720018,7.90310861188673));
#7690=CARTESIAN_POINT('Ctrl Pts',(110.258088272424,0.61991844178644,6.99952368615878));
#7691=CARTESIAN_POINT('Ctrl Pts',(107.269326637105,0.336587858803989,6.74853493389141));
#7692=CARTESIAN_POINT('Ctrl Pts',(112.930507932466,0.235929796156304,7.75944496123684));
#7693=CARTESIAN_POINT('Ctrl Pts',(110.290840505412,0.533946676157172,6.97346770447525));
#7694=CARTESIAN_POINT('Ctrl Pts',(107.549606005275,0.261291624420676,6.67899440153972));
#7695=CARTESIAN_POINT('Ctrl Pts',(112.74829221273,0.192149707795391,7.62421522101567));
#7696=CARTESIAN_POINT('Ctrl Pts',(110.31638752877,0.455844362443554,6.93570831328616));
#7697=CARTESIAN_POINT('Ctrl Pts',(107.807987866388,0.208535526129572,6.61670448908799));
#7698=CARTESIAN_POINT('Ctrl Pts',(112.536286088742,0.15591967074537,7.47031157942566));
#7699=CARTESIAN_POINT('Ctrl Pts',(110.350161737618,0.376511418104453,6.87308548129602));
#7700=CARTESIAN_POINT('Ctrl Pts',(108.106623652257,0.163542068640238,6.54803113877348));
#7701=CARTESIAN_POINT('Ctrl Pts',(112.551394183069,0.158522993446289,7.48128351115583));
#7702=CARTESIAN_POINT('Ctrl Pts',(112.162632675256,0.205424893168956,7.38700933141923));
#7703=CARTESIAN_POINT('Ctrl Pts',(111.76783941155,0.243847763613837,7.29988861665308));
#7704=CARTESIAN_POINT('Ctrl Pts',(110.978182544775,0.30236230001883,7.14169692690781));
#7705=CARTESIAN_POINT('Ctrl Pts',(110.582074323729,0.322142958874683,7.06943545913375));
#7706=CARTESIAN_POINT('Ctrl Pts',(109.39214304367,0.34243754762473,6.86022654811006));
#7707=CARTESIAN_POINT('Ctrl Pts',(108.597165900576,0.300940057115982,6.72820429598818));
#7708=CARTESIAN_POINT('Ctrl Pts',(107.797626982843,0.215531542431261,6.62016871823701));
#7709=CARTESIAN_POINT('Ctrl Pts',(110.183410655737,0.0406280981900681,6.00060284007427));
#7710=CARTESIAN_POINT('Ctrl Pts',(110.183410655737,0.0406280981900681,6.00060284007427));
#7711=CARTESIAN_POINT('Ctrl Pts',(110.183410655737,0.0406280981900681,6.00060284007427));
#7712=CARTESIAN_POINT('Ctrl Pts',(109.926316435767,0.0402320432331855,6.04998262134237));
#7713=CARTESIAN_POINT('Ctrl Pts',(110.169293495563,0.0406614615174392,6.09473291238338));
#7714=CARTESIAN_POINT('Ctrl Pts',(110.41227995114,0.0410908683488157,6.13943839055633));
#7715=CARTESIAN_POINT('Ctrl Pts',(109.671608683066,0.0421930375013282,6.09882851765717));
#7716=CARTESIAN_POINT('Ctrl Pts',(110.15481077315,0.0522552071470158,6.18764821612474));
#7717=CARTESIAN_POINT('Ctrl Pts',(110.638030412117,0.0436660245559933,6.27652831838625));
#7718=CARTESIAN_POINT('Ctrl Pts',(109.173751888819,0.0508027666794409,6.19531377669208));
#7719=CARTESIAN_POINT('Ctrl Pts',(110.126572498123,0.0953785389455747,6.36259249824126));
#7720=CARTESIAN_POINT('Ctrl Pts',(111.076793148826,0.053192157186286,6.54462533905173));
#7721=CARTESIAN_POINT('Ctrl Pts',(108.930483400316,0.0574518735408611,6.24297460901572));
#7722=CARTESIAN_POINT('Ctrl Pts',(110.112807793105,0.126910117173136,6.4446737071562));
#7723=CARTESIAN_POINT('Ctrl Pts',(111.289908654555,0.0601457342300128,6.67569369558909));
#7724=CARTESIAN_POINT('Ctrl Pts',(108.578317585968,0.0714278219402544,6.31356976113427));
#7725=CARTESIAN_POINT('Ctrl Pts',(110.093654782105,0.184889666107086,6.5550637648922));
#7726=CARTESIAN_POINT('Ctrl Pts',(111.596426873498,0.0744741199985309,6.866388493218));
#7727=CARTESIAN_POINT('Ctrl Pts',(108.462597387164,0.0767848924643441,6.33704567234636));
#7728=CARTESIAN_POINT('Ctrl Pts',(110.08748974375,0.206093667408753,6.58991102724385));
#7729=CARTESIAN_POINT('Ctrl Pts',(111.696802970552,0.0799313647840236,6.9292176237075));
#7730=CARTESIAN_POINT('Ctrl Pts',(108.238623953117,0.0888466193038248,6.38316495079491));
#7731=CARTESIAN_POINT('Ctrl Pts',(110.075907863284,0.250665718893137,6.65420082920795));
#7732=CARTESIAN_POINT('Ctrl Pts',(111.890418027399,0.0921726201814188,7.05130150707991));
#7733=CARTESIAN_POINT('Ctrl Pts',(108.130476317665,0.0955374973929779,6.40578351419538));
#7734=CARTESIAN_POINT('Ctrl Pts',(110.070495081294,0.273992602142701,6.68362819356484));
#7735=CARTESIAN_POINT('Ctrl Pts',(111.983569735038,0.0989429209609944,7.11049695443613));
#7736=CARTESIAN_POINT('Ctrl Pts',(107.974196884795,0.10661817484703,6.43906236173002));
#7737=CARTESIAN_POINT('Ctrl Pts',(110.0629792653,0.309757957311912,6.72372701117411));
#7738=CARTESIAN_POINT('Ctrl Pts',(112.117717658034,0.110136757797586,7.19649800126929));
#7739=CARTESIAN_POINT('Ctrl Pts',(107.923093928193,0.110485987759591,6.45004702831664));
#7740=CARTESIAN_POINT('Ctrl Pts',(110.060573374436,0.321814644364971,6.7364256496707));
#7741=CARTESIAN_POINT('Ctrl Pts',(112.161503855409,0.114041249232309,7.22469960003517));
#7742=CARTESIAN_POINT('Ctrl Pts',(107.860471104861,0.115545600173298,6.46364297942816));
#7743=CARTESIAN_POINT('Ctrl Pts',(110.057692993998,0.336971575035964,6.75147296469635));
#7744=CARTESIAN_POINT('Ctrl Pts',(112.21506530978,0.119146087031214,7.25936694233203));
#7745=CARTESIAN_POINT('Ctrl Pts',(107.848009331701,0.116568768346462,6.46635542340674));
#7746=CARTESIAN_POINT('Ctrl Pts',(110.057123122286,0.340008037636935,6.75444187797352));
#7747=CARTESIAN_POINT('Ctrl Pts',(112.22571903766,0.120178268392829,7.26627117631441));
#7748=CARTESIAN_POINT('Ctrl Pts',(107.823211813969,0.118637785208777,6.47176682216232));
#7749=CARTESIAN_POINT('Ctrl Pts',(110.055996027644,0.346088087441332,6.7602979208534));
#7750=CARTESIAN_POINT('Ctrl Pts',(112.246909146364,0.122265261880159,7.28002109627315));
#7751=CARTESIAN_POINT('Ctrl Pts',(107.810177696195,0.119659731801706,6.47446580813431));
#7752=CARTESIAN_POINT('Ctrl Pts',(110.055093601405,0.349190902178148,6.76314769794025));
#7753=CARTESIAN_POINT('Ctrl Pts',(112.257448957252,0.12331994618671,7.28686805441819));
#7754=CARTESIAN_POINT('Ctrl Pts',(107.78198708907,0.123119865732754,6.48254228786122));
#7755=CARTESIAN_POINT('Ctrl Pts',(110.057720365506,0.357603687802204,6.77214088003413));
#7756=CARTESIAN_POINT('Ctrl Pts',(112.288865187433,0.126519256125337,7.30731102441828));
#7757=CARTESIAN_POINT('Ctrl Pts',(107.763296958739,0.125479259624812,6.48789923567051));
#7758=CARTESIAN_POINT('Ctrl Pts',(110.059399090119,0.363225644879598,6.77797915710879));
#7759=CARTESIAN_POINT('Ctrl Pts',(112.30953087226,0.128699429311971,7.32080633959041));
#7760=CARTESIAN_POINT('Ctrl Pts',(107.670390730124,0.13754036435829,6.5145472782972));
#7761=CARTESIAN_POINT('Ctrl Pts',(110.067460532158,0.391388275722463,6.80641142117242));
#7762=CARTESIAN_POINT('Ctrl Pts',(112.411498090223,0.139840402089021,7.38762765545184));
#7763=CARTESIAN_POINT('Ctrl Pts',(107.597812467818,0.148034063542777,6.53542958764973));
#7764=CARTESIAN_POINT('Ctrl Pts',(110.072845403206,0.41404571041811,6.82668431286554));
#7765=CARTESIAN_POINT('Ctrl Pts',(112.488724973834,0.14952020280908,7.43899041487083));
#7766=CARTESIAN_POINT('Ctrl Pts',(107.527259095972,0.159389447009262,6.55587071847416));
#7767=CARTESIAN_POINT('Ctrl Pts',(110.077406065083,0.436516756868659,6.84468334007383));
#7768=CARTESIAN_POINT('Ctrl Pts',(112.56189524468,0.160020285636078,7.48836420680505));
#7769=CARTESIAN_POINT('Ctrl Pts',(107.826411497727,0.118373869987048,6.4710698659236));
#7770=CARTESIAN_POINT('Ctrl Pts',(108.225197641965,0.157793960497135,6.52047849471329));
#7771=CARTESIAN_POINT('Ctrl Pts',(108.62353607732,0.187588923884534,6.57784185911134));
#7772=CARTESIAN_POINT('Ctrl Pts',(109.021150677377,0.20856757881789,6.64464746848604));
#7773=CARTESIAN_POINT('Ctrl Pts',(109.418909042862,0.229553818999192,6.71147723275118));
#7774=CARTESIAN_POINT('Ctrl Pts',(109.814872122491,0.242556045212162,6.78930686033474));
#7775=CARTESIAN_POINT('Ctrl Pts',(110.209138442304,0.247097685612188,6.87644388506171));
#7776=CARTESIAN_POINT('Ctrl Pts',(110.997956305102,0.256184251960626,7.0507809718514));
#7777=CARTESIAN_POINT('Ctrl Pts',(111.778126765146,0.231093648608397,7.25970058809123));
#7778=CARTESIAN_POINT('Ctrl Pts',(112.551394189788,0.158522988944285,7.48128350671582));
#7779=CARTESIAN_POINT('Ctrl Pts',(107.347679951995,0.0663985091104972,6.41550249649889));
#7780=CARTESIAN_POINT('Ctrl Pts',(107.333989237444,0.106853309200662,6.49154979401209));
#7781=CARTESIAN_POINT('Ctrl Pts',(107.31992389822,0.159956372455177,6.55929511190814));
#7782=CARTESIAN_POINT('Ctrl Pts',(107.906407266516,0.132547518367529,6.4761000649015));
#7783=CARTESIAN_POINT('Ctrl Pts',(107.892342841971,0.174801164966054,6.55625593127429));
#7784=CARTESIAN_POINT('Ctrl Pts',(107.877237037007,0.230969588398096,6.62714386335451));
#7785=CARTESIAN_POINT('Ctrl Pts',(108.464480886413,0.179195976740909,6.55111614240984));
#7786=CARTESIAN_POINT('Ctrl Pts',(108.448951644873,0.223205365948246,6.63497161313989));
#7787=CARTESIAN_POINT('Ctrl Pts',(108.434002756688,0.282586888517954,6.7088640255796));
#7788=CARTESIAN_POINT('Ctrl Pts',(109.418772201167,0.229546601674974,6.7114542519412));
#7789=CARTESIAN_POINT('Ctrl Pts',(109.403504801578,0.272404634904484,6.7916405282976));
#7790=CARTESIAN_POINT('Ctrl Pts',(109.389491075515,0.329459700298049,6.86269031768429));
#7791=CARTESIAN_POINT('Ctrl Pts',(109.814737829689,0.242554498261005,6.78927718019951));
#7792=CARTESIAN_POINT('Ctrl Pts',(109.800089787839,0.283244495021873,6.86361021371577));
#7793=CARTESIAN_POINT('Ctrl Pts',(109.787392881835,0.336097709377183,6.93025102755849));
#7794=CARTESIAN_POINT('Ctrl Pts',(110.997939667559,0.256184060244894,7.05077729466172));
#7795=CARTESIAN_POINT('Ctrl Pts',(110.987497205385,0.283803711848288,7.09636283001612));
#7796=CARTESIAN_POINT('Ctrl Pts',(110.980548418077,0.315602376839593,7.13983738768276));
#7797=CARTESIAN_POINT('Ctrl Pts',(111.778118814432,0.231094400493928,7.259698308043));
#7798=CARTESIAN_POINT('Ctrl Pts',(111.775164471966,0.241562224413655,7.27560663586078));
#7799=CARTESIAN_POINT('Ctrl Pts',(111.77189650865,0.25206336317437,7.29143147651649));
#7800=CARTESIAN_POINT('Ctrl Pts',(112.551394327545,0.158522976015799,7.48128354619089));
#7801=CARTESIAN_POINT('Ctrl Pts',(112.551394327545,0.158522976015799,7.48128354619089));
#7802=CARTESIAN_POINT('Ctrl Pts',(112.551394327545,0.158522976015799,7.48128354619089));
#7803=CARTESIAN_POINT('Origin',(107.797626982843,1.,6.00000000000001));
#7804=CARTESIAN_POINT('Origin',(107.797626982842,0.999999999999967,6.));
#7805=CARTESIAN_POINT('Origin',(107.797626982843,1.,6.00000000000001));
#7806=CARTESIAN_POINT('Origin',(107.797626982843,1.,6.00000000000002));
#7807=CARTESIAN_POINT('Origin',(109.617478154174,1.,1.00000000000001));
#7808=CARTESIAN_POINT('Origin',(109.617478154174,1.,1.));
#7809=CARTESIAN_POINT('Origin',(109.617478154174,1.,1.));
#7810=CARTESIAN_POINT('Ctrl Pts',(109.853573869478,0.00695653605819915,
1.01088301945387));
#7811=CARTESIAN_POINT('Ctrl Pts',(109.853902861439,-0.00404065511199988,
4.33680868994202E-15));
#7812=CARTESIAN_POINT('Ctrl Pts',(109.823673019273,1.0064501573708,4.33680868994202E-15));
#7813=CARTESIAN_POINT('Ctrl Pts',(109.785747447371,0.00493103990596929,
1.01121355301919));
#7814=CARTESIAN_POINT('Ctrl Pts',(109.786085201899,-0.00640388366782944,
-7.7116991006504E-13));
#7815=CARTESIAN_POINT('Ctrl Pts',(109.754938463662,1.00439389447667,4.33680868994202E-15));
#7816=CARTESIAN_POINT('Ctrl Pts',(109.717925431167,0.00281331171554022,
1.01154462353517));
#7817=CARTESIAN_POINT('Ctrl Pts',(109.718284200437,-0.00885982214586397,
1.43434283822572E-12));
#7818=CARTESIAN_POINT('Ctrl Pts',(109.686206838695,1.00224394646554,-4.55364912443912E-15));
#7819=CARTESIAN_POINT('Ctrl Pts',(109.650107809043,0.000603051361790317,
1.01187622312675));
#7820=CARTESIAN_POINT('Ctrl Pts',(109.650499983658,-0.0114086635994474,
-4.33680868994202E-15));
#7821=CARTESIAN_POINT('Ctrl Pts',(109.617478154174,1.,-4.55364912443912E-15));
#7822=CARTESIAN_POINT('Origin',(109.823673019274,1.00645015737081,1.));
#7823=CARTESIAN_POINT('Origin',(109.823673019289,1.00645015737127,0.999999999999168));
#7824=CARTESIAN_POINT('Origin',(109.823673019289,1.00645015737127,0.999999999999584));
#7825=CARTESIAN_POINT('Origin',(109.823673019292,-10.,1.));
#7826=CARTESIAN_POINT('Origin',(109.823673019292,18.9999312632274,1.));
#7827=CARTESIAN_POINT('Origin',(109.823673019292,18.9999312632274,1.00000000000001));
#7828=CARTESIAN_POINT('Origin',(109.823673019292,18.9999312632274,1.00000000000001));
#7829=CARTESIAN_POINT('Ctrl Pts',(109.636029765734,20.,1.));
#7830=CARTESIAN_POINT('Ctrl Pts',(109.636029765734,20.,1.30104260698261E-15));
#7831=CARTESIAN_POINT('Ctrl Pts',(109.636029765734,19.,1.30104260698261E-15));
#7832=CARTESIAN_POINT('Ctrl Pts',(109.698818796483,20.,1.00008781855504));
#7833=CARTESIAN_POINT('Ctrl Pts',(109.69882155363,20.0000878224272,2.25098415106339E-13));
#7834=CARTESIAN_POINT('Ctrl Pts',(109.698577516988,19.0000000000161,1.30104260698261E-15));
#7835=CARTESIAN_POINT('Ctrl Pts',(109.761612221448,19.9999772640797,1.0001772364964));
#7836=CARTESIAN_POINT('Ctrl Pts',(109.761615143606,20.0001545257298,-2.85229489008127E-12));
#7837=CARTESIAN_POINT('Ctrl Pts',(109.761125268175,18.99997736292,-1.77809156287623E-14));
#7838=CARTESIAN_POINT('Ctrl Pts',(109.824410051291,19.9999309556382,1.00026825770958));
#7839=CARTESIAN_POINT('Ctrl Pts',(109.824410249059,20.0001992852468,-1.77809156287623E-14));
#7840=CARTESIAN_POINT('Ctrl Pts',(109.823673019291,18.9999312632274,-1.77809156287623E-14));
#7841=CARTESIAN_POINT('Origin',(5.49900000000002,-7.81024967590666,12.));
#7842=CARTESIAN_POINT('',(149.709351582792,6.6,12.0000000000001));
#7843=CARTESIAN_POINT('Origin',(3.,-7.81024967590666,6.00000000000002));
#7844=CARTESIAN_POINT('',(3.,13.4,7.00000000000001));
#7845=CARTESIAN_POINT('',(3.,0.,7.00000000000001));
#7846=CARTESIAN_POINT('Origin',(149.709351582792,13.4,7.00000000000008));
#7847=CARTESIAN_POINT('Origin',(149.709351582792,6.6,7.00000000000008));
#7848=CARTESIAN_POINT('Origin',(3.,0.,4.00000000000001));
#7849=CARTESIAN_POINT('Origin',(3.00000000000009,3.00000000000007,4.00000000000042));
#7850=CARTESIAN_POINT('Origin',(3.00000000000029,16.9999999999999,4.00000000000035));
#7851=CARTESIAN_POINT('Origin',(3.,3.,0.));
#7852=CARTESIAN_POINT('Ctrl Pts',(3.03576608295941E-15,3.,3.));
#7853=CARTESIAN_POINT('Ctrl Pts',(3.03576608295941E-15,2.92888431005313,
2.95258954003269));
#7854=CARTESIAN_POINT('Ctrl Pts',(0.0025626057259099,2.85658612031301,2.90439074686989));
#7855=CARTESIAN_POINT('Ctrl Pts',(0.0078930077960272,2.78341730643087,2.85561153761244));
#7856=CARTESIAN_POINT('Ctrl Pts',(0.013430330076669,2.70740816152431,2.80493877433861));
#7857=CARTESIAN_POINT('Ctrl Pts',(0.021954889503001,2.6304595691014,2.75363971272059));
#7858=CARTESIAN_POINT('Ctrl Pts',(0.0336568479297268,2.55295692407024,2.70197128269718));
#7859=CARTESIAN_POINT('Ctrl Pts',(0.045270325134302,2.47604029451634,2.65069352965863));
#7860=CARTESIAN_POINT('Ctrl Pts',(0.0600133821955847,2.39857838809359,2.59905225870761));
#7861=CARTESIAN_POINT('Ctrl Pts',(0.07803055177194,2.32097820038721,2.54731880023433));
#7862=CARTESIAN_POINT('Ctrl Pts',(0.0964775319075003,2.24152681291657,2.49435120858481));
#7863=CARTESIAN_POINT('Ctrl Pts',(0.11835694768444,2.16193086093087,2.44128724059207));
#7864=CARTESIAN_POINT('Ctrl Pts',(0.143777839382441,2.08265300784628,2.38843533853362));
#7865=CARTESIAN_POINT('Ctrl Pts',(0.168581623926722,2.00529967144866,2.33686644759985));
#7866=CARTESIAN_POINT('Ctrl Pts',(0.196756877629369,1.92824977539955,2.28549985023196));
#7867=CARTESIAN_POINT('Ctrl Pts',(0.228361402458029,1.85194970292432,2.23463313524687));
#7868=CARTESIAN_POINT('Ctrl Pts',(0.260268802395085,1.77491842525468,2.18327895013216));
#7869=CARTESIAN_POINT('Ctrl Pts',(0.295666916346675,1.69866831532401,2.13244554351033));
#7870=CARTESIAN_POINT('Ctrl Pts',(0.334462173530995,1.62362518923182,2.08241679278106));
#7871=CARTESIAN_POINT('Ctrl Pts',(0.373968017828329,1.54720754774286,2.03147169845392));
#7872=CARTESIAN_POINT('Ctrl Pts',(0.416996481463869,1.47204209150179,1.98136139429228));
#7873=CARTESIAN_POINT('Ctrl Pts',(0.463394916980866,1.39857519319275,1.93238346208558));
#7874=CARTESIAN_POINT('Ctrl Pts',(0.509952064963394,1.32485699088098,1.88323799387706));
#7875=CARTESIAN_POINT('Ctrl Pts',(0.559901978787802,1.25284960974258,1.83523307311772));
#7876=CARTESIAN_POINT('Ctrl Pts',(0.613040030837164,1.18299162565514,1.78866108372592));
#7877=CARTESIAN_POINT('Ctrl Pts',(0.665787938694496,1.11364654495251,1.742431029924));
#7878=CARTESIAN_POINT('Ctrl Pts',(0.721676927368581,1.04642000069079,1.69761333374959));
#7879=CARTESIAN_POINT('Ctrl Pts',(0.780462741542268,0.981719784021874,1.65447985597062));
#7880=CARTESIAN_POINT('Ctrl Pts',(0.812363978543157,0.946608984333607,1.6310726561786));
#7881=CARTESIAN_POINT('Ctrl Pts',(0.845117571013029,0.912241741868202,1.6081611612019));
#7882=CARTESIAN_POINT('Ctrl Pts',(0.878679656424132,0.878679656456586,1.58578643759445));
#7883=CARTESIAN_POINT('Ctrl Pts',(0.939623834013871,0.817735478865914,1.54515698586787));
#7884=CARTESIAN_POINT('Ctrl Pts',(1.00320476379607,0.759429442889284,1.50628629521753));
#7885=CARTESIAN_POINT('Ctrl Pts',(1.06906511671374,0.704042046252222,1.46936136412708));
#7886=CARTESIAN_POINT('Ctrl Pts',(1.13401679285325,0.64941883077876,1.43294588714567));
#7887=CARTESIAN_POINT('Ctrl Pts',(1.20118487251123,0.597634567134476,1.39842304471723));
#7888=CARTESIAN_POINT('Ctrl Pts',(1.27020274839311,0.548921205826862,1.36594747051337));
#7889=CARTESIAN_POINT('Ctrl Pts',(1.2910661844873,0.534195628031428,1.35613041865011));
#7890=CARTESIAN_POINT('Ctrl Pts',(1.31209851800178,0.519750391573442,1.34650026101184));
#7891=CARTESIAN_POINT('Ctrl Pts',(1.33328930092712,0.505591163101768,1.33706077536445));
#7892=CARTESIAN_POINT('Ctrl Pts',(1.40304216120889,0.458983791927152,1.30598919458266));
#7893=CARTESIAN_POINT('Ctrl Pts',(1.47451101333622,0.415479504153856,1.27698633606855));
#7894=CARTESIAN_POINT('Ctrl Pts',(1.54728392295221,0.375204878805396,1.25013658583775));
#7895=CARTESIAN_POINT('Ctrl Pts',(1.61896781291082,0.335532948318666,1.22368863218142));
#7896=CARTESIAN_POINT('Ctrl Pts',(1.69191651549984,0.298994825027804,1.19932988332242));
#7897=CARTESIAN_POINT('Ctrl Pts',(1.76573202993288,0.26566962723891,1.17711308479813));
#7898=CARTESIAN_POINT('Ctrl Pts',(1.79434869149981,0.252750176441874,1.16850011760074));
#7899=CARTESIAN_POINT('Ctrl Pts',(1.82309562383455,0.240313153346898,1.16020876887139));
#7900=CARTESIAN_POINT('Ctrl Pts',(1.85194970289639,0.228361402469595,1.15224093495384));
#7901=CARTESIAN_POINT('Ctrl Pts',(1.92681734772364,0.197350208598952,1.13156680570842));
#7902=CARTESIAN_POINT('Ctrl Pts',(2.0024040232209,0.169609665574962,1.11307311036083));
#7903=CARTESIAN_POINT('Ctrl Pts',(2.07829168344389,0.145111448747293,1.09674096581081));
#7904=CARTESIAN_POINT('Ctrl Pts',(2.15331864377359,0.12089108490056,1.08059405658138));
#7905=CARTESIAN_POINT('Ctrl Pts',(2.22863938573277,0.0998398563395682,1.06655990420914));
#7906=CARTESIAN_POINT('Ctrl Pts',(2.30386395077693,0.0818897077507891,1.05459313848503));
#7907=CARTESIAN_POINT('Ctrl Pts',(2.34085687223257,0.0730624259117762,1.04870828392655));
#7908=CARTESIAN_POINT('Ctrl Pts',(2.37782678933644,0.0649844716283687,1.0433229810718));
#7909=CARTESIAN_POINT('Ctrl Pts',(2.4147290339492,0.0576441587907889,1.03842943918093));
#7910=CARTESIAN_POINT('Ctrl Pts',(2.49108956629398,0.0424551045276531,1.02830340300726));
#7911=CARTESIAN_POINT('Ctrl Pts',(2.56715660289696,0.030426998108711,1.020284665397));
#7912=CARTESIAN_POINT('Ctrl Pts',(2.64254542443049,0.0213822955656535,1.01425486370383));
#7913=CARTESIAN_POINT('Ctrl Pts',(2.71756307800441,0.0123821235474125,1.00825474902719));
#7914=CARTESIAN_POINT('Ctrl Pts',(2.79190886874972,0.00633588603087831,
1.00422392401819));
#7915=CARTESIAN_POINT('Ctrl Pts',(2.86523455711356,0.00303422554381242,
1.00202281702802));
#7916=CARTESIAN_POINT('Ctrl Pts',(2.91057092540866,0.000992849606306908,
1.0006618997371));
#7917=CARTESIAN_POINT('Ctrl Pts',(2.95551795908737,4.05599756710823E-16,
1.));
#7918=CARTESIAN_POINT('Ctrl Pts',(3.,4.02455846426619E-16,1.));
#7919=CARTESIAN_POINT('Ctrl Pts',(3.03576608295941E-15,3.,3.));
#7920=CARTESIAN_POINT('Ctrl Pts',(3.03576608295941E-15,3.,3.));
#7921=CARTESIAN_POINT('Ctrl Pts',(3.03576608295941E-15,3.,3.));
#7922=CARTESIAN_POINT('Ctrl Pts',(3.03576608295941E-15,2.73815341456766,
2.60723012185148));
#7923=CARTESIAN_POINT('Ctrl Pts',(3.03576608295941E-15,2.67276055147999,
2.67276055147999));
#7924=CARTESIAN_POINT('Ctrl Pts',(3.03576608295941E-15,2.60723012185148,
2.73815341456766));
#7925=CARTESIAN_POINT('Ctrl Pts',(0.078081973373239,2.4765042258443,2.21475633876651));
#7926=CARTESIAN_POINT('Ctrl Pts',(0.0534547928106326,2.33786747398127,2.33786747398127));
#7927=CARTESIAN_POINT('Ctrl Pts',(0.078081973373239,2.21475633876651,2.4765042258443));
#7928=CARTESIAN_POINT('Ctrl Pts',(0.378640831559047,1.99276204469534,1.48914306704296));
#7929=CARTESIAN_POINT('Ctrl Pts',(0.262498668752307,1.70261903540989,1.70261903540989));
#7930=CARTESIAN_POINT('Ctrl Pts',(0.378640831559047,1.48914306704296,1.99276204469534));
#7931=CARTESIAN_POINT('Ctrl Pts',(0.60099948051881,1.77090655490794,1.15635983236191));
#7932=CARTESIAN_POINT('Ctrl Pts',(0.426179068760082,1.39030704094388,1.39030704094388));
#7933=CARTESIAN_POINT('Ctrl Pts',(0.60099948051881,1.15635983236191,1.77090655490794));
#7934=CARTESIAN_POINT('Ctrl Pts',(1.01751974440114,1.49322637898639,0.73983956847958));
#7935=CARTESIAN_POINT('Ctrl Pts',(0.75862950227924,0.967188337596845,0.967188337596845));
#7936=CARTESIAN_POINT('Ctrl Pts',(1.01751974440114,0.73983956847958,1.49322637898639));
#7937=CARTESIAN_POINT('Ctrl Pts',(1.17003062953343,1.40978474652141,0.614677119782121));
#7938=CARTESIAN_POINT('Ctrl Pts',(0.890465342507519,0.828634923117557,0.828634923117557));
#7939=CARTESIAN_POINT('Ctrl Pts',(1.17003062953343,0.614677119782121,1.40978474652141));
#7940=CARTESIAN_POINT('Ctrl Pts',(1.49654797234896,1.26433680426841,0.39650520640261));
#7941=CARTESIAN_POINT('Ctrl Pts',(1.19617972490729,0.56876205325797,0.56876205325797));
#7942=CARTESIAN_POINT('Ctrl Pts',(1.49654797234896,0.39650520640261,1.26433680426841));
#7943=CARTESIAN_POINT('Ctrl Pts',(1.67054638748895,1.20233407731388,0.303501115970801));
#7944=CARTESIAN_POINT('Ctrl Pts',(1.37150740946676,0.448781992155186,0.448781992155186));
#7945=CARTESIAN_POINT('Ctrl Pts',(1.67054638748895,0.303501115970801,1.20233407731388));
#7946=CARTESIAN_POINT('Ctrl Pts',(2.03335301832051,1.10214779264098,0.153221688961482));
#7947=CARTESIAN_POINT('Ctrl Pts',(1.77061607196569,0.239753730800766,0.239753730800766));
#7948=CARTESIAN_POINT('Ctrl Pts',(2.03335301832051,0.153221688961482,1.10214779264098));
#7949=CARTESIAN_POINT('Ctrl Pts',(2.22215230220245,1.06396670160318,0.0959500524047733));
#7950=CARTESIAN_POINT('Ctrl Pts',(1.99384856658386,0.153516322557005,0.153516322557005));
#7951=CARTESIAN_POINT('Ctrl Pts',(2.22215230220245,0.0959500524047733,1.06396670160318));
#7952=CARTESIAN_POINT('Ctrl Pts',(2.60730576570078,1.0128921767839,0.019338265175845));
#7953=CARTESIAN_POINT('Ctrl Pts',(2.47990445629241,0.0322292960037198,0.0322292960037198));
#7954=CARTESIAN_POINT('Ctrl Pts',(2.60730576570078,0.019338265175845,1.0128921767839));
#7955=CARTESIAN_POINT('Ctrl Pts',(2.80364823760679,1.00000000000406,2.63372863107651E-16));
#7956=CARTESIAN_POINT('Ctrl Pts',(2.73794660445215,9.6231459771065E-11,
9.6231459771065E-11));
#7957=CARTESIAN_POINT('Ctrl Pts',(2.80364823760679,2.63372863107651E-16,
1.00000000000406));
#7958=CARTESIAN_POINT('Ctrl Pts',(3.00000000000001,1.,4.33680868994202E-16));
#7959=CARTESIAN_POINT('Ctrl Pts',(3.00000000000001,4.33680868994202E-16,
4.33680868994202E-16));
#7960=CARTESIAN_POINT('Ctrl Pts',(3.00000000000001,4.33680868994202E-16,
1.));
#7961=CARTESIAN_POINT('Ctrl Pts',(3.03576608295941E-15,3.,3.));
#7962=CARTESIAN_POINT('Ctrl Pts',(3.03576608295941E-15,2.95258954003673,
2.9288843100551));
#7963=CARTESIAN_POINT('Ctrl Pts',(0.0025626057257654,2.90439074687802,2.85658612031703));
#7964=CARTESIAN_POINT('Ctrl Pts',(0.00789300779557474,2.85561153762464,
2.78341730643699));
#7965=CARTESIAN_POINT('Ctrl Pts',(0.0134303300762266,2.80493877435203,2.70740816152811));
#7966=CARTESIAN_POINT('Ctrl Pts',(0.021954889502749,2.75363971273514,2.63045956910283));
#7967=CARTESIAN_POINT('Ctrl Pts',(0.0336568479298455,2.70197128271276,2.55295692406937));
#7968=CARTESIAN_POINT('Ctrl Pts',(0.0452703251344608,2.65069352967667,2.47604029451535));
#7969=CARTESIAN_POINT('Ctrl Pts',(0.0600133821957844,2.59905225872804,2.39857838809256));
#7970=CARTESIAN_POINT('Ctrl Pts',(0.0780305517721512,2.54731880025703,2.32097820038627));
#7971=CARTESIAN_POINT('Ctrl Pts',(0.0964775319080523,2.49435120860889,2.24152681291429));
#7972=CARTESIAN_POINT('Ctrl Pts',(0.118356947685424,2.44128724061741,2.16193086092736));
#7973=CARTESIAN_POINT('Ctrl Pts',(0.143777839383912,2.38843533856006,2.08265300784171));
#7974=CARTESIAN_POINT('Ctrl Pts',(0.16858162392989,2.33686644762484,2.00529967143922));
#7975=CARTESIAN_POINT('Ctrl Pts',(0.196756877634618,2.28549985025536,1.92824977538544));
#7976=CARTESIAN_POINT('Ctrl Pts',(0.228361402465709,2.23463313526859,1.85194970290578));
#7977=CARTESIAN_POINT('Ctrl Pts',(0.260268802404934,2.18327895015265,1.77491842523236));
#7978=CARTESIAN_POINT('Ctrl Pts',(0.295666916358993,2.13244554352947,1.69866831529816));
#7979=CARTESIAN_POINT('Ctrl Pts',(0.334462173546018,2.08241679279878,1.62362518920275));
#7980=CARTESIAN_POINT('Ctrl Pts',(0.37396801784684,2.03147169846925,1.5472075477091));
#7981=CARTESIAN_POINT('Ctrl Pts',(0.416996481486242,1.98136139430518,1.47204209146369));
#7982=CARTESIAN_POINT('Ctrl Pts',(0.463394917007396,1.93238346209606,1.39857519315075));
#7983=CARTESIAN_POINT('Ctrl Pts',(0.509952064994455,1.88323799388473,1.32485699083451));
#7984=CARTESIAN_POINT('Ctrl Pts',(0.559901978823743,1.83523307312259,1.25284960969209));
#7985=CARTESIAN_POINT('Ctrl Pts',(0.61304003087826,1.78866108372809,1.18299162560114));
#7986=CARTESIAN_POINT('Ctrl Pts',(0.665787938741144,1.7424310299231,1.11364654489445));
#7987=CARTESIAN_POINT('Ctrl Pts',(0.7216769274211,1.69761333374573,1.04642000062921));
#7988=CARTESIAN_POINT('Ctrl Pts',(0.780462741600913,1.65447985596396,0.981719783957342));
#7989=CARTESIAN_POINT('Ctrl Pts',(0.812363978587457,1.63107265618339,0.94660898428692));
#7990=CARTESIAN_POINT('Ctrl Pts',(0.845117571042113,1.60816116121764,0.912241741838704));
#7991=CARTESIAN_POINT('Ctrl Pts',(0.878679656437195,1.58578643762058,0.878679656443523));
#7992=CARTESIAN_POINT('Ctrl Pts',(0.939623834032286,1.5451569858899,0.81773547884825));
#7993=CARTESIAN_POINT('Ctrl Pts',(1.00320476382018,1.50628629523561,0.759429442867531));
#7994=CARTESIAN_POINT('Ctrl Pts',(1.06906511674383,1.46936136414145,0.704042046226923));
#7995=CARTESIAN_POINT('Ctrl Pts',(1.13401679288924,1.43294588715637,0.649418830749942));
#7996=CARTESIAN_POINT('Ctrl Pts',(1.20118487255339,1.39842304472447,0.597634567102668));
#7997=CARTESIAN_POINT('Ctrl Pts',(1.27020274844165,1.36594747051745,0.548921205792607));
#7998=CARTESIAN_POINT('Ctrl Pts',(1.29106618452312,1.35613041866012,0.534195628006762));
#7999=CARTESIAN_POINT('Ctrl Pts',(1.31209851802467,1.34650026102754,0.519750391558022));
#8000=CARTESIAN_POINT('Ctrl Pts',(1.3332893009369,1.3370607753856,0.505591163095238));
#8001=CARTESIAN_POINT('Ctrl Pts',(1.40304216122485,1.30598919459976,0.458983791916883));
#8002=CARTESIAN_POINT('Ctrl Pts',(1.47451101335865,1.27698633608189,0.415479504140389));
#8003=CARTESIAN_POINT('Ctrl Pts',(1.54728392298132,1.2501365858477,0.375204878789289));
#8004=CARTESIAN_POINT('Ctrl Pts',(1.6189678129455,1.22368863218839,0.335532948300506));
#8005=CARTESIAN_POINT('Ctrl Pts',(1.69191651554027,1.19932988332671,0.298994825008044));
#8006=CARTESIAN_POINT('Ctrl Pts',(1.76573202997917,1.17711308480008,0.265669627218012));
#8007=CARTESIAN_POINT('Ctrl Pts',(1.7943486915323,1.16850011760662,0.25275017642779));
#8008=CARTESIAN_POINT('Ctrl Pts',(1.82309562385311,1.1602087688809,0.240313153339156));
#8009=CARTESIAN_POINT('Ctrl Pts',(1.85194970290092,1.15224093496666,0.228361402467719));
#8010=CARTESIAN_POINT('Ctrl Pts',(1.92681734773312,1.13156680571843,0.197350208595171));
#8011=CARTESIAN_POINT('Ctrl Pts',(2.00240402323548,1.11307311036835,0.169609665569678));
#8012=CARTESIAN_POINT('Ctrl Pts',(2.07829168346366,1.0967409658162,0.145111448740912));
#8013=CARTESIAN_POINT('Ctrl Pts',(2.1533186437959,1.08059405658523,0.120891084893932));
#8014=CARTESIAN_POINT('Ctrl Pts',(2.22863938575769,1.06655990421167,0.0998398563328707));
#8015=CARTESIAN_POINT('Ctrl Pts',(2.30386395080449,1.05459313848649,0.0818897077442118));
#8016=CARTESIAN_POINT('Ctrl Pts',(2.34085687225118,1.04870828392911,0.073062425907705));
#8017=CARTESIAN_POINT('Ctrl Pts',(2.37782678934611,1.04332298107526,0.0649844716264338));
#8018=CARTESIAN_POINT('Ctrl Pts',(2.41472903395,1.03842943918508,0.0576441587906312));
#8019=CARTESIAN_POINT('Ctrl Pts',(2.49108956629483,1.0283034030104,0.042455104527505));
#8020=CARTESIAN_POINT('Ctrl Pts',(2.56715660289795,1.02028466539927,0.0304269981085615));
#8021=CARTESIAN_POINT('Ctrl Pts',(2.64254542443167,1.01425486370543,0.0213822955655115));
#8022=CARTESIAN_POINT('Ctrl Pts',(2.71756307800288,1.00825474902835,0.0123821235476259));
#8023=CARTESIAN_POINT('Ctrl Pts',(2.79190886874558,1.00422392401895,0.00633588603122752));
#8024=CARTESIAN_POINT('Ctrl Pts',(2.86523455710691,1.00202281702848,0.00303422554411182));
#8025=CARTESIAN_POINT('Ctrl Pts',(2.91057092540427,1.00066189973725,0.000992849606404026));
#8026=CARTESIAN_POINT('Ctrl Pts',(2.9555179590852,1.,4.32307362231973E-16));
#8027=CARTESIAN_POINT('Ctrl Pts',(3.,1.,4.30211422042248E-16));
#8028=CARTESIAN_POINT('Origin',(3.,0.,3.));
#8029=CARTESIAN_POINT('Ctrl Pts',(3.03576608295941E-15,17.,3.));
#8030=CARTESIAN_POINT('Ctrl Pts',(3.03576608295941E-15,17.0474104599683,
2.92888431005161));
#8031=CARTESIAN_POINT('Ctrl Pts',(0.00256260572602146,17.0956092531321,
2.85658612030995));
#8032=CARTESIAN_POINT('Ctrl Pts',(0.00789300779636848,17.1443884623905,
2.78341730642625));
#8033=CARTESIAN_POINT('Ctrl Pts',(0.0134303300771068,17.1950612256641,2.70740816152003));
#8034=CARTESIAN_POINT('Ctrl Pts',(0.0219548895035096,17.2463602872818,2.63045956909748));
#8035=CARTESIAN_POINT('Ctrl Pts',(0.0336568479302721,17.298028717305,2.55295692406671));
#8036=CARTESIAN_POINT('Ctrl Pts',(0.0452703251351092,17.3493064703442,2.4760402945117));
#8037=CARTESIAN_POINT('Ctrl Pts',(0.060013382196742,17.400947741296,2.39857838808785));
#8038=CARTESIAN_POINT('Ctrl Pts',(0.0780305517735398,17.45268119977,2.32097820038038));
#8039=CARTESIAN_POINT('Ctrl Pts',(0.096477531909466,17.5056487914201,2.241526812909));
#8040=CARTESIAN_POINT('Ctrl Pts',(0.118356947686836,17.5587127594134,2.16193086092256));
#8041=CARTESIAN_POINT('Ctrl Pts',(0.143777839385334,17.6115646614724,2.08265300783728));
#8042=CARTESIAN_POINT('Ctrl Pts',(0.16858162392888,17.6631335524042,2.00529967144278));
#8043=CARTESIAN_POINT('Ctrl Pts',(0.196756877630525,17.7145001497702,1.92824977539678));
#8044=CARTESIAN_POINT('Ctrl Pts',(0.22836140245791,17.7653668647535,1.85194970292461));
#8045=CARTESIAN_POINT('Ctrl Pts',(0.260268802395104,17.8167210498687,1.77491842525461));
#8046=CARTESIAN_POINT('Ctrl Pts',(0.295666916346865,17.8675544564909,1.69866831532359));
#8047=CARTESIAN_POINT('Ctrl Pts',(0.334462173531395,17.9175832072206,1.62362518923105));
#8048=CARTESIAN_POINT('Ctrl Pts',(0.373968017828607,17.9685283015477,1.54720754774238));
#8049=CARTESIAN_POINT('Ctrl Pts',(0.416996481464004,18.0186386057092,1.47204209150158));
#8050=CARTESIAN_POINT('Ctrl Pts',(0.463394916980843,18.0676165379158,1.39857519319278));
#8051=CARTESIAN_POINT('Ctrl Pts',(0.509952064963104,18.1167620061241,1.32485699088143));
#8052=CARTESIAN_POINT('Ctrl Pts',(0.559901978787216,18.1647669268832,1.25284960974343));
#8053=CARTESIAN_POINT('Ctrl Pts',(0.613040030836259,18.2113389162748,1.18299162565633));
#8054=CARTESIAN_POINT('Ctrl Pts',(0.665787938693175,18.2575689700764,1.11364654495418));
#8055=CARTESIAN_POINT('Ctrl Pts',(0.721676927366807,18.3023866662505,1.04642000069289));
#8056=CARTESIAN_POINT('Ctrl Pts',(0.780462741540019,18.3455201440292,0.981719784024349));
#8057=CARTESIAN_POINT('Ctrl Pts',(0.812363978541447,18.3689273438216,0.946608984335411));
#8058=CARTESIAN_POINT('Ctrl Pts',(0.845117571011892,18.3918388387988,0.912241741869355));
#8059=CARTESIAN_POINT('Ctrl Pts',(0.878679656423601,18.4142135624066,0.878679656457116));
#8060=CARTESIAN_POINT('Ctrl Pts',(0.9396238340126,18.4548430141327,0.817735478867155));
#8061=CARTESIAN_POINT('Ctrl Pts',(1.00320476379401,18.4937137047826,0.759429442891159));
#8062=CARTESIAN_POINT('Ctrl Pts',(1.06906511671085,18.5306386358726,0.704042046254655));
#8063=CARTESIAN_POINT('Ctrl Pts',(1.13401679284968,18.5670541128536,0.649418830781623));
#8064=CARTESIAN_POINT('Ctrl Pts',(1.20118487250695,18.6015769552817,0.597634567137708));
#8065=CARTESIAN_POINT('Ctrl Pts',(1.27020274838811,18.6340525294853,0.548921205830396));
#8066=CARTESIAN_POINT('Ctrl Pts',(1.29106618448382,18.6438695813493,0.534195628033821));
#8067=CARTESIAN_POINT('Ctrl Pts',(1.31209851799985,18.6534997389882,0.519750391574734));
#8068=CARTESIAN_POINT('Ctrl Pts',(1.33328930092677,18.6629392246363,0.505591163102001));
#8069=CARTESIAN_POINT('Ctrl Pts',(1.40304216120713,18.6940108054174,0.458983791928317));
#8070=CARTESIAN_POINT('Ctrl Pts',(1.47451101333297,18.7230136639309,0.415479504155824));
#8071=CARTESIAN_POINT('Ctrl Pts',(1.54728392294744,18.7498634141611,0.375204878808038));
#8072=CARTESIAN_POINT('Ctrl Pts',(1.61896781290465,18.7763113678169,0.335532948321906));
#8073=CARTESIAN_POINT('Ctrl Pts',(1.69191651549224,18.8006701166755,0.298994825031525));
#8074=CARTESIAN_POINT('Ctrl Pts',(1.76573202992384,18.8228869151994,0.265669627242993));
#8075=CARTESIAN_POINT('Ctrl Pts',(1.79434869149374,18.8314998823977,0.252750176444498));
#8076=CARTESIAN_POINT('Ctrl Pts',(1.82309562383149,18.8397912311279,0.240313153348166));
#8077=CARTESIAN_POINT('Ctrl Pts',(1.85194970289636,18.8477590650462,0.228361402469609));
#8078=CARTESIAN_POINT('Ctrl Pts',(1.92681734772258,18.8684331942912,0.197350208599391));
#8079=CARTESIAN_POINT('Ctrl Pts',(2.00240402321878,18.8869268896385,0.169609665575742));
#8080=CARTESIAN_POINT('Ctrl Pts',(2.07829168344069,18.9032590341882,0.145111448748326));
#8081=CARTESIAN_POINT('Ctrl Pts',(2.15331864376942,18.9194059434174,0.120891084901816));
#8082=CARTESIAN_POINT('Ctrl Pts',(2.22863938572761,18.9334400957895,0.0998398563409679));
#8083=CARTESIAN_POINT('Ctrl Pts',(2.30386395077078,18.9454068615136,0.0818897077522566));
#8084=CARTESIAN_POINT('Ctrl Pts',(2.34085687222851,18.9512917160724,0.0730624259126641));
#8085=CARTESIAN_POINT('Ctrl Pts',(2.37782678933445,18.9566770189275,0.064984471628763));
#8086=CARTESIAN_POINT('Ctrl Pts',(2.41472903394929,18.9615705608186,0.0576441587907723));
#8087=CARTESIAN_POINT('Ctrl Pts',(2.49108956629229,18.971696596992,0.0424551045279914));
#8088=CARTESIAN_POINT('Ctrl Pts',(2.5671566028935,18.9797153346022,0.0304269981092594));
#8089=CARTESIAN_POINT('Ctrl Pts',(2.6425454244253,18.9857451362954,0.0213822955662767));
#8090=CARTESIAN_POINT('Ctrl Pts',(2.71756307799794,18.9917452509722,0.0123821235480557));
#8091=CARTESIAN_POINT('Ctrl Pts',(2.79190886874201,18.9957760759813,0.00633588603144333));
#8092=CARTESIAN_POINT('Ctrl Pts',(2.86523455710467,18.9979771829716,0.00303422554421298));
#8093=CARTESIAN_POINT('Ctrl Pts',(2.91057092540278,18.9993381002628,0.00099284960643686));
#8094=CARTESIAN_POINT('Ctrl Pts',(2.95551795908446,19.,4.10966695472611E-16));
#8095=CARTESIAN_POINT('Ctrl Pts',(3.,19.,4.09394740330526E-16));
#8096=CARTESIAN_POINT('Ctrl Pts',(3.03576608295941E-15,17.,3.));
#8097=CARTESIAN_POINT('Ctrl Pts',(3.03576608295941E-15,17.,3.));
#8098=CARTESIAN_POINT('Ctrl Pts',(3.03576608295941E-15,17.,3.));
#8099=CARTESIAN_POINT('Ctrl Pts',(3.03576608295941E-15,17.3927698781495,
2.73815341456842));
#8100=CARTESIAN_POINT('Ctrl Pts',(3.03576608295941E-15,17.3272394485207,
2.67276055148023));
#8101=CARTESIAN_POINT('Ctrl Pts',(3.03576608295941E-15,17.261846585433,
2.60723012185167));
#8102=CARTESIAN_POINT('Ctrl Pts',(0.0780819733729517,17.7852436612328,2.4765042258443));
#8103=CARTESIAN_POINT('Ctrl Pts',(0.0534547928105969,17.6621325260181,2.33786747398127));
#8104=CARTESIAN_POINT('Ctrl Pts',(0.078081973373239,17.5234957741552,2.21475633876651));
#8105=CARTESIAN_POINT('Ctrl Pts',(0.378640831559335,18.5108569329577,1.99276204469534));
#8106=CARTESIAN_POINT('Ctrl Pts',(0.262498668752349,18.2973809645908,1.70261903540989));
#8107=CARTESIAN_POINT('Ctrl Pts',(0.378640831559047,18.0072379553052,1.48914306704296));
#8108=CARTESIAN_POINT('Ctrl Pts',(0.600999480518793,18.8436401676381,1.77090655490794));
#8109=CARTESIAN_POINT('Ctrl Pts',(0.426179068760061,18.6096929590562,1.39030704094399));
#8110=CARTESIAN_POINT('Ctrl Pts',(0.60099948051881,18.2290934450919,1.15635983236191));
#8111=CARTESIAN_POINT('Ctrl Pts',(1.01751974440115,19.2601604315204,1.49322637898639));
#8112=CARTESIAN_POINT('Ctrl Pts',(0.758629502279248,19.0328116624031,0.967188337596794));
#8113=CARTESIAN_POINT('Ctrl Pts',(1.01751974440114,18.5067736210137,0.73983956847958));
#8114=CARTESIAN_POINT('Ctrl Pts',(1.17003062953338,19.3853228802178,1.40978474652141));
#8115=CARTESIAN_POINT('Ctrl Pts',(0.890465342507537,19.1713650768823,0.828634923117523));
#8116=CARTESIAN_POINT('Ctrl Pts',(1.17003062953343,18.5902152534786,0.614677119782121));
#8117=CARTESIAN_POINT('Ctrl Pts',(1.49654797234901,19.6034947935974,1.26433680426841));
#8118=CARTESIAN_POINT('Ctrl Pts',(1.19617972490727,19.4312379467422,0.568762053258002));
#8119=CARTESIAN_POINT('Ctrl Pts',(1.49654797234896,18.7356631957316,0.39650520640261));
#8120=CARTESIAN_POINT('Ctrl Pts',(1.67054638748898,19.6964988840292,1.20233407731388));
#8121=CARTESIAN_POINT('Ctrl Pts',(1.37150740946681,19.5512180078449,0.44878199215517));
#8122=CARTESIAN_POINT('Ctrl Pts',(1.67054638748895,18.7976659226863,0.303501115970801));
#8123=CARTESIAN_POINT('Ctrl Pts',(2.03335301832048,19.8467783110385,1.10214779264098));
#8124=CARTESIAN_POINT('Ctrl Pts',(1.77061607196564,19.7602462691991,0.23975373080078));
#8125=CARTESIAN_POINT('Ctrl Pts',(2.03335301832051,18.8978522073589,0.153221688961482));
#8126=CARTESIAN_POINT('Ctrl Pts',(2.22215230220244,19.9040499475952,1.06396670160318));
#8127=CARTESIAN_POINT('Ctrl Pts',(1.99384856658386,19.846483677443,0.153516322557005));
#8128=CARTESIAN_POINT('Ctrl Pts',(2.22215230220245,18.9360332983968,0.0959500524047733));
#8129=CARTESIAN_POINT('Ctrl Pts',(2.60730576570079,19.9806617348242,1.0128921767839));
#8130=CARTESIAN_POINT('Ctrl Pts',(2.47990445629241,19.9677707039963,0.0322292960037199));
#8131=CARTESIAN_POINT('Ctrl Pts',(2.60730576570078,18.9871078232161,0.019338265175845));
#8132=CARTESIAN_POINT('Ctrl Pts',(2.80364823760678,20.,1.00000000000406));
#8133=CARTESIAN_POINT('Ctrl Pts',(2.73794660445215,19.9999999999036,9.6231459771065E-11));
#8134=CARTESIAN_POINT('Ctrl Pts',(2.80364823760679,18.9999999999964,2.6337286310765E-16));
#8135=CARTESIAN_POINT('Ctrl Pts',(3.00000000000001,20.,1.));
#8136=CARTESIAN_POINT('Ctrl Pts',(3.00000000000001,20.,4.33680868994202E-16));
#8137=CARTESIAN_POINT('Ctrl Pts',(3.00000000000001,19.,4.33680868994202E-16));
#8138=CARTESIAN_POINT('Ctrl Pts',(3.03576608295941E-15,17.,3.));
#8139=CARTESIAN_POINT('Ctrl Pts',(3.03576608295941E-15,17.0711156899457,
2.95258954003619));
#8140=CARTESIAN_POINT('Ctrl Pts',(0.00256260572580192,17.1434138796846,
2.90439074687688));
#8141=CARTESIAN_POINT('Ctrl Pts',(0.00789300779570026,17.2165826935654,
2.85561153762288));
#8142=CARTESIAN_POINT('Ctrl Pts',(0.0134303300763668,17.292591838474,2.80493877435033));
#8143=CARTESIAN_POINT('Ctrl Pts',(0.0219548895028765,17.3695404308989,2.75363971273349));
#8144=CARTESIAN_POINT('Ctrl Pts',(0.0336568479299423,17.447043075932,2.70197128271114));
#8145=CARTESIAN_POINT('Ctrl Pts',(0.0452703251346278,17.5239597054864,2.65069352967465));
#8146=CARTESIAN_POINT('Ctrl Pts',(0.0600133821960582,17.6014216119095,2.5990522587256));
#8147=CARTESIAN_POINT('Ctrl Pts',(0.0780305517725823,17.6790217996161,2.54731880025418));
#8148=CARTESIAN_POINT('Ctrl Pts',(0.096477531908571,17.7584731870881,2.49435120860583));
#8149=CARTESIAN_POINT('Ctrl Pts',(0.118356947686057,17.8380691390751,2.44128724061414));
#8150=CARTESIAN_POINT('Ctrl Pts',(0.143777839384695,17.9173469921609,2.38843533855662));
#8151=CARTESIAN_POINT('Ctrl Pts',(0.16858162393037,17.9947003285621,2.33686644762216));
#8152=CARTESIAN_POINT('Ctrl Pts',(0.196756877634709,18.0717502246147,2.28549985025348));
#8153=CARTESIAN_POINT('Ctrl Pts',(0.228361402465331,18.1480502970933,2.23463313526752));
#8154=CARTESIAN_POINT('Ctrl Pts',(0.260268802404464,18.2250815747666,2.18327895015179));
#8155=CARTESIAN_POINT('Ctrl Pts',(0.295666916358385,18.3013316847006,2.13244554352882));
#8156=CARTESIAN_POINT('Ctrl Pts',(0.33446217354523,18.3763748107958,2.08241679279834));
#8157=CARTESIAN_POINT('Ctrl Pts',(0.373968017845851,18.4527924522892,2.03147169846905));
#8158=CARTESIAN_POINT('Ctrl Pts',(0.416996481485008,18.5279579085343,1.98136139430522));
#8159=CARTESIAN_POINT('Ctrl Pts',(0.463394917005885,18.601424806847,1.93238346209633));
#8160=CARTESIAN_POINT('Ctrl Pts',(0.509952064992632,18.6751430091629,1.88323799388526));
#8161=CARTESIAN_POINT('Ctrl Pts',(0.559901978821571,18.7471503903049,1.83523307312339));
#8162=CARTESIAN_POINT('Ctrl Pts',(0.613040030875714,18.8170083743956,1.78866108372913));
#8163=CARTESIAN_POINT('Ctrl Pts',(0.665787938738282,18.886353455102,1.74243102992433));
#8164=CARTESIAN_POINT('Ctrl Pts',(0.721676927417906,18.9535799993671,1.69761333374714));
#8165=CARTESIAN_POINT('Ctrl Pts',(0.78046274159738,19.0182802160388,1.65447985596554));
#8166=CARTESIAN_POINT('Ctrl Pts',(0.812363978584929,19.0533910157104,1.63107265618419));
#8167=CARTESIAN_POINT('Ctrl Pts',(0.845117571040652,19.0877582581598,1.60816116121768));
#8168=CARTESIAN_POINT('Ctrl Pts',(0.878679656436859,19.1213203435561,1.5857864376199));
#8169=CARTESIAN_POINT('Ctrl Pts',(0.939623834031898,19.1822645211514,1.54515698588932));
#8170=CARTESIAN_POINT('Ctrl Pts',(1.00320476381972,19.2405705571321,1.50628629523513));
#8171=CARTESIAN_POINT('Ctrl Pts',(1.06906511674329,19.2959579537726,1.46936136414105));
#8172=CARTESIAN_POINT('Ctrl Pts',(1.1340167928887,19.3505811692496,1.43294588715602));
#8173=CARTESIAN_POINT('Ctrl Pts',(1.20118487255285,19.4023654328969,1.39842304472417));
#8174=CARTESIAN_POINT('Ctrl Pts',(1.27020274844112,19.451078794207,1.36594747051719));
#8175=CARTESIAN_POINT('Ctrl Pts',(1.29106618452271,19.465804371993,1.35613041865982));
#8176=CARTESIAN_POINT('Ctrl Pts',(1.31209851802438,19.4802496084418,1.3465002610272));
#8177=CARTESIAN_POINT('Ctrl Pts',(1.33328930093672,19.4944088369046,1.33706077538523));
#8178=CARTESIAN_POINT('Ctrl Pts',(1.4030421612246,19.541016208083,1.30598919459948));
#8179=CARTESIAN_POINT('Ctrl Pts',(1.4745110133583,19.5845204958594,1.27698633608169));
#8180=CARTESIAN_POINT('Ctrl Pts',(1.54728392298085,19.6247951212105,1.25013658584758));
#8181=CARTESIAN_POINT('Ctrl Pts',(1.61896781294514,19.6644670516993,1.22368863218826));
#8182=CARTESIAN_POINT('Ctrl Pts',(1.69191651554001,19.7010051749918,1.19932988332658));
#8183=CARTESIAN_POINT('Ctrl Pts',(1.765732029979,19.7343303727819,1.17711308479995));
#8184=CARTESIAN_POINT('Ctrl Pts',(1.79434869153217,19.7472498235722,1.16850011760649));
#8185=CARTESIAN_POINT('Ctrl Pts',(1.82309562385302,19.7596868466608,1.16020876888076));
#8186=CARTESIAN_POINT('Ctrl Pts',(1.85194970290088,19.7716385975323,1.15224093496652));
#8187=CARTESIAN_POINT('Ctrl Pts',(1.92681734773308,19.8026497914048,1.13156680571831));
#8188=CARTESIAN_POINT('Ctrl Pts',(2.00240402323545,19.8303903344303,1.11307311036825));
#8189=CARTESIAN_POINT('Ctrl Pts',(2.07829168346365,19.8548885512591,1.09674096581611));
#8190=CARTESIAN_POINT('Ctrl Pts',(2.15331864379595,19.8791089151061,1.08059405658516));
#8191=CARTESIAN_POINT('Ctrl Pts',(2.22863938575779,19.9001601436672,1.0665599042116));
#8192=CARTESIAN_POINT('Ctrl Pts',(2.30386395080465,19.9181102922558,1.05459313848643));
#8193=CARTESIAN_POINT('Ctrl Pts',(2.34085687225129,19.9269375740923,1.04870828392907));
#8194=CARTESIAN_POINT('Ctrl Pts',(2.37782678934616,19.9350155283736,1.04332298107523));
#8195=CARTESIAN_POINT('Ctrl Pts',(2.41472903394999,19.9423558412094,1.03842943918506));
#8196=CARTESIAN_POINT('Ctrl Pts',(2.49108956629502,19.9575448954725,1.02830340301036));
#8197=CARTESIAN_POINT('Ctrl Pts',(2.56715660289833,19.9695730018915,1.02028466539922));
#8198=CARTESIAN_POINT('Ctrl Pts',(2.64254542443223,19.9786177044346,1.01425486370538));
#8199=CARTESIAN_POINT('Ctrl Pts',(2.71756307800367,19.9876178764525,1.00825474902829));
#8200=CARTESIAN_POINT('Ctrl Pts',(2.7919088687466,19.9936641139688,1.0042239240189));
#8201=CARTESIAN_POINT('Ctrl Pts',(2.86523455710816,19.9969657744559,1.00202281702844));
#8202=CARTESIAN_POINT('Ctrl Pts',(2.91057092540509,19.9990071503936,1.00066189973724));
#8203=CARTESIAN_POINT('Ctrl Pts',(2.95551795908561,20.,1.));
#8204=CARTESIAN_POINT('Ctrl Pts',(3.,20.,1.));
#8205=CARTESIAN_POINT('Origin',(3.,17.,0.));
#8206=CARTESIAN_POINT('',(0.,0.,0.));
#8207=CARTESIAN_POINT('Origin',(0.,0.500000000000011,0.));
#8208=CARTESIAN_POINT('',(1.16341445918999E-16,0.500000000000011,0.95));
#8209=CARTESIAN_POINT('',(-1.16341445918999E-16,0.500000000000011,-0.95));
#8210=CARTESIAN_POINT('Origin',(0.,0.500000000000011,0.));
#8211=CARTESIAN_POINT('Origin',(0.,0.500000000000011,0.));
#8212=CARTESIAN_POINT('',(-5.51091059616293E-17,6.93889390390723E-17,-0.449999999999987));
#8213=CARTESIAN_POINT('',(-1.16341445918999E-16,0.500000000000011,-0.95));
#8214=CARTESIAN_POINT('Origin',(0.,0.,0.));
#8215=CARTESIAN_POINT('Origin',(0.,19.75,0.));
#8216=CARTESIAN_POINT('',(-1.46957615897682E-16,20.,-1.2));
#8217=CARTESIAN_POINT('Origin',(0.,20.,0.));
#8218=CARTESIAN_POINT('',(-1.16341445918999E-16,19.75,-0.95));
#8219=CARTESIAN_POINT('Origin',(-1.46957615897682E-16,19.75,-1.2));
#8220=CARTESIAN_POINT('',(1.16341445918999E-16,19.75,0.95));
#8221=CARTESIAN_POINT('Origin',(0.,19.75,0.));
#8222=CARTESIAN_POINT('Origin',(0.,19.75,0.));
#8223=CARTESIAN_POINT('Origin',(0.,22.,0.));
#8224=CARTESIAN_POINT('',(-1.83697019872103E-16,20.,1.5));
#8225=CARTESIAN_POINT('Origin',(0.,20.,0.));
#8226=CARTESIAN_POINT('',(-1.83697019872103E-16,22.,1.5));
#8227=CARTESIAN_POINT('',(-1.83697019872103E-16,22.,1.5));
#8228=CARTESIAN_POINT('Origin',(0.,22.,0.));
#8229=CARTESIAN_POINT('Origin',(0.,20.,0.));
#8230=CARTESIAN_POINT('',(-1.16341445918999E-16,20.,0.95));
#8231=CARTESIAN_POINT('Origin',(0.,0.,0.));
#8232=CARTESIAN_POINT('Origin',(0.,22.,0.));
#8233=CARTESIAN_POINT('Origin',(0.,20.,0.));
#8234=CARTESIAN_POINT('',(0.,2.06714678040394,5.04940014639406));
#8235=CARTESIAN_POINT('',(0.,0.,0.));
#8236=CARTESIAN_POINT('',(16.3800838043624,-21.5776969958194,-17.9647933668443));
#8237=CARTESIAN_POINT('',(124.015324779566,-22.547174183131,-16.3062537938064));
#8238=CARTESIAN_POINT('',(163.181491697674,14.0970105931771,-1.10371106078592));
#8239=UNCERTAINTY_MEASURE_WITH_UNIT(LENGTH_MEASURE(0.01),#8251,
'DISTANCE_ACCURACY_VALUE',
'Maximum model space distance between geometric entities at asserted c
onnectivities');
#8240=UNCERTAINTY_MEASURE_WITH_UNIT(LENGTH_MEASURE(0.01),#8251,
'DISTANCE_ACCURACY_VALUE',
'Maximum model space distance between geometric entities at asserted c
onnectivities');
#8241=UNCERTAINTY_MEASURE_WITH_UNIT(LENGTH_MEASURE(0.01),#8251,
'DISTANCE_ACCURACY_VALUE',
'Maximum model space distance between geometric entities at asserted c
onnectivities');
#8242=UNCERTAINTY_MEASURE_WITH_UNIT(LENGTH_MEASURE(0.01),#8251,
'DISTANCE_ACCURACY_VALUE',
'Maximum model space distance between geometric entities at asserted c
onnectivities');
#8243=UNCERTAINTY_MEASURE_WITH_UNIT(LENGTH_MEASURE(0.01),#8251,
'DISTANCE_ACCURACY_VALUE',
'Maximum model space distance between geometric entities at asserted c
onnectivities');
#8244=UNCERTAINTY_MEASURE_WITH_UNIT(LENGTH_MEASURE(0.01),#8251,
'DISTANCE_ACCURACY_VALUE',
'Maximum model space distance between geometric entities at asserted c
onnectivities');
#8245=(
GEOMETRIC_REPRESENTATION_CONTEXT(3)
GLOBAL_UNCERTAINTY_ASSIGNED_CONTEXT((#8239))
GLOBAL_UNIT_ASSIGNED_CONTEXT((#8251,#8253,#8254))
REPRESENTATION_CONTEXT('','3D')
);
#8246=(
GEOMETRIC_REPRESENTATION_CONTEXT(3)
GLOBAL_UNCERTAINTY_ASSIGNED_CONTEXT((#8240))
GLOBAL_UNIT_ASSIGNED_CONTEXT((#8251,#8253,#8254))
REPRESENTATION_CONTEXT('','3D')
);
#8247=(
GEOMETRIC_REPRESENTATION_CONTEXT(3)
GLOBAL_UNCERTAINTY_ASSIGNED_CONTEXT((#8241))
GLOBAL_UNIT_ASSIGNED_CONTEXT((#8251,#8253,#8254))
REPRESENTATION_CONTEXT('','3D')
);
#8248=(
GEOMETRIC_REPRESENTATION_CONTEXT(3)
GLOBAL_UNCERTAINTY_ASSIGNED_CONTEXT((#8242))
GLOBAL_UNIT_ASSIGNED_CONTEXT((#8251,#8253,#8254))
REPRESENTATION_CONTEXT('','3D')
);
#8249=(
GEOMETRIC_REPRESENTATION_CONTEXT(3)
GLOBAL_UNCERTAINTY_ASSIGNED_CONTEXT((#8243))
GLOBAL_UNIT_ASSIGNED_CONTEXT((#8251,#8253,#8254))
REPRESENTATION_CONTEXT('','3D')
);
#8250=(
GEOMETRIC_REPRESENTATION_CONTEXT(3)
GLOBAL_UNCERTAINTY_ASSIGNED_CONTEXT((#8244))
GLOBAL_UNIT_ASSIGNED_CONTEXT((#8251,#8253,#8254))
REPRESENTATION_CONTEXT('','3D')
);
#8251=(
LENGTH_UNIT()
NAMED_UNIT(*)
SI_UNIT(.MILLI.,.METRE.)
);
#8252=(
LENGTH_UNIT()
NAMED_UNIT(*)
SI_UNIT($,.METRE.)
);
#8253=(
NAMED_UNIT(*)
PLANE_ANGLE_UNIT()
SI_UNIT($,.RADIAN.)
);
#8254=(
NAMED_UNIT(*)
SI_UNIT($,.STERADIAN.)
SOLID_ANGLE_UNIT()
);
#8255=SHAPE_DEFINITION_REPRESENTATION(#8260,#8270);
#8256=SHAPE_DEFINITION_REPRESENTATION(#8261,#8271);
#8257=SHAPE_DEFINITION_REPRESENTATION(#8262,#8272);
#8258=SHAPE_DEFINITION_REPRESENTATION(#8263,#8273);
#8259=SHAPE_DEFINITION_REPRESENTATION(#8264,#8274);
#8260=PRODUCT_DEFINITION_SHAPE('',$,#8276);
#8261=PRODUCT_DEFINITION_SHAPE('',$,#8277);
#8262=PRODUCT_DEFINITION_SHAPE('',$,#8278);
#8263=PRODUCT_DEFINITION_SHAPE('',$,#8279);
#8264=PRODUCT_DEFINITION_SHAPE('',$,#8280);
#8265=PRODUCT_DEFINITION_SHAPE($,$,#26);
#8266=PRODUCT_DEFINITION_SHAPE($,$,#27);
#8267=PRODUCT_DEFINITION_SHAPE($,$,#28);
#8268=PRODUCT_DEFINITION_SHAPE($,$,#29);
#8269=PRODUCT_DEFINITION_SHAPE($,$,#30);
#8270=SHAPE_REPRESENTATION('',(#2733,#3012,#3013,#3014,#3015,#3016),#8245);
#8271=SHAPE_REPRESENTATION('',(#2734),#8246);
#8272=SHAPE_REPRESENTATION('',(#2785),#8247);
#8273=SHAPE_REPRESENTATION('',(#2889),#8248);
#8274=SHAPE_REPRESENTATION('',(#2995),#8249);
#8275=PRODUCT_DEFINITION_CONTEXT('part definition',#8292,'design');
#8276=PRODUCT_DEFINITION('2026-09-04-10-24-37-445','FullGlassesV1',#8281,
#8275);
#8277=PRODUCT_DEFINITION('2026-09-04-07-25-14-443','TransversalBeamV1',
#8282,#8275);
#8278=PRODUCT_DEFINITION('2026-09-04-07-26-01-204','BratV1Stanga',#8283,
#8275);
#8279=PRODUCT_DEFINITION('2026-09-04-07-23-24-861','BratV1Dreapta',#8284,
#8275);
#8280=PRODUCT_DEFINITION('2026-09-04-07-25-40-055','PIN',#8285,#8275);
#8281=PRODUCT_DEFINITION_FORMATION('',$,#8294);
#8282=PRODUCT_DEFINITION_FORMATION('',$,#8295);
#8283=PRODUCT_DEFINITION_FORMATION('',$,#8296);
#8284=PRODUCT_DEFINITION_FORMATION('',$,#8297);
#8285=PRODUCT_DEFINITION_FORMATION('',$,#8298);
#8286=PRODUCT_RELATED_PRODUCT_CATEGORY('FullGlassesV1','FullGlassesV1',
(#8294));
#8287=PRODUCT_RELATED_PRODUCT_CATEGORY('TransversalBeamV1',
'TransversalBeamV1',(#8295));
#8288=PRODUCT_RELATED_PRODUCT_CATEGORY('BratV1Stanga','BratV1Stanga',(#8296));
#8289=PRODUCT_RELATED_PRODUCT_CATEGORY('BratV1Dreapta','BratV1Dreapta',
(#8297));
#8290=PRODUCT_RELATED_PRODUCT_CATEGORY('PIN','PIN',(#8298));
#8291=APPLICATION_PROTOCOL_DEFINITION('international standard',
'automotive_design',2009,#8292);
#8292=APPLICATION_CONTEXT(
'Core Data for Automotive Mechanical Design Process');
#8293=PRODUCT_CONTEXT('part definition',#8292,'mechanical');
#8294=PRODUCT('2026-09-04-10-24-37-445','FullGlassesV1',$,(#8293));
#8295=PRODUCT('2026-09-04-07-25-14-443','TransversalBeamV1',
'STEP AP203',(#8293));
#8296=PRODUCT('2026-09-04-07-26-01-204','BratV1Stanga','STEP AP203',(#8293));
#8297=PRODUCT('2026-09-04-07-23-24-861','BratV1Dreapta','STEP AP203',(#8293));
#8298=PRODUCT('2026-09-04-07-25-40-055','PIN','STEP AP203',(#8293));
#8299=PRESENTATION_STYLE_ASSIGNMENT((#8300));
#8300=SURFACE_STYLE_USAGE(.BOTH.,#8301);
#8301=SURFACE_SIDE_STYLE('',(#8302));
#8302=SURFACE_STYLE_FILL_AREA(#8303);
#8303=FILL_AREA_STYLE('Steel - Satin',(#8304));
#8304=FILL_AREA_STYLE_COLOUR('Steel - Satin',#8305);
#8305=COLOUR_RGB('Steel - Satin',0.627450980392157,0.627450980392157,0.627450980392157);
ENDSEC;
END-ISO-10303-21;
