ISO-10303-21;
HEADER;
/* Generated by software containing ST-Developer
 * from STEP Tools, Inc. (www.steptools.com) 
 */

FILE_DESCRIPTION(
/* description */ ('STEP AP203'),
/* implementation_level */ '2;1');

FILE_NAME(
/* name */ 'DisplayPart.step',
/* time_stamp */ '2026-09-03T18:33:44+03:00',
/* author */ (''),
/* organization */ (''),
/* preprocessor_version */ 'ST-DEVELOPER v20.1',
/* originating_system */ 'Autodesk Translation Framework v15.8.0.0',
/* authorisation */ '');

FILE_SCHEMA (('AUTOMOTIVE_DESIGN { 1 0 10303 214 3 1 1 }'));
ENDSEC;

DATA;
#10=MECHANICAL_DESIGN_GEOMETRIC_PRESENTATION_REPRESENTATION('',(#50,#51,
#52,#53),#2831);
#11=ITEM_DEFINED_TRANSFORMATION($,$,#1786,#1891);
#12=ITEM_DEFINED_TRANSFORMATION($,$,#1824,#1892);
#13=ITEM_DEFINED_TRANSFORMATION($,$,#1854,#1893);
#14=ITEM_DEFINED_TRANSFORMATION($,$,#1884,#1894);
#15=(
REPRESENTATION_RELATIONSHIP($,$,#2851,#2850)
REPRESENTATION_RELATIONSHIP_WITH_TRANSFORMATION(#11)
SHAPE_REPRESENTATION_RELATIONSHIP()
);
#16=(
REPRESENTATION_RELATIONSHIP($,$,#2852,#2850)
REPRESENTATION_RELATIONSHIP_WITH_TRANSFORMATION(#12)
SHAPE_REPRESENTATION_RELATIONSHIP()
);
#17=(
REPRESENTATION_RELATIONSHIP($,$,#2853,#2850)
REPRESENTATION_RELATIONSHIP_WITH_TRANSFORMATION(#13)
SHAPE_REPRESENTATION_RELATIONSHIP()
);
#18=(
REPRESENTATION_RELATIONSHIP($,$,#2854,#2850)
REPRESENTATION_RELATIONSHIP_WITH_TRANSFORMATION(#14)
SHAPE_REPRESENTATION_RELATIONSHIP()
);
#19=CONTEXT_DEPENDENT_SHAPE_REPRESENTATION(#15,#2846);
#20=CONTEXT_DEPENDENT_SHAPE_REPRESENTATION(#16,#2847);
#21=CONTEXT_DEPENDENT_SHAPE_REPRESENTATION(#17,#2848);
#22=CONTEXT_DEPENDENT_SHAPE_REPRESENTATION(#18,#2849);
#23=NEXT_ASSEMBLY_USAGE_OCCURRENCE('eBom-FreeParts:1',
'eBom-FreeParts:1','eBom-FreeParts:1',#2856,#2857,'eBom-FreeParts:1');
#24=NEXT_ASSEMBLY_USAGE_OCCURRENCE('MirrorModule:1','MirrorModule:1',
'MirrorModule:1',#2856,#2858,'MirrorModule:1');
#25=NEXT_ASSEMBLY_USAGE_OCCURRENCE('Balama exterioara:1',
'Balama exterioara:1','Balama exterioara:1',#2856,#2859,
'Balama exterioara:1');
#26=NEXT_ASSEMBLY_USAGE_OCCURRENCE('Cover:1','Cover:1','Cover:1',#2856,
#2860,'Cover:1');
#27=CYLINDRICAL_SURFACE('',#1828,1.675);
#28=CYLINDRICAL_SURFACE('',#1853,3.25000000000001);
#29=CYLINDRICAL_SURFACE('',#1861,1.625);
#30=CIRCLE('',#1826,1.675);
#31=CIRCLE('',#1827,2.17500000000001);
#32=CIRCLE('',#1829,1.675);
#33=CIRCLE('',#1850,3.25000000000001);
#34=CIRCLE('',#1852,3.25000000000001);
#35=CIRCLE('',#1856,1.625);
#36=CIRCLE('',#1857,1.12499999999999);
#37=CIRCLE('',#1859,2.125);
#38=CIRCLE('',#1860,1.625);
#39=CONICAL_SURFACE('',#1825,1.675,0.785398163397452);
#40=CONICAL_SURFACE('',#1855,1.12499999999999,0.785398163397447);
#41=CONICAL_SURFACE('',#1858,1.625,0.785398163397444);
#42=SHAPE_REPRESENTATION_RELATIONSHIP('SRR','None',#2851,#46);
#43=SHAPE_REPRESENTATION_RELATIONSHIP('SRR','None',#2852,#47);
#44=SHAPE_REPRESENTATION_RELATIONSHIP('SRR','None',#2853,#48);
#45=SHAPE_REPRESENTATION_RELATIONSHIP('SRR','None',#2854,#49);
#46=ADVANCED_BREP_SHAPE_REPRESENTATION('',(#54),#2827);
#47=ADVANCED_BREP_SHAPE_REPRESENTATION('',(#55),#2828);
#48=ADVANCED_BREP_SHAPE_REPRESENTATION('',(#56),#2829);
#49=ADVANCED_BREP_SHAPE_REPRESENTATION('',(#57),#2830);
#50=STYLED_ITEM('',(#2879),#54);
#51=STYLED_ITEM('',(#2879),#55);
#52=STYLED_ITEM('',(#2879),#56);
#53=STYLED_ITEM('',(#2880),#57);
#54=MANIFOLD_SOLID_BREP('Body1',#1736);
#55=MANIFOLD_SOLID_BREP('Body1',#1737);
#56=MANIFOLD_SOLID_BREP('Body1',#1738);
#57=MANIFOLD_SOLID_BREP('Body1',#1739);
#58=FACE_BOUND('',#166,.T.);
#59=FACE_BOUND('',#171,.T.);
#60=FACE_BOUND('',#184,.T.);
#61=FACE_BOUND('',#185,.T.);
#62=FACE_BOUND('',#188,.T.);
#63=FACE_BOUND('',#210,.T.);
#64=FACE_BOUND('',#213,.T.);
#65=FACE_BOUND('',#217,.T.);
#66=FACE_BOUND('',#231,.T.);
#67=FACE_BOUND('',#233,.T.);
#68=FACE_BOUND('',#244,.T.);
#69=FACE_BOUND('',#246,.T.);
#70=FACE_BOUND('',#251,.T.);
#71=FACE_BOUND('',#258,.T.);
#72=FACE_OUTER_BOUND('',#164,.T.);
#73=FACE_OUTER_BOUND('',#165,.T.);
#74=FACE_OUTER_BOUND('',#167,.T.);
#75=FACE_OUTER_BOUND('',#168,.T.);
#76=FACE_OUTER_BOUND('',#169,.T.);
#77=FACE_OUTER_BOUND('',#170,.T.);
#78=FACE_OUTER_BOUND('',#172,.T.);
#79=FACE_OUTER_BOUND('',#173,.T.);
#80=FACE_OUTER_BOUND('',#174,.T.);
#81=FACE_OUTER_BOUND('',#175,.T.);
#82=FACE_OUTER_BOUND('',#176,.T.);
#83=FACE_OUTER_BOUND('',#177,.T.);
#84=FACE_OUTER_BOUND('',#178,.T.);
#85=FACE_OUTER_BOUND('',#179,.T.);
#86=FACE_OUTER_BOUND('',#180,.T.);
#87=FACE_OUTER_BOUND('',#181,.T.);
#88=FACE_OUTER_BOUND('',#182,.T.);
#89=FACE_OUTER_BOUND('',#183,.T.);
#90=FACE_OUTER_BOUND('',#186,.T.);
#91=FACE_OUTER_BOUND('',#187,.T.);
#92=FACE_OUTER_BOUND('',#189,.T.);
#93=FACE_OUTER_BOUND('',#190,.T.);
#94=FACE_OUTER_BOUND('',#191,.T.);
#95=FACE_OUTER_BOUND('',#192,.T.);
#96=FACE_OUTER_BOUND('',#193,.T.);
#97=FACE_OUTER_BOUND('',#194,.T.);
#98=FACE_OUTER_BOUND('',#195,.T.);
#99=FACE_OUTER_BOUND('',#196,.T.);
#100=FACE_OUTER_BOUND('',#197,.T.);
#101=FACE_OUTER_BOUND('',#198,.T.);
#102=FACE_OUTER_BOUND('',#199,.T.);
#103=FACE_OUTER_BOUND('',#200,.T.);
#104=FACE_OUTER_BOUND('',#201,.T.);
#105=FACE_OUTER_BOUND('',#202,.T.);
#106=FACE_OUTER_BOUND('',#203,.T.);
#107=FACE_OUTER_BOUND('',#204,.T.);
#108=FACE_OUTER_BOUND('',#205,.T.);
#109=FACE_OUTER_BOUND('',#206,.T.);
#110=FACE_OUTER_BOUND('',#207,.T.);
#111=FACE_OUTER_BOUND('',#208,.T.);
#112=FACE_OUTER_BOUND('',#209,.T.);
#113=FACE_OUTER_BOUND('',#211,.T.);
#114=FACE_OUTER_BOUND('',#212,.T.);
#115=FACE_OUTER_BOUND('',#214,.T.);
#116=FACE_OUTER_BOUND('',#215,.T.);
#117=FACE_OUTER_BOUND('',#216,.T.);
#118=FACE_OUTER_BOUND('',#218,.T.);
#119=FACE_OUTER_BOUND('',#219,.T.);
#120=FACE_OUTER_BOUND('',#220,.T.);
#121=FACE_OUTER_BOUND('',#221,.T.);
#122=FACE_OUTER_BOUND('',#222,.T.);
#123=FACE_OUTER_BOUND('',#223,.T.);
#124=FACE_OUTER_BOUND('',#224,.T.);
#125=FACE_OUTER_BOUND('',#225,.T.);
#126=FACE_OUTER_BOUND('',#226,.T.);
#127=FACE_OUTER_BOUND('',#227,.T.);
#128=FACE_OUTER_BOUND('',#228,.T.);
#129=FACE_OUTER_BOUND('',#229,.T.);
#130=FACE_OUTER_BOUND('',#230,.T.);
#131=FACE_OUTER_BOUND('',#232,.T.);
#132=FACE_OUTER_BOUND('',#234,.T.);
#133=FACE_OUTER_BOUND('',#235,.T.);
#134=FACE_OUTER_BOUND('',#236,.T.);
#135=FACE_OUTER_BOUND('',#237,.T.);
#136=FACE_OUTER_BOUND('',#238,.T.);
#137=FACE_OUTER_BOUND('',#239,.T.);
#138=FACE_OUTER_BOUND('',#240,.T.);
#139=FACE_OUTER_BOUND('',#241,.T.);
#140=FACE_OUTER_BOUND('',#242,.T.);
#141=FACE_OUTER_BOUND('',#243,.T.);
#142=FACE_OUTER_BOUND('',#245,.T.);
#143=FACE_OUTER_BOUND('',#247,.T.);
#144=FACE_OUTER_BOUND('',#248,.T.);
#145=FACE_OUTER_BOUND('',#249,.T.);
#146=FACE_OUTER_BOUND('',#250,.T.);
#147=FACE_OUTER_BOUND('',#252,.T.);
#148=FACE_OUTER_BOUND('',#253,.T.);
#149=FACE_OUTER_BOUND('',#254,.T.);
#150=FACE_OUTER_BOUND('',#255,.T.);
#151=FACE_OUTER_BOUND('',#256,.T.);
#152=FACE_OUTER_BOUND('',#257,.T.);
#153=FACE_OUTER_BOUND('',#259,.T.);
#154=FACE_OUTER_BOUND('',#260,.T.);
#155=FACE_OUTER_BOUND('',#261,.T.);
#156=FACE_OUTER_BOUND('',#262,.T.);
#157=FACE_OUTER_BOUND('',#263,.T.);
#158=FACE_OUTER_BOUND('',#264,.T.);
#159=FACE_OUTER_BOUND('',#265,.T.);
#160=FACE_OUTER_BOUND('',#266,.T.);
#161=FACE_OUTER_BOUND('',#267,.T.);
#162=FACE_OUTER_BOUND('',#268,.T.);
#163=FACE_OUTER_BOUND('',#269,.T.);
#164=EDGE_LOOP('',(#1096,#1097,#1098,#1099));
#165=EDGE_LOOP('',(#1100,#1101,#1102,#1103));
#166=EDGE_LOOP('',(#1104,#1105,#1106,#1107));
#167=EDGE_LOOP('',(#1108,#1109,#1110,#1111));
#168=EDGE_LOOP('',(#1112,#1113,#1114,#1115,#1116,#1117,#1118,#1119));
#169=EDGE_LOOP('',(#1120,#1121,#1122,#1123));
#170=EDGE_LOOP('',(#1124,#1125,#1126,#1127));
#171=EDGE_LOOP('',(#1128,#1129,#1130,#1131));
#172=EDGE_LOOP('',(#1132,#1133,#1134,#1135));
#173=EDGE_LOOP('',(#1136,#1137,#1138,#1139));
#174=EDGE_LOOP('',(#1140,#1141,#1142,#1143));
#175=EDGE_LOOP('',(#1144,#1145,#1146,#1147));
#176=EDGE_LOOP('',(#1148,#1149,#1150,#1151));
#177=EDGE_LOOP('',(#1152,#1153,#1154,#1155));
#178=EDGE_LOOP('',(#1156,#1157,#1158,#1159));
#179=EDGE_LOOP('',(#1160,#1161,#1162,#1163));
#180=EDGE_LOOP('',(#1164,#1165,#1166,#1167));
#181=EDGE_LOOP('',(#1168,#1169,#1170,#1171));
#182=EDGE_LOOP('',(#1172,#1173,#1174,#1175));
#183=EDGE_LOOP('',(#1176,#1177,#1178,#1179,#1180,#1181,#1182,#1183));
#184=EDGE_LOOP('',(#1184,#1185,#1186,#1187));
#185=EDGE_LOOP('',(#1188,#1189,#1190,#1191));
#186=EDGE_LOOP('',(#1192,#1193,#1194,#1195,#1196,#1197,#1198,#1199));
#187=EDGE_LOOP('',(#1200,#1201,#1202,#1203));
#188=EDGE_LOOP('',(#1204,#1205,#1206,#1207));
#189=EDGE_LOOP('',(#1208,#1209,#1210,#1211,#1212,#1213,#1214,#1215));
#190=EDGE_LOOP('',(#1216,#1217,#1218,#1219,#1220,#1221,#1222,#1223,#1224,
#1225,#1226,#1227));
#191=EDGE_LOOP('',(#1228,#1229,#1230,#1231));
#192=EDGE_LOOP('',(#1232,#1233,#1234,#1235));
#193=EDGE_LOOP('',(#1236,#1237,#1238,#1239));
#194=EDGE_LOOP('',(#1240,#1241,#1242,#1243));
#195=EDGE_LOOP('',(#1244,#1245,#1246,#1247));
#196=EDGE_LOOP('',(#1248,#1249,#1250,#1251));
#197=EDGE_LOOP('',(#1252,#1253,#1254,#1255));
#198=EDGE_LOOP('',(#1256,#1257,#1258,#1259));
#199=EDGE_LOOP('',(#1260,#1261,#1262,#1263));
#200=EDGE_LOOP('',(#1264,#1265,#1266,#1267));
#201=EDGE_LOOP('',(#1268,#1269,#1270,#1271));
#202=EDGE_LOOP('',(#1272,#1273,#1274,#1275));
#203=EDGE_LOOP('',(#1276,#1277,#1278,#1279));
#204=EDGE_LOOP('',(#1280,#1281,#1282,#1283));
#205=EDGE_LOOP('',(#1284,#1285,#1286,#1287));
#206=EDGE_LOOP('',(#1288,#1289,#1290,#1291));
#207=EDGE_LOOP('',(#1292,#1293,#1294,#1295));
#208=EDGE_LOOP('',(#1296,#1297,#1298));
#209=EDGE_LOOP('',(#1299,#1300,#1301));
#210=EDGE_LOOP('',(#1302,#1303,#1304));
#211=EDGE_LOOP('',(#1305,#1306,#1307,#1308,#1309,#1310,#1311,#1312,#1313,
#1314,#1315,#1316));
#212=EDGE_LOOP('',(#1317,#1318,#1319,#1320));
#213=EDGE_LOOP('',(#1321,#1322,#1323,#1324));
#214=EDGE_LOOP('',(#1325,#1326,#1327,#1328,#1329,#1330));
#215=EDGE_LOOP('',(#1331,#1332,#1333));
#216=EDGE_LOOP('',(#1334,#1335,#1336,#1337));
#217=EDGE_LOOP('',(#1338,#1339,#1340,#1341));
#218=EDGE_LOOP('',(#1342,#1343,#1344,#1345,#1346,#1347,#1348,#1349));
#219=EDGE_LOOP('',(#1350,#1351,#1352,#1353,#1354,#1355));
#220=EDGE_LOOP('',(#1356,#1357,#1358,#1359,#1360));
#221=EDGE_LOOP('',(#1361,#1362,#1363,#1364));
#222=EDGE_LOOP('',(#1365,#1366,#1367,#1368,#1369));
#223=EDGE_LOOP('',(#1370,#1371,#1372,#1373));
#224=EDGE_LOOP('',(#1374,#1375,#1376,#1377));
#225=EDGE_LOOP('',(#1378,#1379,#1380,#1381));
#226=EDGE_LOOP('',(#1382,#1383,#1384,#1385,#1386,#1387,#1388,#1389));
#227=EDGE_LOOP('',(#1390,#1391,#1392,#1393));
#228=EDGE_LOOP('',(#1394,#1395,#1396,#1397));
#229=EDGE_LOOP('',(#1398,#1399,#1400,#1401));
#230=EDGE_LOOP('',(#1402,#1403,#1404,#1405));
#231=EDGE_LOOP('',(#1406));
#232=EDGE_LOOP('',(#1407,#1408,#1409,#1410));
#233=EDGE_LOOP('',(#1411));
#234=EDGE_LOOP('',(#1412,#1413,#1414,#1415));
#235=EDGE_LOOP('',(#1416,#1417,#1418,#1419));
#236=EDGE_LOOP('',(#1420,#1421,#1422,#1423));
#237=EDGE_LOOP('',(#1424,#1425,#1426,#1427));
#238=EDGE_LOOP('',(#1428,#1429,#1430,#1431));
#239=EDGE_LOOP('',(#1432,#1433,#1434,#1435));
#240=EDGE_LOOP('',(#1436,#1437,#1438,#1439));
#241=EDGE_LOOP('',(#1440,#1441,#1442,#1443));
#242=EDGE_LOOP('',(#1444,#1445,#1446,#1447));
#243=EDGE_LOOP('',(#1448,#1449,#1450,#1451,#1452));
#244=EDGE_LOOP('',(#1453,#1454,#1455,#1456));
#245=EDGE_LOOP('',(#1457,#1458,#1459,#1460,#1461));
#246=EDGE_LOOP('',(#1462,#1463,#1464,#1465));
#247=EDGE_LOOP('',(#1466,#1467,#1468,#1469));
#248=EDGE_LOOP('',(#1470,#1471,#1472,#1473));
#249=EDGE_LOOP('',(#1474,#1475,#1476,#1477,#1478,#1479,#1480,#1481));
#250=EDGE_LOOP('',(#1482,#1483,#1484,#1485));
#251=EDGE_LOOP('',(#1486,#1487,#1488,#1489));
#252=EDGE_LOOP('',(#1490,#1491,#1492,#1493));
#253=EDGE_LOOP('',(#1494,#1495,#1496,#1497));
#254=EDGE_LOOP('',(#1498,#1499,#1500,#1501));
#255=EDGE_LOOP('',(#1502,#1503,#1504,#1505));
#256=EDGE_LOOP('',(#1506,#1507,#1508,#1509));
#257=EDGE_LOOP('',(#1510,#1511,#1512,#1513,#1514,#1515));
#258=EDGE_LOOP('',(#1516));
#259=EDGE_LOOP('',(#1517,#1518,#1519,#1520));
#260=EDGE_LOOP('',(#1521,#1522,#1523,#1524));
#261=EDGE_LOOP('',(#1525,#1526,#1527,#1528));
#262=EDGE_LOOP('',(#1529,#1530,#1531,#1532));
#263=EDGE_LOOP('',(#1533));
#264=EDGE_LOOP('',(#1534,#1535,#1536,#1537));
#265=EDGE_LOOP('',(#1538,#1539,#1540,#1541));
#266=EDGE_LOOP('',(#1542,#1543,#1544,#1545));
#267=EDGE_LOOP('',(#1546,#1547,#1548,#1549));
#268=EDGE_LOOP('',(#1550,#1551,#1552,#1553));
#269=EDGE_LOOP('',(#1554,#1555,#1556,#1557));
#270=LINE('',#2342,#492);
#271=LINE('',#2344,#493);
#272=LINE('',#2346,#494);
#273=LINE('',#2347,#495);
#274=LINE('',#2351,#496);
#275=LINE('',#2352,#497);
#276=LINE('',#2353,#498);
#277=LINE('',#2356,#499);
#278=LINE('',#2358,#500);
#279=LINE('',#2360,#501);
#280=LINE('',#2361,#502);
#281=LINE('',#2364,#503);
#282=LINE('',#2365,#504);
#283=LINE('',#2369,#505);
#284=LINE('',#2371,#506);
#285=LINE('',#2373,#507);
#286=LINE('',#2375,#508);
#287=LINE('',#2376,#509);
#288=LINE('',#2377,#510);
#289=LINE('',#2379,#511);
#290=LINE('',#2383,#512);
#291=LINE('',#2385,#513);
#292=LINE('',#2387,#514);
#293=LINE('',#2388,#515);
#294=LINE('',#2391,#516);
#295=LINE('',#2393,#517);
#296=LINE('',#2395,#518);
#297=LINE('',#2396,#519);
#298=LINE('',#2400,#520);
#299=LINE('',#2401,#521);
#300=LINE('',#2402,#522);
#301=LINE('',#2405,#523);
#302=LINE('',#2406,#524);
#303=LINE('',#2409,#525);
#304=LINE('',#2410,#526);
#305=LINE('',#2412,#527);
#306=LINE('',#2416,#528);
#307=LINE('',#2418,#529);
#308=LINE('',#2420,#530);
#309=LINE('',#2421,#531);
#310=LINE('',#2425,#532);
#311=LINE('',#2427,#533);
#312=LINE('',#2429,#534);
#313=LINE('',#2430,#535);
#314=LINE('',#2432,#536);
#315=LINE('',#2433,#537);
#316=LINE('',#2435,#538);
#317=LINE('',#2436,#539);
#318=LINE('',#2439,#540);
#319=LINE('',#2441,#541);
#320=LINE('',#2442,#542);
#321=LINE('',#2445,#543);
#322=LINE('',#2446,#544);
#323=LINE('',#2449,#545);
#324=LINE('',#2450,#546);
#325=LINE('',#2453,#547);
#326=LINE('',#2454,#548);
#327=LINE('',#2456,#549);
#328=LINE('',#2457,#550);
#329=LINE('',#2460,#551);
#330=LINE('',#2462,#552);
#331=LINE('',#2464,#553);
#332=LINE('',#2465,#554);
#333=LINE('',#2468,#555);
#334=LINE('',#2470,#556);
#335=LINE('',#2472,#557);
#336=LINE('',#2473,#558);
#337=LINE('',#2476,#559);
#338=LINE('',#2477,#560);
#339=LINE('',#2480,#561);
#340=LINE('',#2481,#562);
#341=LINE('',#2483,#563);
#342=LINE('',#2488,#564);
#343=LINE('',#2490,#565);
#344=LINE('',#2492,#566);
#345=LINE('',#2493,#567);
#346=LINE('',#2495,#568);
#347=LINE('',#2496,#569);
#348=LINE('',#2498,#570);
#349=LINE('',#2500,#571);
#350=LINE('',#2505,#572);
#351=LINE('',#2507,#573);
#352=LINE('',#2509,#574);
#353=LINE('',#2510,#575);
#354=LINE('',#2512,#576);
#355=LINE('',#2513,#577);
#356=LINE('',#2515,#578);
#357=LINE('',#2517,#579);
#358=LINE('',#2522,#580);
#359=LINE('',#2524,#581);
#360=LINE('',#2526,#582);
#361=LINE('',#2527,#583);
#362=LINE('',#2529,#584);
#363=LINE('',#2530,#585);
#364=LINE('',#2532,#586);
#365=LINE('',#2534,#587);
#366=LINE('',#2541,#588);
#367=LINE('',#2546,#589);
#368=LINE('',#2550,#590);
#369=LINE('',#2552,#591);
#370=LINE('',#2553,#592);
#371=LINE('',#2557,#593);
#372=LINE('',#2559,#594);
#373=LINE('',#2560,#595);
#374=LINE('',#2563,#596);
#375=LINE('',#2565,#597);
#376=LINE('',#2566,#598);
#377=LINE('',#2570,#599);
#378=LINE('',#2572,#600);
#379=LINE('',#2574,#601);
#380=LINE('',#2576,#602);
#381=LINE('',#2578,#603);
#382=LINE('',#2580,#604);
#383=LINE('',#2582,#605);
#384=LINE('',#2583,#606);
#385=LINE('',#2584,#607);
#386=LINE('',#2585,#608);
#387=LINE('',#2587,#609);
#388=LINE('',#2590,#610);
#389=LINE('',#2592,#611);
#390=LINE('',#2594,#612);
#391=LINE('',#2595,#613);
#392=LINE('',#2597,#614);
#393=LINE('',#2601,#615);
#394=LINE('',#2603,#616);
#395=LINE('',#2604,#617);
#396=LINE('',#2606,#618);
#397=LINE('',#2607,#619);
#398=LINE('',#2610,#620);
#399=LINE('',#2612,#621);
#400=LINE('',#2614,#622);
#401=LINE('',#2615,#623);
#402=LINE('',#2619,#624);
#403=LINE('',#2620,#625);
#404=LINE('',#2622,#626);
#405=LINE('',#2624,#627);
#406=LINE('',#2625,#628);
#407=LINE('',#2627,#629);
#408=LINE('',#2630,#630);
#409=LINE('',#2631,#631);
#410=LINE('',#2632,#632);
#411=LINE('',#2634,#633);
#412=LINE('',#2637,#634);
#413=LINE('',#2638,#635);
#414=LINE('',#2640,#636);
#415=LINE('',#2643,#637);
#416=LINE('',#2644,#638);
#417=LINE('',#2646,#639);
#418=LINE('',#2648,#640);
#419=LINE('',#2650,#641);
#420=LINE('',#2651,#642);
#421=LINE('',#2653,#643);
#422=LINE('',#2657,#644);
#423=LINE('',#2659,#645);
#424=LINE('',#2660,#646);
#425=LINE('',#2671,#647);
#426=LINE('',#2677,#648);
#427=LINE('',#2680,#649);
#428=LINE('',#2684,#650);
#429=LINE('',#2686,#651);
#430=LINE('',#2688,#652);
#431=LINE('',#2689,#653);
#432=LINE('',#2693,#654);
#433=LINE('',#2695,#655);
#434=LINE('',#2697,#656);
#435=LINE('',#2698,#657);
#436=LINE('',#2701,#658);
#437=LINE('',#2703,#659);
#438=LINE('',#2704,#660);
#439=LINE('',#2707,#661);
#440=LINE('',#2709,#662);
#441=LINE('',#2710,#663);
#442=LINE('',#2712,#664);
#443=LINE('',#2713,#665);
#444=LINE('',#2716,#666);
#445=LINE('',#2718,#667);
#446=LINE('',#2720,#668);
#447=LINE('',#2721,#669);
#448=LINE('',#2724,#670);
#449=LINE('',#2726,#671);
#450=LINE('',#2728,#672);
#451=LINE('',#2729,#673);
#452=LINE('',#2732,#674);
#453=LINE('',#2734,#675);
#454=LINE('',#2736,#676);
#455=LINE('',#2737,#677);
#456=LINE('',#2739,#678);
#457=LINE('',#2741,#679);
#458=LINE('',#2744,#680);
#459=LINE('',#2746,#681);
#460=LINE('',#2748,#682);
#461=LINE('',#2750,#683);
#462=LINE('',#2751,#684);
#463=LINE('',#2755,#685);
#464=LINE('',#2757,#686);
#465=LINE('',#2759,#687);
#466=LINE('',#2760,#688);
#467=LINE('',#2762,#689);
#468=LINE('',#2763,#690);
#469=LINE('',#2765,#691);
#470=LINE('',#2767,#692);
#471=LINE('',#2771,#693);
#472=LINE('',#2772,#694);
#473=LINE('',#2775,#695);
#474=LINE('',#2777,#696);
#475=LINE('',#2779,#697);
#476=LINE('',#2780,#698);
#477=LINE('',#2782,#699);
#478=LINE('',#2784,#700);
#479=LINE('',#2785,#701);
#480=LINE('',#2793,#702);
#481=LINE('',#2795,#703);
#482=LINE('',#2797,#704);
#483=LINE('',#2798,#705);
#484=LINE('',#2802,#706);
#485=LINE('',#2804,#707);
#486=LINE('',#2806,#708);
#487=LINE('',#2807,#709);
#488=LINE('',#2809,#710);
#489=LINE('',#2810,#711);
#490=LINE('',#2812,#712);
#491=LINE('',#2813,#713);
#492=VECTOR('',#1901,1000.);
#493=VECTOR('',#1902,1000.);
#494=VECTOR('',#1903,1000.);
#495=VECTOR('',#1904,1000.);
#496=VECTOR('',#1907,1000.);
#497=VECTOR('',#1908,1000.);
#498=VECTOR('',#1909,1000.);
#499=VECTOR('',#1910,1000.);
#500=VECTOR('',#1911,1000.);
#501=VECTOR('',#1912,1000.);
#502=VECTOR('',#1913,1000.);
#503=VECTOR('',#1916,1000.);
#504=VECTOR('',#1917,1000.);
#505=VECTOR('',#1920,1000.);
#506=VECTOR('',#1921,1000.);
#507=VECTOR('',#1922,1000.);
#508=VECTOR('',#1923,1000.);
#509=VECTOR('',#1924,1000.);
#510=VECTOR('',#1925,1000.);
#511=VECTOR('',#1928,1000.);
#512=VECTOR('',#1931,1000.);
#513=VECTOR('',#1932,1000.);
#514=VECTOR('',#1933,1000.);
#515=VECTOR('',#1934,1000.);
#516=VECTOR('',#1935,1000.);
#517=VECTOR('',#1936,1000.);
#518=VECTOR('',#1937,1000.);
#519=VECTOR('',#1938,1000.);
#520=VECTOR('',#1941,1000.);
#521=VECTOR('',#1942,1000.);
#522=VECTOR('',#1943,1000.);
#523=VECTOR('',#1946,1000.);
#524=VECTOR('',#1947,1000.);
#525=VECTOR('',#1950,1000.);
#526=VECTOR('',#1951,1000.);
#527=VECTOR('',#1954,1000.);
#528=VECTOR('',#1957,1000.);
#529=VECTOR('',#1958,1000.);
#530=VECTOR('',#1959,1000.);
#531=VECTOR('',#1960,1000.);
#532=VECTOR('',#1963,1000.);
#533=VECTOR('',#1964,1000.);
#534=VECTOR('',#1965,1000.);
#535=VECTOR('',#1966,1000.);
#536=VECTOR('',#1969,1000.);
#537=VECTOR('',#1970,1000.);
#538=VECTOR('',#1973,1000.);
#539=VECTOR('',#1974,1000.);
#540=VECTOR('',#1977,1000.);
#541=VECTOR('',#1978,1000.);
#542=VECTOR('',#1979,1000.);
#543=VECTOR('',#1982,1000.);
#544=VECTOR('',#1983,1000.);
#545=VECTOR('',#1986,1000.);
#546=VECTOR('',#1987,1000.);
#547=VECTOR('',#1990,1000.);
#548=VECTOR('',#1991,1000.);
#549=VECTOR('',#1992,1000.);
#550=VECTOR('',#1993,1000.);
#551=VECTOR('',#1994,1000.);
#552=VECTOR('',#1995,1000.);
#553=VECTOR('',#1996,1000.);
#554=VECTOR('',#1997,1000.);
#555=VECTOR('',#1998,1000.);
#556=VECTOR('',#1999,1000.);
#557=VECTOR('',#2000,1000.);
#558=VECTOR('',#2001,1000.);
#559=VECTOR('',#2004,1000.);
#560=VECTOR('',#2005,1000.);
#561=VECTOR('',#2008,1000.);
#562=VECTOR('',#2009,1000.);
#563=VECTOR('',#2012,1000.);
#564=VECTOR('',#2017,1000.);
#565=VECTOR('',#2018,1000.);
#566=VECTOR('',#2019,1000.);
#567=VECTOR('',#2020,1000.);
#568=VECTOR('',#2023,1000.);
#569=VECTOR('',#2024,1000.);
#570=VECTOR('',#2027,1000.);
#571=VECTOR('',#2030,1000.);
#572=VECTOR('',#2035,1000.);
#573=VECTOR('',#2036,1000.);
#574=VECTOR('',#2037,1000.);
#575=VECTOR('',#2038,1000.);
#576=VECTOR('',#2041,1000.);
#577=VECTOR('',#2042,1000.);
#578=VECTOR('',#2045,1000.);
#579=VECTOR('',#2048,1000.);
#580=VECTOR('',#2053,1000.);
#581=VECTOR('',#2054,1000.);
#582=VECTOR('',#2055,1000.);
#583=VECTOR('',#2056,1000.);
#584=VECTOR('',#2059,1000.);
#585=VECTOR('',#2060,1000.);
#586=VECTOR('',#2063,1000.);
#587=VECTOR('',#2066,1000.);
#588=VECTOR('',#2075,1.675);
#589=VECTOR('',#2082,1.675);
#590=VECTOR('',#2085,1000.);
#591=VECTOR('',#2086,1000.);
#592=VECTOR('',#2087,1000.);
#593=VECTOR('',#2090,1000.);
#594=VECTOR('',#2091,1000.);
#595=VECTOR('',#2092,1000.);
#596=VECTOR('',#2093,1000.);
#597=VECTOR('',#2094,1000.);
#598=VECTOR('',#2095,1000.);
#599=VECTOR('',#2098,1000.);
#600=VECTOR('',#2099,1000.);
#601=VECTOR('',#2100,1000.);
#602=VECTOR('',#2101,1000.);
#603=VECTOR('',#2102,1000.);
#604=VECTOR('',#2103,1000.);
#605=VECTOR('',#2104,1000.);
#606=VECTOR('',#2105,1000.);
#607=VECTOR('',#2106,1000.);
#608=VECTOR('',#2107,1000.);
#609=VECTOR('',#2110,1000.);
#610=VECTOR('',#2111,1000.);
#611=VECTOR('',#2112,1000.);
#612=VECTOR('',#2113,1000.);
#613=VECTOR('',#2114,1000.);
#614=VECTOR('',#2117,1000.);
#615=VECTOR('',#2120,1000.);
#616=VECTOR('',#2121,1000.);
#617=VECTOR('',#2122,1000.);
#618=VECTOR('',#2125,1000.);
#619=VECTOR('',#2126,1000.);
#620=VECTOR('',#2127,1000.);
#621=VECTOR('',#2128,1000.);
#622=VECTOR('',#2129,1000.);
#623=VECTOR('',#2130,1000.);
#624=VECTOR('',#2133,1000.);
#625=VECTOR('',#2134,1000.);
#626=VECTOR('',#2135,1000.);
#627=VECTOR('',#2136,1000.);
#628=VECTOR('',#2137,1000.);
#629=VECTOR('',#2140,1000.);
#630=VECTOR('',#2143,1000.);
#631=VECTOR('',#2144,1000.);
#632=VECTOR('',#2145,1000.);
#633=VECTOR('',#2148,1000.);
#634=VECTOR('',#2151,1000.);
#635=VECTOR('',#2152,1000.);
#636=VECTOR('',#2155,1000.);
#637=VECTOR('',#2160,1000.);
#638=VECTOR('',#2161,1000.);
#639=VECTOR('',#2164,1000.);
#640=VECTOR('',#2165,1000.);
#641=VECTOR('',#2166,1000.);
#642=VECTOR('',#2167,1000.);
#643=VECTOR('',#2170,1000.);
#644=VECTOR('',#2175,1000.);
#645=VECTOR('',#2176,1000.);
#646=VECTOR('',#2177,1000.);
#647=VECTOR('',#2194,1.12499999999999);
#648=VECTOR('',#2201,1.625);
#649=VECTOR('',#2206,1.625);
#650=VECTOR('',#2209,1000.);
#651=VECTOR('',#2210,1000.);
#652=VECTOR('',#2211,1000.);
#653=VECTOR('',#2212,1000.);
#654=VECTOR('',#2215,1000.);
#655=VECTOR('',#2216,1000.);
#656=VECTOR('',#2217,1000.);
#657=VECTOR('',#2218,1000.);
#658=VECTOR('',#2221,1000.);
#659=VECTOR('',#2222,1000.);
#660=VECTOR('',#2223,1000.);
#661=VECTOR('',#2226,1000.);
#662=VECTOR('',#2227,1000.);
#663=VECTOR('',#2228,1000.);
#664=VECTOR('',#2231,1000.);
#665=VECTOR('',#2232,1000.);
#666=VECTOR('',#2235,1000.);
#667=VECTOR('',#2236,1000.);
#668=VECTOR('',#2237,1000.);
#669=VECTOR('',#2238,1000.);
#670=VECTOR('',#2239,1000.);
#671=VECTOR('',#2240,1000.);
#672=VECTOR('',#2241,1000.);
#673=VECTOR('',#2242,1000.);
#674=VECTOR('',#2245,1000.);
#675=VECTOR('',#2246,1000.);
#676=VECTOR('',#2247,1000.);
#677=VECTOR('',#2248,1000.);
#678=VECTOR('',#2251,1000.);
#679=VECTOR('',#2254,1000.);
#680=VECTOR('',#2257,1000.);
#681=VECTOR('',#2258,1000.);
#682=VECTOR('',#2259,1000.);
#683=VECTOR('',#2260,1000.);
#684=VECTOR('',#2261,1000.);
#685=VECTOR('',#2264,1000.);
#686=VECTOR('',#2265,1000.);
#687=VECTOR('',#2266,1000.);
#688=VECTOR('',#2267,1000.);
#689=VECTOR('',#2270,1000.);
#690=VECTOR('',#2271,1000.);
#691=VECTOR('',#2274,1000.);
#692=VECTOR('',#2277,1000.);
#693=VECTOR('',#2282,1000.);
#694=VECTOR('',#2283,1000.);
#695=VECTOR('',#2286,1000.);
#696=VECTOR('',#2287,1000.);
#697=VECTOR('',#2288,1000.);
#698=VECTOR('',#2289,1000.);
#699=VECTOR('',#2292,1000.);
#700=VECTOR('',#2295,1000.);
#701=VECTOR('',#2296,1000.);
#702=VECTOR('',#2307,9.99999999999999);
#703=VECTOR('',#2308,10.);
#704=VECTOR('',#2309,9.99999999999999);
#705=VECTOR('',#2310,10.);
#706=VECTOR('',#2313,10.);
#707=VECTOR('',#2314,10.);
#708=VECTOR('',#2315,10.);
#709=VECTOR('',#2316,10.);
#710=VECTOR('',#2319,10.);
#711=VECTOR('',#2320,10.);
#712=VECTOR('',#2323,10.);
#713=VECTOR('',#2324,10.);
#714=VERTEX_POINT('',#2340);
#715=VERTEX_POINT('',#2341);
#716=VERTEX_POINT('',#2343);
#717=VERTEX_POINT('',#2345);
#718=VERTEX_POINT('',#2349);
#719=VERTEX_POINT('',#2350);
#720=VERTEX_POINT('',#2354);
#721=VERTEX_POINT('',#2355);
#722=VERTEX_POINT('',#2357);
#723=VERTEX_POINT('',#2359);
#724=VERTEX_POINT('',#2363);
#725=VERTEX_POINT('',#2367);
#726=VERTEX_POINT('',#2368);
#727=VERTEX_POINT('',#2370);
#728=VERTEX_POINT('',#2372);
#729=VERTEX_POINT('',#2374);
#730=VERTEX_POINT('',#2381);
#731=VERTEX_POINT('',#2382);
#732=VERTEX_POINT('',#2384);
#733=VERTEX_POINT('',#2386);
#734=VERTEX_POINT('',#2389);
#735=VERTEX_POINT('',#2390);
#736=VERTEX_POINT('',#2392);
#737=VERTEX_POINT('',#2394);
#738=VERTEX_POINT('',#2398);
#739=VERTEX_POINT('',#2399);
#740=VERTEX_POINT('',#2404);
#741=VERTEX_POINT('',#2408);
#742=VERTEX_POINT('',#2414);
#743=VERTEX_POINT('',#2415);
#744=VERTEX_POINT('',#2417);
#745=VERTEX_POINT('',#2419);
#746=VERTEX_POINT('',#2423);
#747=VERTEX_POINT('',#2424);
#748=VERTEX_POINT('',#2426);
#749=VERTEX_POINT('',#2428);
#750=VERTEX_POINT('',#2438);
#751=VERTEX_POINT('',#2440);
#752=VERTEX_POINT('',#2444);
#753=VERTEX_POINT('',#2448);
#754=VERTEX_POINT('',#2452);
#755=VERTEX_POINT('',#2455);
#756=VERTEX_POINT('',#2458);
#757=VERTEX_POINT('',#2459);
#758=VERTEX_POINT('',#2461);
#759=VERTEX_POINT('',#2463);
#760=VERTEX_POINT('',#2466);
#761=VERTEX_POINT('',#2467);
#762=VERTEX_POINT('',#2469);
#763=VERTEX_POINT('',#2471);
#764=VERTEX_POINT('',#2475);
#765=VERTEX_POINT('',#2479);
#766=VERTEX_POINT('',#2486);
#767=VERTEX_POINT('',#2487);
#768=VERTEX_POINT('',#2489);
#769=VERTEX_POINT('',#2491);
#770=VERTEX_POINT('',#2503);
#771=VERTEX_POINT('',#2504);
#772=VERTEX_POINT('',#2506);
#773=VERTEX_POINT('',#2508);
#774=VERTEX_POINT('',#2520);
#775=VERTEX_POINT('',#2521);
#776=VERTEX_POINT('',#2523);
#777=VERTEX_POINT('',#2525);
#778=VERTEX_POINT('',#2538);
#779=VERTEX_POINT('',#2540);
#780=VERTEX_POINT('',#2544);
#781=VERTEX_POINT('',#2548);
#782=VERTEX_POINT('',#2549);
#783=VERTEX_POINT('',#2551);
#784=VERTEX_POINT('',#2555);
#785=VERTEX_POINT('',#2556);
#786=VERTEX_POINT('',#2558);
#787=VERTEX_POINT('',#2561);
#788=VERTEX_POINT('',#2562);
#789=VERTEX_POINT('',#2564);
#790=VERTEX_POINT('',#2568);
#791=VERTEX_POINT('',#2569);
#792=VERTEX_POINT('',#2571);
#793=VERTEX_POINT('',#2573);
#794=VERTEX_POINT('',#2575);
#795=VERTEX_POINT('',#2577);
#796=VERTEX_POINT('',#2579);
#797=VERTEX_POINT('',#2581);
#798=VERTEX_POINT('',#2588);
#799=VERTEX_POINT('',#2589);
#800=VERTEX_POINT('',#2591);
#801=VERTEX_POINT('',#2593);
#802=VERTEX_POINT('',#2599);
#803=VERTEX_POINT('',#2600);
#804=VERTEX_POINT('',#2602);
#805=VERTEX_POINT('',#2608);
#806=VERTEX_POINT('',#2609);
#807=VERTEX_POINT('',#2611);
#808=VERTEX_POINT('',#2613);
#809=VERTEX_POINT('',#2617);
#810=VERTEX_POINT('',#2618);
#811=VERTEX_POINT('',#2621);
#812=VERTEX_POINT('',#2623);
#813=VERTEX_POINT('',#2629);
#814=VERTEX_POINT('',#2636);
#815=VERTEX_POINT('',#2647);
#816=VERTEX_POINT('',#2649);
#817=VERTEX_POINT('',#2656);
#818=VERTEX_POINT('',#2658);
#819=VERTEX_POINT('',#2668);
#820=VERTEX_POINT('',#2670);
#821=VERTEX_POINT('',#2674);
#822=VERTEX_POINT('',#2676);
#823=VERTEX_POINT('',#2682);
#824=VERTEX_POINT('',#2683);
#825=VERTEX_POINT('',#2685);
#826=VERTEX_POINT('',#2687);
#827=VERTEX_POINT('',#2691);
#828=VERTEX_POINT('',#2692);
#829=VERTEX_POINT('',#2694);
#830=VERTEX_POINT('',#2696);
#831=VERTEX_POINT('',#2700);
#832=VERTEX_POINT('',#2702);
#833=VERTEX_POINT('',#2706);
#834=VERTEX_POINT('',#2708);
#835=VERTEX_POINT('',#2715);
#836=VERTEX_POINT('',#2717);
#837=VERTEX_POINT('',#2719);
#838=VERTEX_POINT('',#2722);
#839=VERTEX_POINT('',#2723);
#840=VERTEX_POINT('',#2725);
#841=VERTEX_POINT('',#2727);
#842=VERTEX_POINT('',#2731);
#843=VERTEX_POINT('',#2733);
#844=VERTEX_POINT('',#2735);
#845=VERTEX_POINT('',#2743);
#846=VERTEX_POINT('',#2745);
#847=VERTEX_POINT('',#2747);
#848=VERTEX_POINT('',#2749);
#849=VERTEX_POINT('',#2753);
#850=VERTEX_POINT('',#2754);
#851=VERTEX_POINT('',#2756);
#852=VERTEX_POINT('',#2758);
#853=VERTEX_POINT('',#2770);
#854=VERTEX_POINT('',#2774);
#855=VERTEX_POINT('',#2776);
#856=VERTEX_POINT('',#2778);
#857=VERTEX_POINT('',#2791);
#858=VERTEX_POINT('',#2792);
#859=VERTEX_POINT('',#2794);
#860=VERTEX_POINT('',#2796);
#861=VERTEX_POINT('',#2800);
#862=VERTEX_POINT('',#2801);
#863=VERTEX_POINT('',#2803);
#864=VERTEX_POINT('',#2805);
#865=EDGE_CURVE('',#714,#715,#270,.T.);
#866=EDGE_CURVE('',#716,#714,#271,.T.);
#867=EDGE_CURVE('',#717,#716,#272,.T.);
#868=EDGE_CURVE('',#715,#717,#273,.T.);
#869=EDGE_CURVE('',#718,#719,#274,.T.);
#870=EDGE_CURVE('',#714,#719,#275,.T.);
#871=EDGE_CURVE('',#715,#718,#276,.T.);
#872=EDGE_CURVE('',#720,#721,#277,.T.);
#873=EDGE_CURVE('',#721,#722,#278,.T.);
#874=EDGE_CURVE('',#722,#723,#279,.T.);
#875=EDGE_CURVE('',#723,#720,#280,.T.);
#876=EDGE_CURVE('',#724,#718,#281,.T.);
#877=EDGE_CURVE('',#717,#724,#282,.T.);
#878=EDGE_CURVE('',#725,#726,#283,.T.);
#879=EDGE_CURVE('',#726,#727,#284,.T.);
#880=EDGE_CURVE('',#727,#728,#285,.T.);
#881=EDGE_CURVE('',#728,#729,#286,.T.);
#882=EDGE_CURVE('',#729,#724,#287,.T.);
#883=EDGE_CURVE('',#716,#725,#288,.T.);
#884=EDGE_CURVE('',#719,#725,#289,.T.);
#885=EDGE_CURVE('',#730,#731,#290,.T.);
#886=EDGE_CURVE('',#731,#732,#291,.T.);
#887=EDGE_CURVE('',#732,#733,#292,.T.);
#888=EDGE_CURVE('',#733,#730,#293,.T.);
#889=EDGE_CURVE('',#734,#735,#294,.T.);
#890=EDGE_CURVE('',#735,#736,#295,.T.);
#891=EDGE_CURVE('',#736,#737,#296,.T.);
#892=EDGE_CURVE('',#737,#734,#297,.T.);
#893=EDGE_CURVE('',#738,#739,#298,.T.);
#894=EDGE_CURVE('',#738,#720,#299,.T.);
#895=EDGE_CURVE('',#739,#723,#300,.T.);
#896=EDGE_CURVE('',#739,#740,#301,.T.);
#897=EDGE_CURVE('',#740,#722,#302,.T.);
#898=EDGE_CURVE('',#740,#741,#303,.T.);
#899=EDGE_CURVE('',#741,#721,#304,.T.);
#900=EDGE_CURVE('',#741,#738,#305,.T.);
#901=EDGE_CURVE('',#742,#743,#306,.T.);
#902=EDGE_CURVE('',#743,#744,#307,.T.);
#903=EDGE_CURVE('',#744,#745,#308,.T.);
#904=EDGE_CURVE('',#745,#742,#309,.T.);
#905=EDGE_CURVE('',#746,#747,#310,.T.);
#906=EDGE_CURVE('',#746,#748,#311,.T.);
#907=EDGE_CURVE('',#749,#748,#312,.T.);
#908=EDGE_CURVE('',#749,#747,#313,.T.);
#909=EDGE_CURVE('',#748,#742,#314,.T.);
#910=EDGE_CURVE('',#743,#746,#315,.T.);
#911=EDGE_CURVE('',#747,#730,#316,.T.);
#912=EDGE_CURVE('',#731,#749,#317,.T.);
#913=EDGE_CURVE('',#727,#750,#318,.T.);
#914=EDGE_CURVE('',#751,#750,#319,.T.);
#915=EDGE_CURVE('',#728,#751,#320,.T.);
#916=EDGE_CURVE('',#726,#752,#321,.T.);
#917=EDGE_CURVE('',#750,#752,#322,.T.);
#918=EDGE_CURVE('',#753,#729,#323,.T.);
#919=EDGE_CURVE('',#753,#751,#324,.T.);
#920=EDGE_CURVE('',#752,#754,#325,.T.);
#921=EDGE_CURVE('',#733,#754,#326,.T.);
#922=EDGE_CURVE('',#732,#755,#327,.T.);
#923=EDGE_CURVE('',#755,#753,#328,.T.);
#924=EDGE_CURVE('',#756,#757,#329,.T.);
#925=EDGE_CURVE('',#757,#758,#330,.T.);
#926=EDGE_CURVE('',#758,#759,#331,.T.);
#927=EDGE_CURVE('',#759,#756,#332,.T.);
#928=EDGE_CURVE('',#760,#761,#333,.T.);
#929=EDGE_CURVE('',#761,#762,#334,.T.);
#930=EDGE_CURVE('',#762,#763,#335,.T.);
#931=EDGE_CURVE('',#763,#760,#336,.T.);
#932=EDGE_CURVE('',#764,#755,#337,.T.);
#933=EDGE_CURVE('',#745,#764,#338,.T.);
#934=EDGE_CURVE('',#765,#764,#339,.T.);
#935=EDGE_CURVE('',#744,#765,#340,.T.);
#936=EDGE_CURVE('',#754,#765,#341,.T.);
#937=EDGE_CURVE('',#766,#767,#342,.T.);
#938=EDGE_CURVE('',#767,#768,#343,.T.);
#939=EDGE_CURVE('',#768,#769,#344,.T.);
#940=EDGE_CURVE('',#769,#766,#345,.T.);
#941=EDGE_CURVE('',#737,#767,#346,.T.);
#942=EDGE_CURVE('',#734,#766,#347,.T.);
#943=EDGE_CURVE('',#736,#768,#348,.T.);
#944=EDGE_CURVE('',#735,#769,#349,.T.);
#945=EDGE_CURVE('',#770,#771,#350,.T.);
#946=EDGE_CURVE('',#771,#772,#351,.T.);
#947=EDGE_CURVE('',#772,#773,#352,.T.);
#948=EDGE_CURVE('',#773,#770,#353,.T.);
#949=EDGE_CURVE('',#759,#771,#354,.T.);
#950=EDGE_CURVE('',#756,#770,#355,.T.);
#951=EDGE_CURVE('',#758,#772,#356,.T.);
#952=EDGE_CURVE('',#757,#773,#357,.T.);
#953=EDGE_CURVE('',#774,#775,#358,.T.);
#954=EDGE_CURVE('',#775,#776,#359,.T.);
#955=EDGE_CURVE('',#776,#777,#360,.T.);
#956=EDGE_CURVE('',#777,#774,#361,.T.);
#957=EDGE_CURVE('',#763,#775,#362,.T.);
#958=EDGE_CURVE('',#760,#774,#363,.T.);
#959=EDGE_CURVE('',#762,#776,#364,.T.);
#960=EDGE_CURVE('',#761,#777,#365,.T.);
#961=EDGE_CURVE('',#778,#778,#30,.T.);
#962=EDGE_CURVE('',#778,#779,#366,.T.);
#963=EDGE_CURVE('',#779,#779,#31,.T.);
#964=EDGE_CURVE('',#780,#780,#32,.T.);
#965=EDGE_CURVE('',#780,#778,#367,.T.);
#966=EDGE_CURVE('',#781,#782,#368,.T.);
#967=EDGE_CURVE('',#782,#783,#369,.T.);
#968=EDGE_CURVE('',#783,#781,#370,.T.);
#969=EDGE_CURVE('',#784,#785,#371,.T.);
#970=EDGE_CURVE('',#785,#786,#372,.T.);
#971=EDGE_CURVE('',#786,#784,#373,.T.);
#972=EDGE_CURVE('',#787,#788,#374,.T.);
#973=EDGE_CURVE('',#788,#789,#375,.T.);
#974=EDGE_CURVE('',#789,#787,#376,.T.);
#975=EDGE_CURVE('',#790,#791,#377,.T.);
#976=EDGE_CURVE('',#790,#792,#378,.T.);
#977=EDGE_CURVE('',#792,#793,#379,.T.);
#978=EDGE_CURVE('',#793,#794,#380,.T.);
#979=EDGE_CURVE('',#794,#795,#381,.T.);
#980=EDGE_CURVE('',#795,#796,#382,.T.);
#981=EDGE_CURVE('',#797,#796,#383,.T.);
#982=EDGE_CURVE('',#782,#797,#384,.T.);
#983=EDGE_CURVE('',#781,#785,#385,.T.);
#984=EDGE_CURVE('',#791,#784,#386,.T.);
#985=EDGE_CURVE('',#783,#786,#387,.T.);
#986=EDGE_CURVE('',#798,#799,#388,.T.);
#987=EDGE_CURVE('',#799,#800,#389,.T.);
#988=EDGE_CURVE('',#800,#801,#390,.T.);
#989=EDGE_CURVE('',#801,#798,#391,.T.);
#990=EDGE_CURVE('',#791,#797,#392,.T.);
#991=EDGE_CURVE('',#802,#803,#393,.T.);
#992=EDGE_CURVE('',#804,#802,#394,.T.);
#993=EDGE_CURVE('',#803,#804,#395,.T.);
#994=EDGE_CURVE('',#803,#787,#396,.T.);
#995=EDGE_CURVE('',#802,#789,#397,.T.);
#996=EDGE_CURVE('',#805,#806,#398,.T.);
#997=EDGE_CURVE('',#806,#807,#399,.T.);
#998=EDGE_CURVE('',#807,#808,#400,.T.);
#999=EDGE_CURVE('',#808,#805,#401,.T.);
#1000=EDGE_CURVE('',#809,#810,#402,.T.);
#1001=EDGE_CURVE('',#804,#810,#403,.T.);
#1002=EDGE_CURVE('',#811,#788,#404,.T.);
#1003=EDGE_CURVE('',#811,#812,#405,.T.);
#1004=EDGE_CURVE('',#812,#809,#406,.T.);
#1005=EDGE_CURVE('',#810,#811,#407,.T.);
#1006=EDGE_CURVE('',#799,#813,#408,.T.);
#1007=EDGE_CURVE('',#813,#810,#409,.T.);
#1008=EDGE_CURVE('',#800,#809,#410,.T.);
#1009=EDGE_CURVE('',#801,#812,#411,.T.);
#1010=EDGE_CURVE('',#811,#814,#412,.T.);
#1011=EDGE_CURVE('',#798,#814,#413,.T.);
#1012=EDGE_CURVE('',#814,#813,#414,.T.);
#1013=EDGE_CURVE('',#794,#805,#415,.T.);
#1014=EDGE_CURVE('',#795,#808,#416,.T.);
#1015=EDGE_CURVE('',#792,#807,#417,.T.);
#1016=EDGE_CURVE('',#815,#790,#418,.T.);
#1017=EDGE_CURVE('',#816,#815,#419,.T.);
#1018=EDGE_CURVE('',#816,#796,#420,.T.);
#1019=EDGE_CURVE('',#793,#806,#421,.T.);
#1020=EDGE_CURVE('',#817,#797,#422,.T.);
#1021=EDGE_CURVE('',#818,#817,#423,.T.);
#1022=EDGE_CURVE('',#818,#791,#424,.T.);
#1023=EDGE_CURVE('',#816,#817,#33,.T.);
#1024=EDGE_CURVE('',#815,#818,#34,.T.);
#1025=EDGE_CURVE('',#819,#819,#35,.T.);
#1026=EDGE_CURVE('',#819,#820,#425,.T.);
#1027=EDGE_CURVE('',#820,#820,#36,.T.);
#1028=EDGE_CURVE('',#821,#821,#37,.T.);
#1029=EDGE_CURVE('',#821,#822,#426,.T.);
#1030=EDGE_CURVE('',#822,#822,#38,.T.);
#1031=EDGE_CURVE('',#822,#819,#427,.T.);
#1032=EDGE_CURVE('',#823,#824,#428,.T.);
#1033=EDGE_CURVE('',#823,#825,#429,.T.);
#1034=EDGE_CURVE('',#826,#825,#430,.T.);
#1035=EDGE_CURVE('',#824,#826,#431,.T.);
#1036=EDGE_CURVE('',#827,#828,#432,.T.);
#1037=EDGE_CURVE('',#827,#829,#433,.T.);
#1038=EDGE_CURVE('',#829,#830,#434,.T.);
#1039=EDGE_CURVE('',#828,#830,#435,.T.);
#1040=EDGE_CURVE('',#829,#831,#436,.T.);
#1041=EDGE_CURVE('',#831,#832,#437,.T.);
#1042=EDGE_CURVE('',#830,#832,#438,.T.);
#1043=EDGE_CURVE('',#831,#833,#439,.T.);
#1044=EDGE_CURVE('',#833,#834,#440,.T.);
#1045=EDGE_CURVE('',#832,#834,#441,.T.);
#1046=EDGE_CURVE('',#833,#827,#442,.T.);
#1047=EDGE_CURVE('',#834,#828,#443,.T.);
#1048=EDGE_CURVE('',#826,#835,#444,.T.);
#1049=EDGE_CURVE('',#835,#836,#445,.T.);
#1050=EDGE_CURVE('',#836,#837,#446,.T.);
#1051=EDGE_CURVE('',#837,#824,#447,.T.);
#1052=EDGE_CURVE('',#838,#839,#448,.T.);
#1053=EDGE_CURVE('',#840,#838,#449,.T.);
#1054=EDGE_CURVE('',#841,#840,#450,.T.);
#1055=EDGE_CURVE('',#839,#841,#451,.T.);
#1056=EDGE_CURVE('',#825,#842,#452,.T.);
#1057=EDGE_CURVE('',#843,#823,#453,.T.);
#1058=EDGE_CURVE('',#844,#843,#454,.T.);
#1059=EDGE_CURVE('',#842,#844,#455,.T.);
#1060=EDGE_CURVE('',#835,#842,#456,.T.);
#1061=EDGE_CURVE('',#836,#844,#457,.T.);
#1062=EDGE_CURVE('',#843,#845,#458,.T.);
#1063=EDGE_CURVE('',#846,#845,#459,.T.);
#1064=EDGE_CURVE('',#847,#846,#460,.T.);
#1065=EDGE_CURVE('',#847,#848,#461,.T.);
#1066=EDGE_CURVE('',#848,#837,#462,.T.);
#1067=EDGE_CURVE('',#849,#850,#463,.T.);
#1068=EDGE_CURVE('',#850,#851,#464,.T.);
#1069=EDGE_CURVE('',#851,#852,#465,.T.);
#1070=EDGE_CURVE('',#852,#849,#466,.T.);
#1071=EDGE_CURVE('',#851,#839,#467,.T.);
#1072=EDGE_CURVE('',#850,#838,#468,.T.);
#1073=EDGE_CURVE('',#849,#840,#469,.T.);
#1074=EDGE_CURVE('',#852,#841,#470,.T.);
#1075=EDGE_CURVE('',#853,#848,#471,.T.);
#1076=EDGE_CURVE('',#824,#853,#472,.T.);
#1077=EDGE_CURVE('',#854,#823,#473,.T.);
#1078=EDGE_CURVE('',#855,#853,#474,.T.);
#1079=EDGE_CURVE('',#856,#855,#475,.T.);
#1080=EDGE_CURVE('',#856,#854,#476,.T.);
#1081=EDGE_CURVE('',#855,#847,#477,.T.);
#1082=EDGE_CURVE('',#845,#854,#478,.T.);
#1083=EDGE_CURVE('',#846,#856,#479,.T.);
#1084=EDGE_CURVE('',#857,#858,#480,.T.);
#1085=EDGE_CURVE('',#857,#859,#481,.T.);
#1086=EDGE_CURVE('',#860,#859,#482,.T.);
#1087=EDGE_CURVE('',#858,#860,#483,.T.);
#1088=EDGE_CURVE('',#861,#862,#484,.T.);
#1089=EDGE_CURVE('',#861,#863,#485,.T.);
#1090=EDGE_CURVE('',#864,#863,#486,.T.);
#1091=EDGE_CURVE('',#862,#864,#487,.T.);
#1092=EDGE_CURVE('',#862,#857,#488,.T.);
#1093=EDGE_CURVE('',#859,#864,#489,.T.);
#1094=EDGE_CURVE('',#858,#861,#490,.T.);
#1095=EDGE_CURVE('',#863,#860,#491,.T.);
#1096=ORIENTED_EDGE('',*,*,#865,.F.);
#1097=ORIENTED_EDGE('',*,*,#866,.F.);
#1098=ORIENTED_EDGE('',*,*,#867,.F.);
#1099=ORIENTED_EDGE('',*,*,#868,.F.);
#1100=ORIENTED_EDGE('',*,*,#869,.T.);
#1101=ORIENTED_EDGE('',*,*,#870,.F.);
#1102=ORIENTED_EDGE('',*,*,#865,.T.);
#1103=ORIENTED_EDGE('',*,*,#871,.T.);
#1104=ORIENTED_EDGE('',*,*,#872,.T.);
#1105=ORIENTED_EDGE('',*,*,#873,.T.);
#1106=ORIENTED_EDGE('',*,*,#874,.T.);
#1107=ORIENTED_EDGE('',*,*,#875,.T.);
#1108=ORIENTED_EDGE('',*,*,#876,.T.);
#1109=ORIENTED_EDGE('',*,*,#871,.F.);
#1110=ORIENTED_EDGE('',*,*,#868,.T.);
#1111=ORIENTED_EDGE('',*,*,#877,.T.);
#1112=ORIENTED_EDGE('',*,*,#878,.T.);
#1113=ORIENTED_EDGE('',*,*,#879,.T.);
#1114=ORIENTED_EDGE('',*,*,#880,.T.);
#1115=ORIENTED_EDGE('',*,*,#881,.T.);
#1116=ORIENTED_EDGE('',*,*,#882,.T.);
#1117=ORIENTED_EDGE('',*,*,#877,.F.);
#1118=ORIENTED_EDGE('',*,*,#867,.T.);
#1119=ORIENTED_EDGE('',*,*,#883,.T.);
#1120=ORIENTED_EDGE('',*,*,#884,.T.);
#1121=ORIENTED_EDGE('',*,*,#883,.F.);
#1122=ORIENTED_EDGE('',*,*,#866,.T.);
#1123=ORIENTED_EDGE('',*,*,#870,.T.);
#1124=ORIENTED_EDGE('',*,*,#885,.T.);
#1125=ORIENTED_EDGE('',*,*,#886,.T.);
#1126=ORIENTED_EDGE('',*,*,#887,.T.);
#1127=ORIENTED_EDGE('',*,*,#888,.T.);
#1128=ORIENTED_EDGE('',*,*,#889,.T.);
#1129=ORIENTED_EDGE('',*,*,#890,.T.);
#1130=ORIENTED_EDGE('',*,*,#891,.T.);
#1131=ORIENTED_EDGE('',*,*,#892,.T.);
#1132=ORIENTED_EDGE('',*,*,#893,.F.);
#1133=ORIENTED_EDGE('',*,*,#894,.T.);
#1134=ORIENTED_EDGE('',*,*,#875,.F.);
#1135=ORIENTED_EDGE('',*,*,#895,.F.);
#1136=ORIENTED_EDGE('',*,*,#896,.F.);
#1137=ORIENTED_EDGE('',*,*,#895,.T.);
#1138=ORIENTED_EDGE('',*,*,#874,.F.);
#1139=ORIENTED_EDGE('',*,*,#897,.F.);
#1140=ORIENTED_EDGE('',*,*,#898,.F.);
#1141=ORIENTED_EDGE('',*,*,#897,.T.);
#1142=ORIENTED_EDGE('',*,*,#873,.F.);
#1143=ORIENTED_EDGE('',*,*,#899,.F.);
#1144=ORIENTED_EDGE('',*,*,#900,.F.);
#1145=ORIENTED_EDGE('',*,*,#899,.T.);
#1146=ORIENTED_EDGE('',*,*,#872,.F.);
#1147=ORIENTED_EDGE('',*,*,#894,.F.);
#1148=ORIENTED_EDGE('',*,*,#901,.T.);
#1149=ORIENTED_EDGE('',*,*,#902,.T.);
#1150=ORIENTED_EDGE('',*,*,#903,.T.);
#1151=ORIENTED_EDGE('',*,*,#904,.T.);
#1152=ORIENTED_EDGE('',*,*,#905,.F.);
#1153=ORIENTED_EDGE('',*,*,#906,.T.);
#1154=ORIENTED_EDGE('',*,*,#907,.F.);
#1155=ORIENTED_EDGE('',*,*,#908,.T.);
#1156=ORIENTED_EDGE('',*,*,#901,.F.);
#1157=ORIENTED_EDGE('',*,*,#909,.F.);
#1158=ORIENTED_EDGE('',*,*,#906,.F.);
#1159=ORIENTED_EDGE('',*,*,#910,.F.);
#1160=ORIENTED_EDGE('',*,*,#885,.F.);
#1161=ORIENTED_EDGE('',*,*,#911,.F.);
#1162=ORIENTED_EDGE('',*,*,#908,.F.);
#1163=ORIENTED_EDGE('',*,*,#912,.F.);
#1164=ORIENTED_EDGE('',*,*,#880,.F.);
#1165=ORIENTED_EDGE('',*,*,#913,.T.);
#1166=ORIENTED_EDGE('',*,*,#914,.F.);
#1167=ORIENTED_EDGE('',*,*,#915,.F.);
#1168=ORIENTED_EDGE('',*,*,#916,.T.);
#1169=ORIENTED_EDGE('',*,*,#917,.F.);
#1170=ORIENTED_EDGE('',*,*,#913,.F.);
#1171=ORIENTED_EDGE('',*,*,#879,.F.);
#1172=ORIENTED_EDGE('',*,*,#918,.T.);
#1173=ORIENTED_EDGE('',*,*,#881,.F.);
#1174=ORIENTED_EDGE('',*,*,#915,.T.);
#1175=ORIENTED_EDGE('',*,*,#919,.F.);
#1176=ORIENTED_EDGE('',*,*,#920,.T.);
#1177=ORIENTED_EDGE('',*,*,#921,.F.);
#1178=ORIENTED_EDGE('',*,*,#887,.F.);
#1179=ORIENTED_EDGE('',*,*,#922,.T.);
#1180=ORIENTED_EDGE('',*,*,#923,.T.);
#1181=ORIENTED_EDGE('',*,*,#919,.T.);
#1182=ORIENTED_EDGE('',*,*,#914,.T.);
#1183=ORIENTED_EDGE('',*,*,#917,.T.);
#1184=ORIENTED_EDGE('',*,*,#924,.T.);
#1185=ORIENTED_EDGE('',*,*,#925,.T.);
#1186=ORIENTED_EDGE('',*,*,#926,.T.);
#1187=ORIENTED_EDGE('',*,*,#927,.T.);
#1188=ORIENTED_EDGE('',*,*,#928,.T.);
#1189=ORIENTED_EDGE('',*,*,#929,.T.);
#1190=ORIENTED_EDGE('',*,*,#930,.T.);
#1191=ORIENTED_EDGE('',*,*,#931,.T.);
#1192=ORIENTED_EDGE('',*,*,#932,.T.);
#1193=ORIENTED_EDGE('',*,*,#922,.F.);
#1194=ORIENTED_EDGE('',*,*,#886,.F.);
#1195=ORIENTED_EDGE('',*,*,#912,.T.);
#1196=ORIENTED_EDGE('',*,*,#907,.T.);
#1197=ORIENTED_EDGE('',*,*,#909,.T.);
#1198=ORIENTED_EDGE('',*,*,#904,.F.);
#1199=ORIENTED_EDGE('',*,*,#933,.T.);
#1200=ORIENTED_EDGE('',*,*,#934,.T.);
#1201=ORIENTED_EDGE('',*,*,#933,.F.);
#1202=ORIENTED_EDGE('',*,*,#903,.F.);
#1203=ORIENTED_EDGE('',*,*,#935,.T.);
#1204=ORIENTED_EDGE('',*,*,#900,.T.);
#1205=ORIENTED_EDGE('',*,*,#893,.T.);
#1206=ORIENTED_EDGE('',*,*,#896,.T.);
#1207=ORIENTED_EDGE('',*,*,#898,.T.);
#1208=ORIENTED_EDGE('',*,*,#936,.T.);
#1209=ORIENTED_EDGE('',*,*,#935,.F.);
#1210=ORIENTED_EDGE('',*,*,#902,.F.);
#1211=ORIENTED_EDGE('',*,*,#910,.T.);
#1212=ORIENTED_EDGE('',*,*,#905,.T.);
#1213=ORIENTED_EDGE('',*,*,#911,.T.);
#1214=ORIENTED_EDGE('',*,*,#888,.F.);
#1215=ORIENTED_EDGE('',*,*,#921,.T.);
#1216=ORIENTED_EDGE('',*,*,#918,.F.);
#1217=ORIENTED_EDGE('',*,*,#923,.F.);
#1218=ORIENTED_EDGE('',*,*,#932,.F.);
#1219=ORIENTED_EDGE('',*,*,#934,.F.);
#1220=ORIENTED_EDGE('',*,*,#936,.F.);
#1221=ORIENTED_EDGE('',*,*,#920,.F.);
#1222=ORIENTED_EDGE('',*,*,#916,.F.);
#1223=ORIENTED_EDGE('',*,*,#878,.F.);
#1224=ORIENTED_EDGE('',*,*,#884,.F.);
#1225=ORIENTED_EDGE('',*,*,#869,.F.);
#1226=ORIENTED_EDGE('',*,*,#876,.F.);
#1227=ORIENTED_EDGE('',*,*,#882,.F.);
#1228=ORIENTED_EDGE('',*,*,#937,.T.);
#1229=ORIENTED_EDGE('',*,*,#938,.T.);
#1230=ORIENTED_EDGE('',*,*,#939,.T.);
#1231=ORIENTED_EDGE('',*,*,#940,.T.);
#1232=ORIENTED_EDGE('',*,*,#892,.F.);
#1233=ORIENTED_EDGE('',*,*,#941,.T.);
#1234=ORIENTED_EDGE('',*,*,#937,.F.);
#1235=ORIENTED_EDGE('',*,*,#942,.F.);
#1236=ORIENTED_EDGE('',*,*,#891,.F.);
#1237=ORIENTED_EDGE('',*,*,#943,.T.);
#1238=ORIENTED_EDGE('',*,*,#938,.F.);
#1239=ORIENTED_EDGE('',*,*,#941,.F.);
#1240=ORIENTED_EDGE('',*,*,#890,.F.);
#1241=ORIENTED_EDGE('',*,*,#944,.T.);
#1242=ORIENTED_EDGE('',*,*,#939,.F.);
#1243=ORIENTED_EDGE('',*,*,#943,.F.);
#1244=ORIENTED_EDGE('',*,*,#889,.F.);
#1245=ORIENTED_EDGE('',*,*,#942,.T.);
#1246=ORIENTED_EDGE('',*,*,#940,.F.);
#1247=ORIENTED_EDGE('',*,*,#944,.F.);
#1248=ORIENTED_EDGE('',*,*,#945,.T.);
#1249=ORIENTED_EDGE('',*,*,#946,.T.);
#1250=ORIENTED_EDGE('',*,*,#947,.T.);
#1251=ORIENTED_EDGE('',*,*,#948,.T.);
#1252=ORIENTED_EDGE('',*,*,#927,.F.);
#1253=ORIENTED_EDGE('',*,*,#949,.T.);
#1254=ORIENTED_EDGE('',*,*,#945,.F.);
#1255=ORIENTED_EDGE('',*,*,#950,.F.);
#1256=ORIENTED_EDGE('',*,*,#926,.F.);
#1257=ORIENTED_EDGE('',*,*,#951,.T.);
#1258=ORIENTED_EDGE('',*,*,#946,.F.);
#1259=ORIENTED_EDGE('',*,*,#949,.F.);
#1260=ORIENTED_EDGE('',*,*,#925,.F.);
#1261=ORIENTED_EDGE('',*,*,#952,.T.);
#1262=ORIENTED_EDGE('',*,*,#947,.F.);
#1263=ORIENTED_EDGE('',*,*,#951,.F.);
#1264=ORIENTED_EDGE('',*,*,#924,.F.);
#1265=ORIENTED_EDGE('',*,*,#950,.T.);
#1266=ORIENTED_EDGE('',*,*,#948,.F.);
#1267=ORIENTED_EDGE('',*,*,#952,.F.);
#1268=ORIENTED_EDGE('',*,*,#953,.T.);
#1269=ORIENTED_EDGE('',*,*,#954,.T.);
#1270=ORIENTED_EDGE('',*,*,#955,.T.);
#1271=ORIENTED_EDGE('',*,*,#956,.T.);
#1272=ORIENTED_EDGE('',*,*,#931,.F.);
#1273=ORIENTED_EDGE('',*,*,#957,.T.);
#1274=ORIENTED_EDGE('',*,*,#953,.F.);
#1275=ORIENTED_EDGE('',*,*,#958,.F.);
#1276=ORIENTED_EDGE('',*,*,#930,.F.);
#1277=ORIENTED_EDGE('',*,*,#959,.T.);
#1278=ORIENTED_EDGE('',*,*,#954,.F.);
#1279=ORIENTED_EDGE('',*,*,#957,.F.);
#1280=ORIENTED_EDGE('',*,*,#929,.F.);
#1281=ORIENTED_EDGE('',*,*,#960,.T.);
#1282=ORIENTED_EDGE('',*,*,#955,.F.);
#1283=ORIENTED_EDGE('',*,*,#959,.F.);
#1284=ORIENTED_EDGE('',*,*,#928,.F.);
#1285=ORIENTED_EDGE('',*,*,#958,.T.);
#1286=ORIENTED_EDGE('',*,*,#956,.F.);
#1287=ORIENTED_EDGE('',*,*,#960,.F.);
#1288=ORIENTED_EDGE('',*,*,#961,.F.);
#1289=ORIENTED_EDGE('',*,*,#962,.T.);
#1290=ORIENTED_EDGE('',*,*,#963,.F.);
#1291=ORIENTED_EDGE('',*,*,#962,.F.);
#1292=ORIENTED_EDGE('',*,*,#964,.T.);
#1293=ORIENTED_EDGE('',*,*,#965,.T.);
#1294=ORIENTED_EDGE('',*,*,#961,.T.);
#1295=ORIENTED_EDGE('',*,*,#965,.F.);
#1296=ORIENTED_EDGE('',*,*,#966,.T.);
#1297=ORIENTED_EDGE('',*,*,#967,.T.);
#1298=ORIENTED_EDGE('',*,*,#968,.T.);
#1299=ORIENTED_EDGE('',*,*,#969,.T.);
#1300=ORIENTED_EDGE('',*,*,#970,.T.);
#1301=ORIENTED_EDGE('',*,*,#971,.T.);
#1302=ORIENTED_EDGE('',*,*,#972,.T.);
#1303=ORIENTED_EDGE('',*,*,#973,.T.);
#1304=ORIENTED_EDGE('',*,*,#974,.T.);
#1305=ORIENTED_EDGE('',*,*,#975,.F.);
#1306=ORIENTED_EDGE('',*,*,#976,.T.);
#1307=ORIENTED_EDGE('',*,*,#977,.T.);
#1308=ORIENTED_EDGE('',*,*,#978,.T.);
#1309=ORIENTED_EDGE('',*,*,#979,.T.);
#1310=ORIENTED_EDGE('',*,*,#980,.T.);
#1311=ORIENTED_EDGE('',*,*,#981,.F.);
#1312=ORIENTED_EDGE('',*,*,#982,.F.);
#1313=ORIENTED_EDGE('',*,*,#966,.F.);
#1314=ORIENTED_EDGE('',*,*,#983,.T.);
#1315=ORIENTED_EDGE('',*,*,#969,.F.);
#1316=ORIENTED_EDGE('',*,*,#984,.F.);
#1317=ORIENTED_EDGE('',*,*,#968,.F.);
#1318=ORIENTED_EDGE('',*,*,#985,.T.);
#1319=ORIENTED_EDGE('',*,*,#970,.F.);
#1320=ORIENTED_EDGE('',*,*,#983,.F.);
#1321=ORIENTED_EDGE('',*,*,#986,.T.);
#1322=ORIENTED_EDGE('',*,*,#987,.T.);
#1323=ORIENTED_EDGE('',*,*,#988,.T.);
#1324=ORIENTED_EDGE('',*,*,#989,.T.);
#1325=ORIENTED_EDGE('',*,*,#967,.F.);
#1326=ORIENTED_EDGE('',*,*,#982,.T.);
#1327=ORIENTED_EDGE('',*,*,#990,.F.);
#1328=ORIENTED_EDGE('',*,*,#984,.T.);
#1329=ORIENTED_EDGE('',*,*,#971,.F.);
#1330=ORIENTED_EDGE('',*,*,#985,.F.);
#1331=ORIENTED_EDGE('',*,*,#991,.F.);
#1332=ORIENTED_EDGE('',*,*,#992,.F.);
#1333=ORIENTED_EDGE('',*,*,#993,.F.);
#1334=ORIENTED_EDGE('',*,*,#991,.T.);
#1335=ORIENTED_EDGE('',*,*,#994,.T.);
#1336=ORIENTED_EDGE('',*,*,#974,.F.);
#1337=ORIENTED_EDGE('',*,*,#995,.F.);
#1338=ORIENTED_EDGE('',*,*,#996,.T.);
#1339=ORIENTED_EDGE('',*,*,#997,.T.);
#1340=ORIENTED_EDGE('',*,*,#998,.T.);
#1341=ORIENTED_EDGE('',*,*,#999,.T.);
#1342=ORIENTED_EDGE('',*,*,#1000,.T.);
#1343=ORIENTED_EDGE('',*,*,#1001,.F.);
#1344=ORIENTED_EDGE('',*,*,#992,.T.);
#1345=ORIENTED_EDGE('',*,*,#995,.T.);
#1346=ORIENTED_EDGE('',*,*,#973,.F.);
#1347=ORIENTED_EDGE('',*,*,#1002,.F.);
#1348=ORIENTED_EDGE('',*,*,#1003,.T.);
#1349=ORIENTED_EDGE('',*,*,#1004,.T.);
#1350=ORIENTED_EDGE('',*,*,#993,.T.);
#1351=ORIENTED_EDGE('',*,*,#1001,.T.);
#1352=ORIENTED_EDGE('',*,*,#1005,.T.);
#1353=ORIENTED_EDGE('',*,*,#1002,.T.);
#1354=ORIENTED_EDGE('',*,*,#972,.F.);
#1355=ORIENTED_EDGE('',*,*,#994,.F.);
#1356=ORIENTED_EDGE('',*,*,#987,.F.);
#1357=ORIENTED_EDGE('',*,*,#1006,.T.);
#1358=ORIENTED_EDGE('',*,*,#1007,.T.);
#1359=ORIENTED_EDGE('',*,*,#1000,.F.);
#1360=ORIENTED_EDGE('',*,*,#1008,.F.);
#1361=ORIENTED_EDGE('',*,*,#988,.F.);
#1362=ORIENTED_EDGE('',*,*,#1008,.T.);
#1363=ORIENTED_EDGE('',*,*,#1004,.F.);
#1364=ORIENTED_EDGE('',*,*,#1009,.F.);
#1365=ORIENTED_EDGE('',*,*,#989,.F.);
#1366=ORIENTED_EDGE('',*,*,#1009,.T.);
#1367=ORIENTED_EDGE('',*,*,#1003,.F.);
#1368=ORIENTED_EDGE('',*,*,#1010,.T.);
#1369=ORIENTED_EDGE('',*,*,#1011,.F.);
#1370=ORIENTED_EDGE('',*,*,#986,.F.);
#1371=ORIENTED_EDGE('',*,*,#1011,.T.);
#1372=ORIENTED_EDGE('',*,*,#1012,.T.);
#1373=ORIENTED_EDGE('',*,*,#1006,.F.);
#1374=ORIENTED_EDGE('',*,*,#1005,.F.);
#1375=ORIENTED_EDGE('',*,*,#1007,.F.);
#1376=ORIENTED_EDGE('',*,*,#1012,.F.);
#1377=ORIENTED_EDGE('',*,*,#1010,.F.);
#1378=ORIENTED_EDGE('',*,*,#979,.F.);
#1379=ORIENTED_EDGE('',*,*,#1013,.T.);
#1380=ORIENTED_EDGE('',*,*,#999,.F.);
#1381=ORIENTED_EDGE('',*,*,#1014,.F.);
#1382=ORIENTED_EDGE('',*,*,#980,.F.);
#1383=ORIENTED_EDGE('',*,*,#1014,.T.);
#1384=ORIENTED_EDGE('',*,*,#998,.F.);
#1385=ORIENTED_EDGE('',*,*,#1015,.F.);
#1386=ORIENTED_EDGE('',*,*,#976,.F.);
#1387=ORIENTED_EDGE('',*,*,#1016,.F.);
#1388=ORIENTED_EDGE('',*,*,#1017,.F.);
#1389=ORIENTED_EDGE('',*,*,#1018,.T.);
#1390=ORIENTED_EDGE('',*,*,#977,.F.);
#1391=ORIENTED_EDGE('',*,*,#1015,.T.);
#1392=ORIENTED_EDGE('',*,*,#997,.F.);
#1393=ORIENTED_EDGE('',*,*,#1019,.F.);
#1394=ORIENTED_EDGE('',*,*,#978,.F.);
#1395=ORIENTED_EDGE('',*,*,#1019,.T.);
#1396=ORIENTED_EDGE('',*,*,#996,.F.);
#1397=ORIENTED_EDGE('',*,*,#1013,.F.);
#1398=ORIENTED_EDGE('',*,*,#990,.T.);
#1399=ORIENTED_EDGE('',*,*,#1020,.F.);
#1400=ORIENTED_EDGE('',*,*,#1021,.F.);
#1401=ORIENTED_EDGE('',*,*,#1022,.T.);
#1402=ORIENTED_EDGE('',*,*,#981,.T.);
#1403=ORIENTED_EDGE('',*,*,#1018,.F.);
#1404=ORIENTED_EDGE('',*,*,#1023,.T.);
#1405=ORIENTED_EDGE('',*,*,#1020,.T.);
#1406=ORIENTED_EDGE('',*,*,#964,.F.);
#1407=ORIENTED_EDGE('',*,*,#975,.T.);
#1408=ORIENTED_EDGE('',*,*,#1022,.F.);
#1409=ORIENTED_EDGE('',*,*,#1024,.F.);
#1410=ORIENTED_EDGE('',*,*,#1016,.T.);
#1411=ORIENTED_EDGE('',*,*,#963,.T.);
#1412=ORIENTED_EDGE('',*,*,#1024,.T.);
#1413=ORIENTED_EDGE('',*,*,#1021,.T.);
#1414=ORIENTED_EDGE('',*,*,#1023,.F.);
#1415=ORIENTED_EDGE('',*,*,#1017,.T.);
#1416=ORIENTED_EDGE('',*,*,#1025,.F.);
#1417=ORIENTED_EDGE('',*,*,#1026,.T.);
#1418=ORIENTED_EDGE('',*,*,#1027,.F.);
#1419=ORIENTED_EDGE('',*,*,#1026,.F.);
#1420=ORIENTED_EDGE('',*,*,#1028,.F.);
#1421=ORIENTED_EDGE('',*,*,#1029,.T.);
#1422=ORIENTED_EDGE('',*,*,#1030,.F.);
#1423=ORIENTED_EDGE('',*,*,#1029,.F.);
#1424=ORIENTED_EDGE('',*,*,#1030,.T.);
#1425=ORIENTED_EDGE('',*,*,#1031,.T.);
#1426=ORIENTED_EDGE('',*,*,#1025,.T.);
#1427=ORIENTED_EDGE('',*,*,#1031,.F.);
#1428=ORIENTED_EDGE('',*,*,#1032,.F.);
#1429=ORIENTED_EDGE('',*,*,#1033,.T.);
#1430=ORIENTED_EDGE('',*,*,#1034,.F.);
#1431=ORIENTED_EDGE('',*,*,#1035,.F.);
#1432=ORIENTED_EDGE('',*,*,#1036,.F.);
#1433=ORIENTED_EDGE('',*,*,#1037,.T.);
#1434=ORIENTED_EDGE('',*,*,#1038,.T.);
#1435=ORIENTED_EDGE('',*,*,#1039,.F.);
#1436=ORIENTED_EDGE('',*,*,#1038,.F.);
#1437=ORIENTED_EDGE('',*,*,#1040,.T.);
#1438=ORIENTED_EDGE('',*,*,#1041,.T.);
#1439=ORIENTED_EDGE('',*,*,#1042,.F.);
#1440=ORIENTED_EDGE('',*,*,#1041,.F.);
#1441=ORIENTED_EDGE('',*,*,#1043,.T.);
#1442=ORIENTED_EDGE('',*,*,#1044,.T.);
#1443=ORIENTED_EDGE('',*,*,#1045,.F.);
#1444=ORIENTED_EDGE('',*,*,#1044,.F.);
#1445=ORIENTED_EDGE('',*,*,#1046,.T.);
#1446=ORIENTED_EDGE('',*,*,#1036,.T.);
#1447=ORIENTED_EDGE('',*,*,#1047,.F.);
#1448=ORIENTED_EDGE('',*,*,#1048,.T.);
#1449=ORIENTED_EDGE('',*,*,#1049,.T.);
#1450=ORIENTED_EDGE('',*,*,#1050,.T.);
#1451=ORIENTED_EDGE('',*,*,#1051,.T.);
#1452=ORIENTED_EDGE('',*,*,#1035,.T.);
#1453=ORIENTED_EDGE('',*,*,#1052,.F.);
#1454=ORIENTED_EDGE('',*,*,#1053,.F.);
#1455=ORIENTED_EDGE('',*,*,#1054,.F.);
#1456=ORIENTED_EDGE('',*,*,#1055,.F.);
#1457=ORIENTED_EDGE('',*,*,#1056,.F.);
#1458=ORIENTED_EDGE('',*,*,#1033,.F.);
#1459=ORIENTED_EDGE('',*,*,#1057,.F.);
#1460=ORIENTED_EDGE('',*,*,#1058,.F.);
#1461=ORIENTED_EDGE('',*,*,#1059,.F.);
#1462=ORIENTED_EDGE('',*,*,#1047,.T.);
#1463=ORIENTED_EDGE('',*,*,#1039,.T.);
#1464=ORIENTED_EDGE('',*,*,#1042,.T.);
#1465=ORIENTED_EDGE('',*,*,#1045,.T.);
#1466=ORIENTED_EDGE('',*,*,#1056,.T.);
#1467=ORIENTED_EDGE('',*,*,#1060,.F.);
#1468=ORIENTED_EDGE('',*,*,#1048,.F.);
#1469=ORIENTED_EDGE('',*,*,#1034,.T.);
#1470=ORIENTED_EDGE('',*,*,#1059,.T.);
#1471=ORIENTED_EDGE('',*,*,#1061,.F.);
#1472=ORIENTED_EDGE('',*,*,#1049,.F.);
#1473=ORIENTED_EDGE('',*,*,#1060,.T.);
#1474=ORIENTED_EDGE('',*,*,#1058,.T.);
#1475=ORIENTED_EDGE('',*,*,#1062,.T.);
#1476=ORIENTED_EDGE('',*,*,#1063,.F.);
#1477=ORIENTED_EDGE('',*,*,#1064,.F.);
#1478=ORIENTED_EDGE('',*,*,#1065,.T.);
#1479=ORIENTED_EDGE('',*,*,#1066,.T.);
#1480=ORIENTED_EDGE('',*,*,#1050,.F.);
#1481=ORIENTED_EDGE('',*,*,#1061,.T.);
#1482=ORIENTED_EDGE('',*,*,#1046,.F.);
#1483=ORIENTED_EDGE('',*,*,#1043,.F.);
#1484=ORIENTED_EDGE('',*,*,#1040,.F.);
#1485=ORIENTED_EDGE('',*,*,#1037,.F.);
#1486=ORIENTED_EDGE('',*,*,#1067,.T.);
#1487=ORIENTED_EDGE('',*,*,#1068,.T.);
#1488=ORIENTED_EDGE('',*,*,#1069,.T.);
#1489=ORIENTED_EDGE('',*,*,#1070,.T.);
#1490=ORIENTED_EDGE('',*,*,#1052,.T.);
#1491=ORIENTED_EDGE('',*,*,#1071,.F.);
#1492=ORIENTED_EDGE('',*,*,#1068,.F.);
#1493=ORIENTED_EDGE('',*,*,#1072,.T.);
#1494=ORIENTED_EDGE('',*,*,#1053,.T.);
#1495=ORIENTED_EDGE('',*,*,#1072,.F.);
#1496=ORIENTED_EDGE('',*,*,#1067,.F.);
#1497=ORIENTED_EDGE('',*,*,#1073,.T.);
#1498=ORIENTED_EDGE('',*,*,#1054,.T.);
#1499=ORIENTED_EDGE('',*,*,#1073,.F.);
#1500=ORIENTED_EDGE('',*,*,#1070,.F.);
#1501=ORIENTED_EDGE('',*,*,#1074,.T.);
#1502=ORIENTED_EDGE('',*,*,#1055,.T.);
#1503=ORIENTED_EDGE('',*,*,#1074,.F.);
#1504=ORIENTED_EDGE('',*,*,#1069,.F.);
#1505=ORIENTED_EDGE('',*,*,#1071,.T.);
#1506=ORIENTED_EDGE('',*,*,#1051,.F.);
#1507=ORIENTED_EDGE('',*,*,#1066,.F.);
#1508=ORIENTED_EDGE('',*,*,#1075,.F.);
#1509=ORIENTED_EDGE('',*,*,#1076,.F.);
#1510=ORIENTED_EDGE('',*,*,#1077,.T.);
#1511=ORIENTED_EDGE('',*,*,#1032,.T.);
#1512=ORIENTED_EDGE('',*,*,#1076,.T.);
#1513=ORIENTED_EDGE('',*,*,#1078,.F.);
#1514=ORIENTED_EDGE('',*,*,#1079,.F.);
#1515=ORIENTED_EDGE('',*,*,#1080,.T.);
#1516=ORIENTED_EDGE('',*,*,#1028,.T.);
#1517=ORIENTED_EDGE('',*,*,#1075,.T.);
#1518=ORIENTED_EDGE('',*,*,#1065,.F.);
#1519=ORIENTED_EDGE('',*,*,#1081,.F.);
#1520=ORIENTED_EDGE('',*,*,#1078,.T.);
#1521=ORIENTED_EDGE('',*,*,#1082,.T.);
#1522=ORIENTED_EDGE('',*,*,#1080,.F.);
#1523=ORIENTED_EDGE('',*,*,#1083,.F.);
#1524=ORIENTED_EDGE('',*,*,#1063,.T.);
#1525=ORIENTED_EDGE('',*,*,#1079,.T.);
#1526=ORIENTED_EDGE('',*,*,#1081,.T.);
#1527=ORIENTED_EDGE('',*,*,#1064,.T.);
#1528=ORIENTED_EDGE('',*,*,#1083,.T.);
#1529=ORIENTED_EDGE('',*,*,#1062,.F.);
#1530=ORIENTED_EDGE('',*,*,#1057,.T.);
#1531=ORIENTED_EDGE('',*,*,#1077,.F.);
#1532=ORIENTED_EDGE('',*,*,#1082,.F.);
#1533=ORIENTED_EDGE('',*,*,#1027,.T.);
#1534=ORIENTED_EDGE('',*,*,#1084,.F.);
#1535=ORIENTED_EDGE('',*,*,#1085,.T.);
#1536=ORIENTED_EDGE('',*,*,#1086,.F.);
#1537=ORIENTED_EDGE('',*,*,#1087,.F.);
#1538=ORIENTED_EDGE('',*,*,#1088,.F.);
#1539=ORIENTED_EDGE('',*,*,#1089,.T.);
#1540=ORIENTED_EDGE('',*,*,#1090,.F.);
#1541=ORIENTED_EDGE('',*,*,#1091,.F.);
#1542=ORIENTED_EDGE('',*,*,#1092,.F.);
#1543=ORIENTED_EDGE('',*,*,#1091,.T.);
#1544=ORIENTED_EDGE('',*,*,#1093,.F.);
#1545=ORIENTED_EDGE('',*,*,#1085,.F.);
#1546=ORIENTED_EDGE('',*,*,#1094,.F.);
#1547=ORIENTED_EDGE('',*,*,#1087,.T.);
#1548=ORIENTED_EDGE('',*,*,#1095,.F.);
#1549=ORIENTED_EDGE('',*,*,#1089,.F.);
#1550=ORIENTED_EDGE('',*,*,#1095,.T.);
#1551=ORIENTED_EDGE('',*,*,#1086,.T.);
#1552=ORIENTED_EDGE('',*,*,#1093,.T.);
#1553=ORIENTED_EDGE('',*,*,#1090,.T.);
#1554=ORIENTED_EDGE('',*,*,#1094,.T.);
#1555=ORIENTED_EDGE('',*,*,#1088,.T.);
#1556=ORIENTED_EDGE('',*,*,#1092,.T.);
#1557=ORIENTED_EDGE('',*,*,#1084,.T.);
#1558=PLANE('',#1787);
#1559=PLANE('',#1788);
#1560=PLANE('',#1789);
#1561=PLANE('',#1790);
#1562=PLANE('',#1791);
#1563=PLANE('',#1792);
#1564=PLANE('',#1793);
#1565=PLANE('',#1794);
#1566=PLANE('',#1795);
#1567=PLANE('',#1796);
#1568=PLANE('',#1797);
#1569=PLANE('',#1798);
#1570=PLANE('',#1799);
#1571=PLANE('',#1800);
#1572=PLANE('',#1801);
#1573=PLANE('',#1802);
#1574=PLANE('',#1803);
#1575=PLANE('',#1804);
#1576=PLANE('',#1805);
#1577=PLANE('',#1806);
#1578=PLANE('',#1807);
#1579=PLANE('',#1808);
#1580=PLANE('',#1809);
#1581=PLANE('',#1810);
#1582=PLANE('',#1811);
#1583=PLANE('',#1812);
#1584=PLANE('',#1813);
#1585=PLANE('',#1814);
#1586=PLANE('',#1815);
#1587=PLANE('',#1816);
#1588=PLANE('',#1817);
#1589=PLANE('',#1818);
#1590=PLANE('',#1819);
#1591=PLANE('',#1820);
#1592=PLANE('',#1821);
#1593=PLANE('',#1822);
#1594=PLANE('',#1823);
#1595=PLANE('',#1830);
#1596=PLANE('',#1831);
#1597=PLANE('',#1832);
#1598=PLANE('',#1833);
#1599=PLANE('',#1834);
#1600=PLANE('',#1835);
#1601=PLANE('',#1836);
#1602=PLANE('',#1837);
#1603=PLANE('',#1838);
#1604=PLANE('',#1839);
#1605=PLANE('',#1840);
#1606=PLANE('',#1841);
#1607=PLANE('',#1842);
#1608=PLANE('',#1843);
#1609=PLANE('',#1844);
#1610=PLANE('',#1845);
#1611=PLANE('',#1846);
#1612=PLANE('',#1847);
#1613=PLANE('',#1848);
#1614=PLANE('',#1849);
#1615=PLANE('',#1851);
#1616=PLANE('',#1862);
#1617=PLANE('',#1863);
#1618=PLANE('',#1864);
#1619=PLANE('',#1865);
#1620=PLANE('',#1866);
#1621=PLANE('',#1867);
#1622=PLANE('',#1868);
#1623=PLANE('',#1869);
#1624=PLANE('',#1870);
#1625=PLANE('',#1871);
#1626=PLANE('',#1872);
#1627=PLANE('',#1873);
#1628=PLANE('',#1874);
#1629=PLANE('',#1875);
#1630=PLANE('',#1876);
#1631=PLANE('',#1877);
#1632=PLANE('',#1878);
#1633=PLANE('',#1879);
#1634=PLANE('',#1880);
#1635=PLANE('',#1881);
#1636=PLANE('',#1882);
#1637=PLANE('',#1883);
#1638=PLANE('',#1885);
#1639=PLANE('',#1886);
#1640=PLANE('',#1887);
#1641=PLANE('',#1888);
#1642=PLANE('',#1889);
#1643=PLANE('',#1890);
#1644=ADVANCED_FACE('',(#72),#1558,.F.);
#1645=ADVANCED_FACE('',(#73,#58),#1559,.T.);
#1646=ADVANCED_FACE('',(#74),#1560,.T.);
#1647=ADVANCED_FACE('',(#75),#1561,.T.);
#1648=ADVANCED_FACE('',(#76),#1562,.T.);
#1649=ADVANCED_FACE('',(#77,#59),#1563,.T.);
#1650=ADVANCED_FACE('',(#78),#1564,.F.);
#1651=ADVANCED_FACE('',(#79),#1565,.F.);
#1652=ADVANCED_FACE('',(#80),#1566,.F.);
#1653=ADVANCED_FACE('',(#81),#1567,.F.);
#1654=ADVANCED_FACE('',(#82),#1568,.T.);
#1655=ADVANCED_FACE('',(#83),#1569,.T.);
#1656=ADVANCED_FACE('',(#84),#1570,.T.);
#1657=ADVANCED_FACE('',(#85),#1571,.T.);
#1658=ADVANCED_FACE('',(#86),#1572,.F.);
#1659=ADVANCED_FACE('',(#87),#1573,.F.);
#1660=ADVANCED_FACE('',(#88),#1574,.F.);
#1661=ADVANCED_FACE('',(#89,#60,#61),#1575,.F.);
#1662=ADVANCED_FACE('',(#90),#1576,.F.);
#1663=ADVANCED_FACE('',(#91,#62),#1577,.F.);
#1664=ADVANCED_FACE('',(#92),#1578,.F.);
#1665=ADVANCED_FACE('',(#93),#1579,.F.);
#1666=ADVANCED_FACE('',(#94),#1580,.T.);
#1667=ADVANCED_FACE('',(#95),#1581,.T.);
#1668=ADVANCED_FACE('',(#96),#1582,.T.);
#1669=ADVANCED_FACE('',(#97),#1583,.T.);
#1670=ADVANCED_FACE('',(#98),#1584,.T.);
#1671=ADVANCED_FACE('',(#99),#1585,.T.);
#1672=ADVANCED_FACE('',(#100),#1586,.T.);
#1673=ADVANCED_FACE('',(#101),#1587,.T.);
#1674=ADVANCED_FACE('',(#102),#1588,.T.);
#1675=ADVANCED_FACE('',(#103),#1589,.T.);
#1676=ADVANCED_FACE('',(#104),#1590,.T.);
#1677=ADVANCED_FACE('',(#105),#1591,.T.);
#1678=ADVANCED_FACE('',(#106),#1592,.T.);
#1679=ADVANCED_FACE('',(#107),#1593,.T.);
#1680=ADVANCED_FACE('',(#108),#1594,.T.);
#1681=ADVANCED_FACE('',(#109),#39,.F.);
#1682=ADVANCED_FACE('',(#110),#27,.F.);
#1683=ADVANCED_FACE('',(#111),#1595,.F.);
#1684=ADVANCED_FACE('',(#112,#63),#1596,.T.);
#1685=ADVANCED_FACE('',(#113),#1597,.T.);
#1686=ADVANCED_FACE('',(#114,#64),#1598,.T.);
#1687=ADVANCED_FACE('',(#115),#1599,.T.);
#1688=ADVANCED_FACE('',(#116),#1600,.T.);
#1689=ADVANCED_FACE('',(#117,#65),#1601,.F.);
#1690=ADVANCED_FACE('',(#118),#1602,.F.);
#1691=ADVANCED_FACE('',(#119),#1603,.F.);
#1692=ADVANCED_FACE('',(#120),#1604,.F.);
#1693=ADVANCED_FACE('',(#121),#1605,.F.);
#1694=ADVANCED_FACE('',(#122),#1606,.F.);
#1695=ADVANCED_FACE('',(#123),#1607,.F.);
#1696=ADVANCED_FACE('',(#124),#1608,.F.);
#1697=ADVANCED_FACE('',(#125),#1609,.F.);
#1698=ADVANCED_FACE('',(#126),#1610,.F.);
#1699=ADVANCED_FACE('',(#127),#1611,.F.);
#1700=ADVANCED_FACE('',(#128),#1612,.F.);
#1701=ADVANCED_FACE('',(#129),#1613,.F.);
#1702=ADVANCED_FACE('',(#130,#66),#1614,.F.);
#1703=ADVANCED_FACE('',(#131,#67),#1615,.F.);
#1704=ADVANCED_FACE('',(#132),#28,.T.);
#1705=ADVANCED_FACE('',(#133),#40,.T.);
#1706=ADVANCED_FACE('',(#134),#41,.T.);
#1707=ADVANCED_FACE('',(#135),#29,.T.);
#1708=ADVANCED_FACE('',(#136),#1616,.F.);
#1709=ADVANCED_FACE('',(#137),#1617,.T.);
#1710=ADVANCED_FACE('',(#138),#1618,.T.);
#1711=ADVANCED_FACE('',(#139),#1619,.T.);
#1712=ADVANCED_FACE('',(#140),#1620,.T.);
#1713=ADVANCED_FACE('',(#141,#68),#1621,.F.);
#1714=ADVANCED_FACE('',(#142,#69),#1622,.T.);
#1715=ADVANCED_FACE('',(#143),#1623,.F.);
#1716=ADVANCED_FACE('',(#144),#1624,.F.);
#1717=ADVANCED_FACE('',(#145),#1625,.F.);
#1718=ADVANCED_FACE('',(#146,#70),#1626,.F.);
#1719=ADVANCED_FACE('',(#147),#1627,.F.);
#1720=ADVANCED_FACE('',(#148),#1628,.F.);
#1721=ADVANCED_FACE('',(#149),#1629,.F.);
#1722=ADVANCED_FACE('',(#150),#1630,.F.);
#1723=ADVANCED_FACE('',(#151),#1631,.T.);
#1724=ADVANCED_FACE('',(#152,#71),#1632,.F.);
#1725=ADVANCED_FACE('',(#153),#1633,.F.);
#1726=ADVANCED_FACE('',(#154),#1634,.F.);
#1727=ADVANCED_FACE('',(#155),#1635,.F.);
#1728=ADVANCED_FACE('',(#156),#1636,.T.);
#1729=ADVANCED_FACE('',(#157),#1637,.T.);
#1730=ADVANCED_FACE('',(#158),#1638,.T.);
#1731=ADVANCED_FACE('',(#159),#1639,.T.);
#1732=ADVANCED_FACE('',(#160),#1640,.T.);
#1733=ADVANCED_FACE('',(#161),#1641,.T.);
#1734=ADVANCED_FACE('',(#162),#1642,.T.);
#1735=ADVANCED_FACE('',(#163),#1643,.F.);
#1736=CLOSED_SHELL('',(#1644,#1645,#1646,#1647,#1648,#1649,#1650,#1651,
#1652,#1653,#1654,#1655,#1656,#1657,#1658,#1659,#1660,#1661,#1662,#1663,
#1664,#1665,#1666,#1667,#1668,#1669,#1670,#1671,#1672,#1673,#1674,#1675,
#1676,#1677,#1678,#1679,#1680));
#1737=CLOSED_SHELL('',(#1681,#1682,#1683,#1684,#1685,#1686,#1687,#1688,
#1689,#1690,#1691,#1692,#1693,#1694,#1695,#1696,#1697,#1698,#1699,#1700,
#1701,#1702,#1703,#1704));
#1738=CLOSED_SHELL('',(#1705,#1706,#1707,#1708,#1709,#1710,#1711,#1712,
#1713,#1714,#1715,#1716,#1717,#1718,#1719,#1720,#1721,#1722,#1723,#1724,
#1725,#1726,#1727,#1728,#1729));
#1739=CLOSED_SHELL('',(#1730,#1731,#1732,#1733,#1734,#1735));
#1740=DERIVED_UNIT_ELEMENT(#1748,1.);
#1741=DERIVED_UNIT_ELEMENT(#2833,-3.);
#1742=DERIVED_UNIT_ELEMENT(#1748,1.);
#1743=DERIVED_UNIT_ELEMENT(#2833,-3.);
#1744=DERIVED_UNIT_ELEMENT(#1748,1.);
#1745=DERIVED_UNIT_ELEMENT(#2833,-3.);
#1746=DERIVED_UNIT_ELEMENT(#1748,1.);
#1747=DERIVED_UNIT_ELEMENT(#2833,-3.);
#1748=(
MASS_UNIT()
NAMED_UNIT(*)
SI_UNIT(.KILO.,.GRAM.)
);
#1749=DERIVED_UNIT((#1740,#1741));
#1750=DERIVED_UNIT((#1742,#1743));
#1751=DERIVED_UNIT((#1744,#1745));
#1752=DERIVED_UNIT((#1746,#1747));
#1753=MEASURE_REPRESENTATION_ITEM('density measure',
POSITIVE_RATIO_MEASURE(7850.),#1749);
#1754=MEASURE_REPRESENTATION_ITEM('density measure',
POSITIVE_RATIO_MEASURE(7850.),#1750);
#1755=MEASURE_REPRESENTATION_ITEM('density measure',
POSITIVE_RATIO_MEASURE(7850.),#1751);
#1756=MEASURE_REPRESENTATION_ITEM('density measure',
POSITIVE_RATIO_MEASURE(7850.),#1752);
#1757=PROPERTY_DEFINITION_REPRESENTATION(#1777,#1765);
#1758=PROPERTY_DEFINITION_REPRESENTATION(#1778,#1766);
#1759=PROPERTY_DEFINITION_REPRESENTATION(#1779,#1767);
#1760=PROPERTY_DEFINITION_REPRESENTATION(#1780,#1768);
#1761=PROPERTY_DEFINITION_REPRESENTATION(#1781,#1769);
#1762=PROPERTY_DEFINITION_REPRESENTATION(#1782,#1770);
#1763=PROPERTY_DEFINITION_REPRESENTATION(#1783,#1771);
#1764=PROPERTY_DEFINITION_REPRESENTATION(#1784,#1772);
#1765=REPRESENTATION('material name',(#1773),#2827);
#1766=REPRESENTATION('density',(#1753),#2827);
#1767=REPRESENTATION('material name',(#1774),#2828);
#1768=REPRESENTATION('density',(#1754),#2828);
#1769=REPRESENTATION('material name',(#1775),#2829);
#1770=REPRESENTATION('density',(#1755),#2829);
#1771=REPRESENTATION('material name',(#1776),#2830);
#1772=REPRESENTATION('density',(#1756),#2830);
#1773=DESCRIPTIVE_REPRESENTATION_ITEM('Steel','Steel');
#1774=DESCRIPTIVE_REPRESENTATION_ITEM('Steel','Steel');
#1775=DESCRIPTIVE_REPRESENTATION_ITEM('Steel','Steel');
#1776=DESCRIPTIVE_REPRESENTATION_ITEM('Steel','Steel');
#1777=PROPERTY_DEFINITION('material property','material name',#2857);
#1778=PROPERTY_DEFINITION('material property','density of part',#2857);
#1779=PROPERTY_DEFINITION('material property','material name',#2858);
#1780=PROPERTY_DEFINITION('material property','density of part',#2858);
#1781=PROPERTY_DEFINITION('material property','material name',#2859);
#1782=PROPERTY_DEFINITION('material property','density of part',#2859);
#1783=PROPERTY_DEFINITION('material property','material name',#2860);
#1784=PROPERTY_DEFINITION('material property','density of part',#2860);
#1785=AXIS2_PLACEMENT_3D('',#2337,#1895,#1896);
#1786=AXIS2_PLACEMENT_3D('',#2338,#1897,#1898);
#1787=AXIS2_PLACEMENT_3D('',#2339,#1899,#1900);
#1788=AXIS2_PLACEMENT_3D('',#2348,#1905,#1906);
#1789=AXIS2_PLACEMENT_3D('',#2362,#1914,#1915);
#1790=AXIS2_PLACEMENT_3D('',#2366,#1918,#1919);
#1791=AXIS2_PLACEMENT_3D('',#2378,#1926,#1927);
#1792=AXIS2_PLACEMENT_3D('',#2380,#1929,#1930);
#1793=AXIS2_PLACEMENT_3D('',#2397,#1939,#1940);
#1794=AXIS2_PLACEMENT_3D('',#2403,#1944,#1945);
#1795=AXIS2_PLACEMENT_3D('',#2407,#1948,#1949);
#1796=AXIS2_PLACEMENT_3D('',#2411,#1952,#1953);
#1797=AXIS2_PLACEMENT_3D('',#2413,#1955,#1956);
#1798=AXIS2_PLACEMENT_3D('',#2422,#1961,#1962);
#1799=AXIS2_PLACEMENT_3D('',#2431,#1967,#1968);
#1800=AXIS2_PLACEMENT_3D('',#2434,#1971,#1972);
#1801=AXIS2_PLACEMENT_3D('',#2437,#1975,#1976);
#1802=AXIS2_PLACEMENT_3D('',#2443,#1980,#1981);
#1803=AXIS2_PLACEMENT_3D('',#2447,#1984,#1985);
#1804=AXIS2_PLACEMENT_3D('',#2451,#1988,#1989);
#1805=AXIS2_PLACEMENT_3D('',#2474,#2002,#2003);
#1806=AXIS2_PLACEMENT_3D('',#2478,#2006,#2007);
#1807=AXIS2_PLACEMENT_3D('',#2482,#2010,#2011);
#1808=AXIS2_PLACEMENT_3D('',#2484,#2013,#2014);
#1809=AXIS2_PLACEMENT_3D('',#2485,#2015,#2016);
#1810=AXIS2_PLACEMENT_3D('',#2494,#2021,#2022);
#1811=AXIS2_PLACEMENT_3D('',#2497,#2025,#2026);
#1812=AXIS2_PLACEMENT_3D('',#2499,#2028,#2029);
#1813=AXIS2_PLACEMENT_3D('',#2501,#2031,#2032);
#1814=AXIS2_PLACEMENT_3D('',#2502,#2033,#2034);
#1815=AXIS2_PLACEMENT_3D('',#2511,#2039,#2040);
#1816=AXIS2_PLACEMENT_3D('',#2514,#2043,#2044);
#1817=AXIS2_PLACEMENT_3D('',#2516,#2046,#2047);
#1818=AXIS2_PLACEMENT_3D('',#2518,#2049,#2050);
#1819=AXIS2_PLACEMENT_3D('',#2519,#2051,#2052);
#1820=AXIS2_PLACEMENT_3D('',#2528,#2057,#2058);
#1821=AXIS2_PLACEMENT_3D('',#2531,#2061,#2062);
#1822=AXIS2_PLACEMENT_3D('',#2533,#2064,#2065);
#1823=AXIS2_PLACEMENT_3D('',#2535,#2067,#2068);
#1824=AXIS2_PLACEMENT_3D('',#2536,#2069,#2070);
#1825=AXIS2_PLACEMENT_3D('',#2537,#2071,#2072);
#1826=AXIS2_PLACEMENT_3D('',#2539,#2073,#2074);
#1827=AXIS2_PLACEMENT_3D('',#2542,#2076,#2077);
#1828=AXIS2_PLACEMENT_3D('',#2543,#2078,#2079);
#1829=AXIS2_PLACEMENT_3D('',#2545,#2080,#2081);
#1830=AXIS2_PLACEMENT_3D('',#2547,#2083,#2084);
#1831=AXIS2_PLACEMENT_3D('',#2554,#2088,#2089);
#1832=AXIS2_PLACEMENT_3D('',#2567,#2096,#2097);
#1833=AXIS2_PLACEMENT_3D('',#2586,#2108,#2109);
#1834=AXIS2_PLACEMENT_3D('',#2596,#2115,#2116);
#1835=AXIS2_PLACEMENT_3D('',#2598,#2118,#2119);
#1836=AXIS2_PLACEMENT_3D('',#2605,#2123,#2124);
#1837=AXIS2_PLACEMENT_3D('',#2616,#2131,#2132);
#1838=AXIS2_PLACEMENT_3D('',#2626,#2138,#2139);
#1839=AXIS2_PLACEMENT_3D('',#2628,#2141,#2142);
#1840=AXIS2_PLACEMENT_3D('',#2633,#2146,#2147);
#1841=AXIS2_PLACEMENT_3D('',#2635,#2149,#2150);
#1842=AXIS2_PLACEMENT_3D('',#2639,#2153,#2154);
#1843=AXIS2_PLACEMENT_3D('',#2641,#2156,#2157);
#1844=AXIS2_PLACEMENT_3D('',#2642,#2158,#2159);
#1845=AXIS2_PLACEMENT_3D('',#2645,#2162,#2163);
#1846=AXIS2_PLACEMENT_3D('',#2652,#2168,#2169);
#1847=AXIS2_PLACEMENT_3D('',#2654,#2171,#2172);
#1848=AXIS2_PLACEMENT_3D('',#2655,#2173,#2174);
#1849=AXIS2_PLACEMENT_3D('',#2661,#2178,#2179);
#1850=AXIS2_PLACEMENT_3D('',#2662,#2180,#2181);
#1851=AXIS2_PLACEMENT_3D('',#2663,#2182,#2183);
#1852=AXIS2_PLACEMENT_3D('',#2664,#2184,#2185);
#1853=AXIS2_PLACEMENT_3D('',#2665,#2186,#2187);
#1854=AXIS2_PLACEMENT_3D('',#2666,#2188,#2189);
#1855=AXIS2_PLACEMENT_3D('',#2667,#2190,#2191);
#1856=AXIS2_PLACEMENT_3D('',#2669,#2192,#2193);
#1857=AXIS2_PLACEMENT_3D('',#2672,#2195,#2196);
#1858=AXIS2_PLACEMENT_3D('',#2673,#2197,#2198);
#1859=AXIS2_PLACEMENT_3D('',#2675,#2199,#2200);
#1860=AXIS2_PLACEMENT_3D('',#2678,#2202,#2203);
#1861=AXIS2_PLACEMENT_3D('',#2679,#2204,#2205);
#1862=AXIS2_PLACEMENT_3D('',#2681,#2207,#2208);
#1863=AXIS2_PLACEMENT_3D('',#2690,#2213,#2214);
#1864=AXIS2_PLACEMENT_3D('',#2699,#2219,#2220);
#1865=AXIS2_PLACEMENT_3D('',#2705,#2224,#2225);
#1866=AXIS2_PLACEMENT_3D('',#2711,#2229,#2230);
#1867=AXIS2_PLACEMENT_3D('',#2714,#2233,#2234);
#1868=AXIS2_PLACEMENT_3D('',#2730,#2243,#2244);
#1869=AXIS2_PLACEMENT_3D('',#2738,#2249,#2250);
#1870=AXIS2_PLACEMENT_3D('',#2740,#2252,#2253);
#1871=AXIS2_PLACEMENT_3D('',#2742,#2255,#2256);
#1872=AXIS2_PLACEMENT_3D('',#2752,#2262,#2263);
#1873=AXIS2_PLACEMENT_3D('',#2761,#2268,#2269);
#1874=AXIS2_PLACEMENT_3D('',#2764,#2272,#2273);
#1875=AXIS2_PLACEMENT_3D('',#2766,#2275,#2276);
#1876=AXIS2_PLACEMENT_3D('',#2768,#2278,#2279);
#1877=AXIS2_PLACEMENT_3D('',#2769,#2280,#2281);
#1878=AXIS2_PLACEMENT_3D('',#2773,#2284,#2285);
#1879=AXIS2_PLACEMENT_3D('',#2781,#2290,#2291);
#1880=AXIS2_PLACEMENT_3D('',#2783,#2293,#2294);
#1881=AXIS2_PLACEMENT_3D('',#2786,#2297,#2298);
#1882=AXIS2_PLACEMENT_3D('',#2787,#2299,#2300);
#1883=AXIS2_PLACEMENT_3D('',#2788,#2301,#2302);
#1884=AXIS2_PLACEMENT_3D('',#2789,#2303,#2304);
#1885=AXIS2_PLACEMENT_3D('',#2790,#2305,#2306);
#1886=AXIS2_PLACEMENT_3D('',#2799,#2311,#2312);
#1887=AXIS2_PLACEMENT_3D('',#2808,#2317,#2318);
#1888=AXIS2_PLACEMENT_3D('',#2811,#2321,#2322);
#1889=AXIS2_PLACEMENT_3D('',#2814,#2325,#2326);
#1890=AXIS2_PLACEMENT_3D('',#2815,#2327,#2328);
#1891=AXIS2_PLACEMENT_3D('',#2816,#2329,#2330);
#1892=AXIS2_PLACEMENT_3D('',#2817,#2331,#2332);
#1893=AXIS2_PLACEMENT_3D('',#2818,#2333,#2334);
#1894=AXIS2_PLACEMENT_3D('',#2819,#2335,#2336);
#1895=DIRECTION('axis',(0.,0.,1.));
#1896=DIRECTION('refdir',(1.,0.,0.));
#1897=DIRECTION('axis',(0.,0.,1.));
#1898=DIRECTION('refdir',(1.,0.,0.));
#1899=DIRECTION('center_axis',(0.,0.,1.));
#1900=DIRECTION('ref_axis',(1.,0.,0.));
#1901=DIRECTION('',(8.21730109605221E-34,-1.,0.));
#1902=DIRECTION('',(-1.,0.,0.));
#1903=DIRECTION('',(0.,1.,0.));
#1904=DIRECTION('',(1.,4.03975549310493E-33,0.));
#1905=DIRECTION('center_axis',(-1.,-8.21730109605221E-34,0.));
#1906=DIRECTION('ref_axis',(-8.21730109605221E-34,1.,0.));
#1907=DIRECTION('',(-8.21730109605221E-34,1.,0.));
#1908=DIRECTION('',(0.,0.,1.));
#1909=DIRECTION('',(0.,0.,1.));
#1910=DIRECTION('',(0.,0.,1.));
#1911=DIRECTION('',(8.21730109605221E-34,-1.,-1.55820775385987E-16));
#1912=DIRECTION('',(0.,0.,-1.));
#1913=DIRECTION('',(-8.21730109605221E-34,1.,1.94775969232484E-16));
#1914=DIRECTION('center_axis',(4.03975549310493E-33,-1.,0.));
#1915=DIRECTION('ref_axis',(0.,0.,-1.));
#1916=DIRECTION('',(-1.,-4.03975549310493E-33,0.));
#1917=DIRECTION('',(0.,0.,1.));
#1918=DIRECTION('center_axis',(1.,0.,0.));
#1919=DIRECTION('ref_axis',(0.,1.,0.));
#1920=DIRECTION('',(0.,-1.,0.));
#1921=DIRECTION('',(0.,0.,-1.));
#1922=DIRECTION('',(0.,-1.,0.));
#1923=DIRECTION('',(0.,0.,1.));
#1924=DIRECTION('',(0.,-1.,0.));
#1925=DIRECTION('',(0.,0.,1.));
#1926=DIRECTION('center_axis',(0.,1.,0.));
#1927=DIRECTION('ref_axis',(1.,0.,0.));
#1928=DIRECTION('',(1.,0.,0.));
#1929=DIRECTION('center_axis',(0.,0.,1.));
#1930=DIRECTION('ref_axis',(1.,0.,0.));
#1931=DIRECTION('',(0.,-1.,0.));
#1932=DIRECTION('',(1.,4.03975549310493E-33,0.));
#1933=DIRECTION('',(0.,1.,0.));
#1934=DIRECTION('',(-1.,0.,0.));
#1935=DIRECTION('',(-1.,0.,0.));
#1936=DIRECTION('',(0.,1.,0.));
#1937=DIRECTION('',(1.,0.,0.));
#1938=DIRECTION('',(0.,-1.,0.));
#1939=DIRECTION('center_axis',(0.,1.94775969232484E-16,-1.));
#1940=DIRECTION('ref_axis',(-1.,0.,0.));
#1941=DIRECTION('',(8.21730109605221E-34,-1.,-1.94775969232484E-16));
#1942=DIRECTION('',(-1.,0.,0.));
#1943=DIRECTION('',(-1.,0.,0.));
#1944=DIRECTION('center_axis',(0.,-1.,0.));
#1945=DIRECTION('ref_axis',(0.,0.,-1.));
#1946=DIRECTION('',(0.,0.,1.));
#1947=DIRECTION('',(-1.,0.,0.));
#1948=DIRECTION('center_axis',(0.,-1.55820775385987E-16,1.));
#1949=DIRECTION('ref_axis',(0.,-1.,-1.55820775385987E-16));
#1950=DIRECTION('',(-8.21730109605221E-34,1.,1.55820775385987E-16));
#1951=DIRECTION('',(-1.,0.,0.));
#1952=DIRECTION('center_axis',(0.,1.,0.));
#1953=DIRECTION('ref_axis',(1.,0.,0.));
#1954=DIRECTION('',(0.,0.,-1.));
#1955=DIRECTION('center_axis',(0.,0.,1.));
#1956=DIRECTION('ref_axis',(1.,0.,0.));
#1957=DIRECTION('',(0.,1.,0.));
#1958=DIRECTION('',(-1.,0.,0.));
#1959=DIRECTION('',(8.21730109605221E-34,-1.,0.));
#1960=DIRECTION('',(1.,4.03975549310493E-33,0.));
#1961=DIRECTION('center_axis',(0.,0.,1.));
#1962=DIRECTION('ref_axis',(1.,0.,0.));
#1963=DIRECTION('',(1.,0.,0.));
#1964=DIRECTION('',(0.,-1.,0.));
#1965=DIRECTION('',(-1.,-4.03975549310493E-33,0.));
#1966=DIRECTION('',(0.,1.,0.));
#1967=DIRECTION('center_axis',(-1.,0.,0.));
#1968=DIRECTION('ref_axis',(0.,0.,1.));
#1969=DIRECTION('',(0.,0.,-1.));
#1970=DIRECTION('',(0.,0.,1.));
#1971=DIRECTION('center_axis',(1.,0.,0.));
#1972=DIRECTION('ref_axis',(0.,1.,0.));
#1973=DIRECTION('',(0.,0.,-1.));
#1974=DIRECTION('',(0.,0.,1.));
#1975=DIRECTION('center_axis',(0.,0.,-1.));
#1976=DIRECTION('ref_axis',(0.,-1.,0.));
#1977=DIRECTION('',(-1.,0.,0.));
#1978=DIRECTION('',(0.,1.,0.));
#1979=DIRECTION('',(-1.,0.,0.));
#1980=DIRECTION('center_axis',(0.,1.,0.));
#1981=DIRECTION('ref_axis',(1.,0.,0.));
#1982=DIRECTION('',(-1.,0.,0.));
#1983=DIRECTION('',(0.,0.,1.));
#1984=DIRECTION('center_axis',(0.,-1.,0.));
#1985=DIRECTION('ref_axis',(0.,0.,-1.));
#1986=DIRECTION('',(1.,0.,0.));
#1987=DIRECTION('',(0.,0.,-1.));
#1988=DIRECTION('center_axis',(1.,0.,0.));
#1989=DIRECTION('ref_axis',(0.,1.,0.));
#1990=DIRECTION('',(0.,1.,0.));
#1991=DIRECTION('',(0.,0.,1.));
#1992=DIRECTION('',(0.,0.,1.));
#1993=DIRECTION('',(0.,1.,0.));
#1994=DIRECTION('',(0.,0.,1.));
#1995=DIRECTION('',(0.,-1.,0.));
#1996=DIRECTION('',(0.,0.,-1.));
#1997=DIRECTION('',(0.,1.,0.));
#1998=DIRECTION('',(0.,0.,1.));
#1999=DIRECTION('',(0.,-1.,0.));
#2000=DIRECTION('',(0.,0.,-1.));
#2001=DIRECTION('',(0.,1.,0.));
#2002=DIRECTION('center_axis',(4.03975549310493E-33,-1.,0.));
#2003=DIRECTION('ref_axis',(0.,0.,-1.));
#2004=DIRECTION('',(1.,4.03975549310493E-33,0.));
#2005=DIRECTION('',(0.,0.,1.));
#2006=DIRECTION('center_axis',(-1.,-8.21730109605221E-34,0.));
#2007=DIRECTION('ref_axis',(-8.21730109605221E-34,1.,0.));
#2008=DIRECTION('',(8.21730109605221E-34,-1.,0.));
#2009=DIRECTION('',(0.,0.,1.));
#2010=DIRECTION('center_axis',(0.,1.,0.));
#2011=DIRECTION('ref_axis',(1.,0.,0.));
#2012=DIRECTION('',(-1.,0.,0.));
#2013=DIRECTION('center_axis',(0.,0.,-1.));
#2014=DIRECTION('ref_axis',(0.,-1.,0.));
#2015=DIRECTION('center_axis',(0.,0.,1.));
#2016=DIRECTION('ref_axis',(1.,0.,0.));
#2017=DIRECTION('',(0.,1.,0.));
#2018=DIRECTION('',(-1.,0.,0.));
#2019=DIRECTION('',(0.,-1.,0.));
#2020=DIRECTION('',(1.,0.,0.));
#2021=DIRECTION('center_axis',(1.,0.,0.));
#2022=DIRECTION('ref_axis',(0.,1.,0.));
#2023=DIRECTION('',(0.,0.,1.));
#2024=DIRECTION('',(0.,0.,1.));
#2025=DIRECTION('center_axis',(0.,1.,0.));
#2026=DIRECTION('ref_axis',(1.,0.,0.));
#2027=DIRECTION('',(0.,0.,1.));
#2028=DIRECTION('center_axis',(-1.,0.,0.));
#2029=DIRECTION('ref_axis',(0.,0.,1.));
#2030=DIRECTION('',(0.,0.,1.));
#2031=DIRECTION('center_axis',(0.,-1.,0.));
#2032=DIRECTION('ref_axis',(0.,0.,-1.));
#2033=DIRECTION('center_axis',(-1.,0.,0.));
#2034=DIRECTION('ref_axis',(0.,0.,1.));
#2035=DIRECTION('',(0.,-1.,0.));
#2036=DIRECTION('',(0.,0.,1.));
#2037=DIRECTION('',(0.,1.,0.));
#2038=DIRECTION('',(0.,0.,-1.));
#2039=DIRECTION('center_axis',(0.,0.,-1.));
#2040=DIRECTION('ref_axis',(0.,-1.,0.));
#2041=DIRECTION('',(-1.,0.,0.));
#2042=DIRECTION('',(-1.,0.,0.));
#2043=DIRECTION('center_axis',(0.,-1.,0.));
#2044=DIRECTION('ref_axis',(0.,0.,-1.));
#2045=DIRECTION('',(-1.,0.,0.));
#2046=DIRECTION('center_axis',(0.,0.,1.));
#2047=DIRECTION('ref_axis',(1.,0.,0.));
#2048=DIRECTION('',(-1.,0.,0.));
#2049=DIRECTION('center_axis',(0.,1.,0.));
#2050=DIRECTION('ref_axis',(1.,0.,0.));
#2051=DIRECTION('center_axis',(-1.,0.,0.));
#2052=DIRECTION('ref_axis',(0.,0.,1.));
#2053=DIRECTION('',(0.,-1.,0.));
#2054=DIRECTION('',(0.,0.,1.));
#2055=DIRECTION('',(0.,1.,0.));
#2056=DIRECTION('',(0.,0.,-1.));
#2057=DIRECTION('center_axis',(0.,0.,-1.));
#2058=DIRECTION('ref_axis',(0.,-1.,0.));
#2059=DIRECTION('',(-1.,0.,0.));
#2060=DIRECTION('',(-1.,0.,0.));
#2061=DIRECTION('center_axis',(0.,-1.,0.));
#2062=DIRECTION('ref_axis',(0.,0.,-1.));
#2063=DIRECTION('',(-1.,0.,0.));
#2064=DIRECTION('center_axis',(0.,0.,1.));
#2065=DIRECTION('ref_axis',(1.,0.,0.));
#2066=DIRECTION('',(-1.,0.,0.));
#2067=DIRECTION('center_axis',(0.,1.,0.));
#2068=DIRECTION('ref_axis',(1.,0.,0.));
#2069=DIRECTION('axis',(0.,0.,1.));
#2070=DIRECTION('refdir',(1.,0.,0.));
#2071=DIRECTION('center_axis',(0.,0.,1.));
#2072=DIRECTION('ref_axis',(1.,0.,0.));
#2073=DIRECTION('center_axis',(0.,0.,1.));
#2074=DIRECTION('ref_axis',(-1.,0.,0.));
#2075=DIRECTION('',(-0.70710678118655,-8.65956056235496E-17,0.707106781186545));
#2076=DIRECTION('center_axis',(0.,0.,-1.));
#2077=DIRECTION('ref_axis',(-1.,0.,0.));
#2078=DIRECTION('center_axis',(0.,0.,1.));
#2079=DIRECTION('ref_axis',(1.,0.,0.));
#2080=DIRECTION('center_axis',(0.,0.,-1.));
#2081=DIRECTION('ref_axis',(1.,0.,0.));
#2082=DIRECTION('',(0.,0.,1.));
#2083=DIRECTION('center_axis',(0.,0.,1.));
#2084=DIRECTION('ref_axis',(1.,0.,0.));
#2085=DIRECTION('',(-1.,-6.12323399573677E-17,0.));
#2086=DIRECTION('',(0.707106895706447,0.70710666666663,0.));
#2087=DIRECTION('',(0.,-1.,0.));
#2088=DIRECTION('center_axis',(0.,0.,1.));
#2089=DIRECTION('ref_axis',(1.,0.,0.));
#2090=DIRECTION('',(1.,6.12323399573677E-17,0.));
#2091=DIRECTION('',(0.,1.,0.));
#2092=DIRECTION('',(-0.707106895706447,-0.70710666666663,0.));
#2093=DIRECTION('',(0.707106895706447,0.70710666666663,0.));
#2094=DIRECTION('',(0.,-1.,0.));
#2095=DIRECTION('',(-1.,-6.12323399573677E-17,0.));
#2096=DIRECTION('center_axis',(6.12323399573677E-17,-1.,0.));
#2097=DIRECTION('ref_axis',(0.,0.,-1.));
#2098=DIRECTION('',(-1.,-6.12323399573677E-17,0.));
#2099=DIRECTION('',(0.,0.,1.));
#2100=DIRECTION('',(1.,6.12323399573677E-17,0.));
#2101=DIRECTION('',(9.42642190719473E-17,5.77201870802925E-33,-1.));
#2102=DIRECTION('',(-1.,-6.12323399573677E-17,-5.74662555748381E-17));
#2103=DIRECTION('',(0.,0.,1.));
#2104=DIRECTION('',(1.,6.12323399573677E-17,0.));
#2105=DIRECTION('',(0.,0.,1.));
#2106=DIRECTION('',(0.,0.,1.));
#2107=DIRECTION('',(0.,0.,1.));
#2108=DIRECTION('center_axis',(1.,0.,0.));
#2109=DIRECTION('ref_axis',(0.,1.,0.));
#2110=DIRECTION('',(0.,0.,1.));
#2111=DIRECTION('',(0.,0.,-1.));
#2112=DIRECTION('',(0.,-1.,0.));
#2113=DIRECTION('',(0.,0.,1.));
#2114=DIRECTION('',(0.,1.,0.));
#2115=DIRECTION('center_axis',(-0.70710666666663,0.707106895706447,0.));
#2116=DIRECTION('ref_axis',(0.,0.,1.));
#2117=DIRECTION('',(0.,0.,-1.));
#2118=DIRECTION('center_axis',(0.,0.,1.));
#2119=DIRECTION('ref_axis',(1.,0.,0.));
#2120=DIRECTION('',(-1.,-6.12323399573677E-17,0.));
#2121=DIRECTION('',(0.,-1.,0.));
#2122=DIRECTION('',(0.707106895706447,0.70710666666663,0.));
#2123=DIRECTION('center_axis',(6.12323399573677E-17,-1.,0.));
#2124=DIRECTION('ref_axis',(0.,0.,-1.));
#2125=DIRECTION('',(0.,0.,1.));
#2126=DIRECTION('',(0.,0.,1.));
#2127=DIRECTION('',(-9.42642190719473E-17,-5.77201870802925E-33,1.));
#2128=DIRECTION('',(-1.,-6.12323399573677E-17,0.));
#2129=DIRECTION('',(0.,0.,-1.));
#2130=DIRECTION('',(1.,6.12323399573677E-17,5.74662555748381E-17));
#2131=DIRECTION('center_axis',(1.,0.,0.));
#2132=DIRECTION('ref_axis',(0.,1.,0.));
#2133=DIRECTION('',(0.,1.,0.));
#2134=DIRECTION('',(0.,0.,1.));
#2135=DIRECTION('',(0.,0.,1.));
#2136=DIRECTION('',(0.,-1.,0.));
#2137=DIRECTION('',(0.,0.,-1.));
#2138=DIRECTION('center_axis',(-0.70710666666663,0.707106895706447,0.));
#2139=DIRECTION('ref_axis',(0.,0.,1.));
#2140=DIRECTION('',(0.,0.,1.));
#2141=DIRECTION('center_axis',(0.,0.,-1.));
#2142=DIRECTION('ref_axis',(0.,-1.,0.));
#2143=DIRECTION('',(-1.,0.,0.));
#2144=DIRECTION('',(0.,-1.,0.));
#2145=DIRECTION('',(-1.,0.,0.));
#2146=DIRECTION('center_axis',(0.,-1.,0.));
#2147=DIRECTION('ref_axis',(0.,0.,-1.));
#2148=DIRECTION('',(-1.,0.,0.));
#2149=DIRECTION('center_axis',(0.,0.,1.));
#2150=DIRECTION('ref_axis',(1.,0.,0.));
#2151=DIRECTION('',(0.,1.,0.));
#2152=DIRECTION('',(-1.,0.,0.));
#2153=DIRECTION('center_axis',(0.,1.,0.));
#2154=DIRECTION('ref_axis',(1.,0.,0.));
#2155=DIRECTION('',(0.,0.,-1.));
#2156=DIRECTION('center_axis',(-1.,0.,0.));
#2157=DIRECTION('ref_axis',(0.,0.,1.));
#2158=DIRECTION('center_axis',(5.74662555748381E-17,0.,-1.));
#2159=DIRECTION('ref_axis',(0.,-1.,0.));
#2160=DIRECTION('',(0.,1.,0.));
#2161=DIRECTION('',(0.,1.,0.));
#2162=DIRECTION('center_axis',(-1.,0.,0.));
#2163=DIRECTION('ref_axis',(0.,0.,1.));
#2164=DIRECTION('',(0.,1.,0.));
#2165=DIRECTION('',(-6.12323399573677E-17,1.,0.));
#2166=DIRECTION('',(0.,0.,1.));
#2167=DIRECTION('',(-6.12323399573677E-17,1.,0.));
#2168=DIRECTION('center_axis',(0.,0.,1.));
#2169=DIRECTION('ref_axis',(1.,0.,0.));
#2170=DIRECTION('',(0.,1.,0.));
#2171=DIRECTION('center_axis',(1.,0.,9.42642190719473E-17));
#2172=DIRECTION('ref_axis',(-9.42642190719473E-17,0.,1.));
#2173=DIRECTION('center_axis',(1.,6.12323399573677E-17,0.));
#2174=DIRECTION('ref_axis',(-6.12323399573677E-17,1.,0.));
#2175=DIRECTION('',(-6.12323399573677E-17,1.,0.));
#2176=DIRECTION('',(0.,0.,-1.));
#2177=DIRECTION('',(-6.12323399573677E-17,1.,0.));
#2178=DIRECTION('center_axis',(0.,0.,1.));
#2179=DIRECTION('ref_axis',(1.,0.,0.));
#2180=DIRECTION('center_axis',(0.,0.,-1.));
#2181=DIRECTION('ref_axis',(-1.,0.,0.));
#2182=DIRECTION('center_axis',(0.,0.,-1.));
#2183=DIRECTION('ref_axis',(-1.,0.,0.));
#2184=DIRECTION('center_axis',(0.,0.,-1.));
#2185=DIRECTION('ref_axis',(-1.,0.,0.));
#2186=DIRECTION('center_axis',(0.,0.,-1.));
#2187=DIRECTION('ref_axis',(-1.,0.,0.));
#2188=DIRECTION('axis',(0.,0.,1.));
#2189=DIRECTION('refdir',(1.,0.,0.));
#2190=DIRECTION('center_axis',(1.,0.,0.));
#2191=DIRECTION('ref_axis',(0.,0.,-1.));
#2192=DIRECTION('center_axis',(1.,0.,0.));
#2193=DIRECTION('ref_axis',(0.,0.,1.));
#2194=DIRECTION('',(-0.707106781186548,8.65956056235492E-17,-0.707106781186547));
#2195=DIRECTION('center_axis',(-1.,0.,0.));
#2196=DIRECTION('ref_axis',(0.,0.,1.));
#2197=DIRECTION('center_axis',(1.,0.,0.));
#2198=DIRECTION('ref_axis',(0.,0.,-1.));
#2199=DIRECTION('center_axis',(1.,0.,0.));
#2200=DIRECTION('ref_axis',(0.,0.,-1.));
#2201=DIRECTION('',(-0.70710678118655,8.6595605623549E-17,-0.707106781186545));
#2202=DIRECTION('center_axis',(-1.,0.,0.));
#2203=DIRECTION('ref_axis',(0.,0.,-1.));
#2204=DIRECTION('center_axis',(1.,0.,0.));
#2205=DIRECTION('ref_axis',(0.,0.,-1.));
#2206=DIRECTION('',(-1.,0.,0.));
#2207=DIRECTION('center_axis',(0.,0.,1.));
#2208=DIRECTION('ref_axis',(1.,0.,0.));
#2209=DIRECTION('',(0.,1.,0.));
#2210=DIRECTION('',(-1.,0.,0.));
#2211=DIRECTION('',(0.,-1.,0.));
#2212=DIRECTION('',(-1.,0.,0.));
#2213=DIRECTION('center_axis',(0.,0.,-1.));
#2214=DIRECTION('ref_axis',(-1.,0.,0.));
#2215=DIRECTION('',(0.,-1.,0.));
#2216=DIRECTION('',(1.,0.,0.));
#2217=DIRECTION('',(0.,-1.,0.));
#2218=DIRECTION('',(1.,0.,0.));
#2219=DIRECTION('center_axis',(-1.,0.,0.));
#2220=DIRECTION('ref_axis',(0.,0.,1.));
#2221=DIRECTION('',(0.,0.,-1.));
#2222=DIRECTION('',(0.,-1.,0.));
#2223=DIRECTION('',(0.,0.,-1.));
#2224=DIRECTION('center_axis',(0.,0.,1.));
#2225=DIRECTION('ref_axis',(1.,0.,0.));
#2226=DIRECTION('',(-1.,0.,0.));
#2227=DIRECTION('',(0.,-1.,0.));
#2228=DIRECTION('',(-1.,0.,0.));
#2229=DIRECTION('center_axis',(1.,0.,0.));
#2230=DIRECTION('ref_axis',(0.,0.,-1.));
#2231=DIRECTION('',(0.,0.,1.));
#2232=DIRECTION('',(0.,0.,1.));
#2233=DIRECTION('center_axis',(0.,-1.,0.));
#2234=DIRECTION('ref_axis',(0.,0.,-1.));
#2235=DIRECTION('',(0.,0.,1.));
#2236=DIRECTION('',(1.,0.,0.));
#2237=DIRECTION('',(0.,0.,-1.));
#2238=DIRECTION('',(-1.,0.,0.));
#2239=DIRECTION('',(-1.,0.,0.));
#2240=DIRECTION('',(0.,0.,-1.));
#2241=DIRECTION('',(1.,0.,0.));
#2242=DIRECTION('',(0.,0.,1.));
#2243=DIRECTION('center_axis',(0.,-1.,0.));
#2244=DIRECTION('ref_axis',(0.,0.,-1.));
#2245=DIRECTION('',(0.,0.,1.));
#2246=DIRECTION('',(-1.,0.,0.));
#2247=DIRECTION('',(0.,0.,-1.));
#2248=DIRECTION('',(1.,0.,0.));
#2249=DIRECTION('center_axis',(1.,0.,0.));
#2250=DIRECTION('ref_axis',(0.,0.,-1.));
#2251=DIRECTION('',(0.,-1.,0.));
#2252=DIRECTION('center_axis',(0.,0.,-1.));
#2253=DIRECTION('ref_axis',(-1.,0.,0.));
#2254=DIRECTION('',(0.,-1.,0.));
#2255=DIRECTION('center_axis',(-1.,0.,0.));
#2256=DIRECTION('ref_axis',(0.,0.,1.));
#2257=DIRECTION('',(0.,-1.,0.));
#2258=DIRECTION('',(0.,0.,1.));
#2259=DIRECTION('',(0.,-1.,0.));
#2260=DIRECTION('',(0.,0.,1.));
#2261=DIRECTION('',(0.,-1.,0.));
#2262=DIRECTION('center_axis',(0.,1.,0.));
#2263=DIRECTION('ref_axis',(0.,0.,1.));
#2264=DIRECTION('',(0.,0.,-1.));
#2265=DIRECTION('',(-1.,0.,0.));
#2266=DIRECTION('',(0.,0.,1.));
#2267=DIRECTION('',(1.,0.,0.));
#2268=DIRECTION('center_axis',(0.,0.,-1.));
#2269=DIRECTION('ref_axis',(-1.,0.,0.));
#2270=DIRECTION('',(0.,1.,0.));
#2271=DIRECTION('',(0.,1.,0.));
#2272=DIRECTION('center_axis',(1.,0.,0.));
#2273=DIRECTION('ref_axis',(0.,0.,-1.));
#2274=DIRECTION('',(0.,1.,0.));
#2275=DIRECTION('center_axis',(0.,0.,1.));
#2276=DIRECTION('ref_axis',(1.,0.,0.));
#2277=DIRECTION('',(0.,1.,0.));
#2278=DIRECTION('center_axis',(-1.,0.,0.));
#2279=DIRECTION('ref_axis',(0.,0.,1.));
#2280=DIRECTION('center_axis',(0.,0.,1.));
#2281=DIRECTION('ref_axis',(1.,0.,0.));
#2282=DIRECTION('',(1.,-9.53144767020224E-17,0.));
#2283=DIRECTION('',(0.,1.,0.));
#2284=DIRECTION('center_axis',(1.,0.,0.));
#2285=DIRECTION('ref_axis',(0.,0.,-1.));
#2286=DIRECTION('',(0.,1.,0.));
#2287=DIRECTION('',(0.,0.,1.));
#2288=DIRECTION('',(0.,1.,0.));
#2289=DIRECTION('',(0.,0.,1.));
#2290=DIRECTION('center_axis',(-9.53144767020224E-17,-1.,0.));
#2291=DIRECTION('ref_axis',(1.,-9.53144767020224E-17,0.));
#2292=DIRECTION('',(1.,-9.53144767020224E-17,0.));
#2293=DIRECTION('center_axis',(1.07228786289775E-16,1.,0.));
#2294=DIRECTION('ref_axis',(-1.,1.07228786289775E-16,0.));
#2295=DIRECTION('',(-1.,1.07228786289775E-16,0.));
#2296=DIRECTION('',(-1.,1.07228786289775E-16,0.));
#2297=DIRECTION('center_axis',(0.,0.,1.));
#2298=DIRECTION('ref_axis',(1.,0.,0.));
#2299=DIRECTION('center_axis',(0.,0.,1.));
#2300=DIRECTION('ref_axis',(1.,0.,0.));
#2301=DIRECTION('center_axis',(-1.,0.,0.));
#2302=DIRECTION('ref_axis',(0.,0.,1.));
#2303=DIRECTION('axis',(0.,0.,1.));
#2304=DIRECTION('refdir',(1.,0.,0.));
#2305=DIRECTION('center_axis',(-0.707106781186548,0.707106781186548,0.));
#2306=DIRECTION('ref_axis',(-0.707106781186548,-0.707106781186548,0.));
#2307=DIRECTION('',(0.707106781186547,0.707106781186547,0.));
#2308=DIRECTION('',(0.,0.,1.));
#2309=DIRECTION('',(-0.707106781186547,-0.707106781186547,0.));
#2310=DIRECTION('',(0.,0.,1.));
#2311=DIRECTION('center_axis',(1.,0.,0.));
#2312=DIRECTION('ref_axis',(0.,1.,0.));
#2313=DIRECTION('',(0.,-1.,0.));
#2314=DIRECTION('',(0.,0.,1.));
#2315=DIRECTION('',(0.,1.,0.));
#2316=DIRECTION('',(0.,0.,1.));
#2317=DIRECTION('center_axis',(0.,-1.,0.));
#2318=DIRECTION('ref_axis',(1.,0.,0.));
#2319=DIRECTION('',(-1.,0.,0.));
#2320=DIRECTION('',(1.,0.,0.));
#2321=DIRECTION('center_axis',(0.,1.,0.));
#2322=DIRECTION('ref_axis',(-1.,0.,0.));
#2323=DIRECTION('',(1.,0.,0.));
#2324=DIRECTION('',(-1.,0.,0.));
#2325=DIRECTION('center_axis',(0.,0.,1.));
#2326=DIRECTION('ref_axis',(1.,0.,0.));
#2327=DIRECTION('center_axis',(0.,0.,1.));
#2328=DIRECTION('ref_axis',(1.,0.,0.));
#2329=DIRECTION('',(0.,0.,1.));
#2330=DIRECTION('',(1.,0.,0.));
#2331=DIRECTION('',(0.,0.,1.));
#2332=DIRECTION('',(1.,0.,0.));
#2333=DIRECTION('',(0.707106666666632,-0.707106895706448,-2.35514034087994E-16));
#2334=DIRECTION('',(-6.96401814062513E-16,-1.01108310204436E-15,1.));
#2335=DIRECTION('',(2.91965996693842E-19,1.19757950163231E-18,1.));
#2336=DIRECTION('',(1.,-2.88657986402541E-15,-4.25007251614318E-17));
#2337=CARTESIAN_POINT('',(0.,0.,0.));
#2338=CARTESIAN_POINT('',(0.,0.,0.));
#2339=CARTESIAN_POINT('Origin',(41.,18.75,0.));
#2340=CARTESIAN_POINT('',(-3.08148791101958E-32,37.5,0.));
#2341=CARTESIAN_POINT('',(0.,0.,0.));
#2342=CARTESIAN_POINT('',(-3.08148791101958E-32,37.5,0.));
#2343=CARTESIAN_POINT('',(82.,37.5,0.));
#2344=CARTESIAN_POINT('',(82.,37.5,0.));
#2345=CARTESIAN_POINT('',(82.,3.31259950434605E-31,0.));
#2346=CARTESIAN_POINT('',(82.,3.31259950434605E-31,0.));
#2347=CARTESIAN_POINT('',(0.,0.,0.));
#2348=CARTESIAN_POINT('Origin',(-3.08148791101958E-32,37.5,0.));
#2349=CARTESIAN_POINT('',(0.,0.,32.));
#2350=CARTESIAN_POINT('',(0.,37.5,32.));
#2351=CARTESIAN_POINT('',(0.,28.125,32.));
#2352=CARTESIAN_POINT('',(-3.08148791101958E-32,37.5,0.));
#2353=CARTESIAN_POINT('',(0.,0.,0.));
#2354=CARTESIAN_POINT('',(0.,33.,4.5));
#2355=CARTESIAN_POINT('',(0.,33.,31.5));
#2356=CARTESIAN_POINT('',(0.,33.,15.75));
#2357=CARTESIAN_POINT('',(0.,4.5,31.5));
#2358=CARTESIAN_POINT('',(0.,21.,31.5));
#2359=CARTESIAN_POINT('',(0.,4.5,4.5));
#2360=CARTESIAN_POINT('',(0.,4.5,2.25));
#2361=CARTESIAN_POINT('',(0.,35.25,4.5));
#2362=CARTESIAN_POINT('Origin',(0.,0.,0.));
#2363=CARTESIAN_POINT('',(82.,0.,32.));
#2364=CARTESIAN_POINT('',(20.5,0.,32.));
#2365=CARTESIAN_POINT('',(82.,3.31259950434605E-31,0.));
#2366=CARTESIAN_POINT('Origin',(82.,3.31259950434605E-31,0.));
#2367=CARTESIAN_POINT('',(82.,37.5,32.));
#2368=CARTESIAN_POINT('',(82.,27.,32.));
#2369=CARTESIAN_POINT('',(82.,9.375,32.));
#2370=CARTESIAN_POINT('',(82.,27.,24.));
#2371=CARTESIAN_POINT('',(82.,27.,17.));
#2372=CARTESIAN_POINT('',(82.,10.5,24.));
#2373=CARTESIAN_POINT('',(82.,13.5,24.));
#2374=CARTESIAN_POINT('',(82.,10.5,32.));
#2375=CARTESIAN_POINT('',(82.,10.5,12.));
#2376=CARTESIAN_POINT('',(82.,9.375,32.));
#2377=CARTESIAN_POINT('',(82.,37.5,0.));
#2378=CARTESIAN_POINT('Origin',(82.,37.5,0.));
#2379=CARTESIAN_POINT('',(61.5,37.5,32.));
#2380=CARTESIAN_POINT('Origin',(41.,18.75,2.));
#2381=CARTESIAN_POINT('',(17.0000002533197,35.5,2.));
#2382=CARTESIAN_POINT('',(17.0000002533197,2.00000000058142,2.));
#2383=CARTESIAN_POINT('',(17.0000002533197,10.3750000149012,2.));
#2384=CARTESIAN_POINT('',(80.,2.,2.));
#2385=CARTESIAN_POINT('',(20.5,2.,2.));
#2386=CARTESIAN_POINT('',(80.,35.5,2.));
#2387=CARTESIAN_POINT('',(80.,9.375,2.));
#2388=CARTESIAN_POINT('',(61.5,35.5,2.));
#2389=CARTESIAN_POINT('',(77.,8.00000011920929,2.));
#2390=CARTESIAN_POINT('',(74.9999999701977,8.00000011920929,2.));
#2391=CARTESIAN_POINT('',(57.9999999850989,8.00000011920929,2.));
#2392=CARTESIAN_POINT('',(74.9999999701977,28.0000004172325,2.));
#2393=CARTESIAN_POINT('',(74.9999999701977,23.3750002086163,2.));
#2394=CARTESIAN_POINT('',(77.,28.0000004172325,2.));
#2395=CARTESIAN_POINT('',(59.,28.0000004172325,2.));
#2396=CARTESIAN_POINT('',(77.,13.3750000596046,2.));
#2397=CARTESIAN_POINT('Origin',(2.,33.,4.5));
#2398=CARTESIAN_POINT('',(2.,33.,4.5));
#2399=CARTESIAN_POINT('',(2.,4.5,4.5));
#2400=CARTESIAN_POINT('',(2.,35.25,4.5));
#2401=CARTESIAN_POINT('',(2.,33.,4.5));
#2402=CARTESIAN_POINT('',(2.,4.5,4.5));
#2403=CARTESIAN_POINT('Origin',(2.,4.5,4.5));
#2404=CARTESIAN_POINT('',(2.,4.5,31.5));
#2405=CARTESIAN_POINT('',(2.,4.5,2.25));
#2406=CARTESIAN_POINT('',(2.,4.5,31.5));
#2407=CARTESIAN_POINT('Origin',(2.,4.5,31.5));
#2408=CARTESIAN_POINT('',(2.,33.,31.5));
#2409=CARTESIAN_POINT('',(2.,21.,31.5));
#2410=CARTESIAN_POINT('',(2.,33.,31.5));
#2411=CARTESIAN_POINT('Origin',(2.,33.,31.5));
#2412=CARTESIAN_POINT('',(2.,33.,15.75));
#2413=CARTESIAN_POINT('Origin',(41.,18.75,2.));
#2414=CARTESIAN_POINT('',(15.0000002235174,2.00000000058142,2.));
#2415=CARTESIAN_POINT('',(15.0000002235174,35.5,2.));
#2416=CARTESIAN_POINT('',(15.0000002235174,27.125,2.));
#2417=CARTESIAN_POINT('',(2.,35.5,2.));
#2418=CARTESIAN_POINT('',(61.5,35.5,2.));
#2419=CARTESIAN_POINT('',(2.,2.,2.));
#2420=CARTESIAN_POINT('',(2.,28.125,2.));
#2421=CARTESIAN_POINT('',(20.5,2.,2.));
#2422=CARTESIAN_POINT('Origin',(16.0000002384186,18.7500000149012,4.5));
#2423=CARTESIAN_POINT('',(15.0000002235174,35.5,4.5));
#2424=CARTESIAN_POINT('',(17.0000002533197,35.5,4.5));
#2425=CARTESIAN_POINT('',(49.0000001192093,35.5,4.5));
#2426=CARTESIAN_POINT('',(15.0000002235174,2.00000000058142,4.5));
#2427=CARTESIAN_POINT('',(15.0000002235174,2.00000002980232,4.5));
#2428=CARTESIAN_POINT('',(17.0000002533197,2.00000000058142,4.5));
#2429=CARTESIAN_POINT('',(8.00000011920929,2.,4.5));
#2430=CARTESIAN_POINT('',(17.0000002533197,35.5,4.5));
#2431=CARTESIAN_POINT('Origin',(15.0000002235174,35.5,2.));
#2432=CARTESIAN_POINT('',(15.0000002235174,2.,1.));
#2433=CARTESIAN_POINT('',(15.0000002235174,35.5,1.));
#2434=CARTESIAN_POINT('Origin',(17.0000002533197,2.00000002980232,2.));
#2435=CARTESIAN_POINT('',(17.0000002533197,35.5,1.));
#2436=CARTESIAN_POINT('',(17.0000002533197,2.,1.));
#2437=CARTESIAN_POINT('Origin',(82.,27.,24.));
#2438=CARTESIAN_POINT('',(80.,27.,24.));
#2439=CARTESIAN_POINT('',(82.,27.,24.));
#2440=CARTESIAN_POINT('',(80.,10.5,24.));
#2441=CARTESIAN_POINT('',(80.,13.5,24.));
#2442=CARTESIAN_POINT('',(82.,10.5,24.));
#2443=CARTESIAN_POINT('Origin',(82.,27.,34.));
#2444=CARTESIAN_POINT('',(80.,27.,32.));
#2445=CARTESIAN_POINT('',(61.5,27.,32.));
#2446=CARTESIAN_POINT('',(80.,27.,17.));
#2447=CARTESIAN_POINT('Origin',(82.,10.5,24.));
#2448=CARTESIAN_POINT('',(80.,10.5,32.));
#2449=CARTESIAN_POINT('',(61.5,10.5,32.));
#2450=CARTESIAN_POINT('',(80.,10.5,12.));
#2451=CARTESIAN_POINT('Origin',(80.,3.31259950434605E-31,0.));
#2452=CARTESIAN_POINT('',(80.,35.5,32.));
#2453=CARTESIAN_POINT('',(80.,9.375,32.));
#2454=CARTESIAN_POINT('',(80.,35.5,0.));
#2455=CARTESIAN_POINT('',(80.,2.,32.));
#2456=CARTESIAN_POINT('',(80.,2.,0.));
#2457=CARTESIAN_POINT('',(80.,9.375,32.));
#2458=CARTESIAN_POINT('',(80.,30.,27.8));
#2459=CARTESIAN_POINT('',(80.,30.,28.6));
#2460=CARTESIAN_POINT('',(80.,30.,14.3));
#2461=CARTESIAN_POINT('',(80.,29.2,28.6));
#2462=CARTESIAN_POINT('',(80.,14.6,28.6));
#2463=CARTESIAN_POINT('',(80.,29.2,27.8));
#2464=CARTESIAN_POINT('',(80.,29.2,13.9));
#2465=CARTESIAN_POINT('',(80.,15.,27.8));
#2466=CARTESIAN_POINT('',(80.,8.3,27.8));
#2467=CARTESIAN_POINT('',(80.,8.3,28.6));
#2468=CARTESIAN_POINT('',(80.,8.3,14.3));
#2469=CARTESIAN_POINT('',(80.,7.5,28.6));
#2470=CARTESIAN_POINT('',(80.,3.75,28.6));
#2471=CARTESIAN_POINT('',(80.,7.5,27.8));
#2472=CARTESIAN_POINT('',(80.,7.5,13.9));
#2473=CARTESIAN_POINT('',(80.,4.15,27.8));
#2474=CARTESIAN_POINT('Origin',(-8.07951098620987E-33,2.,0.));
#2475=CARTESIAN_POINT('',(2.,2.,32.));
#2476=CARTESIAN_POINT('',(20.5,2.,32.));
#2477=CARTESIAN_POINT('',(2.,2.,0.));
#2478=CARTESIAN_POINT('Origin',(2.,37.5,0.));
#2479=CARTESIAN_POINT('',(2.,35.5,32.));
#2480=CARTESIAN_POINT('',(2.,28.125,32.));
#2481=CARTESIAN_POINT('',(2.,35.5,0.));
#2482=CARTESIAN_POINT('Origin',(82.,35.5,0.));
#2483=CARTESIAN_POINT('',(61.5,35.5,32.));
#2484=CARTESIAN_POINT('Origin',(41.,18.75,32.));
#2485=CARTESIAN_POINT('Origin',(75.9999999850989,18.0000002682209,5.));
#2486=CARTESIAN_POINT('',(77.,8.00000011920929,5.));
#2487=CARTESIAN_POINT('',(77.,28.0000004172325,5.));
#2488=CARTESIAN_POINT('',(77.,8.00000011920929,5.));
#2489=CARTESIAN_POINT('',(74.9999999701977,28.0000004172325,5.));
#2490=CARTESIAN_POINT('',(77.,28.0000004172325,5.));
#2491=CARTESIAN_POINT('',(74.9999999701977,8.00000011920929,5.));
#2492=CARTESIAN_POINT('',(74.9999999701977,28.0000004172325,5.));
#2493=CARTESIAN_POINT('',(74.9999999701977,8.00000011920929,5.));
#2494=CARTESIAN_POINT('Origin',(77.,8.00000011920929,2.));
#2495=CARTESIAN_POINT('',(77.,28.0000004172325,2.));
#2496=CARTESIAN_POINT('',(77.,8.00000011920929,2.));
#2497=CARTESIAN_POINT('Origin',(77.,28.0000004172325,2.));
#2498=CARTESIAN_POINT('',(74.9999999701977,28.0000004172325,2.));
#2499=CARTESIAN_POINT('Origin',(74.9999999701977,28.0000004172325,2.));
#2500=CARTESIAN_POINT('',(74.9999999701977,8.00000011920929,2.));
#2501=CARTESIAN_POINT('Origin',(74.9999999701977,8.00000011920929,2.));
#2502=CARTESIAN_POINT('Origin',(77.,29.6,28.2));
#2503=CARTESIAN_POINT('',(77.,30.,27.8));
#2504=CARTESIAN_POINT('',(77.,29.2,27.8));
#2505=CARTESIAN_POINT('',(77.,29.2,27.8));
#2506=CARTESIAN_POINT('',(77.,29.2,28.6));
#2507=CARTESIAN_POINT('',(77.,29.2,28.6));
#2508=CARTESIAN_POINT('',(77.,30.,28.6));
#2509=CARTESIAN_POINT('',(77.,30.,28.6));
#2510=CARTESIAN_POINT('',(77.,30.,27.8));
#2511=CARTESIAN_POINT('Origin',(80.,30.,27.8));
#2512=CARTESIAN_POINT('',(80.,29.2,27.8));
#2513=CARTESIAN_POINT('',(80.,30.,27.8));
#2514=CARTESIAN_POINT('Origin',(80.,29.2,27.8));
#2515=CARTESIAN_POINT('',(80.,29.2,28.6));
#2516=CARTESIAN_POINT('Origin',(80.,29.2,28.6));
#2517=CARTESIAN_POINT('',(80.,30.,28.6));
#2518=CARTESIAN_POINT('Origin',(80.,30.,28.6));
#2519=CARTESIAN_POINT('Origin',(77.,7.9,28.2));
#2520=CARTESIAN_POINT('',(77.,8.3,27.8));
#2521=CARTESIAN_POINT('',(77.,7.5,27.8));
#2522=CARTESIAN_POINT('',(77.,7.5,27.8));
#2523=CARTESIAN_POINT('',(77.,7.5,28.6));
#2524=CARTESIAN_POINT('',(77.,7.5,28.6));
#2525=CARTESIAN_POINT('',(77.,8.3,28.6));
#2526=CARTESIAN_POINT('',(77.,8.3,28.6));
#2527=CARTESIAN_POINT('',(77.,8.3,27.8));
#2528=CARTESIAN_POINT('Origin',(80.,8.3,27.8));
#2529=CARTESIAN_POINT('',(80.,7.5,27.8));
#2530=CARTESIAN_POINT('',(80.,8.3,27.8));
#2531=CARTESIAN_POINT('Origin',(80.,7.5,27.8));
#2532=CARTESIAN_POINT('',(80.,7.5,28.6));
#2533=CARTESIAN_POINT('Origin',(80.,7.5,28.6));
#2534=CARTESIAN_POINT('',(80.,8.3,28.6));
#2535=CARTESIAN_POINT('Origin',(80.,8.3,28.6));
#2536=CARTESIAN_POINT('',(0.,0.,0.));
#2537=CARTESIAN_POINT('Origin',(-34.25,-13.,15.5));
#2538=CARTESIAN_POINT('',(-35.925,-13.,15.5));
#2539=CARTESIAN_POINT('Origin',(-34.25,-13.,15.5));
#2540=CARTESIAN_POINT('',(-36.425,-13.,16.));
#2541=CARTESIAN_POINT('',(-35.925,-13.,15.5));
#2542=CARTESIAN_POINT('Origin',(-34.25,-13.,16.));
#2543=CARTESIAN_POINT('Origin',(-34.25,-13.,-0.001000000000001));
#2544=CARTESIAN_POINT('',(-35.925,-13.,10.));
#2545=CARTESIAN_POINT('Origin',(-34.25,-13.,10.));
#2546=CARTESIAN_POINT('',(-35.925,-13.,-0.001000000000001));
#2547=CARTESIAN_POINT('Origin',(-18.75,18.7499939266657,0.));
#2548=CARTESIAN_POINT('',(0.,0.,0.));
#2549=CARTESIAN_POINT('',(-37.5,-2.29621274840129E-15,0.));
#2550=CARTESIAN_POINT('',(0.,0.,0.));
#2551=CARTESIAN_POINT('',(0.,37.4999878533314,0.));
#2552=CARTESIAN_POINT('',(-37.5,-2.29621274840129E-15,0.));
#2553=CARTESIAN_POINT('',(0.,37.4999878533314,0.));
#2554=CARTESIAN_POINT('Origin',(-18.75,18.7499939266657,32.));
#2555=CARTESIAN_POINT('',(-37.5,-2.29621274840129E-15,32.));
#2556=CARTESIAN_POINT('',(0.,0.,32.));
#2557=CARTESIAN_POINT('',(0.,0.,32.));
#2558=CARTESIAN_POINT('',(0.,37.4999878533314,32.));
#2559=CARTESIAN_POINT('',(0.,37.4999878533314,32.));
#2560=CARTESIAN_POINT('',(-37.5,-2.29621274840129E-15,32.));
#2561=CARTESIAN_POINT('',(-32.6715717693515,2.,32.));
#2562=CARTESIAN_POINT('',(-2.,32.671561834487,32.));
#2563=CARTESIAN_POINT('',(-7.96078666666674,26.7107770985856,32.));
#2564=CARTESIAN_POINT('',(-2.,2.,32.));
#2565=CARTESIAN_POINT('',(-2.,9.37499696333284,32.));
#2566=CARTESIAN_POINT('',(-28.125,2.,32.));
#2567=CARTESIAN_POINT('Origin',(-37.5,-2.29621274840129E-15,0.));
#2568=CARTESIAN_POINT('',(-31.0000002312848,-2.00561705636448E-15,16.));
#2569=CARTESIAN_POINT('',(-37.5,-2.29621274840129E-15,16.));
#2570=CARTESIAN_POINT('',(-37.5,-2.29621274840129E-15,16.));
#2571=CARTESIAN_POINT('',(-31.000000461936,0.,31.));
#2572=CARTESIAN_POINT('',(-31.000000461936,-1.89820256696382E-15,2.25));
#2573=CARTESIAN_POINT('',(-2.02065388229022,0.,31.));
#2574=CARTESIAN_POINT('',(-34.250000230968,-2.09720765768255E-15,31.));
#2575=CARTESIAN_POINT('',(-2.02065388229021,0.,4.5));
#2576=CARTESIAN_POINT('',(-2.02065388229021,-1.23729365456569E-16,15.5));
#2577=CARTESIAN_POINT('',(-31.000000461936,0.,4.5));
#2578=CARTESIAN_POINT('',(-19.7603269411451,-1.20997105692893E-15,4.5));
#2579=CARTESIAN_POINT('',(-31.0000002312827,-2.00561705636435E-15,10.));
#2580=CARTESIAN_POINT('',(-31.000000461936,-1.89820256696382E-15,2.25));
#2581=CARTESIAN_POINT('',(-37.5,-2.29621274840129E-15,10.));
#2582=CARTESIAN_POINT('',(-37.5,-2.29621274840129E-15,10.));
#2583=CARTESIAN_POINT('',(-37.5,-2.29621274840129E-15,0.));
#2584=CARTESIAN_POINT('',(0.,0.,0.));
#2585=CARTESIAN_POINT('',(-37.5,-2.29621274840129E-15,0.));
#2586=CARTESIAN_POINT('Origin',(0.,0.,0.));
#2587=CARTESIAN_POINT('',(0.,37.4999878533314,0.));
#2588=CARTESIAN_POINT('',(0.,32.9855226279636,31.4875589926823));
#2589=CARTESIAN_POINT('',(0.,32.9855226279636,4.48755899268231));
#2590=CARTESIAN_POINT('',(0.,32.9855226279636,15.7437794963412));
#2591=CARTESIAN_POINT('',(0.,4.48552262796356,4.48755899268231));
#2592=CARTESIAN_POINT('',(0.,16.4927613139818,4.48755899268231));
#2593=CARTESIAN_POINT('',(0.,4.48552262796356,31.4875589926823));
#2594=CARTESIAN_POINT('',(0.,4.48552262796356,2.24377949634115));
#2595=CARTESIAN_POINT('',(0.,2.24276131398178,31.4875589926823));
#2596=CARTESIAN_POINT('Origin',(0.,37.4999878533314,0.));
#2597=CARTESIAN_POINT('',(-37.5,-2.29621274840129E-15,16.));
#2598=CARTESIAN_POINT('Origin',(-18.75,18.7499939266657,2.));
#2599=CARTESIAN_POINT('',(-2.,2.,2.));
#2600=CARTESIAN_POINT('',(-32.6715717693515,2.,2.));
#2601=CARTESIAN_POINT('',(-28.125,2.,2.));
#2602=CARTESIAN_POINT('',(-2.,32.671561834487,2.));
#2603=CARTESIAN_POINT('',(-2.,9.37499696333284,2.));
#2604=CARTESIAN_POINT('',(-7.96078666666674,26.7107770985856,2.));
#2605=CARTESIAN_POINT('Origin',(-37.5,2.,0.));
#2606=CARTESIAN_POINT('',(-32.6715717693515,2.,0.));
#2607=CARTESIAN_POINT('',(-2.,2.,0.));
#2608=CARTESIAN_POINT('',(-2.02065388229021,2.,4.5));
#2609=CARTESIAN_POINT('',(-2.02065388229022,2.,31.));
#2610=CARTESIAN_POINT('',(-2.02065388229021,2.,15.5));
#2611=CARTESIAN_POINT('',(-31.000000461936,2.,31.));
#2612=CARTESIAN_POINT('',(-34.250000230968,2.,31.));
#2613=CARTESIAN_POINT('',(-31.000000461936,2.,4.5));
#2614=CARTESIAN_POINT('',(-31.000000461936,2.,2.25));
#2615=CARTESIAN_POINT('',(-19.7603269411451,2.,4.5));
#2616=CARTESIAN_POINT('Origin',(-2.,0.,0.));
#2617=CARTESIAN_POINT('',(-2.,4.48552262796356,4.48755899268231));
#2618=CARTESIAN_POINT('',(-2.,32.671561834487,4.48755899268231));
#2619=CARTESIAN_POINT('',(-2.,16.4927613139818,4.48755899268231));
#2620=CARTESIAN_POINT('',(-2.,32.671561834487,0.));
#2621=CARTESIAN_POINT('',(-2.,32.671561834487,31.4875589926823));
#2622=CARTESIAN_POINT('',(-2.,32.671561834487,0.));
#2623=CARTESIAN_POINT('',(-2.,4.48552262796356,31.4875589926823));
#2624=CARTESIAN_POINT('',(-2.,2.24276131398178,31.4875589926823));
#2625=CARTESIAN_POINT('',(-2.,4.48552262796356,2.24377949634115));
#2626=CARTESIAN_POINT('Origin',(1.41421333333326,36.0857740619185,0.));
#2627=CARTESIAN_POINT('',(-2.,32.671561834487,0.));
#2628=CARTESIAN_POINT('Origin',(0.,32.9855226279636,4.48755899268231));
#2629=CARTESIAN_POINT('',(-2.,32.9855226279636,4.48755899268231));
#2630=CARTESIAN_POINT('',(0.,32.9855226279636,4.48755899268231));
#2631=CARTESIAN_POINT('',(-2.,32.9855226279636,4.48755899268231));
#2632=CARTESIAN_POINT('',(0.,4.48552262796356,4.48755899268231));
#2633=CARTESIAN_POINT('Origin',(0.,4.48552262796356,4.48755899268231));
#2634=CARTESIAN_POINT('',(0.,4.48552262796356,31.4875589926823));
#2635=CARTESIAN_POINT('Origin',(0.,4.48552262796356,31.4875589926823));
#2636=CARTESIAN_POINT('',(-2.,32.9855226279636,31.4875589926823));
#2637=CARTESIAN_POINT('',(-2.,4.48552262796356,31.4875589926823));
#2638=CARTESIAN_POINT('',(0.,32.9855226279636,31.4875589926823));
#2639=CARTESIAN_POINT('Origin',(0.,32.9855226279636,31.4875589926823));
#2640=CARTESIAN_POINT('',(-2.,32.9855226279636,31.4875589926823));
#2641=CARTESIAN_POINT('Origin',(-2.,18.7355226279636,17.9875589926823));
#2642=CARTESIAN_POINT('Origin',(-2.02065388229021,0.,4.5));
#2643=CARTESIAN_POINT('',(-2.02065388229021,0.,4.5));
#2644=CARTESIAN_POINT('',(-31.000000461936,0.,4.5));
#2645=CARTESIAN_POINT('Origin',(-31.000000461936,0.,4.5));
#2646=CARTESIAN_POINT('',(-31.000000461936,0.,31.));
#2647=CARTESIAN_POINT('',(-31.,-13.,16.));
#2648=CARTESIAN_POINT('',(-31.,-13.,16.));
#2649=CARTESIAN_POINT('',(-31.,-13.,10.));
#2650=CARTESIAN_POINT('',(-31.,-13.,16.));
#2651=CARTESIAN_POINT('',(-31.,-13.,10.));
#2652=CARTESIAN_POINT('Origin',(-31.000000461936,0.,31.));
#2653=CARTESIAN_POINT('',(-2.02065388229022,0.,31.));
#2654=CARTESIAN_POINT('Origin',(-2.02065388229022,0.,31.));
#2655=CARTESIAN_POINT('Origin',(-37.5,-13.,16.));
#2656=CARTESIAN_POINT('',(-37.5,-13.,10.));
#2657=CARTESIAN_POINT('',(-37.5,-13.,10.));
#2658=CARTESIAN_POINT('',(-37.5,-13.,16.));
#2659=CARTESIAN_POINT('',(-37.5,-13.,16.));
#2660=CARTESIAN_POINT('',(-37.5,-13.,16.));
#2661=CARTESIAN_POINT('Origin',(-37.5,-13.,10.));
#2662=CARTESIAN_POINT('Origin',(-34.25,-13.,10.));
#2663=CARTESIAN_POINT('Origin',(-37.5,-13.,16.));
#2664=CARTESIAN_POINT('Origin',(-34.25,-13.,16.));
#2665=CARTESIAN_POINT('Origin',(-34.25,-13.,9.06603871701702));
#2666=CARTESIAN_POINT('',(0.,0.,0.));
#2667=CARTESIAN_POINT('Origin',(8.09999999999999,1.25,-36.68));
#2668=CARTESIAN_POINT('',(8.6,1.25,-35.055));
#2669=CARTESIAN_POINT('Origin',(8.6,1.25,-36.68));
#2670=CARTESIAN_POINT('',(8.09999999999999,1.25,-35.555));
#2671=CARTESIAN_POINT('',(8.09999999999999,1.25,-35.555));
#2672=CARTESIAN_POINT('Origin',(8.09999999999999,1.25,-36.68));
#2673=CARTESIAN_POINT('Origin',(13.6,1.25,-36.68));
#2674=CARTESIAN_POINT('',(14.1,1.25,-34.555));
#2675=CARTESIAN_POINT('Origin',(14.1,1.25,-36.68));
#2676=CARTESIAN_POINT('',(13.6,1.25,-35.055));
#2677=CARTESIAN_POINT('',(13.6,1.25,-35.055));
#2678=CARTESIAN_POINT('Origin',(13.6,1.25,-36.68));
#2679=CARTESIAN_POINT('Origin',(8.09999999999999,1.25,-36.68));
#2680=CARTESIAN_POINT('',(8.09999999999999,1.25,-35.055));
#2681=CARTESIAN_POINT('Origin',(0.,2.5,-32.3));
#2682=CARTESIAN_POINT('',(14.1,0.,-32.3));
#2683=CARTESIAN_POINT('',(14.1,2.5,-32.3));
#2684=CARTESIAN_POINT('',(14.1,3.75,-32.3));
#2685=CARTESIAN_POINT('',(0.,0.,-32.3));
#2686=CARTESIAN_POINT('',(0.,0.,-32.3));
#2687=CARTESIAN_POINT('',(0.,2.5,-32.3));
#2688=CARTESIAN_POINT('',(0.,2.5,-32.3));
#2689=CARTESIAN_POINT('',(0.,2.5,-32.3));
#2690=CARTESIAN_POINT('Origin',(1.,2.5,-1.));
#2691=CARTESIAN_POINT('',(1.,1.5,-1.));
#2692=CARTESIAN_POINT('',(1.,0.,-1.));
#2693=CARTESIAN_POINT('',(1.,2.5,-1.));
#2694=CARTESIAN_POINT('',(31.3,1.5,-1.));
#2695=CARTESIAN_POINT('',(1.,1.5,-1.));
#2696=CARTESIAN_POINT('',(31.3,0.,-1.));
#2697=CARTESIAN_POINT('',(31.3,2.5,-1.));
#2698=CARTESIAN_POINT('',(1.,0.,-1.));
#2699=CARTESIAN_POINT('Origin',(31.3,2.5,-1.));
#2700=CARTESIAN_POINT('',(31.3,1.5,-31.3));
#2701=CARTESIAN_POINT('',(31.3,1.5,-1.));
#2702=CARTESIAN_POINT('',(31.3,0.,-31.3));
#2703=CARTESIAN_POINT('',(31.3,2.5,-31.3));
#2704=CARTESIAN_POINT('',(31.3,0.,-1.));
#2705=CARTESIAN_POINT('Origin',(1.,2.5,-31.3));
#2706=CARTESIAN_POINT('',(1.,1.5,-31.3));
#2707=CARTESIAN_POINT('',(31.3,1.5,-31.3));
#2708=CARTESIAN_POINT('',(1.,0.,-31.3));
#2709=CARTESIAN_POINT('',(1.,2.5,-31.3));
#2710=CARTESIAN_POINT('',(1.,0.,-31.3));
#2711=CARTESIAN_POINT('Origin',(1.,2.5,-1.));
#2712=CARTESIAN_POINT('',(1.,1.5,-31.3));
#2713=CARTESIAN_POINT('',(1.,0.,-1.));
#2714=CARTESIAN_POINT('Origin',(0.,2.5,0.));
#2715=CARTESIAN_POINT('',(0.,2.5,0.));
#2716=CARTESIAN_POINT('',(0.,2.5,0.));
#2717=CARTESIAN_POINT('',(32.3,2.5,0.));
#2718=CARTESIAN_POINT('',(0.,2.5,0.));
#2719=CARTESIAN_POINT('',(32.3,2.5,-32.3));
#2720=CARTESIAN_POINT('',(32.3,2.5,0.));
#2721=CARTESIAN_POINT('',(0.,2.5,-32.3));
#2722=CARTESIAN_POINT('',(30.3,2.5,-30.3));
#2723=CARTESIAN_POINT('',(2.,2.5,-30.3));
#2724=CARTESIAN_POINT('',(30.3,2.5,-30.3));
#2725=CARTESIAN_POINT('',(30.3,2.5,-2.));
#2726=CARTESIAN_POINT('',(30.3,2.5,-2.));
#2727=CARTESIAN_POINT('',(2.,2.5,-2.));
#2728=CARTESIAN_POINT('',(2.,2.5,-2.));
#2729=CARTESIAN_POINT('',(2.,2.5,-30.3));
#2730=CARTESIAN_POINT('Origin',(0.,0.,0.));
#2731=CARTESIAN_POINT('',(0.,0.,0.));
#2732=CARTESIAN_POINT('',(0.,0.,0.));
#2733=CARTESIAN_POINT('',(32.3,0.,-32.3));
#2734=CARTESIAN_POINT('',(0.,0.,-32.3));
#2735=CARTESIAN_POINT('',(32.3,0.,0.));
#2736=CARTESIAN_POINT('',(32.3,0.,0.));
#2737=CARTESIAN_POINT('',(0.,0.,0.));
#2738=CARTESIAN_POINT('Origin',(0.,2.5,0.));
#2739=CARTESIAN_POINT('',(0.,2.5,0.));
#2740=CARTESIAN_POINT('Origin',(0.,2.5,0.));
#2741=CARTESIAN_POINT('',(32.3,2.5,0.));
#2742=CARTESIAN_POINT('Origin',(32.3,2.5,0.));
#2743=CARTESIAN_POINT('',(32.3,-1.25,-32.3));
#2744=CARTESIAN_POINT('',(32.3,3.75,-32.3));
#2745=CARTESIAN_POINT('',(32.3,-1.25,-39.3));
#2746=CARTESIAN_POINT('',(32.3,-1.25,-39.3));
#2747=CARTESIAN_POINT('',(32.3,3.75,-39.3));
#2748=CARTESIAN_POINT('',(32.3,3.75,-39.3));
#2749=CARTESIAN_POINT('',(32.3,3.75,-32.3));
#2750=CARTESIAN_POINT('',(32.3,3.75,-39.3));
#2751=CARTESIAN_POINT('',(32.3,3.75,-32.3));
#2752=CARTESIAN_POINT('Origin',(0.,1.5,0.));
#2753=CARTESIAN_POINT('',(30.3,1.5,-2.));
#2754=CARTESIAN_POINT('',(30.3,1.5,-30.3));
#2755=CARTESIAN_POINT('',(30.3,1.5,-2.));
#2756=CARTESIAN_POINT('',(2.,1.5,-30.3));
#2757=CARTESIAN_POINT('',(30.3,1.5,-30.3));
#2758=CARTESIAN_POINT('',(2.,1.5,-2.));
#2759=CARTESIAN_POINT('',(2.,1.5,-30.3));
#2760=CARTESIAN_POINT('',(2.,1.5,-2.));
#2761=CARTESIAN_POINT('Origin',(30.3,1.5,-30.3));
#2762=CARTESIAN_POINT('',(2.,1.5,-30.3));
#2763=CARTESIAN_POINT('',(30.3,1.5,-30.3));
#2764=CARTESIAN_POINT('Origin',(30.3,1.5,-2.));
#2765=CARTESIAN_POINT('',(30.3,1.5,-2.));
#2766=CARTESIAN_POINT('Origin',(2.,1.5,-2.));
#2767=CARTESIAN_POINT('',(2.,1.5,-2.));
#2768=CARTESIAN_POINT('Origin',(2.,1.5,-30.3));
#2769=CARTESIAN_POINT('Origin',(0.,0.,-32.3));
#2770=CARTESIAN_POINT('',(14.1,3.75,-32.3));
#2771=CARTESIAN_POINT('',(14.1,3.75,-32.3));
#2772=CARTESIAN_POINT('',(14.1,3.75,-32.3));
#2773=CARTESIAN_POINT('Origin',(14.1,3.75,-39.3));
#2774=CARTESIAN_POINT('',(14.1,-1.25,-32.3));
#2775=CARTESIAN_POINT('',(14.1,3.75,-32.3));
#2776=CARTESIAN_POINT('',(14.1,3.75,-39.3));
#2777=CARTESIAN_POINT('',(14.1,3.75,-39.3));
#2778=CARTESIAN_POINT('',(14.1,-1.25,-39.3));
#2779=CARTESIAN_POINT('',(14.1,3.75,-39.3));
#2780=CARTESIAN_POINT('',(14.1,-1.25,-39.3));
#2781=CARTESIAN_POINT('Origin',(14.1,3.75,-39.3));
#2782=CARTESIAN_POINT('',(14.1,3.75,-39.3));
#2783=CARTESIAN_POINT('Origin',(14.1,-1.25,-39.3));
#2784=CARTESIAN_POINT('',(14.1,-1.25,-32.3));
#2785=CARTESIAN_POINT('',(14.1,-1.25,-39.3));
#2786=CARTESIAN_POINT('Origin',(0.,0.,-39.3));
#2787=CARTESIAN_POINT('Origin',(0.,0.,-32.3));
#2788=CARTESIAN_POINT('Origin',(8.09999999999999,1.25,-36.68));
#2789=CARTESIAN_POINT('',(0.,0.,0.));
#2790=CARTESIAN_POINT('Origin',(-4.44089209850063E-15,77.5,0.));
#2791=CARTESIAN_POINT('',(-37.5,40.,0.));
#2792=CARTESIAN_POINT('',(0.,77.5,0.));
#2793=CARTESIAN_POINT('',(-37.5,40.,0.));
#2794=CARTESIAN_POINT('',(-37.5,40.,2.));
#2795=CARTESIAN_POINT('',(-37.5,40.,0.));
#2796=CARTESIAN_POINT('',(0.,77.5,2.));
#2797=CARTESIAN_POINT('',(-37.5,40.,2.));
#2798=CARTESIAN_POINT('',(0.,77.5,0.));
#2799=CARTESIAN_POINT('Origin',(80.,40.,0.));
#2800=CARTESIAN_POINT('',(80.,77.5,0.));
#2801=CARTESIAN_POINT('',(80.,40.,0.));
#2802=CARTESIAN_POINT('',(80.,77.5,0.));
#2803=CARTESIAN_POINT('',(80.,77.5,2.));
#2804=CARTESIAN_POINT('',(80.,77.5,0.));
#2805=CARTESIAN_POINT('',(80.,40.,2.));
#2806=CARTESIAN_POINT('',(80.,77.5,2.));
#2807=CARTESIAN_POINT('',(80.,40.,0.));
#2808=CARTESIAN_POINT('Origin',(0.,40.,0.));
#2809=CARTESIAN_POINT('',(0.,40.,0.));
#2810=CARTESIAN_POINT('',(0.,40.,2.));
#2811=CARTESIAN_POINT('Origin',(80.,77.5,0.));
#2812=CARTESIAN_POINT('',(0.,77.5,0.));
#2813=CARTESIAN_POINT('',(0.,77.5,2.));
#2814=CARTESIAN_POINT('Origin',(40.,58.75,2.));
#2815=CARTESIAN_POINT('Origin',(40.,58.75,0.));
#2816=CARTESIAN_POINT('',(10.4098225197419,40.5903123743232,-13.2925641714831));
#2817=CARTESIAN_POINT('',(10.4098225197419,40.5903123743232,-13.2925641714831));
#2818=CARTESIAN_POINT('',(19.7097866787868,-8.41041627909922,-8.7892740013796));
#2819=CARTESIAN_POINT('',(-11.0394556366193,39.8498579665124,26.0505716307557));
#2820=UNCERTAINTY_MEASURE_WITH_UNIT(LENGTH_MEASURE(0.01),#2832,
'DISTANCE_ACCURACY_VALUE',
'Maximum model space distance between geometric entities at asserted c
onnectivities');
#2821=UNCERTAINTY_MEASURE_WITH_UNIT(LENGTH_MEASURE(0.01),#2832,
'DISTANCE_ACCURACY_VALUE',
'Maximum model space distance between geometric entities at asserted c
onnectivities');
#2822=UNCERTAINTY_MEASURE_WITH_UNIT(LENGTH_MEASURE(0.01),#2832,
'DISTANCE_ACCURACY_VALUE',
'Maximum model space distance between geometric entities at asserted c
onnectivities');
#2823=UNCERTAINTY_MEASURE_WITH_UNIT(LENGTH_MEASURE(0.01),#2832,
'DISTANCE_ACCURACY_VALUE',
'Maximum model space distance between geometric entities at asserted c
onnectivities');
#2824=UNCERTAINTY_MEASURE_WITH_UNIT(LENGTH_MEASURE(0.01),#2832,
'DISTANCE_ACCURACY_VALUE',
'Maximum model space distance between geometric entities at asserted c
onnectivities');
#2825=UNCERTAINTY_MEASURE_WITH_UNIT(LENGTH_MEASURE(0.01),#2832,
'DISTANCE_ACCURACY_VALUE',
'Maximum model space distance between geometric entities at asserted c
onnectivities');
#2826=(
GEOMETRIC_REPRESENTATION_CONTEXT(3)
GLOBAL_UNCERTAINTY_ASSIGNED_CONTEXT((#2820))
GLOBAL_UNIT_ASSIGNED_CONTEXT((#2832,#2834,#2835))
REPRESENTATION_CONTEXT('','3D')
);
#2827=(
GEOMETRIC_REPRESENTATION_CONTEXT(3)
GLOBAL_UNCERTAINTY_ASSIGNED_CONTEXT((#2821))
GLOBAL_UNIT_ASSIGNED_CONTEXT((#2832,#2834,#2835))
REPRESENTATION_CONTEXT('','3D')
);
#2828=(
GEOMETRIC_REPRESENTATION_CONTEXT(3)
GLOBAL_UNCERTAINTY_ASSIGNED_CONTEXT((#2822))
GLOBAL_UNIT_ASSIGNED_CONTEXT((#2832,#2834,#2835))
REPRESENTATION_CONTEXT('','3D')
);
#2829=(
GEOMETRIC_REPRESENTATION_CONTEXT(3)
GLOBAL_UNCERTAINTY_ASSIGNED_CONTEXT((#2823))
GLOBAL_UNIT_ASSIGNED_CONTEXT((#2832,#2834,#2835))
REPRESENTATION_CONTEXT('','3D')
);
#2830=(
GEOMETRIC_REPRESENTATION_CONTEXT(3)
GLOBAL_UNCERTAINTY_ASSIGNED_CONTEXT((#2824))
GLOBAL_UNIT_ASSIGNED_CONTEXT((#2832,#2834,#2835))
REPRESENTATION_CONTEXT('','3D')
);
#2831=(
GEOMETRIC_REPRESENTATION_CONTEXT(3)
GLOBAL_UNCERTAINTY_ASSIGNED_CONTEXT((#2825))
GLOBAL_UNIT_ASSIGNED_CONTEXT((#2832,#2834,#2835))
REPRESENTATION_CONTEXT('','3D')
);
#2832=(
LENGTH_UNIT()
NAMED_UNIT(*)
SI_UNIT(.MILLI.,.METRE.)
);
#2833=(
LENGTH_UNIT()
NAMED_UNIT(*)
SI_UNIT($,.METRE.)
);
#2834=(
NAMED_UNIT(*)
PLANE_ANGLE_UNIT()
SI_UNIT($,.RADIAN.)
);
#2835=(
NAMED_UNIT(*)
SI_UNIT($,.STERADIAN.)
SOLID_ANGLE_UNIT()
);
#2836=SHAPE_DEFINITION_REPRESENTATION(#2841,#2850);
#2837=SHAPE_DEFINITION_REPRESENTATION(#2842,#2851);
#2838=SHAPE_DEFINITION_REPRESENTATION(#2843,#2852);
#2839=SHAPE_DEFINITION_REPRESENTATION(#2844,#2853);
#2840=SHAPE_DEFINITION_REPRESENTATION(#2845,#2854);
#2841=PRODUCT_DEFINITION_SHAPE('',$,#2856);
#2842=PRODUCT_DEFINITION_SHAPE('',$,#2857);
#2843=PRODUCT_DEFINITION_SHAPE('',$,#2858);
#2844=PRODUCT_DEFINITION_SHAPE('',$,#2859);
#2845=PRODUCT_DEFINITION_SHAPE('',$,#2860);
#2846=PRODUCT_DEFINITION_SHAPE($,$,#23);
#2847=PRODUCT_DEFINITION_SHAPE($,$,#24);
#2848=PRODUCT_DEFINITION_SHAPE($,$,#25);
#2849=PRODUCT_DEFINITION_SHAPE($,$,#26);
#2850=SHAPE_REPRESENTATION('',(#1785,#1891,#1892,#1893,#1894),#2826);
#2851=SHAPE_REPRESENTATION('',(#1786),#2827);
#2852=SHAPE_REPRESENTATION('',(#1824),#2828);
#2853=SHAPE_REPRESENTATION('',(#1854),#2829);
#2854=SHAPE_REPRESENTATION('',(#1884),#2830);
#2855=PRODUCT_DEFINITION_CONTEXT('part definition',#2872,'design');
#2856=PRODUCT_DEFINITION('2026-09-03-15-20-52-657','DisplayPart',#2861,
#2855);
#2857=PRODUCT_DEFINITION('2026-09-03-15-20-52-658','eBom-FreeParts',#2862,
#2855);
#2858=PRODUCT_DEFINITION('2026-09-03-15-20-52-659','MirrorModule',#2863,
#2855);
#2859=PRODUCT_DEFINITION('2026-09-03-15-20-52-660','Balama exterioara',
#2864,#2855);
#2860=PRODUCT_DEFINITION('2026-09-03-14-56-45-843','Cover',#2865,#2855);
#2861=PRODUCT_DEFINITION_FORMATION('',$,#2874);
#2862=PRODUCT_DEFINITION_FORMATION('',$,#2875);
#2863=PRODUCT_DEFINITION_FORMATION('',$,#2876);
#2864=PRODUCT_DEFINITION_FORMATION('',$,#2877);
#2865=PRODUCT_DEFINITION_FORMATION('',$,#2878);
#2866=PRODUCT_RELATED_PRODUCT_CATEGORY('DisplayPart','DisplayPart',(#2874));
#2867=PRODUCT_RELATED_PRODUCT_CATEGORY('eBom-FreeParts',
'eBom-FreeParts',(#2875));
#2868=PRODUCT_RELATED_PRODUCT_CATEGORY('MirrorModule','MirrorModule',(#2876));
#2869=PRODUCT_RELATED_PRODUCT_CATEGORY('Balama exterioara',
'Balama exterioara',(#2877));
#2870=PRODUCT_RELATED_PRODUCT_CATEGORY('Cover','Cover',(#2878));
#2871=APPLICATION_PROTOCOL_DEFINITION('international standard',
'automotive_design',2009,#2872);
#2872=APPLICATION_CONTEXT(
'Core Data for Automotive Mechanical Design Process');
#2873=PRODUCT_CONTEXT('part definition',#2872,'mechanical');
#2874=PRODUCT('2026-09-03-15-20-52-657','DisplayPart','STEP AP203',(#2873));
#2875=PRODUCT('2026-09-03-15-20-52-658','eBom-FreeParts',$,(#2873));
#2876=PRODUCT('2026-09-03-15-20-52-659','MirrorModule',$,(#2873));
#2877=PRODUCT('2026-09-03-15-20-52-660','Balama exterioara',$,(#2873));
#2878=PRODUCT('2026-09-03-14-56-45-843','Cover',$,(#2873));
#2879=PRESENTATION_STYLE_ASSIGNMENT((#2881));
#2880=PRESENTATION_STYLE_ASSIGNMENT((#2882));
#2881=SURFACE_STYLE_USAGE(.BOTH.,#2883);
#2882=SURFACE_STYLE_USAGE(.BOTH.,#2884);
#2883=SURFACE_SIDE_STYLE('',(#2885));
#2884=SURFACE_SIDE_STYLE('',(#2886));
#2885=SURFACE_STYLE_FILL_AREA(#2887);
#2886=SURFACE_STYLE_FILL_AREA(#2888);
#2887=FILL_AREA_STYLE('Steel - Satin',(#2889));
#2888=FILL_AREA_STYLE('Opaque(160,160,160)',(#2890));
#2889=FILL_AREA_STYLE_COLOUR('Steel - Satin',#2891);
#2890=FILL_AREA_STYLE_COLOUR('Opaque(160,160,160)',#2892);
#2891=COLOUR_RGB('Steel - Satin',0.627450980392157,0.627450980392157,0.627450980392157);
#2892=COLOUR_RGB('Opaque(160,160,160)',0.627450980392157,0.627450980392157,
0.627450980392157);
ENDSEC;
END-ISO-10303-21;
