ISO-10303-21;
HEADER;
FILE_DESCRIPTION (( 'STEP AP203' ),
    '1' );
FILE_NAME ('fullOptic.STEP',
    '2026-09-24T18:30:02',
    ( '' ),
    ( '' ),
    'SwSTEP 2.0',
    'SolidWorks 2026',
    '' );
FILE_SCHEMA (( 'CONFIG_CONTROL_DESIGN' ));
ENDSEC;

DATA;
#1 = VERTEX_POINT ( 'NONE', #4503 ) ;
#2 = VERTEX_POINT ( 'NONE', #1985 ) ;
#3 = DIRECTION ( 'NONE',  ( -3.595069229522839803E-33, -1.000000000000000000, 0.000000000000000000 ) ) ;
#4 = CARTESIAN_POINT ( 'NONE',  ( -33.29999925568699837, 0.000000000000000000, 32.00000000000609646 ) ) ;
#5 = DIRECTION ( 'NONE',  ( 0.000000000000000000, 1.000000000000000000, 0.000000000000000000 ) ) ;
#6 = VECTOR ( 'NONE', #450, 1000.000000000000000 ) ;
#7 = VERTEX_POINT ( 'NONE', #3772 ) ;
#8 = VECTOR ( 'NONE', #2306, 1000.000000000000000 ) ;
#9 = DIRECTION ( 'NONE',  ( 0.000000000000000000, -1.000000000000000000, 0.000000000000000000 ) ) ;
#10 = APPLICATION_PROTOCOL_DEFINITION ( 'international standard', 'config_control_design', 1994, #3619 ) ;
#11 = LINE ( 'NONE', #4547, #4015 ) ;
#12 = DIRECTION ( 'NONE',  ( 0.000000000000000000, 1.000000000000000000, 0.000000000000000000 ) ) ;
#13 = CIRCLE ( 'NONE', #1267, 2.325000000000000622 ) ;
#14 = CARTESIAN_POINT ( 'NONE',  ( 14.09999999999999964, -1.250000000000000000, -39.30000000000000426 ) ) ;
#15 = VECTOR ( 'NONE', #2009, 1000.000000000000000 ) ;
#16 = VERTEX_POINT ( 'NONE', #3122 ) ;
#17 = EDGE_CURVE ( 'NONE', #2157, #4332, #2343, .T. ) ;
#18 = CC_DESIGN_APPROVAL ( #991, ( #4286 ) ) ;
#19 = APPROVAL_STATUS ( 'not_yet_approved' ) ;
#20 = CARTESIAN_POINT ( 'NONE',  ( 1.000000000000000000, 1.500000000000000000, -1.000000000000000000 ) ) ;
#21 = ORIENTED_EDGE ( 'NONE', *, *, #2608, .T. ) ;
#22 = CC_DESIGN_APPROVAL ( #229, ( #1717 ) ) ;
#23 = EDGE_CURVE ( 'NONE', #2752, #1508, #4549, .T. ) ;
#24 = CARTESIAN_POINT ( 'NONE',  ( -33.29999925568640151, -8.999999754130838525, 4.500000000006049383 ) ) ;
#25 = SECURITY_CLASSIFICATION_LEVEL ( 'unclassified' ) ;
#26 = SECURITY_CLASSIFICATION ( '', '', #298 ) ;
#27 = ORIENTED_EDGE ( 'NONE', *, *, #4311, .F. ) ;
#28 = CC_DESIGN_PERSON_AND_ORGANIZATION_ASSIGNMENT ( #1833, #670, ( #4286 ) ) ;
#29 = ORIENTED_EDGE ( 'NONE', *, *, #4169, .F. ) ;
#30 = ORIENTED_EDGE ( 'NONE', *, *, #2634, .F. ) ;
#31 = CC_DESIGN_PERSON_AND_ORGANIZATION_ASSIGNMENT ( #391, #2155, ( #1800 ) ) ;
#32 = CARTESIAN_POINT ( 'NONE',  ( 11.25000000000000000, 0.000000000000000000, 32.00000000000000000 ) ) ;
#33 = CARTESIAN_POINT ( 'NONE',  ( 10.00000014901189971, -8.484363381672159562E-32, 28.00000000000069988 ) ) ;
#34 = CARTESIAN_POINT ( 'NONE',  ( 32.30000000000000426, 2.500000000000000000, 0.000000000000000000 ) ) ;
#35 = ORIENTED_EDGE ( 'NONE', *, *, #2084, .T. ) ;
#36 = CARTESIAN_POINT ( 'NONE',  ( 2.571758278209443436E-16, 0.000000000000000000, 4.300000000000001599 ) ) ;
#37 = APPROVAL_DATE_TIME ( #2650, #2128 ) ;
#38 = CARTESIAN_POINT ( 'NONE',  ( 10.00000014901159950, -2.250000000000000000, 26.00000038743019815 ) ) ;
#39 = DIRECTION ( 'NONE',  ( 0.000000000000000000, 1.000000000000000000, 0.000000000000000000 ) ) ;
#40 = DIRECTION ( 'NONE',  ( 1.000000000000000000, 0.000000000000000000, 0.000000000000000000 ) ) ;
#41 = DIRECTION ( 'NONE',  ( -1.000000000000000000, 3.595069229522839803E-33, 0.000000000000000000 ) ) ;
#42 = ORIENTED_EDGE ( 'NONE', *, *, #3825, .F. ) ;
#43 = DATE_AND_TIME ( #4590, #2022 ) ;
#44 = LINE ( 'NONE', #20, #2947 ) ;
#45 = ORIENTED_EDGE ( 'NONE', *, *, #1413, .F. ) ;
#46 = ADVANCED_FACE ( 'NONE', ( #1730 ), #605, .F. ) ;
#47 = DIRECTION ( 'NONE',  ( -1.000000000000000000, 0.000000000000000000, 0.000000000000000000 ) ) ;
#48 = COORDINATED_UNIVERSAL_TIME_OFFSET ( 2, 0, .AHEAD. ) ;
#49 = CIRCLE ( 'NONE', #2646, 3.250000000000000000 ) ;
#50 = ORIENTED_EDGE ( 'NONE', *, *, #4310, .T. ) ;
#51 = AXIS2_PLACEMENT_3D ( 'NONE', #244, #3692, #2031 ) ;
#52 = ORIENTED_EDGE ( 'NONE', *, *, #2043, .T. ) ;
#53 = ADVANCED_FACE ( 'NONE', ( #1265, #292 ), #2708, .T. ) ;
#54 = ORIENTED_EDGE ( 'NONE', *, *, #3645, .T. ) ;
#55 = LINE ( 'NONE', #1169, #4074 ) ;
#56 = CARTESIAN_POINT ( 'NONE',  ( 33.75000000000000000, 27.00000000000000000, 32.00000000000000000 ) ) ;
#57 = DIRECTION ( 'NONE',  ( 1.000000000000000000, 0.000000000000000000, 0.000000000000000000 ) ) ;
#58 = EDGE_CURVE ( 'NONE', #1617, #622, #227, .T. ) ;
#59 = ORIENTED_EDGE ( 'NONE', *, *, #2114, .F. ) ;
#60 = EDGE_CURVE ( 'NONE', #4433, #1026, #4114, .T. ) ;
#61 = DIRECTION ( 'NONE',  ( 0.000000000000000000, -1.000000000000000000, 0.000000000000000000 ) ) ;
#62 = APPROVAL_STATUS ( 'not_yet_approved' ) ;
#63 = DIRECTION ( 'NONE',  ( 0.000000000000000000, -1.000000000000000000, 0.000000000000000000 ) ) ;
#64 = DIRECTION ( 'NONE',  ( 0.000000000000000000, 0.000000000000000000, 1.000000000000000000 ) ) ;
#65 = LINE ( 'NONE', #2858, #159 ) ;
#66 = VERTEX_POINT ( 'NONE', #928 ) ;
#67 = CARTESIAN_POINT ( 'NONE',  ( 37.00000000000000000, 30.25000000000000000, 28.60000000000000142 ) ) ;
#68 = EDGE_LOOP ( 'NONE', ( #1827, #3979, #2806, #4146 ) ) ;
#69 = VECTOR ( 'NONE', #305, 1000.000000000000000 ) ;
#70 = DIRECTION ( 'NONE',  ( 0.000000000000000000, 0.000000000000000000, -1.000000000000000000 ) ) ;
#71 = PERSON_AND_ORGANIZATION ( #3475, #2623 ) ;
#72 = ORIENTED_EDGE ( 'NONE', *, *, #2751, .T. ) ;
#73 = ORIENTED_EDGE ( 'NONE', *, *, #3026, .F. ) ;
#74 = EDGE_LOOP ( 'NONE', ( #1935, #2109, #2764, #2645 ) ) ;
#75 = EDGE_CURVE ( 'NONE', #1224, #2786, #4481, .T. ) ;
#76 = CARTESIAN_POINT ( 'NONE',  ( -31.00000046193600411, 2.000000000000000000, 4.500000000000000000 ) ) ;
#77 = CARTESIAN_POINT ( 'NONE',  ( 43.00000000000000000, 30.25000000000000000, 28.60000000000000142 ) ) ;
#78 = LINE ( 'NONE', #2567, #2682 ) ;
#79 = ORIENTED_EDGE ( 'NONE', *, *, #790, .F. ) ;
#80 = ADVANCED_FACE ( 'NONE', ( #4203 ), #1015, .T. ) ;
#81 = LINE ( 'NONE', #2569, #3032 ) ;
#82 = DIRECTION ( 'NONE',  ( -1.000000000000000000, 0.000000000000000000, 0.000000000000000000 ) ) ;
#83 = DIRECTION ( 'NONE',  ( 1.000000000000000000, 0.000000000000000000, -1.156482317317871478E-16 ) ) ;
#84 = CC_DESIGN_DATE_AND_TIME_ASSIGNMENT ( #1711, #3041, ( #562 ) ) ;
#85 = AXIS2_PLACEMENT_3D ( 'NONE', #1174, #2219, #848 ) ;
#86 = ORIENTED_EDGE ( 'NONE', *, *, #3701, .T. ) ;
#87 = VECTOR ( 'NONE', #1888, 1000.000000000000000 ) ;
#88 = DIRECTION ( 'NONE',  ( 0.000000000000000000, 0.000000000000000000, -1.000000000000000000 ) ) ;
#89 = VECTOR ( 'NONE', #1841, 1000.000000000000000 ) ;
#90 = ORIENTED_EDGE ( 'NONE', *, *, #2666, .T. ) ;
#91 = SECURITY_CLASSIFICATION ( '', '', #4296 ) ;
#92 = LINE ( 'NONE', #4086, #2820 ) ;
#93 = COORDINATED_UNIVERSAL_TIME_OFFSET ( 2, 0, .AHEAD. ) ;
#94 = CIRCLE ( 'NONE', #1133, 1.824999999999998845 ) ;
#95 = ORIENTED_EDGE ( 'NONE', *, *, #1685, .F. ) ;
#96 = ORIENTED_EDGE ( 'NONE', *, *, #188, .F. ) ;
#97 = VECTOR ( 'NONE', #1075, 1000.000000000000000 ) ;
#98 = ORIENTED_EDGE ( 'NONE', *, *, #723, .F. ) ;
#99 = CC_DESIGN_SECURITY_CLASSIFICATION ( #1213, ( #4477 ) ) ;
#100 = LINE ( 'NONE', #1516, #3496 ) ;
#101 = DIRECTION ( 'NONE',  ( 0.000000000000000000, 0.000000000000000000, -1.000000000000000000 ) ) ;
#102 = CARTESIAN_POINT ( 'NONE',  ( 34.99999997019770603, 23.37500020861629935, 2.000000000000000000 ) ) ;
#103 = EDGE_CURVE ( 'NONE', #3009, #1776, #3100, .T. ) ;
#104 = EDGE_LOOP ( 'NONE', ( #2513, #113, #3502, #1657 ) ) ;
#105 = CARTESIAN_POINT ( 'NONE',  ( 0.000000000000000000, 0.000000000000000000, 0.000000000000000000 ) ) ;
#106 = LINE ( 'NONE', #1846, #3784 ) ;
#107 = LINE ( 'NONE', #236, #3192 ) ;
#108 = EDGE_CURVE ( 'NONE', #2346, #1437, #2613, .T. ) ;
#109 = CARTESIAN_POINT ( 'NONE',  ( 0.000000000000000000, 77.50000000000000000, 2.000000000000000000 ) ) ;
#110 = CIRCLE ( 'NONE', #431, 1.625000000000001332 ) ;
#111 = VERTEX_POINT ( 'NONE', #1311 ) ;
#112 = CARTESIAN_POINT ( 'NONE',  ( 0.000000000000000000, 77.50000000000000000, 0.000000000000000000 ) ) ;
#113 = ORIENTED_EDGE ( 'NONE', *, *, #2182, .T. ) ;
#114 = CARTESIAN_POINT ( 'NONE',  ( 2.000000000000000000, 1.500000000000000000, -30.30000000000000071 ) ) ;
#115 = ADVANCED_FACE ( 'NONE', ( #2384 ), #2731, .F. ) ;
#116 = CALENDAR_DATE ( 2026, 24, 9 ) ;
#117 = VERTEX_POINT ( 'NONE', #3800 ) ;
#118 = VERTEX_POINT ( 'NONE', #2039 ) ;
#119 = CARTESIAN_POINT ( 'NONE',  ( 10.00000014901189971, -2.250000000000000000, 7.000000000000750511 ) ) ;
#120 = VECTOR ( 'NONE', #3535, 1000.000000000000000 ) ;
#121 = LINE ( 'NONE', #2917, #3013 ) ;
#122 = LINE ( 'NONE', #102, #3933 ) ;
#123 = AXIS2_PLACEMENT_3D ( 'NONE', #1233, #2977, #2258 ) ;
#124 = EDGE_LOOP ( 'NONE', ( #573, #441, #4079, #4572, #3182, #3537, #555, #2344 ) ) ;
#125 = CARTESIAN_POINT ( 'NONE',  ( 13.59999999999999964, 1.250000000000000000, -35.05499999999999972 ) ) ;
#126 = CARTESIAN_POINT ( 'NONE',  ( -31.00000046193600411, 2.000000000000000000, 31.00000000000000000 ) ) ;
#127 = LINE ( 'NONE', #3990, #3413 ) ;
#128 = ORIENTED_EDGE ( 'NONE', *, *, #3905, .F. ) ;
#129 = EDGE_CURVE ( 'NONE', #4475, #118, #3449, .T. ) ;
#130 = CARTESIAN_POINT ( 'NONE',  ( 40.00000014901190326, -8.484363381672159562E-32, 7.000000000000750511 ) ) ;
#131 = ORIENTED_EDGE ( 'NONE', *, *, #1503, .T. ) ;
#132 = LINE ( 'NONE', #4413, #3551 ) ;
#133 = CALENDAR_DATE ( 2026, 24, 9 ) ;
#134 = ADVANCED_FACE ( 'NONE', ( #4182 ), #2408, .T. ) ;
#135 = ORIENTED_EDGE ( 'NONE', *, *, #3053, .F. ) ;
#136 = VERTEX_POINT ( 'NONE', #3608 ) ;
#137 = PRODUCT_DEFINITION ( 'UNKNOWN', '', #4477, #944 ) ;
#138 = ADVANCED_FACE ( 'NONE', ( #3536 ), #4569, .F. ) ;
#139 = VECTOR ( 'NONE', #489, 1000.000000000000000 ) ;
#140 = PERSON_AND_ORGANIZATION ( #3475, #2623 ) ;
#141 = DIRECTION ( 'NONE',  ( 0.000000000000000000, 0.000000000000000000, 1.000000000000000000 ) ) ;
#142 = LINE ( 'NONE', #3408, #2349 ) ;
#143 = FACE_OUTER_BOUND ( 'NONE', #2595, .T. ) ;
#144 = ORIENTED_EDGE ( 'NONE', *, *, #325, .F. ) ;
#145 = CARTESIAN_POINT ( 'NONE',  ( 1.000000000000000000, 1.500000000000000000, -31.30000000000000071 ) ) ;
#146 = VECTOR ( 'NONE', #4276, 1000.000000000000000 ) ;
#147 = FACE_OUTER_BOUND ( 'NONE', #1587, .T. ) ;
#148 = DIRECTION ( 'NONE',  ( 1.000000000000000000, -3.595069229522839803E-33, 3.226551062865470171E-13 ) ) ;
#149 = ORIENTED_EDGE ( 'NONE', *, *, #2369, .T. ) ;
#150 = DATE_AND_TIME ( #1178, #2318 ) ;
#151 = FACE_OUTER_BOUND ( 'NONE', #68, .T. ) ;
#152 = ORIENTED_EDGE ( 'NONE', *, *, #4399, .T. ) ;
#153 = EDGE_CURVE ( 'NONE', #1776, #2912, #65, .T. ) ;
#154 = AXIS2_PLACEMENT_3D ( 'NONE', #3796, #1285, #3445 ) ;
#155 = DIRECTION ( 'NONE',  ( 1.000000000000000000, 0.000000000000000000, 0.000000000000000000 ) ) ;
#156 = DATE_TIME_ROLE ( 'classification_date' ) ;
#157 = ORIENTED_EDGE ( 'NONE', *, *, #2433, .T. ) ;
#158 = EDGE_CURVE ( 'NONE', #1820, #3824, #3166, .T. ) ;
#159 = VECTOR ( 'NONE', #3865, 1000.000000000000000 ) ;
#160 = VECTOR ( 'NONE', #2503, 1000.000000000000000 ) ;
#161 = APPROVAL ( #3201, 'UNSPECIFIED' ) ;
#162 = DATE_AND_TIME ( #3361, #2028 ) ;
#163 = DIRECTION ( 'NONE',  ( 0.000000000000000000, -1.000000000000000000, 0.000000000000000000 ) ) ;
#164 = APPROVAL_PERSON_ORGANIZATION ( #1939, #1327, #973 ) ;
#165 = CARTESIAN_POINT ( 'NONE',  ( 45.00000000000000000, 0.000000000000000000, 32.00000000000000000 ) ) ;
#166 = ORIENTED_EDGE ( 'NONE', *, *, #103, .F. ) ;
#167 = APPROVAL_PERSON_ORGANIZATION ( #2082, #2700, #3518 ) ;
#168 = LINE ( 'NONE', #2961, #3399 ) ;
#169 = FACE_OUTER_BOUND ( 'NONE', #3776, .T. ) ;
#170 = APPROVAL_PERSON_ORGANIZATION ( #4463, #2696, #600 ) ;
#171 = DIRECTION ( 'NONE',  ( -0.000000000000000000, -1.000000000000000000, -0.000000000000000000 ) ) ;
#172 = ORIENTED_EDGE ( 'NONE', *, *, #3008, .F. ) ;
#173 = DIRECTION ( 'NONE',  ( 1.000000000000000000, 0.000000000000000000, 1.084202172485504804E-16 ) ) ;
#174 = CARTESIAN_POINT ( 'NONE',  ( -3.081487911019580102E-32, 37.50000000000000000, 0.000000000000000000 ) ) ;
#175 = VERTEX_POINT ( 'NONE', #2803 ) ;
#176 = CIRCLE ( 'NONE', #1518, 3.250000000000000000 ) ;
#177 = ORIENTED_EDGE ( 'NONE', *, *, #3612, .T. ) ;
#178 = CARTESIAN_POINT ( 'NONE',  ( 31.30000000000000071, 1.500000000000000000, -31.30000000000000071 ) ) ;
#179 = PERSON_AND_ORGANIZATION_ROLE ( 'design_supplier' ) ;
#180 = ORIENTED_EDGE ( 'NONE', *, *, #3592, .T. ) ;
#181 = ADVANCED_FACE ( 'NONE', ( #1848 ), #4271, .F. ) ;
#182 = ORIENTED_EDGE ( 'NONE', *, *, #23, .T. ) ;
#183 = APPLICATION_PROTOCOL_DEFINITION ( 'international standard', 'config_control_design', 1994, #3854 ) ;
#184 = LINE ( 'NONE', #3687, #2025 ) ;
#185 = LINE ( 'NONE', #2329, #3561 ) ;
#186 = LINE ( 'NONE', #2631, #3083 ) ;
#187 = ADVANCED_FACE ( 'NONE', ( #1036 ), #713, .T. ) ;
#188 = EDGE_CURVE ( 'NONE', #1064, #4275, #3515, .T. ) ;
#189 = ORIENTED_EDGE ( 'NONE', *, *, #337, .F. ) ;
#190 = DIRECTION ( 'NONE',  ( -1.000000000000000000, 0.000000000000000000, 0.000000000000000000 ) ) ;
#191 = FACE_OUTER_BOUND ( 'NONE', #2368, .T. ) ;
#192 = EDGE_CURVE ( 'NONE', #16, #474, #1477, .T. ) ;
#193 =( LENGTH_UNIT ( ) NAMED_UNIT ( * ) SI_UNIT ( .MILLI., .METRE. ) );
#194 = VECTOR ( 'NONE', #2302, 1000.000000000000000 ) ;
#195 = CARTESIAN_POINT ( 'NONE',  ( 43.00000000000000000, 2.000000000000000000, 2.000000000000000000 ) ) ;
#196 =( GEOMETRIC_REPRESENTATION_CONTEXT ( 3 ) GLOBAL_UNCERTAINTY_ASSIGNED_CONTEXT ( ( #4518 ) ) GLOBAL_UNIT_ASSIGNED_CONTEXT ( ( #451, #2551, #4057 ) ) REPRESENTATION_CONTEXT ( 'NONE', 'WORKASPACE' ) );
#197 = ADVANCED_FACE ( 'NONE', ( #1402 ), #3894, .T. ) ;
#198 = ORIENTED_EDGE ( 'NONE', *, *, #4479, .T. ) ;
#199 = FACE_BOUND ( 'NONE', #527, .T. ) ;
#200 = CARTESIAN_POINT ( 'NONE',  ( 0.2000000000006469936, 0.000000000000000000, 32.00000000000639488 ) ) ;
#201 = DIRECTION ( 'NONE',  ( 0.000000000000000000, -1.000000000000000000, 0.000000000000000000 ) ) ;
#202 = ORIENTED_EDGE ( 'NONE', *, *, #3480, .F. ) ;
#203 = ORIENTED_EDGE ( 'NONE', *, *, #2558, .F. ) ;
#204 = CARTESIAN_POINT ( 'NONE',  ( 0.000000000000000000, 4.485522627963559827, 4.487558992682310510 ) ) ;
#205 = SECURITY_CLASSIFICATION_LEVEL ( 'unclassified' ) ;
#206 = ORIENTED_EDGE ( 'NONE', *, *, #3159, .T. ) ;
#207 = ORIENTED_EDGE ( 'NONE', *, *, #1778, .T. ) ;
#208 = CALENDAR_DATE ( 2026, 24, 9 ) ;
#209 = DIRECTION ( 'NONE',  ( -0.000000000000000000, 1.000000000000000000, 0.000000000000000000 ) ) ;
#210 = CARTESIAN_POINT ( 'NONE',  ( 43.00000000000000000, 7.250000000000000000, 28.60000000000000142 ) ) ;
#211 = LINE ( 'NONE', #2652, #3985 ) ;
#212 = VERTEX_POINT ( 'NONE', #1770 ) ;
#213 = ADVANCED_FACE ( 'NONE', ( #3189 ), #3941, .F. ) ;
#214 = AXIS2_PLACEMENT_3D ( 'NONE', #1760, #1817, #3177 ) ;
#215 = CARTESIAN_POINT ( 'NONE',  ( -2.000000000000000000, 4.485522627963559827, 31.48755899268229541 ) ) ;
#216 = CARTESIAN_POINT ( 'NONE',  ( 15.00000000000000000, 6.000000000000000000, 1.050000000000000933 ) ) ;
#217 = CARTESIAN_POINT ( 'NONE',  ( 0.000000000000000000, 0.000000000000000000, 0.000000000000000000 ) ) ;
#218 = LINE ( 'NONE', #1283, #829 ) ;
#219 = AXIS2_PLACEMENT_3D ( 'NONE', #3988, #729, #2173 ) ;
#220 = EDGE_CURVE ( 'NONE', #1184, #3909, #2504, .T. ) ;
#221 = ORIENTED_EDGE ( 'NONE', *, *, #1663, .T. ) ;
#222 = PRODUCT_DEFINITION_SHAPE ( 'NONE', 'NONE',  #3312 ) ;
#223 = VECTOR ( 'NONE', #742, 1000.000000000000000 ) ;
#224 = CC_DESIGN_PERSON_AND_ORGANIZATION_ASSIGNMENT ( #2499, #382, ( #3695 ) ) ;
#225 = FACE_OUTER_BOUND ( 'NONE', #3383, .T. ) ;
#226 = CARTESIAN_POINT ( 'NONE',  ( 14.09999999999999964, -1.250000000000000000, -39.30000000000000426 ) ) ;
#227 = LINE ( 'NONE', #272, #4023 ) ;
#228 = VERTEX_POINT ( 'NONE', #759 ) ;
#229 = APPROVAL ( #787, 'UNKNOWN' ) ;
#230 = FACE_OUTER_BOUND ( 'NONE', #2600, .T. ) ;
#231 = APPROVAL_ROLE ( '' ) ;
#232 = VERTEX_POINT ( 'NONE', #2898 ) ;
#233 = VECTOR ( 'NONE', #4164, 1000.000000000000000 ) ;
#234 = COORDINATED_UNIVERSAL_TIME_OFFSET ( 2, 0, .AHEAD. ) ;
#235 = PLANE ( 'NONE',  #690 ) ;
#236 = CARTESIAN_POINT ( 'NONE',  ( 45.00000000000000000, 13.50000000000000000, 24.00000000000000000 ) ) ;
#237 = CARTESIAN_POINT ( 'NONE',  ( 43.00000000000000000, 15.12500000000000000, 27.79999999999999716 ) ) ;
#238 = AXIS2_PLACEMENT_3D ( 'NONE', #3813, #3049, #1352 ) ;
#239 = ORIENTED_EDGE ( 'NONE', *, *, #3814, .T. ) ;
#240 = LOCAL_TIME ( 21, 30, 2.000000000000000000, #4018 ) ;
#241 = PLANE ( 'NONE',  #1693 ) ;
#242 = CARTESIAN_POINT ( 'NONE',  ( 6.298111795459336914E-15, 58.73527075499401917, -32.30000000000000426 ) ) ;
#243 = AXIS2_PLACEMENT_3D ( 'NONE', #130, #2248, #4320 ) ;
#244 = CARTESIAN_POINT ( 'NONE',  ( 0.000000000000000000, 0.000000000000000000, 0.000000000000000000 ) ) ;
#245 = DIRECTION ( 'NONE',  ( 1.000000000000000000, 0.000000000000000000, 0.000000000000000000 ) ) ;
#246 = ADVANCED_FACE ( 'NONE', ( #2151 ), #387, .T. ) ;
#247 = EDGE_LOOP ( 'NONE', ( #1389, #2547, #692, #288 ) ) ;
#248 = LOCAL_TIME ( 21, 30, 2.000000000000000000, #4240 ) ;
#249 = EDGE_CURVE ( 'NONE', #2200, #1508, #4316, .T. ) ;
#250 = LINE ( 'NONE', #1309, #2976 ) ;
#251 = DIRECTION ( 'NONE',  ( 0.000000000000000000, 1.000000000000000000, 0.000000000000000000 ) ) ;
#252 = DIRECTION ( 'NONE',  ( 0.000000000000000000, 1.000000000000000000, 0.000000000000000000 ) ) ;
#253 = VERTEX_POINT ( 'NONE', #1105 ) ;
#254 = CARTESIAN_POINT ( 'NONE',  ( 15.00000000000000000, 6.000000000000000000, 4.299999999999999822 ) ) ;
#255 = DATE_TIME_ROLE ( 'classification_date' ) ;
#256 = EDGE_LOOP ( 'NONE', ( #4222, #3219, #3190, #1142 ) ) ;
#257 = EDGE_CURVE ( 'NONE', #4211, #3922, #2527, .T. ) ;
#258 = APPROVAL_DATE_TIME ( #4488, #2973 ) ;
#259 = CARTESIAN_POINT ( 'NONE',  ( 8.599999999999999645, 1.250000000000000000, -35.05499999999999972 ) ) ;
#260 = CARTESIAN_POINT ( 'NONE',  ( -33.29999925568640151, -10.99999975413079945, 4.500000000006049383 ) ) ;
#261 = DIRECTION ( 'NONE',  ( -0.000000000000000000, 1.000000000000000000, 0.000000000000000000 ) ) ;
#262 = ORIENTED_EDGE ( 'NONE', *, *, #3335, .F. ) ;
#263 = DIRECTION ( 'NONE',  ( 1.000000000000000000, 0.000000000000000000, 0.000000000000000000 ) ) ;
#264 = FACE_OUTER_BOUND ( 'NONE', #401, .T. ) ;
#265 = CARTESIAN_POINT ( 'NONE',  ( 0.2000000000006469936, 0.000000000000000000, 32.00000000000639488 ) ) ;
#266 = VERTEX_POINT ( 'NONE', #3588 ) ;
#267 = DATE_TIME_ROLE ( 'classification_date' ) ;
#268 = LINE ( 'NONE', #967, #2235 ) ;
#269 = CYLINDRICAL_SURFACE ( 'NONE', #1147, 1.625000000000001332 ) ;
#270 =( GEOMETRIC_REPRESENTATION_CONTEXT ( 3 ) GLOBAL_UNCERTAINTY_ASSIGNED_CONTEXT ( ( #3116 ) ) GLOBAL_UNIT_ASSIGNED_CONTEXT ( ( #193, #4104, #2357 ) ) REPRESENTATION_CONTEXT ( 'NONE', 'WORKASPACE' ) );
#271 = CARTESIAN_POINT ( 'NONE',  ( 1.000000000000000000, 0.000000000000000000, -31.30000000000000071 ) ) ;
#272 = CARTESIAN_POINT ( 'NONE',  ( 37.00000000000000000, 7.250000000000000000, 28.60000000000000142 ) ) ;
#273 = ORIENTED_EDGE ( 'NONE', *, *, #4375, .T. ) ;
#274 = EDGE_CURVE ( 'NONE', #1514, #1, #413, .T. ) ;
#275 = PERSON_AND_ORGANIZATION ( #3475, #2623 ) ;
#276 = ORIENTED_EDGE ( 'NONE', *, *, #3592, .F. ) ;
#277 = COORDINATED_UNIVERSAL_TIME_OFFSET ( 2, 0, .AHEAD. ) ;
#278 = DIRECTION ( 'NONE',  ( 0.7071067811865480168, 0.000000000000000000, -0.7071067811865470176 ) ) ;
#279 = DIRECTION ( 'NONE',  ( 0.000000000000000000, 0.000000000000000000, 1.000000000000000000 ) ) ;
#280 = EDGE_CURVE ( 'NONE', #3615, #374, #3657, .T. ) ;
#281 = ADVANCED_FACE ( 'NONE', ( #1869 ), #3007, .F. ) ;
#282 = EDGE_LOOP ( 'NONE', ( #1715, #3993, #3666, #4436 ) ) ;
#283 = VECTOR ( 'NONE', #2220, 1000.000000000000000 ) ;
#284 = CARTESIAN_POINT ( 'NONE',  ( 37.00000000000000000, 28.00000041723249922, 5.000000000000000000 ) ) ;
#285 = LINE ( 'NONE', #1350, #2085 ) ;
#286 = DIRECTION ( 'NONE',  ( 0.000000000000000000, -1.000000000000000000, 0.000000000000000000 ) ) ;
#287 = AXIS2_PLACEMENT_3D ( 'NONE', #3459, #3785, #608 ) ;
#288 = ORIENTED_EDGE ( 'NONE', *, *, #1079, .F. ) ;
#289 = PERSON_AND_ORGANIZATION ( #3475, #2623 ) ;
#290 = DIRECTION ( 'NONE',  ( 0.000000000000000000, 0.000000000000000000, 1.000000000000000000 ) ) ;
#291 = PLANE ( 'NONE',  #1013 ) ;
#292 = FACE_OUTER_BOUND ( 'NONE', #1440, .T. ) ;
#293 = AXIS2_PLACEMENT_3D ( 'NONE', #3334, #155, #3859 ) ;
#294 = EDGE_LOOP ( 'NONE', ( #1751, #131, #3733, #1940, #526 ) ) ;
#295 = CONTEXT_DEPENDENT_SHAPE_REPRESENTATION ( #539, #4564 ) ;
#296 = EDGE_LOOP ( 'NONE', ( #2489, #876, #1733, #1786 ) ) ;
#297 = ADVANCED_FACE ( 'NONE', ( #1542 ), #1586, .F. ) ;
#298 = SECURITY_CLASSIFICATION_LEVEL ( 'unclassified' ) ;
#299 = EDGE_CURVE ( 'NONE', #3565, #777, #473, .T. ) ;
#300 = DIRECTION ( 'NONE',  ( 0.000000000000000000, 1.000000000000000000, 0.000000000000000000 ) ) ;
#301 = VECTOR ( 'NONE', #3143, 1000.000000000000000 ) ;
#302 = VERTEX_POINT ( 'NONE', #4077 ) ;
#303 = CC_DESIGN_PERSON_AND_ORGANIZATION_ASSIGNMENT ( #3267, #1551, ( #3596 ) ) ;
#304 = VECTOR ( 'NONE', #2719, 1000.000000000000000 ) ;
#305 = DIRECTION ( 'NONE',  ( 0.000000000000000000, -1.000000000000000000, 0.000000000000000000 ) ) ;
#306 = VECTOR ( 'NONE', #2607, 1000.000000000000000 ) ;
#307 = DIRECTION ( 'NONE',  ( 0.000000000000000000, 0.000000000000000000, -1.000000000000000000 ) ) ;
#308 = CARTESIAN_POINT ( 'NONE',  ( 45.00000000000000000, 77.50000000000000000, 0.000000000000000000 ) ) ;
#309 = APPROVAL ( #4389, 'UNSPECIFIED' ) ;
#310 = LOCAL_TIME ( 21, 30, 2.000000000000000000, #2367 ) ;
#311 = VECTOR ( 'NONE', #2079, 1000.000000000000000 ) ;
#312 = PERSON_AND_ORGANIZATION ( #3475, #2623 ) ;
#313 = VECTOR ( 'NONE', #3610, 1000.000000000000114 ) ;
#314 = CARTESIAN_POINT ( 'NONE',  ( 20.00000007450599782, -7.190138485831089762E-32, 28.00000000000069988 ) ) ;
#315 = LINE ( 'NONE', #3914, #2059 ) ;
#316 = CARTESIAN_POINT ( 'NONE',  ( 37.00000000000000000, 29.44999999999999929, 28.60000000000000142 ) ) ;
#317 = ORIENTED_EDGE ( 'NONE', *, *, #1557, .F. ) ;
#318 = VECTOR ( 'NONE', #1191, 1000.000000000000000 ) ;
#319 = ORIENTED_EDGE ( 'NONE', *, *, #1557, .T. ) ;
#320 = CC_DESIGN_APPROVAL ( #3917, ( #1805 ) ) ;
#321 = APPROVAL_STATUS ( 'not_yet_approved' ) ;
#322 = EDGE_LOOP ( 'NONE', ( #917, #3999, #2080, #2627 ) ) ;
#323 = LOCAL_TIME ( 21, 30, 2.000000000000000000, #4556 ) ;
#324 = DIRECTION ( 'NONE',  ( 0.000000000000000000, 0.000000000000000000, 1.000000000000000000 ) ) ;
#325 = EDGE_CURVE ( 'NONE', #3149, #4529, #3288, .T. ) ;
#326 = APPROVAL_STATUS ( 'not_yet_approved' ) ;
#327 = DIRECTION ( 'NONE',  ( -0.7071067811865475727, 0.7071067811865475727, 0.000000000000000000 ) ) ;
#328 = VECTOR ( 'NONE', #1682, 1000.000000000000000 ) ;
#329 = VERTEX_POINT ( 'NONE', #2945 ) ;
#330 = EDGE_CURVE ( 'NONE', #175, #3844, #492, .T. ) ;
#331 = FACE_OUTER_BOUND ( 'NONE', #2736, .T. ) ;
#332 = CARTESIAN_POINT ( 'NONE',  ( 0.000000000000000000, 2.500000000000000000, 0.000000000000000000 ) ) ;
#333 = DIRECTION ( 'NONE',  ( 1.072287862897752081E-16, 1.000000000000000000, 0.000000000000000000 ) ) ;
#334 = VERTEX_POINT ( 'NONE', #4341 ) ;
#335 = DIRECTION ( 'NONE',  ( -0.000000000000000000, -1.000000000000000000, -0.000000000000000000 ) ) ;
#336 = PERSON_AND_ORGANIZATION ( #3475, #2623 ) ;
#337 = EDGE_CURVE ( 'NONE', #1508, #1763, #1927, .T. ) ;
#338 = PLANE ( 'NONE',  #3045 ) ;
#339 = CARTESIAN_POINT ( 'NONE',  ( 1.414213333333260048, 36.08577406191849946, 0.000000000000000000 ) ) ;
#340 = CARTESIAN_POINT ( 'NONE',  ( 2.000000000000000000, 2.000000000000000000, 0.000000000000000000 ) ) ;
#341 = CARTESIAN_POINT ( 'NONE',  ( 11.00000000000000000, 6.000000000000000000, -2.200000000000000178 ) ) ;
#342 = EDGE_CURVE ( 'NONE', #2497, #1539, #2926, .T. ) ;
#343 = ORIENTED_EDGE ( 'NONE', *, *, #355, .F. ) ;
#344 = CONTEXT_DEPENDENT_SHAPE_REPRESENTATION ( #839, #2643 ) ;
#345 = FACE_OUTER_BOUND ( 'NONE', #4278, .T. ) ;
#346 = ORIENTED_EDGE ( 'NONE', *, *, #1895, .F. ) ;
#347 = VECTOR ( 'NONE', #1650, 1000.000000000000000 ) ;
#348 = LINE ( 'NONE', #1091, #2227 ) ;
#349 = PERSON_AND_ORGANIZATION ( #3475, #2623 ) ;
#350 = FACE_OUTER_BOUND ( 'NONE', #2964, .T. ) ;
#351 = VERTEX_POINT ( 'NONE', #1176 ) ;
#352 = DIRECTION ( 'NONE',  ( -1.000000000000000000, 0.000000000000000000, 0.000000000000000000 ) ) ;
#353 = DIRECTION ( 'NONE',  ( 0.000000000000000000, 0.000000000000000000, -1.000000000000000000 ) ) ;
#354 = PLANE ( 'NONE',  #1199 ) ;
#355 = EDGE_CURVE ( 'NONE', #374, #4437, #127, .T. ) ;
#356 = EDGE_LOOP ( 'NONE', ( #3805, #577, #1165, #202 ) ) ;
#357 = FACE_OUTER_BOUND ( 'NONE', #1229, .T. ) ;
#358 = PERSON_AND_ORGANIZATION_ROLE ( 'design_supplier' ) ;
#359 = LINE ( 'NONE', #383, #4319 ) ;
#360 = LINE ( 'NONE', #758, #4427 ) ;
#361 = EDGE_CURVE ( 'NONE', #429, #3458, #892, .T. ) ;
#362 = DIRECTION ( 'NONE',  ( 0.000000000000000000, 0.000000000000000000, 1.000000000000000000 ) ) ;
#363 = EDGE_LOOP ( 'NONE', ( #3154, #1219, #3942, #2204 ) ) ;
#364 = EDGE_CURVE ( 'NONE', #7, #3560, #2590, .T. ) ;
#365 = APPROVAL_DATE_TIME ( #2131, #1731 ) ;
#366 = DIRECTION ( 'NONE',  ( -1.000000000000000000, 0.000000000000000000, -3.700743415417149436E-17 ) ) ;
#367 = ORIENTED_EDGE ( 'NONE', *, *, #1152, .F. ) ;
#368 = CC_DESIGN_PERSON_AND_ORGANIZATION_ASSIGNMENT ( #1202, #3970, ( #1717 ) ) ;
#369 = DIRECTION ( 'NONE',  ( 0.000000000000000000, 0.000000000000000000, 1.000000000000000000 ) ) ;
#370 = VECTOR ( 'NONE', #3639, 1000.000000000000000 ) ;
#371 = PERSON_AND_ORGANIZATION_ROLE ( 'classification_officer' ) ;
#372 = ORIENTED_EDGE ( 'NONE', *, *, #384, .F. ) ;
#373 = ORIENTED_EDGE ( 'NONE', *, *, #1778, .F. ) ;
#374 = VERTEX_POINT ( 'NONE', #4010 ) ;
#375 = FACE_OUTER_BOUND ( 'NONE', #4364, .T. ) ;
#376 = DIRECTION ( 'NONE',  ( -1.000000000000000000, 0.000000000000000000, 0.000000000000000000 ) ) ;
#377 = DIRECTION ( 'NONE',  ( 0.000000000000000000, -1.000000000000000000, 0.000000000000000000 ) ) ;
#378 = VECTOR ( 'NONE', #1658, 1000.000000000000000 ) ;
#379 = EDGE_LOOP ( 'NONE', ( #1580, #3948, #1981, #3680 ) ) ;
#380 = CIRCLE ( 'NONE', #1929, 1.125000000000000888 ) ;
#381 = CARTESIAN_POINT ( 'NONE',  ( 40.00000014901190326, -8.484363381672159562E-32, 28.00000000000069988 ) ) ;
#382 = PERSON_AND_ORGANIZATION_ROLE ( 'design_owner' ) ;
#383 = CARTESIAN_POINT ( 'NONE',  ( -2.020653882290210035, -1.237293654565690082E-16, 15.50000000000000000 ) ) ;
#384 = EDGE_CURVE ( 'NONE', #118, #66, #2963, .T. ) ;
#385 = CARTESIAN_POINT ( 'NONE',  ( 0.000000000000000000, 6.000000000000000000, 0.000000000000000000 ) ) ;
#386 = CARTESIAN_POINT ( 'NONE',  ( 45.00000000000000000, 77.50000000000000000, 0.000000000000000000 ) ) ;
#387 = PLANE ( 'NONE',  #4393 ) ;
#388 = AXIS2_PLACEMENT_3D ( 'NONE', #2431, #252, #995 ) ;
#389 = ORIENTED_EDGE ( 'NONE', *, *, #392, .F. ) ;
#390 = ORGANIZATION ( 'NAUO-ORG1', 'UNSPECIFIED', 'UNSPECIFIED' ) ;
#391 = PERSON_AND_ORGANIZATION ( #2852, #1346 ) ;
#392 = EDGE_CURVE ( 'NONE', #2538, #1160, #2243, .T. ) ;
#393 = FACE_OUTER_BOUND ( 'NONE', #652, .T. ) ;
#394 = VERTEX_POINT ( 'NONE', #2657 ) ;
#395 = ORGANIZATION ( 'NAUO-ORG7', 'UNSPECIFIED', 'UNSPECIFIED' ) ;
#396 = VECTOR ( 'NONE', #2438, 1000.000000000000000 ) ;
#397 = LINE ( 'NONE', #1811, #1037 ) ;
#398 = CALENDAR_DATE ( 2026, 24, 9 ) ;
#399 = EDGE_CURVE ( 'NONE', #2486, #3954, #850, .T. ) ;
#400 = CC_DESIGN_APPROVAL ( #2128, ( #3312 ) ) ;
#401 = EDGE_LOOP ( 'NONE', ( #3394, #4019, #4400, #3289 ) ) ;
#402 = ORIENTED_EDGE ( 'NONE', *, *, #2660, .T. ) ;
#403 = EDGE_CURVE ( 'NONE', #4461, #546, #1198, .T. ) ;
#404 = ORIENTED_EDGE ( 'NONE', *, *, #4420, .F. ) ;
#405 = FACE_OUTER_BOUND ( 'NONE', #1855, .T. ) ;
#406 = LINE ( 'NONE', #779, #2716 ) ;
#407 = FACE_BOUND ( 'NONE', #2533, .T. ) ;
#408 = ORIENTED_EDGE ( 'NONE', *, *, #1210, .F. ) ;
#409 = DIRECTION ( 'NONE',  ( -1.072287862897752081E-16, -1.000000000000000000, 0.000000000000000000 ) ) ;
#410 = PERSON_AND_ORGANIZATION ( #3475, #2623 ) ;
#411 = CARTESIAN_POINT ( 'NONE',  ( 13.59999999999999964, 1.250000000000000000, -36.67999999999999972 ) ) ;
#412 = LINE ( 'NONE', #2480, #4067 ) ;
#413 = LINE ( 'NONE', #1130, #3271 ) ;
#414 = ORIENTED_EDGE ( 'NONE', *, *, #3330, .T. ) ;
#415 = DIRECTION ( 'NONE',  ( 1.000000000000000000, 0.000000000000000000, 0.000000000000000000 ) ) ;
#416 = ORIENTED_EDGE ( 'NONE', *, *, #1239, .F. ) ;
#417 = DIRECTION ( 'NONE',  ( 1.000000000000000000, 0.000000000000000000, 0.000000000000000000 ) ) ;
#418 = CALENDAR_DATE ( 2026, 24, 9 ) ;
#419 = VECTOR ( 'NONE', #3067, 1000.000000000000000 ) ;
#420 = ORIENTED_EDGE ( 'NONE', *, *, #1186, .F. ) ;
#421 = VECTOR ( 'NONE', #3864, 1000.000000000000114 ) ;
#422 = EDGE_CURVE ( 'NONE', #4332, #3101, #3326, .T. ) ;
#423 = EDGE_LOOP ( 'NONE', ( #1593, #1482, #2207, #3027, #414, #2353, #2528, #3240 ) ) ;
#424 = EDGE_LOOP ( 'NONE', ( #3044, #2210, #938, #3997 ) ) ;
#425 = CC_DESIGN_PERSON_AND_ORGANIZATION_ASSIGNMENT ( #977, #4092, ( #562 ) ) ;
#426 = DIRECTION ( 'NONE',  ( -1.000000000000000000, 3.595069229522839803E-33, 0.000000000000000000 ) ) ;
#427 = LINE ( 'NONE', #2584, #2419 ) ;
#428 = CARTESIAN_POINT ( 'NONE',  ( 0.000000000000000000, 28.12500000000000000, 32.00000000000000000 ) ) ;
#429 = VERTEX_POINT ( 'NONE', #4409 ) ;
#430 = CARTESIAN_POINT ( 'NONE',  ( 32.30000000000000426, -1.250000000000001998, 0.000000000000000000 ) ) ;
#431 = AXIS2_PLACEMENT_3D ( 'NONE', #2897, #4585, #3487 ) ;
#432 = DIRECTION ( 'NONE',  ( 0.000000000000000000, 0.000000000000000000, -1.000000000000000000 ) ) ;
#433 = EDGE_LOOP ( 'NONE', ( #996, #4115, #3140, #3235 ) ) ;
#434 = PLANE ( 'NONE',  #1936 ) ;
#435 = EDGE_LOOP ( 'NONE', ( #4551, #3315, #2572, #3541 ) ) ;
#436 = VECTOR ( 'NONE', #4233, 1000.000000000000000 ) ;
#437 = CARTESIAN_POINT ( 'NONE',  ( 40.00000014901190326, -1.125000000000000000, 26.00000038743019815 ) ) ;
#438 = APPROVAL_ROLE ( '' ) ;
#439 = ORIENTED_EDGE ( 'NONE', *, *, #1302, .F. ) ;
#440 = VECTOR ( 'NONE', #4582, 1000.000000000000000 ) ;
#441 = ORIENTED_EDGE ( 'NONE', *, *, #17, .T. ) ;
#442 = ORIENTED_EDGE ( 'NONE', *, *, #299, .T. ) ;
#443 = AXIS2_PLACEMENT_3D ( 'NONE', #772, #47, #324 ) ;
#444 = ADVANCED_FACE ( 'NONE', ( #2283 ), #1222, .F. ) ;
#445 = DIRECTION ( 'NONE',  ( 1.000000000000000000, 0.000000000000000000, 0.000000000000000000 ) ) ;
#446 = CARTESIAN_POINT ( 'NONE',  ( 34.24170685429679395, 58.73527075499401917, 2.000000000000000000 ) ) ;
#447 = DIRECTION ( 'NONE',  ( -1.000000000000000000, 0.000000000000000000, 0.000000000000000000 ) ) ;
#448 = ORIENTED_EDGE ( 'NONE', *, *, #820, .F. ) ;
#449 = FACE_OUTER_BOUND ( 'NONE', #1816, .T. ) ;
#450 = DIRECTION ( 'NONE',  ( 0.000000000000000000, 0.000000000000000000, 1.000000000000000000 ) ) ;
#451 =( LENGTH_UNIT ( ) NAMED_UNIT ( * ) SI_UNIT ( .MILLI., .METRE. ) );
#452 = CARTESIAN_POINT ( 'NONE',  ( -35.29999999999939320, 0.000000000000000000, 32.00000000000609646 ) ) ;
#453 = VECTOR ( 'NONE', #1060, 1000.000000000000000 ) ;
#454 = ORIENTED_EDGE ( 'NONE', *, *, #1261, .F. ) ;
#455 = VECTOR ( 'NONE', #512, 1000.000000000000000 ) ;
#456 = CARTESIAN_POINT ( 'NONE',  ( 37.00000000000000000, 8.050000000000000711, 27.79999999999999716 ) ) ;
#457 = AXIS2_PLACEMENT_3D ( 'NONE', #4058, #868, #3371 ) ;
#458 = VERTEX_POINT ( 'NONE', #265 ) ;
#459 = CC_DESIGN_APPROVAL ( #1951, ( #91 ) ) ;
#460 = LINE ( 'NONE', #4349, #1625 ) ;
#461 = CALENDAR_DATE ( 2026, 24, 9 ) ;
#462 = VECTOR ( 'NONE', #2132, 1000.000000000000000 ) ;
#463 = ORIENTED_EDGE ( 'NONE', *, *, #673, .T. ) ;
#464 = EDGE_LOOP ( 'NONE', ( #1956, #736, #4272, #4419 ) ) ;
#465 = VECTOR ( 'NONE', #3797, 1000.000000000000000 ) ;
#466 = APPROVAL_PERSON_ORGANIZATION ( #1473, #4001, #2276 ) ;
#467 = CARTESIAN_POINT ( 'NONE',  ( 6.298111795459336914E-15, 58.73527075499401917, 0.000000000000000000 ) ) ;
#468 = DIRECTION ( 'NONE',  ( 0.000000000000000000, 0.000000000000000000, -1.000000000000000000 ) ) ;
#469 = CARTESIAN_POINT ( 'NONE',  ( 10.00000014901159950, 0.000000000000000000, 26.00000038743019815 ) ) ;
#470 = VERTEX_POINT ( 'NONE', #195 ) ;
#471 = DIRECTION ( 'NONE',  ( 0.000000000000000000, 0.000000000000000000, 1.000000000000000000 ) ) ;
#472 = LINE ( 'NONE', #3257, #87 ) ;
#473 = LINE ( 'NONE', #3720, #976 ) ;
#474 = VERTEX_POINT ( 'NONE', #2402 ) ;
#475 = EDGE_CURVE ( 'NONE', #3840, #3706, #4474, .T. ) ;
#476 = CC_DESIGN_DATE_AND_TIME_ASSIGNMENT ( #4545, #1032, ( #1241 ) ) ;
#477 = PLANE ( 'NONE',  #4031 ) ;
#478 = EDGE_CURVE ( 'NONE', #3824, #1364, #218, .T. ) ;
#479 = ORIENTED_EDGE ( 'NONE', *, *, #192, .T. ) ;
#480 = CARTESIAN_POINT ( 'NONE',  ( 5.000000074505959624, -1.797534641546829647E-32, 7.000000000000750511 ) ) ;
#481 = DATE_AND_TIME ( #856, #681 ) ;
#482 = ORIENTED_EDGE ( 'NONE', *, *, #2920, .T. ) ;
#483 = SECURITY_CLASSIFICATION_LEVEL ( 'unclassified' ) ;
#484 = CARTESIAN_POINT ( 'NONE',  ( -2.000000000000001776, 3.750000000000006661, 1.999999999999995781 ) ) ;
#485 = AXIS2_PLACEMENT_3D ( 'NONE', #3788, #3415, #1629 ) ;
#486 = DIRECTION ( 'NONE',  ( -1.000000000000000000, 1.072287862897751958E-16, 0.000000000000000000 ) ) ;
#487 = DIRECTION ( 'NONE',  ( 0.000000000000000000, -1.000000000000000000, 0.000000000000000000 ) ) ;
#488 = VERTEX_POINT ( 'NONE', #4195 ) ;
#489 = DIRECTION ( 'NONE',  ( 0.000000000000000000, 1.000000000000000000, 0.000000000000000000 ) ) ;
#490 = DIRECTION ( 'NONE',  ( 0.000000000000000000, 0.000000000000000000, -1.000000000000000000 ) ) ;
#491 =( NAMED_UNIT ( * ) SI_UNIT ( $, .STERADIAN. ) SOLID_ANGLE_UNIT ( ) );
#492 = LINE ( 'NONE', #1890, #2461 ) ;
#493 = ADVANCED_FACE ( 'NONE', ( #1258 ), #2337, .T. ) ;
#494 = VERTEX_POINT ( 'NONE', #2726 ) ;
#495 = ADVANCED_FACE ( 'NONE', ( #3765 ), #753, .T. ) ;
#496 = CARTESIAN_POINT ( 'NONE',  ( 0.2000000000006940115, -11.00000000000000000, 30.00000000000599698 ) ) ;
#497 = ORIENTED_EDGE ( 'NONE', *, *, #2585, .T. ) ;
#498 = CC_DESIGN_PERSON_AND_ORGANIZATION_ASSIGNMENT ( #2812, #3225, ( #2392 ) ) ;
#499 = CYLINDRICAL_SURFACE ( 'NONE', #293, 1.625000000000001332 ) ;
#500 = PERSON_AND_ORGANIZATION ( #3475, #2623 ) ;
#501 = ORIENTED_EDGE ( 'NONE', *, *, #3165, .T. ) ;
#502 = ORIENTED_EDGE ( 'NONE', *, *, #3934, .F. ) ;
#503 = APPROVAL ( #3920, 'UNKNOWN' ) ;
#504 = VECTOR ( 'NONE', #4535, 1000.000000000000000 ) ;
#505 = SHAPE_DEFINITION_REPRESENTATION ( #222, #2418 ) ;
#506 = LINE ( 'NONE', #2698, #1212 ) ;
#507 = LINE ( 'NONE', #2278, #194 ) ;
#508 = ADVANCED_FACE ( 'NONE', ( #4538 ), #2164, .T. ) ;
#509 = VECTOR ( 'NONE', #3774, 1000.000000000000000 ) ;
#510 = EDGE_LOOP ( 'NONE', ( #2254, #561, #3311, #2171 ) ) ;
#511 = CARTESIAN_POINT ( 'NONE',  ( 43.00000000000000000, 9.375000000000000000, 32.00000000000000000 ) ) ;
#512 = DIRECTION ( 'NONE',  ( 0.000000000000000000, 0.000000000000000000, 1.000000000000000000 ) ) ;
#513 = DIRECTION ( 'NONE',  ( 0.000000000000000000, 0.000000000000000000, 1.000000000000000000 ) ) ;
#514 = ORIENTED_EDGE ( 'NONE', *, *, #2601, .F. ) ;
#515 = EDGE_CURVE ( 'NONE', #3307, #3293, #4173, .T. ) ;
#516 = CARTESIAN_POINT ( 'NONE',  ( 15.00000000000000000, 5.499999999999997335, 1.050000000000000933 ) ) ;
#517 = CARTESIAN_POINT ( 'NONE',  ( 2.200000000000650324, -11.00000000000000000, 32.00000000000639488 ) ) ;
#518 = ORIENTED_EDGE ( 'NONE', *, *, #818, .F. ) ;
#519 = ORIENTED_EDGE ( 'NONE', *, *, #4562, .F. ) ;
#520 = VECTOR ( 'NONE', #2855, 1000.000000000000000 ) ;
#521 = ADVANCED_FACE ( 'NONE', ( #634 ), #1006, .F. ) ;
#522 = LINE ( 'NONE', #437, #4379 ) ;
#523 = ADVANCED_FACE ( 'NONE', ( #2777, #3789, #986 ), #2423, .F. ) ;
#524 = AXIS2_PLACEMENT_3D ( 'NONE', #4376, #2194, #2979 ) ;
#525 = PERSON_AND_ORGANIZATION ( #3475, #2623 ) ;
#526 = ORIENTED_EDGE ( 'NONE', *, *, #1754, .T. ) ;
#527 = EDGE_LOOP ( 'NONE', ( #3928, #3117, #1759, #1908 ) ) ;
#528 = CC_DESIGN_SECURITY_CLASSIFICATION ( #3869, ( #4593 ) ) ;
#529 = VECTOR ( 'NONE', #4293, 1000.000000000000000 ) ;
#530 = ADVANCED_FACE ( 'NONE', ( #1608 ), #3025, .T. ) ;
#531 = VECTOR ( 'NONE', #1104, 1000.000000000000000 ) ;
#532 = PERSON_AND_ORGANIZATION_ROLE ( 'design_supplier' ) ;
#533 = LINE ( 'NONE', #2277, #2322 ) ;
#534 = VECTOR ( 'NONE', #2215, 1000.000000000000000 ) ;
#535 = DIRECTION ( 'NONE',  ( 1.000000000000000000, 0.000000000000000000, 0.000000000000000000 ) ) ;
#536 = CARTESIAN_POINT ( 'NONE',  ( 30.30000000000000071, 2.500000000000000000, -2.000000000000000000 ) ) ;
#537 = ADVANCED_FACE ( 'NONE', ( #2680, #2002 ), #4105, .T. ) ;
#538 = AXIS2_PLACEMENT_3D ( 'NONE', #842, #1901, #3318 ) ;
#539 =( REPRESENTATION_RELATIONSHIP ('NONE','NONE', #1024, #1288 ) REPRESENTATION_RELATIONSHIP_WITH_TRANSFORMATION ( #646 )SHAPE_REPRESENTATION_RELATIONSHIP( ) );
#540 = EDGE_LOOP ( 'NONE', ( #2475, #4184, #4206, #262 ) ) ;
#541 = APPROVAL_PERSON_ORGANIZATION ( #2044, #2973, #2768 ) ;
#542 = FACE_OUTER_BOUND ( 'NONE', #4309, .T. ) ;
#543 = FACE_OUTER_BOUND ( 'NONE', #1964, .T. ) ;
#544 = LOCAL_TIME ( 21, 30, 2.000000000000000000, #3455 ) ;
#545 = DIRECTION ( 'NONE',  ( 0.000000000000000000, -1.000000000000000000, -1.558207753859869728E-16 ) ) ;
#546 = VERTEX_POINT ( 'NONE', #1656 ) ;
#547 = PERSON ( 'NAUO-PER2', 'UNSPECIFIED', 'UNSPECIFIED', ('UNSPECIFIED'), ('UNSPECIFIED'), ('UNSPECIFIED') ) ;
#548 = DIRECTION ( 'NONE',  ( -1.084202172485504804E-16, 0.000000000000000000, 1.000000000000000000 ) ) ;
#549 = DIRECTION ( 'NONE',  ( 1.000000000000000000, 0.000000000000000000, 0.000000000000000000 ) ) ;
#550 = EDGE_LOOP ( 'NONE', ( #3582, #931, #3037, #3404 ) ) ;
#551 = ORIENTED_EDGE ( 'NONE', *, *, #4448, .T. ) ;
#552 = DIRECTION ( 'NONE',  ( 0.000000000000000000, 1.000000000000000000, 0.000000000000000000 ) ) ;
#553 = PERSON_AND_ORGANIZATION ( #3475, #2623 ) ;
#554 = ORIENTED_EDGE ( 'NONE', *, *, #4505, .T. ) ;
#555 = ORIENTED_EDGE ( 'NONE', *, *, #1724, .T. ) ;
#556 = EDGE_CURVE ( 'NONE', #1975, #3101, #3072, .T. ) ;
#557 = DATE_AND_TIME ( #2697, #4256 ) ;
#558 = CARTESIAN_POINT ( 'NONE',  ( -2.020653882290210035, 0.000000000000000000, 4.500000000000000000 ) ) ;
#559 = EDGE_CURVE ( 'NONE', #2, #1820, #1308, .T. ) ;
#560 = CARTESIAN_POINT ( 'NONE',  ( 32.30000000000000426, 3.750000000000000000, -32.30000000000000426 ) ) ;
#561 = ORIENTED_EDGE ( 'NONE', *, *, #2624, .T. ) ;
#562 = PRODUCT_DEFINITION ( 'UNKNOWN', '', #3581, #2053 ) ;
#563 = DIRECTION ( 'NONE',  ( 0.000000000000000000, 0.000000000000000000, 1.000000000000000000 ) ) ;
#564 = DIRECTION ( 'NONE',  ( 0.000000000000000000, 0.000000000000000000, -1.000000000000000000 ) ) ;
#565 = VECTOR ( 'NONE', #1216, 1000.000000000000000 ) ;
#566 = DIRECTION ( 'NONE',  ( 1.000000000000000000, 0.000000000000000000, 0.000000000000000000 ) ) ;
#567 = CC_DESIGN_PERSON_AND_ORGANIZATION_ASSIGNMENT ( #2082, #2435, ( #1353 ) ) ;
#568 = ORIENTED_EDGE ( 'NONE', *, *, #1107, .T. ) ;
#569 = CARTESIAN_POINT ( 'NONE',  ( 37.00000000000000000, 8.000000119209289551, 5.000000000000000000 ) ) ;
#570 = DIRECTION ( 'NONE',  ( -1.000000000000000000, 0.000000000000000000, 0.000000000000000000 ) ) ;
#571 = CARTESIAN_POINT ( 'NONE',  ( 32.30000000000001137, 58.73527075499401917, 0.000000000000000000 ) ) ;
#572 = CARTESIAN_POINT ( 'NONE',  ( 40.00000014901190326, -8.484363381672159562E-32, 7.000000000000750511 ) ) ;
#573 = ORIENTED_EDGE ( 'NONE', *, *, #4218, .T. ) ;
#574 = DIRECTION ( 'NONE',  ( 0.000000000000000000, 0.000000000000000000, 1.000000000000000000 ) ) ;
#575 = APPROVAL_STATUS ( 'not_yet_approved' ) ;
#576 = ORIENTED_EDGE ( 'NONE', *, *, #280, .T. ) ;
#577 = ORIENTED_EDGE ( 'NONE', *, *, #1806, .F. ) ;
#578 = ADVANCED_FACE ( 'NONE', ( #610 ), #3441, .F. ) ;
#579 = PERSON_AND_ORGANIZATION ( #3475, #2623 ) ;
#580 = CARTESIAN_POINT ( 'NONE',  ( -2.000000000000000000, -1.249999999999998224, -32.30000000000000426 ) ) ;
#581 = DIRECTION ( 'NONE',  ( 0.000000000000000000, 0.000000000000000000, 1.000000000000000000 ) ) ;
#582 = ORIENTED_EDGE ( 'NONE', *, *, #1261, .T. ) ;
#583 = ADVANCED_FACE ( 'NONE', ( #1326 ), #1098, .T. ) ;
#584 = LINE ( 'NONE', #511, #2291 ) ;
#585 = DIRECTION ( 'NONE',  ( 1.000000000000000000, -1.072287862897752081E-16, 0.000000000000000000 ) ) ;
#586 = DIRECTION ( 'NONE',  ( 0.000000000000000000, 0.000000000000000000, -1.000000000000000000 ) ) ;
#587 = VECTOR ( 'NONE', #3213, 1000.000000000000000 ) ;
#588 = ORIENTED_EDGE ( 'NONE', *, *, #1942, .T. ) ;
#589 = VECTOR ( 'NONE', #3320, 1000.000000000000000 ) ;
#590 = DIRECTION ( 'NONE',  ( 0.000000000000000000, 1.000000000000000000, 0.000000000000000000 ) ) ;
#591 = FACE_OUTER_BOUND ( 'NONE', #1321, .T. ) ;
#592 = DIRECTION ( 'NONE',  ( 0.000000000000000000, 0.000000000000000000, -1.000000000000000000 ) ) ;
#593 = EDGE_CURVE ( 'NONE', #474, #2540, #1722, .T. ) ;
#594 = EDGE_LOOP ( 'NONE', ( #54, #1706, #3297, #900 ) ) ;
#595 = LINE ( 'NONE', #2014, #3929 ) ;
#596 = COORDINATED_UNIVERSAL_TIME_OFFSET ( 2, 0, .AHEAD. ) ;
#597 = VERTEX_POINT ( 'NONE', #1029 ) ;
#598 = AXIS2_PLACEMENT_3D ( 'NONE', #3476, #3848, #300 ) ;
#599 = VECTOR ( 'NONE', #4285, 1000.000000000000000 ) ;
#600 = APPROVAL_ROLE ( '' ) ;
#601 = PLANE ( 'NONE',  #3876 ) ;
#602 = VECTOR ( 'NONE', #4422, 1000.000000000000000 ) ;
#603 = LINE ( 'NONE', #4210, #2162 ) ;
#604 = FACE_OUTER_BOUND ( 'NONE', #282, .T. ) ;
#605 = CONICAL_SURFACE ( 'NONE', #4174, 1.824999999999998845, 0.7853981633974468357 ) ;
#606 = ORIENTED_EDGE ( 'NONE', *, *, #1550, .F. ) ;
#607 = SECURITY_CLASSIFICATION ( '', '', #3452 ) ;
#608 = DIRECTION ( 'NONE',  ( 1.000000000000000000, 0.000000000000000000, 0.000000000000000000 ) ) ;
#609 = PLANE ( 'NONE',  #827 ) ;
#610 = FACE_OUTER_BOUND ( 'NONE', #3926, .T. ) ;
#611 = DESIGN_CONTEXT ( 'detailed design', #4347, 'design' ) ;
#612 = EDGE_CURVE ( 'NONE', #3033, #3272, #4235, .T. ) ;
#613 = ORIENTED_EDGE ( 'NONE', *, *, #475, .T. ) ;
#614 = CIRCLE ( 'NONE', #1803, 1.125000000000000888 ) ;
#615 = DATE_AND_TIME ( #2405, #2251 ) ;
#616 = LOCAL_TIME ( 21, 30, 2.000000000000000000, #882 ) ;
#617 = CARTESIAN_POINT ( 'NONE',  ( 30.30000000000000071, 1.500000000000000000, -2.000000000000000000 ) ) ;
#618 = LINE ( 'NONE', #2037, #2472 ) ;
#619 = CARTESIAN_POINT ( 'NONE',  ( 45.00000000000000000, 27.00000000000000000, 24.00000000000000000 ) ) ;
#620 = DIRECTION ( 'NONE',  ( 0.000000000000000000, 0.000000000000000000, -1.000000000000000000 ) ) ;
#621 = EDGE_CURVE ( 'NONE', #1421, #212, #656, .T. ) ;
#622 = VERTEX_POINT ( 'NONE', #2073 ) ;
#623 = EDGE_CURVE ( 'NONE', #470, #4449, #1446, .T. ) ;
#624 = EDGE_CURVE ( 'NONE', #2921, #232, #3482, .T. ) ;
#625 = DATE_TIME_ROLE ( 'classification_date' ) ;
#626 = ORIENTED_EDGE ( 'NONE', *, *, #4344, .F. ) ;
#627 = PERSON_AND_ORGANIZATION ( #3475, #2623 ) ;
#628 = DIRECTION ( 'NONE',  ( 1.000000000000000000, -1.084202172485504434E-16, -0.000000000000000000 ) ) ;
#629 = PLANE ( 'NONE',  #1123 ) ;
#630 = ORIENTED_EDGE ( 'NONE', *, *, #60, .T. ) ;
#631 = EDGE_CURVE ( 'NONE', #1068, #1314, #3855, .T. ) ;
#632 = CARTESIAN_POINT ( 'NONE',  ( 2.200000000000650324, -11.00000000000000000, 1.209948807812110096E-11 ) ) ;
#633 = CARTESIAN_POINT ( 'NONE',  ( 14.09999999999999964, 1.250000000000000000, -36.67999999999999972 ) ) ;
#634 = FACE_OUTER_BOUND ( 'NONE', #3427, .T. ) ;
#635 = ORIENTED_EDGE ( 'NONE', *, *, #2348, .F. ) ;
#636 = APPROVAL_STATUS ( 'not_yet_approved' ) ;
#637 = AXIS2_PLACEMENT_3D ( 'NONE', #3113, #2422, #307 ) ;
#638 = CARTESIAN_POINT ( 'NONE',  ( 33.75000000000000000, 10.50000000000000000, 32.00000000000000000 ) ) ;
#639 = EDGE_CURVE ( 'NONE', #4475, #3149, #1762, .T. ) ;
#640 = CARTESIAN_POINT ( 'NONE',  ( -2.020653882290219805, 2.000000000000000000, 31.00000000000000000 ) ) ;
#641 = AXIS2_PLACEMENT_3D ( 'NONE', #3071, #3048, #1351 ) ;
#642 = LINE ( 'NONE', #1286, #4472 ) ;
#643 = CARTESIAN_POINT ( 'NONE',  ( 34.99999997019770603, 28.00000041723249922, 5.000000000000000000 ) ) ;
#644 = ORIENTED_EDGE ( 'NONE', *, *, #3845, .F. ) ;
#645 = ADVANCED_FACE ( 'NONE', ( #1078 ), #2891, .T. ) ;
#646 = ITEM_DEFINED_TRANSFORMATION ( 'NONE', 'NONE', #3015,  #3603 ) ;
#647 = ORIENTED_EDGE ( 'NONE', *, *, #2723, .F. ) ;
#648 = CC_DESIGN_PERSON_AND_ORGANIZATION_ASSIGNMENT ( #1896, #3314, ( #1588 ) ) ;
#649 = PERSON_AND_ORGANIZATION_ROLE ( 'classification_officer' ) ;
#650 = FACE_OUTER_BOUND ( 'NONE', #356, .T. ) ;
#651 = CARTESIAN_POINT ( 'NONE',  ( 40.00000014901190326, -2.250000000000000000, 9.000000000000747846 ) ) ;
#652 = EDGE_LOOP ( 'NONE', ( #3963, #1284, #1234, #2557 ) ) ;
#653 = FACE_OUTER_BOUND ( 'NONE', #982, .T. ) ;
#654 = CARTESIAN_POINT ( 'NONE',  ( 33.75000000000000000, 35.50000000000000000, 32.00000000000000000 ) ) ;
#655 = PERSON_AND_ORGANIZATION ( #3475, #2623 ) ;
#656 = LINE ( 'NONE', #2545, #4017 ) ;
#657 = VECTOR ( 'NONE', #1839, 1000.000000000000000 ) ;
#658 = VERTEX_POINT ( 'NONE', #1793 ) ;
#659 = COORDINATED_UNIVERSAL_TIME_OFFSET ( 2, 0, .AHEAD. ) ;
#660 = LINE ( 'NONE', #638, #3856 ) ;
#661 = DIRECTION ( 'NONE',  ( -0.000000000000000000, -0.000000000000000000, -1.000000000000000000 ) ) ;
#662 = DIRECTION ( 'NONE',  ( 0.000000000000000000, -1.000000000000000000, 0.000000000000000000 ) ) ;
#663 = ORIENTED_EDGE ( 'NONE', *, *, #4282, .F. ) ;
#664 = ADVANCED_FACE ( 'NONE', ( #1469 ), #680, .T. ) ;
#665 = ORIENTED_EDGE ( 'NONE', *, *, #4162, .F. ) ;
#666 = DATE_AND_TIME ( #1774, #2988 ) ;
#667 = ORIENTED_EDGE ( 'NONE', *, *, #3912, .T. ) ;
#668 = ADVANCED_FACE ( 'NONE', ( #2519 ), #354, .T. ) ;
#669 = EDGE_CURVE ( 'NONE', #4390, #622, #1741, .T. ) ;
#670 = PERSON_AND_ORGANIZATION_ROLE ( 'creator' ) ;
#671 = PLANE ( 'NONE',  #598 ) ;
#672 = AXIS2_PLACEMENT_3D ( 'NONE', #2288, #3770, #1931 ) ;
#673 = EDGE_CURVE ( 'NONE', #3922, #2226, #3932, .T. ) ;
#674 = EDGE_LOOP ( 'NONE', ( #3206, #189, #3573, #644 ) ) ;
#675 = CONICAL_SURFACE ( 'NONE', #3863, 1.625000000000001332, 0.7853981633974447263 ) ;
#676 = CARTESIAN_POINT ( 'NONE',  ( 43.00000000000000000, 7.250000000000000000, 13.89999999999999858 ) ) ;
#677 = EDGE_CURVE ( 'NONE', #4437, #4136, #2169, .T. ) ;
#678 = VECTOR ( 'NONE', #2571, 1000.000000000000000 ) ;
#679 = LINE ( 'NONE', #654, #3790 ) ;
#680 = PLANE ( 'NONE',  #2086 ) ;
#681 = LOCAL_TIME ( 21, 30, 2.000000000000000000, #93 ) ;
#682 = ORIENTED_EDGE ( 'NONE', *, *, #4509, .F. ) ;
#683 = CARTESIAN_POINT ( 'NONE',  ( 34.99999997019770603, 28.00000041723249922, 2.000000000000000000 ) ) ;
#684 = APPROVAL_DATE_TIME ( #3860, #4348 ) ;
#685 = VECTOR ( 'NONE', #3992, 1000.000000000000000 ) ;
#686 = CARTESIAN_POINT ( 'NONE',  ( 2.000000000000000000, 28.12500000000000000, 32.00000000000000000 ) ) ;
#687 = CARTESIAN_POINT ( 'NONE',  ( 31.30000000000000071, 1.500000000000000000, -1.000000000000000000 ) ) ;
#688 = CARTESIAN_POINT ( 'NONE',  ( 35.99999998509880328, 18.00000026822089794, 5.000000000000000000 ) ) ;
#689 = DIRECTION ( 'NONE',  ( 0.000000000000000000, 0.000000000000000000, 1.000000000000000000 ) ) ;
#690 = AXIS2_PLACEMENT_3D ( 'NONE', #1648, #2718, #3779 ) ;
#691 =( REPRESENTATION_RELATIONSHIP ('NONE','NONE', #4025, #1024 ) REPRESENTATION_RELATIONSHIP_WITH_TRANSFORMATION ( #2016 )SHAPE_REPRESENTATION_RELATIONSHIP( ) );
#692 = ORIENTED_EDGE ( 'NONE', *, *, #153, .F. ) ;
#693 = APPROVAL_PERSON_ORGANIZATION ( #312, #4348, #2780 ) ;
#694 = APPROVAL_ROLE ( '' ) ;
#695 = FACE_OUTER_BOUND ( 'NONE', #4563, .T. ) ;
#696 = ORIENTED_EDGE ( 'NONE', *, *, #1974, .T. ) ;
#697 = DIRECTION ( 'NONE',  ( -1.072287862897752081E-16, -1.000000000000000000, 0.000000000000000000 ) ) ;
#698 = PERSON_AND_ORGANIZATION ( #3475, #2623 ) ;
#699 = DIRECTION ( 'NONE',  ( -1.000000000000000000, 0.000000000000000000, 0.000000000000000000 ) ) ;
#700 = ORIENTED_EDGE ( 'NONE', *, *, #987, .T. ) ;
#701 = ADVANCED_FACE ( 'NONE', ( #3139 ), #1392, .F. ) ;
#702 = CARTESIAN_POINT ( 'NONE',  ( -33.29999925568699837, -9.000000000000000000, 16.50000000000610001 ) ) ;
#703 = PLANE ( 'NONE',  #1048 ) ;
#704 = DIRECTION ( 'NONE',  ( 0.000000000000000000, 0.000000000000000000, 1.000000000000000000 ) ) ;
#705 = APPROVAL ( #2146, 'UNSPECIFIED' ) ;
#706 = EDGE_LOOP ( 'NONE', ( #945, #2654, #858, #4068 ) ) ;
#707 = ORIENTED_EDGE ( 'NONE', *, *, #475, .F. ) ;
#708 = PLANE ( 'NONE',  #3547 ) ;
#709 = CALENDAR_DATE ( 2026, 24, 9 ) ;
#710 = DIRECTION ( 'NONE',  ( 8.217301096052209613E-34, -1.000000000000000000, 0.000000000000000000 ) ) ;
#711 = DIRECTION ( 'NONE',  ( 0.000000000000000000, 0.000000000000000000, 1.000000000000000000 ) ) ;
#712 = LINE ( 'NONE', #3489, #120 ) ;
#713 = PLANE ( 'NONE',  #762 ) ;
#714 = ORIENTED_EDGE ( 'NONE', *, *, #3026, .T. ) ;
#715 = DATE_AND_TIME ( #1406, #4033 ) ;
#716 = LINE ( 'NONE', #2024, #2123 ) ;
#717 = ORIENTED_EDGE ( 'NONE', *, *, #1806, .T. ) ;
#718 = VECTOR ( 'NONE', #2193, 1000.000000000000000 ) ;
#719 = LINE ( 'NONE', #2134, #2596 ) ;
#720 = DATE_AND_TIME ( #1071, #765 ) ;
#721 = ORIENTED_EDGE ( 'NONE', *, *, #403, .T. ) ;
#722 = EDGE_LOOP ( 'NONE', ( #1270, #96, #3834, #721 ) ) ;
#723 = EDGE_CURVE ( 'NONE', #2538, #1068, #1370, .T. ) ;
#724 = FACE_BOUND ( 'NONE', #706, .T. ) ;
#725 = LINE ( 'NONE', #1192, #3378 ) ;
#726 = DIRECTION ( 'NONE',  ( 1.000000000000000000, -9.531447670202239898E-17, 0.000000000000000000 ) ) ;
#727 = ORIENTED_EDGE ( 'NONE', *, *, #2033, .T. ) ;
#728 = ADVANCED_FACE ( 'NONE', ( #3210, #407 ), #1819, .F. ) ;
#729 = DIRECTION ( 'NONE',  ( -1.000000000000000000, 1.072287862897752081E-16, 0.000000000000000000 ) ) ;
#730 = PERSON_AND_ORGANIZATION_ROLE ( 'creator' ) ;
#731 = DIRECTION ( 'NONE',  ( 0.000000000000000000, 0.000000000000000000, -1.000000000000000000 ) ) ;
#732 = CARTESIAN_POINT ( 'NONE',  ( -2.000000000000000000, -1.249999999999998224, -32.30000000000000426 ) ) ;
#733 =( LENGTH_UNIT ( ) NAMED_UNIT ( * ) SI_UNIT ( .MILLI., .METRE. ) );
#734 = DIRECTION ( 'NONE',  ( 0.000000000000000000, 0.000000000000000000, 1.000000000000000000 ) ) ;
#735 = VECTOR ( 'NONE', #2399, 1000.000000000000000 ) ;
#736 = ORIENTED_EDGE ( 'NONE', *, *, #4534, .F. ) ;
#737 = COORDINATED_UNIVERSAL_TIME_OFFSET ( 2, 0, .AHEAD. ) ;
#738 = LINE ( 'NONE', #2930, #3058 ) ;
#739 = EDGE_CURVE ( 'NONE', #4048, #4083, #380, .T. ) ;
#740 = ORIENTED_EDGE ( 'NONE', *, *, #4375, .F. ) ;
#741 = VECTOR ( 'NONE', #1268, 1000.000000000000000 ) ;
#742 = DIRECTION ( 'NONE',  ( -0.000000000000000000, -1.000000000000000000, -0.000000000000000000 ) ) ;
#743 = VECTOR ( 'NONE', #3663, 1000.000000000000000 ) ;
#744 = APPLICATION_PROTOCOL_DEFINITION ( 'international standard', 'config_control_design', 1994, #2767 ) ;
#745 = ORIENTED_EDGE ( 'NONE', *, *, #361, .F. ) ;
#746 = ORIENTED_EDGE ( 'NONE', *, *, #1885, .T. ) ;
#747 = VERTEX_POINT ( 'NONE', #3624 ) ;
#748 = CARTESIAN_POINT ( 'NONE',  ( -2.000000000000000000, 2.000000000000000000, 0.000000000000000000 ) ) ;
#749 = LINE ( 'NONE', #798, #718 ) ;
#750 = CARTESIAN_POINT ( 'NONE',  ( 14.09999999999999964, 3.750000000000000000, -39.30000000000000426 ) ) ;
#751 = VECTOR ( 'NONE', #3075, 1000.000000000000000 ) ;
#752 = VERTEX_POINT ( 'NONE', #2632 ) ;
#753 = CONICAL_SURFACE ( 'NONE', #1269, 1.125000000000000888, 0.7853981633974476129 ) ;
#754 = CARTESIAN_POINT ( 'NONE',  ( -31.00000046193600411, 0.000000000000000000, 4.500000000000000000 ) ) ;
#755 = PERSON_AND_ORGANIZATION_ROLE ( 'classification_officer' ) ;
#756 = LINE ( 'NONE', #2197, #1789 ) ;
#757 = DIRECTION ( 'NONE',  ( 0.000000000000000000, -1.000000000000000000, 0.000000000000000000 ) ) ;
#758 = CARTESIAN_POINT ( 'NONE',  ( 0.000000000000000000, 4.485522627963559827, 4.487558992682310510 ) ) ;
#759 = CARTESIAN_POINT ( 'NONE',  ( 2.571758278209443436E-16, 6.000000000000000000, 4.300000000000001599 ) ) ;
#760 = EDGE_CURVE ( 'NONE', #2, #494, #1558, .T. ) ;
#761 = CC_DESIGN_APPROVAL ( #1945, ( #2392 ) ) ;
#762 = AXIS2_PLACEMENT_3D ( 'NONE', #2452, #689, #3558 ) ;
#763 = ORIENTED_EDGE ( 'NONE', *, *, #623, .T. ) ;
#764 = AXIS2_PLACEMENT_3D ( 'NONE', #4181, #4082, #1332 ) ;
#765 = LOCAL_TIME ( 21, 30, 2.000000000000000000, #4208 ) ;
#766 = SECURITY_CLASSIFICATION_LEVEL ( 'unclassified' ) ;
#767 = PLANE ( 'NONE',  #1746 ) ;
#768 = ORIENTED_EDGE ( 'NONE', *, *, #4515, .F. ) ;
#769 = CC_DESIGN_SECURITY_CLASSIFICATION ( #1717, ( #4599 ) ) ;
#770 = CC_DESIGN_PERSON_AND_ORGANIZATION_ASSIGNMENT ( #2854, #3161, ( #4477 ) ) ;
#771 = EDGE_CURVE ( 'NONE', #4011, #488, #3601, .T. ) ;
#772 = CARTESIAN_POINT ( 'NONE',  ( 34.99999997019770603, 28.00000041723249922, 2.000000000000000000 ) ) ;
#773 = APPROVAL_DATE_TIME ( #1386, #3254 ) ;
#774 = APPROVAL_PERSON_ORGANIZATION ( #1274, #3168, #3828 ) ;
#775 = ORIENTED_EDGE ( 'NONE', *, *, #771, .F. ) ;
#776 = ORIENTED_EDGE ( 'NONE', *, *, #2068, .T. ) ;
#777 = VERTEX_POINT ( 'NONE', #3961 ) ;
#778 = CARTESIAN_POINT ( 'NONE',  ( 7.190138459045678237E-33, 2.000000000000000000, 0.000000000000000000 ) ) ;
#779 = CARTESIAN_POINT ( 'NONE',  ( -2.000000000000000000, 4.485522627963559827, 2.243779496341149926 ) ) ;
#780 = DIRECTION ( 'NONE',  ( -1.000000000000000000, -0.000000000000000000, -0.000000000000000000 ) ) ;
#781 = ORIENTED_EDGE ( 'NONE', *, *, #631, .F. ) ;
#782 = DIRECTION ( 'NONE',  ( -1.000000000000000000, 0.000000000000000000, -3.700743415417149436E-17 ) ) ;
#783 = DIRECTION ( 'NONE',  ( 1.000000000000000000, 0.000000000000000000, 0.000000000000000000 ) ) ;
#784 = DIRECTION ( 'NONE',  ( 0.000000000000000000, 1.000000000000000000, 0.000000000000000000 ) ) ;
#785 = EDGE_LOOP ( 'NONE', ( #2441, #1899, #3659, #2506 ) ) ;
#786 = ADVANCED_FACE ( 'NONE', ( #2959 ), #2259, .F. ) ;
#787 = APPROVAL_STATUS ( 'not_yet_approved' ) ;
#788 = DIRECTION ( 'NONE',  ( -1.072287862897752081E-16, -1.000000000000000000, 0.000000000000000000 ) ) ;
#789 = ORIENTED_EDGE ( 'NONE', *, *, #1399, .T. ) ;
#790 = EDGE_CURVE ( 'NONE', #4275, #334, #1884, .T. ) ;
#791 = FACE_OUTER_BOUND ( 'NONE', #3591, .T. ) ;
#792 = SHAPE_DEFINITION_REPRESENTATION ( #4124, #3040 ) ;
#793 = AXIS2_PLACEMENT_3D ( 'NONE', #4560, #1369, #1419 ) ;
#794 = ORIENTED_EDGE ( 'NONE', *, *, #958, .F. ) ;
#795 = ORIENTED_EDGE ( 'NONE', *, *, #4140, .T. ) ;
#796 = ORIENTED_EDGE ( 'NONE', *, *, #559, .T. ) ;
#797 = CARTESIAN_POINT ( 'NONE',  ( 0.000000000000000000, 0.000000000000000000, 0.000000000000000000 ) ) ;
#798 = CARTESIAN_POINT ( 'NONE',  ( 0.000000000000000000, 6.000000000000000000, 0.000000000000000000 ) ) ;
#799 = LINE ( 'NONE', #1493, #2374 ) ;
#800 = ORIENTED_EDGE ( 'NONE', *, *, #1158, .F. ) ;
#801 = DIRECTION ( 'NONE',  ( 0.7071067811865505703, 8.659560562354892183E-17, 0.7071067811865444641 ) ) ;
#802 = CARTESIAN_POINT ( 'NONE',  ( 25.00000014901189971, -2.250000000000000000, 17.50000000000070344 ) ) ;
#803 = CARTESIAN_POINT ( 'NONE',  ( 40.00000014901190326, -2.250000000000000000, 28.00000000000069988 ) ) ;
#804 = ORIENTED_EDGE ( 'NONE', *, *, #4515, .T. ) ;
#805 = APPROVAL_ROLE ( '' ) ;
#806 = CARTESIAN_POINT ( 'NONE',  ( -34.25000023096799850, 2.000000000000000000, 31.00000000000000000 ) ) ;
#807 = ORIENTED_EDGE ( 'NONE', *, *, #3229, .T. ) ;
#808 = VECTOR ( 'NONE', #563, 1000.000000000000000 ) ;
#809 = CARTESIAN_POINT ( 'NONE',  ( 32.30000000000000426, 3.750000000000003553, 0.000000000000000000 ) ) ;
#810 = APPROVAL_ROLE ( '' ) ;
#811 = ORIENTED_EDGE ( 'NONE', *, *, #2709, .T. ) ;
#812 = VECTOR ( 'NONE', #1080, 1000.000000000000000 ) ;
#813 = ORIENTED_EDGE ( 'NONE', *, *, #2208, .T. ) ;
#814 = AXIS2_PLACEMENT_3D ( 'NONE', #1756, #417, #4574 ) ;
#815 = CARTESIAN_POINT ( 'NONE',  ( 0.000000000000000000, 0.000000000000000000, 0.000000000000000000 ) ) ;
#816 = PLANE ( 'NONE',  #4424 ) ;
#817 = FACE_OUTER_BOUND ( 'NONE', #247, .T. ) ;
#818 = EDGE_CURVE ( 'NONE', #334, #1539, #1193, .T. ) ;
#819 = ORIENTED_EDGE ( 'NONE', *, *, #1575, .T. ) ;
#820 = EDGE_CURVE ( 'NONE', #136, #1652, #4357, .T. ) ;
#821 = LINE ( 'NONE', #2241, #1030 ) ;
#822 = PLANE ( 'NONE',  #85 ) ;
#823 = SHAPE_REPRESENTATION_RELATIONSHIP ( 'NONE' , 'NONE' ,  #2779, #3094 ) ;
#824 = CARTESIAN_POINT ( 'NONE',  ( 2.000000000000000000, 4.500000000000000000, 31.50000000000000000 ) ) ;
#825 = CONICAL_SURFACE ( 'NONE', #1412, 1.125000000000000888, 0.7853981633974476129 ) ;
#826 = ORIENTED_EDGE ( 'NONE', *, *, #2063, .T. ) ;
#827 = AXIS2_PLACEMENT_3D ( 'NONE', #1561, #941, #2000 ) ;
#828 = DIRECTION ( 'NONE',  ( 0.000000000000000000, 0.000000000000000000, 1.000000000000000000 ) ) ;
#829 = VECTOR ( 'NONE', #286, 1000.000000000000000 ) ;
#830 = ORIENTED_EDGE ( 'NONE', *, *, #3338, .F. ) ;
#831 = CC_DESIGN_SECURITY_CLASSIFICATION ( #91, ( #4595 ) ) ;
#832 = DIRECTION ( 'NONE',  ( 1.000000000000000000, -3.595069229522839803E-33, 0.000000000000000000 ) ) ;
#833 = DATE_AND_TIME ( #116, #240 ) ;
#834 = VECTOR ( 'NONE', #3679, 1000.000000000000000 ) ;
#835 = EDGE_LOOP ( 'NONE', ( #1205, #2130, #635, #2564 ) ) ;
#836 = CC_DESIGN_SECURITY_CLASSIFICATION ( #2018, ( #4596 ) ) ;
#837 = ORIENTED_EDGE ( 'NONE', *, *, #3734, .T. ) ;
#838 = VECTOR ( 'NONE', #4050, 1000.000000000000000 ) ;
#839 =( REPRESENTATION_RELATIONSHIP ('NONE','NONE', #1024, #3040 ) REPRESENTATION_RELATIONSHIP_WITH_TRANSFORMATION ( #1431 )SHAPE_REPRESENTATION_RELATIONSHIP( ) );
#840 = CC_DESIGN_APPROVAL ( #4001, ( #1357 ) ) ;
#841 = CALENDAR_DATE ( 2026, 24, 9 ) ;
#842 = CARTESIAN_POINT ( 'NONE',  ( 0.000000000000000000, 0.000000000000000000, 0.000000000000000000 ) ) ;
#843 = LINE ( 'NONE', #560, #2573 ) ;
#844 = LINE ( 'NONE', #1903, #589 ) ;
#845 = ORIENTED_EDGE ( 'NONE', *, *, #4305, .F. ) ;
#846 = EDGE_CURVE ( 'NONE', #1916, #2417, #3277, .T. ) ;
#847 = FACE_OUTER_BOUND ( 'NONE', #2727, .T. ) ;
#848 = DIRECTION ( 'NONE',  ( 1.000000000000000000, 0.000000000000000000, 0.000000000000000000 ) ) ;
#849 = SHAPE_REPRESENTATION ( '2026-08-03-20-47-02-403.STEP', ( #861 ), #3676 ) ;
#850 = LINE ( 'NONE', #4382, #3866 ) ;
#851 = PRODUCT_RELATED_PRODUCT_CATEGORY ( 'detail', '', ( #2935 ) ) ;
#852 = ORIENTED_EDGE ( 'NONE', *, *, #1605, .T. ) ;
#853 = LINE ( 'NONE', #1203, #4546 ) ;
#854 = ORIENTED_EDGE ( 'NONE', *, *, #2770, .T. ) ;
#855 = DIRECTION ( 'NONE',  ( 0.000000000000000000, 0.000000000000000000, 1.000000000000000000 ) ) ;
#856 = CALENDAR_DATE ( 2026, 24, 9 ) ;
#857 = ORIENTED_EDGE ( 'NONE', *, *, #4109, .F. ) ;
#858 = ORIENTED_EDGE ( 'NONE', *, *, #2995, .T. ) ;
#859 = PERSON_AND_ORGANIZATION_ROLE ( 'creator' ) ;
#860 = DIRECTION ( 'NONE',  ( -1.072287862897752081E-16, -1.000000000000000000, 0.000000000000000000 ) ) ;
#861 = AXIS2_PLACEMENT_3D ( 'NONE', #2198, #4408, #3258 ) ;
#862 = CARTESIAN_POINT ( 'NONE',  ( 11.00000000000000000, 6.000000000000000000, 0.000000000000000000 ) ) ;
#863 = EDGE_CURVE ( 'NONE', #1437, #4482, #78, .T. ) ;
#864 = ORIENTED_EDGE ( 'NONE', *, *, #4562, .T. ) ;
#865 = DIRECTION ( 'NONE',  ( -8.217301096052209613E-34, 1.000000000000000000, 0.000000000000000000 ) ) ;
#866 = DIRECTION ( 'NONE',  ( -1.000000000000000000, 0.000000000000000000, 0.000000000000000000 ) ) ;
#867 = DIRECTION ( 'NONE',  ( 1.000000000000000000, 0.000000000000000000, 0.000000000000000000 ) ) ;
#868 = DIRECTION ( 'NONE',  ( 0.000000000000000000, 0.000000000000000000, -1.000000000000000000 ) ) ;
#869 = EDGE_CURVE ( 'NONE', #3565, #136, #799, .T. ) ;
#870 = VERTEX_POINT ( 'NONE', #4004 ) ;
#871 = AXIS2_PLACEMENT_3D ( 'NONE', #339, #1427, #1377 ) ;
#872 = CARTESIAN_POINT ( 'NONE',  ( 11.00000000000000000, 6.000000000000000000, -2.200000000000000178 ) ) ;
#873 = CARTESIAN_POINT ( 'NONE',  ( -2.020653882290210035, 0.000000000000000000, 4.500000000000000000 ) ) ;
#874 = ORIENTED_EDGE ( 'NONE', *, *, #673, .F. ) ;
#875 = ADVANCED_FACE ( 'NONE', ( #817 ), #3649, .T. ) ;
#876 = ORIENTED_EDGE ( 'NONE', *, *, #342, .F. ) ;
#877 = CARTESIAN_POINT ( 'NONE',  ( 0.000000000000000000, 0.000000000000000000, 0.000000000000000000 ) ) ;
#878 = EDGE_CURVE ( 'NONE', #16, #1886, #3300, .T. ) ;
#879 = APPROVAL_DATE_TIME ( #4301, #161 ) ;
#880 = ORIENTED_EDGE ( 'NONE', *, *, #2068, .F. ) ;
#881 = AXIS2_PLACEMENT_3D ( 'NONE', #4193, #1004, #2421 ) ;
#882 = COORDINATED_UNIVERSAL_TIME_OFFSET ( 2, 0, .AHEAD. ) ;
#883 = DIRECTION ( 'NONE',  ( 5.746625557483809390E-17, 0.000000000000000000, -1.000000000000000000 ) ) ;
#884 = LINE ( 'NONE', #3712, #2907 ) ;
#885 = DIRECTION ( 'NONE',  ( 0.000000000000000000, 1.000000000000000000, 0.000000000000000000 ) ) ;
#886 = PRODUCT ( '2026-07-30-18-52-39-919-0.STEP', '2026-07-30-18-52-39-919-0.STEP', '', ( #2909 ) ) ;
#887 = VECTOR ( 'NONE', #1744, 1000.000000000000000 ) ;
#888 = EDGE_LOOP ( 'NONE', ( #239, #2562, #2246, #72, #568, #157, #1783, #1056, #819, #1124 ) ) ;
#889 = FACE_BOUND ( 'NONE', #2113, .T. ) ;
#890 = CARTESIAN_POINT ( 'NONE',  ( 0.000000000000000000, 33.00000000000000000, 4.500000000000000000 ) ) ;
#891 = SHAPE_REPRESENTATION_RELATIONSHIP ( 'NONE' , 'NONE' ,  #2418, #4539 ) ;
#892 = LINE ( 'NONE', #2638, #4170 ) ;
#893 = AXIS2_PLACEMENT_3D ( 'NONE', #4126, #1280, #865 ) ;
#894 = UNCERTAINTY_MEASURE_WITH_UNIT (LENGTH_MEASURE( 1.000000000000000082E-05 ), #3885, 'distance_accuracy_value', 'NONE');
#895 = ORIENTED_EDGE ( 'NONE', *, *, #2709, .F. ) ;
#896 = CARTESIAN_POINT ( 'NONE',  ( 0.000000000000000000, 0.000000000000000000, 32.00000000000000000 ) ) ;
#897 = EDGE_CURVE ( 'NONE', #3955, #1421, #122, .T. ) ;
#898 = VECTOR ( 'NONE', #2036, 1000.000000000000000 ) ;
#899 = DIRECTION ( 'NONE',  ( 0.000000000000000000, 0.000000000000000000, 1.000000000000000000 ) ) ;
#900 = ORIENTED_EDGE ( 'NONE', *, *, #1356, .T. ) ;
#901 = ORIENTED_EDGE ( 'NONE', *, *, #3207, .T. ) ;
#902 = AXIS2_PLACEMENT_3D ( 'NONE', #38, #1450, #783 ) ;
#903 = EDGE_CURVE ( 'NONE', #4449, #1930, #844, .T. ) ;
#904 = LINE ( 'NONE', #4116, #1991 ) ;
#905 = VECTOR ( 'NONE', #2379, 1000.000000000000000 ) ;
#906 = COORDINATED_UNIVERSAL_TIME_OFFSET ( 2, 0, .AHEAD. ) ;
#907 = ORIENTED_EDGE ( 'NONE', *, *, #2830, .T. ) ;
#908 = ADVANCED_FACE ( 'NONE', ( #143 ), #1114, .T. ) ;
#909 = LOCAL_TIME ( 21, 30, 2.000000000000000000, #3403 ) ;
#910 = VECTOR ( 'NONE', #948, 1000.000000000000000 ) ;
#911 = VECTOR ( 'NONE', #251, 1000.000000000000000 ) ;
#912 = PERSON_AND_ORGANIZATION ( #3475, #2623 ) ;
#913 = DIRECTION ( 'NONE',  ( 0.000000000000000000, 1.000000000000000000, 0.000000000000000000 ) ) ;
#914 = FACE_OUTER_BOUND ( 'NONE', #1166, .T. ) ;
#915 = CARTESIAN_POINT ( 'NONE',  ( 6.298111795459336914E-15, 58.73527075499401917, 0.000000000000000000 ) ) ;
#916 = CC_DESIGN_PERSON_AND_ORGANIZATION_ASSIGNMENT ( #275, #179, ( #3716 ) ) ;
#917 = ORIENTED_EDGE ( 'NONE', *, *, #3912, .F. ) ;
#918 = CC_DESIGN_APPROVAL ( #3766, ( #1877 ) ) ;
#919 = CARTESIAN_POINT ( 'NONE',  ( 43.00000000000000000, 29.44999999999999929, 27.79999999999999716 ) ) ;
#920 = PLANE ( 'NONE',  #1494 ) ;
#921 = CC_DESIGN_APPROVAL ( #2973, ( #1667 ) ) ;
#922 = CARTESIAN_POINT ( 'NONE',  ( 1328.623005139718316, 672.9384928486027775, -500.9103184360559453 ) ) ;
#923 = DIRECTION ( 'NONE',  ( 0.7071068957064466920, 0.7071066666666296907, 0.000000000000000000 ) ) ;
#924 = ORIENTED_EDGE ( 'NONE', *, *, #1181, .F. ) ;
#925 = DIRECTION ( 'NONE',  ( 1.000000000000000000, 0.000000000000000000, 0.000000000000000000 ) ) ;
#926 = FACE_OUTER_BOUND ( 'NONE', #1835, .T. ) ;
#927 = LINE ( 'NONE', #571, #3349 ) ;
#928 = CARTESIAN_POINT ( 'NONE',  ( 45.00000000000000000, 40.00000000000000000, 2.000000000000000000 ) ) ;
#929 = VECTOR ( 'NONE', #661, 1000.000000000000000 ) ;
#930 = EDGE_CURVE ( 'NONE', #329, #1975, #3593, .T. ) ;
#931 = ORIENTED_EDGE ( 'NONE', *, *, #3363, .F. ) ;
#932 = CARTESIAN_POINT ( 'NONE',  ( 2.571758278209443436E-16, 6.000000000000000000, 4.300000000000001599 ) ) ;
#933 = ORIENTED_EDGE ( 'NONE', *, *, #3825, .T. ) ;
#934 = ADVANCED_FACE ( 'NONE', ( #4325 ), #1139, .T. ) ;
#935 = PERSON_AND_ORGANIZATION_ROLE ( 'design_owner' ) ;
#936 = FACE_OUTER_BOUND ( 'NONE', #1099, .T. ) ;
#937 = CARTESIAN_POINT ( 'NONE',  ( -32.67157176935149465, 2.000000000000000000, 2.000000000000000000 ) ) ;
#938 = ORIENTED_EDGE ( 'NONE', *, *, #1777, .F. ) ;
#939 = FACE_BOUND ( 'NONE', #1334, .T. ) ;
#940 = EDGE_CURVE ( 'NONE', #266, #1143, #2908, .T. ) ;
#941 = DIRECTION ( 'NONE',  ( 1.000000000000000000, 0.000000000000000000, 3.226585665316859681E-13 ) ) ;
#942 = VECTOR ( 'NONE', #3713, 1000.000000000000000 ) ;
#943 = CARTESIAN_POINT ( 'NONE',  ( 43.00000000000000000, 30.25000000000000000, 28.60000000000000142 ) ) ;
#944 = DESIGN_CONTEXT ( 'detailed design', #2263, 'design' ) ;
#945 = ORIENTED_EDGE ( 'NONE', *, *, #878, .F. ) ;
#946 = DIRECTION ( 'NONE',  ( -0.000000000000000000, -1.000000000000000000, -0.000000000000000000 ) ) ;
#947 = CARTESIAN_POINT ( 'NONE',  ( 2.000000000000000000, 1.500000000000000000, -2.000000000000000000 ) ) ;
#948 = DIRECTION ( 'NONE',  ( -1.000000000000000000, 9.531447670202239898E-17, 0.000000000000000000 ) ) ;
#949 = VERTEX_POINT ( 'NONE', #3951 ) ;
#950 = LINE ( 'NONE', #2366, #509 ) ;
#951 = CALENDAR_DATE ( 2026, 24, 9 ) ;
#952 = ORIENTED_EDGE ( 'NONE', *, *, #2751, .F. ) ;
#953 = ORIENTED_EDGE ( 'NONE', *, *, #1072, .T. ) ;
#954 = DATE_AND_TIME ( #2020, #3656 ) ;
#955 = DIRECTION ( 'NONE',  ( 0.000000000000000000, 0.000000000000000000, 1.000000000000000000 ) ) ;
#956 = CARTESIAN_POINT ( 'NONE',  ( 37.00000000000000000, 7.250000000000000000, 27.79999999999999716 ) ) ;
#957 = LINE ( 'NONE', #3921, #3525 ) ;
#958 = EDGE_CURVE ( 'NONE', #488, #2946, #4227, .T. ) ;
#959 = EDGE_LOOP ( 'NONE', ( #4303, #1116, #1344, #813 ) ) ;
#960 = FACE_OUTER_BOUND ( 'NONE', #3471, .T. ) ;
#961 = LINE ( 'NONE', #2378, #2459 ) ;
#962 = EDGE_CURVE ( 'NONE', #1495, #4317, #348, .T. ) ;
#963 = CARTESIAN_POINT ( 'NONE',  ( 0.000000000000000000, 32.98552262796359713, 31.48755899268229541 ) ) ;
#964 = CC_DESIGN_PERSON_AND_ORGANIZATION_ASSIGNMENT ( #3911, #1946, ( #1805 ) ) ;
#965 = ADVANCED_FACE ( 'NONE', ( #791 ), #2510, .T. ) ;
#966 = AXIS2_PLACEMENT_3D ( 'NONE', #2969, #3681, #3313 ) ;
#967 = CARTESIAN_POINT ( 'NONE',  ( 43.00000000000000000, 27.00000000000000000, 17.00000000000000000 ) ) ;
#968 = LINE ( 'NONE', #200, #1651 ) ;
#969 = CARTESIAN_POINT ( 'NONE',  ( -7.960786666666740174, 26.71077709858560212, 32.00000000000000000 ) ) ;
#970 = DIRECTION ( 'NONE',  ( 1.000000000000000000, 0.000000000000000000, 0.000000000000000000 ) ) ;
#971 = EDGE_LOOP ( 'NONE', ( #4125, #845, #389, #2892 ) ) ;
#972 = PRODUCT_DEFINITION_SHAPE ( 'NONE', 'NONE',  #4599 ) ;
#973 = APPROVAL_ROLE ( '' ) ;
#974 = ORIENTED_EDGE ( 'NONE', *, *, #1870, .T. ) ;
#975 = VECTOR ( 'NONE', #4566, 1000.000000000000000 ) ;
#976 = VECTOR ( 'NONE', #148, 1000.000000000000000 ) ;
#977 = PERSON_AND_ORGANIZATION ( #3475, #2623 ) ;
#978 = CARTESIAN_POINT ( 'NONE',  ( 43.00000000000000000, 8.050000000000000711, 27.79999999999999716 ) ) ;
#979 = CARTESIAN_POINT ( 'NONE',  ( 10.00000014901189971, -8.484363381672159562E-32, 7.000000000000750511 ) ) ;
#980 = LINE ( 'NONE', #2457, #3749 ) ;
#981 = AXIS2_PLACEMENT_3D ( 'NONE', #3748, #1684, #3424 ) ;
#982 = EDGE_LOOP ( 'NONE', ( #21, #4558, #1898, #3262, #35, #1295, #4432, #4383, #874, #207 ) ) ;
#983 = APPROVAL_PERSON_ORGANIZATION ( #2734, #1535, #3431 ) ;
#984 = CARTESIAN_POINT ( 'NONE',  ( 11.25000000000000000, 0.000000000000000000, 32.00000000000000000 ) ) ;
#985 = FACE_OUTER_BOUND ( 'NONE', #433, .T. ) ;
#986 = FACE_OUTER_BOUND ( 'NONE', #4343, .T. ) ;
#987 = EDGE_CURVE ( 'NONE', #3643, #2886, #1385, .T. ) ;
#988 = DESIGN_CONTEXT ( 'detailed design', #1632, 'design' ) ;
#989 = PERSON_AND_ORGANIZATION ( #3475, #2623 ) ;
#990 = APPROVAL_PERSON_ORGANIZATION ( #1214, #3917, #1231 ) ;
#991 = APPROVAL ( #3952, 'UNSPECIFIED' ) ;
#992 = FACE_OUTER_BOUND ( 'NONE', #4460, .T. ) ;
#993 = DIRECTION ( 'NONE',  ( 0.000000000000000000, 0.000000000000000000, -1.000000000000000000 ) ) ;
#994 = CARTESIAN_POINT ( 'NONE',  ( 31.30000000000000071, 1.500000000000000000, -31.30000000000000071 ) ) ;
#995 = DIRECTION ( 'NONE',  ( 0.000000000000000000, 0.000000000000000000, 1.000000000000000000 ) ) ;
#996 = ORIENTED_EDGE ( 'NONE', *, *, #3053, .T. ) ;
#997 = APPROVAL ( #1687, 'UNSPECIFIED' ) ;
#998 = ITEM_DEFINED_TRANSFORMATION ( 'NONE', 'NONE', #485,  #861 ) ;
#999 = EDGE_LOOP ( 'NONE', ( #3699, #2914, #1997, #4158 ) ) ;
#1000 = COORDINATED_UNIVERSAL_TIME_OFFSET ( 2, 0, .AHEAD. ) ;
#1001 = LINE ( 'NONE', #3435, #396 ) ;
#1002 = DIRECTION ( 'NONE',  ( 1.000000000000000000, 0.000000000000000000, 0.000000000000000000 ) ) ;
#1003 = ORIENTED_EDGE ( 'NONE', *, *, #4509, .T. ) ;
#1004 = DIRECTION ( 'NONE',  ( 1.000000000000000000, 0.000000000000000000, 0.000000000000000000 ) ) ;
#1005 = CARTESIAN_POINT ( 'NONE',  ( 2.000000000000000000, 37.50000000000000000, 0.000000000000000000 ) ) ;
#1006 = CYLINDRICAL_SURFACE ( 'NONE', #238, 1.824999999999999067 ) ;
#1007 = ADVANCED_FACE ( 'NONE', ( #3243 ), #3172, .F. ) ;
#1008 = EDGE_LOOP ( 'NONE', ( #3127, #4570, #4006, #4385 ) ) ;
#1009 = PERSON_AND_ORGANIZATION ( #3475, #2623 ) ;
#1010 = VECTOR ( 'NONE', #2214, 1000.000000000000000 ) ;
#1011 = LINE ( 'NONE', #314, #975 ) ;
#1012 = LINE ( 'NONE', #2755, #3968 ) ;
#1013 = AXIS2_PLACEMENT_3D ( 'NONE', #2451, #1704, #3217 ) ;
#1014 = LINE ( 'NONE', #1062, #3128 ) ;
#1015 = PLANE ( 'NONE',  #2167 ) ;
#1016 = EDGE_CURVE ( 'NONE', #3981, #3531, #3975, .T. ) ;
#1017 = ORIENTED_EDGE ( 'NONE', *, *, #612, .T. ) ;
#1018 = COORDINATED_UNIVERSAL_TIME_OFFSET ( 2, 0, .AHEAD. ) ;
#1019 = ORIENTED_EDGE ( 'NONE', *, *, #621, .T. ) ;
#1020 = ADVANCED_FACE ( 'NONE', ( #2882 ), #2159, .F. ) ;
#1021 = EDGE_CURVE ( 'NONE', #1852, #1026, #2811, .T. ) ;
#1022 = PERSON_AND_ORGANIZATION ( #3475, #2623 ) ;
#1023 = LINE ( 'NONE', #1298, #4404 ) ;
#1024 = SHAPE_REPRESENTATION ( 'MainModuleLens.STEP', ( #3986, #3015, #1304, #51 ), #270 ) ;
#1025 = LINE ( 'NONE', #956, #1564 ) ;
#1026 = VERTEX_POINT ( 'NONE', #2110 ) ;
#1027 = CARTESIAN_POINT ( 'NONE',  ( 45.00000000000000000, 37.50000000000000000, 0.000000000000000000 ) ) ;
#1028 = DIRECTION ( 'NONE',  ( 1.000000000000000000, 0.000000000000000000, 0.000000000000000000 ) ) ;
#1029 = CARTESIAN_POINT ( 'NONE',  ( 15.00000000000000000, 0.000000000000000000, 2.875000000000000444 ) ) ;
#1030 = VECTOR ( 'NONE', #1976, 1000.000000000000000 ) ;
#1031 = DIRECTION ( 'NONE',  ( 0.000000000000000000, -1.000000000000000000, 0.000000000000000000 ) ) ;
#1032 = DATE_TIME_ROLE ( 'creation_date' ) ;
#1033 = CARTESIAN_POINT ( 'NONE',  ( 14.09999999999999964, -1.250000000000000000, -32.30000000000000426 ) ) ;
#1034 = DIRECTION ( 'NONE',  ( 1.000000000000000000, 6.123233995736769734E-17, 0.000000000000000000 ) ) ;
#1035 = DIRECTION ( 'NONE',  ( 0.000000000000000000, -1.000000000000000000, 0.000000000000000000 ) ) ;
#1036 = FACE_OUTER_BOUND ( 'NONE', #1074, .T. ) ;
#1037 = VECTOR ( 'NONE', #855, 1000.000000000000000 ) ;
#1038 = ORIENTED_EDGE ( 'NONE', *, *, #1909, .T. ) ;
#1039 = CALENDAR_DATE ( 2026, 24, 9 ) ;
#1040 = ORIENTED_EDGE ( 'NONE', *, *, #903, .T. ) ;
#1041 = EDGE_CURVE ( 'NONE', #1437, #597, #3521, .T. ) ;
#1042 = DIRECTION ( 'NONE',  ( -1.000000000000000000, 0.000000000000000000, 0.000000000000000000 ) ) ;
#1043 = DATE_AND_TIME ( #1410, #3798 ) ;
#1044 = DIRECTION ( 'NONE',  ( 0.000000000000000000, -1.000000000000000000, 0.000000000000000000 ) ) ;
#1045 = EDGE_CURVE ( 'NONE', #16, #3761, #2838, .T. ) ;
#1046 = VECTOR ( 'NONE', #3109, 1000.000000000000000 ) ;
#1047 = EDGE_LOOP ( 'NONE', ( #717, #626, #482, #4532, #1644, #1732, #1254, #3148 ) ) ;
#1048 = AXIS2_PLACEMENT_3D ( 'NONE', #2400, #3460, #2072 ) ;
#1049 = CC_DESIGN_DATE_AND_TIME_ASSIGNMENT ( #3169, #1807, ( #1800 ) ) ;
#1050 = DIRECTION ( 'NONE',  ( 0.000000000000000000, 0.000000000000000000, 1.000000000000000000 ) ) ;
#1051 = AXIS2_PLACEMENT_3D ( 'NONE', #2748, #1700, #2052 ) ;
#1052 = CARTESIAN_POINT ( 'NONE',  ( 0.2000000000006469936, -5.500000000000000000, 30.00000000000599698 ) ) ;
#1053 = DIRECTION ( 'NONE',  ( -0.000000000000000000, 1.000000000000000000, 0.000000000000000000 ) ) ;
#1054 = ORIENTED_EDGE ( 'NONE', *, *, #2403, .F. ) ;
#1055 = CC_DESIGN_SECURITY_CLASSIFICATION ( #1131, ( #3949 ) ) ;
#1056 = ORIENTED_EDGE ( 'NONE', *, *, #4318, .T. ) ;
#1057 = CARTESIAN_POINT ( 'NONE',  ( 43.00000000000000000, 29.44999999999999929, 27.79999999999999716 ) ) ;
#1058 = APPROVAL_DATE_TIME ( #615, #3028 ) ;
#1059 = AXIS2_PLACEMENT_3D ( 'NONE', #4297, #3871, #1319 ) ;
#1060 = DIRECTION ( 'NONE',  ( 1.000000000000000000, -3.595069229522839803E-33, 0.000000000000000000 ) ) ;
#1061 = LINE ( 'NONE', #732, #929 ) ;
#1062 = CARTESIAN_POINT ( 'NONE',  ( -28.12500000000000000, 2.000000000000000000, 32.00000000000000000 ) ) ;
#1063 = DIRECTION ( 'NONE',  ( 1.000000000000000000, 0.000000000000000000, 0.000000000000000000 ) ) ;
#1064 = VERTEX_POINT ( 'NONE', #2487 ) ;
#1065 = LOCAL_TIME ( 21, 30, 2.000000000000000000, #1374 ) ;
#1066 = SECURITY_CLASSIFICATION_LEVEL ( 'unclassified' ) ;
#1067 = CARTESIAN_POINT ( 'NONE',  ( 8.099999999999999645, 1.250000000000000000, -35.55500000000000682 ) ) ;
#1068 = VERTEX_POINT ( 'NONE', #1460 ) ;
#1069 = EDGE_CURVE ( 'NONE', #2303, #4139, #719, .T. ) ;
#1070 = DIRECTION ( 'NONE',  ( 0.000000000000000000, 0.000000000000000000, 1.000000000000000000 ) ) ;
#1071 = CALENDAR_DATE ( 2026, 24, 9 ) ;
#1072 = EDGE_CURVE ( 'NONE', #470, #3635, #1781, .T. ) ;
#1073 = VERTEX_POINT ( 'NONE', #24 ) ;
#1074 = EDGE_LOOP ( 'NONE', ( #745, #2184, #1487, #4197 ) ) ;
#1075 = DIRECTION ( 'NONE',  ( -1.000000000000000000, -6.123233995736769734E-17, 0.000000000000000000 ) ) ;
#1076 = DIRECTION ( 'NONE',  ( -1.000000000000000000, 0.000000000000000000, 0.000000000000000000 ) ) ;
#1077 =( REPRESENTATION_RELATIONSHIP ('NONE','NONE', #1288, #2779 ) REPRESENTATION_RELATIONSHIP_WITH_TRANSFORMATION ( #1850 )SHAPE_REPRESENTATION_RELATIONSHIP( ) );
#1078 = FACE_OUTER_BOUND ( 'NONE', #2953, .T. ) ;
#1079 = EDGE_CURVE ( 'NONE', #3955, #1776, #397, .T. ) ;
#1080 = DIRECTION ( 'NONE',  ( 0.000000000000000000, -1.000000000000000000, 0.000000000000000000 ) ) ;
#1081 = APPROVAL_ROLE ( '' ) ;
#1082 = CARTESIAN_POINT ( 'NONE',  ( 8.099999999999999645, 1.250000000000000000, -36.67999999999999972 ) ) ;
#1083 = CARTESIAN_POINT ( 'NONE',  ( 15.00000000000000000, 6.000000000000000000, 1.050000000000000933 ) ) ;
#1084 = DIRECTION ( 'NONE',  ( 0.000000000000000000, 0.000000000000000000, 1.000000000000000000 ) ) ;
#1085 = DIRECTION ( 'NONE',  ( 1.072287862897751958E-16, 1.000000000000000000, 0.000000000000000000 ) ) ;
#1086 = ORIENTED_EDGE ( 'NONE', *, *, #422, .F. ) ;
#1087 = AXIS2_PLACEMENT_3D ( 'NONE', #1847, #1562, #1523 ) ;
#1088 = DATE_TIME_ROLE ( 'classification_date' ) ;
#1089 = LINE ( 'NONE', #1111, #2316 ) ;
#1090 = ORIENTED_EDGE ( 'NONE', *, *, #1107, .F. ) ;
#1091 = CARTESIAN_POINT ( 'NONE',  ( 32.30000000000000426, 0.000000000000000000, 0.000000000000000000 ) ) ;
#1092 = PERSON_AND_ORGANIZATION_ROLE ( 'design_supplier' ) ;
#1093 = ORIENTED_EDGE ( 'NONE', *, *, #1483, .T. ) ;
#1094 = EDGE_LOOP ( 'NONE', ( #3443, #1552, #1686, #665 ) ) ;
#1095 = ORIENTED_EDGE ( 'NONE', *, *, #940, .T. ) ;
#1096 = DIRECTION ( 'NONE',  ( 0.000000000000000000, 0.000000000000000000, 1.000000000000000000 ) ) ;
#1097 = DIRECTION ( 'NONE',  ( 0.000000000000000000, 0.000000000000000000, 1.000000000000000000 ) ) ;
#1098 = PLANE ( 'NONE',  #3051 ) ;
#1099 = EDGE_LOOP ( 'NONE', ( #317, #1118, #2119, #3705 ) ) ;
#1100 = LINE ( 'NONE', #1150, #4526 ) ;
#1101 = CALENDAR_DATE ( 2026, 24, 9 ) ;
#1102 = DIRECTION ( 'NONE',  ( 1.000000000000000000, 0.000000000000000000, 0.000000000000000000 ) ) ;
#1103 = DIRECTION ( 'NONE',  ( 1.000000000000000000, 0.000000000000000000, 0.000000000000000000 ) ) ;
#1104 = DIRECTION ( 'NONE',  ( 0.000000000000000000, 0.000000000000000000, 1.000000000000000000 ) ) ;
#1105 = CARTESIAN_POINT ( 'NONE',  ( 37.00000000000000000, 29.44999999999999929, 28.60000000000000142 ) ) ;
#1106 = PRODUCT_RELATED_PRODUCT_CATEGORY ( 'detail', '', ( #3695 ) ) ;
#1107 = EDGE_CURVE ( 'NONE', #1872, #2404, #3266, .T. ) ;
#1108 = ORIENTED_EDGE ( 'NONE', *, *, #1045, .F. ) ;
#1109 = PRODUCT_DEFINITION_SHAPE ( 'NONE', 'NONE',  #1241 ) ;
#1110 = DATE_TIME_ROLE ( 'classification_date' ) ;
#1111 = CARTESIAN_POINT ( 'NONE',  ( 0.2000000000006469936, -7.190138459068950363E-34, 1.000000000003189893 ) ) ;
#1112 = ORIENTED_EDGE ( 'NONE', *, *, #1244, .T. ) ;
#1113 = VECTOR ( 'NONE', #2548, 1000.000000000000000 ) ;
#1114 = PLANE ( 'NONE',  #3777 ) ;
#1115 = COORDINATED_UNIVERSAL_TIME_OFFSET ( 2, 0, .AHEAD. ) ;
#1116 = ORIENTED_EDGE ( 'NONE', *, *, #1317, .F. ) ;
#1117 = EDGE_CURVE ( 'NONE', #494, #3824, #3294, .T. ) ;
#1118 = ORIENTED_EDGE ( 'NONE', *, *, #478, .F. ) ;
#1119 = ORIENTED_EDGE ( 'NONE', *, *, #624, .F. ) ;
#1120 = CARTESIAN_POINT ( 'NONE',  ( -2.020653882290219805, 0.000000000000000000, 31.00000000000000000 ) ) ;
#1121 = FACE_OUTER_BOUND ( 'NONE', #4059, .T. ) ;
#1122 = CARTESIAN_POINT ( 'NONE',  ( 15.00000000000000000, 0.000000000000000000, 1.050000000000000933 ) ) ;
#1123 = AXIS2_PLACEMENT_3D ( 'NONE', #3780, #327, #2046 ) ;
#1124 = ORIENTED_EDGE ( 'NONE', *, *, #2577, .T. ) ;
#1125 = VECTOR ( 'NONE', #780, 1000.000000000000000 ) ;
#1126 = CARTESIAN_POINT ( 'NONE',  ( -2.000000000000000000, 32.67156183448699380, 0.000000000000000000 ) ) ;
#1127 = DIRECTION ( 'NONE',  ( -9.868649107779168700E-17, -1.000000000000000000, 0.000000000000000000 ) ) ;
#1128 = DIRECTION ( 'NONE',  ( 1.000000000000000000, -9.531447670202239898E-17, 0.000000000000000000 ) ) ;
#1129 = EDGE_CURVE ( 'NONE', #2260, #3059, #1227, .T. ) ;
#1130 = CARTESIAN_POINT ( 'NONE',  ( 2.571758278209443436E-16, 0.000000000000000000, 4.300000000000001599 ) ) ;
#1131 = SECURITY_CLASSIFICATION ( '', '', #3703 ) ;
#1132 = VERTEX_POINT ( 'NONE', #4434 ) ;
#1133 = AXIS2_PLACEMENT_3D ( 'NONE', #1729, #3145, #3188 ) ;
#1134 = APPROVAL ( #2738, 'UNSPECIFIED' ) ;
#1135 = DIRECTION ( 'NONE',  ( 0.000000000000000000, 1.000000000000000000, 0.000000000000000000 ) ) ;
#1136 = ORIENTED_EDGE ( 'NONE', *, *, #2084, .F. ) ;
#1137 = VECTOR ( 'NONE', #1969, 1000.000000000000000 ) ;
#1138 = CC_DESIGN_APPROVAL ( #4147, ( #4477 ) ) ;
#1139 = PLANE ( 'NONE',  #814 ) ;
#1140 = DATE_AND_TIME ( #461, #4100 ) ;
#1141 = SECURITY_CLASSIFICATION ( '', '', #2535 ) ;
#1142 = ORIENTED_EDGE ( 'NONE', *, *, #2320, .T. ) ;
#1143 = VERTEX_POINT ( 'NONE', #114 ) ;
#1144 = ORIENTED_EDGE ( 'NONE', *, *, #274, .F. ) ;
#1145 = FACE_BOUND ( 'NONE', #785, .T. ) ;
#1146 = CARTESIAN_POINT ( 'NONE',  ( 14.09999999999999964, -1.250000000000000000, -39.30000000000000426 ) ) ;
#1147 = AXIS2_PLACEMENT_3D ( 'NONE', #2729, #2341, #993 ) ;
#1148 = CARTESIAN_POINT ( 'NONE',  ( 0.000000000000000000, 0.000000000000000000, 0.000000000000000000 ) ) ;
#1149 = ORIENTED_EDGE ( 'NONE', *, *, #1697, .F. ) ;
#1150 = CARTESIAN_POINT ( 'NONE',  ( 2.200000000000650324, -2.755451082640380203E-16, 1.209948807812110096E-11 ) ) ;
#1151 = PLANE ( 'NONE',  #902 ) ;
#1152 = EDGE_CURVE ( 'NONE', #1559, #1184, #2950, .T. ) ;
#1153 = DIRECTION ( 'NONE',  ( -0.000000000000000000, -0.000000000000000000, -1.000000000000000000 ) ) ;
#1154 =( LENGTH_UNIT ( ) NAMED_UNIT ( * ) SI_UNIT ( .MILLI., .METRE. ) );
#1155 = CARTESIAN_POINT ( 'NONE',  ( 45.00000000000000000, 40.00000000000000000, 0.000000000000000000 ) ) ;
#1156 = EDGE_LOOP ( 'NONE', ( #1525, #3773, #1112, #373, #4089, #3974 ) ) ;
#1157 = EDGE_CURVE ( 'NONE', #1539, #1514, #1247, .T. ) ;
#1158 = EDGE_CURVE ( 'NONE', #3901, #175, #2992, .T. ) ;
#1159 = LINE ( 'NONE', #112, #3650 ) ;
#1160 = VERTEX_POINT ( 'NONE', #178 ) ;
#1161 = CARTESIAN_POINT ( 'NONE',  ( 0.000000000000000000, 32.98552262796359713, 4.487558992682310510 ) ) ;
#1162 = APPLICATION_PROTOCOL_DEFINITION ( 'international standard', 'config_control_design', 1994, #3956 ) ;
#1163 = EDGE_CURVE ( 'NONE', #2239, #3360, #460, .T. ) ;
#1164 = AXIS2_PLACEMENT_3D ( 'NONE', #2720, #2156, #3563 ) ;
#1165 = ORIENTED_EDGE ( 'NONE', *, *, #2810, .F. ) ;
#1166 = EDGE_LOOP ( 'NONE', ( #1990, #3628, #1038, #2580, #2189, #4328, #3031, #4589 ) ) ;
#1167 = EDGE_CURVE ( 'NONE', #1911, #3565, #2668, .T. ) ;
#1168 = ORIENTED_EDGE ( 'NONE', *, *, #2331, .F. ) ;
#1169 = CARTESIAN_POINT ( 'NONE',  ( -32.67157176935149465, 2.000000000000000000, 0.000000000000000000 ) ) ;
#1170 = PLANE ( 'NONE',  #3308 ) ;
#1171 = DIRECTION ( 'NONE',  ( 0.000000000000000000, 0.7071067811865486830, 0.7071067811865464625 ) ) ;
#1172 = ORIENTED_EDGE ( 'NONE', *, *, #3708, .T. ) ;
#1173 = CARTESIAN_POINT ( 'NONE',  ( 34.30000000000000426, 3.750000000000003553, 2.000000000000001776 ) ) ;
#1174 = CARTESIAN_POINT ( 'NONE',  ( 22.50000000000000000, 58.75000000000000000, 0.000000000000000000 ) ) ;
#1175 = DIRECTION ( 'NONE',  ( 0.000000000000000000, 0.000000000000000000, 1.000000000000000000 ) ) ;
#1176 = CARTESIAN_POINT ( 'NONE',  ( 45.00000000000000000, 37.50000000000000000, 0.000000000000000000 ) ) ;
#1177 = ORIENTED_EDGE ( 'NONE', *, *, #930, .F. ) ;
#1178 = CALENDAR_DATE ( 2026, 24, 9 ) ;
#1179 = PLANE ( 'NONE',  #243 ) ;
#1180 = ORIENTED_EDGE ( 'NONE', *, *, #987, .F. ) ;
#1181 = EDGE_CURVE ( 'NONE', #2137, #1480, #92, .T. ) ;
#1182 = DIRECTION ( 'NONE',  ( 1.000000000000000000, -9.531447670202239898E-17, 1.196634779751784481E-16 ) ) ;
#1183 = CALENDAR_DATE ( 2026, 24, 9 ) ;
#1184 = VERTEX_POINT ( 'NONE', #3995 ) ;
#1185 = VECTOR ( 'NONE', #3630, 1000.000000000000000 ) ;
#1186 = EDGE_CURVE ( 'NONE', #2752, #658, #4065, .T. ) ;
#1187 = EDGE_LOOP ( 'NONE', ( #2387, #95, #2987, #29 ) ) ;
#1188 = VECTOR ( 'NONE', #1594, 1000.000000000000000 ) ;
#1189 = CC_DESIGN_DATE_AND_TIME_ASSIGNMENT ( #557, #2673, ( #26 ) ) ;
#1190 = SECURITY_CLASSIFICATION_LEVEL ( 'unclassified' ) ;
#1191 = DIRECTION ( 'NONE',  ( 0.000000000000000000, 0.000000000000000000, -1.000000000000000000 ) ) ;
#1192 = CARTESIAN_POINT ( 'NONE',  ( 10.00000014901189971, -2.250000000000000000, 7.000000000000750511 ) ) ;
#1193 = LINE ( 'NONE', #1148, #1125 ) ;
#1194 = ORIENTED_EDGE ( 'NONE', *, *, #4542, .T. ) ;
#1195 = CC_DESIGN_PERSON_AND_ORGANIZATION_ASSIGNMENT ( #4459, #1313, ( #2542 ) ) ;
#1196 = LINE ( 'NONE', #2304, #3842 ) ;
#1197 = DIRECTION ( 'NONE',  ( 0.000000000000000000, 1.000000000000000000, 0.000000000000000000 ) ) ;
#1198 = LINE ( 'NONE', #2616, #2240 ) ;
#1199 = AXIS2_PLACEMENT_3D ( 'NONE', #2098, #3507, #333 ) ;
#1200 = ORIENTED_EDGE ( 'NONE', *, *, #2465, .T. ) ;
#1201 = VECTOR ( 'NONE', #1868, 1000.000000000000000 ) ;
#1202 = PERSON_AND_ORGANIZATION ( #1785, #395 ) ;
#1203 = CARTESIAN_POINT ( 'NONE',  ( 0.000000000000000000, 40.00000000000000000, 0.000000000000000000 ) ) ;
#1204 = AXIS2_PLACEMENT_3D ( 'NONE', #3820, #2058, #3466 ) ;
#1205 = ORIENTED_EDGE ( 'NONE', *, *, #4258, .F. ) ;
#1206 = APPROVAL_PERSON_ORGANIZATION ( #1457, #1951, #2061 ) ;
#1207 = LINE ( 'NONE', #2625, #4005 ) ;
#1208 = PERSON_AND_ORGANIZATION_ROLE ( 'design_supplier' ) ;
#1209 = ORIENTED_EDGE ( 'NONE', *, *, #3088, .T. ) ;
#1210 = EDGE_CURVE ( 'NONE', #2540, #1886, #522, .T. ) ;
#1211 = CC_DESIGN_APPROVAL ( #503, ( #2018 ) ) ;
#1212 = VECTOR ( 'NONE', #4121, 1000.000000000000000 ) ;
#1213 = SECURITY_CLASSIFICATION ( '', '', #1701 ) ;
#1214 = PERSON_AND_ORGANIZATION ( #3475, #2623 ) ;
#1215 = LINE ( 'NONE', #2630, #3129 ) ;
#1216 = DIRECTION ( 'NONE',  ( 0.000000000000000000, 1.000000000000000000, 0.000000000000000000 ) ) ;
#1217 = EDGE_CURVE ( 'NONE', #3858, #2303, #1511, .T. ) ;
#1218 = DIRECTION ( 'NONE',  ( -1.000000000000000000, 0.000000000000000000, 0.000000000000000000 ) ) ;
#1219 = ORIENTED_EDGE ( 'NONE', *, *, #3108, .T. ) ;
#1220 = DIRECTION ( 'NONE',  ( 0.000000000000000000, 1.000000000000000000, 0.000000000000000000 ) ) ;
#1221 = CARTESIAN_POINT ( 'NONE',  ( 13.59999999999999964, 1.250000000000000000, -35.05499999999999972 ) ) ;
#1222 = PLANE ( 'NONE',  #457 ) ;
#1223 = ADVANCED_FACE ( 'NONE', ( #3702, #1938 ), #2597, .T. ) ;
#1224 = VERTEX_POINT ( 'NONE', #809 ) ;
#1225 = CARTESIAN_POINT ( 'NONE',  ( -1.999999999999999556, 3.750000000000003553, -32.30000000000000426 ) ) ;
#1226 = VERTEX_POINT ( 'NONE', #2228 ) ;
#1227 = LINE ( 'NONE', #2647, #743 ) ;
#1228 = COORDINATED_UNIVERSAL_TIME_OFFSET ( 2, 0, .AHEAD. ) ;
#1229 = EDGE_LOOP ( 'NONE', ( #3898, #3604, #2360, #2136 ) ) ;
#1230 = CIRCLE ( 'NONE', #637, 2.125000000000001776 ) ;
#1231 = APPROVAL_ROLE ( '' ) ;
#1232 = CARTESIAN_POINT ( 'NONE',  ( 45.00000000000000000, 10.50000000000000000, 24.00000000000000000 ) ) ;
#1233 = CARTESIAN_POINT ( 'NONE',  ( 0.000000000000000000, 2.500000000000000000, -32.30000000000000426 ) ) ;
#1234 = ORIENTED_EDGE ( 'NONE', *, *, #1663, .F. ) ;
#1235 = ADVANCED_FACE ( 'NONE', ( #2252 ), #1894, .T. ) ;
#1236 = CARTESIAN_POINT ( 'NONE',  ( 10.00000014901189971, -1.125000000000000000, 9.000000000000747846 ) ) ;
#1237 = DIRECTION ( 'NONE',  ( 0.000000000000000000, 0.000000000000000000, 1.000000000000000000 ) ) ;
#1238 = DIRECTION ( 'NONE',  ( 0.000000000000000000, -1.000000000000000000, 0.000000000000000000 ) ) ;
#1239 = EDGE_CURVE ( 'NONE', #394, #3204, #132, .T. ) ;
#1240 = ORIENTED_EDGE ( 'NONE', *, *, #3008, .T. ) ;
#1241 = PRODUCT_DEFINITION ( 'UNKNOWN', '', #1877, #2749 ) ;
#1242 = PLANE ( 'NONE',  #1860 ) ;
#1243 = LINE ( 'NONE', #969, #2844 ) ;
#1244 = EDGE_CURVE ( 'NONE', #747, #4166, #1207, .T. ) ;
#1245 = ORIENTED_EDGE ( 'NONE', *, *, #559, .F. ) ;
#1246 = ORIENTED_EDGE ( 'NONE', *, *, #3191, .T. ) ;
#1247 = LINE ( 'NONE', #3016, #3181 ) ;
#1248 = APPROVAL_DATE_TIME ( #4528, #1535 ) ;
#1249 = ORIENTED_EDGE ( 'NONE', *, *, #1413, .T. ) ;
#1250 = VECTOR ( 'NONE', #4443, 1000.000000000000000 ) ;
#1251 = APPROVAL_DATE_TIME ( #954, #2696 ) ;
#1252 = DIRECTION ( 'NONE',  ( 0.000000000000000000, -1.000000000000000000, 0.000000000000000000 ) ) ;
#1253 = CARTESIAN_POINT ( 'NONE',  ( 14.09999999999999964, 3.750000000000000000, -39.30000000000000426 ) ) ;
#1254 = ORIENTED_EDGE ( 'NONE', *, *, #2804, .F. ) ;
#1255 = CARTESIAN_POINT ( 'NONE',  ( 40.00000014901190326, -2.250000000000000000, 9.000000000000747846 ) ) ;
#1256 = FACE_OUTER_BOUND ( 'NONE', #3509, .T. ) ;
#1257 = DIRECTION ( 'NONE',  ( 1.000000000000000000, 0.000000000000000000, 0.000000000000000000 ) ) ;
#1258 = FACE_OUTER_BOUND ( 'NONE', #2255, .T. ) ;
#1259 = ADVANCED_FACE ( 'NONE', ( #2273 ), #499, .T. ) ;
#1260 = ORIENTED_EDGE ( 'NONE', *, *, #4392, .T. ) ;
#1261 = EDGE_CURVE ( 'NONE', #1773, #1226, #2477, .T. ) ;
#1262 = DIRECTION ( 'NONE',  ( -0.000000000000000000, 1.000000000000000000, 0.000000000000000000 ) ) ;
#1263 = CONICAL_SURFACE ( 'NONE', #4386, 1.824999999999998845, 0.7853981633974468357 ) ;
#1264 = CARTESIAN_POINT ( 'NONE',  ( 0.2000000000006469936, -11.00000000000000000, 2.000000000006370016 ) ) ;
#1265 = FACE_BOUND ( 'NONE', #2568, .T. ) ;
#1266 = ORIENTED_EDGE ( 'NONE', *, *, #2778, .F. ) ;
#1267 = AXIS2_PLACEMENT_3D ( 'NONE', #216, #3324, #1306 ) ;
#1268 = DIRECTION ( 'NONE',  ( 0.000000000000000000, 1.000000000000000000, 0.000000000000000000 ) ) ;
#1269 = AXIS2_PLACEMENT_3D ( 'NONE', #1630, #3744, #586 ) ;
#1270 = ORIENTED_EDGE ( 'NONE', *, *, #3205, .T. ) ;
#1271 = VERTEX_POINT ( 'NONE', #1395 ) ;
#1272 = LOCAL_TIME ( 21, 30, 2.000000000000000000, #3683 ) ;
#1273 = VECTOR ( 'NONE', #899, 1000.000000000000000 ) ;
#1274 = PERSON_AND_ORGANIZATION ( #3475, #2623 ) ;
#1275 = DIRECTION ( 'NONE',  ( 0.000000000000000000, 0.000000000000000000, 1.000000000000000000 ) ) ;
#1276 = DIRECTION ( 'NONE',  ( -1.000000000000000000, 0.000000000000000000, 0.000000000000000000 ) ) ;
#1277 = VECTOR ( 'NONE', #4373, 1000.000000000000000 ) ;
#1278 = VERTEX_POINT ( 'NONE', #204 ) ;
#1279 = LOCAL_TIME ( 21, 30, 2.000000000000000000, #2064 ) ;
#1280 = DIRECTION ( 'NONE',  ( -1.000000000000000000, -8.217301096052209613E-34, 0.000000000000000000 ) ) ;
#1281 = CARTESIAN_POINT ( 'NONE',  ( -28.12500000000000000, 2.000000000000000000, 2.000000000000000000 ) ) ;
#1282 = DIRECTION ( 'NONE',  ( 0.000000000000000000, 1.000000000000000000, 9.999999999999999988E-15 ) ) ;
#1283 = CARTESIAN_POINT ( 'NONE',  ( -2.000000000000000000, 32.98552262796359713, 4.487558992682310510 ) ) ;
#1284 = ORIENTED_EDGE ( 'NONE', *, *, #4420, .T. ) ;
#1285 = DIRECTION ( 'NONE',  ( 0.000000000000000000, -1.000000000000000000, 0.000000000000000000 ) ) ;
#1286 = CARTESIAN_POINT ( 'NONE',  ( -33.29999925568699837, 0.000000000000000000, 2.000000000006049827 ) ) ;
#1287 = CARTESIAN_POINT ( 'NONE',  ( 32.30000000000000426, 3.750000000000003553, 0.000000000000000000 ) ) ;
#1288 = SHAPE_REPRESENTATION ( '2026-07-30-18-52-39-919.STEP', ( #3603, #1087 ), #1602 ) ;
#1289 = ORIENTED_EDGE ( 'NONE', *, *, #249, .F. ) ;
#1290 = ADVANCED_FACE ( 'NONE', ( #3890, #2799 ), #708, .T. ) ;
#1291 = CARTESIAN_POINT ( 'NONE',  ( 1.000000000000000000, 2.500000000000000000, -1.000000000000000000 ) ) ;
#1292 = APPROVAL_ROLE ( '' ) ;
#1293 = PRODUCT_DEFINITION_SHAPE ( 'NONE', 'NONE',  #4593 ) ;
#1294 = ORIENTED_EDGE ( 'NONE', *, *, #515, .T. ) ;
#1295 = ORIENTED_EDGE ( 'NONE', *, *, #3418, .T. ) ;
#1296 = ADVANCED_FACE ( 'NONE', ( #357 ), #2691, .T. ) ;
#1297 = APPLICATION_PROTOCOL_DEFINITION ( 'international standard', 'config_control_design', 1994, #3769 ) ;
#1298 = CARTESIAN_POINT ( 'NONE',  ( 37.00000000000000000, 8.000000119209289551, 2.000000000000000000 ) ) ;
#1299 = PLANE ( 'NONE',  #2382 ) ;
#1300 = PRODUCT_RELATED_PRODUCT_CATEGORY ( 'detail', '', ( #3253 ) ) ;
#1301 = CARTESIAN_POINT ( 'NONE',  ( 31.30000000000000071, 2.500000000000000000, -31.30000000000000071 ) ) ;
#1302 = EDGE_CURVE ( 'NONE', #3272, #747, #904, .T. ) ;
#1303 = EDGE_LOOP ( 'NONE', ( #2694, #1144, #4304, #518, #79, #2960 ) ) ;
#1304 = AXIS2_PLACEMENT_3D ( 'NONE', #3392, #1282, #2282 ) ;
#1305 = LINE ( 'NONE', #702, #2139 ) ;
#1306 = DIRECTION ( 'NONE',  ( 0.000000000000000000, 0.000000000000000000, 1.000000000000000000 ) ) ;
#1307 = VECTOR ( 'NONE', #486, 1000.000000000000000 ) ;
#1308 = LINE ( 'NONE', #963, #905 ) ;
#1309 = CARTESIAN_POINT ( 'NONE',  ( -37.50000000000000000, 40.00000000000000000, 0.000000000000000000 ) ) ;
#1310 = LINE ( 'NONE', #2008, #911 ) ;
#1311 = CARTESIAN_POINT ( 'NONE',  ( 32.30000000000000426, -1.250000000000001998, -32.30000000000000426 ) ) ;
#1312 = ORIENTED_EDGE ( 'NONE', *, *, #3503, .T. ) ;
#1313 = PERSON_AND_ORGANIZATION_ROLE ( 'classification_officer' ) ;
#1314 = VERTEX_POINT ( 'NONE', #3060 ) ;
#1315 = EDGE_CURVE ( 'NONE', #66, #3149, #4239, .T. ) ;
#1316 = PERSON_AND_ORGANIZATION ( #3475, #2623 ) ;
#1317 = EDGE_CURVE ( 'NONE', #4281, #175, #1764, .T. ) ;
#1318 = PLANE ( 'NONE',  #3411 ) ;
#1319 = DIRECTION ( 'NONE',  ( -1.072287862897752081E-16, -1.000000000000000000, 0.000000000000000000 ) ) ;
#1320 = AXIS2_PLACEMENT_3D ( 'NONE', #2071, #2794, #263 ) ;
#1321 = EDGE_LOOP ( 'NONE', ( #4022, #346, #2772, #367, #2339, #3379, #2375, #2689 ) ) ;
#1322 = CC_DESIGN_DATE_AND_TIME_ASSIGNMENT ( #4229, #3522, ( #4286 ) ) ;
#1323 = LINE ( 'NONE', #984, #735 ) ;
#1324 = DIRECTION ( 'NONE',  ( 0.000000000000000000, 1.000000000000000000, 0.000000000000000000 ) ) ;
#1325 =( NAMED_UNIT ( * ) SI_UNIT ( $, .STERADIAN. ) SOLID_ANGLE_UNIT ( ) );
#1326 = FACE_OUTER_BOUND ( 'NONE', #3595, .T. ) ;
#1327 = APPROVAL ( #575, 'UNSPECIFIED' ) ;
#1328 = ORIENTED_EDGE ( 'NONE', *, *, #4262, .T. ) ;
#1329 = AXIS2_PLACEMENT_3D ( 'NONE', #1538, #487, #2918 ) ;
#1330 = CALENDAR_DATE ( 2026, 24, 9 ) ;
#1331 = PLANE ( 'NONE',  #2677 ) ;
#1332 = DIRECTION ( 'NONE',  ( 0.000000000000000000, 0.000000000000000000, 1.000000000000000000 ) ) ;
#1333 = CARTESIAN_POINT ( 'NONE',  ( 45.00000000000000000, 77.50000000000000000, 0.000000000000000000 ) ) ;
#1334 = EDGE_LOOP ( 'NONE', ( #402, #4346, #3110, #177 ) ) ;
#1335 = CONTEXT_DEPENDENT_SHAPE_REPRESENTATION ( #691, #1293 ) ;
#1336 = ORIENTED_EDGE ( 'NONE', *, *, #1919, .F. ) ;
#1337 = VECTOR ( 'NONE', #2445, 1000.000000000000000 ) ;
#1338 = EDGE_CURVE ( 'NONE', #3727, #2200, #2853, .T. ) ;
#1339 = APPROVAL_STATUS ( 'not_yet_approved' ) ;
#1340 = DIRECTION ( 'NONE',  ( -1.000000000000000000, 0.000000000000000000, 0.000000000000000000 ) ) ;
#1341 = CARTESIAN_POINT ( 'NONE',  ( 0.2000000000012920054, -8.999999754130838525, 4.500000000006049383 ) ) ;
#1342 = CC_DESIGN_SECURITY_CLASSIFICATION ( #3346, ( #2392 ) ) ;
#1343 = CLOSED_SHELL ( 'NONE', ( #2873, #521, #53, #728, #3652, #2887, #115, #3764, #1998, #138, #3430, #46 ) ) ;
#1344 = ORIENTED_EDGE ( 'NONE', *, *, #1641, .F. ) ;
#1345 = VECTOR ( 'NONE', #4013, 1000.000000000000000 ) ;
#1346 = ORGANIZATION ( 'NAUO-ORG6', 'UNSPECIFIED', 'UNSPECIFIED' ) ;
#1347 = EDGE_CURVE ( 'NONE', #228, #4064, #3532, .T. ) ;
#1348 = DIRECTION ( 'NONE',  ( -1.000000000000000000, 0.000000000000000000, 0.000000000000000000 ) ) ;
#1349 = EDGE_CURVE ( 'NONE', #597, #1813, #2224, .T. ) ;
#1350 = CARTESIAN_POINT ( 'NONE',  ( 4.021079485866564048E-16, 3.750000000000003553, -32.30000000000000426 ) ) ;
#1351 = DIRECTION ( 'NONE',  ( 1.000000000000000000, 0.000000000000000000, 0.000000000000000000 ) ) ;
#1352 = DIRECTION ( 'NONE',  ( 0.000000000000000000, 0.000000000000000000, -1.000000000000000000 ) ) ;
#1353 = SECURITY_CLASSIFICATION ( '', '', #1707 ) ;
#1354 = UNCERTAINTY_MEASURE_WITH_UNIT (LENGTH_MEASURE( 1.000000000000000082E-05 ), #3092, 'distance_accuracy_value', 'NONE');
#1355 = DATE_TIME_ROLE ( 'creation_date' ) ;
#1356 = EDGE_CURVE ( 'NONE', #4064, #1, #3035, .T. ) ;
#1357 = SECURITY_CLASSIFICATION ( '', '', #1190 ) ;
#1358 = CARTESIAN_POINT ( 'NONE',  ( 11.25000000000000000, 2.000000000000000000, 2.000000000000000000 ) ) ;
#1359 = CARTESIAN_POINT ( 'NONE',  ( -37.50000000000000000, -2.296212748401289944E-15, 32.00000000000000000 ) ) ;
#1360 = DIRECTION ( 'NONE',  ( 0.000000000000000000, 1.000000000000000000, 0.000000000000000000 ) ) ;
#1361 = ADVANCED_FACE ( 'NONE', ( #4457, #2345 ), #4507, .T. ) ;
#1362 = EDGE_LOOP ( 'NONE', ( #4338, #700, #2436, #1804 ) ) ;
#1363 = APPROVAL_DATE_TIME ( #43, #2700 ) ;
#1364 = VERTEX_POINT ( 'NONE', #3402 ) ;
#1365 = SHAPE_DEFINITION_REPRESENTATION ( #3665, #849 ) ;
#1366 = LINE ( 'NONE', #1712, #4167 ) ;
#1367 = ORIENTED_EDGE ( 'NONE', *, *, #903, .F. ) ;
#1368 = DIRECTION ( 'NONE',  ( 0.000000000000000000, -1.000000000000000000, 0.000000000000000000 ) ) ;
#1369 = DIRECTION ( 'NONE',  ( -1.000000000000000000, 0.000000000000000000, 0.000000000000000000 ) ) ;
#1370 = LINE ( 'NONE', #4308, #2386 ) ;
#1371 = ADVANCED_BREP_SHAPE_REPRESENTATION ( '', ( #3868, #861 ), #3902 ) ;
#1372 = ORIENTED_EDGE ( 'NONE', *, *, #4258, .T. ) ;
#1373 = CARTESIAN_POINT ( 'NONE',  ( 0.000000000000000000, 0.000000000000000000, -39.30000000000000426 ) ) ;
#1374 = COORDINATED_UNIVERSAL_TIME_OFFSET ( 2, 0, .AHEAD. ) ;
#1375 = AXIS2_PLACEMENT_3D ( 'NONE', #2518, #1097, #1492 ) ;
#1376 = DIRECTION ( 'NONE',  ( 1.000000000000000000, 0.000000000000000000, 0.000000000000000000 ) ) ;
#1377 = DIRECTION ( 'NONE',  ( 0.000000000000000000, 0.000000000000000000, 1.000000000000000000 ) ) ;
#1378 = FACE_OUTER_BOUND ( 'NONE', #510, .T. ) ;
#1379 = ADVANCED_FACE ( 'NONE', ( #230 ), #1640, .F. ) ;
#1380 = ORIENTED_EDGE ( 'NONE', *, *, #2925, .T. ) ;
#1381 = CC_DESIGN_DATE_AND_TIME_ASSIGNMENT ( #3937, #4313, ( #1805 ) ) ;
#1382 = APPROVAL_STATUS ( 'not_yet_approved' ) ;
#1383 = ORIENTED_EDGE ( 'NONE', *, *, #3446, .F. ) ;
#1384 = CC_DESIGN_PERSON_AND_ORGANIZATION_ASSIGNMENT ( #525, #3244, ( #1131 ) ) ;
#1385 = LINE ( 'NONE', #1832, #1403 ) ;
#1386 = DATE_AND_TIME ( #2135, #323 ) ;
#1387 = DIRECTION ( 'NONE',  ( 0.000000000000000000, 0.000000000000000000, 1.000000000000000000 ) ) ;
#1388 = FACE_OUTER_BOUND ( 'NONE', #4130, .T. ) ;
#1389 = ORIENTED_EDGE ( 'NONE', *, *, #1885, .F. ) ;
#1390 = CARTESIAN_POINT ( 'NONE',  ( 43.00000000000000000, 8.050000000000000711, 28.60000000000000142 ) ) ;
#1391 = CARTESIAN_POINT ( 'NONE',  ( 0.000000000000000000, 37.49998785333140461, 0.000000000000000000 ) ) ;
#1392 = PLANE ( 'NONE',  #1787 ) ;
#1393 = ORIENTED_EDGE ( 'NONE', *, *, #1163, .F. ) ;
#1394 = VECTOR ( 'NONE', #3527, 1000.000000000000000 ) ;
#1395 = CARTESIAN_POINT ( 'NONE',  ( 30.30000000000000071, 1.500000000000000000, -2.000000000000000000 ) ) ;
#1396 = PERSON_AND_ORGANIZATION_ROLE ( 'creator' ) ;
#1397 = AXIS2_PLACEMENT_3D ( 'NONE', #754, #1796, #471 ) ;
#1398 = CARTESIAN_POINT ( 'NONE',  ( 0.000000000000000000, 2.242761313981779914, 31.48755899268229541 ) ) ;
#1399 = EDGE_CURVE ( 'NONE', #3750, #3901, #950, .T. ) ;
#1400 = CARTESIAN_POINT ( 'NONE',  ( -33.29999925568699837, -8.999999754130838525, 2.000000000006049827 ) ) ;
#1401 = LINE ( 'NONE', #4270, #4178 ) ;
#1402 = FACE_OUTER_BOUND ( 'NONE', #2536, .T. ) ;
#1403 = VECTOR ( 'NONE', #3150, 1000.000000000000000 ) ;
#1404 = EDGE_LOOP ( 'NONE', ( #746, #2664, #1019, #4508 ) ) ;
#1405 = EDGE_CURVE ( 'NONE', #4359, #1911, #595, .T. ) ;
#1406 = CALENDAR_DATE ( 2026, 24, 9 ) ;
#1407 = CARTESIAN_POINT ( 'NONE',  ( 8.599999999999999645, 1.250000000000000000, -38.30499999999999972 ) ) ;
#1408 = VERTEX_POINT ( 'NONE', #1664 ) ;
#1409 = CARTESIAN_POINT ( 'NONE',  ( 32.30000000000001137, 58.73527075499401917, -39.30000000000000426 ) ) ;
#1410 = CALENDAR_DATE ( 2026, 24, 9 ) ;
#1411 = ORIENTED_EDGE ( 'NONE', *, *, #4020, .T. ) ;
#1412 = AXIS2_PLACEMENT_3D ( 'NONE', #2056, #2754, #731 ) ;
#1413 = EDGE_CURVE ( 'NONE', #3560, #1856, #2447, .T. ) ;
#1414 = VECTOR ( 'NONE', #3461, 1000.000000000000000 ) ;
#1415 = ORIENTED_EDGE ( 'NONE', *, *, #1315, .F. ) ;
#1416 = AXIS2_PLACEMENT_3D ( 'NONE', #2775, #1076, #1698 ) ;
#1417 = DIRECTION ( 'NONE',  ( 0.000000000000000000, 0.000000000000000000, 1.000000000000000000 ) ) ;
#1418 = AXIS2_PLACEMENT_3D ( 'NONE', #1954, #2704, #2358 ) ;
#1419 = DIRECTION ( 'NONE',  ( 0.000000000000000000, 0.000000000000000000, 1.000000000000000000 ) ) ;
#1420 = CARTESIAN_POINT ( 'NONE',  ( 1.000000000000000000, 2.500000000000000000, -1.000000000000000000 ) ) ;
#1421 = VERTEX_POINT ( 'NONE', #683 ) ;
#1422 = CC_DESIGN_SECURITY_CLASSIFICATION ( #2542, ( #3716 ) ) ;
#1423 = CARTESIAN_POINT ( 'NONE',  ( 45.00000000000000000, 77.50000000000000000, 2.000000000000000000 ) ) ;
#1424 = APPROVAL_STATUS ( 'not_yet_approved' ) ;
#1425 = VECTOR ( 'NONE', #3448, 1000.000000000000000 ) ;
#1426 = LINE ( 'NONE', #1398, #520 ) ;
#1427 = DIRECTION ( 'NONE',  ( -0.7071066666666298017, 0.7071068957064466920, 0.000000000000000000 ) ) ;
#1428 = DIRECTION ( 'NONE',  ( 1.000000000000000000, 0.000000000000000000, 0.000000000000000000 ) ) ;
#1429 = ORIENTED_EDGE ( 'NONE', *, *, #3389, .F. ) ;
#1430 = APPROVAL_PERSON_ORGANIZATION ( #655, #3028, #4565 ) ;
#1431 = ITEM_DEFINED_TRANSFORMATION ( 'NONE', 'NONE', #1304,  #861 ) ;
#1432 = PLANE ( 'NONE',  #1059 ) ;
#1433 = EDGE_LOOP ( 'NONE', ( #1411, #1961, #2672, #2561 ) ) ;
#1434 = ADVANCED_FACE ( 'NONE', ( #2101 ), #3510, .T. ) ;
#1435 = CARTESIAN_POINT ( 'NONE',  ( 0.000000000000000000, 21.00000000000000000, 31.50000000000000000 ) ) ;
#1436 = APPROVAL_ROLE ( '' ) ;
#1437 = VERTEX_POINT ( 'NONE', #1867 ) ;
#1438 = VERTEX_POINT ( 'NONE', #3553 ) ;
#1439 = EDGE_CURVE ( 'NONE', #1763, #3727, #1887, .T. ) ;
#1440 = EDGE_LOOP ( 'NONE', ( #2829, #3052, #3478, #501, #86, #2868 ) ) ;
#1441 = CC_DESIGN_PERSON_AND_ORGANIZATION_ASSIGNMENT ( #4530, #1668, ( #3581 ) ) ;
#1442 = CARTESIAN_POINT ( 'NONE',  ( 43.00000000000000000, 10.50000000000000000, 24.00000000000000000 ) ) ;
#1443 = EDGE_CURVE ( 'NONE', #2996, #4028, #2922, .T. ) ;
#1444 = LINE ( 'NONE', #77, #1828 ) ;
#1445 = DIRECTION ( 'NONE',  ( 0.000000000000000000, 0.000000000000000000, 1.000000000000000000 ) ) ;
#1446 = LINE ( 'NONE', #2473, #2010 ) ;
#1447 = ORIENTED_EDGE ( 'NONE', *, *, #739, .F. ) ;
#1448 = LINE ( 'NONE', #3605, #3400 ) ;
#1449 = PERSON_AND_ORGANIZATION ( #3475, #2623 ) ;
#1450 = DIRECTION ( 'NONE',  ( 0.000000000000000000, 0.000000000000000000, 1.000000000000000000 ) ) ;
#1451 = PLANE ( 'NONE',  #871 ) ;
#1452 = FACE_OUTER_BOUND ( 'NONE', #3296, .T. ) ;
#1453 = CARTESIAN_POINT ( 'NONE',  ( 40.00000014901190326, -2.250000000000000000, 7.000000000000750511 ) ) ;
#1454 = ORIENTED_EDGE ( 'NONE', *, *, #2805, .T. ) ;
#1455 = CIRCLE ( 'NONE', #4132, 1.824999999999998845 ) ;
#1456 = EDGE_CURVE ( 'NONE', #622, #232, #1448, .T. ) ;
#1457 = PERSON_AND_ORGANIZATION ( #3259, #3203 ) ;
#1458 = DIRECTION ( 'NONE',  ( 1.000000000000000000, 0.000000000000000000, 0.000000000000000000 ) ) ;
#1459 = ORIENTED_EDGE ( 'NONE', *, *, #3343, .T. ) ;
#1460 = CARTESIAN_POINT ( 'NONE',  ( 31.30000000000000071, 0.000000000000000000, -1.000000000000000000 ) ) ;
#1461 = PERSON_AND_ORGANIZATION ( #3475, #2623 ) ;
#1462 = ORIENTED_EDGE ( 'NONE', *, *, #2925, .F. ) ;
#1463 = ORIENTED_EDGE ( 'NONE', *, *, #669, .T. ) ;
#1464 = ORIENTED_EDGE ( 'NONE', *, *, #3940, .F. ) ;
#1465 = VECTOR ( 'NONE', #711, 1000.000000000000000 ) ;
#1466 = ADVANCED_FACE ( 'NONE', ( #449 ), #3302, .F. ) ;
#1467 = CARTESIAN_POINT ( 'NONE',  ( 2.000000000000000000, 1.500000000000000000, -2.000000000000000000 ) ) ;
#1468 = DIRECTION ( 'NONE',  ( -1.000000000000000000, 0.000000000000000000, 0.000000000000000000 ) ) ;
#1469 = FACE_OUTER_BOUND ( 'NONE', #2621, .T. ) ;
#1470 = CC_DESIGN_DATE_AND_TIME_ASSIGNMENT ( #1043, #2883, ( #3346 ) ) ;
#1471 = ORIENTED_EDGE ( 'NONE', *, *, #2320, .F. ) ;
#1472 = DIRECTION ( 'NONE',  ( 3.226585665316859681E-13, 0.000000000000000000, -1.000000000000000000 ) ) ;
#1473 = PERSON_AND_ORGANIZATION ( #3475, #2623 ) ;
#1474 = CARTESIAN_POINT ( 'NONE',  ( 32.30000000000001137, 58.73527075499401917, 0.000000000000000000 ) ) ;
#1475 = CARTESIAN_POINT ( 'NONE',  ( 2.000000000000000000, 35.50000000000000000, 2.000000000000000000 ) ) ;
#1476 = SHAPE_REPRESENTATION_RELATIONSHIP ( 'NONE' , 'NONE' ,  #849, #2434 ) ;
#1477 = LINE ( 'NONE', #1750, #1934 ) ;
#1478 = PRODUCT_DEFINITION ( 'UNKNOWN', '', #3716, #3722 ) ;
#1479 = AXIS2_PLACEMENT_3D ( 'NONE', #3906, #3621, #2192 ) ;
#1480 = VERTEX_POINT ( 'NONE', #1173 ) ;
#1481 = DIRECTION ( 'NONE',  ( 1.000000000000000000, 0.000000000000000000, 0.000000000000000000 ) ) ;
#1482 = ORIENTED_EDGE ( 'NONE', *, *, #2377, .F. ) ;
#1483 = EDGE_CURVE ( 'NONE', #1480, #1872, #2145, .T. ) ;
#1484 = CARTESIAN_POINT ( 'NONE',  ( 8.099999999999999645, 1.250000000000000000, -38.30499999999999972 ) ) ;
#1485 = APPROVAL_STATUS ( 'not_yet_approved' ) ;
#1486 = EDGE_LOOP ( 'NONE', ( #2425, #582, #3462, #1180 ) ) ;
#1487 = ORIENTED_EDGE ( 'NONE', *, *, #4039, .F. ) ;
#1488 = VERTEX_POINT ( 'NONE', #2523 ) ;
#1489 = EDGE_CURVE ( 'NONE', #3360, #4175, #3256, .T. ) ;
#1490 = LINE ( 'NONE', #2138, #97 ) ;
#1491 = VECTOR ( 'NONE', #1197, 1000.000000000000000 ) ;
#1492 = DIRECTION ( 'NONE',  ( 1.000000000000000000, 0.000000000000000000, 0.000000000000000000 ) ) ;
#1493 = CARTESIAN_POINT ( 'NONE',  ( 0.000000000000000000, 0.000000000000000000, 0.000000000000000000 ) ) ;
#1494 = AXIS2_PLACEMENT_3D ( 'NONE', #4149, #1925, #1953 ) ;
#1495 = VERTEX_POINT ( 'NONE', #1821 ) ;
#1496 = EDGE_CURVE ( 'NONE', #4461, #1064, #3284, .T. ) ;
#1497 = VECTOR ( 'NONE', #3252, 1000.000000000000000 ) ;
#1498 = DIRECTION ( 'NONE',  ( 0.000000000000000000, 1.000000000000000000, 0.000000000000000000 ) ) ;
#1499 = DIRECTION ( 'NONE',  ( 0.000000000000000000, -1.000000000000000000, 0.000000000000000000 ) ) ;
#1500 = DIRECTION ( 'NONE',  ( 1.000000000000000000, 0.000000000000000000, 9.426421907194728181E-17 ) ) ;
#1501 = CC_DESIGN_APPROVAL ( #3457, ( #607 ) ) ;
#1502 = ORIENTED_EDGE ( 'NONE', *, *, #1779, .F. ) ;
#1503 = EDGE_CURVE ( 'NONE', #3754, #777, #2894, .T. ) ;
#1504 = VECTOR ( 'NONE', #1683, 1000.000000000000000 ) ;
#1505 = CONTEXT_DEPENDENT_SHAPE_REPRESENTATION ( #4493, #3409 ) ;
#1506 = FACE_OUTER_BOUND ( 'NONE', #1047, .T. ) ;
#1507 = EDGE_CURVE ( 'NONE', #3301, #747, #4266, .T. ) ;
#1508 = VERTEX_POINT ( 'NONE', #2498 ) ;
#1509 = VECTOR ( 'NONE', #628, 1000.000000000000000 ) ;
#1510 = CC_DESIGN_APPROVAL ( #705, ( #3724 ) ) ;
#1511 = LINE ( 'NONE', #2932, #370 ) ;
#1512 = APPROVAL_ROLE ( '' ) ;
#1513 = ORIENTED_EDGE ( 'NONE', *, *, #3559, .T. ) ;
#1514 = VERTEX_POINT ( 'NONE', #36 ) ;
#1515 = EDGE_LOOP ( 'NONE', ( #1528, #2317, #3927, #696 ) ) ;
#1516 = CARTESIAN_POINT ( 'NONE',  ( 43.00000000000000000, 30.25000000000000000, 14.30000000000000071 ) ) ;
#1517 = CARTESIAN_POINT ( 'NONE',  ( 0.000000000000000000, 2.500000000000000000, 0.000000000000000000 ) ) ;
#1518 = AXIS2_PLACEMENT_3D ( 'NONE', #1083, #1824, #64 ) ;
#1519 = CARTESIAN_POINT ( 'NONE',  ( 0.000000000000000000, 32.98552262796359713, 15.74377949634119744 ) ) ;
#1520 = ORIENTED_EDGE ( 'NONE', *, *, #103, .T. ) ;
#1521 = CARTESIAN_POINT ( 'NONE',  ( 34.30000000000001137, 58.73527075499401917, 2.000000000000000000 ) ) ;
#1522 = DIRECTION ( 'NONE',  ( -1.000000000000000000, -0.000000000000000000, -0.000000000000000000 ) ) ;
#1523 = DIRECTION ( 'NONE',  ( 1.000000000000000000, 0.000000000000000000, 0.000000000000000000 ) ) ;
#1524 = DIRECTION ( 'NONE',  ( -9.426421907194728181E-17, 0.000000000000000000, 1.000000000000000000 ) ) ;
#1525 = ORIENTED_EDGE ( 'NONE', *, *, #2522, .T. ) ;
#1526 = ADVANCED_FACE ( 'NONE', ( #3910 ), #3236, .F. ) ;
#1527 = CARTESIAN_POINT ( 'NONE',  ( -33.29999925568699837, -10.99999975413079945, 2.000000000006049827 ) ) ;
#1528 = ORIENTED_EDGE ( 'NONE', *, *, #1599, .T. ) ;
#1529 = CC_DESIGN_PERSON_AND_ORGANIZATION_ASSIGNMENT ( #912, #649, ( #26 ) ) ;
#1530 = DIRECTION ( 'NONE',  ( -1.000000000000000000, 1.076971301776606008E-16, -1.196634779751784481E-16 ) ) ;
#1531 = PERSON_AND_ORGANIZATION ( #3475, #2623 ) ;
#1532 = VECTOR ( 'NONE', #581, 1000.000000000000000 ) ;
#1533 = ORIENTED_EDGE ( 'NONE', *, *, #4399, .F. ) ;
#1534 = ORIENTED_EDGE ( 'NONE', *, *, #3767, .T. ) ;
#1535 = APPROVAL ( #4435, 'UNKNOWN' ) ;
#1536 = CARTESIAN_POINT ( 'NONE',  ( -2.000000000000000000, 18.73552262796359713, 17.98755899268229896 ) ) ;
#1537 = DIRECTION ( 'NONE',  ( 0.000000000000000000, 1.000000000000000000, 0.000000000000000000 ) ) ;
#1538 = CARTESIAN_POINT ( 'NONE',  ( 34.99999997019770603, 8.000000119209289551, 2.000000000000000000 ) ) ;
#1539 = VERTEX_POINT ( 'NONE', #105 ) ;
#1540 = CARTESIAN_POINT ( 'NONE',  ( 14.09999999999999964, 3.750000000000000000, -32.30000000000000426 ) ) ;
#1541 = LINE ( 'NONE', #2525, #1201 ) ;
#1542 = FACE_OUTER_BOUND ( 'NONE', #1638, .T. ) ;
#1543 = ORIENTED_EDGE ( 'NONE', *, *, #2515, .F. ) ;
#1544 = EDGE_CURVE ( 'NONE', #1559, #3589, #1100, .T. ) ;
#1545 = APPROVAL_DATE_TIME ( #150, #229 ) ;
#1546 = LINE ( 'NONE', #3310, #834 ) ;
#1547 = ORIENTED_EDGE ( 'NONE', *, *, #1865, .F. ) ;
#1548 = AXIS2_PLACEMENT_3D ( 'NONE', #3852, #1368, #3831 ) ;
#1549 = CARTESIAN_POINT ( 'NONE',  ( 2.000000000000000000, 2.500000000000000000, -30.30000000000000071 ) ) ;
#1550 = EDGE_CURVE ( 'NONE', #4437, #870, #2588, .T. ) ;
#1551 = PERSON_AND_ORGANIZATION_ROLE ( 'creator' ) ;
#1552 = ORIENTED_EDGE ( 'NONE', *, *, #2634, .T. ) ;
#1553 = VECTOR ( 'NONE', #2205, 1000.000000000000000 ) ;
#1554 = COORDINATED_UNIVERSAL_TIME_OFFSET ( 2, 0, .AHEAD. ) ;
#1555 = FACE_BOUND ( 'NONE', #1880, .T. ) ;
#1556 = DIRECTION ( 'NONE',  ( 1.000000000000000000, 0.000000000000000000, -0.000000000000000000 ) ) ;
#1557 = EDGE_CURVE ( 'NONE', #1364, #1837, #4312, .T. ) ;
#1558 = LINE ( 'NONE', #1519, #1497 ) ;
#1559 = VERTEX_POINT ( 'NONE', #3964 ) ;
#1560 = PLANE ( 'NONE',  #4519 ) ;
#1561 = CARTESIAN_POINT ( 'NONE',  ( 2.200000000000000178, -2.755451082640380203E-16, 2.000000000012100099 ) ) ;
#1562 = DIRECTION ( 'NONE',  ( 0.000000000000000000, 0.000000000000000000, 1.000000000000000000 ) ) ;
#1563 = CARTESIAN_POINT ( 'NONE',  ( 45.00000000000000000, 27.00000000000000000, 24.00000000000000000 ) ) ;
#1564 = VECTOR ( 'NONE', #1044, 1000.000000000000000 ) ;
#1565 = VECTOR ( 'NONE', #2941, 1000.000000000000000 ) ;
#1566 = ORIENTED_EDGE ( 'NONE', *, *, #3229, .F. ) ;
#1567 = DIRECTION ( 'NONE',  ( -1.000000000000000000, -6.123233995736769734E-17, 0.000000000000000000 ) ) ;
#1568 = CLOSED_SHELL ( 'NONE', ( #3246, #2742, #4177, #134, #3147, #3425, #4078, #80, #3966, #3972, #2325, #645, #583, #4279, #2669, #246, #1980, #4143, #3977, #3281, #1235, #1223, #3130, #1858, #2628, #1689, #4202, #3290, #530, #187, #1810, #2385, #3526, #875, #965, #4024, #934, #4447, #1007, #3105, #3530, #2003, #523, #2231, #2893, #1020, #2233, #297, #578, #1526, #1361, #2659, #2555, #1637, #4342 ) ) ;
#1569 = VERTEX_POINT ( 'NONE', #4007 ) ;
#1570 = AXIS2_PLACEMENT_3D ( 'NONE', #688, #3838, #40 ) ;
#1571 = CC_DESIGN_APPROVAL ( #309, ( #3949 ) ) ;
#1572 = CARTESIAN_POINT ( 'NONE',  ( 0.000000000000000000, 0.000000000000000000, 0.000000000000000000 ) ) ;
#1573 = APPLICATION_PROTOCOL_DEFINITION ( 'international standard', 'config_control_design', 1994, #1780 ) ;
#1574 = ORIENTED_EDGE ( 'NONE', *, *, #330, .F. ) ;
#1575 = EDGE_CURVE ( 'NONE', #4468, #3104, #2196, .T. ) ;
#1576 = APPROVAL_PERSON_ORGANIZATION ( #3667, #705, #3554 ) ;
#1577 = APPLICATION_PROTOCOL_DEFINITION ( 'international standard', 'config_control_design', 1994, #2286 ) ;
#1578 = LINE ( 'NONE', #2957, #1137 ) ;
#1579 = LINE ( 'NONE', #2330, #2793 ) ;
#1580 = ORIENTED_EDGE ( 'NONE', *, *, #274, .T. ) ;
#1581 = CC_DESIGN_DATE_AND_TIME_ASSIGNMENT ( #3533, #1355, ( #137 ) ) ;
#1582 = EDGE_CURVE ( 'NONE', #3844, #3750, #81, .T. ) ;
#1583 = DIRECTION ( 'NONE',  ( 1.000000000000000000, 0.000000000000000000, 0.000000000000000000 ) ) ;
#1584 = DIRECTION ( 'NONE',  ( 1.072287862897752081E-16, 1.000000000000000000, 0.000000000000000000 ) ) ;
#1585 = SHAPE_REPRESENTATION_RELATIONSHIP ( 'NONE' , 'NONE' ,  #2902, #1371 ) ;
#1586 = PLANE ( 'NONE',  #4246 ) ;
#1587 = EDGE_LOOP ( 'NONE', ( #98, #2633, #1534, #781 ) ) ;
#1588 = PRODUCT ( '2026-07-30-18-52-39-919.STEP', '2026-07-30-18-52-39-919.STEP', '', ( #1914 ) ) ;
#1589 = LINE ( 'NONE', #1633, #3341 ) ;
#1590 = VECTOR ( 'NONE', #3586, 1000.000000000000000 ) ;
#1591 = DIRECTION ( 'NONE',  ( 0.000000000000000000, 0.000000000000000000, 1.000000000000000000 ) ) ;
#1592 = ORIENTED_EDGE ( 'NONE', *, *, #4483, .T. ) ;
#1593 = ORIENTED_EDGE ( 'NONE', *, *, #3617, .T. ) ;
#1594 = DIRECTION ( 'NONE',  ( 0.000000000000000000, 0.000000000000000000, 1.000000000000000000 ) ) ;
#1595 = APPROVAL_DATE_TIME ( #1643, #997 ) ;
#1596 = ORIENTED_EDGE ( 'NONE', *, *, #364, .T. ) ;
#1597 = PERSON ( 'NAUO-PER1', 'UNSPECIFIED', 'UNSPECIFIED', ('UNSPECIFIED'), ('UNSPECIFIED'), ('UNSPECIFIED') ) ;
#1598 = AXIS2_PLACEMENT_3D ( 'NONE', #2140, #2870, #3579 ) ;
#1599 = EDGE_CURVE ( 'NONE', #4352, #1559, #821, .T. ) ;
#1600 = COORDINATED_UNIVERSAL_TIME_OFFSET ( 2, 0, .AHEAD. ) ;
#1601 = PLANE ( 'NONE',  #2097 ) ;
#1602 =( GEOMETRIC_REPRESENTATION_CONTEXT ( 3 ) GLOBAL_UNCERTAINTY_ASSIGNED_CONTEXT ( ( #3442 ) ) GLOBAL_UNIT_ASSIGNED_CONTEXT ( ( #1154, #3587, #3607 ) ) REPRESENTATION_CONTEXT ( 'NONE', 'WORKASPACE' ) );
#1603 = DIRECTION ( 'NONE',  ( 0.000000000000000000, -1.000000000000000000, 0.000000000000000000 ) ) ;
#1604 = ORIENTED_EDGE ( 'NONE', *, *, #257, .T. ) ;
#1605 = EDGE_CURVE ( 'NONE', #2906, #1852, #1627, .T. ) ;
#1606 = DIRECTION ( 'NONE',  ( 1.000000000000000000, -1.072287862897752081E-16, 0.000000000000000000 ) ) ;
#1607 = CARTESIAN_POINT ( 'NONE',  ( -33.29999925568699837, -9.000000000000000000, 32.00000000000609646 ) ) ;
#1608 = FACE_OUTER_BOUND ( 'NONE', #1362, .T. ) ;
#1609 = ORIENTED_EDGE ( 'NONE', *, *, #2122, .T. ) ;
#1610 = FACE_OUTER_BOUND ( 'NONE', #2279, .T. ) ;
#1611 = PLANE ( 'NONE',  #4253 ) ;
#1612 = DIRECTION ( 'NONE',  ( 1.000000000000000000, 0.000000000000000000, 0.000000000000000000 ) ) ;
#1613 = ORIENTED_EDGE ( 'NONE', *, *, #869, .T. ) ;
#1614 = VERTEX_POINT ( 'NONE', #1999 ) ;
#1615 = DIRECTION ( 'NONE',  ( 6.123233995736769734E-17, -1.000000000000000000, 0.000000000000000000 ) ) ;
#1616 = CALENDAR_DATE ( 2026, 24, 9 ) ;
#1617 = VERTEX_POINT ( 'NONE', #2702 ) ;
#1618 = ORIENTED_EDGE ( 'NONE', *, *, #422, .T. ) ;
#1619 = CIRCLE ( 'NONE', #881, 1.625000000000001332 ) ;
#1620 = VECTOR ( 'NONE', #1031, 1000.000000000000000 ) ;
#1621 = CALENDAR_DATE ( 2026, 24, 9 ) ;
#1622 = LINE ( 'NONE', #4395, #318 ) ;
#1623 = LINE ( 'NONE', #3286, #2635 ) ;
#1624 = LINE ( 'NONE', #3043, #1967 ) ;
#1625 = VECTOR ( 'NONE', #4369, 1000.000000000000000 ) ;
#1626 = ORIENTED_EDGE ( 'NONE', *, *, #1641, .T. ) ;
#1627 = LINE ( 'NONE', #145, #808 ) ;
#1628 = CYLINDRICAL_SURFACE ( 'NONE', #1863, 1.824999999999999067 ) ;
#1629 = DIRECTION ( 'NONE',  ( 4.557936719769186146E-25, -3.226585665316859681E-13, 1.000000000000000000 ) ) ;
#1630 = CARTESIAN_POINT ( 'NONE',  ( 8.099999999999999645, 1.250000000000000000, -36.67999999999999972 ) ) ;
#1631 = VERTEX_POINT ( 'NONE', #215 ) ;
#1632 = APPLICATION_CONTEXT ( 'configuration controlled 3d designs of mechanical parts and assemblies' ) ;
#1633 = CARTESIAN_POINT ( 'NONE',  ( -33.29999925568699837, 0.000000000000000000, 32.00000000000609646 ) ) ;
#1634 = AXIS2_PLACEMENT_3D ( 'NONE', #411, #82, #2242 ) ;
#1635 = LINE ( 'NONE', #3819, #1873 ) ;
#1636 = CARTESIAN_POINT ( 'NONE',  ( 1.000000000000000000, 0.000000000000000000, -1.000000000000000000 ) ) ;
#1637 = ADVANCED_FACE ( 'NONE', ( #939, #2655 ), #4075, .T. ) ;
#1638 = EDGE_LOOP ( 'NONE', ( #3401, #3039, #794, #775 ) ) ;
#1639 = VECTOR ( 'NONE', #2724, 1000.000000000000000 ) ;
#1640 = PLANE ( 'NONE',  #4446 ) ;
#1641 = EDGE_CURVE ( 'NONE', #1143, #4281, #3412, .T. ) ;
#1642 = VECTOR ( 'NONE', #726, 1000.000000000000000 ) ;
#1643 = DATE_AND_TIME ( #2712, #1871 ) ;
#1644 = ORIENTED_EDGE ( 'NONE', *, *, #1754, .F. ) ;
#1645 = LOCAL_TIME ( 21, 30, 2.000000000000000000, #3538 ) ;
#1646 = AXIS2_PLACEMENT_3D ( 'NONE', #1527, #4411, #1135 ) ;
#1647 = APPROVAL_DATE_TIME ( #1968, #4487 ) ;
#1648 = CARTESIAN_POINT ( 'NONE',  ( 0.000000000000000000, 1.500000000000000000, 0.000000000000000000 ) ) ;
#1649 = LOCAL_TIME ( 21, 30, 2.000000000000000000, #3870 ) ;
#1650 = DIRECTION ( 'NONE',  ( -0.000000000000000000, -1.000000000000000000, -0.000000000000000000 ) ) ;
#1651 = VECTOR ( 'NONE', #3818, 1000.000000000000000 ) ;
#1652 = VERTEX_POINT ( 'NONE', #2982 ) ;
#1653 = CC_DESIGN_APPROVAL ( #3168, ( #3581 ) ) ;
#1654 = LINE ( 'NONE', #3069, #4153 ) ;
#1655 = LINE ( 'NONE', #3004, #1639 ) ;
#1656 = CARTESIAN_POINT ( 'NONE',  ( 14.99999999999999822, 0.000000000000000000, -2.199999999999999734 ) ) ;
#1657 = ORIENTED_EDGE ( 'NONE', *, *, #3918, .T. ) ;
#1658 = DIRECTION ( 'NONE',  ( 0.000000000000000000, 1.000000000000000000, 0.000000000000000000 ) ) ;
#1659 = EDGE_CURVE ( 'NONE', #3245, #3565, #1905, .T. ) ;
#1660 = DIRECTION ( 'NONE',  ( 0.000000000000000000, 0.000000000000000000, 1.000000000000000000 ) ) ;
#1661 = EDGE_LOOP ( 'NONE', ( #4456, #2788, #1372, #1380 ) ) ;
#1662 = ORIENTED_EDGE ( 'NONE', *, *, #1217, .F. ) ;
#1663 = EDGE_CURVE ( 'NONE', #4028, #2004, #2334, .T. ) ;
#1664 = CARTESIAN_POINT ( 'NONE',  ( 14.09999999999999964, 1.250000000000000000, -38.80499999999999972 ) ) ;
#1665 = ITEM_DEFINED_TRANSFORMATION ( 'NONE', 'NONE', #641,  #861 ) ;
#1666 = ORIENTED_EDGE ( 'NONE', *, *, #108, .T. ) ;
#1667 = PRODUCT_DEFINITION ( 'UNKNOWN', '', #2928, #611 ) ;
#1668 = PERSON_AND_ORGANIZATION_ROLE ( 'creator' ) ;
#1669 = DIRECTION ( 'NONE',  ( 0.000000000000000000, 0.000000000000000000, -1.000000000000000000 ) ) ;
#1670 = DIRECTION ( 'NONE',  ( 1.000000000000000000, 0.000000000000000000, 0.000000000000000000 ) ) ;
#1671 = FACE_OUTER_BOUND ( 'NONE', #322, .T. ) ;
#1672 = CC_DESIGN_PERSON_AND_ORGANIZATION_ASSIGNMENT ( #2734, #2670, ( #3869 ) ) ;
#1673 = ORIENTED_EDGE ( 'NONE', *, *, #129, .F. ) ;
#1674 = AXIS2_PLACEMENT_3D ( 'NONE', #217, #3006, #1257 ) ;
#1675 = LINE ( 'NONE', #2029, #69 ) ;
#1676 = FACE_OUTER_BOUND ( 'NONE', #3492, .T. ) ;
#1677 =( LENGTH_UNIT ( ) NAMED_UNIT ( * ) SI_UNIT ( .MILLI., .METRE. ) );
#1678 = CARTESIAN_POINT ( 'NONE',  ( 2.000000000000000000, 4.500000000000000000, 4.500000000000000000 ) ) ;
#1679 = VERTEX_POINT ( 'NONE', #4035 ) ;
#1680 = DATE_AND_TIME ( #709, #3433 ) ;
#1681 = CARTESIAN_POINT ( 'NONE',  ( -2.020653882290210035, 2.000000000000000000, 4.500000000000000000 ) ) ;
#1682 = DIRECTION ( 'NONE',  ( 0.000000000000000000, 0.000000000000000000, 1.000000000000000000 ) ) ;
#1683 = DIRECTION ( 'NONE',  ( 0.000000000000000000, 0.000000000000000000, -1.000000000000000000 ) ) ;
#1684 = DIRECTION ( 'NONE',  ( 0.000000000000000000, 1.000000000000000000, 0.000000000000000000 ) ) ;
#1685 = EDGE_CURVE ( 'NONE', #2683, #4088, #2280, .T. ) ;
#1686 = ORIENTED_EDGE ( 'NONE', *, *, #2433, .F. ) ;
#1687 = APPROVAL_STATUS ( 'not_yet_approved' ) ;
#1688 = VERTEX_POINT ( 'NONE', #2355 ) ;
#1689 = ADVANCED_FACE ( 'NONE', ( #542 ), #1560, .T. ) ;
#1690 = PERSON_AND_ORGANIZATION_ROLE ( 'design_supplier' ) ;
#1691 = CARTESIAN_POINT ( 'NONE',  ( 15.00000000000000000, 5.499999999999997335, -0.7749999999999981348 ) ) ;
#1692 = CARTESIAN_POINT ( 'NONE',  ( -35.29999999999939320, -2.755451082640380203E-16, 0.000000000000000000 ) ) ;
#1693 = AXIS2_PLACEMENT_3D ( 'NONE', #3690, #4470, #1220 ) ;
#1694 = ADVANCED_FACE ( 'NONE', ( #889, #4405 ), #241, .F. ) ;
#1695 = ORIENTED_EDGE ( 'NONE', *, *, #2268, .F. ) ;
#1696 = PLANE ( 'NONE',  #1548 ) ;
#1697 = EDGE_CURVE ( 'NONE', #4527, #2808, #584, .T. ) ;
#1698 = DIRECTION ( 'NONE',  ( 0.000000000000000000, 0.000000000000000000, 1.000000000000000000 ) ) ;
#1699 =( NAMED_UNIT ( * ) PLANE_ANGLE_UNIT ( ) SI_UNIT ( $, .RADIAN. ) );
#1700 = DIRECTION ( 'NONE',  ( 1.000000000000000000, 0.000000000000000000, 0.000000000000000000 ) ) ;
#1701 = SECURITY_CLASSIFICATION_LEVEL ( 'unclassified' ) ;
#1702 = CARTESIAN_POINT ( 'NONE',  ( -31.00000046193600411, -1.898202566963819813E-15, 2.250000000000000000 ) ) ;
#1703 = CARTESIAN_POINT ( 'NONE',  ( 43.00000000000000000, 8.050000000000000711, 14.30000000000000071 ) ) ;
#1704 = DIRECTION ( 'NONE',  ( -0.7071066666666298017, 0.7071068957064466920, 0.000000000000000000 ) ) ;
#1705 = DIRECTION ( 'NONE',  ( 0.000000000000000000, 0.000000000000000000, 1.000000000000000000 ) ) ;
#1706 = ORIENTED_EDGE ( 'NONE', *, *, #403, .F. ) ;
#1707 = SECURITY_CLASSIFICATION_LEVEL ( 'unclassified' ) ;
#1708 = EDGE_LOOP ( 'NONE', ( #1989, #796, #3410, #3672 ) ) ;
#1709 = AXIS2_PLACEMENT_3D ( 'NONE', #2006, #1262, #925 ) ;
#1710 = AXIS2_PLACEMENT_3D ( 'NONE', #3350, #1500, #1524 ) ;
#1711 = DATE_AND_TIME ( #1621, #1279 ) ;
#1712 = CARTESIAN_POINT ( 'NONE',  ( 34.30000000000000426, -1.250000000000002220, -39.30000000000000426 ) ) ;
#1713 = CC_DESIGN_APPROVAL ( #997, ( #2542 ) ) ;
#1714 = CLOSED_SHELL ( 'NONE', ( #2714, #2747, #3186, #2956, #493, #3137 ) ) ;
#1715 = ORIENTED_EDGE ( 'NONE', *, *, #621, .F. ) ;
#1716 = VECTOR ( 'NONE', #3164, 1000.000000000000000 ) ;
#1717 = SECURITY_CLASSIFICATION ( '', '', #766 ) ;
#1718 = EDGE_CURVE ( 'NONE', #3858, #3398, #168, .T. ) ;
#1719 = LINE ( 'NONE', #2817, #2889 ) ;
#1720 = CARTESIAN_POINT ( 'NONE',  ( 2.571758278209443436E-16, 6.000000000000000000, 4.300000000000001599 ) ) ;
#1721 = AXIS2_PLACEMENT_3D ( 'NONE', #1232, #2651, #4070 ) ;
#1722 = LINE ( 'NONE', #4214, #3491 ) ;
#1723 = CC_DESIGN_APPROVAL ( #3658, ( #1213 ) ) ;
#1724 = EDGE_CURVE ( 'NONE', #1184, #351, #1196, .T. ) ;
#1725 = APPROVAL_DATE_TIME ( #3184, #4147 ) ;
#1726 = CC_DESIGN_APPROVAL ( #3254, ( #1141 ) ) ;
#1727 = CARTESIAN_POINT ( 'NONE',  ( -37.50000000000000000, 40.00000000000000000, 2.000000000000000000 ) ) ;
#1728 = LINE ( 'NONE', #2450, #3760 ) ;
#1729 = CARTESIAN_POINT ( 'NONE',  ( 15.00000000000000000, 0.000000000000000000, 1.050000000000000933 ) ) ;
#1730 = FACE_OUTER_BOUND ( 'NONE', #540, .T. ) ;
#1731 = APPROVAL ( #1382, 'UNKNOWN' ) ;
#1732 = ORIENTED_EDGE ( 'NONE', *, *, #4368, .T. ) ;
#1733 = ORIENTED_EDGE ( 'NONE', *, *, #3165, .F. ) ;
#1734 = DIRECTION ( 'NONE',  ( 0.000000000000000000, 0.000000000000000000, -1.000000000000000000 ) ) ;
#1735 = APPROVAL_ROLE ( '' ) ;
#1736 = PLANE ( 'NONE',  #2831 ) ;
#1737 = ORIENTED_EDGE ( 'NONE', *, *, #556, .F. ) ;
#1738 = ADVANCED_FACE ( 'NONE', ( #847 ), #3003, .T. ) ;
#1739 = CARTESIAN_POINT ( 'NONE',  ( -2.000000000000000000, 32.67156183448699380, 31.48755899268229541 ) ) ;
#1740 = DIRECTION ( 'NONE',  ( 1.000000000000000000, 0.000000000000000000, 0.000000000000000000 ) ) ;
#1741 = LINE ( 'NONE', #2494, #3947 ) ;
#1742 = EDGE_CURVE ( 'NONE', #3727, #302, #3673, .T. ) ;
#1743 = ORIENTED_EDGE ( 'NONE', *, *, #2377, .T. ) ;
#1744 = DIRECTION ( 'NONE',  ( -1.000000000000000000, 0.000000000000000000, 0.000000000000000000 ) ) ;
#1745 = APPROVAL_ROLE ( '' ) ;
#1746 = AXIS2_PLACEMENT_3D ( 'NONE', #2860, #2531, #1829 ) ;
#1747 = CARTESIAN_POINT ( 'NONE',  ( 45.00000000000000000, 35.50000000000000000, 0.000000000000000000 ) ) ;
#1748 = PLANE ( 'NONE',  #4550 ) ;
#1749 = CARTESIAN_POINT ( 'NONE',  ( 15.00000000000000000, 6.000000000000000000, 3.375000000000001776 ) ) ;
#1750 = CARTESIAN_POINT ( 'NONE',  ( 10.00000014901189971, -1.125000000000000000, 26.00000038743019815 ) ) ;
#1751 = ORIENTED_EDGE ( 'NONE', *, *, #3306, .T. ) ;
#1752 = ITEM_DEFINED_TRANSFORMATION ( 'NONE', 'NONE', #51,  #861 ) ;
#1753 = DIRECTION ( 'NONE',  ( -1.000000000000000000, 0.000000000000000000, 0.000000000000000000 ) ) ;
#1754 = EDGE_CURVE ( 'NONE', #3245, #2458, #3368, .T. ) ;
#1755 = ORIENTED_EDGE ( 'NONE', *, *, #3998, .T. ) ;
#1756 = CARTESIAN_POINT ( 'NONE',  ( 37.00000000000000000, 8.000000119209289551, 2.000000000000000000 ) ) ;
#1757 = APPROVAL_DATE_TIME ( #2160, #991 ) ;
#1758 = LINE ( 'NONE', #4490, #304 ) ;
#1759 = ORIENTED_EDGE ( 'NONE', *, *, #3626, .T. ) ;
#1760 = CARTESIAN_POINT ( 'NONE',  ( 0.000000000000000000, 6.000000000000000000, 0.000000000000000000 ) ) ;
#1761 = PLANE ( 'NONE',  #1416 ) ;
#1762 = LINE ( 'NONE', #308, #3196 ) ;
#1763 = VERTEX_POINT ( 'NONE', #1255 ) ;
#1764 = LINE ( 'NONE', #2823, #2991 ) ;
#1765 = PERSON_AND_ORGANIZATION ( #3475, #2623 ) ;
#1766 = VECTOR ( 'NONE', #3654, 1000.000000000000000 ) ;
#1767 = FACE_OUTER_BOUND ( 'NONE', #1830, .T. ) ;
#1768 = CARTESIAN_POINT ( 'NONE',  ( -33.29999925568640151, -8.999999754130838525, 2.000000000006049827 ) ) ;
#1769 = DIRECTION ( 'NONE',  ( 0.000000000000000000, 0.000000000000000000, 1.000000000000000000 ) ) ;
#1770 = CARTESIAN_POINT ( 'NONE',  ( 37.00000000000000000, 28.00000041723249922, 2.000000000000000000 ) ) ;
#1771 = EDGE_CURVE ( 'NONE', #2027, #2881, #2678, .T. ) ;
#1772 = VECTOR ( 'NONE', #1913, 1000.000000000000000 ) ;
#1773 = VERTEX_POINT ( 'NONE', #919 ) ;
#1774 = CALENDAR_DATE ( 2026, 24, 9 ) ;
#1775 = CARTESIAN_POINT ( 'NONE',  ( 0.000000000000000000, 4.485522627963559827, 31.48755899268229541 ) ) ;
#1776 = VERTEX_POINT ( 'NONE', #2442 ) ;
#1777 = EDGE_CURVE ( 'NONE', #3589, #870, #3439, .T. ) ;
#1778 = EDGE_CURVE ( 'NONE', #3922, #4166, #1654, .T. ) ;
#1779 = EDGE_CURVE ( 'NONE', #4390, #1614, #2095, .T. ) ;
#1780 = APPLICATION_CONTEXT ( 'configuration controlled 3d designs of mechanical parts and assemblies' ) ;
#1781 = LINE ( 'NONE', #3200, #4008 ) ;
#1782 = PERSON_AND_ORGANIZATION ( #3475, #2623 ) ;
#1783 = ORIENTED_EDGE ( 'NONE', *, *, #2261, .T. ) ;
#1784 = AXIS2_PLACEMENT_3D ( 'NONE', #3965, #1127, #3938 ) ;
#1785 = PERSON ( 'NAUO-PER7', 'UNSPECIFIED', 'UNSPECIFIED', ('UNSPECIFIED'), ('UNSPECIFIED'), ('UNSPECIFIED') ) ;
#1786 = ORIENTED_EDGE ( 'NONE', *, *, #3874, .T. ) ;
#1787 = AXIS2_PLACEMENT_3D ( 'NONE', #4561, #3529, #5 ) ;
#1788 = ORIENTED_EDGE ( 'NONE', *, *, #4458, .T. ) ;
#1789 = VECTOR ( 'NONE', #3989, 1000.000000000000000 ) ;
#1790 = DIRECTION ( 'NONE',  ( 0.000000000000000000, -1.000000000000000000, 0.000000000000000000 ) ) ;
#1791 = AXIS2_PLACEMENT_3D ( 'NONE', #3967, #362, #1428 ) ;
#1792 = DIRECTION ( 'NONE',  ( -1.000000000000000000, 0.000000000000000000, 0.000000000000000000 ) ) ;
#1793 = CARTESIAN_POINT ( 'NONE',  ( 10.00000014901189971, -8.484363381672159562E-32, 7.000000000000750511 ) ) ;
#1794 = ORIENTED_EDGE ( 'NONE', *, *, #1069, .F. ) ;
#1795 = LOCAL_TIME ( 21, 30, 2.000000000000000000, #1228 ) ;
#1796 = DIRECTION ( 'NONE',  ( -1.000000000000000000, 0.000000000000000000, 0.000000000000000000 ) ) ;
#1797 = COORDINATED_UNIVERSAL_TIME_OFFSET ( 2, 0, .AHEAD. ) ;
#1798 = DIRECTION ( 'NONE',  ( -1.000000000000000000, 0.000000000000000000, 0.000000000000000000 ) ) ;
#1799 = LINE ( 'NONE', #2104, #1838 ) ;
#1800 = SECURITY_CLASSIFICATION ( '', '', #4571 ) ;
#1801 = CARTESIAN_POINT ( 'NONE',  ( 43.00000000000000000, 27.00000000000000000, 32.00000000000000000 ) ) ;
#1802 = CARTESIAN_POINT ( 'NONE',  ( 0.000000000000000000, 0.000000000000000000, 0.000000000000000000 ) ) ;
#1803 = AXIS2_PLACEMENT_3D ( 'NONE', #3152, #2739, #1387 ) ;
#1804 = ORIENTED_EDGE ( 'NONE', *, *, #3729, .F. ) ;
#1805 = SECURITY_CLASSIFICATION ( '', '', #483 ) ;
#1806 = EDGE_CURVE ( 'NONE', #4506, #2275, #1675, .T. ) ;
#1807 = DATE_TIME_ROLE ( 'classification_date' ) ;
#1808 = DIRECTION ( 'NONE',  ( -8.217301096052209613E-34, 1.000000000000000000, 1.558207753859869728E-16 ) ) ;
#1809 = ORIENTED_EDGE ( 'NONE', *, *, #1483, .F. ) ;
#1810 = ADVANCED_FACE ( 'NONE', ( #331 ), #1696, .T. ) ;
#1811 = CARTESIAN_POINT ( 'NONE',  ( 34.99999997019770603, 8.000000119209289551, 2.000000000000000000 ) ) ;
#1812 = APPROVAL_ROLE ( '' ) ;
#1813 = VERTEX_POINT ( 'NONE', #4514 ) ;
#1814 = CC_DESIGN_PERSON_AND_ORGANIZATION_ASSIGNMENT ( #2839, #3900, ( #1141 ) ) ;
#1815 = ORIENTED_EDGE ( 'NONE', *, *, #1599, .F. ) ;
#1816 = EDGE_LOOP ( 'NONE', ( #172, #3723, #4295, #416 ) ) ;
#1817 = DIRECTION ( 'NONE',  ( 1.000000000000000000, 0.000000000000000000, -5.980833205138238026E-17 ) ) ;
#1818 = CARTESIAN_POINT ( 'NONE',  ( -2.000000000000000000, 32.67156183448699380, 2.000000000000000000 ) ) ;
#1819 = PLANE ( 'NONE',  #3564 ) ;
#1820 = VERTEX_POINT ( 'NONE', #2469 ) ;
#1821 = CARTESIAN_POINT ( 'NONE',  ( 32.30000000000000426, 0.000000000000000000, 0.000000000000000000 ) ) ;
#1822 = COORDINATED_UNIVERSAL_TIME_OFFSET ( 2, 0, .AHEAD. ) ;
#1823 = CARTESIAN_POINT ( 'NONE',  ( 32.30000000000000426, 2.500000000000000000, -32.30000000000000426 ) ) ;
#1824 = DIRECTION ( 'NONE',  ( 0.000000000000000000, 1.000000000000000000, 0.000000000000000000 ) ) ;
#1825 = ADVANCED_BREP_SHAPE_REPRESENTATION ( '', ( #3945, #861 ), #196 ) ;
#1826 = CARTESIAN_POINT ( 'NONE',  ( 2.571758278209443436E-16, 6.000000000000000000, 4.300000000000001599 ) ) ;
#1827 = ORIENTED_EDGE ( 'NONE', *, *, #1210, .T. ) ;
#1828 = VECTOR ( 'NONE', #376, 1000.000000000000000 ) ;
#1829 = DIRECTION ( 'NONE',  ( 0.000000000000000000, -1.000000000000000000, 0.000000000000000000 ) ) ;
#1830 = EDGE_LOOP ( 'NONE', ( #3432, #2512, #4371, #1168 ) ) ;
#1831 = ADVANCED_FACE ( 'NONE', ( #960 ), #4559, .T. ) ;
#1832 = CARTESIAN_POINT ( 'NONE',  ( 43.00000000000000000, 30.25000000000000000, 27.79999999999999716 ) ) ;
#1833 = PERSON_AND_ORGANIZATION ( #3475, #2623 ) ;
#1834 = ORIENTED_EDGE ( 'NONE', *, *, #4262, .F. ) ;
#1835 = EDGE_LOOP ( 'NONE', ( #1393, #1209, #2840, #206 ) ) ;
#1836 = ADVANCED_FACE ( 'NONE', ( #3883 ), #3504, .F. ) ;
#1837 = VERTEX_POINT ( 'NONE', #1739 ) ;
#1838 = VECTOR ( 'NONE', #2502, 1000.000000000000000 ) ;
#1839 = DIRECTION ( 'NONE',  ( -1.000000000000000000, -6.123233995736769734E-17, -5.746625557483809390E-17 ) ) ;
#1840 = CARTESIAN_POINT ( 'NONE',  ( 30.30000000000000071, 2.500000000000000000, -30.30000000000000071 ) ) ;
#1841 = DIRECTION ( 'NONE',  ( 0.000000000000000000, 1.000000000000000000, 0.000000000000000000 ) ) ;
#1842 = ADVANCED_FACE ( 'NONE', ( #653 ), #4495, .F. ) ;
#1843 = ORIENTED_EDGE ( 'NONE', *, *, #4080, .T. ) ;
#1844 = EDGE_CURVE ( 'NONE', #3810, #4506, #1305, .T. ) ;
#1845 = DIRECTION ( 'NONE',  ( 1.000000000000000000, -1.074132183267372767E-16, -0.000000000000000000 ) ) ;
#1846 = CARTESIAN_POINT ( 'NONE',  ( 0.000000000000000000, 6.000000000000000000, 0.000000000000000000 ) ) ;
#1847 = CARTESIAN_POINT ( 'NONE',  ( 0.000000000000000000, 0.000000000000000000, 0.000000000000000000 ) ) ;
#1848 = FACE_OUTER_BOUND ( 'NONE', #1708, .T. ) ;
#1849 = ORIENTED_EDGE ( 'NONE', *, *, #2770, .F. ) ;
#1850 = ITEM_DEFINED_TRANSFORMATION ( 'NONE', 'NONE', #1087,  #861 ) ;
#1851 = CARTESIAN_POINT ( 'NONE',  ( 13.59999999999999964, 1.250000000000000000, -38.30499999999999972 ) ) ;
#1852 = VERTEX_POINT ( 'NONE', #4578 ) ;
#1853 = DIRECTION ( 'NONE',  ( 0.000000000000000000, 1.000000000000000000, 0.000000000000000000 ) ) ;
#1854 = CALENDAR_DATE ( 2026, 24, 9 ) ;
#1855 = EDGE_LOOP ( 'NONE', ( #4251, #2865, #2106, #4330 ) ) ;
#1856 = VERTEX_POINT ( 'NONE', #2376 ) ;
#1857 = ORIENTED_EDGE ( 'NONE', *, *, #1965, .T. ) ;
#1858 = ADVANCED_FACE ( 'NONE', ( #2722 ), #3112, .T. ) ;
#1859 = LINE ( 'NONE', #2869, #3469 ) ;
#1860 = AXIS2_PLACEMENT_3D ( 'NONE', #3010, #3395, #3029 ) ;
#1861 = CARTESIAN_POINT ( 'NONE',  ( 37.00000000000000000, 28.00000041723249922, 2.000000000000000000 ) ) ;
#1862 = CARTESIAN_POINT ( 'NONE',  ( 11.00000000000000000, 0.000000000000000000, -2.200000000000000178 ) ) ;
#1863 = AXIS2_PLACEMENT_3D ( 'NONE', #2679, #3742, #564 ) ;
#1864 = ORIENTED_EDGE ( 'NONE', *, *, #3338, .T. ) ;
#1865 = EDGE_CURVE ( 'NONE', #1064, #3575, #2115, .T. ) ;
#1866 = AXIS2_PLACEMENT_3D ( 'NONE', #3833, #566, #4129 ) ;
#1867 = CARTESIAN_POINT ( 'NONE',  ( 15.00000000000000000, 5.499999999999997335, 2.875000000000000444 ) ) ;
#1868 = DIRECTION ( 'NONE',  ( 0.000000000000000000, 0.000000000000000000, 1.000000000000000000 ) ) ;
#1869 = FACE_OUTER_BOUND ( 'NONE', #2661, .T. ) ;
#1870 = EDGE_CURVE ( 'NONE', #458, #136, #1323, .T. ) ;
#1871 = LOCAL_TIME ( 21, 30, 2.000000000000000000, #3823 ) ;
#1872 = VERTEX_POINT ( 'NONE', #3811 ) ;
#1873 = VECTOR ( 'NONE', #201, 1000.000000000000000 ) ;
#1874 = APPROVAL ( #3996, 'UNSPECIFIED' ) ;
#1875 = CARTESIAN_POINT ( 'NONE',  ( -2.000000000000000000, 32.67156183448699380, 0.000000000000000000 ) ) ;
#1876 = ORIENTED_EDGE ( 'NONE', *, *, #3759, .F. ) ;
#1877 = PRODUCT_DEFINITION_FORMATION_WITH_SPECIFIED_SOURCE ( 'ANY', '', #2520, .NOT_KNOWN. ) ;
#1878 = DIRECTION ( 'NONE',  ( 5.980833205138238026E-17, 0.000000000000000000, 1.000000000000000000 ) ) ;
#1879 = APPROVAL_DATE_TIME ( #2560, #309 ) ;
#1880 = EDGE_LOOP ( 'NONE', ( #630, #1843, #3678, #3227 ) ) ;
#1881 = VERTEX_POINT ( 'NONE', #284 ) ;
#1882 = PLANE ( 'NONE',  #4108 ) ;
#1883 = FACE_OUTER_BOUND ( 'NONE', #74, .T. ) ;
#1884 = LINE ( 'NONE', #1862, #1565 ) ;
#1885 = EDGE_CURVE ( 'NONE', #2710, #3955, #1719, .T. ) ;
#1886 = VERTEX_POINT ( 'NONE', #2774 ) ;
#1887 = LINE ( 'NONE', #3583, #2816 ) ;
#1888 = DIRECTION ( 'NONE',  ( -1.000000000000000000, 0.000000000000000000, 0.000000000000000000 ) ) ;
#1889 = EDGE_CURVE ( 'NONE', #3981, #2239, #1619, .T. ) ;
#1890 = CARTESIAN_POINT ( 'NONE',  ( 2.000000000000000000, 2.500000000000000000, -2.000000000000000000 ) ) ;
#1891 = EDGE_LOOP ( 'NONE', ( #2582, #4499, #4000, #2332 ) ) ;
#1892 = LINE ( 'NONE', #2989, #685 ) ;
#1893 = ORIENTED_EDGE ( 'NONE', *, *, #2114, .T. ) ;
#1894 = PLANE ( 'NONE',  #966 ) ;
#1895 = EDGE_CURVE ( 'NONE', #351, #4359, #3136, .T. ) ;
#1896 = PERSON_AND_ORGANIZATION ( #3475, #2623 ) ;
#1897 = AXIS2_PLACEMENT_3D ( 'NONE', #4003, #4335, #3232 ) ;
#1898 = ORIENTED_EDGE ( 'NONE', *, *, #75, .T. ) ;
#1899 = ORIENTED_EDGE ( 'NONE', *, *, #2558, .T. ) ;
#1900 = PERSON_AND_ORGANIZATION_ROLE ( 'creator' ) ;
#1901 = DIRECTION ( 'NONE',  ( 0.000000000000000000, -1.000000000000000000, 0.000000000000000000 ) ) ;
#1902 = CARTESIAN_POINT ( 'NONE',  ( 2.000000000000000000, 33.00000000000000000, 4.500000000000000000 ) ) ;
#1903 = CARTESIAN_POINT ( 'NONE',  ( 43.00000000000000000, 9.375000000000000000, 32.00000000000000000 ) ) ;
#1904 = ORIENTED_EDGE ( 'NONE', *, *, #2428, .F. ) ;
#1905 = LINE ( 'NONE', #1952, #3542 ) ;
#1906 = CARTESIAN_POINT ( 'NONE',  ( -33.29999925568699837, 0.000000000000000000, 2.000000000006049827 ) ) ;
#1907 = DIRECTION ( 'NONE',  ( 0.000000000000000000, 0.000000000000000000, 1.000000000000000000 ) ) ;
#1908 = ORIENTED_EDGE ( 'NONE', *, *, #1771, .T. ) ;
#1909 = EDGE_CURVE ( 'NONE', #3706, #3822, #1859, .T. ) ;
#1910 = DIRECTION ( 'NONE',  ( 1.000000000000000000, -3.595069229522839803E-33, 0.000000000000000000 ) ) ;
#1911 = VERTEX_POINT ( 'NONE', #2583 ) ;
#1912 = VECTOR ( 'NONE', #190, 1000.000000000000000 ) ;
#1913 = DIRECTION ( 'NONE',  ( -1.000000000000000000, 3.595069229522839803E-33, 0.000000000000000000 ) ) ;
#1914 = MECHANICAL_CONTEXT ( 'NONE', #3956, 'mechanical' ) ;
#1915 = ADVANCED_FACE ( 'NONE', ( #2492 ), #4283, .F. ) ;
#1916 = VERTEX_POINT ( 'NONE', #1120 ) ;
#1917 = AXIS2_PLACEMENT_3D ( 'NONE', #4360, #2874, #4288 ) ;
#1918 = CC_DESIGN_PERSON_AND_ORGANIZATION_ASSIGNMENT ( #4438, #730, ( #3312 ) ) ;
#1919 = EDGE_CURVE ( 'NONE', #3822, #1960, #4306, .T. ) ;
#1920 = DATE_AND_TIME ( #841, #616 ) ;
#1921 = CARTESIAN_POINT ( 'NONE',  ( -31.00000046193600411, 0.000000000000000000, 4.500000000000000000 ) ) ;
#1922 = DIRECTION ( 'NONE',  ( 0.000000000000000000, 0.000000000000000000, -1.000000000000000000 ) ) ;
#1923 = ORIENTED_EDGE ( 'NONE', *, *, #1973, .T. ) ;
#1924 = DIRECTION ( 'NONE',  ( 0.000000000000000000, 1.000000000000000000, 0.000000000000000000 ) ) ;
#1925 = DIRECTION ( 'NONE',  ( -1.000000000000000000, 0.000000000000000000, 0.000000000000000000 ) ) ;
#1926 =( NAMED_UNIT ( * ) SI_UNIT ( $, .STERADIAN. ) SOLID_ANGLE_UNIT ( ) );
#1927 = LINE ( 'NONE', #803, #3344 ) ;
#1928 = AXIS2_PLACEMENT_3D ( 'NONE', #4584, #2801, #2449 ) ;
#1929 = AXIS2_PLACEMENT_3D ( 'NONE', #2237, #1218, #4336 ) ;
#1930 = VERTEX_POINT ( 'NONE', #3208 ) ;
#1931 = DIRECTION ( 'NONE',  ( -1.000000000000000000, 0.000000000000000000, 0.000000000000000000 ) ) ;
#1932 = APPROVAL_PERSON_ORGANIZATION ( #349, #161, #1436 ) ;
#1933 = PLANE ( 'NONE',  #1646 ) ;
#1934 = VECTOR ( 'NONE', #2482, 1000.000000000000000 ) ;
#1935 = ORIENTED_EDGE ( 'NONE', *, *, #330, .T. ) ;
#1936 = AXIS2_PLACEMENT_3D ( 'NONE', #3263, #88, #2556 ) ;
#1937 = ORIENTED_EDGE ( 'NONE', *, *, #3335, .T. ) ;
#1938 = FACE_OUTER_BOUND ( 'NONE', #424, .T. ) ;
#1939 = PERSON_AND_ORGANIZATION ( #3475, #2623 ) ;
#1940 = ORIENTED_EDGE ( 'NONE', *, *, #1659, .F. ) ;
#1941 = APPROVAL_PERSON_ORGANIZATION ( #3498, #991, #3846 ) ;
#1942 = EDGE_CURVE ( 'NONE', #1614, #1617, #2939, .T. ) ;
#1943 = ORIENTED_EDGE ( 'NONE', *, *, #1718, .T. ) ;
#1944 = CC_DESIGN_APPROVAL ( #4487, ( #26 ) ) ;
#1945 = APPROVAL ( #3151, 'UNSPECIFIED' ) ;
#1946 = PERSON_AND_ORGANIZATION_ROLE ( 'classification_officer' ) ;
#1947 = CARTESIAN_POINT ( 'NONE',  ( 2.000000000000000000, 4.500000000000000000, 4.500000000000000000 ) ) ;
#1948 = LINE ( 'NONE', #3757, #283 ) ;
#1949 = CARTESIAN_POINT ( 'NONE',  ( 37.00000000000000000, 13.37500005960460037, 2.000000000000000000 ) ) ;
#1950 = EDGE_LOOP ( 'NONE', ( #4287, #1328, #667, #3134 ) ) ;
#1951 = APPROVAL ( #19, 'UNKNOWN' ) ;
#1952 = CARTESIAN_POINT ( 'NONE',  ( -35.29999999999999716, -2.755451082640380203E-16, 2.000000000000000000 ) ) ;
#1953 = DIRECTION ( 'NONE',  ( 0.000000000000000000, 0.000000000000000000, 1.000000000000000000 ) ) ;
#1954 = CARTESIAN_POINT ( 'NONE',  ( 22.50000000000000000, 58.75000000000000000, 2.000000000000000000 ) ) ;
#1955 = UNCERTAINTY_MEASURE_WITH_UNIT (LENGTH_MEASURE( 1.000000000000000082E-05 ), #733, 'distance_accuracy_value', 'NONE');
#1956 = ORIENTED_EDGE ( 'NONE', *, *, #2952, .T. ) ;
#1957 = DIRECTION ( 'NONE',  ( 0.000000000000000000, 0.000000000000000000, 1.000000000000000000 ) ) ;
#1958 = CARTESIAN_POINT ( 'NONE',  ( 32.30000000000000426, 3.750000000000003553, -32.30000000000000426 ) ) ;
#1959 = DIRECTION ( 'NONE',  ( 0.000000000000000000, 0.000000000000000000, 1.000000000000000000 ) ) ;
#1960 = VERTEX_POINT ( 'NONE', #4261 ) ;
#1961 = ORIENTED_EDGE ( 'NONE', *, *, #1217, .T. ) ;
#1962 = DIRECTION ( 'NONE',  ( 0.000000000000000000, 0.000000000000000000, 1.000000000000000000 ) ) ;
#1963 = SHAPE_DEFINITION_REPRESENTATION ( #1995, #2779 ) ;
#1964 = EDGE_LOOP ( 'NONE', ( #90, #3264, #2042, #3248 ) ) ;
#1965 = EDGE_CURVE ( 'NONE', #3840, #949, #55, .T. ) ;
#1966 = ORIENTED_EDGE ( 'NONE', *, *, #1244, .F. ) ;
#1967 = VECTOR ( 'NONE', #1276, 1000.000000000000000 ) ;
#1968 = DATE_AND_TIME ( #208, #2324 ) ;
#1969 = DIRECTION ( 'NONE',  ( 0.000000000000000000, 1.000000000000000000, 0.000000000000000000 ) ) ;
#1970 = VECTOR ( 'NONE', #1769, 1000.000000000000000 ) ;
#1971 = FACE_OUTER_BOUND ( 'NONE', #2017, .T. ) ;
#1972 = CARTESIAN_POINT ( 'NONE',  ( 37.00000000000000000, 30.25000000000000000, 28.60000000000000142 ) ) ;
#1973 = EDGE_CURVE ( 'NONE', #4281, #1271, #3930, .T. ) ;
#1974 = EDGE_CURVE ( 'NONE', #3909, #4352, #2888, .T. ) ;
#1975 = VERTEX_POINT ( 'NONE', #1442 ) ;
#1976 = DIRECTION ( 'NONE',  ( 3.226585665316859681E-13, -1.159979884180009954E-45, -1.000000000000000000 ) ) ;
#1977 = CARTESIAN_POINT ( 'NONE',  ( 14.09999999999999964, 0.000000000000000000, -32.30000000000000426 ) ) ;
#1978 = EDGE_CURVE ( 'NONE', #4257, #2216, #2166, .T. ) ;
#1979 = CARTESIAN_POINT ( 'NONE',  ( -18.75000000000000000, 18.74999392666569875, 32.00000000000000000 ) ) ;
#1980 = ADVANCED_FACE ( 'NONE', ( #3599, #724, #4002 ), #3578, .T. ) ;
#1981 = ORIENTED_EDGE ( 'NONE', *, *, #1347, .F. ) ;
#1982 = CARTESIAN_POINT ( 'NONE',  ( -33.29999925568699837, -10.49999975413080122, 4.500000000006049383 ) ) ;
#1983 = CARTESIAN_POINT ( 'NONE',  ( -2.000000000000000000, -1.249999999999998224, 1.999999999999995781 ) ) ;
#1984 = LINE ( 'NONE', #1264, #3426 ) ;
#1985 = CARTESIAN_POINT ( 'NONE',  ( 0.000000000000000000, 32.98552262796359713, 31.48755899268229541 ) ) ;
#1986 = EDGE_LOOP ( 'NONE', ( #152, #1788, #1003 ) ) ;
#1987 = DIRECTION ( 'NONE',  ( 1.000000000000000000, 0.000000000000000000, 0.000000000000000000 ) ) ;
#1988 = CALENDAR_DATE ( 2026, 24, 9 ) ;
#1989 = ORIENTED_EDGE ( 'NONE', *, *, #760, .F. ) ;
#1990 = ORIENTED_EDGE ( 'NONE', *, *, #3005, .T. ) ;
#1991 = VECTOR ( 'NONE', #3380, 1000.000000000000000 ) ;
#1992 = PERSON_AND_ORGANIZATION ( #3475, #2623 ) ;
#1993 = DIRECTION ( 'NONE',  ( 0.000000000000000000, 1.000000000000000000, 0.000000000000000000 ) ) ;
#1994 = LINE ( 'NONE', #1301, #942 ) ;
#1995 = PRODUCT_DEFINITION_SHAPE ( 'NONE', 'NONE',  #1478 ) ;
#1996 = VECTOR ( 'NONE', #1070, 1000.000000000000000 ) ;
#1997 = ORIENTED_EDGE ( 'NONE', *, *, #2460, .T. ) ;
#1998 = ADVANCED_FACE ( 'NONE', ( #405 ), #2541, .F. ) ;
#1999 = CARTESIAN_POINT ( 'NONE',  ( 43.00000000000000000, 7.250000000000000000, 27.79999999999999716 ) ) ;
#2000 = DIRECTION ( 'NONE',  ( -3.226585665316859681E-13, 0.000000000000000000, 1.000000000000000000 ) ) ;
#2001 =( NAMED_UNIT ( * ) PLANE_ANGLE_UNIT ( ) SI_UNIT ( $, .RADIAN. ) );
#2002 = FACE_OUTER_BOUND ( 'NONE', #2249, .T. ) ;
#2003 = ADVANCED_FACE ( 'NONE', ( #3230 ), #3959, .F. ) ;
#2004 = VERTEX_POINT ( 'NONE', #3548 ) ;
#2005 = CC_DESIGN_PERSON_AND_ORGANIZATION_ASSIGNMENT ( #3474, #1690, ( #3581 ) ) ;
#2006 = CARTESIAN_POINT ( 'NONE',  ( 45.00000000000000000, 27.00000000000000000, 34.00000000000000000 ) ) ;
#2007 = VECTOR ( 'NONE', #290, 1000.000000000000000 ) ;
#2008 = CARTESIAN_POINT ( 'NONE',  ( 37.00000000000000000, 8.000000119209289551, 5.000000000000000000 ) ) ;
#2009 = DIRECTION ( 'NONE',  ( 0.000000000000000000, -1.000000000000000000, 0.000000000000000000 ) ) ;
#2010 = VECTOR ( 'NONE', #704, 1000.000000000000000 ) ;
#2011 = EDGE_LOOP ( 'NONE', ( #3450, #933, #776, #2792, #30, #1136, #3882, #830 ) ) ;
#2012 = VECTOR ( 'NONE', #4127, 1000.000000000000000 ) ;
#2013 = CC_DESIGN_DATE_AND_TIME_ASSIGNMENT ( #715, #1110, ( #2018 ) ) ;
#2014 = CARTESIAN_POINT ( 'NONE',  ( -3.081487911019580102E-32, 37.50000000000000000, 0.000000000000000000 ) ) ;
#2015 = VECTOR ( 'NONE', #3057, 1000.000000000000000 ) ;
#2016 = ITEM_DEFINED_TRANSFORMATION ( 'NONE', 'NONE', #2496,  #3986 ) ;
#2017 = EDGE_LOOP ( 'NONE', ( #4454, #4354, #3490, #2667 ) ) ;
#2018 = SECURITY_CLASSIFICATION ( '', '', #1066 ) ;
#2019 = VECTOR ( 'NONE', #1567, 1000.000000000000000 ) ;
#2020 = CALENDAR_DATE ( 2026, 24, 9 ) ;
#2021 = CARTESIAN_POINT ( 'NONE',  ( 0.2000000000006940115, -11.00000000000000000, 30.00000000000599698 ) ) ;
#2022 = LOCAL_TIME ( 21, 30, 2.000000000000000000, #3562 ) ;
#2023 = CARTESIAN_POINT ( 'NONE',  ( 0.000000000000000000, 33.00000000000000000, 15.75000000000000000 ) ) ;
#2024 = CARTESIAN_POINT ( 'NONE',  ( 2.000000000000000000, 33.00000000000000000, 15.75000000000000000 ) ) ;
#2025 = VECTOR ( 'NONE', #2674, 1000.000000000000000 ) ;
#2026 = APPLICATION_CONTEXT ( 'configuration controlled 3d designs of mechanical parts and assemblies' ) ;
#2027 = VERTEX_POINT ( 'NONE', #76 ) ;
#2028 = LOCAL_TIME ( 21, 30, 2.000000000000000000, #4289 ) ;
#2029 = CARTESIAN_POINT ( 'NONE',  ( -33.29999925568699837, -10.99999987706540061, 30.00000000000599698 ) ) ;
#2030 = DIRECTION ( 'NONE',  ( 1.000000000000000000, 0.000000000000000000, 0.000000000000000000 ) ) ;
#2031 = DIRECTION ( 'NONE',  ( 1.000000000000000000, 0.000000000000000000, 0.000000000000000000 ) ) ;
#2032 = DIRECTION ( 'NONE',  ( 1.000000000000000000, 0.000000000000000000, 0.000000000000000000 ) ) ;
#2033 = EDGE_CURVE ( 'NONE', #1856, #7, #1490, .T. ) ;
#2034 = ORIENTED_EDGE ( 'NONE', *, *, #1742, .T. ) ;
#2035 = APPROVAL_DATE_TIME ( #3816, #3658 ) ;
#2036 = DIRECTION ( 'NONE',  ( -1.000000000000000000, 0.000000000000000000, 0.000000000000000000 ) ) ;
#2037 = CARTESIAN_POINT ( 'NONE',  ( 40.00000014901190326, -1.438027697166220142E-31, 3.500000000000369926 ) ) ;
#2038 = CARTESIAN_POINT ( 'NONE',  ( 10.00000014901189971, -8.484363381672159562E-32, 28.00000000000069988 ) ) ;
#2039 = CARTESIAN_POINT ( 'NONE',  ( 45.00000000000000000, 40.00000000000000000, 0.000000000000000000 ) ) ;
#2040 = ADVANCED_FACE ( 'NONE', ( #1145, #375 ), #2915, .T. ) ;
#2041 = ORIENTED_EDGE ( 'NONE', *, *, #1844, .F. ) ;
#2042 = ORIENTED_EDGE ( 'NONE', *, *, #1456, .T. ) ;
#2043 = EDGE_CURVE ( 'NONE', #1837, #4247, #2565, .T. ) ;
#2044 = PERSON_AND_ORGANIZATION ( #3475, #2623 ) ;
#2045 = CARTESIAN_POINT ( 'NONE',  ( 8.099999999999999645, 1.250000000000000000, -37.80499999999999972 ) ) ;
#2046 = DIRECTION ( 'NONE',  ( 0.000000000000000000, 0.000000000000000000, 1.000000000000000000 ) ) ;
#2047 = EDGE_LOOP ( 'NONE', ( #727, #1596, #1249 ) ) ;
#2048 = DIRECTION ( 'NONE',  ( 0.000000000000000000, 0.000000000000000000, -1.000000000000000000 ) ) ;
#2049 = DIRECTION ( 'NONE',  ( -8.217301096052209613E-34, 1.000000000000000000, 0.000000000000000000 ) ) ;
#2050 = APPLICATION_CONTEXT ( 'configuration controlled 3d designs of mechanical parts and assemblies' ) ;
#2051 = APPLICATION_PROTOCOL_DEFINITION ( 'international standard', 'config_control_design', 1994, #3001 ) ;
#2052 = DIRECTION ( 'NONE',  ( 0.000000000000000000, 0.000000000000000000, -1.000000000000000000 ) ) ;
#2053 = DESIGN_CONTEXT ( 'detailed design', #3704, 'design' ) ;
#2054 = EDGE_LOOP ( 'NONE', ( #3062, #795, #144, #3438 ) ) ;
#2055 = CALENDAR_DATE ( 2026, 24, 9 ) ;
#2056 = CARTESIAN_POINT ( 'NONE',  ( 8.099999999999999645, 1.250000000000000000, -36.67999999999999972 ) ) ;
#2057 = DIRECTION ( 'NONE',  ( 0.000000000000000000, 0.000000000000000000, 1.000000000000000000 ) ) ;
#2058 = DIRECTION ( 'NONE',  ( 1.000000000000000000, 0.000000000000000000, 0.000000000000000000 ) ) ;
#2059 = VECTOR ( 'NONE', #39, 1000.000000000000000 ) ;
#2060 = ORIENTED_EDGE ( 'NONE', *, *, #2608, .F. ) ;
#2061 = APPROVAL_ROLE ( '' ) ;
#2062 = ORIENTED_EDGE ( 'NONE', *, *, #3918, .F. ) ;
#2063 = EDGE_CURVE ( 'NONE', #3643, #429, #100, .T. ) ;
#2064 = COORDINATED_UNIVERSAL_TIME_OFFSET ( 2, 0, .AHEAD. ) ;
#2065 = LINE ( 'NONE', #3076, #465 ) ;
#2066 = DIRECTION ( 'NONE',  ( 0.000000000000000000, -1.000000000000000000, 0.000000000000000000 ) ) ;
#2067 = CC_DESIGN_PERSON_AND_ORGANIZATION_ASSIGNMENT ( #4049, #859, ( #3724 ) ) ;
#2068 = EDGE_CURVE ( 'NONE', #3307, #4302, #2300, .T. ) ;
#2069 = VECTOR ( 'NONE', #2213, 1000.000000000000000 ) ;
#2070 = ORIENTED_EDGE ( 'NONE', *, *, #2805, .F. ) ;
#2071 = CARTESIAN_POINT ( 'NONE',  ( -31.00000046193600411, 0.000000000000000000, 31.00000000000000000 ) ) ;
#2072 = DIRECTION ( 'NONE',  ( 1.000000000000000000, 0.000000000000000000, 0.000000000000000000 ) ) ;
#2073 = CARTESIAN_POINT ( 'NONE',  ( 37.00000000000000000, 7.250000000000000000, 28.60000000000000142 ) ) ;
#2074 = ORIENTED_EDGE ( 'NONE', *, *, #2348, .T. ) ;
#2075 = PRODUCT_DEFINITION_SHAPE ( 'NONE', 'NONE',  #4595 ) ;
#2076 = COORDINATED_UNIVERSAL_TIME_OFFSET ( 2, 0, .AHEAD. ) ;
#2077 = CARTESIAN_POINT ( 'NONE',  ( 45.00000000000000000, 77.50000000000000000, 0.000000000000000000 ) ) ;
#2078 = CARTESIAN_POINT ( 'NONE',  ( 0.000000000000000000, 77.50000000000000000, 2.000000000000000000 ) ) ;
#2079 = DIRECTION ( 'NONE',  ( 0.000000000000000000, -1.000000000000000000, 0.000000000000000000 ) ) ;
#2080 = ORIENTED_EDGE ( 'NONE', *, *, #3841, .T. ) ;
#2081 = AXIS2_PLACEMENT_3D ( 'NONE', #872, #548, #173 ) ;
#2082 = PERSON_AND_ORGANIZATION ( #2211, #3351 ) ;
#2083 = ORIENTED_EDGE ( 'NONE', *, *, #4205, .T. ) ;
#2084 = EDGE_CURVE ( 'NONE', #1488, #4237, #2328, .T. ) ;
#2085 = VECTOR ( 'NONE', #353, 1000.000000000000000 ) ;
#2086 = AXIS2_PLACEMENT_3D ( 'NONE', #1420, #2117, #4264 ) ;
#2087 = COORDINATED_UNIVERSAL_TIME_OFFSET ( 2, 0, .AHEAD. ) ;
#2088 = CARTESIAN_POINT ( 'NONE',  ( -37.50000000000000000, 40.00000000000000000, 0.000000000000000000 ) ) ;
#2089 = ADVANCED_FACE ( 'NONE', ( #1555, #3646 ), #3340, .T. ) ;
#2090 = DIRECTION ( 'NONE',  ( 0.000000000000000000, 0.000000000000000000, 1.000000000000000000 ) ) ;
#2091 = ORGANIZATION ( 'NAUO-ORG2', 'UNSPECIFIED', 'UNSPECIFIED' ) ;
#2092 = ORIENTED_EDGE ( 'NONE', *, *, #623, .F. ) ;
#2093 = AXIS2_PLACEMENT_3D ( 'NONE', #4480, #1959, #1612 ) ;
#2094 = LOCAL_TIME ( 21, 30, 2.000000000000000000, #2593 ) ;
#2095 = LINE ( 'NONE', #676, #4299 ) ;
#2096 = DIRECTION ( 'NONE',  ( -1.000000000000000000, 0.000000000000000000, 0.000000000000000000 ) ) ;
#2097 = AXIS2_PLACEMENT_3D ( 'NONE', #3019, #209, #3066 ) ;
#2098 = CARTESIAN_POINT ( 'NONE',  ( 34.30000000000001137, 58.73527075499401917, -39.30000000000000426 ) ) ;
#2099 = CC_DESIGN_APPROVAL ( #2696, ( #562 ) ) ;
#2100 = ORIENTED_EDGE ( 'NONE', *, *, #593, .T. ) ;
#2101 = FACE_OUTER_BOUND ( 'NONE', #1094, .T. ) ;
#2102 = CALENDAR_DATE ( 2026, 24, 9 ) ;
#2103 = DIRECTION ( 'NONE',  ( 1.000000000000000000, 0.000000000000000000, 0.000000000000000000 ) ) ;
#2104 = CARTESIAN_POINT ( 'NONE',  ( 8.099999999999999645, 1.250000000000000000, -35.55500000000000682 ) ) ;
#2105 = LINE ( 'NONE', #340, #1970 ) ;
#2106 = ORIENTED_EDGE ( 'NONE', *, *, #3701, .F. ) ;
#2107 = PLANE ( 'NONE',  #3495 ) ;
#2108 = VECTOR ( 'NONE', #4567, 1000.000000000000000 ) ;
#2109 = ORIENTED_EDGE ( 'NONE', *, *, #2836, .F. ) ;
#2110 = CARTESIAN_POINT ( 'NONE',  ( 1.000000000000000000, 0.000000000000000000, -1.000000000000000000 ) ) ;
#2111 = PERSON_AND_ORGANIZATION ( #3475, #2623 ) ;
#2112 = CARTESIAN_POINT ( 'NONE',  ( 45.00000000000000000, 37.50000000000000000, 0.000000000000000000 ) ) ;
#2113 = EDGE_LOOP ( 'NONE', ( #3373, #1312 ) ) ;
#2114 = EDGE_CURVE ( 'NONE', #658, #302, #506, .T. ) ;
#2115 = LINE ( 'NONE', #2745, #504 ) ;
#2116 = DIRECTION ( 'NONE',  ( -1.000000000000000000, -8.217301096052209613E-34, 0.000000000000000000 ) ) ;
#2117 = DIRECTION ( 'NONE',  ( 1.000000000000000000, 0.000000000000000000, 0.000000000000000000 ) ) ;
#2118 =( GEOMETRIC_REPRESENTATION_CONTEXT ( 3 ) GLOBAL_UNCERTAINTY_ASSIGNED_CONTEXT ( ( #1955 ) ) GLOBAL_UNIT_ASSIGNED_CONTEXT ( ( #733, #4362, #3633 ) ) REPRESENTATION_CONTEXT ( 'NONE', 'WORKASPACE' ) );
#2119 = ORIENTED_EDGE ( 'NONE', *, *, #158, .F. ) ;
#2120 = DIRECTION ( 'NONE',  ( 0.000000000000000000, 0.000000000000000000, -1.000000000000000000 ) ) ;
#2121 = APPROVAL_DATE_TIME ( #3463, #3766 ) ;
#2122 = EDGE_CURVE ( 'NONE', #2786, #3684, #4027, .T. ) ;
#2123 = VECTOR ( 'NONE', #3781, 1000.000000000000000 ) ;
#2124 = LINE ( 'NONE', #4268, #2455 ) ;
#2125 = CARTESIAN_POINT ( 'NONE',  ( 40.00000014901190326, -2.250000000000000000, 26.00000038743019815 ) ) ;
#2126 = CARTESIAN_POINT ( 'NONE',  ( -2.000000000000000000, 9.374996963332838718, 32.00000000000000000 ) ) ;
#2127 = DIRECTION ( 'NONE',  ( -0.000000000000000000, -1.000000000000000000, -0.000000000000000000 ) ) ;
#2128 = APPROVAL ( #62, 'UNSPECIFIED' ) ;
#2129 = ADVANCED_FACE ( 'NONE', ( #4093 ), #2603, .F. ) ;
#2130 = ORIENTED_EDGE ( 'NONE', *, *, #384, .T. ) ;
#2131 = DATE_AND_TIME ( #4249, #2178 ) ;
#2132 = DIRECTION ( 'NONE',  ( 1.000000000000000000, 0.000000000000000000, 0.000000000000000000 ) ) ;
#2133 = ORIENTED_EDGE ( 'NONE', *, *, #2176, .F. ) ;
#2134 = CARTESIAN_POINT ( 'NONE',  ( 2.000000000000000000, 4.500000000000000000, 2.250000000000000000 ) ) ;
#2135 = CALENDAR_DATE ( 2026, 24, 9 ) ;
#2136 = ORIENTED_EDGE ( 'NONE', *, *, #4080, .F. ) ;
#2137 = VERTEX_POINT ( 'NONE', #484 ) ;
#2138 = CARTESIAN_POINT ( 'NONE',  ( 0.000000000000000000, 0.000000000000000000, 0.000000000000000000 ) ) ;
#2139 = VECTOR ( 'NONE', #3156, 1000.000000000000000 ) ;
#2140 = CARTESIAN_POINT ( 'NONE',  ( 15.00000000000000000, 6.000000000000000000, 1.050000000000000933 ) ) ;
#2141 = DIRECTION ( 'NONE',  ( 1.000000000000000000, 0.000000000000000000, 0.000000000000000000 ) ) ;
#2142 = PRODUCT ( 'fullOptic', 'fullOptic', '', ( #2401 ) ) ;
#2143 = ADVANCED_FACE ( 'NONE', ( #936 ), #1882, .F. ) ;
#2144 = ORIENTED_EDGE ( 'NONE', *, *, #3845, .T. ) ;
#2145 = LINE ( 'NONE', #1521, #2592 ) ;
#2146 = APPROVAL_STATUS ( 'not_yet_approved' ) ;
#2147 = DIRECTION ( 'NONE',  ( 0.000000000000000000, 1.000000000000000000, 0.000000000000000000 ) ) ;
#2148 = LINE ( 'NONE', #3163, #2108 ) ;
#2149 = PLANE ( 'NONE',  #1570 ) ;
#2150 = EDGE_CURVE ( 'NONE', #2303, #2514, #3668, .T. ) ;
#2151 = FACE_OUTER_BOUND ( 'NONE', #4073, .T. ) ;
#2152 = VECTOR ( 'NONE', #3899, 1000.000000000000000 ) ;
#2153 = ORIENTED_EDGE ( 'NONE', *, *, #2574, .F. ) ;
#2154 = CC_DESIGN_PERSON_AND_ORGANIZATION_ASSIGNMENT ( #1461, #1092, ( #2928 ) ) ;
#2155 = PERSON_AND_ORGANIZATION_ROLE ( 'classification_officer' ) ;
#2156 = DIRECTION ( 'NONE',  ( 0.000000000000000000, 0.000000000000000000, 1.000000000000000000 ) ) ;
#2157 = VERTEX_POINT ( 'NONE', #3362 ) ;
#2158 = CC_DESIGN_DATE_AND_TIME_ASSIGNMENT ( #2619, #2929, ( #1717 ) ) ;
#2159 = PLANE ( 'NONE',  #4228 ) ;
#2160 = DATE_AND_TIME ( #418, #2761 ) ;
#2161 = ORIENTED_EDGE ( 'NONE', *, *, #897, .F. ) ;
#2162 = VECTOR ( 'NONE', #4191, 1000.000000000000000 ) ;
#2163 = EDGE_LOOP ( 'NONE', ( #2315, #1093, #952, #4280 ) ) ;
#2164 = CONICAL_SURFACE ( 'NONE', #1051, 1.625000000000001332, 0.7853981633974447263 ) ;
#2165 = ORIENTED_EDGE ( 'NONE', *, *, #2331, .T. ) ;
#2166 = LINE ( 'NONE', #3250, #657 ) ;
#2167 = AXIS2_PLACEMENT_3D ( 'NONE', #2364, #4525, #3078 ) ;
#2168 = CARTESIAN_POINT ( 'NONE',  ( 43.00000000000000000, 35.50000000000000000, 2.000000000000000000 ) ) ;
#2169 = LINE ( 'NONE', #4580, #4536 ) ;
#2170 = VECTOR ( 'NONE', #1035, 1000.000000000000000 ) ;
#2171 = ORIENTED_EDGE ( 'NONE', *, *, #2470, .F. ) ;
#2172 = LOCAL_TIME ( 21, 30, 2.000000000000000000, #596 ) ;
#2173 = DIRECTION ( 'NONE',  ( -1.072287862897752081E-16, -1.000000000000000000, 0.000000000000000000 ) ) ;
#2174 = CALENDAR_DATE ( 2026, 24, 9 ) ;
#2175 = CARTESIAN_POINT ( 'NONE',  ( 34.99999997019770603, 28.00000041723249922, 2.000000000000000000 ) ) ;
#2176 = EDGE_CURVE ( 'NONE', #3589, #4136, #3298, .T. ) ;
#2177 = LINE ( 'NONE', #1400, #1590 ) ;
#2178 = LOCAL_TIME ( 21, 30, 2.000000000000000000, #2832 ) ;
#2179 = CARTESIAN_POINT ( 'NONE',  ( 14.09999999999999964, 3.750000000000000000, -39.30000000000000426 ) ) ;
#2180 = ORIENTED_EDGE ( 'NONE', *, *, #940, .F. ) ;
#2181 = APPROVAL_PERSON_ORGANIZATION ( #336, #3766, #1745 ) ;
#2182 = EDGE_CURVE ( 'NONE', #2921, #4390, #533, .T. ) ;
#2183 = CARTESIAN_POINT ( 'NONE',  ( 8.099999999999999645, 1.250000000000000000, -37.80499999999999972 ) ) ;
#2184 = ORIENTED_EDGE ( 'NONE', *, *, #3729, .T. ) ;
#2185 = DIRECTION ( 'NONE',  ( -1.000000000000000000, 1.072287862897752081E-16, 0.000000000000000000 ) ) ;
#2186 = PERSON_AND_ORGANIZATION_ROLE ( 'design_owner' ) ;
#2187 = EDGE_CURVE ( 'NONE', #2946, #2514, #1622, .T. ) ;
#2188 = ORIENTED_EDGE ( 'NONE', *, *, #2972, .T. ) ;
#2189 = ORIENTED_EDGE ( 'NONE', *, *, #4458, .F. ) ;
#2190 = EDGE_CURVE ( 'NONE', #3887, #2886, #184, .T. ) ;
#2191 = ORIENTED_EDGE ( 'NONE', *, *, #1117, .T. ) ;
#2192 = DIRECTION ( 'NONE',  ( 0.000000000000000000, -1.000000000000000000, 0.000000000000000000 ) ) ;
#2193 = DIRECTION ( 'NONE',  ( 5.980833205138238026E-17, 0.000000000000000000, 1.000000000000000000 ) ) ;
#2194 = DIRECTION ( 'NONE',  ( 0.000000000000000000, 0.000000000000000000, 1.000000000000000000 ) ) ;
#2195 = EDGE_LOOP ( 'NONE', ( #2144, #2872, #1893, #2409 ) ) ;
#2196 = LINE ( 'NONE', #430, #2903 ) ;
#2197 = CARTESIAN_POINT ( 'NONE',  ( 2.000000000000000000, 28.12500000000000000, 2.000000000000000000 ) ) ;
#2198 = CARTESIAN_POINT ( 'NONE',  ( 0.000000000000000000, 0.000000000000000000, 0.000000000000000000 ) ) ;
#2199 = DIRECTION ( 'NONE',  ( -1.000000000000000000, 0.000000000000000000, 1.156482317317871478E-16 ) ) ;
#2200 = VERTEX_POINT ( 'NONE', #119 ) ;
#2201 = VECTOR ( 'NONE', #1468, 1000.000000000000000 ) ;
#2202 =( GEOMETRIC_REPRESENTATION_CONTEXT ( 3 ) GLOBAL_UNCERTAINTY_ASSIGNED_CONTEXT ( ( #2338 ) ) GLOBAL_UNIT_ASSIGNED_CONTEXT ( ( #1677, #2001, #1926 ) ) REPRESENTATION_CONTEXT ( 'NONE', 'WORKASPACE' ) );
#2203 = LINE ( 'NONE', #1851, #313 ) ;
#2204 = ORIENTED_EDGE ( 'NONE', *, *, #2453, .F. ) ;
#2205 = DIRECTION ( 'NONE',  ( -1.000000000000000000, 0.000000000000000000, 0.000000000000000000 ) ) ;
#2206 = DATE_TIME_ROLE ( 'creation_date' ) ;
#2207 = ORIENTED_EDGE ( 'NONE', *, *, #4063, .F. ) ;
#2208 = EDGE_CURVE ( 'NONE', #1143, #3901, #1215, .T. ) ;
#2209 = ORIENTED_EDGE ( 'NONE', *, *, #4483, .F. ) ;
#2210 = ORIENTED_EDGE ( 'NONE', *, *, #1550, .T. ) ;
#2211 = PERSON ( 'NAUO-PER5', 'UNSPECIFIED', 'UNSPECIFIED', ('UNSPECIFIED'), ('UNSPECIFIED'), ('UNSPECIFIED') ) ;
#2212 = EDGE_CURVE ( 'NONE', #4136, #4352, #1578, .T. ) ;
#2213 = DIRECTION ( 'NONE',  ( -1.000000000000000000, 3.595069229522839803E-33, 0.000000000000000000 ) ) ;
#2214 = DIRECTION ( 'NONE',  ( 0.000000000000000000, 0.000000000000000000, 1.000000000000000000 ) ) ;
#2215 = DIRECTION ( 'NONE',  ( 1.000000000000000000, 0.000000000000000000, 0.000000000000000000 ) ) ;
#2216 = VERTEX_POINT ( 'NONE', #1921 ) ;
#2217 = CC_DESIGN_PERSON_AND_ORGANIZATION_ASSIGNMENT ( #2648, #1208, ( #3949 ) ) ;
#2218 = DIRECTION ( 'NONE',  ( 0.000000000000000000, 0.000000000000000000, -1.000000000000000000 ) ) ;
#2219 = DIRECTION ( 'NONE',  ( 0.000000000000000000, 0.000000000000000000, 1.000000000000000000 ) ) ;
#2220 = DIRECTION ( 'NONE',  ( -1.000000000000000000, 0.000000000000000000, 0.000000000000000000 ) ) ;
#2221 = CARTESIAN_POINT ( 'NONE',  ( 0.000000000000000000, 6.000000000000000000, 0.000000000000000000 ) ) ;
#2222 = AXIS2_PLACEMENT_3D ( 'NONE', #815, #4355, #2234 ) ;
#2223 = ORIENTED_EDGE ( 'NONE', *, *, #3677, .F. ) ;
#2224 = CIRCLE ( 'NONE', #3329, 1.824999999999998845 ) ;
#2225 = CARTESIAN_POINT ( 'NONE',  ( -35.29999999999939320, 0.000000000000000000, 0.000000000000000000 ) ) ;
#2226 = VERTEX_POINT ( 'NONE', #2998 ) ;
#2227 = VECTOR ( 'NONE', #2863, 1000.000000000000000 ) ;
#2228 = CARTESIAN_POINT ( 'NONE',  ( 37.00000000000000000, 29.44999999999999929, 27.79999999999999716 ) ) ;
#2229 = APPROVAL_DATE_TIME ( #833, #1874 ) ;
#2230 = ORIENTED_EDGE ( 'NONE', *, *, #192, .F. ) ;
#2231 = ADVANCED_FACE ( 'NONE', ( #3385 ), #4417, .F. ) ;
#2232 = ORIENTED_EDGE ( 'NONE', *, *, #2920, .F. ) ;
#2233 = ADVANCED_FACE ( 'NONE', ( #3042 ), #1601, .F. ) ;
#2234 = DIRECTION ( 'NONE',  ( -1.000000000000000000, 3.595069229522839803E-33, 0.000000000000000000 ) ) ;
#2235 = VECTOR ( 'NONE', #2641, 1000.000000000000000 ) ;
#2236 = PLANE ( 'NONE',  #1897 ) ;
#2237 = CARTESIAN_POINT ( 'NONE',  ( 8.099999999999999645, 1.250000000000000000, -36.67999999999999972 ) ) ;
#2238 = VECTOR ( 'NONE', #3674, 1000.000000000000000 ) ;
#2239 = VERTEX_POINT ( 'NONE', #259 ) ;
#2240 = VECTOR ( 'NONE', #171, 1000.000000000000000 ) ;
#2241 = CARTESIAN_POINT ( 'NONE',  ( 2.200000000000320366, -1.540743955509789777E-32, 1.000000000006399992 ) ) ;
#2242 = DIRECTION ( 'NONE',  ( 0.000000000000000000, 0.000000000000000000, -1.000000000000000000 ) ) ;
#2243 = LINE ( 'NONE', #3634, #678 ) ;
#2244 = LOCAL_TIME ( 21, 30, 2.000000000000000000, #3732 ) ;
#2245 = EDGE_CURVE ( 'NONE', #4083, #4048, #614, .T. ) ;
#2246 = ORIENTED_EDGE ( 'NONE', *, *, #3671, .F. ) ;
#2247 = VECTOR ( 'NONE', #4453, 1000.000000000000000 ) ;
#2248 = DIRECTION ( 'NONE',  ( 1.000000000000000000, 0.000000000000000000, 0.000000000000000000 ) ) ;
#2249 = EDGE_LOOP ( 'NONE', ( #149, #1260, #198 ) ) ;
#2250 = VECTOR ( 'NONE', #4464, 1000.000000000000000 ) ;
#2251 = LOCAL_TIME ( 21, 30, 2.000000000000000000, #4198 ) ;
#2252 = FACE_OUTER_BOUND ( 'NONE', #2290, .T. ) ;
#2253 = DATE_TIME_ROLE ( 'creation_date' ) ;
#2254 = ORIENTED_EDGE ( 'NONE', *, *, #364, .F. ) ;
#2255 = EDGE_LOOP ( 'NONE', ( #3903, #854, #2074, #3872 ) ) ;
#2256 = APPROVAL_STATUS ( 'not_yet_approved' ) ;
#2257 = DIRECTION ( 'NONE',  ( -1.000000000000000000, 0.000000000000000000, 0.000000000000000000 ) ) ;
#2258 = DIRECTION ( 'NONE',  ( 1.000000000000000000, 0.000000000000000000, 0.000000000000000000 ) ) ;
#2259 = PLANE ( 'NONE',  #524 ) ;
#2260 = VERTEX_POINT ( 'NONE', #2088 ) ;
#2261 = EDGE_CURVE ( 'NONE', #2272, #4302, #4230, .T. ) ;
#2262 = CARTESIAN_POINT ( 'NONE',  ( 6.298111795459336914E-15, 58.73527075499401917, -32.30000000000000426 ) ) ;
#2263 = APPLICATION_CONTEXT ( 'configuration controlled 3d designs of mechanical parts and assemblies' ) ;
#2264 = CARTESIAN_POINT ( 'NONE',  ( 30.30000000000000071, 1.500000000000000000, -30.30000000000000071 ) ) ;
#2265 =( NAMED_UNIT ( * ) PLANE_ANGLE_UNIT ( ) SI_UNIT ( $, .RADIAN. ) );
#2266 = CARTESIAN_POINT ( 'NONE',  ( -37.50000000000000000, -2.296212748401289944E-15, 0.000000000000000000 ) ) ;
#2267 = ORIENTED_EDGE ( 'NONE', *, *, #4365, .F. ) ;
#2268 = EDGE_CURVE ( 'NONE', #2710, #2912, #1023, .T. ) ;
#2269 = CC_DESIGN_DATE_AND_TIME_ASSIGNMENT ( #1920, #2299, ( #3312 ) ) ;
#2270 = CARTESIAN_POINT ( 'NONE',  ( 0.000000000000000000, 0.000000000000000000, 0.000000000000000000 ) ) ;
#2271 = EDGE_CURVE ( 'NONE', #1881, #3009, #3756, .T. ) ;
#2272 = VERTEX_POINT ( 'NONE', #580 ) ;
#2273 = FACE_OUTER_BOUND ( 'NONE', #999, .T. ) ;
#2274 = APPROVAL_ROLE ( '' ) ;
#2275 = VERTEX_POINT ( 'NONE', #4190 ) ;
#2276 = APPROVAL_ROLE ( '' ) ;
#2277 = CARTESIAN_POINT ( 'NONE',  ( 43.00000000000000000, 3.625000000000000000, 28.60000000000000142 ) ) ;
#2278 = CARTESIAN_POINT ( 'NONE',  ( 34.30000000000000426, 3.750000000000003553, -39.30000000000000426 ) ) ;
#2279 = EDGE_LOOP ( 'NONE', ( #1592, #180, #1017, #2587, #1864 ) ) ;
#2280 = LINE ( 'NONE', #3046, #3622 ) ;
#2281 = CARTESIAN_POINT ( 'NONE',  ( 0.2000000000006930123, -9.000000000000000000, 32.00000000000609646 ) ) ;
#2282 = DIRECTION ( 'NONE',  ( 1.000000000000000000, 0.000000000000000000, 0.000000000000000000 ) ) ;
#2283 = FACE_OUTER_BOUND ( 'NONE', #2861, .T. ) ;
#2284 = EDGE_CURVE ( 'NONE', #1837, #1820, #2769, .T. ) ;
#2285 = VERTEX_POINT ( 'NONE', #978 ) ;
#2286 = APPLICATION_CONTEXT ( 'configuration controlled 3d designs of mechanical parts and assemblies' ) ;
#2287 = EDGE_CURVE ( 'NONE', #2540, #4028, #1001, .T. ) ;
#2288 = CARTESIAN_POINT ( 'NONE',  ( 32.30000000000001137, 58.73527075499401917, 0.000000000000000000 ) ) ;
#2289 = CARTESIAN_POINT ( 'NONE',  ( 11.00000000000000000, 0.000000000000000000, -2.200000000000000178 ) ) ;
#2290 = EDGE_LOOP ( 'NONE', ( #4412, #3357, #606, #343 ) ) ;
#2291 = VECTOR ( 'NONE', #1924, 1000.000000000000000 ) ;
#2292 = PRODUCT_RELATED_PRODUCT_CATEGORY ( 'detail', '', ( #4046 ) ) ;
#2293 = EDGE_LOOP ( 'NONE', ( #2732, #2618, #1574, #800 ) ) ;
#2294 = DIRECTION ( 'NONE',  ( 0.000000000000000000, 0.000000000000000000, 1.000000000000000000 ) ) ;
#2295 = APPROVAL_STATUS ( 'not_yet_approved' ) ;
#2296 = EDGE_LOOP ( 'NONE', ( #3167, #42, #4554, #4377, #1834 ) ) ;
#2297 = ORIENTED_EDGE ( 'NONE', *, *, #2952, .F. ) ;
#2298 = CC_DESIGN_PERSON_AND_ORGANIZATION_ASSIGNMENT ( #1457, #3221, ( #91 ) ) ;
#2299 = DATE_TIME_ROLE ( 'creation_date' ) ;
#2300 = LINE ( 'NONE', #3710, #1277 ) ;
#2301 = PLANE ( 'NONE',  #3120 ) ;
#2302 = DIRECTION ( 'NONE',  ( 0.000000000000000000, 0.000000000000000000, -1.000000000000000000 ) ) ;
#2303 = VERTEX_POINT ( 'NONE', #3499 ) ;
#2304 = CARTESIAN_POINT ( 'NONE',  ( 45.00000000000000000, -1.617781153285280087E-31, 0.000000000000000000 ) ) ;
#2305 = DIRECTION ( 'NONE',  ( -1.000000000000000000, 0.000000000000000000, 0.000000000000000000 ) ) ;
#2306 = DIRECTION ( 'NONE',  ( -1.000000000000000000, 0.000000000000000000, 0.000000000000000000 ) ) ;
#2307 = AXIS2_PLACEMENT_3D ( 'NONE', #4557, #699, #3829 ) ;
#2308 = ORIENTED_EDGE ( 'NONE', *, *, #2810, .T. ) ;
#2309 = ADVANCED_FACE ( 'NONE', ( #3407, #3847 ), #235, .F. ) ;
#2310 = CARTESIAN_POINT ( 'NONE',  ( 37.00000000000000000, 30.25000000000000000, 27.79999999999999716 ) ) ;
#2311 = MANIFOLD_SOLID_BREP ( 'NONE', #1568 ) ;
#2312 = CARTESIAN_POINT ( 'NONE',  ( 15.00000000000000000, 6.000000000000000000, 2.875000000000000000 ) ) ;
#2313 = LINE ( 'NONE', #3376, #2919 ) ;
#2314 = CLOSED_SHELL ( 'NONE', ( #281, #1836, #1466, #2129, #2143, #181, #786, #3707, #444, #2466, #2612, #2809, #2653, #4588, #2040, #1290, #537, #4119 ) ) ;
#2315 = ORIENTED_EDGE ( 'NONE', *, *, #3783, .F. ) ;
#2316 = VECTOR ( 'NONE', #2508, 1000.000000000000000 ) ;
#2317 = ORIENTED_EDGE ( 'NONE', *, *, #1152, .T. ) ;
#2318 = LOCAL_TIME ( 21, 30, 2.000000000000000000, #4041 ) ;
#2319 = DIRECTION ( 'NONE',  ( 1.000000000000000000, 0.000000000000000000, -1.156482317317871478E-16 ) ) ;
#2320 = EDGE_CURVE ( 'NONE', #4359, #1652, #2415, .T. ) ;
#2321 = DATE_TIME_ROLE ( 'classification_date' ) ;
#2322 = VECTOR ( 'NONE', #163, 1000.000000000000000 ) ;
#2323 = ORIENTED_EDGE ( 'NONE', *, *, #863, .F. ) ;
#2324 = LOCAL_TIME ( 21, 30, 2.000000000000000000, #1000 ) ;
#2325 = ADVANCED_FACE ( 'NONE', ( #650 ), #601, .T. ) ;
#2326 = CC_DESIGN_SECURITY_CLASSIFICATION ( #1141, ( #2928 ) ) ;
#2327 = APPLICATION_PROTOCOL_DEFINITION ( 'international standard', 'config_control_design', 1994, #3704 ) ;
#2328 = LINE ( 'NONE', #3736, #2250 ) ;
#2329 = CARTESIAN_POINT ( 'NONE',  ( -37.50000000000000000, -2.296212748401289944E-15, 0.000000000000000000 ) ) ;
#2330 = CARTESIAN_POINT ( 'NONE',  ( 32.30000000000001137, 58.73527075499401917, 0.000000000000000000 ) ) ;
#2331 = EDGE_CURVE ( 'NONE', #4048, #3981, #3808, .T. ) ;
#2332 = ORIENTED_EDGE ( 'NONE', *, *, #4183, .F. ) ;
#2333 = MANIFOLD_SOLID_BREP ( 'Chamfer1', #1343 ) ;
#2334 = LINE ( 'NONE', #4055, #1912 ) ;
#2335 = DIRECTION ( 'NONE',  ( 0.000000000000000000, -1.000000000000000000, 0.000000000000000000 ) ) ;
#2336 = DIRECTION ( 'NONE',  ( 0.000000000000000000, 0.000000000000000000, 1.000000000000000000 ) ) ;
#2337 = PLANE ( 'NONE',  #1418 ) ;
#2338 = UNCERTAINTY_MEASURE_WITH_UNIT (LENGTH_MEASURE( 1.000000000000000082E-05 ), #1677, 'distance_accuracy_value', 'NONE');
#2339 = ORIENTED_EDGE ( 'NONE', *, *, #1544, .T. ) ;
#2340 = PLANE ( 'NONE',  #1709 ) ;
#2341 = DIRECTION ( 'NONE',  ( 1.000000000000000000, 0.000000000000000000, 0.000000000000000000 ) ) ;
#2342 = LINE ( 'NONE', #3030, #2247 ) ;
#2343 = LINE ( 'NONE', #2687, #4324 ) ;
#2344 = ORIENTED_EDGE ( 'NONE', *, *, #3231, .T. ) ;
#2345 = FACE_OUTER_BOUND ( 'NONE', #3226, .T. ) ;
#2346 = VERTEX_POINT ( 'NONE', #1691 ) ;
#2347 = ORIENTED_EDGE ( 'NONE', *, *, #4140, .F. ) ;
#2348 = EDGE_CURVE ( 'NONE', #3059, #66, #2065, .T. ) ;
#2349 = VECTOR ( 'NONE', #3365, 1000.000000000000000 ) ;
#2350 = MECHANICAL_CONTEXT ( 'NONE', #3769, 'mechanical' ) ;
#2351 = EDGE_CURVE ( 'NONE', #2996, #1886, #618, .T. ) ;
#2352 = CARTESIAN_POINT ( 'NONE',  ( 40.00000014901190326, -1.438027697166220142E-31, 3.500000000000369926 ) ) ;
#2353 = ORIENTED_EDGE ( 'NONE', *, *, #3194, .T. ) ;
#2354 = CC_DESIGN_DATE_AND_TIME_ASSIGNMENT ( #1680, #267, ( #1213 ) ) ;
#2355 = CARTESIAN_POINT ( 'NONE',  ( 15.00000000000000000, 6.000000000000000000, -1.274999999999999689 ) ) ;
#2356 = CARTESIAN_POINT ( 'NONE',  ( -7.703719777548943412E-31, 0.000000000000000000, -32.30000000000000426 ) ) ;
#2357 =( NAMED_UNIT ( * ) SI_UNIT ( $, .STERADIAN. ) SOLID_ANGLE_UNIT ( ) );
#2358 = DIRECTION ( 'NONE',  ( 1.000000000000000000, 0.000000000000000000, 0.000000000000000000 ) ) ;
#2359 = PRODUCT_RELATED_PRODUCT_CATEGORY ( 'detail', '', ( #1588 ) ) ;
#2360 = ORIENTED_EDGE ( 'NONE', *, *, #723, .T. ) ;
#2361 = VECTOR ( 'NONE', #4242, 1000.000000000000000 ) ;
#2362 = FACE_OUTER_BOUND ( 'NONE', #3768, .T. ) ;
#2363 = CARTESIAN_POINT ( 'NONE',  ( 37.00000000000000000, 8.050000000000000711, 27.79999999999999716 ) ) ;
#2364 = CARTESIAN_POINT ( 'NONE',  ( 10.00000014901189971, -8.484363381672159562E-32, 28.00000000000069988 ) ) ;
#2365 = EDGE_LOOP ( 'NONE', ( #2062, #588, #4160, #3002 ) ) ;
#2366 = CARTESIAN_POINT ( 'NONE',  ( 30.30000000000000071, 2.500000000000000000, -30.30000000000000071 ) ) ;
#2367 = COORDINATED_UNIVERSAL_TIME_OFFSET ( 2, 0, .AHEAD. ) ;
#2368 = EDGE_LOOP ( 'NONE', ( #4415, #3021, #2884, #2949 ) ) ;
#2369 = EDGE_CURVE ( 'NONE', #2640, #2866, #4501, .T. ) ;
#2370 = APPROVAL_STATUS ( 'not_yet_approved' ) ;
#2371 = DIRECTION ( 'NONE',  ( 0.000000000000000000, 0.000000000000000000, 1.000000000000000000 ) ) ;
#2372 = CARTESIAN_POINT ( 'NONE',  ( 40.00000014901190326, -8.484363381672159562E-32, 7.000000000000750511 ) ) ;
#2373 = DIRECTION ( 'NONE',  ( 0.000000000000000000, -1.000000000000000000, 0.000000000000000000 ) ) ;
#2374 = VECTOR ( 'NONE', #2586, 1000.000000000000000 ) ;
#2375 = ORIENTED_EDGE ( 'NONE', *, *, #3082, .T. ) ;
#2376 = CARTESIAN_POINT ( 'NONE',  ( 0.000000000000000000, 0.000000000000000000, 0.000000000000000000 ) ) ;
#2377 = EDGE_CURVE ( 'NONE', #458, #3377, #968, .T. ) ;
#2378 = CARTESIAN_POINT ( 'NONE',  ( 0.000000000000000000, 2.500000000000000000, -32.30000000000000426 ) ) ;
#2379 = DIRECTION ( 'NONE',  ( -1.000000000000000000, 0.000000000000000000, 0.000000000000000000 ) ) ;
#2380 = VERTEX_POINT ( 'NONE', #1958 ) ;
#2381 = DIRECTION ( 'NONE',  ( 0.7071067811865474617, 0.7071067811865474617, 0.000000000000000000 ) ) ;
#2382 = AXIS2_PLACEMENT_3D ( 'NONE', #3133, #279, #1002 ) ;
#2383 = CARTESIAN_POINT ( 'NONE',  ( 30.30000000000000071, 1.500000000000000000, -2.000000000000000000 ) ) ;
#2384 = FACE_OUTER_BOUND ( 'NONE', #3839, .T. ) ;
#2385 = ADVANCED_FACE ( 'NONE', ( #3375 ), #1611, .T. ) ;
#2386 = VECTOR ( 'NONE', #377, 1000.000000000000000 ) ;
#2387 = ORIENTED_EDGE ( 'NONE', *, *, #4403, .F. ) ;
#2388 = VECTOR ( 'NONE', #1499, 1000.000000000000000 ) ;
#2389 = AXIS2_PLACEMENT_3D ( 'NONE', #1826, #2827, #2199 ) ;
#2390 = CALENDAR_DATE ( 2026, 24, 9 ) ;
#2391 = ORIENTED_EDGE ( 'NONE', *, *, #1021, .T. ) ;
#2392 = PRODUCT_DEFINITION_FORMATION_WITH_SPECIFIED_SOURCE ( 'ANY', '', #4046, .NOT_KNOWN. ) ;
#2393 = COORDINATED_UNIVERSAL_TIME_OFFSET ( 2, 0, .AHEAD. ) ;
#2394 = DIRECTION ( 'NONE',  ( 0.000000000000000000, -1.000000000000000000, 0.000000000000000000 ) ) ;
#2395 = DIRECTION ( 'NONE',  ( 0.000000000000000000, -1.000000000000000000, 0.000000000000000000 ) ) ;
#2396 = VECTOR ( 'NONE', #1340, 1000.000000000000000 ) ;
#2397 = ORIENTED_EDGE ( 'NONE', *, *, #1079, .T. ) ;
#2398 = LOCAL_TIME ( 21, 30, 2.000000000000000000, #1600 ) ;
#2399 = DIRECTION ( 'NONE',  ( -1.000000000000000000, 3.595069229522839803E-33, 0.000000000000000000 ) ) ;
#2400 = CARTESIAN_POINT ( 'NONE',  ( 0.000000000000000000, 0.000000000000000000, -32.30000000000000426 ) ) ;
#2401 = MECHANICAL_CONTEXT ( 'NONE', #3001, 'mechanical' ) ;
#2402 = CARTESIAN_POINT ( 'NONE',  ( 10.00000014901159950, -2.250000000000000000, 26.00000038743019815 ) ) ;
#2403 = EDGE_CURVE ( 'NONE', #2649, #1073, #1012, .T. ) ;
#2404 = VERTEX_POINT ( 'NONE', #1983 ) ;
#2405 = CALENDAR_DATE ( 2026, 24, 9 ) ;
#2406 = CARTESIAN_POINT ( 'NONE',  ( -35.29999999999939320, -11.00000000000000000, 1.209948807812110096E-11 ) ) ;
#2407 = CARTESIAN_POINT ( 'NONE',  ( -1.340359828622188345E-16, -1.249999999999998446, -32.30000000000000426 ) ) ;
#2408 = PLANE ( 'NONE',  #1204 ) ;
#2409 = ORIENTED_EDGE ( 'NONE', *, *, #3994, .F. ) ;
#2410 = ADVANCED_FACE ( 'NONE', ( #926 ), #269, .T. ) ;
#2411 = EDGE_CURVE ( 'NONE', #4226, #374, #3396, .T. ) ;
#2412 = DATE_AND_TIME ( #951, #909 ) ;
#2413 = ORIENTED_EDGE ( 'NONE', *, *, #2968, .F. ) ;
#2414 = PERSON_AND_ORGANIZATION_ROLE ( 'creator' ) ;
#2415 = LINE ( 'NONE', #4142, #3283 ) ;
#2416 = FACE_OUTER_BOUND ( 'NONE', #550, .T. ) ;
#2417 = VERTEX_POINT ( 'NONE', #640 ) ;
#2418 = SHAPE_REPRESENTATION ( 'balama', ( #861 ), #2202 ) ;
#2419 = VECTOR ( 'NONE', #1792, 1000.000000000000000 ) ;
#2420 =( GEOMETRIC_REPRESENTATION_CONTEXT ( 3 ) GLOBAL_UNCERTAINTY_ASSIGNED_CONTEXT ( ( #894 ) ) GLOBAL_UNIT_ASSIGNED_CONTEXT ( ( #3885, #1699, #3179 ) ) REPRESENTATION_CONTEXT ( 'NONE', 'WORKASPACE' ) );
#2421 = DIRECTION ( 'NONE',  ( 0.000000000000000000, 0.000000000000000000, 1.000000000000000000 ) ) ;
#2422 = DIRECTION ( 'NONE',  ( 1.000000000000000000, 0.000000000000000000, 0.000000000000000000 ) ) ;
#2423 = PLANE ( 'NONE',  #1866 ) ;
#2424 = DESIGN_CONTEXT ( 'detailed design', #2026, 'design' ) ;
#2425 = ORIENTED_EDGE ( 'NONE', *, *, #3889, .F. ) ;
#2426 = PERSON_AND_ORGANIZATION ( #3475, #2623 ) ;
#2427 = CARTESIAN_POINT ( 'NONE',  ( 0.2000000000006940115, -9.000000000000000000, 30.00000000000599698 ) ) ;
#2428 = EDGE_CURVE ( 'NONE', #2285, #2921, #3098, .T. ) ;
#2429 = FACE_OUTER_BOUND ( 'NONE', #3223, .T. ) ;
#2430 = LINE ( 'NONE', #3465, #160 ) ;
#2431 = CARTESIAN_POINT ( 'NONE',  ( 15.00000000000000000, 5.499999999999997335, 1.050000000000000933 ) ) ;
#2432 = ORIENTED_EDGE ( 'NONE', *, *, #790, .T. ) ;
#2433 = EDGE_CURVE ( 'NONE', #2404, #2272, #1061, .T. ) ;
#2434 = ADVANCED_BREP_SHAPE_REPRESENTATION ( '', ( #3857, #861 ), #3676 ) ;
#2435 = PERSON_AND_ORGANIZATION_ROLE ( 'classification_officer' ) ;
#2436 = ORIENTED_EDGE ( 'NONE', *, *, #2190, .F. ) ;
#2437 = PERSON_AND_ORGANIZATION_ROLE ( 'design_supplier' ) ;
#2438 = DIRECTION ( 'NONE',  ( 0.000000000000000000, 0.000000000000000000, 1.000000000000000000 ) ) ;
#2439 = CARTESIAN_POINT ( 'NONE',  ( 45.00000000000000000, 10.50000000000000000, 32.00000000000000000 ) ) ;
#2440 = VECTOR ( 'NONE', #4101, 1000.000000000000000 ) ;
#2441 = ORIENTED_EDGE ( 'NONE', *, *, #760, .T. ) ;
#2442 = CARTESIAN_POINT ( 'NONE',  ( 34.99999997019770603, 8.000000119209289551, 5.000000000000000000 ) ) ;
#2443 = EDGE_CURVE ( 'NONE', #4064, #4461, #176, .T. ) ;
#2444 = LINE ( 'NONE', #332, #3155 ) ;
#2445 = DIRECTION ( 'NONE',  ( 0.000000000000000000, 0.000000000000000000, -1.000000000000000000 ) ) ;
#2446 = VECTOR ( 'NONE', #2559, 1000.000000000000000 ) ;
#2447 = LINE ( 'NONE', #3080, #1620 ) ;
#2448 = APPROVAL_ROLE ( '' ) ;
#2449 = DIRECTION ( 'NONE',  ( 0.000000000000000000, 0.000000000000000000, 1.000000000000000000 ) ) ;
#2450 = CARTESIAN_POINT ( 'NONE',  ( 43.00000000000000000, 29.44999999999999929, 13.89999999999999858 ) ) ;
#2451 = CARTESIAN_POINT ( 'NONE',  ( 0.000000000000000000, 37.49998785333140461, 0.000000000000000000 ) ) ;
#2452 = CARTESIAN_POINT ( 'NONE',  ( 43.00000000000000000, 29.44999999999999929, 28.60000000000000142 ) ) ;
#2453 = EDGE_CURVE ( 'NONE', #2216, #2027, #2148, .T. ) ;
#2454 = VERTEX_POINT ( 'NONE', #4219 ) ;
#2455 = VECTOR ( 'NONE', #3512, 999.9999999999998863 ) ;
#2456 = CALENDAR_DATE ( 2026, 24, 9 ) ;
#2457 = CARTESIAN_POINT ( 'NONE',  ( 2.000000000000000000, 21.00000000000000000, 31.50000000000000000 ) ) ;
#2458 = VERTEX_POINT ( 'NONE', #1768 ) ;
#2459 = VECTOR ( 'NONE', #866, 1000.000000000000000 ) ;
#2460 = EDGE_CURVE ( 'NONE', #3360, #3531, #110, .T. ) ;
#2461 = VECTOR ( 'NONE', #3260, 1000.000000000000000 ) ;
#2462 = DIRECTION ( 'NONE',  ( 0.000000000000000000, -1.000000000000000000, 0.000000000000000000 ) ) ;
#2463 = CALENDAR_DATE ( 2026, 24, 9 ) ;
#2464 = LINE ( 'NONE', #979, #4462 ) ;
#2465 = EDGE_CURVE ( 'NONE', #4238, #2971, #2105, .T. ) ;
#2466 = ADVANCED_FACE ( 'NONE', ( #2429 ), #1451, .F. ) ;
#2467 = ORIENTED_EDGE ( 'NONE', *, *, #3330, .F. ) ;
#2468 = VECTOR ( 'NONE', #2741, 1000.000000000000000 ) ;
#2469 = CARTESIAN_POINT ( 'NONE',  ( -2.000000000000000000, 32.98552262796359713, 31.48755899268229541 ) ) ;
#2470 = EDGE_CURVE ( 'NONE', #3560, #3611, #4315, .T. ) ;
#2471 = DIRECTION ( 'NONE',  ( 0.000000000000000000, 0.000000000000000000, -1.000000000000000000 ) ) ;
#2472 = VECTOR ( 'NONE', #4452, 1000.000000000000000 ) ;
#2473 = CARTESIAN_POINT ( 'NONE',  ( 43.00000000000000000, 2.000000000000000000, 0.000000000000000000 ) ) ;
#2474 = LOCAL_TIME ( 21, 30, 2.000000000000000000, #4267 ) ;
#2475 = ORIENTED_EDGE ( 'NONE', *, *, #2972, .F. ) ;
#2476 = EDGE_LOOP ( 'NONE', ( #4043, #2701, #1086, #3694 ) ) ;
#2477 = LINE ( 'NONE', #1057, #887 ) ;
#2478 = CALENDAR_DATE ( 2026, 24, 9 ) ;
#2479 = LINE ( 'NONE', #3486, #3711 ) ;
#2480 = CARTESIAN_POINT ( 'NONE',  ( -34.25000023096799850, -2.097207657682549948E-15, 31.00000000000000000 ) ) ;
#2481 = CARTESIAN_POINT ( 'NONE',  ( 43.00000000000000000, 2.000000000000000000, 32.00000000000000000 ) ) ;
#2482 = DIRECTION ( 'NONE',  ( 0.000000000000000000, -1.000000000000000000, 0.000000000000000000 ) ) ;
#2483 = ORIENTED_EDGE ( 'NONE', *, *, #3629, .F. ) ;
#2484 = PERSON_AND_ORGANIZATION ( #4099, #3721 ) ;
#2485 = CARTESIAN_POINT ( 'NONE',  ( 37.00000000000000000, 29.44999999999999929, 27.79999999999999716 ) ) ;
#2486 = VERTEX_POINT ( 'NONE', #1475 ) ;
#2487 = CARTESIAN_POINT ( 'NONE',  ( 11.00000000000000000, 6.000000000000000000, -2.200000000000000178 ) ) ;
#2488 = APPROVAL_DATE_TIME ( #720, #1945 ) ;
#2489 = ORIENTED_EDGE ( 'NONE', *, *, #818, .T. ) ;
#2490 = EDGE_LOOP ( 'NONE', ( #2034, #59, #811, #2885 ) ) ;
#2491 = EDGE_CURVE ( 'NONE', #394, #1916, #412, .T. ) ;
#2492 = FACE_OUTER_BOUND ( 'NONE', #3620, .T. ) ;
#2493 = PLANE ( 'NONE',  #3198 ) ;
#2494 = CARTESIAN_POINT ( 'NONE',  ( 43.00000000000000000, 7.250000000000000000, 28.60000000000000142 ) ) ;
#2495 = CC_DESIGN_DATE_AND_TIME_ASSIGNMENT ( #1140, #2206, ( #3596 ) ) ;
#2496 = AXIS2_PLACEMENT_3D ( 'NONE', #922, #2336, #3743 ) ;
#2497 = VERTEX_POINT ( 'NONE', #385 ) ;
#2498 = CARTESIAN_POINT ( 'NONE',  ( 40.00000014901190326, -2.250000000000000000, 7.000000000000750511 ) ) ;
#2499 = PERSON_AND_ORGANIZATION ( #3475, #2623 ) ;
#2500 = VECTOR ( 'NONE', #4397, 1000.000000000000000 ) ;
#2501 = FACE_OUTER_BOUND ( 'NONE', #2054, .T. ) ;
#2502 = DIRECTION ( 'NONE',  ( 0.7071067811865480168, 8.659560562354919300E-17, 0.7071067811865470176 ) ) ;
#2503 = DIRECTION ( 'NONE',  ( 0.000000000000000000, 0.000000000000000000, 1.000000000000000000 ) ) ;
#2504 = LINE ( 'NONE', #3916, #2543 ) ;
#2505 =( REPRESENTATION_RELATIONSHIP ('NONE','NONE', #4025, #2418 ) REPRESENTATION_RELATIONSHIP_WITH_TRANSFORMATION ( #998 )SHAPE_REPRESENTATION_RELATIONSHIP( ) );
#2506 = ORIENTED_EDGE ( 'NONE', *, *, #3022, .T. ) ;
#2507 = APPROVAL_DATE_TIME ( #3470, #503 ) ;
#2508 = DIRECTION ( 'NONE',  ( 0.000000000000000000, 0.000000000000000000, 1.000000000000000000 ) ) ;
#2509 = ORIENTED_EDGE ( 'NONE', *, *, #478, .T. ) ;
#2510 = PLANE ( 'NONE',  #443 ) ;
#2511 = PERSON_AND_ORGANIZATION ( #3475, #2623 ) ;
#2512 = ORIENTED_EDGE ( 'NONE', *, *, #2515, .T. ) ;
#2513 = ORIENTED_EDGE ( 'NONE', *, *, #2428, .T. ) ;
#2514 = VERTEX_POINT ( 'NONE', #3837 ) ;
#2515 = EDGE_CURVE ( 'NONE', #4083, #2239, #1799, .T. ) ;
#2516 = CARTESIAN_POINT ( 'NONE',  ( 43.00000000000000000, 7.250000000000000000, 27.79999999999999716 ) ) ;
#2517 = AXIS2_PLACEMENT_3D ( 'NONE', #2262, #1606, #4421 ) ;
#2518 = CARTESIAN_POINT ( 'NONE',  ( 2.000000000000000000, 1.500000000000000000, -2.000000000000000000 ) ) ;
#2519 = FACE_OUTER_BOUND ( 'NONE', #2163, .T. ) ;
#2520 = PRODUCT ( 'externalWindow', 'externalWindow', '', ( #2800 ) ) ;
#2521 = ORIENTED_EDGE ( 'NONE', *, *, #4455, .F. ) ;
#2522 = EDGE_CURVE ( 'NONE', #3068, #3301, #315, .T. ) ;
#2523 = CARTESIAN_POINT ( 'NONE',  ( 6.298116734255841939E-15, 3.750000000000003553, -32.30000000000000426 ) ) ;
#2524 = DATE_AND_TIME ( #1101, #4188 ) ;
#2525 = CARTESIAN_POINT ( 'NONE',  ( 45.00000000000000000, 37.50000000000000000, 0.000000000000000000 ) ) ;
#2526 = LINE ( 'NONE', #2126, #2170 ) ;
#2527 = LINE ( 'NONE', #2179, #2837 ) ;
#2528 = ORIENTED_EDGE ( 'NONE', *, *, #4403, .T. ) ;
#2529 = EDGE_CURVE ( 'NONE', #3458, #1773, #1728, .T. ) ;
#2530 = PERSON_AND_ORGANIZATION_ROLE ( 'classification_officer' ) ;
#2531 = DIRECTION ( 'NONE',  ( 0.000000000000000000, 0.000000000000000000, -1.000000000000000000 ) ) ;
#2532 = EDGE_CURVE ( 'NONE', #117, #4475, #3862, .T. ) ;
#2533 = EDGE_LOOP ( 'NONE', ( #804, #3332 ) ) ;
#2534 = CARTESIAN_POINT ( 'NONE',  ( 30.30000000000000071, 1.500000000000000000, -30.30000000000000071 ) ) ;
#2535 = SECURITY_CLASSIFICATION_LEVEL ( 'unclassified' ) ;
#2536 = EDGE_LOOP ( 'NONE', ( #439, #3095, #2060, #1966 ) ) ;
#2537 = VECTOR ( 'NONE', #590, 1000.000000000000000 ) ;
#2538 = VERTEX_POINT ( 'NONE', #687 ) ;
#2539 = AXIS2_PLACEMENT_3D ( 'NONE', #1979, #3416, #245 ) ;
#2540 = VERTEX_POINT ( 'NONE', #2125 ) ;
#2541 = PLANE ( 'NONE',  #214 ) ;
#2542 = SECURITY_CLASSIFICATION ( '', '', #3381 ) ;
#2543 = VECTOR ( 'NONE', #734, 1000.000000000000000 ) ;
#2544 = DIRECTION ( 'NONE',  ( -1.196634779751784481E-16, 1.283136950649163206E-32, 1.000000000000000000 ) ) ;
#2545 = CARTESIAN_POINT ( 'NONE',  ( 29.75000000000000000, 28.00000041723249922, 2.000000000000000000 ) ) ;
#2546 = VECTOR ( 'NONE', #3397, 1000.000000000000000 ) ;
#2547 = ORIENTED_EDGE ( 'NONE', *, *, #2268, .T. ) ;
#2548 = DIRECTION ( 'NONE',  ( 0.000000000000000000, 0.000000000000000000, 1.000000000000000000 ) ) ;
#2549 = DIRECTION ( 'NONE',  ( -3.226551062865470171E-13, 0.000000000000000000, 1.000000000000000000 ) ) ;
#2550 = CC_DESIGN_SECURITY_CLASSIFICATION ( #26, ( #3581 ) ) ;
#2551 =( NAMED_UNIT ( * ) PLANE_ANGLE_UNIT ( ) SI_UNIT ( $, .RADIAN. ) );
#2552 = DIRECTION ( 'NONE',  ( -3.595069229522839803E-33, -1.000000000000000000, 0.000000000000000000 ) ) ;
#2553 = ORIENTED_EDGE ( 'NONE', *, *, #3022, .F. ) ;
#2554 = LOCAL_TIME ( 21, 30, 2.000000000000000000, #2717 ) ;
#2555 = ADVANCED_FACE ( 'NONE', ( #4291 ), #1748, .T. ) ;
#2556 = DIRECTION ( 'NONE',  ( 0.000000000000000000, -1.000000000000000000, 0.000000000000000000 ) ) ;
#2557 = ORIENTED_EDGE ( 'NONE', *, *, #1443, .F. ) ;
#2558 = EDGE_CURVE ( 'NONE', #494, #1278, #2856, .T. ) ;
#2559 = DIRECTION ( 'NONE',  ( 8.217301096052209613E-34, -1.000000000000000000, -1.558207753859869728E-16 ) ) ;
#2560 = DATE_AND_TIME ( #3664, #2842 ) ;
#2561 = ORIENTED_EDGE ( 'NONE', *, *, #3971, .T. ) ;
#2562 = ORIENTED_EDGE ( 'NONE', *, *, #4321, .F. ) ;
#2563 = CC_DESIGN_DATE_AND_TIME_ASSIGNMENT ( #3036, #255, ( #607 ) ) ;
#2564 = ORIENTED_EDGE ( 'NONE', *, *, #1129, .F. ) ;
#2565 = LINE ( 'NONE', #3982, #4331 ) ;
#2566 = CARTESIAN_POINT ( 'NONE',  ( 15.00000000000000000, 0.000000000000000000, 1.050000000000000933 ) ) ;
#2567 = CARTESIAN_POINT ( 'NONE',  ( 15.00000000000000000, 5.499999999999997335, 2.875000000000000000 ) ) ;
#2568 = EDGE_LOOP ( 'NONE', ( #3270, #1937 ) ) ;
#2569 = CARTESIAN_POINT ( 'NONE',  ( 30.30000000000000071, 2.500000000000000000, -2.000000000000000000 ) ) ;
#2570 = CARTESIAN_POINT ( 'NONE',  ( 45.00000000000000000, 77.50000000000000000, 2.000000000000000000 ) ) ;
#2571 = DIRECTION ( 'NONE',  ( 0.000000000000000000, 0.000000000000000000, -1.000000000000000000 ) ) ;
#2572 = ORIENTED_EDGE ( 'NONE', *, *, #2585, .F. ) ;
#2573 = VECTOR ( 'NONE', #1603, 1000.000000000000000 ) ;
#2574 = EDGE_CURVE ( 'NONE', #1073, #2458, #2177, .T. ) ;
#2575 = LINE ( 'NONE', #1875, #3278 ) ;
#2576 = ORIENTED_EDGE ( 'NONE', *, *, #2529, .T. ) ;
#2577 = EDGE_CURVE ( 'NONE', #3104, #111, #1623, .T. ) ;
#2578 = DIRECTION ( 'NONE',  ( 0.000000000000000000, 0.000000000000000000, -1.000000000000000000 ) ) ;
#2579 = APPLICATION_PROTOCOL_DEFINITION ( 'international standard', 'config_control_design', 1994, #4429 ) ;
#2580 = ORIENTED_EDGE ( 'NONE', *, *, #1919, .T. ) ;
#2581 = ORIENTED_EDGE ( 'NONE', *, *, #1659, .T. ) ;
#2582 = ORIENTED_EDGE ( 'NONE', *, *, #2460, .F. ) ;
#2583 = CARTESIAN_POINT ( 'NONE',  ( 0.000000000000000000, 0.000000000000000000, 0.000000000000000000 ) ) ;
#2584 = CARTESIAN_POINT ( 'NONE',  ( 43.00000000000000000, 8.050000000000000711, 27.79999999999999716 ) ) ;
#2585 = EDGE_CURVE ( 'NONE', #3635, #2486, #1948, .T. ) ;
#2586 = DIRECTION ( 'NONE',  ( 0.000000000000000000, 0.000000000000000000, 1.000000000000000000 ) ) ;
#2587 = ORIENTED_EDGE ( 'NONE', *, *, #1302, .T. ) ;
#2588 = LINE ( 'NONE', #3936, #3106 ) ;
#2589 = FACE_OUTER_BOUND ( 'NONE', #3978, .T. ) ;
#2590 = LINE ( 'NONE', #2266, #3786 ) ;
#2591 = EDGE_LOOP ( 'NONE', ( #514, #1618, #1737, #1177 ) ) ;
#2592 = VECTOR ( 'NONE', #409, 1000.000000000000000 ) ;
#2593 = COORDINATED_UNIVERSAL_TIME_OFFSET ( 2, 0, .AHEAD. ) ;
#2594 = DIRECTION ( 'NONE',  ( 0.000000000000000000, 0.000000000000000000, 1.000000000000000000 ) ) ;
#2595 = EDGE_LOOP ( 'NONE', ( #1464, #3520, #3969, #2936 ) ) ;
#2596 = VECTOR ( 'NONE', #369, 1000.000000000000000 ) ;
#2597 = PLANE ( 'NONE',  #2967 ) ;
#2598 = DATE_AND_TIME ( #1183, #2617 ) ;
#2599 = ORIENTED_EDGE ( 'NONE', *, *, #3821, .F. ) ;
#2600 = EDGE_LOOP ( 'NONE', ( #1604, #463, #551, #2815 ) ) ;
#2601 = EDGE_CURVE ( 'NONE', #4332, #329, #107, .T. ) ;
#2602 = APPROVAL_DATE_TIME ( #162, #3917 ) ;
#2603 = PLANE ( 'NONE',  #3804 ) ;
#2604 = AXIS2_PLACEMENT_3D ( 'NONE', #802, #63, #490 ) ;
#2605 = CYLINDRICAL_SURFACE ( 'NONE', #1598, 3.250000000000000000 ) ;
#2606 = VECTOR ( 'NONE', #923, 1000.000000000000000 ) ;
#2607 = DIRECTION ( 'NONE',  ( -8.217301096052209613E-34, 1.000000000000000000, 0.000000000000000000 ) ) ;
#2608 = EDGE_CURVE ( 'NONE', #4166, #2380, #884, .T. ) ;
#2609 = VECTOR ( 'NONE', #4496, 1000.000000000000000 ) ;
#2610 = ORIENTED_EDGE ( 'NONE', *, *, #3629, .T. ) ;
#2611 = CC_DESIGN_PERSON_AND_ORGANIZATION_ASSIGNMENT ( #1992, #3384, ( #2935 ) ) ;
#2612 = ADVANCED_FACE ( 'NONE', ( #914 ), #2301, .F. ) ;
#2613 = CIRCLE ( 'NONE', #388, 1.824999999999998845 ) ;
#2614 = DIRECTION ( 'NONE',  ( 0.000000000000000000, 1.000000000000000000, 0.000000000000000000 ) ) ;
#2615 = CARTESIAN_POINT ( 'NONE',  ( 0.2000000000006469936, -4.999999877065420151, 4.500000000006049383 ) ) ;
#2616 = CARTESIAN_POINT ( 'NONE',  ( 14.99999999999999822, 6.000000000000000000, -2.199999999999999734 ) ) ;
#2617 = LOCAL_TIME ( 21, 30, 2.000000000000000000, #4370 ) ;
#2618 = ORIENTED_EDGE ( 'NONE', *, *, #1582, .F. ) ;
#2619 = DATE_AND_TIME ( #2904, #2094 ) ;
#2620 = DIRECTION ( 'NONE',  ( 0.000000000000000000, 0.000000000000000000, 1.000000000000000000 ) ) ;
#2621 = EDGE_LOOP ( 'NONE', ( #2878, #852, #2391, #4442 ) ) ;
#2622 = AXIS2_PLACEMENT_3D ( 'NONE', #797, #445, #4334 ) ;
#2623 = ORGANIZATION ( 'UNSPECIFIED', 'UNSPECIFIED', '' ) ;
#2624 = EDGE_CURVE ( 'NONE', #7, #2640, #185, .T. ) ;
#2625 = CARTESIAN_POINT ( 'NONE',  ( 14.09999999999999964, 3.750000000000000000, -32.30000000000000426 ) ) ;
#2626 = DATE_AND_TIME ( #133, #1795 ) ;
#2627 = ORIENTED_EDGE ( 'NONE', *, *, #2577, .F. ) ;
#2628 = ADVANCED_FACE ( 'NONE', ( #1971 ), #3386, .T. ) ;
#2629 = APPROVAL_ROLE ( '' ) ;
#2630 = CARTESIAN_POINT ( 'NONE',  ( 2.000000000000000000, 1.500000000000000000, -30.30000000000000071 ) ) ;
#2631 = CARTESIAN_POINT ( 'NONE',  ( 0.000000000000000000, 4.485522627963559827, 2.243779496341149926 ) ) ;
#2632 = CARTESIAN_POINT ( 'NONE',  ( 40.00000014901190326, 0.000000000000000000, 9.000000000000747846 ) ) ;
#2633 = ORIENTED_EDGE ( 'NONE', *, *, #392, .T. ) ;
#2634 = EDGE_CURVE ( 'NONE', #4237, #2272, #3809, .T. ) ;
#2635 = VECTOR ( 'NONE', #1153, 1000.000000000000000 ) ;
#2636 = DIRECTION ( 'NONE',  ( 0.000000000000000000, 0.000000000000000000, 1.000000000000000000 ) ) ;
#2637 = LINE ( 'NONE', #4056, #602 ) ;
#2638 = CARTESIAN_POINT ( 'NONE',  ( 43.00000000000000000, 14.72499999999999964, 28.60000000000000142 ) ) ;
#2639 = CC_DESIGN_PERSON_AND_ORGANIZATION_ASSIGNMENT ( #2111, #371, ( #3346 ) ) ;
#2640 = VERTEX_POINT ( 'NONE', #4531 ) ;
#2641 = DIRECTION ( 'NONE',  ( 0.000000000000000000, 0.000000000000000000, 1.000000000000000000 ) ) ;
#2642 = CC_DESIGN_PERSON_AND_ORGANIZATION_ASSIGNMENT ( #3061, #4485, ( #607 ) ) ;
#2643 = PRODUCT_DEFINITION_SHAPE ( 'NONE', 'NONE',  #4597 ) ;
#2644 = CARTESIAN_POINT ( 'NONE',  ( -2.000000000000000000, 32.67156183448699380, 32.00000000000000000 ) ) ;
#2645 = ORIENTED_EDGE ( 'NONE', *, *, #1317, .T. ) ;
#2646 = AXIS2_PLACEMENT_3D ( 'NONE', #2566, #1537, #2958 ) ;
#2647 = CARTESIAN_POINT ( 'NONE',  ( -37.50000000000000000, 40.00000000000000000, 0.000000000000000000 ) ) ;
#2648 = PERSON_AND_ORGANIZATION ( #3475, #2623 ) ;
#2649 = VERTEX_POINT ( 'NONE', #1341 ) ;
#2650 = DATE_AND_TIME ( #3018, #2398 ) ;
#2651 = DIRECTION ( 'NONE',  ( 0.000000000000000000, -1.000000000000000000, 0.000000000000000000 ) ) ;
#2652 = CARTESIAN_POINT ( 'NONE',  ( 43.00000000000000000, 4.025000000000000355, 27.79999999999999716 ) ) ;
#2653 = ADVANCED_FACE ( 'NONE', ( #1388 ), #1299, .T. ) ;
#2654 = ORIENTED_EDGE ( 'NONE', *, *, #1045, .T. ) ;
#2655 = FACE_OUTER_BOUND ( 'NONE', #3012, .T. ) ;
#2656 = CARTESIAN_POINT ( 'NONE',  ( -7.703719777548943412E-31, 0.000000000000000000, 0.000000000000000000 ) ) ;
#2657 = CARTESIAN_POINT ( 'NONE',  ( -31.00000046193600411, 0.000000000000000000, 31.00000000000000000 ) ) ;
#2658 = DESIGN_CONTEXT ( 'detailed design', #1780, 'design' ) ;
#2659 = ADVANCED_FACE ( 'NONE', ( #2740 ), #1318, .T. ) ;
#2660 = EDGE_CURVE ( 'NONE', #3398, #488, #4576, .T. ) ;
#2661 = EDGE_LOOP ( 'NONE', ( #2413, #3715, #2721, #3739 ) ) ;
#2662 = LINE ( 'NONE', #617, #378 ) ;
#2663 = DIRECTION ( 'NONE',  ( 0.7071068957064466920, 0.7071066666666296907, 0.000000000000000000 ) ) ;
#2664 = ORIENTED_EDGE ( 'NONE', *, *, #897, .T. ) ;
#2665 = VECTOR ( 'NONE', #352, 1000.000000000000000 ) ;
#2666 = EDGE_CURVE ( 'NONE', #4204, #1617, #1025, .T. ) ;
#2667 = ORIENTED_EDGE ( 'NONE', *, *, #669, .F. ) ;
#2668 = LINE ( 'NONE', #1572, #1188 ) ;
#2669 = ADVANCED_FACE ( 'NONE', ( #3085 ), #3501, .T. ) ;
#2670 = PERSON_AND_ORGANIZATION_ROLE ( 'classification_officer' ) ;
#2671 = EDGE_LOOP ( 'NONE', ( #1904, #837, #27, #1119 ) ) ;
#2672 = ORIENTED_EDGE ( 'NONE', *, *, #1069, .T. ) ;
#2673 = DATE_TIME_ROLE ( 'classification_date' ) ;
#2674 = DIRECTION ( 'NONE',  ( 0.000000000000000000, 0.000000000000000000, -1.000000000000000000 ) ) ;
#2675 = PLANE ( 'NONE',  #123 ) ;
#2676 = ORIENTED_EDGE ( 'NONE', *, *, #677, .T. ) ;
#2677 = AXIS2_PLACEMENT_3D ( 'NONE', #2077, #4241, #2103 ) ;
#2678 = LINE ( 'NONE', #3741, #2440 ) ;
#2679 = CARTESIAN_POINT ( 'NONE',  ( 15.00000000000000000, 6.000000000000000000, 1.050000000000000933 ) ) ;
#2680 = FACE_BOUND ( 'NONE', #1986, .T. ) ;
#2681 = VECTOR ( 'NONE', #3391, 1000.000000000000000 ) ;
#2682 = VECTOR ( 'NONE', #1171, 999.9999999999998863 ) ;
#2683 = VERTEX_POINT ( 'NONE', #260 ) ;
#2684 = LINE ( 'NONE', #4430, #3265 ) ;
#2685 = LOCAL_TIME ( 21, 30, 2.000000000000000000, #3752 ) ;
#2686 = DIRECTION ( 'NONE',  ( 0.000000000000000000, 0.000000000000000000, 1.000000000000000000 ) ) ;
#2687 = CARTESIAN_POINT ( 'NONE',  ( 45.00000000000000000, 27.00000000000000000, 17.00000000000000000 ) ) ;
#2688 = VECTOR ( 'NONE', #3893, 1000.000000000000000 ) ;
#2689 = ORIENTED_EDGE ( 'NONE', *, *, #2723, .T. ) ;
#2690 = EDGE_CURVE ( 'NONE', #2881, #2417, #603, .T. ) ;
#2691 = PLANE ( 'NONE',  #2737 ) ;
#2692 = CALENDAR_DATE ( 2026, 24, 9 ) ;
#2693 = VECTOR ( 'NONE', #1993, 1000.000000000000000 ) ;
#2694 = ORIENTED_EDGE ( 'NONE', *, *, #3645, .F. ) ;
#2695 = LOCAL_TIME ( 21, 30, 2.000000000000000000, #1797 ) ;
#2696 = APPROVAL ( #4189, 'UNSPECIFIED' ) ;
#2697 = CALENDAR_DATE ( 2026, 24, 9 ) ;
#2698 = CARTESIAN_POINT ( 'NONE',  ( 10.00000014901189971, -3.595069283093649989E-32, 14.00000000000040146 ) ) ;
#2699 = LINE ( 'NONE', #915, #2500 ) ;
#2700 = APPROVAL ( #321, 'UNKNOWN' ) ;
#2701 = ORIENTED_EDGE ( 'NONE', *, *, #2830, .F. ) ;
#2702 = CARTESIAN_POINT ( 'NONE',  ( 37.00000000000000000, 7.250000000000000000, 27.79999999999999716 ) ) ;
#2703 = LINE ( 'NONE', #3369, #4391 ) ;
#2704 = DIRECTION ( 'NONE',  ( 0.000000000000000000, 0.000000000000000000, 1.000000000000000000 ) ) ;
#2705 = ORIENTED_EDGE ( 'NONE', *, *, #4109, .T. ) ;
#2706 = FACE_OUTER_BOUND ( 'NONE', #3255, .T. ) ;
#2707 = CARTESIAN_POINT ( 'NONE',  ( -16.54999962784249945, -9.999999754130840302, 4.500000000006049383 ) ) ;
#2708 = PLANE ( 'NONE',  #981 ) ;
#2709 = EDGE_CURVE ( 'NONE', #658, #2200, #2464, .T. ) ;
#2710 = VERTEX_POINT ( 'NONE', #2771 ) ;
#2711 = DIRECTION ( 'NONE',  ( 1.000000000000000000, 0.000000000000000000, 0.000000000000000000 ) ) ;
#2712 = CALENDAR_DATE ( 2026, 24, 9 ) ;
#2713 = ORIENTED_EDGE ( 'NONE', *, *, #2208, .F. ) ;
#2714 = ADVANCED_FACE ( 'NONE', ( #3881 ), #629, .T. ) ;
#2715 = ORIENTED_EDGE ( 'NONE', *, *, #2369, .F. ) ;
#2716 = VECTOR ( 'NONE', #468, 1000.000000000000000 ) ;
#2717 = COORDINATED_UNIVERSAL_TIME_OFFSET ( 2, 0, .AHEAD. ) ;
#2718 = DIRECTION ( 'NONE',  ( -0.000000000000000000, 1.000000000000000000, 0.000000000000000000 ) ) ;
#2719 = DIRECTION ( 'NONE',  ( -1.072287862897752081E-16, -1.000000000000000000, 0.000000000000000000 ) ) ;
#2720 = CARTESIAN_POINT ( 'NONE',  ( 40.00000014901190326, -8.484363381672159562E-32, 28.00000000000069988 ) ) ;
#2721 = ORIENTED_EDGE ( 'NONE', *, *, #2690, .F. ) ;
#2722 = FACE_OUTER_BOUND ( 'NONE', #2671, .T. ) ;
#2723 = EDGE_CURVE ( 'NONE', #4226, #1911, #3456, .T. ) ;
#2724 = DIRECTION ( 'NONE',  ( 0.000000000000000000, 0.000000000000000000, 1.000000000000000000 ) ) ;
#2725 = DIRECTION ( 'NONE',  ( 1.000000000000000000, 0.000000000000000000, 0.000000000000000000 ) ) ;
#2726 = CARTESIAN_POINT ( 'NONE',  ( 0.000000000000000000, 32.98552262796359713, 4.487558992682310510 ) ) ;
#2727 = EDGE_LOOP ( 'NONE', ( #880, #1294, #4232, #3609 ) ) ;
#2728 = DIRECTION ( 'NONE',  ( -1.000000000000000000, 0.000000000000000000, 0.000000000000000000 ) ) ;
#2729 = CARTESIAN_POINT ( 'NONE',  ( 8.099999999999999645, 1.250000000000000000, -36.67999999999999972 ) ) ;
#2730 = LINE ( 'NONE', #2383, #1504 ) ;
#2731 = PLANE ( 'NONE',  #3569 ) ;
#2732 = ORIENTED_EDGE ( 'NONE', *, *, #1399, .F. ) ;
#2733 = AXIS2_PLACEMENT_3D ( 'NONE', #1390, #4212, #3479 ) ;
#2734 = PERSON_AND_ORGANIZATION ( #1597, #390 ) ;
#2735 =( REPRESENTATION_RELATIONSHIP ('NONE','NONE', #4025, #2902 ) REPRESENTATION_RELATIONSHIP_WITH_TRANSFORMATION ( #1665 )SHAPE_REPRESENTATION_RELATIONSHIP( ) );
#2736 = EDGE_LOOP ( 'NONE', ( #4187, #901, #3089, #454 ) ) ;
#2737 = AXIS2_PLACEMENT_3D ( 'NONE', #1291, #4215, #9 ) ;
#2738 = APPROVAL_STATUS ( 'not_yet_approved' ) ;
#2739 = DIRECTION ( 'NONE',  ( -1.000000000000000000, 0.000000000000000000, 0.000000000000000000 ) ) ;
#2740 = FACE_OUTER_BOUND ( 'NONE', #256, .T. ) ;
#2741 = DIRECTION ( 'NONE',  ( 0.000000000000000000, 1.000000000000000000, 0.000000000000000000 ) ) ;
#2742 = ADVANCED_FACE ( 'NONE', ( #2416 ), #1736, .F. ) ;
#2743 = VECTOR ( 'NONE', #2462, 1000.000000000000000 ) ;
#2744 = ORIENTED_EDGE ( 'NONE', *, *, #4162, .T. ) ;
#2745 = CARTESIAN_POINT ( 'NONE',  ( 11.00000000000000000, 6.000000000000000000, -2.200000000000000178 ) ) ;
#2746 = DIRECTION ( 'NONE',  ( 0.000000000000000000, 0.000000000000000000, -1.000000000000000000 ) ) ;
#2747 = ADVANCED_FACE ( 'NONE', ( #350 ), #671, .T. ) ;
#2748 = CARTESIAN_POINT ( 'NONE',  ( 13.59999999999999964, 1.250000000000000000, -36.67999999999999972 ) ) ;
#2749 = DESIGN_CONTEXT ( 'detailed design', #3619, 'design' ) ;
#2750 = PRODUCT_RELATED_PRODUCT_CATEGORY ( 'detail', '', ( #2142 ) ) ;
#2751 = EDGE_CURVE ( 'NONE', #1132, #1872, #1366, .T. ) ;
#2752 = VERTEX_POINT ( 'NONE', #2372 ) ;
#2753 = APPLICATION_PROTOCOL_DEFINITION ( 'international standard', 'config_control_design', 1994, #2050 ) ;
#2754 = DIRECTION ( 'NONE',  ( 1.000000000000000000, 0.000000000000000000, 0.000000000000000000 ) ) ;
#2755 = CARTESIAN_POINT ( 'NONE',  ( 0.2000000000012920054, -8.999999754130838525, 4.500000000006049383 ) ) ;
#2756 = AXIS2_PLACEMENT_3D ( 'NONE', #210, #4511, #2791 ) ;
#2757 = LINE ( 'NONE', #226, #1273 ) ;
#2758 = DIRECTION ( 'NONE',  ( 0.000000000000000000, -1.000000000000000000, 0.000000000000000000 ) ) ;
#2759 = AXIS2_PLACEMENT_3D ( 'NONE', #3886, #3180, #2141 ) ;
#2760 = VERTEX_POINT ( 'NONE', #2439 ) ;
#2761 = LOCAL_TIME ( 21, 30, 2.000000000000000000, #1115 ) ;
#2762 = VECTOR ( 'NONE', #4587, 1000.000000000000000 ) ;
#2763 = APPROVAL_DATE_TIME ( #2412, #3457 ) ;
#2764 = ORIENTED_EDGE ( 'NONE', *, *, #1973, .F. ) ;
#2765 = AXIS2_PLACEMENT_3D ( 'NONE', #2707, #1591, #549 ) ;
#2766 = CC_DESIGN_APPROVAL ( #1327, ( #3716 ) ) ;
#2767 = APPLICATION_CONTEXT ( 'configuration controlled 3d designs of mechanical parts and assemblies' ) ;
#2768 = APPROVAL_ROLE ( '' ) ;
#2769 = LINE ( 'NONE', #4209, #2693 ) ;
#2770 = EDGE_CURVE ( 'NONE', #4529, #3059, #2802, .T. ) ;
#2771 = CARTESIAN_POINT ( 'NONE',  ( 37.00000000000000000, 8.000000119209289551, 2.000000000000000000 ) ) ;
#2772 = ORIENTED_EDGE ( 'NONE', *, *, #1724, .F. ) ;
#2773 = APPROVAL_PERSON_ORGANIZATION ( #3295, #1874, #810 ) ;
#2774 = CARTESIAN_POINT ( 'NONE',  ( 40.00000014901190326, 0.000000000000000000, 26.00000038743019815 ) ) ;
#2775 = CARTESIAN_POINT ( 'NONE',  ( 37.00000000000000000, 29.85000000000000142, 28.19999999999999929 ) ) ;
#2776 = APPLICATION_PROTOCOL_DEFINITION ( 'international standard', 'config_control_design', 1994, #2263 ) ;
#2777 = FACE_BOUND ( 'NONE', #104, .T. ) ;
#2778 = EDGE_CURVE ( 'NONE', #1488, #1569, #1758, .T. ) ;
#2779 = SHAPE_REPRESENTATION ( '2026-07-30-18-52-39-919-0.STEP', ( #861 ), #2118 ) ;
#2780 = APPROVAL_ROLE ( '' ) ;
#2781 = APPROVAL ( #2295, 'UNSPECIFIED' ) ;
#2782 = CARTESIAN_POINT ( 'NONE',  ( 40.00000014901190326, -8.484363381672159562E-32, 28.00000000000069988 ) ) ;
#2783 = DIRECTION ( 'NONE',  ( 0.000000000000000000, 0.000000000000000000, -1.000000000000000000 ) ) ;
#2784 = LINE ( 'NONE', #4548, #1716 ) ;
#2785 = DIRECTION ( 'NONE',  ( 0.000000000000000000, 0.000000000000000000, 1.000000000000000000 ) ) ;
#2786 = VERTEX_POINT ( 'NONE', #4144 ) ;
#2787 = APPROVAL_DATE_TIME ( #3126, #1951 ) ;
#2788 = ORIENTED_EDGE ( 'NONE', *, *, #129, .T. ) ;
#2789 = DATE_AND_TIME ( #4277, #4337 ) ;
#2790 = CARTESIAN_POINT ( 'NONE',  ( 37.00000000000000000, 28.00000041723249922, 5.000000000000000000 ) ) ;
#2791 = DIRECTION ( 'NONE',  ( 1.000000000000000000, 0.000000000000000000, 0.000000000000000000 ) ) ;
#2792 = ORIENTED_EDGE ( 'NONE', *, *, #2261, .F. ) ;
#2793 = VECTOR ( 'NONE', #2999, 1000.000000000000000 ) ;
#2794 = DIRECTION ( 'NONE',  ( 0.000000000000000000, 0.000000000000000000, 1.000000000000000000 ) ) ;
#2795 = CARTESIAN_POINT ( 'NONE',  ( 11.00000000000000000, 6.000000000000000000, 0.000000000000000000 ) ) ;
#2796 = DIRECTION ( 'NONE',  ( 1.000000000000000000, 0.000000000000000000, 0.000000000000000000 ) ) ;
#2797 = EDGE_CURVE ( 'NONE', #4139, #2946, #3436, .T. ) ;
#2798 = EDGE_LOOP ( 'NONE', ( #1543, #1447, #2165, #2901 ) ) ;
#2799 = FACE_OUTER_BOUND ( 'NONE', #3637, .T. ) ;
#2800 = MECHANICAL_CONTEXT ( 'NONE', #2050, 'mechanical' ) ;
#2801 = DIRECTION ( 'NONE',  ( 1.000000000000000000, 0.000000000000000000, 0.000000000000000000 ) ) ;
#2802 = LINE ( 'NONE', #4220, #421 ) ;
#2803 = CARTESIAN_POINT ( 'NONE',  ( 2.000000000000000000, 2.500000000000000000, -2.000000000000000000 ) ) ;
#2804 = EDGE_CURVE ( 'NONE', #3810, #3615, #1589, .T. ) ;
#2805 = EDGE_CURVE ( 'NONE', #2346, #1813, #2684, .T. ) ;
#2806 = ORIENTED_EDGE ( 'NONE', *, *, #1443, .T. ) ;
#2807 = DATE_TIME_ROLE ( 'classification_date' ) ;
#2808 = VERTEX_POINT ( 'NONE', #3097 ) ;
#2809 = ADVANCED_FACE ( 'NONE', ( #199, #225 ), #1242, .F. ) ;
#2810 = EDGE_CURVE ( 'NONE', #3014, #4506, #4478, .T. ) ;
#2811 = LINE ( 'NONE', #3497, #2743 ) ;
#2812 = PERSON_AND_ORGANIZATION ( #3475, #2623 ) ;
#2813 = DIRECTION ( 'NONE',  ( -0.000000000000000000, 1.000000000000000000, 0.000000000000000000 ) ) ;
#2814 = AXIS2_PLACEMENT_3D ( 'NONE', #778, #3, #426 ) ;
#2815 = ORIENTED_EDGE ( 'NONE', *, *, #3671, .T. ) ;
#2816 = VECTOR ( 'NONE', #782, 1000.000000000000000 ) ;
#2817 = CARTESIAN_POINT ( 'NONE',  ( 28.74999998509879973, 8.000000119209289551, 2.000000000000000000 ) ) ;
#2818 = CARTESIAN_POINT ( 'NONE',  ( 0.000000000000000000, 35.25000000000000000, 4.500000000000000000 ) ) ;
#2819 = DIRECTION ( 'NONE',  ( 1.000000000000000000, 0.000000000000000000, 0.000000000000000000 ) ) ;
#2820 = VECTOR ( 'NONE', #1182, 1000.000000000000000 ) ;
#2821 = ORIENTED_EDGE ( 'NONE', *, *, #3005, .F. ) ;
#2822 = EDGE_LOOP ( 'NONE', ( #128, #1172, #740, #1695 ) ) ;
#2823 = CARTESIAN_POINT ( 'NONE',  ( 2.000000000000000000, 1.500000000000000000, -2.000000000000000000 ) ) ;
#2824 = APPROVAL_STATUS ( 'not_yet_approved' ) ;
#2825 = CARTESIAN_POINT ( 'NONE',  ( 2.000000000000000000, 2.000000000000000000, 32.00000000000000000 ) ) ;
#2826 = DIRECTION ( 'NONE',  ( -0.7071068957064466920, -0.7071066666666296907, 0.000000000000000000 ) ) ;
#2827 = DIRECTION ( 'NONE',  ( -1.156482317317871478E-16, 0.000000000000000000, -1.000000000000000000 ) ) ;
#2828 = APPLICATION_CONTEXT ( 'configuration controlled 3d designs of mechanical parts and assemblies' ) ;
#2829 = ORIENTED_EDGE ( 'NONE', *, *, #2443, .T. ) ;
#2830 = EDGE_CURVE ( 'NONE', #3101, #4527, #268, .T. ) ;
#2831 = AXIS2_PLACEMENT_3D ( 'NONE', #651, #3523, #2066 ) ;
#2832 = COORDINATED_UNIVERSAL_TIME_OFFSET ( 2, 0, .AHEAD. ) ;
#2833 = LINE ( 'NONE', #4250, #462 ) ;
#2834 = ORIENTED_EDGE ( 'NONE', *, *, #1974, .F. ) ;
#2835 = AXIS2_PLACEMENT_3D ( 'NONE', #633, #2030, #4537 ) ;
#2836 = EDGE_CURVE ( 'NONE', #1271, #3844, #2662, .T. ) ;
#2837 = VECTOR ( 'NONE', #784, 1000.000000000000000 ) ;
#2838 = LINE ( 'NONE', #4254, #1996 ) ;
#2839 = PERSON_AND_ORGANIZATION ( #3475, #2623 ) ;
#2840 = ORIENTED_EDGE ( 'NONE', *, *, #1016, .T. ) ;
#2841 = CC_DESIGN_PERSON_AND_ORGANIZATION_ASSIGNMENT ( #1449, #3709, ( #3724 ) ) ;
#2842 = LOCAL_TIME ( 21, 30, 2.000000000000000000, #4414 ) ;
#2843 = ORIENTED_EDGE ( 'NONE', *, *, #2411, .T. ) ;
#2844 = VECTOR ( 'NONE', #2663, 1000.000000000000000 ) ;
#2845 = CC_DESIGN_PERSON_AND_ORGANIZATION_ASSIGNMENT ( #500, #4326, ( #886 ) ) ;
#2846 = DIRECTION ( 'NONE',  ( 1.000000000000000000, 0.000000000000000000, 0.000000000000000000 ) ) ;
#2847 = CARTESIAN_POINT ( 'NONE',  ( 0.000000000000000000, 0.000000000000000000, -32.30000000000000426 ) ) ;
#2848 = VECTOR ( 'NONE', #860, 1000.000000000000000 ) ;
#2849 = CARTESIAN_POINT ( 'NONE',  ( 31.30000000000000071, 0.000000000000000000, -1.000000000000000000 ) ) ;
#2850 = CC_DESIGN_SECURITY_CLASSIFICATION ( #1805, ( #1877 ) ) ;
#2851 = ORIENTED_EDGE ( 'NONE', *, *, #639, .T. ) ;
#2852 = PERSON ( 'NAUO-PER6', 'UNSPECIFIED', 'UNSPECIFIED', ('UNSPECIFIED'), ('UNSPECIFIED'), ('UNSPECIFIED') ) ;
#2853 = LINE ( 'NONE', #3160, #440 ) ;
#2854 = PERSON_AND_ORGANIZATION ( #3475, #2623 ) ;
#2855 = DIRECTION ( 'NONE',  ( 0.000000000000000000, 1.000000000000000000, 0.000000000000000000 ) ) ;
#2856 = LINE ( 'NONE', #3513, #3282 ) ;
#2857 = DIRECTION ( 'NONE',  ( -1.000000000000000000, 0.000000000000000000, 0.000000000000000000 ) ) ;
#2858 = CARTESIAN_POINT ( 'NONE',  ( 34.99999997019770603, 8.000000119209289551, 5.000000000000000000 ) ) ;
#2859 = ORIENTED_EDGE ( 'NONE', *, *, #1978, .T. ) ;
#2860 = CARTESIAN_POINT ( 'NONE',  ( 10.00000014901189971, -8.484363381672159562E-32, 7.000000000000750511 ) ) ;
#2861 = EDGE_LOOP ( 'NONE', ( #203, #2191, #2509, #2821, #519 ) ) ;
#2862 = EDGE_CURVE ( 'NONE', #1652, #1438, #3054, .T. ) ;
#2863 = DIRECTION ( 'NONE',  ( 0.000000000000000000, 0.000000000000000000, -1.000000000000000000 ) ) ;
#2864 = CALENDAR_DATE ( 2026, 24, 9 ) ;
#2865 = ORIENTED_EDGE ( 'NONE', *, *, #3566, .F. ) ;
#2866 = VERTEX_POINT ( 'NONE', #896 ) ;
#2867 = ADVANCED_FACE ( 'NONE', ( #3353, #1610 ), #4061, .F. ) ;
#2868 = ORIENTED_EDGE ( 'NONE', *, *, #1347, .T. ) ;
#2869 = CARTESIAN_POINT ( 'NONE',  ( -2.000000000000000000, 9.374996963332838718, 2.000000000000000000 ) ) ;
#2870 = DIRECTION ( 'NONE',  ( -0.000000000000000000, -1.000000000000000000, -0.000000000000000000 ) ) ;
#2871 = DIRECTION ( 'NONE',  ( -1.000000000000000000, 0.000000000000000000, 0.000000000000000000 ) ) ;
#2872 = ORIENTED_EDGE ( 'NONE', *, *, #1186, .T. ) ;
#2873 = ADVANCED_FACE ( 'NONE', ( #2362 ), #1263, .F. ) ;
#2874 = DIRECTION ( 'NONE',  ( 0.000000000000000000, 1.947759692324839872E-16, -1.000000000000000000 ) ) ;
#2875 = SHAPE_DEFINITION_REPRESENTATION ( #1109, #2902 ) ;
#2876 = PLANE ( 'NONE',  #4091 ) ;
#2877 = CARTESIAN_POINT ( 'NONE',  ( 14.99999999999999822, 6.000000000000000000, -2.199999999999999734 ) ) ;
#2878 = ORIENTED_EDGE ( 'NONE', *, *, #3343, .F. ) ;
#2879 = CONTEXT_DEPENDENT_SHAPE_REPRESENTATION ( #2735, #2075 ) ;
#2880 = LINE ( 'NONE', #67, #2468 ) ;
#2881 = VERTEX_POINT ( 'NONE', #1681 ) ;
#2882 = FACE_OUTER_BOUND ( 'NONE', #2591, .T. ) ;
#2883 = DATE_TIME_ROLE ( 'classification_date' ) ;
#2884 = ORIENTED_EDGE ( 'NONE', *, *, #249, .T. ) ;
#2885 = ORIENTED_EDGE ( 'NONE', *, *, #1338, .F. ) ;
#2886 = VERTEX_POINT ( 'NONE', #2310 ) ;
#2887 = ADVANCED_FACE ( 'NONE', ( #4111 ), #3725, .F. ) ;
#2888 = LINE ( 'NONE', #32, #2069 ) ;
#2889 = VECTOR ( 'NONE', #1348, 1000.000000000000000 ) ;
#2890 = FACE_OUTER_BOUND ( 'NONE', #296, .T. ) ;
#2891 = PLANE ( 'NONE',  #2759 ) ;
#2892 = ORIENTED_EDGE ( 'NONE', *, *, #3980, .F. ) ;
#2893 = ADVANCED_FACE ( 'NONE', ( #4451 ), #2340, .F. ) ;
#2894 = LINE ( 'NONE', #4339, #1185 ) ;
#2895 = CALENDAR_DATE ( 2026, 24, 9 ) ;
#2896 = FACE_OUTER_BOUND ( 'NONE', #294, .T. ) ;
#2897 = CARTESIAN_POINT ( 'NONE',  ( 13.59999999999999964, 1.250000000000000000, -36.67999999999999972 ) ) ;
#2898 = CARTESIAN_POINT ( 'NONE',  ( 37.00000000000000000, 8.050000000000000711, 28.60000000000000142 ) ) ;
#2899 = CC_DESIGN_PERSON_AND_ORGANIZATION_ASSIGNMENT ( #289, #1900, ( #1877 ) ) ;
#2900 = ADVANCED_FACE ( 'NONE', ( #2706 ), #4131, .T. ) ;
#2901 = ORIENTED_EDGE ( 'NONE', *, *, #3088, .F. ) ;
#2902 = SHAPE_REPRESENTATION ( 'externalWindow', ( #861 ), #3902 ) ;
#2903 = VECTOR ( 'NONE', #1845, 1000.000000000000000 ) ;
#2904 = CALENDAR_DATE ( 2026, 24, 9 ) ;
#2905 = DIRECTION ( 'NONE',  ( 1.000000000000000000, 0.000000000000000000, 0.000000000000000000 ) ) ;
#2906 = VERTEX_POINT ( 'NONE', #3746 ) ;
#2907 = VECTOR ( 'NONE', #1128, 1000.000000000000000 ) ;
#2908 = LINE ( 'NONE', #2534, #4161 ) ;
#2909 = MECHANICAL_CONTEXT ( 'NONE', #2828, 'mechanical' ) ;
#2910 = ORIENTED_EDGE ( 'NONE', *, *, #2212, .T. ) ;
#2911 = VECTOR ( 'NONE', #710, 1000.000000000000000 ) ;
#2912 = VERTEX_POINT ( 'NONE', #569 ) ;
#2913 = AXIS2_PLACEMENT_3D ( 'NONE', #1678, #3093, #4517 ) ;
#2914 = ORIENTED_EDGE ( 'NONE', *, *, #1163, .T. ) ;
#2915 = PLANE ( 'NONE',  #2622 ) ;
#2916 = CC_DESIGN_SECURITY_CLASSIFICATION ( #607, ( #4594 ) ) ;
#2917 = CARTESIAN_POINT ( 'NONE',  ( -31.00000046193600411, 2.000000000000000000, 2.250000000000000000 ) ) ;
#2918 = DIRECTION ( 'NONE',  ( 0.000000000000000000, 0.000000000000000000, -1.000000000000000000 ) ) ;
#2919 = VECTOR ( 'NONE', #3726, 1000.000000000000000 ) ;
#2920 = EDGE_CURVE ( 'NONE', #2683, #1073, #4500, .T. ) ;
#2921 = VERTEX_POINT ( 'NONE', #3421 ) ;
#2922 = LINE ( 'NONE', #381, #812 ) ;
#2923 = PLANE ( 'NONE',  #1784 ) ;
#2924 = LOCAL_TIME ( 21, 30, 2.000000000000000000, #3485 ) ;
#2925 = EDGE_CURVE ( 'NONE', #2260, #117, #250, .T. ) ;
#2926 = LINE ( 'NONE', #2221, #3419 ) ;
#2927 = EDGE_LOOP ( 'NONE', ( #2209, #1266, #4014, #1609 ) ) ;
#2928 = PRODUCT_DEFINITION_FORMATION_WITH_SPECIFIED_SOURCE ( 'ANY', '', #2935, .NOT_KNOWN. ) ;
#2929 = DATE_TIME_ROLE ( 'classification_date' ) ;
#2930 = CARTESIAN_POINT ( 'NONE',  ( 11.25000000000000000, 2.000000000000000000, 32.00000000000000000 ) ) ;
#2931 = ORIENTED_EDGE ( 'NONE', *, *, #2187, .F. ) ;
#2932 = CARTESIAN_POINT ( 'NONE',  ( 2.000000000000000000, 35.25000000000000000, 4.500000000000000000 ) ) ;
#2933 = VECTOR ( 'NONE', #4269, 1000.000000000000000 ) ;
#2934 = DATE_AND_TIME ( #1854, #1272 ) ;
#2935 = PRODUCT ( '2026-08-03-20-47-02-403.STEP', '2026-08-03-20-47-02-403.STEP', '', ( #2350 ) ) ;
#2936 = ORIENTED_EDGE ( 'NONE', *, *, #4310, .F. ) ;
#2937 = ORIENTED_EDGE ( 'NONE', *, *, #4123, .T. ) ;
#2938 = EDGE_LOOP ( 'NONE', ( #2705, #2092, #73, #1200 ) ) ;
#2939 = LINE ( 'NONE', #2516, #2665 ) ;
#2940 = PLANE ( 'NONE',  #1375 ) ;
#2941 = DIRECTION ( 'NONE',  ( 0.000000000000000000, 0.000000000000000000, 1.000000000000000000 ) ) ;
#2942 = ORIENTED_EDGE ( 'NONE', *, *, #1909, .F. ) ;
#2943 = CARTESIAN_POINT ( 'NONE',  ( 11.00000000000000000, 6.000000000000000000, -2.200000000000000178 ) ) ;
#2944 = LINE ( 'NONE', #4361, #1491 ) ;
#2945 = CARTESIAN_POINT ( 'NONE',  ( 45.00000000000000000, 10.50000000000000000, 24.00000000000000000 ) ) ;
#2946 = VERTEX_POINT ( 'NONE', #3836 ) ;
#2947 = VECTOR ( 'NONE', #415, 1000.000000000000000 ) ;
#2948 = LINE ( 'NONE', #4062, #3873 ) ;
#2949 = ORIENTED_EDGE ( 'NONE', *, *, #337, .T. ) ;
#2950 = LINE ( 'NONE', #877, #3038 ) ;
#2951 = PERSON_AND_ORGANIZATION_ROLE ( 'creator' ) ;
#2952 = EDGE_CURVE ( 'NONE', #1930, #2760, #660, .T. ) ;
#2953 = EDGE_LOOP ( 'NONE', ( #2308, #2041, #3801, #3689 ) ) ;
#2954 = ORIENTED_EDGE ( 'NONE', *, *, #1167, .F. ) ;
#2955 = PRODUCT_RELATED_PRODUCT_CATEGORY ( 'detail', '', ( #2520 ) ) ;
#2956 = ADVANCED_FACE ( 'NONE', ( #2501 ), #1331, .T. ) ;
#2957 = CARTESIAN_POINT ( 'NONE',  ( 2.200000000000650324, -11.00000000000000000, 32.00000000000639488 ) ) ;
#2958 = DIRECTION ( 'NONE',  ( 0.000000000000000000, 0.000000000000000000, 1.000000000000000000 ) ) ;
#2959 = FACE_OUTER_BOUND ( 'NONE', #4486, .T. ) ;
#2960 = ORIENTED_EDGE ( 'NONE', *, *, #3205, .F. ) ;
#2961 = CARTESIAN_POINT ( 'NONE',  ( 2.000000000000000000, 33.00000000000000000, 4.500000000000000000 ) ) ;
#2962 = FACE_OUTER_BOUND ( 'NONE', #1661, .T. ) ;
#2963 = LINE ( 'NONE', #1155, #4467 ) ;
#2964 = EDGE_LOOP ( 'NONE', ( #1673, #2851, #1415, #372 ) ) ;
#2965 = CARTESIAN_POINT ( 'NONE',  ( 14.09999999999999964, 1.250000000000000000, -34.55499999999999972 ) ) ;
#2966 = ORIENTED_EDGE ( 'NONE', *, *, #4368, .F. ) ;
#2967 = AXIS2_PLACEMENT_3D ( 'NONE', #3358, #4016, #2578 ) ;
#2968 = EDGE_CURVE ( 'NONE', #1916, #4257, #359, .T. ) ;
#2969 = CARTESIAN_POINT ( 'NONE',  ( -35.29999999999999716, -11.00000000000000000, 2.000000000012100099 ) ) ;
#2970 = COORDINATED_UNIVERSAL_TIME_OFFSET ( 2, 0, .AHEAD. ) ;
#2971 = VERTEX_POINT ( 'NONE', #2825 ) ;
#2972 = EDGE_CURVE ( 'NONE', #2346, #1688, #2124, .T. ) ;
#2973 = APPROVAL ( #2370, 'UNSPECIFIED' ) ;
#2974 = APPROVAL_DATE_TIME ( #3584, #4001 ) ;
#2975 = DIRECTION ( 'NONE',  ( 0.000000000000000000, 0.000000000000000000, 1.000000000000000000 ) ) ;
#2976 = VECTOR ( 'NONE', #2381, 1000.000000000000114 ) ;
#2977 = DIRECTION ( 'NONE',  ( 0.000000000000000000, 0.000000000000000000, 1.000000000000000000 ) ) ;
#2978 = VECTOR ( 'NONE', #447, 1000.000000000000000 ) ;
#2979 = DIRECTION ( 'NONE',  ( 1.000000000000000000, 0.000000000000000000, 0.000000000000000000 ) ) ;
#2980 = ORIENTED_EDGE ( 'NONE', *, *, #2212, .F. ) ;
#2981 = CLOSED_SHELL ( 'NONE', ( #495, #3451, #3064, #2410, #3477, #1379, #213, #1842, #1694, #197, #3568, #3618, #701, #1915, #2309, #2089, #2867, #664, #1831, #3292, #1296, #3827, #1259, #508, #3000, #4054, #2900, #3309, #1738, #1434, #3682, #668, #908, #3273 ) ) ;
#2982 = CARTESIAN_POINT ( 'NONE',  ( 0.000000000000000000, 37.50000000000000000, 32.00000000000000000 ) ) ;
#2983 = DIRECTION ( 'NONE',  ( 1.000000000000000000, 0.000000000000000000, 3.226551062865470171E-13 ) ) ;
#2984 = DIRECTION ( 'NONE',  ( 1.000000000000000000, 0.000000000000000000, 0.000000000000000000 ) ) ;
#2985 = DIRECTION ( 'NONE',  ( -1.000000000000000000, 0.000000000000000000, 0.000000000000000000 ) ) ;
#2986 = APPROVAL_PERSON_ORGANIZATION ( #71, #309, #438 ) ;
#2987 = ORIENTED_EDGE ( 'NONE', *, *, #4344, .T. ) ;
#2988 = LOCAL_TIME ( 21, 30, 2.000000000000000000, #4553 ) ;
#2989 = CARTESIAN_POINT ( 'NONE',  ( 0.000000000000000000, 0.000000000000000000, 0.000000000000000000 ) ) ;
#2990 = ORIENTED_EDGE ( 'NONE', *, *, #1239, .T. ) ;
#2991 = VECTOR ( 'NONE', #4137, 1000.000000000000000 ) ;
#2992 = LINE ( 'NONE', #1549, #3631 ) ;
#2993 = APPROVAL_DATE_TIME ( #2626, #2781 ) ;
#2994 = ORIENTED_EDGE ( 'NONE', *, *, #4039, .T. ) ;
#2995 = EDGE_CURVE ( 'NONE', #3761, #2996, #1011, .T. ) ;
#2996 = VERTEX_POINT ( 'NONE', #2782 ) ;
#2997 = APPLICATION_PROTOCOL_DEFINITION ( 'international standard', 'config_control_design', 1994, #2026 ) ;
#2998 = CARTESIAN_POINT ( 'NONE',  ( 34.30000000000001137, 3.750000000000003553, -39.30000000000000426 ) ) ;
#2999 = DIRECTION ( 'NONE',  ( -1.072287862897752081E-16, -1.000000000000000000, 0.000000000000000000 ) ) ;
#3000 = ADVANCED_FACE ( 'NONE', ( #1767 ), #825, .T. ) ;
#3001 = APPLICATION_CONTEXT ( 'configuration controlled 3d designs of mechanical parts and assemblies' ) ;
#3002 = ORIENTED_EDGE ( 'NONE', *, *, #3734, .F. ) ;
#3003 = PLANE ( 'NONE',  #2517 ) ;
#3004 = CARTESIAN_POINT ( 'NONE',  ( 0.2000000000006469936, -8.999999754130838525, 2.000000000006209699 ) ) ;
#3005 = EDGE_CURVE ( 'NONE', #2454, #1364, #11, .T. ) ;
#3006 = DIRECTION ( 'NONE',  ( 0.000000000000000000, 0.000000000000000000, 1.000000000000000000 ) ) ;
#3007 = PLANE ( 'NONE',  #1710 ) ;
#3008 = EDGE_CURVE ( 'NONE', #2216, #394, #3464, .T. ) ;
#3009 = VERTEX_POINT ( 'NONE', #3119 ) ;
#3010 = CARTESIAN_POINT ( 'NONE',  ( -37.50000000000000000, 2.000000000000000000, 0.000000000000000000 ) ) ;
#3011 = LINE ( 'NONE', #994, #1425 ) ;
#3012 = EDGE_LOOP ( 'NONE', ( #3321, #1471, #3468, #3247, #1613 ) ) ;
#3013 = VECTOR ( 'NONE', #3931, 1000.000000000000000 ) ;
#3014 = VERTEX_POINT ( 'NONE', #2427 ) ;
#3015 = AXIS2_PLACEMENT_3D ( 'NONE', #4497, #4128, #2725 ) ;
#3016 = CARTESIAN_POINT ( 'NONE',  ( 0.000000000000000000, 0.000000000000000000, 0.000000000000000000 ) ) ;
#3017 = EDGE_LOOP ( 'NONE', ( #4372, #2990, #3545, #3388 ) ) ;
#3018 = CALENDAR_DATE ( 2026, 24, 9 ) ;
#3019 = CARTESIAN_POINT ( 'NONE',  ( 2.000000000000000000, 33.00000000000000000, 31.50000000000000000 ) ) ;
#3020 = LINE ( 'NONE', #862, #347 ) ;
#3021 = ORIENTED_EDGE ( 'NONE', *, *, #1338, .T. ) ;
#3022 = EDGE_CURVE ( 'NONE', #4098, #2, #1426, .T. ) ;
#3023 = CARTESIAN_POINT ( 'NONE',  ( -33.29999925568699837, -8.249999877065420151, 2.000000000000650147 ) ) ;
#3024 = PLANE ( 'NONE',  #3269 ) ;
#3025 = PLANE ( 'NONE',  #3123 ) ;
#3026 = EDGE_CURVE ( 'NONE', #4238, #470, #4179, .T. ) ;
#3027 = ORIENTED_EDGE ( 'NONE', *, *, #1503, .F. ) ;
#3028 = APPROVAL ( #4176, 'UNSPECIFIED' ) ;
#3029 = DIRECTION ( 'NONE',  ( 0.000000000000000000, 0.000000000000000000, -1.000000000000000000 ) ) ;
#3030 = CARTESIAN_POINT ( 'NONE',  ( 0.000000000000000000, 37.49998785333140461, 32.00000000000000000 ) ) ;
#3031 = ORIENTED_EDGE ( 'NONE', *, *, #4365, .T. ) ;
#3032 = VECTOR ( 'NONE', #2218, 1000.000000000000000 ) ;
#3033 = VERTEX_POINT ( 'NONE', #4199 ) ;
#3034 = CC_DESIGN_PERSON_AND_ORGANIZATION_ASSIGNMENT ( #2484, #2530, ( #2018 ) ) ;
#3035 = LINE ( 'NONE', #254, #4450 ) ;
#3036 = DATE_AND_TIME ( #1616, #2685 ) ;
#3037 = ORIENTED_EDGE ( 'NONE', *, *, #3994, .T. ) ;
#3038 = VECTOR ( 'NONE', #832, 1000.000000000000000 ) ;
#3039 = ORIENTED_EDGE ( 'NONE', *, *, #2797, .T. ) ;
#3040 = SHAPE_REPRESENTATION ( '2026-07-30-22-07-47-172.STEP', ( #861 ), #196 ) ;
#3041 = DATE_TIME_ROLE ( 'creation_date' ) ;
#3042 = FACE_OUTER_BOUND ( 'NONE', #3197, .T. ) ;
#3043 = CARTESIAN_POINT ( 'NONE',  ( 1.000000000000000000, 0.000000000000000000, -31.30000000000000071 ) ) ;
#3044 = ORIENTED_EDGE ( 'NONE', *, *, #677, .F. ) ;
#3045 = AXIS2_PLACEMENT_3D ( 'NONE', #1747, #3913, #1102 ) ;
#3046 = CARTESIAN_POINT ( 'NONE',  ( -33.29999925568640151, -10.99999975413079945, 4.500000000006049383 ) ) ;
#3047 = LINE ( 'NONE', #1281, #2012 ) ;
#3048 = DIRECTION ( 'NONE',  ( 0.000000000000000000, 0.000000000000000000, 1.000000000000000000 ) ) ;
#3049 = DIRECTION ( 'NONE',  ( -0.000000000000000000, -1.000000000000000000, -0.000000000000000000 ) ) ;
#3050 = EDGE_CURVE ( 'NONE', #3635, #2808, #2479, .T. ) ;
#3051 = AXIS2_PLACEMENT_3D ( 'NONE', #3550, #1053, #2796 ) ;
#3052 = ORIENTED_EDGE ( 'NONE', *, *, #1496, .T. ) ;
#3053 = EDGE_CURVE ( 'NONE', #3954, #2971, #3534, .T. ) ;
#3054 = LINE ( 'NONE', #4081, #751 ) ;
#3055 = APPROVAL_PERSON_ORGANIZATION ( #2511, #1945, #1812 ) ;
#3056 = PLANE ( 'NONE',  #2093 ) ;
#3057 = DIRECTION ( 'NONE',  ( 0.000000000000000000, 0.000000000000000000, 1.000000000000000000 ) ) ;
#3058 = VECTOR ( 'NONE', #1910, 1000.000000000000000 ) ;
#3059 = VERTEX_POINT ( 'NONE', #1727 ) ;
#3060 = CARTESIAN_POINT ( 'NONE',  ( 31.30000000000000071, 0.000000000000000000, -31.30000000000000071 ) ) ;
#3061 = PERSON_AND_ORGANIZATION ( #547, #2091 ) ;
#3062 = ORIENTED_EDGE ( 'NONE', *, *, #2532, .F. ) ;
#3063 = APPROVAL_PERSON_ORGANIZATION ( #3511, #3658, #1081 ) ;
#3064 = ADVANCED_FACE ( 'NONE', ( #992 ), #3892, .T. ) ;
#3065 = CALENDAR_DATE ( 2026, 24, 9 ) ;
#3066 = DIRECTION ( 'NONE',  ( 1.000000000000000000, 0.000000000000000000, 0.000000000000000000 ) ) ;
#3067 = DIRECTION ( 'NONE',  ( 0.000000000000000000, -1.000000000000000000, 0.000000000000000000 ) ) ;
#3068 = VERTEX_POINT ( 'NONE', #1033 ) ;
#3069 = CARTESIAN_POINT ( 'NONE',  ( 14.09999999999999964, 3.750000000000000000, -39.30000000000000426 ) ) ;
#3070 = DIRECTION ( 'NONE',  ( 0.000000000000000000, 0.000000000000000000, -1.000000000000000000 ) ) ;
#3071 = CARTESIAN_POINT ( 'NONE',  ( 1390.575157972117040, 674.1884928471657759, -446.6433102062083549 ) ) ;
#3072 = LINE ( 'NONE', #4498, #1414 ) ;
#3073 = ORIENTED_EDGE ( 'NONE', *, *, #3889, .T. ) ;
#3074 = PRODUCT_DEFINITION_SHAPE ( 'NONE', 'NONE',  #4594 ) ;
#3075 = DIRECTION ( 'NONE',  ( 1.000000000000000000, 0.000000000000000000, 0.000000000000000000 ) ) ;
#3076 = CARTESIAN_POINT ( 'NONE',  ( 0.000000000000000000, 40.00000000000000000, 2.000000000000000000 ) ) ;
#3077 = LINE ( 'NONE', #2363, #4327 ) ;
#3078 = DIRECTION ( 'NONE',  ( 0.000000000000000000, 0.000000000000000000, 1.000000000000000000 ) ) ;
#3079 = ORIENTED_EDGE ( 'NONE', *, *, #3194, .F. ) ;
#3080 = CARTESIAN_POINT ( 'NONE',  ( 0.000000000000000000, 37.49998785333140461, 0.000000000000000000 ) ) ;
#3081 = ORIENTED_EDGE ( 'NONE', *, *, #4020, .F. ) ;
#3082 = EDGE_CURVE ( 'NONE', #870, #4226, #3555, .T. ) ;
#3083 = VECTOR ( 'NONE', #4418, 1000.000000000000000 ) ;
#3084 = PERSON_AND_ORGANIZATION ( #3475, #2623 ) ;
#3085 = FACE_OUTER_BOUND ( 'NONE', #423, .T. ) ;
#3086 = CC_DESIGN_PERSON_AND_ORGANIZATION_ASSIGNMENT ( #1009, #1396, ( #1241 ) ) ;
#3087 = CARTESIAN_POINT ( 'NONE',  ( 2.000000000000000000, 35.50000000000000000, 32.00000000000000000 ) ) ;
#3088 = EDGE_CURVE ( 'NONE', #2239, #3981, #3483, .T. ) ;
#3089 = ORIENTED_EDGE ( 'NONE', *, *, #4505, .F. ) ;
#3090 = DIRECTION ( 'NONE',  ( -9.531447670202239898E-17, -1.000000000000000000, 0.000000000000000000 ) ) ;
#3091 = DIRECTION ( 'NONE',  ( -0.000000000000000000, -1.000000000000000000, -0.000000000000000000 ) ) ;
#3092 =( LENGTH_UNIT ( ) NAMED_UNIT ( * ) SI_UNIT ( .MILLI., .METRE. ) );
#3093 = DIRECTION ( 'NONE',  ( 0.000000000000000000, -1.000000000000000000, 0.000000000000000000 ) ) ;
#3094 = ADVANCED_BREP_SHAPE_REPRESENTATION ( '', ( #2311, #861 ), #2118 ) ;
#3095 = ORIENTED_EDGE ( 'NONE', *, *, #3791, .F. ) ;
#3096 = SHAPE_DEFINITION_REPRESENTATION ( #3220, #4025 ) ;
#3097 = CARTESIAN_POINT ( 'NONE',  ( 43.00000000000000000, 35.50000000000000000, 32.00000000000000000 ) ) ;
#3098 = LINE ( 'NONE', #1703, #2933 ) ;
#3099 = CARTESIAN_POINT ( 'NONE',  ( -1.340359828622188345E-16, -1.249999999999998446, -32.30000000000000426 ) ) ;
#3100 = LINE ( 'NONE', #643, #15 ) ;
#3101 = VERTEX_POINT ( 'NONE', #4217 ) ;
#3102 = AXIS2_PLACEMENT_3D ( 'NONE', #4148, #3090, #4168 ) ;
#3103 = PERSON_AND_ORGANIZATION ( #3475, #2623 ) ;
#3104 = VERTEX_POINT ( 'NONE', #3817 ) ;
#3105 = ADVANCED_FACE ( 'NONE', ( #3861 ), #338, .F. ) ;
#3106 = VECTOR ( 'NONE', #1472, 1000.000000000000000 ) ;
#3107 = APPROVAL_STATUS ( 'not_yet_approved' ) ;
#3108 = EDGE_CURVE ( 'NONE', #4257, #2881, #2944, .T. ) ;
#3109 = DIRECTION ( 'NONE',  ( 1.000000000000000000, 0.000000000000000000, 3.226551062865470171E-13 ) ) ;
#3110 = ORIENTED_EDGE ( 'NONE', *, *, #2187, .T. ) ;
#3111 = CC_DESIGN_PERSON_AND_ORGANIZATION_ASSIGNMENT ( #1782, #4592, ( #2928 ) ) ;
#3112 = PLANE ( 'NONE',  #2733 ) ;
#3113 = CARTESIAN_POINT ( 'NONE',  ( 14.09999999999999964, 1.250000000000000000, -36.67999999999999972 ) ) ;
#3114 = PERSON_AND_ORGANIZATION_ROLE ( 'design_owner' ) ;
#3115 = CARTESIAN_POINT ( 'NONE',  ( 0.000000000000000000, 0.000000000000000000, 0.000000000000000000 ) ) ;
#3116 = UNCERTAINTY_MEASURE_WITH_UNIT (LENGTH_MEASURE( 1.000000000000000082E-05 ), #193, 'distance_accuracy_value', 'NONE');
#3117 = ORIENTED_EDGE ( 'NONE', *, *, #4223, .T. ) ;
#3118 = PERSON_AND_ORGANIZATION_ROLE ( 'design_owner' ) ;
#3119 = CARTESIAN_POINT ( 'NONE',  ( 34.99999997019770603, 28.00000041723249922, 5.000000000000000000 ) ) ;
#3120 = AXIS2_PLACEMENT_3D ( 'NONE', #4095, #535, #3364 ) ;
#3121 = CARTESIAN_POINT ( 'NONE',  ( 40.00000014901190326, -2.250000000000000000, 28.00000000000069988 ) ) ;
#3122 = CARTESIAN_POINT ( 'NONE',  ( 10.00000014901159950, 0.000000000000000000, 26.00000038743019815 ) ) ;
#3123 = AXIS2_PLACEMENT_3D ( 'NONE', #943, #4445, #2032 ) ;
#3124 = ORIENTED_EDGE ( 'NONE', *, *, #2470, .T. ) ;
#3125 = CC_DESIGN_APPROVAL ( #161, ( #3346 ) ) ;
#3126 = DATE_AND_TIME ( #1039, #1645 ) ;
#3127 = ORIENTED_EDGE ( 'NONE', *, *, #1489, .F. ) ;
#3128 = VECTOR ( 'NONE', #4292, 1000.000000000000000 ) ;
#3129 = VECTOR ( 'NONE', #913, 1000.000000000000000 ) ;
#3130 = ADVANCED_FACE ( 'NONE', ( #2896 ), #2876, .T. ) ;
#3131 = COORDINATED_UNIVERSAL_TIME_OFFSET ( 2, 0, .AHEAD. ) ;
#3132 = LOCAL_TIME ( 21, 30, 2.000000000000000000, #1554 ) ;
#3133 = CARTESIAN_POINT ( 'NONE',  ( -18.75000000000000000, 18.74999392666569875, 2.000000000000000000 ) ) ;
#3134 = ORIENTED_EDGE ( 'NONE', *, *, #1575, .F. ) ;
#3135 = CC_DESIGN_APPROVAL ( #1134, ( #2928 ) ) ;
#3136 = LINE ( 'NONE', #1027, #436 ) ;
#3137 = ADVANCED_FACE ( 'NONE', ( #2962 ), #822, .F. ) ;
#3138 = PLANE ( 'NONE',  #793 ) ;
#3139 = FACE_OUTER_BOUND ( 'NONE', #4494, .T. ) ;
#3140 = ORIENTED_EDGE ( 'NONE', *, *, #3249, .F. ) ;
#3141 = APPROVAL_STATUS ( 'not_yet_approved' ) ;
#3142 = EDGE_CURVE ( 'NONE', #1421, #3009, #4314, .T. ) ;
#3143 = DIRECTION ( 'NONE',  ( 0.000000000000000000, 1.000000000000000000, -1.099960589613230003E-12 ) ) ;
#3144 = CARTESIAN_POINT ( 'NONE',  ( 0.000000000000000000, 37.49998785333140461, 0.000000000000000000 ) ) ;
#3145 = DIRECTION ( 'NONE',  ( 0.000000000000000000, 1.000000000000000000, 0.000000000000000000 ) ) ;
#3146 = CARTESIAN_POINT ( 'NONE',  ( 15.00000000000000000, 5.499999999999997335, 1.050000000000000933 ) ) ;
#3147 = ADVANCED_FACE ( 'NONE', ( #2589 ), #4009, .T. ) ;
#3148 = ORIENTED_EDGE ( 'NONE', *, *, #1844, .T. ) ;
#3149 = VERTEX_POINT ( 'NONE', #2570 ) ;
#3150 = DIRECTION ( 'NONE',  ( -1.000000000000000000, 0.000000000000000000, 0.000000000000000000 ) ) ;
#3151 = APPROVAL_STATUS ( 'not_yet_approved' ) ;
#3152 = CARTESIAN_POINT ( 'NONE',  ( 8.099999999999999645, 1.250000000000000000, -36.67999999999999972 ) ) ;
#3153 = CARTESIAN_POINT ( 'NONE',  ( -1.999999999999993561, 58.73527075499401917, -32.30000000000000426 ) ) ;
#3154 = ORIENTED_EDGE ( 'NONE', *, *, #1978, .F. ) ;
#3155 = VECTOR ( 'NONE', #1740, 1000.000000000000000 ) ;
#3156 = DIRECTION ( 'NONE',  ( 0.000000000000000000, 0.000000000000000000, -1.000000000000000000 ) ) ;
#3157 = CARTESIAN_POINT ( 'NONE',  ( 0.000000000000000000, 37.49998785333140461, 32.00000000000000000 ) ) ;
#3158 = DIRECTION ( 'NONE',  ( -1.000000000000000000, 0.000000000000000000, 0.000000000000000000 ) ) ;
#3159 = EDGE_CURVE ( 'NONE', #3531, #3360, #3638, .T. ) ;
#3160 = CARTESIAN_POINT ( 'NONE',  ( 10.00000014901189971, -2.250000000000000000, 7.000000000000750511 ) ) ;
#3161 = PERSON_AND_ORGANIZATION_ROLE ( 'creator' ) ;
#3162 = DIRECTION ( 'NONE',  ( 0.000000000000000000, 0.000000000000000000, 1.000000000000000000 ) ) ;
#3163 = CARTESIAN_POINT ( 'NONE',  ( -31.00000046193600411, 0.000000000000000000, 4.500000000000000000 ) ) ;
#3164 = DIRECTION ( 'NONE',  ( -1.072287862897752081E-16, -1.000000000000000000, 0.000000000000000000 ) ) ;
#3165 = EDGE_CURVE ( 'NONE', #3575, #2497, #106, .T. ) ;
#3166 = LINE ( 'NONE', #4245, #2762 ) ;
#3167 = ORIENTED_EDGE ( 'NONE', *, *, #515, .F. ) ;
#3168 = APPROVAL ( #3107, 'UNSPECIFIED' ) ;
#3169 = DATE_AND_TIME ( #4225, #3280 ) ;
#3170 = DIRECTION ( 'NONE',  ( 0.000000000000000000, 0.000000000000000000, 1.000000000000000000 ) ) ;
#3171 = ORIENTED_EDGE ( 'NONE', *, *, #2287, .T. ) ;
#3172 = PLANE ( 'NONE',  #3405 ) ;
#3173 = APPROVAL_DATE_TIME ( #3925, #1134 ) ;
#3174 = ORIENTED_EDGE ( 'NONE', *, *, #1685, .T. ) ;
#3175 = ORIENTED_EDGE ( 'NONE', *, *, #593, .F. ) ;
#3176 = VECTOR ( 'NONE', #801, 1000.000000000000114 ) ;
#3177 = DIRECTION ( 'NONE',  ( -5.980833205138238026E-17, 0.000000000000000000, -1.000000000000000000 ) ) ;
#3178 = DIRECTION ( 'NONE',  ( -8.217301096052209613E-34, 1.000000000000000000, 1.947759692324839872E-16 ) ) ;
#3179 =( NAMED_UNIT ( * ) SI_UNIT ( $, .STERADIAN. ) SOLID_ANGLE_UNIT ( ) );
#3180 = DIRECTION ( 'NONE',  ( -0.000000000000000000, 1.000000000000000000, 0.000000000000000000 ) ) ;
#3181 = VECTOR ( 'NONE', #1878, 1000.000000000000000 ) ;
#3182 = ORIENTED_EDGE ( 'NONE', *, *, #4455, .T. ) ;
#3183 = CARTESIAN_POINT ( 'NONE',  ( -37.50000000000000000, -2.296212748401289944E-15, 0.000000000000000000 ) ) ;
#3184 = DATE_AND_TIME ( #1330, #3287 ) ;
#3185 = DIRECTION ( 'NONE',  ( 9.426421907194728181E-17, 5.772018708029250169E-33, -1.000000000000000000 ) ) ;
#3186 = ADVANCED_FACE ( 'NONE', ( #4290 ), #2923, .T. ) ;
#3187 = CARTESIAN_POINT ( 'NONE',  ( 45.00000000000000000, -1.617781153285280087E-31, 0.000000000000000000 ) ) ;
#3188 = DIRECTION ( 'NONE',  ( 0.000000000000000000, 0.000000000000000000, 1.000000000000000000 ) ) ;
#3189 = FACE_OUTER_BOUND ( 'NONE', #888, .T. ) ;
#3190 = ORIENTED_EDGE ( 'NONE', *, *, #1895, .T. ) ;
#3191 = EDGE_CURVE ( 'NONE', #4098, #1631, #472, .T. ) ;
#3192 = VECTOR ( 'NONE', #4071, 1000.000000000000000 ) ;
#3193 = APPROVAL_ROLE ( '' ) ;
#3194 = EDGE_CURVE ( 'NONE', #2649, #4088, #4380, .T. ) ;
#3195 = PLANE ( 'NONE',  #1164 ) ;
#3196 = VECTOR ( 'NONE', #3580, 1000.000000000000000 ) ;
#3197 = EDGE_LOOP ( 'NONE', ( #3081, #4322, #3345, #3352 ) ) ;
#3198 = AXIS2_PLACEMENT_3D ( 'NONE', #1005, #2116, #2049 ) ;
#3199 = VECTOR ( 'NONE', #2758, 1000.000000000000000 ) ;
#3200 = CARTESIAN_POINT ( 'NONE',  ( 43.00000000000000000, 9.375000000000000000, 2.000000000000000000 ) ) ;
#3201 = APPROVAL_STATUS ( 'not_yet_approved' ) ;
#3202 = ORIENTED_EDGE ( 'NONE', *, *, #4441, .T. ) ;
#3203 = ORGANIZATION ( 'NAUO-ORG3', 'UNSPECIFIED', 'UNSPECIFIED' ) ;
#3204 = VERTEX_POINT ( 'NONE', #126 ) ;
#3205 = EDGE_CURVE ( 'NONE', #546, #4275, #3303, .T. ) ;
#3206 = ORIENTED_EDGE ( 'NONE', *, *, #3363, .T. ) ;
#3207 = EDGE_CURVE ( 'NONE', #3458, #253, #712, .T. ) ;
#3208 = CARTESIAN_POINT ( 'NONE',  ( 43.00000000000000000, 10.50000000000000000, 32.00000000000000000 ) ) ;
#3209 = LINE ( 'NONE', #56, #2201 ) ;
#3210 = FACE_OUTER_BOUND ( 'NONE', #1303, .T. ) ;
#3211 = CC_DESIGN_SECURITY_CLASSIFICATION ( #1357, ( #3724 ) ) ;
#3212 = ORIENTED_EDGE ( 'NONE', *, *, #3249, .T. ) ;
#3213 = DIRECTION ( 'NONE',  ( -1.000000000000000000, -0.000000000000000000, -1.084202172485504927E-16 ) ) ;
#3214 = DATE_AND_TIME ( #2895, #2695 ) ;
#3215 = DIRECTION ( 'NONE',  ( 0.000000000000000000, 0.000000000000000000, 1.000000000000000000 ) ) ;
#3216 = CARTESIAN_POINT ( 'NONE',  ( 0.000000000000000000, 77.50000000000000000, 0.000000000000000000 ) ) ;
#3217 = DIRECTION ( 'NONE',  ( 0.000000000000000000, 0.000000000000000000, 1.000000000000000000 ) ) ;
#3218 = DIRECTION ( 'NONE',  ( 1.000000000000000000, -1.072287862897751958E-16, 0.000000000000000000 ) ) ;
#3219 = ORIENTED_EDGE ( 'NONE', *, *, #3231, .F. ) ;
#3220 = PRODUCT_DEFINITION_SHAPE ( 'NONE', 'NONE',  #137 ) ;
#3221 = PERSON_AND_ORGANIZATION_ROLE ( 'classification_officer' ) ;
#3222 = LINE ( 'NONE', #2485, #4135 ) ;
#3223 = EDGE_LOOP ( 'NONE', ( #613, #2083, #319, #52, #1533, #3279 ) ) ;
#3224 = DIRECTION ( 'NONE',  ( 0.000000000000000000, -1.000000000000000000, 0.000000000000000000 ) ) ;
#3225 = PERSON_AND_ORGANIZATION_ROLE ( 'creator' ) ;
#3226 = EDGE_LOOP ( 'NONE', ( #3212, #714, #953, #497 ) ) ;
#3227 = ORIENTED_EDGE ( 'NONE', *, *, #3934, .T. ) ;
#3228 = ORIENTED_EDGE ( 'NONE', *, *, #4441, .F. ) ;
#3229 = EDGE_CURVE ( 'NONE', #266, #3750, #3285, .T. ) ;
#3230 = FACE_OUTER_BOUND ( 'NONE', #2938, .T. ) ;
#3231 = EDGE_CURVE ( 'NONE', #351, #1438, #1541, .T. ) ;
#3232 = DIRECTION ( 'NONE',  ( 0.000000000000000000, 0.000000000000000000, -1.000000000000000000 ) ) ;
#3233 = DIRECTION ( 'NONE',  ( 1.000000000000000000, 0.000000000000000000, 0.000000000000000000 ) ) ;
#3234 = VECTOR ( 'NONE', #3983, 1000.000000000000000 ) ;
#3235 = ORIENTED_EDGE ( 'NONE', *, *, #399, .T. ) ;
#3236 = PLANE ( 'NONE',  #1917 ) ;
#3237 = APPROVAL_STATUS ( 'not_yet_approved' ) ;
#3238 = PLANE ( 'NONE',  #3488 ) ;
#3239 = DIRECTION ( 'NONE',  ( -0.000000000000000000, 1.000000000000000000, 0.000000000000000000 ) ) ;
#3240 = ORIENTED_EDGE ( 'NONE', *, *, #3480, .T. ) ;
#3241 = PLANE ( 'NONE',  #3953 ) ;
#3242 = ORIENTED_EDGE ( 'NONE', *, *, #2033, .F. ) ;
#3243 = FACE_OUTER_BOUND ( 'NONE', #3517, .T. ) ;
#3244 = PERSON_AND_ORGANIZATION_ROLE ( 'classification_officer' ) ;
#3245 = VERTEX_POINT ( 'NONE', #1906 ) ;
#3246 = ADVANCED_FACE ( 'NONE', ( #4340 ), #1151, .F. ) ;
#3247 = ORIENTED_EDGE ( 'NONE', *, *, #1167, .T. ) ;
#3248 = ORIENTED_EDGE ( 'NONE', *, *, #4311, .T. ) ;
#3249 = EDGE_CURVE ( 'NONE', #2486, #4238, #756, .T. ) ;
#3250 = CARTESIAN_POINT ( 'NONE',  ( -19.76032694114510235, -1.209971056928930006E-15, 4.500000000000000000 ) ) ;
#3251 = FACE_OUTER_BOUND ( 'NONE', #4577, .T. ) ;
#3252 = DIRECTION ( 'NONE',  ( 0.000000000000000000, 0.000000000000000000, -1.000000000000000000 ) ) ;
#3253 = PRODUCT ( 'MainModuleLens.STEP', 'MainModuleLens.STEP', '', ( #4416 ) ) ;
#3254 = APPROVAL ( #326, 'UNSPECIFIED' ) ;
#3255 = EDGE_LOOP ( 'NONE', ( #276, #4428, #3991, #50 ) ) ;
#3256 = LINE ( 'NONE', #125, #3176 ) ;
#3257 = CARTESIAN_POINT ( 'NONE',  ( 0.000000000000000000, 4.485522627963559827, 31.48755899268229541 ) ) ;
#3258 = DIRECTION ( 'NONE',  ( 1.000000000000000000, 0.000000000000000000, 0.000000000000000000 ) ) ;
#3259 = PERSON ( 'NAUO-PER3', 'UNSPECIFIED', 'UNSPECIFIED', ('UNSPECIFIED'), ('UNSPECIFIED'), ('UNSPECIFIED') ) ;
#3260 = DIRECTION ( 'NONE',  ( 1.000000000000000000, 0.000000000000000000, 0.000000000000000000 ) ) ;
#3261 = CC_DESIGN_DATE_AND_TIME_ASSIGNMENT ( #4273, #2807, ( #91 ) ) ;
#3262 = ORIENTED_EDGE ( 'NONE', *, *, #3473, .T. ) ;
#3263 = CARTESIAN_POINT ( 'NONE',  ( 43.00000000000000000, 8.050000000000000711, 27.79999999999999716 ) ) ;
#3264 = ORIENTED_EDGE ( 'NONE', *, *, #58, .T. ) ;
#3265 = VECTOR ( 'NONE', #946, 1000.000000000000000 ) ;
#3266 = LINE ( 'NONE', #3613, #3333 ) ;
#3267 = PERSON_AND_ORGANIZATION ( #3475, #2623 ) ;
#3268 = ORIENTED_EDGE ( 'NONE', *, *, #2624, .F. ) ;
#3269 = AXIS2_PLACEMENT_3D ( 'NONE', #4444, #2335, #3070 ) ;
#3270 = ORIENTED_EDGE ( 'NONE', *, *, #4282, .T. ) ;
#3271 = VECTOR ( 'NONE', #83, 1000.000000000000000 ) ;
#3272 = VERTEX_POINT ( 'NONE', #1823 ) ;
#3273 = ADVANCED_FACE ( 'NONE', ( #3606 ), #3238, .T. ) ;
#3274 = DIRECTION ( 'NONE',  ( 0.000000000000000000, 0.000000000000000000, 1.000000000000000000 ) ) ;
#3275 = LOCAL_TIME ( 21, 30, 2.000000000000000000, #3571 ) ;
#3276 = CARTESIAN_POINT ( 'NONE',  ( 0.2000000000012920054, -8.999999754130838525, 2.000000000006049827 ) ) ;
#3277 = LINE ( 'NONE', #3984, #89 ) ;
#3278 = VECTOR ( 'NONE', #2594, 1000.000000000000000 ) ;
#3279 = ORIENTED_EDGE ( 'NONE', *, *, #1965, .F. ) ;
#3280 = LOCAL_TIME ( 21, 30, 2.000000000000000000, #737 ) ;
#3281 = ADVANCED_FACE ( 'NONE', ( #169 ), #609, .T. ) ;
#3282 = VECTOR ( 'NONE', #757, 1000.000000000000000 ) ;
#3283 = VECTOR ( 'NONE', #955, 1000.000000000000000 ) ;
#3284 = LINE ( 'NONE', #2943, #587 ) ;
#3285 = LINE ( 'NONE', #2264, #4465 ) ;
#3286 = CARTESIAN_POINT ( 'NONE',  ( 32.30000000000000426, -1.250000000000001998, -39.30000000000000426 ) ) ;
#3287 = LOCAL_TIME ( 21, 30, 2.000000000000000000, #3891 ) ;
#3288 = LINE ( 'NONE', #109, #4097 ) ;
#3289 = ORIENTED_EDGE ( 'NONE', *, *, #3814, .F. ) ;
#3290 = ADVANCED_FACE ( 'NONE', ( #543 ), #920, .T. ) ;
#3291 = CARTESIAN_POINT ( 'NONE',  ( 2.000000000000000000, 4.500000000000000000, 31.50000000000000000 ) ) ;
#3292 = ADVANCED_FACE ( 'NONE', ( #147 ), #4102, .T. ) ;
#3293 = VERTEX_POINT ( 'NONE', #2656 ) ;
#3294 = LINE ( 'NONE', #1161, #1553 ) ;
#3295 = PERSON_AND_ORGANIZATION ( #3475, #2623 ) ;
#3296 = EDGE_LOOP ( 'NONE', ( #273, #3987, #1520, #3576 ) ) ;
#3297 = ORIENTED_EDGE ( 'NONE', *, *, #2443, .F. ) ;
#3298 = LINE ( 'NONE', #4439, #4034 ) ;
#3299 = CARTESIAN_POINT ( 'NONE',  ( 0.000000000000000000, 6.000000000000000000, 0.000000000000000000 ) ) ;
#3300 = LINE ( 'NONE', #469, #534 ) ;
#3301 = VERTEX_POINT ( 'NONE', #1977 ) ;
#3302 = PLANE ( 'NONE',  #1397 ) ;
#3303 = LINE ( 'NONE', #4036, #2238 ) ;
#3304 = SHAPE_REPRESENTATION_RELATIONSHIP ( 'NONE' , 'NONE' ,  #3040, #1825 ) ;
#3305 = DIRECTION ( 'NONE',  ( 0.000000000000000000, -1.558207753859869728E-16, 1.000000000000000000 ) ) ;
#3306 = EDGE_CURVE ( 'NONE', #2458, #3754, #2703, .T. ) ;
#3307 = VERTEX_POINT ( 'NONE', #2356 ) ;
#3308 = AXIS2_PLACEMENT_3D ( 'NONE', #446, #2544, #4284 ) ;
#3309 = ADVANCED_FACE ( 'NONE', ( #3414 ), #3763, .T. ) ;
#3310 = CARTESIAN_POINT ( 'NONE',  ( 45.00000000000000000, 9.375000000000000000, 32.00000000000000000 ) ) ;
#3311 = ORIENTED_EDGE ( 'NONE', *, *, #4479, .F. ) ;
#3312 = PRODUCT_DEFINITION ( 'UNKNOWN', '', #3724, #2424 ) ;
#3313 = DIRECTION ( 'NONE',  ( -3.226585665316859681E-13, 0.000000000000000000, 1.000000000000000000 ) ) ;
#3314 = PERSON_AND_ORGANIZATION_ROLE ( 'design_owner' ) ;
#3315 = ORIENTED_EDGE ( 'NONE', *, *, #399, .F. ) ;
#3316 = ORIENTED_EDGE ( 'NONE', *, *, #1582, .T. ) ;
#3317 = APPROVAL_DATE_TIME ( #3214, #705 ) ;
#3318 = DIRECTION ( 'NONE',  ( 0.000000000000000000, 0.000000000000000000, -1.000000000000000000 ) ) ;
#3319 = LINE ( 'NONE', #237, #565 ) ;
#3320 = DIRECTION ( 'NONE',  ( 0.000000000000000000, 1.000000000000000000, 0.000000000000000000 ) ) ;
#3321 = ORIENTED_EDGE ( 'NONE', *, *, #820, .T. ) ;
#3322 = VECTOR ( 'NONE', #2846, 1000.000000000000000 ) ;
#3323 = CARTESIAN_POINT ( 'NONE',  ( 43.00000000000000000, 7.250000000000000000, 27.79999999999999716 ) ) ;
#3324 = DIRECTION ( 'NONE',  ( -0.000000000000000000, -1.000000000000000000, -0.000000000000000000 ) ) ;
#3325 = CARTESIAN_POINT ( 'NONE',  ( 0.000000000000000000, 0.000000000000000000, 0.000000000000000000 ) ) ;
#3326 = LINE ( 'NONE', #1563, #3714 ) ;
#3327 = ORIENTED_EDGE ( 'NONE', *, *, #1870, .F. ) ;
#3328 = PRODUCT_DEFINITION_SHAPE ( 'NONE', 'NONE',  #3596 ) ;
#3329 = AXIS2_PLACEMENT_3D ( 'NONE', #3731, #552, #1962 ) ;
#3330 = EDGE_CURVE ( 'NONE', #3754, #2649, #1655, .T. ) ;
#3331 = CARTESIAN_POINT ( 'NONE',  ( -18.75000000000000000, 18.74999392666569875, 0.000000000000000000 ) ) ;
#3332 = ORIENTED_EDGE ( 'NONE', *, *, #1349, .T. ) ;
#3333 = VECTOR ( 'NONE', #1530, 1000.000000000000000 ) ;
#3334 = CARTESIAN_POINT ( 'NONE',  ( 8.099999999999999645, 1.250000000000000000, -36.67999999999999972 ) ) ;
#3335 = EDGE_CURVE ( 'NONE', #1688, #4482, #13, .T. ) ;
#3336 = PERSON_AND_ORGANIZATION ( #3475, #2623 ) ;
#3337 = ORIENTED_EDGE ( 'NONE', *, *, #3446, .T. ) ;
#3338 = EDGE_CURVE ( 'NONE', #747, #1569, #961, .T. ) ;
#3339 = COORDINATED_UNIVERSAL_TIME_OFFSET ( 2, 0, .AHEAD. ) ;
#3340 = PLANE ( 'NONE',  #538 ) ;
#3341 = VECTOR ( 'NONE', #3374, 1000.000000000000000 ) ;
#3342 = DIRECTION ( 'NONE',  ( 0.000000000000000000, -1.000000000000000000, 0.000000000000000000 ) ) ;
#3343 = EDGE_CURVE ( 'NONE', #2906, #4433, #4471, .T. ) ;
#3344 = VECTOR ( 'NONE', #4363, 1000.000000000000000 ) ;
#3345 = ORIENTED_EDGE ( 'NONE', *, *, #2660, .F. ) ;
#3346 = SECURITY_CLASSIFICATION ( '', '', #25 ) ;
#3347 = DIRECTION ( 'NONE',  ( 0.000000000000000000, 0.000000000000000000, -1.000000000000000000 ) ) ;
#3348 = CARTESIAN_POINT ( 'NONE',  ( 31.30000000000000071, 2.500000000000000000, -1.000000000000000000 ) ) ;
#3349 = VECTOR ( 'NONE', #4431, 1000.000000000000000 ) ;
#3350 = CARTESIAN_POINT ( 'NONE',  ( -2.020653882290219805, 0.000000000000000000, 31.00000000000000000 ) ) ;
#3351 = ORGANIZATION ( 'NAUO-ORG5', 'UNSPECIFIED', 'UNSPECIFIED' ) ;
#3352 = ORIENTED_EDGE ( 'NONE', *, *, #1718, .F. ) ;
#3353 = FACE_BOUND ( 'NONE', #2293, .T. ) ;
#3354 = FACE_OUTER_BOUND ( 'NONE', #2365, .T. ) ;
#3355 = ORIENTED_EDGE ( 'NONE', *, *, #3472, .F. ) ;
#3356 = APPROVAL_PERSON_ORGANIZATION ( #4216, #4147, #2448 ) ;
#3357 = ORIENTED_EDGE ( 'NONE', *, *, #3082, .F. ) ;
#3358 = CARTESIAN_POINT ( 'NONE',  ( 2.200000000000000178, -11.00000000000000000, 2.000000000012100099 ) ) ;
#3359 = PERSON_AND_ORGANIZATION_ROLE ( 'creator' ) ;
#3360 = VERTEX_POINT ( 'NONE', #1221 ) ;
#3361 = CALENDAR_DATE ( 2026, 24, 9 ) ;
#3362 = CARTESIAN_POINT ( 'NONE',  ( 45.00000000000000000, 27.00000000000000000, 32.00000000000000000 ) ) ;
#3363 = EDGE_CURVE ( 'NONE', #752, #1763, #2637, .T. ) ;
#3364 = DIRECTION ( 'NONE',  ( 0.000000000000000000, 1.000000000000000000, 0.000000000000000000 ) ) ;
#3365 = DIRECTION ( 'NONE',  ( -1.000000000000000000, 0.000000000000000000, 0.000000000000000000 ) ) ;
#3366 = ORIENTED_EDGE ( 'NONE', *, *, #1072, .F. ) ;
#3367 = CC_DESIGN_PERSON_AND_ORGANIZATION_ASSIGNMENT ( #1765, #3118, ( #2520 ) ) ;
#3368 = LINE ( 'NONE', #3023, #1250 ) ;
#3369 = CARTESIAN_POINT ( 'NONE',  ( -8.174999999999348788, -8.999999754130838525, 2.000000000008749890 ) ) ;
#3370 = CARTESIAN_POINT ( 'NONE',  ( 0.000000000000000000, 0.000000000000000000, 0.000000000000000000 ) ) ;
#3371 = DIRECTION ( 'NONE',  ( 0.000000000000000000, -1.000000000000000000, 0.000000000000000000 ) ) ;
#3372 = PRODUCT_RELATED_PRODUCT_CATEGORY ( 'detail', '', ( #886 ) ) ;
#3373 = ORIENTED_EDGE ( 'NONE', *, *, #3540, .T. ) ;
#3374 = DIRECTION ( 'NONE',  ( 0.000000000000000000, 1.000000000000000000, 0.000000000000000000 ) ) ;
#3375 = FACE_OUTER_BOUND ( 'NONE', #1486, .T. ) ;
#3376 = CARTESIAN_POINT ( 'NONE',  ( -33.29999925568699837, -10.99999975413079945, 2.000000000006049827 ) ) ;
#3377 = VERTEX_POINT ( 'NONE', #2281 ) ;
#3378 = VECTOR ( 'NONE', #101, 1000.000000000000000 ) ;
#3379 = ORIENTED_EDGE ( 'NONE', *, *, #1777, .T. ) ;
#3380 = DIRECTION ( 'NONE',  ( -1.000000000000000000, 0.000000000000000000, 0.000000000000000000 ) ) ;
#3381 = SECURITY_CLASSIFICATION_LEVEL ( 'unclassified' ) ;
#3382 = EDGE_LOOP ( 'NONE', ( #3175, #2230, #3420, #408 ) ) ;
#3383 = EDGE_LOOP ( 'NONE', ( #3337, #1857, #682, #1336 ) ) ;
#3384 = PERSON_AND_ORGANIZATION_ROLE ( 'design_owner' ) ;
#3385 = FACE_OUTER_BOUND ( 'NONE', #464, .T. ) ;
#3386 = PLANE ( 'NONE',  #2756 ) ;
#3387 = CARTESIAN_POINT ( 'NONE',  ( 32.30000000000000426, 3.750000000000000000, -32.30000000000000426 ) ) ;
#3388 = ORIENTED_EDGE ( 'NONE', *, *, #846, .F. ) ;
#3389 = EDGE_CURVE ( 'NONE', #3810, #3377, #4076, .T. ) ;
#3390 = DIRECTION ( 'NONE',  ( 1.000000000000000000, 0.000000000000000000, 3.226551062865470171E-13 ) ) ;
#3391 = DIRECTION ( 'NONE',  ( 1.000000000000000000, 0.000000000000000000, 0.000000000000000000 ) ) ;
#3392 = CARTESIAN_POINT ( 'NONE',  ( 0.000000000000000000, 0.000000000000000000, 0.000000000000000000 ) ) ;
#3393 = CARTESIAN_POINT ( 'NONE',  ( -7.960786666666740174, 26.71077709858560212, 2.000000000000000000 ) ) ;
#3394 = ORIENTED_EDGE ( 'NONE', *, *, #3841, .F. ) ;
#3395 = DIRECTION ( 'NONE',  ( 6.123233995736769734E-17, -1.000000000000000000, 0.000000000000000000 ) ) ;
#3396 = LINE ( 'NONE', #4155, #328 ) ;
#3397 = DIRECTION ( 'NONE',  ( 0.000000000000000000, -1.000000000000000000, 0.000000000000000000 ) ) ;
#3398 = VERTEX_POINT ( 'NONE', #890 ) ;
#3399 = VECTOR ( 'NONE', #4378, 1000.000000000000000 ) ;
#3400 = VECTOR ( 'NONE', #1498, 1000.000000000000000 ) ;
#3401 = ORIENTED_EDGE ( 'NONE', *, *, #3971, .F. ) ;
#3402 = CARTESIAN_POINT ( 'NONE',  ( -2.000000000000000000, 32.67156183448699380, 4.487558992682310510 ) ) ;
#3403 = COORDINATED_UNIVERSAL_TIME_OFFSET ( 2, 0, .AHEAD. ) ;
#3404 = ORIENTED_EDGE ( 'NONE', *, *, #1742, .F. ) ;
#3405 = AXIS2_PLACEMENT_3D ( 'NONE', #3543, #70, #3224 ) ;
#3406 = APPLICATION_PROTOCOL_DEFINITION ( 'international standard', 'config_control_design', 1994, #4347 ) ;
#3407 = FACE_BOUND ( 'NONE', #3453, .T. ) ;
#3408 = CARTESIAN_POINT ( 'NONE',  ( 0.000000000000000000, 0.000000000000000000, -32.30000000000000426 ) ) ;
#3409 = PRODUCT_DEFINITION_SHAPE ( 'NONE', 'NONE',  #4598 ) ;
#3410 = ORIENTED_EDGE ( 'NONE', *, *, #158, .T. ) ;
#3411 = AXIS2_PLACEMENT_3D ( 'NONE', #2112, #2813, #1670 ) ;
#3412 = LINE ( 'NONE', #3762, #3923 ) ;
#3413 = VECTOR ( 'NONE', #4425, 1000.000000000000000 ) ;
#3414 = FACE_OUTER_BOUND ( 'NONE', #2927, .T. ) ;
#3415 = DIRECTION ( 'NONE',  ( -1.000000000000000000, -3.226585665316859681E-13, 3.516851214206361884E-25 ) ) ;
#3416 = DIRECTION ( 'NONE',  ( 0.000000000000000000, 0.000000000000000000, 1.000000000000000000 ) ) ;
#3417 = VECTOR ( 'NONE', #1324, 1000.000000000000000 ) ;
#3418 = EDGE_CURVE ( 'NONE', #4237, #2137, #3718, .T. ) ;
#3419 = VECTOR ( 'NONE', #3693, 1000.000000000000000 ) ;
#3420 = ORIENTED_EDGE ( 'NONE', *, *, #878, .T. ) ;
#3421 = CARTESIAN_POINT ( 'NONE',  ( 43.00000000000000000, 8.050000000000000711, 28.60000000000000142 ) ) ;
#3422 = CC_DESIGN_APPROVAL ( #3516, ( #1131 ) ) ;
#3423 = PLANE ( 'NONE',  #2765 ) ;
#3424 = DIRECTION ( 'NONE',  ( 0.000000000000000000, -0.000000000000000000, 1.000000000000000000 ) ) ;
#3425 = ADVANCED_FACE ( 'NONE', ( #191 ), #3024, .T. ) ;
#3426 = VECTOR ( 'NONE', #1660, 1000.000000000000000 ) ;
#3427 = EDGE_LOOP ( 'NONE', ( #1666, #3730, #768, #2070 ) ) ;
#3428 = CC_DESIGN_PERSON_AND_ORGANIZATION_ASSIGNMENT ( #989, #3835, ( #137 ) ) ;
#3429 = DIRECTION ( 'NONE',  ( 8.217301096052209613E-34, -1.000000000000000000, 0.000000000000000000 ) ) ;
#3430 = ADVANCED_FACE ( 'NONE', ( #1256 ), #1628, .F. ) ;
#3431 = APPROVAL_ROLE ( '' ) ;
#3432 = ORIENTED_EDGE ( 'NONE', *, *, #2245, .F. ) ;
#3433 = LOCAL_TIME ( 21, 30, 2.000000000000000000, #659 ) ;
#3434 = DATE_AND_TIME ( #3778, #2554 ) ;
#3435 = CARTESIAN_POINT ( 'NONE',  ( 40.00000014901190326, -2.250000000000000000, 28.00000000000069988 ) ) ;
#3436 = LINE ( 'NONE', #4522, #898 ) ;
#3437 = DIRECTION ( 'NONE',  ( 1.000000000000000000, 0.000000000000000000, 0.000000000000000000 ) ) ;
#3438 = ORIENTED_EDGE ( 'NONE', *, *, #639, .F. ) ;
#3439 = LINE ( 'NONE', #632, #1394 ) ;
#3440 = CARTESIAN_POINT ( 'NONE',  ( 13.59999999999999964, 1.250000000000000000, -36.67999999999999972 ) ) ;
#3441 = PLANE ( 'NONE',  #2913 ) ;
#3442 = UNCERTAINTY_MEASURE_WITH_UNIT (LENGTH_MEASURE( 1.000000000000000082E-05 ), #1154, 'distance_accuracy_value', 'NONE');
#3443 = ORIENTED_EDGE ( 'NONE', *, *, #3418, .F. ) ;
#3444 = PERSON_AND_ORGANIZATION ( #3475, #2623 ) ;
#3445 = DIRECTION ( 'NONE',  ( 0.000000000000000000, 0.000000000000000000, -1.000000000000000000 ) ) ;
#3446 = EDGE_CURVE ( 'NONE', #3822, #3840, #3047, .T. ) ;
#3447 = CARTESIAN_POINT ( 'NONE',  ( 43.00000000000000000, 30.25000000000000000, 27.79999999999999716 ) ) ;
#3448 = DIRECTION ( 'NONE',  ( -1.000000000000000000, 0.000000000000000000, 0.000000000000000000 ) ) ;
#3449 = LINE ( 'NONE', #1333, #3199 ) ;
#3450 = ORIENTED_EDGE ( 'NONE', *, *, #1507, .F. ) ;
#3451 = ADVANCED_FACE ( 'NONE', ( #3505 ), #675, .T. ) ;
#3452 = SECURITY_CLASSIFICATION_LEVEL ( 'unclassified' ) ;
#3453 = EDGE_LOOP ( 'NONE', ( #3202, #1095, #1626, #1923 ) ) ;
#3454 = CC_DESIGN_PERSON_AND_ORGANIZATION_ASSIGNMENT ( #1022, #2437, ( #2392 ) ) ;
#3455 = COORDINATED_UNIVERSAL_TIME_OFFSET ( 2, 0, .AHEAD. ) ;
#3456 = LINE ( 'NONE', #1692, #1046 ) ;
#3457 = APPROVAL ( #4159, 'UNKNOWN' ) ;
#3458 = VERTEX_POINT ( 'NONE', #4194 ) ;
#3459 = CARTESIAN_POINT ( 'NONE',  ( 1.000000000000000000, 2.500000000000000000, -31.30000000000000071 ) ) ;
#3460 = DIRECTION ( 'NONE',  ( 0.000000000000000000, 0.000000000000000000, 1.000000000000000000 ) ) ;
#3461 = DIRECTION ( 'NONE',  ( 0.000000000000000000, 1.000000000000000000, 0.000000000000000000 ) ) ;
#3462 = ORIENTED_EDGE ( 'NONE', *, *, #3998, .F. ) ;
#3463 = DATE_AND_TIME ( #2055, #248 ) ;
#3464 = LINE ( 'NONE', #1702, #2007 ) ;
#3465 = CARTESIAN_POINT ( 'NONE',  ( 0.000000000000000000, 2.500000000000000000, 0.000000000000000000 ) ) ;
#3466 = DIRECTION ( 'NONE',  ( 0.000000000000000000, 1.000000000000000000, 0.000000000000000000 ) ) ;
#3467 = EDGE_CURVE ( 'NONE', #4317, #3301, #3853, .T. ) ;
#3468 = ORIENTED_EDGE ( 'NONE', *, *, #1405, .T. ) ;
#3469 = VECTOR ( 'NONE', #1790, 1000.000000000000000 ) ;
#3470 = DATE_AND_TIME ( #3843, #1649 ) ;
#3471 = EDGE_LOOP ( 'NONE', ( #3895, #3700, #1459, #502 ) ) ;
#3472 = EDGE_CURVE ( 'NONE', #2808, #3954, #679, .T. ) ;
#3473 = EDGE_CURVE ( 'NONE', #2786, #1488, #285, .T. ) ;
#3474 = PERSON_AND_ORGANIZATION ( #3475, #2623 ) ;
#3475 = PERSON ( 'UNSPECIFIED', 'UNSPECIFIED', 'UNSPECIFIED', ('UNSPECIFIED'), ('UNSPECIFIED'), ('UNSPECIFIED') ) ;
#3476 = CARTESIAN_POINT ( 'NONE',  ( 45.00000000000000000, 40.00000000000000000, 0.000000000000000000 ) ) ;
#3477 = ADVANCED_FACE ( 'NONE', ( #264 ), #703, .T. ) ;
#3478 = ORIENTED_EDGE ( 'NONE', *, *, #1865, .T. ) ;
#3479 = DIRECTION ( 'NONE',  ( 1.000000000000000000, 0.000000000000000000, 0.000000000000000000 ) ) ;
#3480 = EDGE_CURVE ( 'NONE', #1679, #3014, #4171, .T. ) ;
#3481 = CARTESIAN_POINT ( 'NONE',  ( 13.59999999999999964, 1.250000000000000000, -38.30499999999999972 ) ) ;
#3482 = LINE ( 'NONE', #3908, #3644 ) ;
#3483 = CIRCLE ( 'NONE', #1928, 1.625000000000001332 ) ;
#3484 = ORIENTED_EDGE ( 'NONE', *, *, #3050, .F. ) ;
#3485 = COORDINATED_UNIVERSAL_TIME_OFFSET ( 2, 0, .AHEAD. ) ;
#3486 = CARTESIAN_POINT ( 'NONE',  ( 43.00000000000000000, 35.50000000000000000, 0.000000000000000000 ) ) ;
#3487 = DIRECTION ( 'NONE',  ( 0.000000000000000000, 0.000000000000000000, -1.000000000000000000 ) ) ;
#3488 = AXIS2_PLACEMENT_3D ( 'NONE', #1474, #432, #2305 ) ;
#3489 = CARTESIAN_POINT ( 'NONE',  ( 43.00000000000000000, 29.44999999999999929, 28.60000000000000142 ) ) ;
#3490 = ORIENTED_EDGE ( 'NONE', *, *, #1456, .F. ) ;
#3491 = VECTOR ( 'NONE', #2819, 1000.000000000000000 ) ;
#3492 = EDGE_LOOP ( 'NONE', ( #1755, #554, #2994, #3745 ) ) ;
#3493 = APPROVAL_PERSON_ORGANIZATION ( #3061, #3457, #231 ) ;
#3494 = ORIENTED_EDGE ( 'NONE', *, *, #4218, .F. ) ;
#3495 = AXIS2_PLACEMENT_3D ( 'NONE', #3519, #1753, #3170 ) ;
#3496 = VECTOR ( 'NONE', #1275, 1000.000000000000000 ) ;
#3497 = CARTESIAN_POINT ( 'NONE',  ( 1.000000000000000000, 2.500000000000000000, -1.000000000000000000 ) ) ;
#3498 = PERSON_AND_ORGANIZATION ( #3475, #2623 ) ;
#3499 = CARTESIAN_POINT ( 'NONE',  ( 2.000000000000000000, 4.500000000000000000, 4.500000000000000000 ) ) ;
#3500 = LOCAL_TIME ( 21, 30, 2.000000000000000000, #1822 ) ;
#3501 = PLANE ( 'NONE',  #2307 ) ;
#3502 = ORIENTED_EDGE ( 'NONE', *, *, #1779, .T. ) ;
#3503 = EDGE_CURVE ( 'NONE', #4175, #1408, #3642, .T. ) ;
#3504 = PLANE ( 'NONE',  #1320 ) ;
#3505 = FACE_OUTER_BOUND ( 'NONE', #1008, .T. ) ;
#3506 = PERSON_AND_ORGANIZATION ( #3475, #2623 ) ;
#3507 = DIRECTION ( 'NONE',  ( 1.000000000000000000, -1.072287862897752081E-16, 0.000000000000000000 ) ) ;
#3508 = CC_DESIGN_DATE_AND_TIME_ASSIGNMENT ( #2524, #4026, ( #1357 ) ) ;
#3509 = EDGE_LOOP ( 'NONE', ( #3888, #1194, #1454, #4047 ) ) ;
#3510 = PLANE ( 'NONE',  #219 ) ;
#3511 = PERSON_AND_ORGANIZATION ( #3475, #2623 ) ;
#3512 = DIRECTION ( 'NONE',  ( 8.659560562354921765E-17, 0.7071067811865486830, -0.7071067811865464625 ) ) ;
#3513 = CARTESIAN_POINT ( 'NONE',  ( 0.000000000000000000, 16.49276131398180212, 4.487558992682310510 ) ) ;
#3514 = DIRECTION ( 'NONE',  ( 0.000000000000000000, 1.000000000000000000, 0.000000000000000000 ) ) ;
#3515 = LINE ( 'NONE', #341, #3792 ) ;
#3516 = APPROVAL ( #1485, 'UNSPECIFIED' ) ;
#3517 = EDGE_LOOP ( 'NONE', ( #2297, #1367, #857, #135, #3355, #1149, #1876, #3494, #3850, #448, #3327, #1743, #1429, #4040, #576, #3616, #2676, #2910, #2834, #2521 ) ) ;
#3518 = APPROVAL_ROLE ( '' ) ;
#3519 = CARTESIAN_POINT ( 'NONE',  ( 10.00000014901189971, -8.484363381672159562E-32, 28.00000000000069988 ) ) ;
#3520 = ORIENTED_EDGE ( 'NONE', *, *, #3791, .T. ) ;
#3521 = LINE ( 'NONE', #2312, #223 ) ;
#3522 = DATE_TIME_ROLE ( 'creation_date' ) ;
#3523 = DIRECTION ( 'NONE',  ( 3.700743415417149436E-17, 0.000000000000000000, -1.000000000000000000 ) ) ;
#3524 = ORIENTED_EDGE ( 'NONE', *, *, #3874, .F. ) ;
#3525 = VECTOR ( 'NONE', #366, 1000.000000000000000 ) ;
#3526 = ADVANCED_FACE ( 'NONE', ( #1676 ), #1761, .T. ) ;
#3527 = DIRECTION ( 'NONE',  ( -1.000000000000000000, 0.000000000000000000, 0.000000000000000000 ) ) ;
#3528 = CARTESIAN_POINT ( 'NONE',  ( 43.00000000000000000, 10.50000000000000000, 12.00000000000000000 ) ) ;
#3529 = DIRECTION ( 'NONE',  ( 1.000000000000000000, 0.000000000000000000, 0.000000000000000000 ) ) ;
#3530 = ADVANCED_FACE ( 'NONE', ( #3884, #985 ), #2493, .F. ) ;
#3531 = VERTEX_POINT ( 'NONE', #3481 ) ;
#3532 = LINE ( 'NONE', #932, #3627 ) ;
#3533 = DATE_AND_TIME ( #2478, #2924 ) ;
#3534 = LINE ( 'NONE', #686, #2911 ) ;
#3535 = DIRECTION ( 'NONE',  ( -1.000000000000000000, 0.000000000000000000, 0.000000000000000000 ) ) ;
#3536 = FACE_OUTER_BOUND ( 'NONE', #379, .T. ) ;
#3537 = ORIENTED_EDGE ( 'NONE', *, *, #220, .F. ) ;
#3538 = COORDINATED_UNIVERSAL_TIME_OFFSET ( 2, 0, .AHEAD. ) ;
#3539 = CARTESIAN_POINT ( 'NONE',  ( 2.000000000000000000, 33.00000000000000000, 31.50000000000000000 ) ) ;
#3540 = EDGE_CURVE ( 'NONE', #1408, #4175, #1230, .T. ) ;
#3541 = ORIENTED_EDGE ( 'NONE', *, *, #3050, .T. ) ;
#3542 = VECTOR ( 'NONE', #3390, 1000.000000000000000 ) ;
#3543 = CARTESIAN_POINT ( 'NONE',  ( 22.50000000000000000, 18.75000000000000000, 32.00000000000000000 ) ) ;
#3544 = PERSON_AND_ORGANIZATION ( #3475, #2623 ) ;
#3545 = ORIENTED_EDGE ( 'NONE', *, *, #4223, .F. ) ;
#3546 = ORIENTED_EDGE ( 'NONE', *, *, #2797, .F. ) ;
#3547 = AXIS2_PLACEMENT_3D ( 'NONE', #3183, #1615, #2120 ) ;
#3548 = CARTESIAN_POINT ( 'NONE',  ( 10.00000014901189971, -2.250000000000000000, 28.00000000000069988 ) ) ;
#3549 = LINE ( 'NONE', #1861, #3826 ) ;
#3550 = CARTESIAN_POINT ( 'NONE',  ( 0.2000000000012920054, -8.999999754130838525, 2.000000000006049827 ) ) ;
#3551 = VECTOR ( 'NONE', #4387, 1000.000000000000000 ) ;
#3552 = ORIENTED_EDGE ( 'NONE', *, *, #2284, .T. ) ;
#3553 = CARTESIAN_POINT ( 'NONE',  ( 45.00000000000000000, 37.50000000000000000, 32.00000000000000000 ) ) ;
#3554 = APPROVAL_ROLE ( '' ) ;
#3555 = LINE ( 'NONE', #2406, #301 ) ;
#3556 = DIRECTION ( 'NONE',  ( 0.000000000000000000, 0.000000000000000000, -1.000000000000000000 ) ) ;
#3557 = CARTESIAN_POINT ( 'NONE',  ( 45.00000000000000000, 10.50000000000000000, 12.00000000000000000 ) ) ;
#3558 = DIRECTION ( 'NONE',  ( 1.000000000000000000, 0.000000000000000000, 0.000000000000000000 ) ) ;
#3559 = EDGE_CURVE ( 'NONE', #1930, #1975, #4263, .T. ) ;
#3560 = VERTEX_POINT ( 'NONE', #1391 ) ;
#3561 = VECTOR ( 'NONE', #3737, 1000.000000000000000 ) ;
#3562 = COORDINATED_UNIVERSAL_TIME_OFFSET ( 2, 0, .AHEAD. ) ;
#3563 = DIRECTION ( 'NONE',  ( 1.000000000000000000, 0.000000000000000000, 0.000000000000000000 ) ) ;
#3564 = AXIS2_PLACEMENT_3D ( 'NONE', #1122, #4398, #3670 ) ;
#3565 = VERTEX_POINT ( 'NONE', #3832 ) ;
#3566 = EDGE_CURVE ( 'NONE', #228, #1514, #3907, .T. ) ;
#3567 = CC_DESIGN_PERSON_AND_ORGANIZATION_ASSIGNMENT ( #3506, #3114, ( #2142 ) ) ;
#3568 = ADVANCED_FACE ( 'NONE', ( #4516 ), #3138, .F. ) ;
#3569 = AXIS2_PLACEMENT_3D ( 'NONE', #4157, #970, #620 ) ;
#3570 = DIRECTION ( 'NONE',  ( 0.000000000000000000, 1.000000000000000000, 0.000000000000000000 ) ) ;
#3571 = COORDINATED_UNIVERSAL_TIME_OFFSET ( 2, 0, .AHEAD. ) ;
#3572 = VECTOR ( 'NONE', #2686, 1000.000000000000000 ) ;
#3573 = ORIENTED_EDGE ( 'NONE', *, *, #23, .F. ) ;
#3574 = APPROVAL_PERSON_ORGANIZATION ( #553, #997, #1292 ) ;
#3575 = VERTEX_POINT ( 'NONE', #2795 ) ;
#3576 = ORIENTED_EDGE ( 'NONE', *, *, #153, .T. ) ;
#3577 = APPROVAL_PERSON_ORGANIZATION ( #1202, #229, #805 ) ;
#3578 = PLANE ( 'NONE',  #2222 ) ;
#3579 = DIRECTION ( 'NONE',  ( 0.000000000000000000, 0.000000000000000000, -1.000000000000000000 ) ) ;
#3580 = DIRECTION ( 'NONE',  ( 0.000000000000000000, 0.000000000000000000, 1.000000000000000000 ) ) ;
#3581 = PRODUCT_DEFINITION_FORMATION_WITH_SPECIFIED_SOURCE ( 'ANY', '', #3253, .NOT_KNOWN. ) ;
#3582 = ORIENTED_EDGE ( 'NONE', *, *, #1439, .F. ) ;
#3583 = CARTESIAN_POINT ( 'NONE',  ( 32.50000014901190326, -2.250000000000000000, 9.000000000000747846 ) ) ;
#3584 = DATE_AND_TIME ( #2174, #3132 ) ;
#3585 = DIRECTION ( 'NONE',  ( 0.000000000000000000, 1.000000000000000000, 0.000000000000000000 ) ) ;
#3586 = DIRECTION ( 'NONE',  ( 0.000000000000000000, 0.000000000000000000, -1.000000000000000000 ) ) ;
#3587 =( NAMED_UNIT ( * ) PLANE_ANGLE_UNIT ( ) SI_UNIT ( $, .RADIAN. ) );
#3588 = CARTESIAN_POINT ( 'NONE',  ( 30.30000000000000071, 1.500000000000000000, -30.30000000000000071 ) ) ;
#3589 = VERTEX_POINT ( 'NONE', #4213 ) ;
#3590 = CARTESIAN_POINT ( 'NONE',  ( 15.00000000000000000, 6.000000000000000000, 4.299999999999999822 ) ) ;
#3591 = EDGE_LOOP ( 'NONE', ( #2161, #2397, #166, #4351 ) ) ;
#3592 = EDGE_CURVE ( 'NONE', #3684, #3033, #2444, .T. ) ;
#3593 = LINE ( 'NONE', #4300, #146 ) ;
#3594 = APPLICATION_PROTOCOL_DEFINITION ( 'international standard', 'config_control_design', 1994, #1632 ) ;
#3595 = EDGE_LOOP ( 'NONE', ( #3651, #2153, #1054, #2467 ) ) ;
#3596 = PRODUCT_DEFINITION ( 'UNKNOWN', '', #3949, #2658 ) ;
#3597 = ORIENTED_EDGE ( 'NONE', *, *, #2245, .T. ) ;
#3598 = ORIENTED_EDGE ( 'NONE', *, *, #1697, .T. ) ;
#3599 = FACE_BOUND ( 'NONE', #2195, .T. ) ;
#3600 = CARTESIAN_POINT ( 'NONE',  ( 10.00000014901159950, -2.250000000000000000, 9.000000000000747846 ) ) ;
#3601 = LINE ( 'NONE', #4052, #2978 ) ;
#3602 = VECTOR ( 'NONE', #3342, 1000.000000000000000 ) ;
#3603 = AXIS2_PLACEMENT_3D ( 'NONE', #3325, #1175, #2984 ) ;
#3604 = ORIENTED_EDGE ( 'NONE', *, *, #3980, .T. ) ;
#3605 = CARTESIAN_POINT ( 'NONE',  ( 37.00000000000000000, 8.050000000000000711, 28.60000000000000142 ) ) ;
#3606 = FACE_OUTER_BOUND ( 'NONE', #1950, .T. ) ;
#3607 =( NAMED_UNIT ( * ) SI_UNIT ( $, .STERADIAN. ) SOLID_ANGLE_UNIT ( ) );
#3608 = CARTESIAN_POINT ( 'NONE',  ( 0.000000000000000000, 0.000000000000000000, 32.00000000000000000 ) ) ;
#3609 = ORIENTED_EDGE ( 'NONE', *, *, #4318, .F. ) ;
#3610 = DIRECTION ( 'NONE',  ( 0.7071067811865505703, 0.000000000000000000, -0.7071067811865444641 ) ) ;
#3611 = VERTEX_POINT ( 'NONE', #3157 ) ;
#3612 = EDGE_CURVE ( 'NONE', #2514, #3398, #4579, .T. ) ;
#3613 = CARTESIAN_POINT ( 'NONE',  ( 34.24170685429678684, -1.250000000000002220, 2.000000000000000000 ) ) ;
#3614 = APPROVAL_DATE_TIME ( #2934, #3516 ) ;
#3615 = VERTEX_POINT ( 'NONE', #4 ) ;
#3616 = ORIENTED_EDGE ( 'NONE', *, *, #355, .T. ) ;
#3617 = EDGE_CURVE ( 'NONE', #3014, #3377, #4234, .T. ) ;
#3618 = ADVANCED_FACE ( 'NONE', ( #1883 ), #2940, .F. ) ;
#3619 = APPLICATION_CONTEXT ( 'configuration controlled 3d designs of mechanical parts and assemblies' ) ;
#3620 = EDGE_LOOP ( 'NONE', ( #789, #2713, #2180, #807 ) ) ;
#3621 = DIRECTION ( 'NONE',  ( 0.000000000000000000, 0.000000000000000000, -1.000000000000000000 ) ) ;
#3622 = VECTOR ( 'NONE', #1583, 1000.000000000000000 ) ;
#3623 = FACE_OUTER_BOUND ( 'NONE', #594, .T. ) ;
#3624 = CARTESIAN_POINT ( 'NONE',  ( 14.09999999999999964, 2.500000000000000000, -32.30000000000000426 ) ) ;
#3625 = PRODUCT_DEFINITION_SHAPE ( 'NONE', 'NONE',  #562 ) ;
#3626 = EDGE_CURVE ( 'NONE', #3204, #2027, #121, .T. ) ;
#3627 = VECTOR ( 'NONE', #2319, 1000.000000000000000 ) ;
#3628 = ORIENTED_EDGE ( 'NONE', *, *, #4205, .F. ) ;
#3629 = EDGE_CURVE ( 'NONE', #2004, #474, #725, .T. ) ;
#3630 = DIRECTION ( 'NONE',  ( 0.000000000000000000, 1.000000000000000000, 0.000000000000000000 ) ) ;
#3631 = VECTOR ( 'NONE', #2294, 1000.000000000000000 ) ;
#3632 = DIRECTION ( 'NONE',  ( 1.000000000000000000, 0.000000000000000000, 3.226551062865470171E-13 ) ) ;
#3633 =( NAMED_UNIT ( * ) SI_UNIT ( $, .STERADIAN. ) SOLID_ANGLE_UNIT ( ) );
#3634 = CARTESIAN_POINT ( 'NONE',  ( 31.30000000000000071, 1.500000000000000000, -1.000000000000000000 ) ) ;
#3635 = VERTEX_POINT ( 'NONE', #2168 ) ;
#3636 = CARTESIAN_POINT ( 'NONE',  ( 14.09999999999999964, 3.750000000000000000, -32.30000000000000426 ) ) ;
#3637 = EDGE_LOOP ( 'NONE', ( #3242, #2937, #2715, #3268 ) ) ;
#3638 = CIRCLE ( 'NONE', #1634, 1.625000000000001332 ) ;
#3639 = DIRECTION ( 'NONE',  ( 8.217301096052209613E-34, -1.000000000000000000, -1.947759692324839872E-16 ) ) ;
#3640 = PERSON_AND_ORGANIZATION ( #3475, #2623 ) ;
#3641 = ORIENTED_EDGE ( 'NONE', *, *, #280, .F. ) ;
#3642 = CIRCLE ( 'NONE', #2835, 2.125000000000001776 ) ;
#3643 = VERTEX_POINT ( 'NONE', #3648 ) ;
#3644 = VECTOR ( 'NONE', #3158, 1000.000000000000000 ) ;
#3645 = EDGE_CURVE ( 'NONE', #1, #546, #49, .T. ) ;
#3646 = FACE_OUTER_BOUND ( 'NONE', #2296, .T. ) ;
#3647 = LOCAL_TIME ( 21, 30, 2.000000000000000000, #3896 ) ;
#3648 = CARTESIAN_POINT ( 'NONE',  ( 43.00000000000000000, 30.25000000000000000, 27.79999999999999716 ) ) ;
#3649 = PLANE ( 'NONE',  #1329 ) ;
#3650 = VECTOR ( 'NONE', #828, 1000.000000000000000 ) ;
#3651 = ORIENTED_EDGE ( 'NONE', *, *, #3306, .F. ) ;
#3652 = ADVANCED_FACE ( 'NONE', ( #3623 ), #2605, .T. ) ;
#3653 = VECTOR ( 'NONE', #4112, 1000.000000000000000 ) ;
#3654 = DIRECTION ( 'NONE',  ( 0.000000000000000000, 1.000000000000000000, 0.000000000000000000 ) ) ;
#3655 = CARTESIAN_POINT ( 'NONE',  ( -16.54999999999999716, -5.500000000000000000, 2.000000000006049827 ) ) ;
#3656 = LOCAL_TIME ( 21, 30, 2.000000000000000000, #3131 ) ;
#3657 = LINE ( 'NONE', #452, #8 ) ;
#3658 = APPROVAL ( #3141, 'UNSPECIFIED' ) ;
#3659 = ORIENTED_EDGE ( 'NONE', *, *, #3821, .T. ) ;
#3660 = CC_DESIGN_DATE_AND_TIME_ASSIGNMENT ( #481, #156, ( #1131 ) ) ;
#3661 = CARTESIAN_POINT ( 'NONE',  ( 14.09999999999999964, -1.250000000000000000, -39.30000000000000426 ) ) ;
#3662 = ORIENTED_EDGE ( 'NONE', *, *, #1129, .T. ) ;
#3663 = DIRECTION ( 'NONE',  ( 0.000000000000000000, 0.000000000000000000, 1.000000000000000000 ) ) ;
#3664 = CALENDAR_DATE ( 2026, 24, 9 ) ;
#3665 = PRODUCT_DEFINITION_SHAPE ( 'NONE', 'NONE',  #1667 ) ;
#3666 = ORIENTED_EDGE ( 'NONE', *, *, #2271, .F. ) ;
#3667 = PERSON_AND_ORGANIZATION ( #3475, #2623 ) ;
#3668 = LINE ( 'NONE', #1947, #838 ) ;
#3669 = CARTESIAN_POINT ( 'NONE',  ( -2.000000000000000000, 32.98552262796359713, 4.487558992682310510 ) ) ;
#3670 = DIRECTION ( 'NONE',  ( 0.000000000000000000, -0.000000000000000000, 1.000000000000000000 ) ) ;
#3671 = EDGE_CURVE ( 'NONE', #1132, #4211, #3960, .T. ) ;
#3672 = ORIENTED_EDGE ( 'NONE', *, *, #1117, .F. ) ;
#3673 = LINE ( 'NONE', #1236, #139 ) ;
#3674 = DIRECTION ( 'NONE',  ( -1.000000000000000000, -0.000000000000000000, -1.084202172485504927E-16 ) ) ;
#3675 = DIRECTION ( 'NONE',  ( 0.7071068957064466920, 0.7071066666666296907, 0.000000000000000000 ) ) ;
#3676 =( GEOMETRIC_REPRESENTATION_CONTEXT ( 3 ) GLOBAL_UNCERTAINTY_ASSIGNED_CONTEXT ( ( #4196 ) ) GLOBAL_UNIT_ASSIGNED_CONTEXT ( ( #4381, #2265, #491 ) ) REPRESENTATION_CONTEXT ( 'NONE', 'WORKASPACE' ) );
#3677 = EDGE_CURVE ( 'NONE', #1631, #2454, #406, .T. ) ;
#3678 = ORIENTED_EDGE ( 'NONE', *, *, #631, .T. ) ;
#3679 = DIRECTION ( 'NONE',  ( 0.000000000000000000, -1.000000000000000000, 0.000000000000000000 ) ) ;
#3680 = ORIENTED_EDGE ( 'NONE', *, *, #3566, .T. ) ;
#3681 = DIRECTION ( 'NONE',  ( -1.000000000000000000, -3.549117070859530348E-25, -3.226585665316859681E-13 ) ) ;
#3682 = ADVANCED_FACE ( 'NONE', ( #1121 ), #1170, .T. ) ;
#3683 = COORDINATED_UNIVERSAL_TIME_OFFSET ( 2, 0, .AHEAD. ) ;
#3684 = VERTEX_POINT ( 'NONE', #1517 ) ;
#3685 = ORIENTED_EDGE ( 'NONE', *, *, #4123, .F. ) ;
#3686 = CALENDAR_DATE ( 2026, 24, 9 ) ;
#3687 = CARTESIAN_POINT ( 'NONE',  ( 37.00000000000000000, 30.25000000000000000, 27.79999999999999716 ) ) ;
#3688 = LINE ( 'NONE', #1949, #3602 ) ;
#3689 = ORIENTED_EDGE ( 'NONE', *, *, #3617, .F. ) ;
#3690 = CARTESIAN_POINT ( 'NONE',  ( 14.09999999999999964, 3.750000000000000000, -39.30000000000000426 ) ) ;
#3691 = CARTESIAN_POINT ( 'NONE',  ( -1.999999999999999556, 3.750000000000003553, -32.30000000000000426 ) ) ;
#3692 = DIRECTION ( 'NONE',  ( 0.000000000000000000, 1.000000000000000000, 9.999999999999999988E-15 ) ) ;
#3693 = DIRECTION ( 'NONE',  ( -0.000000000000000000, -1.000000000000000000, -0.000000000000000000 ) ) ;
#3694 = ORIENTED_EDGE ( 'NONE', *, *, #17, .F. ) ;
#3695 = PRODUCT ( 'balama', 'balama', '', ( #4069 ) ) ;
#3696 = AXIS2_PLACEMENT_3D ( 'NONE', #3751, #574, #1987 ) ;
#3697 = CARTESIAN_POINT ( 'NONE',  ( 0.2000000000006940115, -9.000000000000000000, 30.00000000000599698 ) ) ;
#3698 = LINE ( 'NONE', #2270, #4252 ) ;
#3699 = ORIENTED_EDGE ( 'NONE', *, *, #1889, .T. ) ;
#3700 = ORIENTED_EDGE ( 'NONE', *, *, #4305, .T. ) ;
#3701 = EDGE_CURVE ( 'NONE', #2497, #228, #749, .T. ) ;
#3702 = FACE_BOUND ( 'NONE', #1187, .T. ) ;
#3703 = SECURITY_CLASSIFICATION_LEVEL ( 'unclassified' ) ;
#3704 = APPLICATION_CONTEXT ( 'configuration controlled 3d designs of mechanical parts and assemblies' ) ;
#3705 = ORIENTED_EDGE ( 'NONE', *, *, #2284, .F. ) ;
#3706 = VERTEX_POINT ( 'NONE', #1818 ) ;
#3707 = ADVANCED_FACE ( 'NONE', ( #3251 ), #2236, .F. ) ;
#3708 = EDGE_CURVE ( 'NONE', #212, #1881, #3549, .T. ) ;
#3709 = PERSON_AND_ORGANIZATION_ROLE ( 'design_supplier' ) ;
#3710 = CARTESIAN_POINT ( 'NONE',  ( 6.298111795459336914E-15, 58.73527075499401917, -32.30000000000000426 ) ) ;
#3711 = VECTOR ( 'NONE', #3215, 1000.000000000000000 ) ;
#3712 = CARTESIAN_POINT ( 'NONE',  ( 14.09999999999999964, 3.750000000000000000, -32.30000000000000426 ) ) ;
#3713 = DIRECTION ( 'NONE',  ( 0.000000000000000000, -1.000000000000000000, 0.000000000000000000 ) ) ;
#3714 = VECTOR ( 'NONE', #2985, 1000.000000000000000 ) ;
#3715 = ORIENTED_EDGE ( 'NONE', *, *, #846, .T. ) ;
#3716 = PRODUCT_DEFINITION_FORMATION_WITH_SPECIFIED_SOURCE ( 'ANY', '', #886, .NOT_KNOWN. ) ;
#3717 = DIRECTION ( 'NONE',  ( 0.000000000000000000, -1.000000000000000000, 0.000000000000000000 ) ) ;
#3718 = LINE ( 'NONE', #3691, #455 ) ;
#3719 = CIRCLE ( 'NONE', #764, 2.325000000000000622 ) ;
#3720 = CARTESIAN_POINT ( 'NONE',  ( -8.275000000000318323, 0.000000000000000000, 2.000000000008720136 ) ) ;
#3721 = ORGANIZATION ( 'NAUO-ORG4', 'UNSPECIFIED', 'UNSPECIFIED' ) ;
#3722 = DESIGN_CONTEXT ( 'detailed design', #4429, 'design' ) ;
#3723 = ORIENTED_EDGE ( 'NONE', *, *, #2453, .T. ) ;
#3724 = PRODUCT_DEFINITION_FORMATION_WITH_SPECIFIED_SOURCE ( 'ANY', '', #3695, .NOT_KNOWN. ) ;
#3725 = PLANE ( 'NONE',  #2081 ) ;
#3726 = DIRECTION ( 'NONE',  ( 0.000000000000000000, 0.000000000000000000, 1.000000000000000000 ) ) ;
#3727 = VERTEX_POINT ( 'NONE', #3600 ) ;
#3728 = APPROVAL_PERSON_ORGANIZATION ( #698, #3254, #1735 ) ;
#3729 = EDGE_CURVE ( 'NONE', #429, #3887, #1444, .T. ) ;
#3730 = ORIENTED_EDGE ( 'NONE', *, *, #1041, .T. ) ;
#3731 = CARTESIAN_POINT ( 'NONE',  ( 15.00000000000000000, 0.000000000000000000, 1.050000000000000933 ) ) ;
#3732 = COORDINATED_UNIVERSAL_TIME_OFFSET ( 2, 0, .AHEAD. ) ;
#3733 = ORIENTED_EDGE ( 'NONE', *, *, #299, .F. ) ;
#3734 = EDGE_CURVE ( 'NONE', #2285, #4204, #427, .T. ) ;
#3735 = CALENDAR_DATE ( 2026, 24, 9 ) ;
#3736 = CARTESIAN_POINT ( 'NONE',  ( 1.057219487128066227E-15, 3.750000000000003553, -32.30000000000000426 ) ) ;
#3737 = DIRECTION ( 'NONE',  ( 0.000000000000000000, 0.000000000000000000, 1.000000000000000000 ) ) ;
#3738 = FACE_OUTER_BOUND ( 'NONE', #2011, .T. ) ;
#3739 = ORIENTED_EDGE ( 'NONE', *, *, #3108, .F. ) ;
#3740 = CC_DESIGN_PERSON_AND_ORGANIZATION_ASSIGNMENT ( #3103, #3359, ( #3716 ) ) ;
#3741 = CARTESIAN_POINT ( 'NONE',  ( -19.76032694114510235, 2.000000000000000000, 4.500000000000000000 ) ) ;
#3742 = DIRECTION ( 'NONE',  ( -0.000000000000000000, -1.000000000000000000, -0.000000000000000000 ) ) ;
#3743 = DIRECTION ( 'NONE',  ( 1.000000000000000000, 0.000000000000000000, 0.000000000000000000 ) ) ;
#3744 = DIRECTION ( 'NONE',  ( 1.000000000000000000, 0.000000000000000000, 0.000000000000000000 ) ) ;
#3745 = ORIENTED_EDGE ( 'NONE', *, *, #2190, .T. ) ;
#3746 = CARTESIAN_POINT ( 'NONE',  ( 1.000000000000000000, 1.500000000000000000, -31.30000000000000071 ) ) ;
#3747 = LINE ( 'NONE', #2038, #2546 ) ;
#3748 = CARTESIAN_POINT ( 'NONE',  ( 15.00000000000000000, 6.000000000000000000, 1.050000000000000933 ) ) ;
#3749 = VECTOR ( 'NONE', #1808, 1000.000000000000000 ) ;
#3750 = VERTEX_POINT ( 'NONE', #1840 ) ;
#3751 = CARTESIAN_POINT ( 'NONE',  ( 22.50000000000000000, 18.75000000000000000, 2.000000000000000000 ) ) ;
#3752 = COORDINATED_UNIVERSAL_TIME_OFFSET ( 2, 0, .AHEAD. ) ;
#3753 = ORIENTED_EDGE ( 'NONE', *, *, #3191, .F. ) ;
#3754 = VERTEX_POINT ( 'NONE', #3276 ) ;
#3755 = APPROVAL_DATE_TIME ( #3807, #3168 ) ;
#3756 = LINE ( 'NONE', #2790, #2396 ) ;
#3757 = CARTESIAN_POINT ( 'NONE',  ( 33.75000000000000000, 35.50000000000000000, 2.000000000000000000 ) ) ;
#3758 = CARTESIAN_POINT ( 'NONE',  ( 32.30000000000000426, 3.750000000000003553, -39.30000000000000426 ) ) ;
#3759 = EDGE_CURVE ( 'NONE', #2157, #4527, #3209, .T. ) ;
#3760 = VECTOR ( 'NONE', #3556, 1000.000000000000000 ) ;
#3761 = VERTEX_POINT ( 'NONE', #33 ) ;
#3762 = CARTESIAN_POINT ( 'NONE',  ( 2.000000000000000000, 1.500000000000000000, -30.30000000000000071 ) ) ;
#3763 = PLANE ( 'NONE',  #4094 ) ;
#3764 = ADVANCED_FACE ( 'NONE', ( #2890 ), #816, .F. ) ;
#3765 = FACE_OUTER_BOUND ( 'NONE', #2798, .T. ) ;
#3766 = APPROVAL ( #636, 'UNSPECIFIED' ) ;
#3767 = EDGE_CURVE ( 'NONE', #1160, #1314, #1994, .T. ) ;
#3768 = EDGE_LOOP ( 'NONE', ( #3815, #2188, #663, #2323 ) ) ;
#3769 = APPLICATION_CONTEXT ( 'configuration controlled 3d designs of mechanical parts and assemblies' ) ;
#3770 = DIRECTION ( 'NONE',  ( 0.000000000000000000, 0.000000000000000000, -1.000000000000000000 ) ) ;
#3771 = DIRECTION ( 'NONE',  ( 0.000000000000000000, 0.000000000000000000, -1.000000000000000000 ) ) ;
#3772 = CARTESIAN_POINT ( 'NONE',  ( -37.50000000000000000, -2.296212748401289944E-15, 0.000000000000000000 ) ) ;
#3773 = ORIENTED_EDGE ( 'NONE', *, *, #1507, .T. ) ;
#3774 = DIRECTION ( 'NONE',  ( -1.000000000000000000, 0.000000000000000000, 0.000000000000000000 ) ) ;
#3775 = DATE_AND_TIME ( #1988, #2244 ) ;
#3776 = EDGE_LOOP ( 'NONE', ( #2133, #4134, #1815, #2980 ) ) ;
#3777 = AXIS2_PLACEMENT_3D ( 'NONE', #1409, #2185, #697 ) ;
#3778 = CALENDAR_DATE ( 2026, 24, 9 ) ;
#3779 = DIRECTION ( 'NONE',  ( 1.000000000000000000, 0.000000000000000000, 0.000000000000000000 ) ) ;
#3780 = CARTESIAN_POINT ( 'NONE',  ( -4.440892098500630106E-15, 77.50000000000000000, 0.000000000000000000 ) ) ;
#3781 = DIRECTION ( 'NONE',  ( 0.000000000000000000, 0.000000000000000000, -1.000000000000000000 ) ) ;
#3782 = ORIENTED_EDGE ( 'NONE', *, *, #2968, .T. ) ;
#3783 = EDGE_CURVE ( 'NONE', #1480, #2226, #507, .T. ) ;
#3784 = VECTOR ( 'NONE', #1522, 1000.000000000000000 ) ;
#3785 = DIRECTION ( 'NONE',  ( 0.000000000000000000, 0.000000000000000000, 1.000000000000000000 ) ) ;
#3786 = VECTOR ( 'NONE', #3675, 1000.000000000000000 ) ;
#3787 = DIRECTION ( 'NONE',  ( -1.000000000000000000, 0.000000000000000000, 0.000000000000000000 ) ) ;
#3788 = CARTESIAN_POINT ( 'NONE',  ( 1293.323005139498719, 682.9384928491767823, -500.9103184358422141 ) ) ;
#3789 = FACE_BOUND ( 'NONE', #4053, .T. ) ;
#3790 = VECTOR ( 'NONE', #2096, 1000.000000000000000 ) ;
#3791 = EDGE_CURVE ( 'NONE', #2380, #3272, #843, .T. ) ;
#3792 = VECTOR ( 'NONE', #2127, 1000.000000000000000 ) ;
#3793 = ORIENTED_EDGE ( 'NONE', *, *, #1942, .F. ) ;
#3794 = CALENDAR_DATE ( 2026, 24, 9 ) ;
#3795 = CC_DESIGN_PERSON_AND_ORGANIZATION_ASSIGNMENT ( #3544, #2186, ( #4046 ) ) ;
#3796 = CARTESIAN_POINT ( 'NONE',  ( 0.000000000000000000, 2.500000000000000000, 0.000000000000000000 ) ) ;
#3797 = DIRECTION ( 'NONE',  ( 1.000000000000000000, 0.000000000000000000, 0.000000000000000000 ) ) ;
#3798 = LOCAL_TIME ( 21, 30, 2.000000000000000000, #4575 ) ;
#3799 = CARTESIAN_POINT ( 'NONE',  ( 32.30000000000000426, 0.000000000000000000, -32.30000000000000426 ) ) ;
#3800 = CARTESIAN_POINT ( 'NONE',  ( 0.000000000000000000, 77.50000000000000000, 0.000000000000000000 ) ) ;
#3801 = ORIENTED_EDGE ( 'NONE', *, *, #3389, .T. ) ;
#3802 = APPROVAL_PERSON_ORGANIZATION ( #2484, #503, #694 ) ;
#3803 = CALENDAR_DATE ( 2026, 24, 9 ) ;
#3804 = AXIS2_PLACEMENT_3D ( 'NONE', #558, #883, #1252 ) ;
#3805 = ORIENTED_EDGE ( 'NONE', *, *, #4169, .T. ) ;
#3806 = CC_DESIGN_APPROVAL ( #4348, ( #1241 ) ) ;
#3807 = DATE_AND_TIME ( #3735, #4333 ) ;
#3808 = LINE ( 'NONE', #2045, #4476 ) ;
#3809 = LINE ( 'NONE', #3153, #4236 ) ;
#3810 = VERTEX_POINT ( 'NONE', #4072 ) ;
#3811 = CARTESIAN_POINT ( 'NONE',  ( 34.30000000000000426, -1.250000000000002220, 2.000000000000000000 ) ) ;
#3812 = DIRECTION ( 'NONE',  ( -1.000000000000000000, 0.000000000000000000, 0.000000000000000000 ) ) ;
#3813 = CARTESIAN_POINT ( 'NONE',  ( 15.00000000000000000, 6.000000000000000000, 1.050000000000000933 ) ) ;
#3814 = EDGE_CURVE ( 'NONE', #111, #3068, #4491, .T. ) ;
#3815 = ORIENTED_EDGE ( 'NONE', *, *, #108, .F. ) ;
#3816 = DATE_AND_TIME ( #3794, #1065 ) ;
#3817 = CARTESIAN_POINT ( 'NONE',  ( 32.30000000000000426, -1.250000000000001998, 0.000000000000000000 ) ) ;
#3818 = DIRECTION ( 'NONE',  ( 0.000000000000000000, -1.000000000000000000, 0.000000000000000000 ) ) ;
#3819 = CARTESIAN_POINT ( 'NONE',  ( -2.000000000000000000, 2.242761313981779914, 31.48755899268229541 ) ) ;
#3820 = CARTESIAN_POINT ( 'NONE',  ( 40.00000014901190326, -8.484363381672159562E-32, 7.000000000000750511 ) ) ;
#3821 = EDGE_CURVE ( 'NONE', #1278, #4098, #186, .T. ) ;
#3822 = VERTEX_POINT ( 'NONE', #4029 ) ;
#3823 = COORDINATED_UNIVERSAL_TIME_OFFSET ( 2, 0, .AHEAD. ) ;
#3824 = VERTEX_POINT ( 'NONE', #3669 ) ;
#3825 = EDGE_CURVE ( 'NONE', #3301, #3307, #142, .T. ) ;
#3826 = VECTOR ( 'NONE', #4356, 1000.000000000000000 ) ;
#3827 = ADVANCED_FACE ( 'NONE', ( #3738 ), #2675, .F. ) ;
#3828 = APPROVAL_ROLE ( '' ) ;
#3829 = DIRECTION ( 'NONE',  ( 0.000000000000000000, 0.000000000000000000, 1.000000000000000000 ) ) ;
#3830 = ORIENTED_EDGE ( 'NONE', *, *, #739, .T. ) ;
#3831 = DIRECTION ( 'NONE',  ( 0.000000000000000000, 0.000000000000000000, -1.000000000000000000 ) ) ;
#3832 = CARTESIAN_POINT ( 'NONE',  ( 0.000000000000000000, -2.755451082640380203E-16, 2.000000000011390444 ) ) ;
#3833 = CARTESIAN_POINT ( 'NONE',  ( 43.00000000000000000, -1.617781153285280087E-31, 0.000000000000000000 ) ) ;
#3834 = ORIENTED_EDGE ( 'NONE', *, *, #1496, .F. ) ;
#3835 = PERSON_AND_ORGANIZATION_ROLE ( 'creator' ) ;
#3836 = CARTESIAN_POINT ( 'NONE',  ( 0.000000000000000000, 4.500000000000000000, 31.50000000000000000 ) ) ;
#3837 = CARTESIAN_POINT ( 'NONE',  ( 0.000000000000000000, 4.500000000000000000, 4.500000000000000000 ) ) ;
#3838 = DIRECTION ( 'NONE',  ( 0.000000000000000000, 0.000000000000000000, 1.000000000000000000 ) ) ;
#3839 = EDGE_LOOP ( 'NONE', ( #2432, #3524, #1547, #4544 ) ) ;
#3840 = VERTEX_POINT ( 'NONE', #937 ) ;
#3841 = EDGE_CURVE ( 'NONE', #4317, #111, #4096, .T. ) ;
#3842 = VECTOR ( 'NONE', #2614, 1000.000000000000000 ) ;
#3843 = CALENDAR_DATE ( 2026, 24, 9 ) ;
#3844 = VERTEX_POINT ( 'NONE', #536 ) ;
#3845 = EDGE_CURVE ( 'NONE', #752, #2752, #4440, .T. ) ;
#3846 = APPROVAL_ROLE ( '' ) ;
#3847 = FACE_OUTER_BOUND ( 'NONE', #971, .T. ) ;
#3848 = DIRECTION ( 'NONE',  ( 1.000000000000000000, 0.000000000000000000, 0.000000000000000000 ) ) ;
#3849 = CC_DESIGN_PERSON_AND_ORGANIZATION_ASSIGNMENT ( #140, #755, ( #1357 ) ) ;
#3850 = ORIENTED_EDGE ( 'NONE', *, *, #2862, .F. ) ;
#3851 = CC_DESIGN_DATE_AND_TIME_ASSIGNMENT ( #3775, #625, ( #2542 ) ) ;
#3852 = CARTESIAN_POINT ( 'NONE',  ( 43.00000000000000000, 29.44999999999999929, 27.79999999999999716 ) ) ;
#3853 = LINE ( 'NONE', #2847, #4243 ) ;
#3854 = APPLICATION_CONTEXT ( 'configuration controlled 3d designs of mechanical parts and assemblies' ) ;
#3855 = LINE ( 'NONE', #2849, #599 ) ;
#3856 = VECTOR ( 'NONE', #1376, 1000.000000000000000 ) ;
#3857 = MANIFOLD_SOLID_BREP ( 'NONE', #1714 ) ;
#3858 = VERTEX_POINT ( 'NONE', #1902 ) ;
#3859 = DIRECTION ( 'NONE',  ( 0.000000000000000000, 0.000000000000000000, -1.000000000000000000 ) ) ;
#3860 = DATE_AND_TIME ( #4521, #2474 ) ;
#3861 = FACE_OUTER_BOUND ( 'NONE', #435, .T. ) ;
#3862 = LINE ( 'NONE', #3216, #2361 ) ;
#3863 = AXIS2_PLACEMENT_3D ( 'NONE', #3440, #1028, #2471 ) ;
#3864 = DIRECTION ( 'NONE',  ( -0.7071067811865474617, -0.7071067811865474617, 0.000000000000000000 ) ) ;
#3865 = DIRECTION ( 'NONE',  ( 1.000000000000000000, 0.000000000000000000, 0.000000000000000000 ) ) ;
#3866 = VECTOR ( 'NONE', #513, 1000.000000000000000 ) ;
#3867 = EDGE_LOOP ( 'NONE', ( #3782, #2859, #1240, #4520 ) ) ;
#3868 = MANIFOLD_SOLID_BREP ( 'NONE', #2981 ) ;
#3869 = SECURITY_CLASSIFICATION ( '', '', #205 ) ;
#3870 = COORDINATED_UNIVERSAL_TIME_OFFSET ( 2, 0, .AHEAD. ) ;
#3871 = DIRECTION ( 'NONE',  ( -1.000000000000000000, 1.072287862897752081E-16, 0.000000000000000000 ) ) ;
#3872 = ORIENTED_EDGE ( 'NONE', *, *, #1315, .T. ) ;
#3873 = VECTOR ( 'NONE', #788, 1000.000000000000000 ) ;
#3874 = EDGE_CURVE ( 'NONE', #3575, #334, #3020, .T. ) ;
#3875 = CC_DESIGN_APPROVAL ( #2700, ( #1353 ) ) ;
#3876 = AXIS2_PLACEMENT_3D ( 'NONE', #2021, #1669, #2394 ) ;
#3877 = DIRECTION ( 'NONE',  ( 0.000000000000000000, -1.000000000000000000, 0.000000000000000000 ) ) ;
#3878 = DATE_TIME_ROLE ( 'classification_date' ) ;
#3879 = CC_DESIGN_APPROVAL ( #3028, ( #137 ) ) ;
#3880 = EDGE_CURVE ( 'NONE', #3293, #4468, #2699, .T. ) ;
#3881 = FACE_OUTER_BOUND ( 'NONE', #4410, .T. ) ;
#3882 = ORIENTED_EDGE ( 'NONE', *, *, #2778, .T. ) ;
#3883 = FACE_OUTER_BOUND ( 'NONE', #3017, .T. ) ;
#3884 = FACE_BOUND ( 'NONE', #1433, .T. ) ;
#3885 =( LENGTH_UNIT ( ) NAMED_UNIT ( * ) SI_UNIT ( .MILLI., .METRE. ) );
#3886 = CARTESIAN_POINT ( 'NONE',  ( -16.54999962784319578, -9.000000000000000000, 31.00000000000610001 ) ) ;
#3887 = VERTEX_POINT ( 'NONE', #1972 ) ;
#3888 = ORIENTED_EDGE ( 'NONE', *, *, #1041, .F. ) ;
#3889 = EDGE_CURVE ( 'NONE', #1773, #3643, #3319, .T. ) ;
#3890 = FACE_BOUND ( 'NONE', #3867, .T. ) ;
#3891 = COORDINATED_UNIVERSAL_TIME_OFFSET ( 2, 0, .AHEAD. ) ;
#3892 = PLANE ( 'NONE',  #3944 ) ;
#3893 = DIRECTION ( 'NONE',  ( 0.000000000000000000, 0.000000000000000000, 1.000000000000000000 ) ) ;
#3894 = PLANE ( 'NONE',  #1791 ) ;
#3895 = ORIENTED_EDGE ( 'NONE', *, *, #3767, .F. ) ;
#3896 = COORDINATED_UNIVERSAL_TIME_OFFSET ( 2, 0, .AHEAD. ) ;
#3897 = CARTESIAN_POINT ( 'NONE',  ( 0.2000000000012920054, -10.99999975413079945, 4.500000000006049383 ) ) ;
#3898 = ORIENTED_EDGE ( 'NONE', *, *, #1021, .F. ) ;
#3899 = DIRECTION ( 'NONE',  ( 1.000000000000000000, 0.000000000000000000, 0.000000000000000000 ) ) ;
#3900 = PERSON_AND_ORGANIZATION_ROLE ( 'classification_officer' ) ;
#3901 = VERTEX_POINT ( 'NONE', #4051 ) ;
#3902 =( GEOMETRIC_REPRESENTATION_CONTEXT ( 3 ) GLOBAL_UNCERTAINTY_ASSIGNED_CONTEXT ( ( #1354 ) ) GLOBAL_UNIT_ASSIGNED_CONTEXT ( ( #3092, #4423, #1325 ) ) REPRESENTATION_CONTEXT ( 'NONE', 'WORKASPACE' ) );
#3903 = ORIENTED_EDGE ( 'NONE', *, *, #325, .T. ) ;
#3904 = VECTOR ( 'NONE', #1922, 1000.000000000000000 ) ;
#3905 = EDGE_CURVE ( 'NONE', #212, #2710, #3688, .T. ) ;
#3906 = CARTESIAN_POINT ( 'NONE',  ( 30.30000000000000071, 1.500000000000000000, -30.30000000000000071 ) ) ;
#3907 = LINE ( 'NONE', #1720, #4573 ) ;
#3908 = CARTESIAN_POINT ( 'NONE',  ( 43.00000000000000000, 8.050000000000000711, 28.60000000000000142 ) ) ;
#3909 = VERTEX_POINT ( 'NONE', #165 ) ;
#3910 = FACE_OUTER_BOUND ( 'NONE', #4118, .T. ) ;
#3911 = PERSON_AND_ORGANIZATION ( #3475, #2623 ) ;
#3912 = EDGE_CURVE ( 'NONE', #1495, #3104, #1579, .T. ) ;
#3913 = DIRECTION ( 'NONE',  ( -0.000000000000000000, 1.000000000000000000, 0.000000000000000000 ) ) ;
#3914 = CARTESIAN_POINT ( 'NONE',  ( 14.09999999999999964, 3.750000000000000000, -32.30000000000000426 ) ) ;
#3915 = LINE ( 'NONE', #3557, #2688 ) ;
#3916 = CARTESIAN_POINT ( 'NONE',  ( 45.00000000000000000, -1.617781153285280087E-31, 0.000000000000000000 ) ) ;
#3917 = APPROVAL ( #3237, 'UNSPECIFIED' ) ;
#3918 = EDGE_CURVE ( 'NONE', #1614, #2285, #211, .T. ) ;
#3919 = ORIENTED_EDGE ( 'NONE', *, *, #2403, .T. ) ;
#3920 = APPROVAL_STATUS ( 'not_yet_approved' ) ;
#3921 = CARTESIAN_POINT ( 'NONE',  ( 40.00000014901190326, 0.000000000000000000, 9.000000000000747846 ) ) ;
#3922 = VERTEX_POINT ( 'NONE', #1253 ) ;
#3923 = VECTOR ( 'NONE', #2636, 1000.000000000000000 ) ;
#3924 = CARTESIAN_POINT ( 'NONE',  ( 45.00000000000000000, 27.00000000000000000, 24.00000000000000000 ) ) ;
#3925 = DATE_AND_TIME ( #2463, #544 ) ;
#3926 = EDGE_LOOP ( 'NONE', ( #1794, #4298, #2931, #3546 ) ) ;
#3927 = ORIENTED_EDGE ( 'NONE', *, *, #220, .T. ) ;
#3928 = ORIENTED_EDGE ( 'NONE', *, *, #2690, .T. ) ;
#3929 = VECTOR ( 'NONE', #3429, 1000.000000000000000 ) ;
#3930 = LINE ( 'NONE', #1467, #3322 ) ;
#3931 = DIRECTION ( 'NONE',  ( 0.000000000000000000, 0.000000000000000000, -1.000000000000000000 ) ) ;
#3932 = LINE ( 'NONE', #750, #1642 ) ;
#3933 = VECTOR ( 'NONE', #4030, 1000.000000000000000 ) ;
#3934 = EDGE_CURVE ( 'NONE', #1314, #4433, #1624, .T. ) ;
#3935 = ORIENTED_EDGE ( 'NONE', *, *, #2150, .F. ) ;
#3936 = CARTESIAN_POINT ( 'NONE',  ( -35.29999999999999716, -11.00000000000000000, 2.000000000012100099 ) ) ;
#3937 = DATE_AND_TIME ( #3686, #3500 ) ;
#3938 = DIRECTION ( 'NONE',  ( -1.000000000000000000, 9.868649107779168700E-17, 0.000000000000000000 ) ) ;
#3939 = CARTESIAN_POINT ( 'NONE',  ( -33.29999925568699837, -9.000000000000000000, 30.00000000000599698 ) ) ;
#3940 = EDGE_CURVE ( 'NONE', #2380, #1224, #4122, .T. ) ;
#3941 = PLANE ( 'NONE',  #4543 ) ;
#3942 = ORIENTED_EDGE ( 'NONE', *, *, #1771, .F. ) ;
#3943 = CC_DESIGN_DATE_AND_TIME_ASSIGNMENT ( #3434, #4510, ( #1667 ) ) ;
#3944 = AXIS2_PLACEMENT_3D ( 'NONE', #1082, #1798, #3162 ) ;
#3945 = MANIFOLD_SOLID_BREP ( 'NONE', #2314 ) ;
#3946 = DIRECTION ( 'NONE',  ( -0.000000000000000000, 1.000000000000000000, 0.000000000000000000 ) ) ;
#3947 = VECTOR ( 'NONE', #2871, 1000.000000000000000 ) ;
#3948 = ORIENTED_EDGE ( 'NONE', *, *, #1356, .F. ) ;
#3949 = PRODUCT_DEFINITION_FORMATION_WITH_SPECIFIED_SOURCE ( 'ANY', '', #1588, .NOT_KNOWN. ) ;
#3950 = AXIS2_PLACEMENT_3D ( 'NONE', #4221, #3239, #1063 ) ;
#3951 = CARTESIAN_POINT ( 'NONE',  ( -32.67157176935149465, 2.000000000000000000, 32.00000000000000000 ) ) ;
#3952 = APPROVAL_STATUS ( 'not_yet_approved' ) ;
#3953 = AXIS2_PLACEMENT_3D ( 'NONE', #4274, #261, #1458 ) ;
#3954 = VERTEX_POINT ( 'NONE', #3087 ) ;
#3955 = VERTEX_POINT ( 'NONE', #4165 ) ;
#3956 = APPLICATION_CONTEXT ( 'configuration controlled 3d designs of mechanical parts and assemblies' ) ;
#3957 = ORIENTED_EDGE ( 'NONE', *, *, #58, .F. ) ;
#3958 = APPROVAL_PERSON_ORGANIZATION ( #3640, #2781, #1512 ) ;
#3959 = PLANE ( 'NONE',  #2814 ) ;
#3960 = LINE ( 'NONE', #1146, #3234 ) ;
#3961 = CARTESIAN_POINT ( 'NONE',  ( 0.2000000000006469936, 0.000000000000000000, 2.000000000006370016 ) ) ;
#3962 = APPROVAL_PERSON_ORGANIZATION ( #579, #4487, #4141 ) ;
#3963 = ORIENTED_EDGE ( 'NONE', *, *, #2995, .F. ) ;
#3964 = CARTESIAN_POINT ( 'NONE',  ( 2.200000000000650324, 0.000000000000000000, 1.209948807812110096E-11 ) ) ;
#3965 = CARTESIAN_POINT ( 'NONE',  ( 0.000000000000000000, 40.00000000000000000, 0.000000000000000000 ) ) ;
#3966 = ADVANCED_FACE ( 'NONE', ( #393 ), #3195, .T. ) ;
#3967 = CARTESIAN_POINT ( 'NONE',  ( 0.000000000000000000, 0.000000000000000000, -32.30000000000000426 ) ) ;
#3968 = VECTOR ( 'NONE', #570, 1000.000000000000000 ) ;
#3969 = ORIENTED_EDGE ( 'NONE', *, *, #612, .F. ) ;
#3970 = PERSON_AND_ORGANIZATION_ROLE ( 'classification_officer' ) ;
#3971 = EDGE_CURVE ( 'NONE', #4139, #4011, #980, .T. ) ;
#3972 = ADVANCED_FACE ( 'NONE', ( #345 ), #767, .T. ) ;
#3973 = LINE ( 'NONE', #806, #2019 ) ;
#3974 = ORIENTED_EDGE ( 'NONE', *, *, #4321, .T. ) ;
#3975 = LINE ( 'NONE', #1484, #2152 ) ;
#3976 = SHAPE_DEFINITION_REPRESENTATION ( #3328, #1288 ) ;
#3977 = ADVANCED_FACE ( 'NONE', ( #4145 ), #4591, .T. ) ;
#3978 = EDGE_LOOP ( 'NONE', ( #2100, #3171, #221, #2610 ) ) ;
#3979 = ORIENTED_EDGE ( 'NONE', *, *, #2351, .F. ) ;
#3980 = EDGE_CURVE ( 'NONE', #1852, #2538, #44, .T. ) ;
#3981 = VERTEX_POINT ( 'NONE', #1407 ) ;
#3982 = CARTESIAN_POINT ( 'NONE',  ( -2.000000000000000000, 32.67156183448699380, 0.000000000000000000 ) ) ;
#3983 = DIRECTION ( 'NONE',  ( -1.000000000000000000, 1.072287862897751958E-16, 0.000000000000000000 ) ) ;
#3984 = CARTESIAN_POINT ( 'NONE',  ( -2.020653882290219805, 0.000000000000000000, 31.00000000000000000 ) ) ;
#3985 = VECTOR ( 'NONE', #885, 1000.000000000000000 ) ;
#3986 = AXIS2_PLACEMENT_3D ( 'NONE', #3370, #4473, #867 ) ;
#3987 = ORIENTED_EDGE ( 'NONE', *, *, #2271, .T. ) ;
#3988 = CARTESIAN_POINT ( 'NONE',  ( -1.999999999999993561, 58.73527075499401917, -32.30000000000000426 ) ) ;
#3989 = DIRECTION ( 'NONE',  ( 8.217301096052209613E-34, -1.000000000000000000, 0.000000000000000000 ) ) ;
#3990 = CARTESIAN_POINT ( 'NONE',  ( -35.29999999999939320, -10.99999975413079945, 32.00000000000609646 ) ) ;
#3991 = ORIENTED_EDGE ( 'NONE', *, *, #75, .F. ) ;
#3992 = DIRECTION ( 'NONE',  ( 0.000000000000000000, 0.000000000000000000, 1.000000000000000000 ) ) ;
#3993 = ORIENTED_EDGE ( 'NONE', *, *, #3142, .T. ) ;
#3994 = EDGE_CURVE ( 'NONE', #752, #302, #957, .T. ) ;
#3995 = CARTESIAN_POINT ( 'NONE',  ( 45.00000000000000000, -1.617781153285280087E-31, 0.000000000000000000 ) ) ;
#3996 = APPROVAL_STATUS ( 'not_yet_approved' ) ;
#3997 = ORIENTED_EDGE ( 'NONE', *, *, #2176, .T. ) ;
#3998 = EDGE_CURVE ( 'NONE', #2886, #1226, #3222, .T. ) ;
#3999 = ORIENTED_EDGE ( 'NONE', *, *, #962, .T. ) ;
#4000 = ORIENTED_EDGE ( 'NONE', *, *, #3540, .F. ) ;
#4001 = APPROVAL ( #2256, 'UNSPECIFIED' ) ;
#4002 = FACE_OUTER_BOUND ( 'NONE', #1515, .T. ) ;
#4003 = CARTESIAN_POINT ( 'NONE',  ( 0.000000000000000000, 4.485522627963559827, 4.487558992682310510 ) ) ;
#4004 = CARTESIAN_POINT ( 'NONE',  ( -35.29999999999939320, -11.00000000000000000, 1.209948807812110096E-11 ) ) ;
#4005 = VECTOR ( 'NONE', #4044, 1000.000000000000000 ) ;
#4006 = ORIENTED_EDGE ( 'NONE', *, *, #4183, .T. ) ;
#4007 = CARTESIAN_POINT ( 'NONE',  ( 2.680719657244373238E-16, 2.500000000000002220, -32.30000000000000426 ) ) ;
#4008 = VECTOR ( 'NONE', #3570, 1000.000000000000000 ) ;
#4009 = PLANE ( 'NONE',  #2604 ) ;
#4010 = CARTESIAN_POINT ( 'NONE',  ( -35.29999999999939320, 0.000000000000000000, 32.00000000000609646 ) ) ;
#4011 = VERTEX_POINT ( 'NONE', #3539 ) ;
#4012 = CONTEXT_DEPENDENT_SHAPE_REPRESENTATION ( #1077, #972 ) ;
#4013 = DIRECTION ( 'NONE',  ( -1.000000000000000000, 0.000000000000000000, 0.000000000000000000 ) ) ;
#4014 = ORIENTED_EDGE ( 'NONE', *, *, #3473, .F. ) ;
#4015 = VECTOR ( 'NONE', #2147, 1000.000000000000000 ) ;
#4016 = DIRECTION ( 'NONE',  ( 0.000000000000000000, -1.000000000000000000, 0.000000000000000000 ) ) ;
#4017 = VECTOR ( 'NONE', #57, 1000.000000000000000 ) ;
#4018 = COORDINATED_UNIVERSAL_TIME_OFFSET ( 2, 0, .AHEAD. ) ;
#4019 = ORIENTED_EDGE ( 'NONE', *, *, #3467, .T. ) ;
#4020 = EDGE_CURVE ( 'NONE', #4011, #3858, #716, .T. ) ;
#4021 = AXIS2_PLACEMENT_3D ( 'NONE', #3348, #3787, #1237 ) ;
#4022 = ORIENTED_EDGE ( 'NONE', *, *, #1405, .F. ) ;
#4023 = VECTOR ( 'NONE', #2785, 1000.000000000000000 ) ;
#4024 = ADVANCED_FACE ( 'NONE', ( #604 ), #3241, .T. ) ;
#4025 = SHAPE_REPRESENTATION ( 'fullOptic', ( #4037, #2496, #485, #641 ), #2420 ) ;
#4026 = DATE_TIME_ROLE ( 'classification_date' ) ;
#4027 = LINE ( 'NONE', #467, #2848 ) ;
#4028 = VERTEX_POINT ( 'NONE', #3121 ) ;
#4029 = CARTESIAN_POINT ( 'NONE',  ( -2.000000000000000000, 2.000000000000000000, 2.000000000000000000 ) ) ;
#4030 = DIRECTION ( 'NONE',  ( 0.000000000000000000, 1.000000000000000000, 0.000000000000000000 ) ) ;
#4031 = AXIS2_PLACEMENT_3D ( 'NONE', #3331, #2620, #2905 ) ;
#4032 = ORIENTED_EDGE ( 'NONE', *, *, #3612, .F. ) ;
#4033 = LOCAL_TIME ( 21, 30, 2.000000000000000000, #1018 ) ;
#4034 = VECTOR ( 'NONE', #141, 1000.000000000000000 ) ;
#4035 = CARTESIAN_POINT ( 'NONE',  ( 0.2000000000006940115, -11.00000000000000000, 30.00000000000599698 ) ) ;
#4036 = CARTESIAN_POINT ( 'NONE',  ( 11.00000000000000000, 0.000000000000000000, -2.200000000000000178 ) ) ;
#4037 = AXIS2_PLACEMENT_3D ( 'NONE', #4150, #1445, #4172 ) ;
#4038 = DIRECTION ( 'NONE',  ( -1.000000000000000000, 0.000000000000000000, 0.000000000000000000 ) ) ;
#4039 = EDGE_CURVE ( 'NONE', #253, #3887, #2880, .T. ) ;
#4040 = ORIENTED_EDGE ( 'NONE', *, *, #2804, .T. ) ;
#4041 = COORDINATED_UNIVERSAL_TIME_OFFSET ( 2, 0, .AHEAD. ) ;
#4042 = DIRECTION ( 'NONE',  ( -1.000000000000000000, 0.000000000000000000, 0.000000000000000000 ) ) ;
#4043 = ORIENTED_EDGE ( 'NONE', *, *, #3759, .T. ) ;
#4044 = DIRECTION ( 'NONE',  ( 0.000000000000000000, 1.000000000000000000, 0.000000000000000000 ) ) ;
#4045 = PERSON_AND_ORGANIZATION_ROLE ( 'creator' ) ;
#4046 = PRODUCT ( '2026-07-30-22-07-47-172.STEP', '2026-07-30-22-07-47-172.STEP', '', ( #4255 ) ) ;
#4047 = ORIENTED_EDGE ( 'NONE', *, *, #1349, .F. ) ;
#4048 = VERTEX_POINT ( 'NONE', #2183 ) ;
#4049 = PERSON_AND_ORGANIZATION ( #3475, #2623 ) ;
#4050 = DIRECTION ( 'NONE',  ( -1.000000000000000000, 0.000000000000000000, 0.000000000000000000 ) ) ;
#4051 = CARTESIAN_POINT ( 'NONE',  ( 2.000000000000000000, 2.500000000000000000, -30.30000000000000071 ) ) ;
#4052 = CARTESIAN_POINT ( 'NONE',  ( 2.000000000000000000, 33.00000000000000000, 31.50000000000000000 ) ) ;
#4053 = EDGE_LOOP ( 'NONE', ( #826, #4259, #2576, #3073 ) ) ;
#4054 = ADVANCED_FACE ( 'NONE', ( #1671 ), #1432, .T. ) ;
#4055 = CARTESIAN_POINT ( 'NONE',  ( 10.00000014901189971, -2.250000000000000000, 28.00000000000069988 ) ) ;
#4056 = CARTESIAN_POINT ( 'NONE',  ( 40.00000014901190326, -1.125000000000000000, 9.000000000000747846 ) ) ;
#4057 =( NAMED_UNIT ( * ) SI_UNIT ( $, .STERADIAN. ) SOLID_ANGLE_UNIT ( ) );
#4058 = CARTESIAN_POINT ( 'NONE',  ( 0.000000000000000000, 32.98552262796359713, 4.487558992682310510 ) ) ;
#4059 = EDGE_LOOP ( 'NONE', ( #924, #2744, #1090, #1809 ) ) ;
#4060 = CC_DESIGN_PERSON_AND_ORGANIZATION_ASSIGNMENT ( #627, #935, ( #3253 ) ) ;
#4061 = PLANE ( 'NONE',  #154 ) ;
#4062 = CARTESIAN_POINT ( 'NONE',  ( -1.999999999999993561, 58.73527075499401917, 1.999999999999995781 ) ) ;
#4063 = EDGE_CURVE ( 'NONE', #777, #458, #1089, .T. ) ;
#4064 = VERTEX_POINT ( 'NONE', #3590 ) ;
#4065 = LINE ( 'NONE', #480, #1772 ) ;
#4066 = PERSON_AND_ORGANIZATION ( #3475, #2623 ) ;
#4067 = VECTOR ( 'NONE', #1034, 1000.000000000000000 ) ;
#4068 = ORIENTED_EDGE ( 'NONE', *, *, #2351, .T. ) ;
#4069 = MECHANICAL_CONTEXT ( 'NONE', #3854, 'mechanical' ) ;
#4070 = DIRECTION ( 'NONE',  ( 0.000000000000000000, 0.000000000000000000, -1.000000000000000000 ) ) ;
#4071 = DIRECTION ( 'NONE',  ( 0.000000000000000000, -1.000000000000000000, 0.000000000000000000 ) ) ;
#4072 = CARTESIAN_POINT ( 'NONE',  ( -33.29999925568699837, -9.000000000000000000, 32.00000000000609646 ) ) ;
#4073 = EDGE_LOOP ( 'NONE', ( #4581, #974, #4192, #442 ) ) ;
#4074 = VECTOR ( 'NONE', #1096, 1000.000000000000000 ) ;
#4075 = PLANE ( 'NONE',  #893 ) ;
#4076 = LINE ( 'NONE', #1607, #2681 ) ;
#4077 = CARTESIAN_POINT ( 'NONE',  ( 10.00000014901159950, 0.000000000000000000, 9.000000000000747846 ) ) ;
#4078 = ADVANCED_FACE ( 'NONE', ( #695 ), #2107, .T. ) ;
#4079 = ORIENTED_EDGE ( 'NONE', *, *, #2601, .T. ) ;
#4080 = EDGE_CURVE ( 'NONE', #1026, #1068, #2833, .T. ) ;
#4081 = CARTESIAN_POINT ( 'NONE',  ( 33.75000000000000000, 37.50000000000000000, 32.00000000000000000 ) ) ;
#4082 = DIRECTION ( 'NONE',  ( -0.000000000000000000, -1.000000000000000000, -0.000000000000000000 ) ) ;
#4083 = VERTEX_POINT ( 'NONE', #1067 ) ;
#4084 = CC_DESIGN_PERSON_AND_ORGANIZATION_ASSIGNMENT ( #3084, #2414, ( #1667 ) ) ;
#4085 = EDGE_LOOP ( 'NONE', ( #2954, #647, #2843, #3641, #2966, #2581 ) ) ;
#4086 = CARTESIAN_POINT ( 'NONE',  ( 34.24170685429678684, 3.750000000000003553, 2.000000000000000000 ) ) ;
#4087 = APPROVAL_DATE_TIME ( #4117, #1327 ) ;
#4088 = VERTEX_POINT ( 'NONE', #3897 ) ;
#4089 = ORIENTED_EDGE ( 'NONE', *, *, #257, .F. ) ;
#4090 = CC_DESIGN_DATE_AND_TIME_ASSIGNMENT ( #2598, #2253, ( #1478 ) ) ;
#4091 = AXIS2_PLACEMENT_3D ( 'NONE', #3655, #2549, #3632 ) ;
#4092 = PERSON_AND_ORGANIZATION_ROLE ( 'creator' ) ;
#4093 = FACE_OUTER_BOUND ( 'NONE', #363, .T. ) ;
#4094 = AXIS2_PLACEMENT_3D ( 'NONE', #242, #585, #1584 ) ;
#4095 = CARTESIAN_POINT ( 'NONE',  ( -2.000000000000000000, 0.000000000000000000, 0.000000000000000000 ) ) ;
#4096 = LINE ( 'NONE', #3387, #419 ) ;
#4097 = VECTOR ( 'NONE', #4038, 1000.000000000000000 ) ;
#4098 = VERTEX_POINT ( 'NONE', #1775 ) ;
#4099 = PERSON ( 'NAUO-PER4', 'UNSPECIFIED', 'UNSPECIFIED', ('UNSPECIFIED'), ('UNSPECIFIED'), ('UNSPECIFIED') ) ;
#4100 = LOCAL_TIME ( 21, 30, 2.000000000000000000, #2970 ) ;
#4101 = DIRECTION ( 'NONE',  ( 1.000000000000000000, 6.123233995736769734E-17, 5.746625557483809390E-17 ) ) ;
#4102 = PLANE ( 'NONE',  #4021 ) ;
#4103 = VECTOR ( 'NONE', #2826, 1000.000000000000000 ) ;
#4104 =( NAMED_UNIT ( * ) PLANE_ANGLE_UNIT ( ) SI_UNIT ( $, .RADIAN. ) );
#4105 = PLANE ( 'NONE',  #2539 ) ;
#4106 = CC_DESIGN_SECURITY_CLASSIFICATION ( #1353, ( #4597 ) ) ;
#4107 = EDGE_LOOP ( 'NONE', ( #2232, #3174, #3079, #3919 ) ) ;
#4108 = AXIS2_PLACEMENT_3D ( 'NONE', #1536, #2257, #2975 ) ;
#4109 = EDGE_CURVE ( 'NONE', #2971, #4449, #738, .T. ) ;
#4110 = LOCAL_TIME ( 21, 30, 2.000000000000000000, #234 ) ;
#4111 = FACE_OUTER_BOUND ( 'NONE', #722, .T. ) ;
#4112 = DIRECTION ( 'NONE',  ( 1.000000000000000000, 6.123233995736769734E-17, 0.000000000000000000 ) ) ;
#4113 = CARTESIAN_POINT ( 'NONE',  ( 43.00000000000000000, 7.250000000000000000, 28.60000000000000142 ) ) ;
#4114 = LINE ( 'NONE', #1636, #2015 ) ;
#4115 = ORIENTED_EDGE ( 'NONE', *, *, #2465, .F. ) ;
#4116 = CARTESIAN_POINT ( 'NONE',  ( 0.000000000000000000, 2.500000000000000000, -32.30000000000000426 ) ) ;
#4117 = DATE_AND_TIME ( #3803, #2172 ) ;
#4118 = EDGE_LOOP ( 'NONE', ( #1662, #1943, #4032, #3935 ) ) ;
#4119 = ADVANCED_FACE ( 'NONE', ( #4366 ), #477, .F. ) ;
#4120 = SHAPE_DEFINITION_REPRESENTATION ( #3625, #1024 ) ;
#4121 = DIRECTION ( 'NONE',  ( 0.000000000000000000, 0.000000000000000000, 1.000000000000000000 ) ) ;
#4122 = LINE ( 'NONE', #3758, #1532 ) ;
#4123 = EDGE_CURVE ( 'NONE', #1856, #2866, #1892, .T. ) ;
#4124 = PRODUCT_DEFINITION_SHAPE ( 'NONE', 'NONE',  #4286 ) ;
#4125 = ORIENTED_EDGE ( 'NONE', *, *, #1605, .F. ) ;
#4126 = CARTESIAN_POINT ( 'NONE',  ( -3.081487911019580102E-32, 37.50000000000000000, 0.000000000000000000 ) ) ;
#4127 = DIRECTION ( 'NONE',  ( -1.000000000000000000, -6.123233995736769734E-17, 0.000000000000000000 ) ) ;
#4128 = DIRECTION ( 'NONE',  ( 0.000000000000000000, 1.000000000000000000, 9.999999999999999988E-15 ) ) ;
#4129 = DIRECTION ( 'NONE',  ( 0.000000000000000000, 1.000000000000000000, 0.000000000000000000 ) ) ;
#4130 = EDGE_LOOP ( 'NONE', ( #1383, #2942, #707 ) ) ;
#4131 = PLANE ( 'NONE',  #672 ) ;
#4132 = AXIS2_PLACEMENT_3D ( 'NONE', #4568, #3514, #1084 ) ;
#4133 = CARTESIAN_POINT ( 'NONE',  ( -35.29999999999939320, -10.99999975413079945, 32.00000000000609646 ) ) ;
#4134 = ORIENTED_EDGE ( 'NONE', *, *, #1544, .F. ) ;
#4135 = VECTOR ( 'NONE', #2373, 1000.000000000000000 ) ;
#4136 = VERTEX_POINT ( 'NONE', #517 ) ;
#4137 = DIRECTION ( 'NONE',  ( 0.000000000000000000, 1.000000000000000000, 0.000000000000000000 ) ) ;
#4138 = CONTEXT_DEPENDENT_SHAPE_REPRESENTATION ( #2505, #3074 ) ;
#4139 = VERTEX_POINT ( 'NONE', #3291 ) ;
#4140 = EDGE_CURVE ( 'NONE', #117, #4529, #1159, .T. ) ;
#4141 = APPROVAL_ROLE ( '' ) ;
#4142 = CARTESIAN_POINT ( 'NONE',  ( -3.081487911019580102E-32, 37.50000000000000000, 0.000000000000000000 ) ) ;
#4143 = ADVANCED_FACE ( 'NONE', ( #1506 ), #1933, .T. ) ;
#4144 = CARTESIAN_POINT ( 'NONE',  ( 0.000000000000000000, 3.750000000000006217, 0.000000000000000000 ) ) ;
#4145 = FACE_OUTER_BOUND ( 'NONE', #4085, .T. ) ;
#4146 = ORIENTED_EDGE ( 'NONE', *, *, #2287, .F. ) ;
#4147 = APPROVAL ( #2824, 'UNSPECIFIED' ) ;
#4148 = CARTESIAN_POINT ( 'NONE',  ( 14.09999999999999964, 3.750000000000000000, -39.30000000000000426 ) ) ;
#4149 = CARTESIAN_POINT ( 'NONE',  ( 37.00000000000000000, 7.649999999999999467, 28.19999999999999929 ) ) ;
#4150 = CARTESIAN_POINT ( 'NONE',  ( 0.000000000000000000, 0.000000000000000000, 0.000000000000000000 ) ) ;
#4151 = DIRECTION ( 'NONE',  ( 0.000000000000000000, 0.000000000000000000, 1.000000000000000000 ) ) ;
#4152 = CC_DESIGN_DATE_AND_TIME_ASSIGNMENT ( #666, #1088, ( #1353 ) ) ;
#4153 = VECTOR ( 'NONE', #1050, 1000.000000000000000 ) ;
#4154 = DIRECTION ( 'NONE',  ( 0.000000000000000000, 1.000000000000000000, 0.000000000000000000 ) ) ;
#4155 = CARTESIAN_POINT ( 'NONE',  ( -35.29999999999939320, 0.000000000000000000, 2.000000000006049827 ) ) ;
#4156 = FACE_OUTER_BOUND ( 'NONE', #4107, .T. ) ;
#4157 = CARTESIAN_POINT ( 'NONE',  ( 11.00000000000000000, 6.000000000000000000, -2.200000000000000178 ) ) ;
#4158 = ORIENTED_EDGE ( 'NONE', *, *, #1016, .F. ) ;
#4159 = APPROVAL_STATUS ( 'not_yet_approved' ) ;
#4160 = ORIENTED_EDGE ( 'NONE', *, *, #2666, .F. ) ;
#4161 = VECTOR ( 'NONE', #1042, 1000.000000000000000 ) ;
#4162 = EDGE_CURVE ( 'NONE', #2137, #2404, #2948, .T. ) ;
#4163 = APPROVAL_ROLE ( '' ) ;
#4164 = DIRECTION ( 'NONE',  ( 0.000000000000000000, 0.000000000000000000, 1.000000000000000000 ) ) ;
#4165 = CARTESIAN_POINT ( 'NONE',  ( 34.99999997019770603, 8.000000119209289551, 2.000000000000000000 ) ) ;
#4166 = VERTEX_POINT ( 'NONE', #3636 ) ;
#4167 = VECTOR ( 'NONE', #2090, 1000.000000000000000 ) ;
#4168 = DIRECTION ( 'NONE',  ( -1.000000000000000000, 9.531447670202239898E-17, 0.000000000000000000 ) ) ;
#4169 = EDGE_CURVE ( 'NONE', #1679, #2275, #4345, .T. ) ;
#4170 = VECTOR ( 'NONE', #1238, 1000.000000000000000 ) ;
#4171 = LINE ( 'NONE', #1052, #3417 ) ;
#4172 = DIRECTION ( 'NONE',  ( 1.000000000000000000, 0.000000000000000000, 0.000000000000000000 ) ) ;
#4173 = LINE ( 'NONE', #3115, #4388 ) ;
#4174 = AXIS2_PLACEMENT_3D ( 'NONE', #3146, #1360, #1705 ) ;
#4175 = VERTEX_POINT ( 'NONE', #2965 ) ;
#4176 = APPROVAL_STATUS ( 'not_yet_approved' ) ;
#4177 = ADVANCED_FACE ( 'NONE', ( #151 ), #1179, .T. ) ;
#4178 = VECTOR ( 'NONE', #662, 1000.000000000000000 ) ;
#4179 = LINE ( 'NONE', #1358, #453 ) ;
#4180 = APPROVAL_PERSON_ORGANIZATION ( #3336, #3516, #2274 ) ;
#4181 = CARTESIAN_POINT ( 'NONE',  ( 15.00000000000000000, 6.000000000000000000, 1.050000000000000933 ) ) ;
#4182 = FACE_OUTER_BOUND ( 'NONE', #674, .T. ) ;
#4183 = EDGE_CURVE ( 'NONE', #3531, #1408, #2203, .T. ) ;
#4184 = ORIENTED_EDGE ( 'NONE', *, *, #4542, .F. ) ;
#4185 = CC_DESIGN_SECURITY_CLASSIFICATION ( #1800, ( #4598 ) ) ;
#4186 = DATE_AND_TIME ( #2692, #310 ) ;
#4187 = ORIENTED_EDGE ( 'NONE', *, *, #2529, .F. ) ;
#4188 = LOCAL_TIME ( 21, 30, 2.000000000000000000, #3339 ) ;
#4189 = APPROVAL_STATUS ( 'not_yet_approved' ) ;
#4190 = CARTESIAN_POINT ( 'NONE',  ( -33.29999925568699837, -11.00000000000000000, 30.00000000000599698 ) ) ;
#4191 = DIRECTION ( 'NONE',  ( -9.426421907194728181E-17, -5.772018708029250169E-33, 1.000000000000000000 ) ) ;
#4192 = ORIENTED_EDGE ( 'NONE', *, *, #869, .F. ) ;
#4193 = CARTESIAN_POINT ( 'NONE',  ( 8.599999999999999645, 1.250000000000000000, -36.67999999999999972 ) ) ;
#4194 = CARTESIAN_POINT ( 'NONE',  ( 43.00000000000000000, 29.44999999999999929, 28.60000000000000142 ) ) ;
#4195 = CARTESIAN_POINT ( 'NONE',  ( 0.000000000000000000, 33.00000000000000000, 31.50000000000000000 ) ) ;
#4196 = UNCERTAINTY_MEASURE_WITH_UNIT (LENGTH_MEASURE( 1.000000000000000082E-05 ), #4381, 'distance_accuracy_value', 'NONE');
#4197 = ORIENTED_EDGE ( 'NONE', *, *, #3207, .F. ) ;
#4198 = COORDINATED_UNIVERSAL_TIME_OFFSET ( 2, 0, .AHEAD. ) ;
#4199 = CARTESIAN_POINT ( 'NONE',  ( 32.30000000000000426, 2.500000000000002220, 0.000000000000000000 ) ) ;
#4200 = DIRECTION ( 'NONE',  ( 0.000000000000000000, -1.000000000000000000, 0.000000000000000000 ) ) ;
#4201 = LINE ( 'NONE', #1359, #4103 ) ;
#4202 = ADVANCED_FACE ( 'NONE', ( #3354 ), #434, .T. ) ;
#4203 = FACE_OUTER_BOUND ( 'NONE', #2490, .T. ) ;
#4204 = VERTEX_POINT ( 'NONE', #456 ) ;
#4205 = EDGE_CURVE ( 'NONE', #3706, #1364, #2575, .T. ) ;
#4206 = ORIENTED_EDGE ( 'NONE', *, *, #863, .T. ) ;
#4207 = VECTOR ( 'NONE', #2746, 1000.000000000000000 ) ;
#4208 = COORDINATED_UNIVERSAL_TIME_OFFSET ( 2, 0, .AHEAD. ) ;
#4209 = CARTESIAN_POINT ( 'NONE',  ( -2.000000000000000000, 4.485522627963559827, 31.48755899268229541 ) ) ;
#4210 = CARTESIAN_POINT ( 'NONE',  ( -2.020653882290210035, 2.000000000000000000, 15.50000000000000000 ) ) ;
#4211 = VERTEX_POINT ( 'NONE', #3661 ) ;
#4212 = DIRECTION ( 'NONE',  ( -0.000000000000000000, 1.000000000000000000, 0.000000000000000000 ) ) ;
#4213 = CARTESIAN_POINT ( 'NONE',  ( 2.200000000000650324, -11.00000000000000000, 1.209948807812110096E-11 ) ) ;
#4214 = CARTESIAN_POINT ( 'NONE',  ( 17.50000014901180023, -2.250000000000000000, 26.00000038743019815 ) ) ;
#4215 = DIRECTION ( 'NONE',  ( 0.000000000000000000, 0.000000000000000000, -1.000000000000000000 ) ) ;
#4216 = PERSON_AND_ORGANIZATION ( #3475, #2623 ) ;
#4217 = CARTESIAN_POINT ( 'NONE',  ( 43.00000000000000000, 27.00000000000000000, 24.00000000000000000 ) ) ;
#4218 = EDGE_CURVE ( 'NONE', #1438, #2157, #1546, .T. ) ;
#4219 = CARTESIAN_POINT ( 'NONE',  ( -2.000000000000000000, 4.485522627963559827, 4.487558992682310510 ) ) ;
#4220 = CARTESIAN_POINT ( 'NONE',  ( -37.50000000000000000, 40.00000000000000000, 2.000000000000000000 ) ) ;
#4221 = CARTESIAN_POINT ( 'NONE',  ( 0.000000000000000000, 32.98552262796359713, 31.48755899268229541 ) ) ;
#4222 = ORIENTED_EDGE ( 'NONE', *, *, #2862, .T. ) ;
#4223 = EDGE_CURVE ( 'NONE', #2417, #3204, #3973, .T. ) ;
#4224 = VECTOR ( 'NONE', #1417, 1000.000000000000000 ) ;
#4225 = CALENDAR_DATE ( 2026, 24, 9 ) ;
#4226 = VERTEX_POINT ( 'NONE', #2225 ) ;
#4227 = LINE ( 'NONE', #1435, #2446 ) ;
#4228 = AXIS2_PLACEMENT_3D ( 'NONE', #3924, #1734, #3877 ) ;
#4229 = DATE_AND_TIME ( #398, #3275 ) ;
#4230 = LINE ( 'NONE', #4489, #1509 ) ;
#4231 = DIRECTION ( 'NONE',  ( -1.072287862897752081E-16, -1.000000000000000000, 0.000000000000000000 ) ) ;
#4232 = ORIENTED_EDGE ( 'NONE', *, *, #3880, .T. ) ;
#4233 = DIRECTION ( 'NONE',  ( -1.000000000000000000, 0.000000000000000000, 0.000000000000000000 ) ) ;
#4234 = LINE ( 'NONE', #4374, #1010 ) ;
#4235 = LINE ( 'NONE', #34, #1337 ) ;
#4236 = VECTOR ( 'NONE', #4231, 1000.000000000000000 ) ;
#4237 = VERTEX_POINT ( 'NONE', #1225 ) ;
#4238 = VERTEX_POINT ( 'NONE', #4384 ) ;
#4239 = LINE ( 'NONE', #1423, #741 ) ;
#4240 = COORDINATED_UNIVERSAL_TIME_OFFSET ( 2, 0, .AHEAD. ) ;
#4241 = DIRECTION ( 'NONE',  ( -0.000000000000000000, 1.000000000000000000, 0.000000000000000000 ) ) ;
#4242 = DIRECTION ( 'NONE',  ( 1.000000000000000000, 0.000000000000000000, 0.000000000000000000 ) ) ;
#4243 = VECTOR ( 'NONE', #3812, 1000.000000000000000 ) ;
#4244 = LINE ( 'NONE', #316, #531 ) ;
#4245 = CARTESIAN_POINT ( 'NONE',  ( -2.000000000000000000, 32.98552262796359713, 31.48755899268229541 ) ) ;
#4246 = AXIS2_PLACEMENT_3D ( 'NONE', #824, #3305, #545 ) ;
#4247 = VERTEX_POINT ( 'NONE', #2644 ) ;
#4248 = LOCAL_TIME ( 21, 30, 2.000000000000000000, #48 ) ;
#4249 = CALENDAR_DATE ( 2026, 24, 9 ) ;
#4250 = CARTESIAN_POINT ( 'NONE',  ( 1.000000000000000000, 0.000000000000000000, -1.000000000000000000 ) ) ;
#4251 = ORIENTED_EDGE ( 'NONE', *, *, #1157, .T. ) ;
#4252 = VECTOR ( 'NONE', #1481, 1000.000000000000000 ) ;
#4253 = AXIS2_PLACEMENT_3D ( 'NONE', #3447, #2783, #4200 ) ;
#4254 = CARTESIAN_POINT ( 'NONE',  ( 10.00000014901189971, -3.595069283093649989E-32, 14.00000000000040146 ) ) ;
#4255 = MECHANICAL_CONTEXT ( 'NONE', #2767, 'mechanical' ) ;
#4256 = LOCAL_TIME ( 21, 30, 2.000000000000000000, #277 ) ;
#4257 = VERTEX_POINT ( 'NONE', #873 ) ;
#4258 = EDGE_CURVE ( 'NONE', #118, #2260, #853, .T. ) ;
#4259 = ORIENTED_EDGE ( 'NONE', *, *, #361, .T. ) ;
#4260 = CC_DESIGN_PERSON_AND_ORGANIZATION_ASSIGNMENT ( #3444, #358, ( #4477 ) ) ;
#4261 = CARTESIAN_POINT ( 'NONE',  ( -2.000000000000000000, 2.000000000000000000, 32.00000000000000000 ) ) ;
#4262 = EDGE_CURVE ( 'NONE', #3293, #1495, #3698, .T. ) ;
#4263 = LINE ( 'NONE', #3528, #4207 ) ;
#4264 = DIRECTION ( 'NONE',  ( 0.000000000000000000, 1.000000000000000000, 0.000000000000000000 ) ) ;
#4265 = ORIENTED_EDGE ( 'NONE', *, *, #2836, .T. ) ;
#4266 = LINE ( 'NONE', #1540, #1766 ) ;
#4267 = COORDINATED_UNIVERSAL_TIME_OFFSET ( 2, 0, .AHEAD. ) ;
#4268 = CARTESIAN_POINT ( 'NONE',  ( 15.00000000000000000, 5.499999999999997335, -0.7749999999999981348 ) ) ;
#4269 = DIRECTION ( 'NONE',  ( 0.000000000000000000, 0.000000000000000000, 1.000000000000000000 ) ) ;
#4270 = CARTESIAN_POINT ( 'NONE',  ( 45.00000000000000000, 9.375000000000000000, 32.00000000000000000 ) ) ;
#4271 = PLANE ( 'NONE',  #3950 ) ;
#4272 = ORIENTED_EDGE ( 'NONE', *, *, #930, .T. ) ;
#4273 = DATE_AND_TIME ( #2456, #3647 ) ;
#4274 = CARTESIAN_POINT ( 'NONE',  ( 37.00000000000000000, 28.00000041723249922, 2.000000000000000000 ) ) ;
#4275 = VERTEX_POINT ( 'NONE', #2289 ) ;
#4276 = DIRECTION ( 'NONE',  ( -1.000000000000000000, 0.000000000000000000, 0.000000000000000000 ) ) ;
#4277 = CALENDAR_DATE ( 2026, 24, 9 ) ;
#4278 = EDGE_LOOP ( 'NONE', ( #420, #182, #1289, #895 ) ) ;
#4279 = ADVANCED_FACE ( 'NONE', ( #4156 ), #3423, .T. ) ;
#4280 = ORIENTED_EDGE ( 'NONE', *, *, #4448, .F. ) ;
#4281 = VERTEX_POINT ( 'NONE', #947 ) ;
#4282 = EDGE_CURVE ( 'NONE', #4482, #1688, #3719, .T. ) ;
#4283 = PLANE ( 'NONE',  #1479 ) ;
#4284 = DIRECTION ( 'NONE',  ( 1.000000000000000000, 0.000000000000000000, 1.196634779751784481E-16 ) ) ;
#4285 = DIRECTION ( 'NONE',  ( 0.000000000000000000, 0.000000000000000000, -1.000000000000000000 ) ) ;
#4286 = PRODUCT_DEFINITION ( 'UNKNOWN', '', #2392, #988 ) ;
#4287 = ORIENTED_EDGE ( 'NONE', *, *, #3880, .F. ) ;
#4288 = DIRECTION ( 'NONE',  ( -1.000000000000000000, 0.000000000000000000, 0.000000000000000000 ) ) ;
#4289 = COORDINATED_UNIVERSAL_TIME_OFFSET ( 2, 0, .AHEAD. ) ;
#4290 = FACE_OUTER_BOUND ( 'NONE', #835, .T. ) ;
#4291 = FACE_OUTER_BOUND ( 'NONE', #124, .T. ) ;
#4292 = DIRECTION ( 'NONE',  ( -1.000000000000000000, -6.123233995736769734E-17, 0.000000000000000000 ) ) ;
#4293 = DIRECTION ( 'NONE',  ( 1.000000000000000000, 0.000000000000000000, 0.000000000000000000 ) ) ;
#4294 = CC_DESIGN_DATE_AND_TIME_ASSIGNMENT ( #4186, #2321, ( #3869 ) ) ;
#4295 = ORIENTED_EDGE ( 'NONE', *, *, #3626, .F. ) ;
#4296 = SECURITY_CLASSIFICATION_LEVEL ( 'unclassified' ) ;
#4297 = CARTESIAN_POINT ( 'NONE',  ( 32.30000000000001137, 58.73527075499401917, -39.30000000000000426 ) ) ;
#4298 = ORIENTED_EDGE ( 'NONE', *, *, #2150, .T. ) ;
#4299 = VECTOR ( 'NONE', #2048, 1000.000000000000000 ) ;
#4300 = CARTESIAN_POINT ( 'NONE',  ( 45.00000000000000000, 10.50000000000000000, 24.00000000000000000 ) ) ;
#4301 = DATE_AND_TIME ( #2864, #4248 ) ;
#4302 = VERTEX_POINT ( 'NONE', #3099 ) ;
#4303 = ORIENTED_EDGE ( 'NONE', *, *, #1158, .T. ) ;
#4304 = ORIENTED_EDGE ( 'NONE', *, *, #1157, .F. ) ;
#4305 = EDGE_CURVE ( 'NONE', #1160, #2906, #3011, .T. ) ;
#4306 = LINE ( 'NONE', #748, #4224 ) ;
#4307 = DIRECTION ( 'NONE',  ( 0.000000000000000000, 0.000000000000000000, 1.000000000000000000 ) ) ;
#4308 = CARTESIAN_POINT ( 'NONE',  ( 31.30000000000000071, 2.500000000000000000, -1.000000000000000000 ) ) ;
#4309 = EDGE_LOOP ( 'NONE', ( #1502, #1463, #3957, #3793 ) ) ;
#4310 = EDGE_CURVE ( 'NONE', #1224, #3033, #927, .T. ) ;
#4311 = EDGE_CURVE ( 'NONE', #232, #4204, #3077, .T. ) ;
#4312 = LINE ( 'NONE', #1126, #1113 ) ;
#4313 = DATE_TIME_ROLE ( 'classification_date' ) ;
#4314 = LINE ( 'NONE', #2175, #6 ) ;
#4315 = LINE ( 'NONE', #3144, #1465 ) ;
#4316 = LINE ( 'NONE', #1453, #529 ) ;
#4317 = VERTEX_POINT ( 'NONE', #3799 ) ;
#4318 = EDGE_CURVE ( 'NONE', #4302, #4468, #4524, .T. ) ;
#4319 = VECTOR ( 'NONE', #3185, 1000.000000000000000 ) ;
#4320 = DIRECTION ( 'NONE',  ( 0.000000000000000000, 1.000000000000000000, 0.000000000000000000 ) ) ;
#4321 = EDGE_CURVE ( 'NONE', #4211, #3068, #2757, .T. ) ;
#4322 = ORIENTED_EDGE ( 'NONE', *, *, #771, .T. ) ;
#4323 = LOCAL_TIME ( 21, 30, 2.000000000000000000, #906 ) ;
#4324 = VECTOR ( 'NONE', #592, 1000.000000000000000 ) ;
#4325 = FACE_OUTER_BOUND ( 'NONE', #2822, .T. ) ;
#4326 = PERSON_AND_ORGANIZATION_ROLE ( 'design_owner' ) ;
#4327 = VECTOR ( 'NONE', #3771, 1000.000000000000000 ) ;
#4328 = ORIENTED_EDGE ( 'NONE', *, *, #2043, .F. ) ;
#4329 = APPROVAL_PERSON_ORGANIZATION ( #391, #1731, #3193 ) ;
#4330 = ORIENTED_EDGE ( 'NONE', *, *, #342, .T. ) ;
#4331 = VECTOR ( 'NONE', #3274, 1000.000000000000000 ) ;
#4332 = VERTEX_POINT ( 'NONE', #619 ) ;
#4333 = LOCAL_TIME ( 21, 30, 2.000000000000000000, #2393 ) ;
#4334 = DIRECTION ( 'NONE',  ( 0.000000000000000000, 1.000000000000000000, 0.000000000000000000 ) ) ;
#4335 = DIRECTION ( 'NONE',  ( 0.000000000000000000, -1.000000000000000000, 0.000000000000000000 ) ) ;
#4336 = DIRECTION ( 'NONE',  ( 0.000000000000000000, 0.000000000000000000, 1.000000000000000000 ) ) ;
#4337 = LOCAL_TIME ( 21, 30, 2.000000000000000000, #2087 ) ;
#4338 = ORIENTED_EDGE ( 'NONE', *, *, #2063, .F. ) ;
#4339 = CARTESIAN_POINT ( 'NONE',  ( 0.2000000000006459944, -2.750000000000000000, 2.000000000011449952 ) ) ;
#4340 = FACE_OUTER_BOUND ( 'NONE', #3382, .T. ) ;
#4341 = CARTESIAN_POINT ( 'NONE',  ( 11.00000000000000000, 0.000000000000000000, 0.000000000000000000 ) ) ;
#4342 = ADVANCED_FACE ( 'NONE', ( #591 ), #3056, .F. ) ;
#4343 = EDGE_LOOP ( 'NONE', ( #3598, #3484, #3366, #763, #1040, #1513, #4367, #907 ) ) ;
#4344 = EDGE_CURVE ( 'NONE', #2683, #2275, #2313, .T. ) ;
#4345 = LINE ( 'NONE', #496, #1345 ) ;
#4346 = ORIENTED_EDGE ( 'NONE', *, *, #958, .T. ) ;
#4347 = APPLICATION_CONTEXT ( 'configuration controlled 3d designs of mechanical parts and assemblies' ) ;
#4348 = APPROVAL ( #1424, 'UNSPECIFIED' ) ;
#4349 = CARTESIAN_POINT ( 'NONE',  ( 8.099999999999999645, 1.250000000000000000, -35.05499999999999972 ) ) ;
#4350 = APPLICATION_PROTOCOL_DEFINITION ( 'international standard', 'config_control_design', 1994, #2828 ) ;
#4351 = ORIENTED_EDGE ( 'NONE', *, *, #3142, .F. ) ;
#4352 = VERTEX_POINT ( 'NONE', #4502 ) ;
#4353 = CC_DESIGN_PERSON_AND_ORGANIZATION_ASSIGNMENT ( #1531, #2951, ( #1478 ) ) ;
#4354 = ORIENTED_EDGE ( 'NONE', *, *, #624, .T. ) ;
#4355 = DIRECTION ( 'NONE',  ( -3.595069229522839803E-33, -1.000000000000000000, 0.000000000000000000 ) ) ;
#4356 = DIRECTION ( 'NONE',  ( 0.000000000000000000, 0.000000000000000000, 1.000000000000000000 ) ) ;
#4357 = LINE ( 'NONE', #428, #306 ) ;
#4358 = AXIS2_PLACEMENT_3D ( 'NONE', #4512, #3946, #3437 ) ;
#4359 = VERTEX_POINT ( 'NONE', #174 ) ;
#4360 = CARTESIAN_POINT ( 'NONE',  ( 2.000000000000000000, 33.00000000000000000, 4.500000000000000000 ) ) ;
#4361 = CARTESIAN_POINT ( 'NONE',  ( -2.020653882290210035, 0.000000000000000000, 4.500000000000000000 ) ) ;
#4362 =( NAMED_UNIT ( * ) PLANE_ANGLE_UNIT ( ) SI_UNIT ( $, .RADIAN. ) );
#4363 = DIRECTION ( 'NONE',  ( 0.000000000000000000, 0.000000000000000000, 1.000000000000000000 ) ) ;
#4364 = EDGE_LOOP ( 'NONE', ( #45, #3124, #4513, #3685 ) ) ;
#4365 = EDGE_CURVE ( 'NONE', #1837, #1631, #1635, .T. ) ;
#4366 = FACE_OUTER_BOUND ( 'NONE', #2047, .T. ) ;
#4367 = ORIENTED_EDGE ( 'NONE', *, *, #556, .T. ) ;
#4368 = EDGE_CURVE ( 'NONE', #3245, #3615, #642, .T. ) ;
#4369 = DIRECTION ( 'NONE',  ( 1.000000000000000000, 0.000000000000000000, 0.000000000000000000 ) ) ;
#4370 = COORDINATED_UNIVERSAL_TIME_OFFSET ( 2, 0, .AHEAD. ) ;
#4371 = ORIENTED_EDGE ( 'NONE', *, *, #1889, .F. ) ;
#4372 = ORIENTED_EDGE ( 'NONE', *, *, #2491, .F. ) ;
#4373 = DIRECTION ( 'NONE',  ( -1.072287862897752081E-16, -1.000000000000000000, 0.000000000000000000 ) ) ;
#4374 = CARTESIAN_POINT ( 'NONE',  ( 0.2000000000006469936, -9.000000000000000000, 16.50000000000619949 ) ) ;
#4375 = EDGE_CURVE ( 'NONE', #2912, #1881, #1310, .T. ) ;
#4376 = CARTESIAN_POINT ( 'NONE',  ( 0.000000000000000000, 4.485522627963559827, 31.48755899268229541 ) ) ;
#4377 = ORIENTED_EDGE ( 'NONE', *, *, #962, .F. ) ;
#4378 = DIRECTION ( 'NONE',  ( -1.000000000000000000, 0.000000000000000000, 0.000000000000000000 ) ) ;
#4379 = VECTOR ( 'NONE', #1853, 1000.000000000000000 ) ;
#4380 = LINE ( 'NONE', #2615, #2388 ) ;
#4381 =( LENGTH_UNIT ( ) NAMED_UNIT ( * ) SI_UNIT ( .MILLI., .METRE. ) );
#4382 = CARTESIAN_POINT ( 'NONE',  ( 2.000000000000000000, 35.50000000000000000, 0.000000000000000000 ) ) ;
#4383 = ORIENTED_EDGE ( 'NONE', *, *, #3783, .T. ) ;
#4384 = CARTESIAN_POINT ( 'NONE',  ( 2.000000000000000000, 2.000000000000000000, 2.000000000000000000 ) ) ;
#4385 = ORIENTED_EDGE ( 'NONE', *, *, #3503, .F. ) ;
#4386 = AXIS2_PLACEMENT_3D ( 'NONE', #516, #4154, #1957 ) ;
#4387 = DIRECTION ( 'NONE',  ( 0.000000000000000000, 1.000000000000000000, 0.000000000000000000 ) ) ;
#4388 = VECTOR ( 'NONE', #4151, 1000.000000000000000 ) ;
#4389 = APPROVAL_STATUS ( 'not_yet_approved' ) ;
#4390 = VERTEX_POINT ( 'NONE', #4113 ) ;
#4391 = VECTOR ( 'NONE', #2983, 1000.000000000000000 ) ;
#4392 = EDGE_CURVE ( 'NONE', #2866, #3611, #2342, .T. ) ;
#4393 = AXIS2_PLACEMENT_3D ( 'NONE', #1802, #2552, #41 ) ;
#4394 = PERSON_AND_ORGANIZATION ( #3475, #2623 ) ;
#4395 = CARTESIAN_POINT ( 'NONE',  ( 0.000000000000000000, 4.500000000000000000, 2.250000000000000000 ) ) ;
#4396 = CC_DESIGN_APPROVAL ( #2781, ( #3596 ) ) ;
#4397 = DIRECTION ( 'NONE',  ( -1.072287862897752081E-16, -1.000000000000000000, 0.000000000000000000 ) ) ;
#4398 = DIRECTION ( 'NONE',  ( 0.000000000000000000, 1.000000000000000000, 0.000000000000000000 ) ) ;
#4399 = EDGE_CURVE ( 'NONE', #949, #4247, #1243, .T. ) ;
#4400 = ORIENTED_EDGE ( 'NONE', *, *, #2522, .F. ) ;
#4401 = CC_DESIGN_APPROVAL ( #1731, ( #1800 ) ) ;
#4402 = CC_DESIGN_PERSON_AND_ORGANIZATION_ASSIGNMENT ( #2426, #4583, ( #1213 ) ) ;
#4403 = EDGE_CURVE ( 'NONE', #4088, #1679, #1984, .T. ) ;
#4404 = VECTOR ( 'NONE', #2371, 1000.000000000000000 ) ;
#4405 = FACE_OUTER_BOUND ( 'NONE', #1156, .T. ) ;
#4406 = CARTESIAN_POINT ( 'NONE',  ( 1.000000000000000000, 2.500000000000000000, -31.30000000000000071 ) ) ;
#4407 = LOCAL_TIME ( 21, 30, 2.000000000000000000, #2076 ) ;
#4408 = DIRECTION ( 'NONE',  ( 0.000000000000000000, 0.000000000000000000, 1.000000000000000000 ) ) ;
#4409 = CARTESIAN_POINT ( 'NONE',  ( 43.00000000000000000, 30.25000000000000000, 28.60000000000000142 ) ) ;
#4410 = EDGE_LOOP ( 'NONE', ( #1462, #3662, #1849, #2347 ) ) ;
#4411 = DIRECTION ( 'NONE',  ( 1.000000000000000000, 0.000000000000000000, 0.000000000000000000 ) ) ;
#4412 = ORIENTED_EDGE ( 'NONE', *, *, #2411, .F. ) ;
#4413 = CARTESIAN_POINT ( 'NONE',  ( -31.00000046193600411, 0.000000000000000000, 31.00000000000000000 ) ) ;
#4414 = COORDINATED_UNIVERSAL_TIME_OFFSET ( 2, 0, .AHEAD. ) ;
#4415 = ORIENTED_EDGE ( 'NONE', *, *, #1439, .T. ) ;
#4416 = MECHANICAL_CONTEXT ( 'NONE', #2286, 'mechanical' ) ;
#4417 = PLANE ( 'NONE',  #1721 ) ;
#4418 = DIRECTION ( 'NONE',  ( 0.000000000000000000, 0.000000000000000000, 1.000000000000000000 ) ) ;
#4419 = ORIENTED_EDGE ( 'NONE', *, *, #3559, .F. ) ;
#4420 = EDGE_CURVE ( 'NONE', #3761, #2004, #3747, .T. ) ;
#4421 = DIRECTION ( 'NONE',  ( 1.072287862897752081E-16, 1.000000000000000000, 0.000000000000000000 ) ) ;
#4422 = DIRECTION ( 'NONE',  ( 0.000000000000000000, -1.000000000000000000, 0.000000000000000000 ) ) ;
#4423 =( NAMED_UNIT ( * ) PLANE_ANGLE_UNIT ( ) SI_UNIT ( $, .RADIAN. ) );
#4424 = AXIS2_PLACEMENT_3D ( 'NONE', #3299, #4307, #1556 ) ;
#4425 = DIRECTION ( 'NONE',  ( 0.000000000000000000, -1.000000000000000000, 0.000000000000000000 ) ) ;
#4426 = CC_DESIGN_DATE_AND_TIME_ASSIGNMENT ( #2789, #3878, ( #1141 ) ) ;
#4427 = VECTOR ( 'NONE', #2857, 1000.000000000000000 ) ;
#4428 = ORIENTED_EDGE ( 'NONE', *, *, #2122, .F. ) ;
#4429 = APPLICATION_CONTEXT ( 'configuration controlled 3d designs of mechanical parts and assemblies' ) ;
#4430 = CARTESIAN_POINT ( 'NONE',  ( 15.00000000000000000, 6.000000000000000000, -0.7749999999999981348 ) ) ;
#4431 = DIRECTION ( 'NONE',  ( -1.072287862897752081E-16, -1.000000000000000000, 0.000000000000000000 ) ) ;
#4432 = ORIENTED_EDGE ( 'NONE', *, *, #1181, .T. ) ;
#4433 = VERTEX_POINT ( 'NONE', #271 ) ;
#4434 = CARTESIAN_POINT ( 'NONE',  ( 34.30000000000000426, -1.250000000000002220, -39.30000000000000426 ) ) ;
#4435 = APPROVAL_STATUS ( 'not_yet_approved' ) ;
#4436 = ORIENTED_EDGE ( 'NONE', *, *, #3708, .F. ) ;
#4437 = VERTEX_POINT ( 'NONE', #4133 ) ;
#4438 = PERSON_AND_ORGANIZATION ( #3475, #2623 ) ;
#4439 = CARTESIAN_POINT ( 'NONE',  ( 2.200000000000650324, -11.00000000000000000, 2.000000000006370016 ) ) ;
#4440 = LINE ( 'NONE', #2352, #3904 ) ;
#4441 = EDGE_CURVE ( 'NONE', #1271, #266, #2730, .T. ) ;
#4442 = ORIENTED_EDGE ( 'NONE', *, *, #60, .F. ) ;
#4443 = DIRECTION ( 'NONE',  ( 0.000000000000000000, -1.000000000000000000, 0.000000000000000000 ) ) ;
#4444 = CARTESIAN_POINT ( 'NONE',  ( 25.00000014901189971, -2.250000000000000000, 17.50000000000070344 ) ) ;
#4445 = DIRECTION ( 'NONE',  ( -0.000000000000000000, 1.000000000000000000, 0.000000000000000000 ) ) ;
#4446 = AXIS2_PLACEMENT_3D ( 'NONE', #1373, #4484, #2711 ) ;
#4447 = ADVANCED_FACE ( 'NONE', ( #1452 ), #2149, .T. ) ;
#4448 = EDGE_CURVE ( 'NONE', #2226, #1132, #2784, .T. ) ;
#4449 = VERTEX_POINT ( 'NONE', #2481 ) ;
#4450 = VECTOR ( 'NONE', #335, 1000.000000000000000 ) ;
#4451 = FACE_OUTER_BOUND ( 'NONE', #2476, .T. ) ;
#4452 = DIRECTION ( 'NONE',  ( 0.000000000000000000, 0.000000000000000000, -1.000000000000000000 ) ) ;
#4453 = DIRECTION ( 'NONE',  ( 0.000000000000000000, 1.000000000000000000, 0.000000000000000000 ) ) ;
#4454 = ORIENTED_EDGE ( 'NONE', *, *, #2182, .F. ) ;
#4455 = EDGE_CURVE ( 'NONE', #2760, #3909, #1401, .T. ) ;
#4456 = ORIENTED_EDGE ( 'NONE', *, *, #2532, .T. ) ;
#4457 = FACE_BOUND ( 'NONE', #1404, .T. ) ;
#4458 = EDGE_CURVE ( 'NONE', #4247, #1960, #2526, .T. ) ;
#4459 = PERSON_AND_ORGANIZATION ( #3475, #2623 ) ;
#4460 = EDGE_LOOP ( 'NONE', ( #3830, #3597 ) ) ;
#4461 = VERTEX_POINT ( 'NONE', #2877 ) ;
#4462 = VECTOR ( 'NONE', #2395, 1000.000000000000000 ) ;
#4463 = PERSON_AND_ORGANIZATION ( #3475, #2623 ) ;
#4464 = DIRECTION ( 'NONE',  ( -1.000000000000000000, 9.531447670202239898E-17, 0.000000000000000000 ) ) ;
#4465 = VECTOR ( 'NONE', #3585, 1000.000000000000000 ) ;
#4466 = CARTESIAN_POINT ( 'NONE',  ( 14.09999999999999964, -1.250000000000000000, -32.30000000000000426 ) ) ;
#4467 = VECTOR ( 'NONE', #1907, 1000.000000000000000 ) ;
#4468 = VERTEX_POINT ( 'NONE', #4586 ) ;
#4469 = CC_DESIGN_APPROVAL ( #1535, ( #3869 ) ) ;
#4470 = DIRECTION ( 'NONE',  ( 1.000000000000000000, 0.000000000000000000, 0.000000000000000000 ) ) ;
#4471 = LINE ( 'NONE', #4406, #2609 ) ;
#4472 = VECTOR ( 'NONE', #2057, 1000.000000000000000 ) ;
#4473 = DIRECTION ( 'NONE',  ( 0.000000000000000000, 0.000000000000000000, 1.000000000000000000 ) ) ;
#4474 = LINE ( 'NONE', #3393, #2606 ) ;
#4475 = VERTEX_POINT ( 'NONE', #386 ) ;
#4476 = VECTOR ( 'NONE', #278, 1000.000000000000000 ) ;
#4477 = PRODUCT_DEFINITION_FORMATION_WITH_SPECIFIED_SOURCE ( 'ANY', '', #2142, .NOT_KNOWN. ) ;
#4478 = LINE ( 'NONE', #3697, #4533 ) ;
#4479 = EDGE_CURVE ( 'NONE', #3611, #2640, #4201, .T. ) ;
#4480 = CARTESIAN_POINT ( 'NONE',  ( 22.50000000000000000, 18.75000000000000000, 0.000000000000000000 ) ) ;
#4481 = LINE ( 'NONE', #1287, #910 ) ;
#4482 = VERTEX_POINT ( 'NONE', #1749 ) ;
#4483 = EDGE_CURVE ( 'NONE', #1569, #3684, #2430, .T. ) ;
#4484 = DIRECTION ( 'NONE',  ( 0.000000000000000000, 0.000000000000000000, 1.000000000000000000 ) ) ;
#4485 = PERSON_AND_ORGANIZATION_ROLE ( 'classification_officer' ) ;
#4486 = EDGE_LOOP ( 'NONE', ( #2553, #1246, #2267, #3552, #1245 ) ) ;
#4487 = APPROVAL ( #1339, 'UNSPECIFIED' ) ;
#4488 = DATE_AND_TIME ( #3065, #4110 ) ;
#4489 = CARTESIAN_POINT ( 'NONE',  ( -1.340359828622188345E-16, -1.249999999999998446, -32.30000000000000426 ) ) ;
#4490 = CARTESIAN_POINT ( 'NONE',  ( 6.298111795459336914E-15, 58.73527075499401917, -32.30000000000000426 ) ) ;
#4491 = LINE ( 'NONE', #4466, #1307 ) ;
#4492 = CC_DESIGN_PERSON_AND_ORGANIZATION_ASSIGNMENT ( #4066, #4045, ( #3949 ) ) ;
#4493 =( REPRESENTATION_RELATIONSHIP ('NONE','NONE', #1024, #849 ) REPRESENTATION_RELATIONSHIP_WITH_TRANSFORMATION ( #1752 )SHAPE_REPRESENTATION_RELATIONSHIP( ) );
#4494 = EDGE_LOOP ( 'NONE', ( #3316, #1566, #3228, #4265 ) ) ;
#4495 = PLANE ( 'NONE',  #3102 ) ;
#4496 = DIRECTION ( 'NONE',  ( 0.000000000000000000, -1.000000000000000000, 0.000000000000000000 ) ) ;
#4497 = CARTESIAN_POINT ( 'NONE',  ( 0.000000000000000000, 0.000000000000000000, 0.000000000000000000 ) ) ;
#4498 = CARTESIAN_POINT ( 'NONE',  ( 43.00000000000000000, 13.50000000000000000, 24.00000000000000000 ) ) ;
#4499 = ORIENTED_EDGE ( 'NONE', *, *, #1489, .T. ) ;
#4500 = LINE ( 'NONE', #1982, #2537 ) ;
#4501 = LINE ( 'NONE', #4523, #3653 ) ;
#4502 = CARTESIAN_POINT ( 'NONE',  ( 2.200000000000650324, 0.000000000000000000, 32.00000000000639488 ) ) ;
#4503 = CARTESIAN_POINT ( 'NONE',  ( 15.00000000000000000, 0.000000000000000000, 4.299999999999999822 ) ) ;
#4504 = VECTOR ( 'NONE', #3178, 1000.000000000000000 ) ;
#4505 = EDGE_CURVE ( 'NONE', #1226, #253, #4244, .T. ) ;
#4506 = VERTEX_POINT ( 'NONE', #3939 ) ;
#4507 = PLANE ( 'NONE',  #3696 ) ;
#4508 = ORIENTED_EDGE ( 'NONE', *, *, #3905, .T. ) ;
#4509 = EDGE_CURVE ( 'NONE', #1960, #949, #1014, .T. ) ;
#4510 = DATE_TIME_ROLE ( 'creation_date' ) ;
#4511 = DIRECTION ( 'NONE',  ( 0.000000000000000000, 0.000000000000000000, 1.000000000000000000 ) ) ;
#4512 = CARTESIAN_POINT ( 'NONE',  ( -35.29999999999999716, -2.755451082640380203E-16, 2.000000000000000000 ) ) ;
#4513 = ORIENTED_EDGE ( 'NONE', *, *, #4392, .F. ) ;
#4514 = CARTESIAN_POINT ( 'NONE',  ( 15.00000000000000000, 0.000000000000000000, -0.7749999999999981348 ) ) ;
#4515 = EDGE_CURVE ( 'NONE', #1813, #597, #94, .T. ) ;
#4516 = FACE_OUTER_BOUND ( 'NONE', #959, .T. ) ;
#4517 = DIRECTION ( 'NONE',  ( 0.000000000000000000, 0.000000000000000000, -1.000000000000000000 ) ) ;
#4518 = UNCERTAINTY_MEASURE_WITH_UNIT (LENGTH_MEASURE( 1.000000000000000082E-05 ), #451, 'distance_accuracy_value', 'NONE');
#4519 = AXIS2_PLACEMENT_3D ( 'NONE', #3323, #3717, #3347 ) ;
#4520 = ORIENTED_EDGE ( 'NONE', *, *, #2491, .T. ) ;
#4521 = CALENDAR_DATE ( 2026, 24, 9 ) ;
#4522 = CARTESIAN_POINT ( 'NONE',  ( 2.000000000000000000, 4.500000000000000000, 31.50000000000000000 ) ) ;
#4523 = CARTESIAN_POINT ( 'NONE',  ( 0.000000000000000000, 0.000000000000000000, 32.00000000000000000 ) ) ;
#4524 = LINE ( 'NONE', #2407, #3572 ) ;
#4525 = DIRECTION ( 'NONE',  ( -1.000000000000000000, 0.000000000000000000, 0.000000000000000000 ) ) ;
#4526 = VECTOR ( 'NONE', #61, 1000.000000000000000 ) ;
#4527 = VERTEX_POINT ( 'NONE', #1801 ) ;
#4528 = DATE_AND_TIME ( #2390, #4323 ) ;
#4529 = VERTEX_POINT ( 'NONE', #2078 ) ;
#4530 = PERSON_AND_ORGANIZATION ( #3475, #2623 ) ;
#4531 = CARTESIAN_POINT ( 'NONE',  ( -37.50000000000000000, -2.296212748401289944E-15, 32.00000000000000000 ) ) ;
#4532 = ORIENTED_EDGE ( 'NONE', *, *, #2574, .T. ) ;
#4533 = VECTOR ( 'NONE', #2728, 1000.000000000000000 ) ;
#4534 = EDGE_CURVE ( 'NONE', #329, #2760, #3915, .T. ) ;
#4535 = DIRECTION ( 'NONE',  ( 0.000000000000000000, 0.000000000000000000, 1.000000000000000000 ) ) ;
#4536 = VECTOR ( 'NONE', #3233, 1000.000000000000000 ) ;
#4537 = DIRECTION ( 'NONE',  ( 0.000000000000000000, 0.000000000000000000, -1.000000000000000000 ) ) ;
#4538 = FACE_OUTER_BOUND ( 'NONE', #1891, .T. ) ;
#4539 = ADVANCED_BREP_SHAPE_REPRESENTATION ( '', ( #2333, #861 ), #2202 ) ;
#4540 = CC_DESIGN_PERSON_AND_ORGANIZATION_ASSIGNMENT ( #410, #532, ( #1877 ) ) ;
#4541 = CC_DESIGN_APPROVAL ( #1874, ( #1478 ) ) ;
#4542 = EDGE_CURVE ( 'NONE', #1437, #2346, #1455, .T. ) ;
#4543 = AXIS2_PLACEMENT_3D ( 'NONE', #14, #1085, #3218 ) ;
#4544 = ORIENTED_EDGE ( 'NONE', *, *, #188, .T. ) ;
#4545 = DATE_AND_TIME ( #2102, #4407 ) ;
#4546 = VECTOR ( 'NONE', #4042, 1000.000000000000000 ) ;
#4547 = CARTESIAN_POINT ( 'NONE',  ( -2.000000000000000000, 16.49276131398180212, 4.487558992682310510 ) ) ;
#4548 = CARTESIAN_POINT ( 'NONE',  ( 34.30000000000001137, 58.73527075499401917, -39.30000000000000426 ) ) ;
#4549 = LINE ( 'NONE', #572, #311 ) ;
#4550 = AXIS2_PLACEMENT_3D ( 'NONE', #3187, #1103, #12 ) ;
#4551 = ORIENTED_EDGE ( 'NONE', *, *, #3472, .T. ) ;
#4552 = APPROVAL_PERSON_ORGANIZATION ( #4394, #2128, #2629 ) ;
#4553 = COORDINATED_UNIVERSAL_TIME_OFFSET ( 2, 0, .AHEAD. ) ;
#4554 = ORIENTED_EDGE ( 'NONE', *, *, #3467, .F. ) ;
#4555 = APPROVAL_PERSON_ORGANIZATION ( #1316, #1134, #4163 ) ;
#4556 = COORDINATED_UNIVERSAL_TIME_OFFSET ( 2, 0, .AHEAD. ) ;
#4557 = CARTESIAN_POINT ( 'NONE',  ( 0.2000000000006469936, 0.000000000000000000, 2.000000000006370016 ) ) ;
#4558 = ORIENTED_EDGE ( 'NONE', *, *, #3940, .T. ) ;
#4559 = PLANE ( 'NONE',  #287 ) ;
#4560 = CARTESIAN_POINT ( 'NONE',  ( 2.000000000000000000, 1.500000000000000000, -30.30000000000000071 ) ) ;
#4561 = CARTESIAN_POINT ( 'NONE',  ( 30.30000000000000071, 1.500000000000000000, -2.000000000000000000 ) ) ;
#4562 = EDGE_CURVE ( 'NONE', #1278, #2454, #360, .T. ) ;
#4563 = EDGE_LOOP ( 'NONE', ( #479, #2483, #404, #1108 ) ) ;
#4564 = PRODUCT_DEFINITION_SHAPE ( 'NONE', 'NONE',  #4596 ) ;
#4565 = APPROVAL_ROLE ( '' ) ;
#4566 = DIRECTION ( 'NONE',  ( 1.000000000000000000, -3.595069229522839803E-33, 0.000000000000000000 ) ) ;
#4567 = DIRECTION ( 'NONE',  ( 0.000000000000000000, 1.000000000000000000, 0.000000000000000000 ) ) ;
#4568 = CARTESIAN_POINT ( 'NONE',  ( 15.00000000000000000, 5.499999999999997335, 1.050000000000000933 ) ) ;
#4569 = PLANE ( 'NONE',  #2389 ) ;
#4570 = ORIENTED_EDGE ( 'NONE', *, *, #3159, .F. ) ;
#4571 = SECURITY_CLASSIFICATION_LEVEL ( 'unclassified' ) ;
#4572 = ORIENTED_EDGE ( 'NONE', *, *, #4534, .T. ) ;
#4573 = VECTOR ( 'NONE', #3091, 1000.000000000000000 ) ;
#4574 = DIRECTION ( 'NONE',  ( 0.000000000000000000, 1.000000000000000000, 0.000000000000000000 ) ) ;
#4575 = COORDINATED_UNIVERSAL_TIME_OFFSET ( 2, 0, .AHEAD. ) ;
#4576 = LINE ( 'NONE', #2023, #233 ) ;
#4577 = EDGE_LOOP ( 'NONE', ( #2599, #864, #2223, #3753 ) ) ;
#4578 = CARTESIAN_POINT ( 'NONE',  ( 1.000000000000000000, 1.500000000000000000, -1.000000000000000000 ) ) ;
#4579 = LINE ( 'NONE', #2818, #4504 ) ;
#4580 = CARTESIAN_POINT ( 'NONE',  ( -33.29999925568699837, -10.99999975413079945, 32.00000000000609646 ) ) ;
#4581 = ORIENTED_EDGE ( 'NONE', *, *, #4063, .T. ) ;
#4582 = DIRECTION ( 'NONE',  ( 0.000000000000000000, 0.000000000000000000, -1.000000000000000000 ) ) ;
#4583 = PERSON_AND_ORGANIZATION_ROLE ( 'classification_officer' ) ;
#4584 = CARTESIAN_POINT ( 'NONE',  ( 8.599999999999999645, 1.250000000000000000, -36.67999999999999972 ) ) ;
#4585 = DIRECTION ( 'NONE',  ( -1.000000000000000000, 0.000000000000000000, 0.000000000000000000 ) ) ;
#4586 = CARTESIAN_POINT ( 'NONE',  ( -1.340359828622188345E-16, -1.249999999999998446, 0.000000000000000000 ) ) ;
#4587 = DIRECTION ( 'NONE',  ( 0.000000000000000000, 0.000000000000000000, -1.000000000000000000 ) ) ;
#4588 = ADVANCED_FACE ( 'NONE', ( #1378 ), #291, .T. ) ;
#4589 = ORIENTED_EDGE ( 'NONE', *, *, #3677, .T. ) ;
#4590 = CALENDAR_DATE ( 2026, 24, 9 ) ;
#4591 = PLANE ( 'NONE',  #4358 ) ;
#4592 = PERSON_AND_ORGANIZATION_ROLE ( 'creator' ) ;
#4593 = NEXT_ASSEMBLY_USAGE_OCCURRENCE ( 'NAUO1', ' ', ' ', #137, #562, $ ) ;
#4594 = NEXT_ASSEMBLY_USAGE_OCCURRENCE ( 'NAUO2', ' ', ' ', #137, #3312, $ ) ;
#4595 = NEXT_ASSEMBLY_USAGE_OCCURRENCE ( 'NAUO3', ' ', ' ', #137, #1241, $ ) ;
#4596 = NEXT_ASSEMBLY_USAGE_OCCURRENCE ( 'NAUO4', ' ', ' ', #562, #3596, $ ) ;
#4597 = NEXT_ASSEMBLY_USAGE_OCCURRENCE ( 'NAUO5', ' ', ' ', #562, #4286, $ ) ;
#4598 = NEXT_ASSEMBLY_USAGE_OCCURRENCE ( 'NAUO6', ' ', ' ', #562, #1667, $ ) ;
#4599 = NEXT_ASSEMBLY_USAGE_OCCURRENCE ( 'NAUO7', ' ', ' ', #3596, #1478, $ ) ;
ENDSEC;
END-ISO-10303-21;
