ISO-10303-21;
HEADER;
FILE_DESCRIPTION (( 'STEP AP203' ),
    '1' );
FILE_NAME ('MainModuleLens.STEP',
    '2026-09-24T17:01:35',
    ( '' ),
    ( '' ),
    'SwSTEP 2.0',
    'SolidWorks 2026',
    '' );
FILE_SCHEMA (( 'CONFIG_CONTROL_DESIGN' ));
ENDSEC;

DATA;
#1 = EDGE_CURVE ( 'NONE', #2682, #296, #1671, .T. ) ;
#2 = VERTEX_POINT ( 'NONE', #565 ) ;
#3 = FACE_OUTER_BOUND ( 'NONE', #2832, .T. ) ;
#4 = VERTEX_POINT ( 'NONE', #2597 ) ;
#5 = CC_DESIGN_PERSON_AND_ORGANIZATION_ASSIGNMENT ( #2550, #1894, ( #1678 ) ) ;
#6 = EDGE_CURVE ( 'NONE', #4, #738, #781, .T. ) ;
#7 = FACE_OUTER_BOUND ( 'NONE', #1638, .T. ) ;
#8 = LINE ( 'NONE', #2221, #2861 ) ;
#9 = DIRECTION ( 'NONE',  ( 3.226585665316859681E-13, 0.000000000000000000, -1.000000000000000000 ) ) ;
#10 = DIRECTION ( 'NONE',  ( 1.000000000000000000, 0.000000000000000000, 0.000000000000000000 ) ) ;
#11 = VECTOR ( 'NONE', #645, 1000.000000000000000 ) ;
#12 = COORDINATED_UNIVERSAL_TIME_OFFSET ( 2, 0, .AHEAD. ) ;
#13 = VERTEX_POINT ( 'NONE', #1654 ) ;
#14 = VECTOR ( 'NONE', #466, 1000.000000000000000 ) ;
#15 = ORIENTED_EDGE ( 'NONE', *, *, #1040, .F. ) ;
#16 = DIRECTION ( 'NONE',  ( 0.000000000000000000, 0.000000000000000000, 1.000000000000000000 ) ) ;
#17 = PLANE ( 'NONE',  #1964 ) ;
#18 = ORIENTED_EDGE ( 'NONE', *, *, #1123, .T. ) ;
#19 = DIRECTION ( 'NONE',  ( -1.000000000000000000, -8.217301096052209613E-34, 0.000000000000000000 ) ) ;
#20 = DIRECTION ( 'NONE',  ( -1.000000000000000000, 3.595069229522839803E-33, 0.000000000000000000 ) ) ;
#21 = DIRECTION ( 'NONE',  ( 0.000000000000000000, -1.000000000000000000, 0.000000000000000000 ) ) ;
#22 = PLANE ( 'NONE',  #1684 ) ;
#23 = DIRECTION ( 'NONE',  ( 0.000000000000000000, 0.000000000000000000, 1.000000000000000000 ) ) ;
#24 = VERTEX_POINT ( 'NONE', #1437 ) ;
#25 = LOCAL_TIME ( 20, 1, 35.00000000000000000, #2146 ) ;
#26 = APPROVAL_ROLE ( '' ) ;
#27 = VECTOR ( 'NONE', #841, 1000.000000000000000 ) ;
#28 = EDGE_LOOP ( 'NONE', ( #591, #2387, #1559, #792, #2429, #1418, #2685, #1716 ) ) ;
#29 = VECTOR ( 'NONE', #1570, 1000.000000000000000 ) ;
#30 = APPROVAL_DATE_TIME ( #2566, #1683 ) ;
#31 = ORIENTED_EDGE ( 'NONE', *, *, #1965, .T. ) ;
#32 = AXIS2_PLACEMENT_3D ( 'NONE', #2280, #1858, #1187 ) ;
#33 = ORIENTED_EDGE ( 'NONE', *, *, #1741, .T. ) ;
#34 = DIRECTION ( 'NONE',  ( 1.000000000000000000, 0.000000000000000000, 0.000000000000000000 ) ) ;
#35 = DIRECTION ( 'NONE',  ( 1.000000000000000000, 0.000000000000000000, 0.000000000000000000 ) ) ;
#36 = EDGE_LOOP ( 'NONE', ( #1664, #2391, #1703, #1188 ) ) ;
#37 = ADVANCED_FACE ( 'NONE', ( #1908 ), #1196, .T. ) ;
#38 = EDGE_CURVE ( 'NONE', #465, #1494, #766, .T. ) ;
#39 = LINE ( 'NONE', #496, #2660 ) ;
#40 = PLANE ( 'NONE',  #854 ) ;
#41 = EDGE_CURVE ( 'NONE', #2229, #787, #2822, .T. ) ;
#42 = CARTESIAN_POINT ( 'NONE',  ( 0.000000000000000000, 0.000000000000000000, 0.000000000000000000 ) ) ;
#43 = CARTESIAN_POINT ( 'NONE',  ( 33.75000000000000000, 35.50000000000000000, 2.000000000000000000 ) ) ;
#44 = VERTEX_POINT ( 'NONE', #97 ) ;
#45 = PERSON_AND_ORGANIZATION_ROLE ( 'design_supplier' ) ;
#46 = VERTEX_POINT ( 'NONE', #140 ) ;
#47 = PERSON_AND_ORGANIZATION ( #2902, #2300 ) ;
#48 = SECURITY_CLASSIFICATION ( '', '', #59 ) ;
#49 = ORIENTED_EDGE ( 'NONE', *, *, #479, .T. ) ;
#50 = ORIENTED_EDGE ( 'NONE', *, *, #1698, .F. ) ;
#51 = FACE_OUTER_BOUND ( 'NONE', #421, .T. ) ;
#52 =( LENGTH_UNIT ( ) NAMED_UNIT ( * ) SI_UNIT ( .MILLI., .METRE. ) );
#53 = ORIENTED_EDGE ( 'NONE', *, *, #1604, .T. ) ;
#54 = DIRECTION ( 'NONE',  ( 0.000000000000000000, 0.000000000000000000, -1.000000000000000000 ) ) ;
#55 = LINE ( 'NONE', #2075, #1756 ) ;
#56 = PLANE ( 'NONE',  #2092 ) ;
#57 = DIRECTION ( 'NONE',  ( 1.000000000000000000, 0.000000000000000000, 0.000000000000000000 ) ) ;
#58 = ORIENTED_EDGE ( 'NONE', *, *, #604, .T. ) ;
#59 = SECURITY_CLASSIFICATION_LEVEL ( 'unclassified' ) ;
#60 = ORIENTED_EDGE ( 'NONE', *, *, #1063, .T. ) ;
#61 = VECTOR ( 'NONE', #1019, 1000.000000000000000 ) ;
#62 = DATE_TIME_ROLE ( 'creation_date' ) ;
#63 = SHAPE_REPRESENTATION ( '2026-08-03-20-47-02-403', ( #693 ), #644 ) ;
#64 = ORIENTED_EDGE ( 'NONE', *, *, #2827, .F. ) ;
#65 = EDGE_LOOP ( 'NONE', ( #2692, #955, #2803, #2007 ) ) ;
#66 = AXIS2_PLACEMENT_3D ( 'NONE', #980, #337, #2590 ) ;
#67 = CARTESIAN_POINT ( 'NONE',  ( 0.2000000000006469936, 0.000000000000000000, 2.000000000006370016 ) ) ;
#68 = ORIENTED_EDGE ( 'NONE', *, *, #893, .F. ) ;
#69 = DIRECTION ( 'NONE',  ( 0.000000000000000000, 0.000000000000000000, 1.000000000000000000 ) ) ;
#70 = CARTESIAN_POINT ( 'NONE',  ( 0.2000000000006469936, 0.000000000000000000, 32.00000000000639488 ) ) ;
#71 = CARTESIAN_POINT ( 'NONE',  ( 22.50000000000000000, 58.75000000000000000, 0.000000000000000000 ) ) ;
#72 = DIRECTION ( 'NONE',  ( 1.000000000000000000, 0.000000000000000000, 0.000000000000000000 ) ) ;
#73 = ORIENTED_EDGE ( 'NONE', *, *, #1427, .T. ) ;
#74 = APPROVAL_DATE_TIME ( #1400, #2618 ) ;
#75 = VERTEX_POINT ( 'NONE', #989 ) ;
#76 = APPROVAL ( #1846, 'UNSPECIFIED' ) ;
#77 = EDGE_CURVE ( 'NONE', #2759, #1900, #1031, .T. ) ;
#78 = DATE_AND_TIME ( #2507, #1736 ) ;
#79 = PLANE ( 'NONE',  #1426 ) ;
#80 = ORIENTED_EDGE ( 'NONE', *, *, #521, .T. ) ;
#81 = ORIENTED_EDGE ( 'NONE', *, *, #2002, .F. ) ;
#82 = LINE ( 'NONE', #542, #2699 ) ;
#83 = VECTOR ( 'NONE', #1602, 1000.000000000000000 ) ;
#84 = DIRECTION ( 'NONE',  ( 0.000000000000000000, -1.000000000000000000, 0.000000000000000000 ) ) ;
#85 = MANIFOLD_SOLID_BREP ( 'Body1[1]', #2917 ) ;
#86 = CARTESIAN_POINT ( 'NONE',  ( 43.00000000000000000, 8.050000000000000711, 28.60000000000000142 ) ) ;
#87 = EDGE_CURVE ( 'NONE', #690, #2696, #1481, .T. ) ;
#88 = PLANE ( 'NONE',  #918 ) ;
#89 = CARTESIAN_POINT ( 'NONE',  ( -34.25000023096799850, 2.000000000000000000, 31.00000000000000000 ) ) ;
#90 = ORIENTED_EDGE ( 'NONE', *, *, #538, .T. ) ;
#91 = CC_DESIGN_APPROVAL ( #198, ( #223 ) ) ;
#92 = VECTOR ( 'NONE', #2242, 1000.000000000000000 ) ;
#93 = DATE_TIME_ROLE ( 'classification_date' ) ;
#94 = VERTEX_POINT ( 'NONE', #318 ) ;
#95 = EDGE_CURVE ( 'NONE', #2078, #735, #2584, .T. ) ;
#96 = PERSON_AND_ORGANIZATION ( #2902, #2300 ) ;
#97 = CARTESIAN_POINT ( 'NONE',  ( 2.000000000000000000, 2.000000000000000000, 2.000000000000000000 ) ) ;
#98 = ORIENTED_EDGE ( 'NONE', *, *, #2791, .F. ) ;
#99 = PLANE ( 'NONE',  #952 ) ;
#100 = EDGE_LOOP ( 'NONE', ( #1490, #1156, #662, #1161 ) ) ;
#101 = DIRECTION ( 'NONE',  ( 0.000000000000000000, 0.000000000000000000, 1.000000000000000000 ) ) ;
#102 = VECTOR ( 'NONE', #2322, 1000.000000000000000 ) ;
#103 = ADVANCED_FACE ( 'NONE', ( #2160 ), #333, .T. ) ;
#104 = LINE ( 'NONE', #2142, #2457 ) ;
#105 = CARTESIAN_POINT ( 'NONE',  ( 2.000000000000000000, 4.500000000000000000, 2.250000000000000000 ) ) ;
#106 = CARTESIAN_POINT ( 'NONE',  ( 43.00000000000000000, 29.44999999999999929, 27.79999999999999716 ) ) ;
#107 = EDGE_CURVE ( 'NONE', #44, #1399, #2794, .T. ) ;
#108 = EDGE_LOOP ( 'NONE', ( #932, #1455, #1367, #1390 ) ) ;
#109 = APPROVAL_STATUS ( 'not_yet_approved' ) ;
#110 = DIRECTION ( 'NONE',  ( -0.000000000000000000, 1.000000000000000000, 0.000000000000000000 ) ) ;
#111 = ORIENTED_EDGE ( 'NONE', *, *, #1075, .F. ) ;
#112 = LINE ( 'NONE', #2307, #2225 ) ;
#113 = VECTOR ( 'NONE', #1839, 1000.000000000000000 ) ;
#114 = CC_DESIGN_DATE_AND_TIME_ASSIGNMENT ( #1178, #940, ( #2505 ) ) ;
#115 = ORIENTED_EDGE ( 'NONE', *, *, #2652, .F. ) ;
#116 = DIRECTION ( 'NONE',  ( 0.000000000000000000, 0.000000000000000000, 1.000000000000000000 ) ) ;
#117 = CARTESIAN_POINT ( 'NONE',  ( 2.000000000000000000, 35.50000000000000000, 2.000000000000000000 ) ) ;
#118 = LINE ( 'NONE', #1008, #1920 ) ;
#119 = DIRECTION ( 'NONE',  ( 0.000000000000000000, 1.000000000000000000, 0.000000000000000000 ) ) ;
#120 = ORIENTED_EDGE ( 'NONE', *, *, #1, .T. ) ;
#121 = PERSON_AND_ORGANIZATION ( #2902, #2300 ) ;
#122 = DIRECTION ( 'NONE',  ( 0.000000000000000000, 0.000000000000000000, 1.000000000000000000 ) ) ;
#123 = EDGE_LOOP ( 'NONE', ( #1083, #1631, #2732, #1064, #1883 ) ) ;
#124 = EDGE_CURVE ( 'NONE', #1144, #387, #1880, .T. ) ;
#125 = CARTESIAN_POINT ( 'NONE',  ( 0.000000000000000000, 4.485522627963559827, 31.48755899268229541 ) ) ;
#126 = APPROVAL_PERSON_ORGANIZATION ( #889, #2595, #1765 ) ;
#127 = AXIS2_PLACEMENT_3D ( 'NONE', #2813, #802, #352 ) ;
#128 = VECTOR ( 'NONE', #790, 1000.000000000000000 ) ;
#129 = CARTESIAN_POINT ( 'NONE',  ( 40.00000014901190326, 0.000000000000000000, 26.00000038743019815 ) ) ;
#130 = EDGE_CURVE ( 'NONE', #2463, #1399, #1454, .T. ) ;
#131 = ADVANCED_FACE ( 'NONE', ( #753 ), #2366, .F. ) ;
#132 = FACE_OUTER_BOUND ( 'NONE', #1743, .T. ) ;
#133 = LINE ( 'NONE', #1462, #408 ) ;
#134 = VECTOR ( 'NONE', #2207, 1000.000000000000000 ) ;
#135 = CARTESIAN_POINT ( 'NONE',  ( 0.000000000000000000, 77.50000000000000000, 0.000000000000000000 ) ) ;
#136 = ORIENTED_EDGE ( 'NONE', *, *, #2100, .T. ) ;
#137 = ADVANCED_FACE ( 'NONE', ( #1937 ), #2835, .F. ) ;
#138 =( GEOMETRIC_REPRESENTATION_CONTEXT ( 3 ) GLOBAL_UNCERTAINTY_ASSIGNED_CONTEXT ( ( #2495 ) ) GLOBAL_UNIT_ASSIGNED_CONTEXT ( ( #1642, #1117, #1802 ) ) REPRESENTATION_CONTEXT ( 'NONE', 'WORKASPACE' ) );
#139 = CALENDAR_DATE ( 2026, 24, 9 ) ;
#140 = CARTESIAN_POINT ( 'NONE',  ( 0.000000000000000000, 0.000000000000000000, 32.00000000000000000 ) ) ;
#141 = VERTEX_POINT ( 'NONE', #2540 ) ;
#142 = PRODUCT_DEFINITION_SHAPE ( 'NONE', 'NONE',  #2920 ) ;
#143 = FACE_OUTER_BOUND ( 'NONE', #2750, .T. ) ;
#144 = MANIFOLD_SOLID_BREP ( 'Body1[1]', #2635 ) ;
#145 = FACE_BOUND ( 'NONE', #925, .T. ) ;
#146 = LOCAL_TIME ( 20, 1, 35.00000000000000000, #1012 ) ;
#147 = LINE ( 'NONE', #2371, #2747 ) ;
#148 = DIRECTION ( 'NONE',  ( 0.000000000000000000, 0.000000000000000000, 1.000000000000000000 ) ) ;
#149 = DIRECTION ( 'NONE',  ( -0.000000000000000000, 1.000000000000000000, 0.000000000000000000 ) ) ;
#150 = CALENDAR_DATE ( 2026, 24, 9 ) ;
#151 = PERSON_AND_ORGANIZATION ( #2902, #2300 ) ;
#152 = ORIENTED_EDGE ( 'NONE', *, *, #369, .T. ) ;
#153 = VERTEX_POINT ( 'NONE', #1003 ) ;
#154 = EDGE_CURVE ( 'NONE', #754, #314, #523, .T. ) ;
#155 = CARTESIAN_POINT ( 'NONE',  ( 43.00000000000000000, 15.12500000000000000, 27.79999999999999716 ) ) ;
#156 = VECTOR ( 'NONE', #347, 1000.000000000000000 ) ;
#157 = LINE ( 'NONE', #660, #27 ) ;
#158 = FACE_OUTER_BOUND ( 'NONE', #65, .T. ) ;
#159 = LINE ( 'NONE', #2642, #769 ) ;
#160 = LINE ( 'NONE', #547, #639 ) ;
#161 = AXIS2_PLACEMENT_3D ( 'NONE', #1723, #2179, #1092 ) ;
#162 = APPROVAL_ROLE ( '' ) ;
#163 = CARTESIAN_POINT ( 'NONE',  ( 43.00000000000000000, 30.25000000000000000, 27.79999999999999716 ) ) ;
#164 = AXIS2_PLACEMENT_3D ( 'NONE', #67, #768, #1005 ) ;
#165 = DATE_AND_TIME ( #386, #1915 ) ;
#166 = ORIENTED_EDGE ( 'NONE', *, *, #2107, .T. ) ;
#167 = EDGE_CURVE ( 'NONE', #1999, #476, #2714, .T. ) ;
#168 = LINE ( 'NONE', #2417, #1569 ) ;
#169 = LINE ( 'NONE', #1324, #1627 ) ;
#170 = ORIENTED_EDGE ( 'NONE', *, *, #1704, .T. ) ;
#171 = CC_DESIGN_APPROVAL ( #2595, ( #679 ) ) ;
#172 = VECTOR ( 'NONE', #101, 1000.000000000000000 ) ;
#173 = VECTOR ( 'NONE', #1363, 1000.000000000000000 ) ;
#174 = LINE ( 'NONE', #2178, #816 ) ;
#175 = CARTESIAN_POINT ( 'NONE',  ( 43.00000000000000000, 27.00000000000000000, 17.00000000000000000 ) ) ;
#176 = CARTESIAN_POINT ( 'NONE',  ( -31.00000046193600411, -1.898202566963819813E-15, 2.250000000000000000 ) ) ;
#177 = ADVANCED_FACE ( 'NONE', ( #691, #221 ), #1116, .T. ) ;
#178 = EDGE_CURVE ( 'NONE', #1086, #1284, #2033, .T. ) ;
#179 = PLANE ( 'NONE',  #1184 ) ;
#180 = VECTOR ( 'NONE', #69, 1000.000000000000000 ) ;
#181 = APPLICATION_PROTOCOL_DEFINITION ( 'international standard', 'config_control_design', 1994, #1458 ) ;
#182 = VERTEX_POINT ( 'NONE', #882 ) ;
#183 = CARTESIAN_POINT ( 'NONE',  ( -3.081487911019580102E-32, 37.50000000000000000, 0.000000000000000000 ) ) ;
#184 = ORIENTED_EDGE ( 'NONE', *, *, #2405, .F. ) ;
#185 = DIRECTION ( 'NONE',  ( 0.000000000000000000, 0.000000000000000000, 1.000000000000000000 ) ) ;
#186 = VERTEX_POINT ( 'NONE', #1835 ) ;
#187 = EDGE_CURVE ( 'NONE', #1182, #44, #2893, .T. ) ;
#188 = DIRECTION ( 'NONE',  ( 1.000000000000000000, 0.000000000000000000, 0.000000000000000000 ) ) ;
#189 = DIRECTION ( 'NONE',  ( 0.000000000000000000, -1.000000000000000000, 0.000000000000000000 ) ) ;
#190 = DIRECTION ( 'NONE',  ( 0.000000000000000000, 1.000000000000000000, 0.000000000000000000 ) ) ;
#191 = CALENDAR_DATE ( 2026, 24, 9 ) ;
#192 = VERTEX_POINT ( 'NONE', #248 ) ;
#193 = CARTESIAN_POINT ( 'NONE',  ( 43.00000000000000000, 29.44999999999999929, 27.79999999999999716 ) ) ;
#194 = ORIENTED_EDGE ( 'NONE', *, *, #1079, .T. ) ;
#195 = CARTESIAN_POINT ( 'NONE',  ( 2.000000000000000000, 4.500000000000000000, 4.500000000000000000 ) ) ;
#196 = PLANE ( 'NONE',  #2155 ) ;
#197 = ORIENTED_EDGE ( 'NONE', *, *, #1778, .F. ) ;
#198 = APPROVAL ( #721, 'UNSPECIFIED' ) ;
#199 = CARTESIAN_POINT ( 'NONE',  ( 0.000000000000000000, 35.25000000000000000, 4.500000000000000000 ) ) ;
#200 = FACE_OUTER_BOUND ( 'NONE', #894, .T. ) ;
#201 = VECTOR ( 'NONE', #901, 1000.000000000000000 ) ;
#202 = LINE ( 'NONE', #1551, #1001 ) ;
#203 = VECTOR ( 'NONE', #2399, 1000.000000000000000 ) ;
#204 = PERSON_AND_ORGANIZATION_ROLE ( 'design_owner' ) ;
#205 = ORIENTED_EDGE ( 'NONE', *, *, #1721, .F. ) ;
#206 = DIRECTION ( 'NONE',  ( 0.000000000000000000, 0.000000000000000000, 1.000000000000000000 ) ) ;
#207 = EDGE_CURVE ( 'NONE', #2850, #2010, #867, .T. ) ;
#208 = ORIENTED_EDGE ( 'NONE', *, *, #1692, .F. ) ;
#209 = CARTESIAN_POINT ( 'NONE',  ( 45.00000000000000000, 77.50000000000000000, 0.000000000000000000 ) ) ;
#210 = LINE ( 'NONE', #1298, #2526 ) ;
#211 = ORIENTED_EDGE ( 'NONE', *, *, #1912, .T. ) ;
#212 = LINE ( 'NONE', #175, #1050 ) ;
#213 = DIRECTION ( 'NONE',  ( -9.426421907194728181E-17, 0.000000000000000000, 1.000000000000000000 ) ) ;
#214 = CARTESIAN_POINT ( 'NONE',  ( -2.020653882290210035, -1.237293654565690082E-16, 15.50000000000000000 ) ) ;
#215 = ADVANCED_FACE ( 'NONE', ( #3 ), #1088, .T. ) ;
#216 = APPROVAL_ROLE ( '' ) ;
#217 = ORIENTED_EDGE ( 'NONE', *, *, #87, .F. ) ;
#218 = VECTOR ( 'NONE', #730, 1000.000000000000000 ) ;
#219 = CC_DESIGN_PERSON_AND_ORGANIZATION_ASSIGNMENT ( #472, #1433, ( #48 ) ) ;
#220 = ORIENTED_EDGE ( 'NONE', *, *, #1457, .F. ) ;
#221 = FACE_OUTER_BOUND ( 'NONE', #1269, .T. ) ;
#222 = SHAPE_REPRESENTATION_RELATIONSHIP ( 'NONE' , 'NONE' ,  #2398, #1177 ) ;
#223 = SECURITY_CLASSIFICATION ( '', '', #958 ) ;
#224 = VECTOR ( 'NONE', #1885, 1000.000000000000000 ) ;
#225 = ORIENTED_EDGE ( 'NONE', *, *, #178, .F. ) ;
#226 = PLANE ( 'NONE',  #1804 ) ;
#227 = DIRECTION ( 'NONE',  ( 0.000000000000000000, 1.000000000000000000, 0.000000000000000000 ) ) ;
#228 = PLANE ( 'NONE',  #2141 ) ;
#229 = DIRECTION ( 'NONE',  ( 1.000000000000000000, 0.000000000000000000, 0.000000000000000000 ) ) ;
#230 = SECURITY_CLASSIFICATION_LEVEL ( 'unclassified' ) ;
#231 = ORIENTED_EDGE ( 'NONE', *, *, #291, .T. ) ;
#232 =( NAMED_UNIT ( * ) SI_UNIT ( $, .STERADIAN. ) SOLID_ANGLE_UNIT ( ) );
#233 = EDGE_CURVE ( 'NONE', #658, #1586, #930, .T. ) ;
#234 = VERTEX_POINT ( 'NONE', #1323 ) ;
#235 = CARTESIAN_POINT ( 'NONE',  ( 2.200000000000650324, 0.000000000000000000, 32.00000000000639488 ) ) ;
#236 = DIRECTION ( 'NONE',  ( 0.000000000000000000, -1.000000000000000000, 0.000000000000000000 ) ) ;
#237 = VERTEX_POINT ( 'NONE', #2258 ) ;
#238 = LINE ( 'NONE', #1806, #2459 ) ;
#239 = CARTESIAN_POINT ( 'NONE',  ( 10.00000014901189971, -8.484363381672159562E-32, 28.00000000000069988 ) ) ;
#240 = DIRECTION ( 'NONE',  ( 0.000000000000000000, -1.000000000000000000, 0.000000000000000000 ) ) ;
#241 = CARTESIAN_POINT ( 'NONE',  ( 37.00000000000000000, 8.000000119209289551, 2.000000000000000000 ) ) ;
#242 = DIRECTION ( 'NONE',  ( 0.000000000000000000, 1.000000000000000000, 0.000000000000000000 ) ) ;
#243 = VERTEX_POINT ( 'NONE', #1147 ) ;
#244 = ORIENTED_EDGE ( 'NONE', *, *, #1167, .F. ) ;
#245 = EDGE_CURVE ( 'NONE', #2157, #2624, #447, .T. ) ;
#246 = EDGE_CURVE ( 'NONE', #2460, #1209, #1801, .T. ) ;
#247 = ORIENTED_EDGE ( 'NONE', *, *, #2521, .F. ) ;
#248 = CARTESIAN_POINT ( 'NONE',  ( 40.00000014901190326, -2.250000000000000000, 7.000000000000750511 ) ) ;
#249 = DIRECTION ( 'NONE',  ( -1.000000000000000000, 0.000000000000000000, 0.000000000000000000 ) ) ;
#250 = DESIGN_CONTEXT ( 'detailed design', #2320, 'design' ) ;
#251 = ORIENTED_EDGE ( 'NONE', *, *, #2783, .T. ) ;
#252 = EDGE_CURVE ( 'NONE', #2761, #670, #1997, .T. ) ;
#253 = FACE_OUTER_BOUND ( 'NONE', #2527, .T. ) ;
#254 = LINE ( 'NONE', #1584, #201 ) ;
#255 = EDGE_CURVE ( 'NONE', #1535, #2746, #2697, .T. ) ;
#256 = CARTESIAN_POINT ( 'NONE',  ( 37.00000000000000000, 28.00000041723249922, 2.000000000000000000 ) ) ;
#257 = CARTESIAN_POINT ( 'NONE',  ( 29.75000000000000000, 28.00000041723249922, 2.000000000000000000 ) ) ;
#258 = ORIENTED_EDGE ( 'NONE', *, *, #246, .F. ) ;
#259 = PRODUCT_DEFINITION_FORMATION_WITH_SPECIFIED_SOURCE ( 'ANY', '', #1221, .NOT_KNOWN. ) ;
#260 = SHAPE_DEFINITION_REPRESENTATION ( #818, #2398 ) ;
#261 = VECTOR ( 'NONE', #2600, 1000.000000000000000 ) ;
#262 = VERTEX_POINT ( 'NONE', #235 ) ;
#263 = VECTOR ( 'NONE', #338, 1000.000000000000000 ) ;
#264 = PERSON_AND_ORGANIZATION ( #2902, #2300 ) ;
#265 = VERTEX_POINT ( 'NONE', #1610 ) ;
#266 = VECTOR ( 'NONE', #2874, 1000.000000000000000 ) ;
#267 = ORIENTED_EDGE ( 'NONE', *, *, #1000, .F. ) ;
#268 = DIRECTION ( 'NONE',  ( 0.000000000000000000, 0.000000000000000000, -1.000000000000000000 ) ) ;
#269 = DIRECTION ( 'NONE',  ( 0.000000000000000000, 0.000000000000000000, 1.000000000000000000 ) ) ;
#270 = ORIENTED_EDGE ( 'NONE', *, *, #1383, .F. ) ;
#271 = DIRECTION ( 'NONE',  ( 0.000000000000000000, -1.000000000000000000, 0.000000000000000000 ) ) ;
#272 = EDGE_CURVE ( 'NONE', #2210, #2098, #674, .T. ) ;
#273 = APPROVAL ( #341, 'UNKNOWN' ) ;
#274 = DIRECTION ( 'NONE',  ( -1.000000000000000000, 3.595069229522839803E-33, 0.000000000000000000 ) ) ;
#275 = DIRECTION ( 'NONE',  ( 0.000000000000000000, 0.000000000000000000, 1.000000000000000000 ) ) ;
#276 = DIRECTION ( 'NONE',  ( 1.000000000000000000, 0.000000000000000000, 0.000000000000000000 ) ) ;
#277 = EDGE_LOOP ( 'NONE', ( #1358, #2096, #801, #1180 ) ) ;
#278 = CALENDAR_DATE ( 2026, 24, 9 ) ;
#279 = VERTEX_POINT ( 'NONE', #1816 ) ;
#280 = DATE_TIME_ROLE ( 'creation_date' ) ;
#281 = CALENDAR_DATE ( 2026, 24, 9 ) ;
#282 = ORIENTED_EDGE ( 'NONE', *, *, #1732, .F. ) ;
#283 = EDGE_LOOP ( 'NONE', ( #844, #334, #2811, #80 ) ) ;
#284 = DIRECTION ( 'NONE',  ( 0.000000000000000000, -1.000000000000000000, 0.000000000000000000 ) ) ;
#285 = CARTESIAN_POINT ( 'NONE',  ( 0.000000000000000000, 0.000000000000000000, 0.000000000000000000 ) ) ;
#286 = UNCERTAINTY_MEASURE_WITH_UNIT (LENGTH_MEASURE( 1.000000000000000082E-05 ), #459, 'distance_accuracy_value', 'NONE');
#287 = ORIENTED_EDGE ( 'NONE', *, *, #1289, .T. ) ;
#288 = DIRECTION ( 'NONE',  ( 0.000000000000000000, 0.000000000000000000, 1.000000000000000000 ) ) ;
#289 = CC_DESIGN_PERSON_AND_ORGANIZATION_ASSIGNMENT ( #1042, #2849, ( #549 ) ) ;
#290 = FACE_OUTER_BOUND ( 'NONE', #1766, .T. ) ;
#291 = EDGE_CURVE ( 'NONE', #2367, #738, #1577, .T. ) ;
#292 = FACE_OUTER_BOUND ( 'NONE', #375, .T. ) ;
#293 = LINE ( 'NONE', #2548, #218 ) ;
#294 = ORIENTED_EDGE ( 'NONE', *, *, #2467, .F. ) ;
#295 = COORDINATED_UNIVERSAL_TIME_OFFSET ( 2, 0, .AHEAD. ) ;
#296 = VERTEX_POINT ( 'NONE', #1594 ) ;
#297 = VECTOR ( 'NONE', #190, 1000.000000000000000 ) ;
#298 = SHAPE_DEFINITION_REPRESENTATION ( #2355, #981 ) ;
#299 = DIRECTION ( 'NONE',  ( -1.000000000000000000, 0.000000000000000000, 0.000000000000000000 ) ) ;
#300 = VERTEX_POINT ( 'NONE', #431 ) ;
#301 = VERTEX_POINT ( 'NONE', #2494 ) ;
#302 = VECTOR ( 'NONE', #545, 1000.000000000000000 ) ;
#303 = DIRECTION ( 'NONE',  ( 0.000000000000000000, -1.000000000000000000, 0.000000000000000000 ) ) ;
#304 = VECTOR ( 'NONE', #610, 1000.000000000000000 ) ;
#305 = ADVANCED_FACE ( 'NONE', ( #1545 ), #659, .F. ) ;
#306 = DIRECTION ( 'NONE',  ( 0.000000000000000000, 1.000000000000000000, 0.000000000000000000 ) ) ;
#307 = VECTOR ( 'NONE', #303, 1000.000000000000000 ) ;
#308 = ADVANCED_FACE ( 'NONE', ( #1788 ), #2461, .F. ) ;
#309 = FACE_BOUND ( 'NONE', #1162, .T. ) ;
#310 = CARTESIAN_POINT ( 'NONE',  ( 0.2000000000012920054, -8.999999754130838525, 2.000000000006049827 ) ) ;
#311 = LINE ( 'NONE', #1206, #786 ) ;
#312 = ORIENTED_EDGE ( 'NONE', *, *, #1220, .T. ) ;
#313 = APPROVAL_DATE_TIME ( #2725, #495 ) ;
#314 = VERTEX_POINT ( 'NONE', #1641 ) ;
#315 = PRODUCT_DEFINITION_FORMATION_WITH_SPECIFIED_SOURCE ( 'ANY', '', #794, .NOT_KNOWN. ) ;
#316 = VECTOR ( 'NONE', #116, 1000.000000000000000 ) ;
#317 = PERSON_AND_ORGANIZATION_ROLE ( 'creator' ) ;
#318 = CARTESIAN_POINT ( 'NONE',  ( -2.020653882290210035, 0.000000000000000000, 4.500000000000000000 ) ) ;
#319 = ORIENTED_EDGE ( 'NONE', *, *, #38, .T. ) ;
#320 = CC_DESIGN_DATE_AND_TIME_ASSIGNMENT ( #1227, #1960, ( #987 ) ) ;
#321 = CARTESIAN_POINT ( 'NONE',  ( 0.000000000000000000, 4.485522627963559827, 31.48755899268229541 ) ) ;
#322 = EDGE_CURVE ( 'NONE', #186, #2746, #2543, .T. ) ;
#323 = VECTOR ( 'NONE', #242, 1000.000000000000000 ) ;
#324 = CARTESIAN_POINT ( 'NONE',  ( -2.000000000000000000, 4.485522627963559827, 4.487558992682310510 ) ) ;
#325 = CARTESIAN_POINT ( 'NONE',  ( -2.000000000000000000, 4.485522627963559827, 31.48755899268229541 ) ) ;
#326 = DIRECTION ( 'NONE',  ( 0.000000000000000000, 1.000000000000000000, 0.000000000000000000 ) ) ;
#327 = LINE ( 'NONE', #356, #1343 ) ;
#328 = ORIENTED_EDGE ( 'NONE', *, *, #1297, .F. ) ;
#329 = VECTOR ( 'NONE', #2377, 1000.000000000000000 ) ;
#330 = CONTEXT_DEPENDENT_SHAPE_REPRESENTATION ( #2049, #142 ) ;
#331 = APPROVAL ( #602, 'UNSPECIFIED' ) ;
#332 = PERSON_AND_ORGANIZATION ( #2902, #2300 ) ;
#333 = PLANE ( 'NONE',  #2121 ) ;
#334 = ORIENTED_EDGE ( 'NONE', *, *, #1159, .T. ) ;
#335 = DIRECTION ( 'NONE',  ( 0.000000000000000000, 0.000000000000000000, -1.000000000000000000 ) ) ;
#336 = DIRECTION ( 'NONE',  ( 0.000000000000000000, 0.000000000000000000, 1.000000000000000000 ) ) ;
#337 = DIRECTION ( 'NONE',  ( -1.000000000000000000, -8.217301096052209613E-34, 0.000000000000000000 ) ) ;
#338 = DIRECTION ( 'NONE',  ( 0.000000000000000000, 0.000000000000000000, 1.000000000000000000 ) ) ;
#339 = CARTESIAN_POINT ( 'NONE',  ( -37.50000000000000000, -2.296212748401289944E-15, 32.00000000000000000 ) ) ;
#340 = VERTEX_POINT ( 'NONE', #1456 ) ;
#341 = APPROVAL_STATUS ( 'not_yet_approved' ) ;
#342 = DATE_TIME_ROLE ( 'creation_date' ) ;
#343 = CARTESIAN_POINT ( 'NONE',  ( 7.190138459045678237E-33, 2.000000000000000000, 0.000000000000000000 ) ) ;
#344 = PRODUCT ( 'MainModuleLens', 'MainModuleLens', '', ( #2907 ) ) ;
#345 = ORIENTED_EDGE ( 'NONE', *, *, #1995, .F. ) ;
#346 = EDGE_CURVE ( 'NONE', #587, #192, #555, .T. ) ;
#347 = DIRECTION ( 'NONE',  ( 0.000000000000000000, 0.000000000000000000, 1.000000000000000000 ) ) ;
#348 = VECTOR ( 'NONE', #2060, 1000.000000000000000 ) ;
#349 = EDGE_CURVE ( 'NONE', #2460, #182, #1849, .T. ) ;
#350 = VECTOR ( 'NONE', #819, 1000.000000000000000 ) ;
#351 = ORIENTED_EDGE ( 'NONE', *, *, #272, .T. ) ;
#352 = DIRECTION ( 'NONE',  ( 1.000000000000000000, 0.000000000000000000, 0.000000000000000000 ) ) ;
#353 = ADVANCED_FACE ( 'NONE', ( #2797 ), #739, .T. ) ;
#354 = PLANE ( 'NONE',  #1855 ) ;
#355 = DIRECTION ( 'NONE',  ( 0.000000000000000000, -1.000000000000000000, 0.000000000000000000 ) ) ;
#356 = CARTESIAN_POINT ( 'NONE',  ( 37.00000000000000000, 8.050000000000000711, 27.79999999999999716 ) ) ;
#357 = ORIENTED_EDGE ( 'NONE', *, *, #1477, .T. ) ;
#358 = DATE_TIME_ROLE ( 'classification_date' ) ;
#359 = DIRECTION ( 'NONE',  ( 0.000000000000000000, 0.000000000000000000, 1.000000000000000000 ) ) ;
#360 = ORIENTED_EDGE ( 'NONE', *, *, #1063, .F. ) ;
#361 = CARTESIAN_POINT ( 'NONE',  ( -33.29999925568699837, -10.99999975413079945, 2.000000000006049827 ) ) ;
#362 = LOCAL_TIME ( 20, 1, 35.00000000000000000, #1110 ) ;
#363 = VECTOR ( 'NONE', #1955, 1000.000000000000000 ) ;
#364 = FACE_OUTER_BOUND ( 'NONE', #1131, .T. ) ;
#365 = CARTESIAN_POINT ( 'NONE',  ( 0.2000000000006469936, -9.000000000000000000, 16.50000000000619949 ) ) ;
#366 = CARTESIAN_POINT ( 'NONE',  ( 2.000000000000000000, 4.500000000000000000, 4.500000000000000000 ) ) ;
#367 = LINE ( 'NONE', #1225, #2476 ) ;
#368 = ORIENTED_EDGE ( 'NONE', *, *, #491, .F. ) ;
#369 = EDGE_CURVE ( 'NONE', #1586, #1620, #112, .T. ) ;
#370 = PERSON_AND_ORGANIZATION_ROLE ( 'classification_officer' ) ;
#371 =( GEOMETRIC_REPRESENTATION_CONTEXT ( 3 ) GLOBAL_UNCERTAINTY_ASSIGNED_CONTEXT ( ( #2087 ) ) GLOBAL_UNIT_ASSIGNED_CONTEXT ( ( #2228, #1127, #232 ) ) REPRESENTATION_CONTEXT ( 'NONE', 'WORKASPACE' ) );
#372 = VECTOR ( 'NONE', #2022, 1000.000000000000000 ) ;
#373 = PERSON_AND_ORGANIZATION_ROLE ( 'creator' ) ;
#374 = ORIENTED_EDGE ( 'NONE', *, *, #823, .T. ) ;
#375 = EDGE_LOOP ( 'NONE', ( #2524, #1844, #1268, #81 ) ) ;
#376 = LINE ( 'NONE', #1270, #1439 ) ;
#377 = CARTESIAN_POINT ( 'NONE',  ( 0.000000000000000000, 37.49998785333140461, 0.000000000000000000 ) ) ;
#378 = CC_DESIGN_SECURITY_CLASSIFICATION ( #987, ( #2921 ) ) ;
#379 = LINE ( 'NONE', #846, #1993 ) ;
#380 = CARTESIAN_POINT ( 'NONE',  ( 2.000000000000000000, 33.00000000000000000, 31.50000000000000000 ) ) ;
#381 = LINE ( 'NONE', #1275, #458 ) ;
#382 = CC_DESIGN_PERSON_AND_ORGANIZATION_ASSIGNMENT ( #1480, #1278, ( #1393 ) ) ;
#383 = ADVANCED_FACE ( 'NONE', ( #51 ), #2356, .T. ) ;
#384 = ADVANCED_FACE ( 'NONE', ( #2069 ), #99, .T. ) ;
#385 = LINE ( 'NONE', #1526, #1041 ) ;
#386 = CALENDAR_DATE ( 2026, 24, 9 ) ;
#387 = VERTEX_POINT ( 'NONE', #1232 ) ;
#388 = FACE_OUTER_BOUND ( 'NONE', #1226, .T. ) ;
#389 = ADVANCED_FACE ( 'NONE', ( #2781 ), #2528, .T. ) ;
#390 = VECTOR ( 'NONE', #1705, 1000.000000000000000 ) ;
#391 = DIRECTION ( 'NONE',  ( 0.000000000000000000, 0.000000000000000000, 1.000000000000000000 ) ) ;
#392 = EDGE_CURVE ( 'NONE', #1494, #2908, #961, .T. ) ;
#393 = EDGE_LOOP ( 'NONE', ( #2851, #1996, #405, #2454 ) ) ;
#394 = CARTESIAN_POINT ( 'NONE',  ( 43.00000000000000000, 30.25000000000000000, 28.60000000000000142 ) ) ;
#395 = DIRECTION ( 'NONE',  ( -0.7071068957064466920, -0.7071066666666296907, 0.000000000000000000 ) ) ;
#396 = PLANE ( 'NONE',  #1969 ) ;
#397 = EDGE_CURVE ( 'NONE', #13, #754, #991, .T. ) ;
#398 = VECTOR ( 'NONE', #2438, 1000.000000000000000 ) ;
#399 = DIRECTION ( 'NONE',  ( -1.000000000000000000, 0.000000000000000000, 0.000000000000000000 ) ) ;
#400 = PERSON_AND_ORGANIZATION ( #2902, #2300 ) ;
#401 = VERTEX_POINT ( 'NONE', #1658 ) ;
#402 = CARTESIAN_POINT ( 'NONE',  ( 37.00000000000000000, 28.00000041723249922, 5.000000000000000000 ) ) ;
#403 = ADVANCED_FACE ( 'NONE', ( #1163 ), #943, .T. ) ;
#404 = DIRECTION ( 'NONE',  ( 0.000000000000000000, -1.000000000000000000, 0.000000000000000000 ) ) ;
#405 = ORIENTED_EDGE ( 'NONE', *, *, #1912, .F. ) ;
#406 = APPROVAL_PERSON_ORGANIZATION ( #2489, #1888, #1070 ) ;
#407 = VECTOR ( 'NONE', #404, 1000.000000000000000 ) ;
#408 = VECTOR ( 'NONE', #1646, 1000.000000000000000 ) ;
#409 = DIRECTION ( 'NONE',  ( 1.000000000000000000, 0.000000000000000000, 0.000000000000000000 ) ) ;
#410 = DIRECTION ( 'NONE',  ( 0.000000000000000000, 0.000000000000000000, 1.000000000000000000 ) ) ;
#411 = DIRECTION ( 'NONE',  ( -1.000000000000000000, 0.000000000000000000, 0.000000000000000000 ) ) ;
#412 = CARTESIAN_POINT ( 'NONE',  ( 45.00000000000000000, -1.617781153285280087E-31, 0.000000000000000000 ) ) ;
#413 = VECTOR ( 'NONE', #1918, 1000.000000000000000 ) ;
#414 = PERSON_AND_ORGANIZATION ( #2902, #2300 ) ;
#415 = ORIENTED_EDGE ( 'NONE', *, *, #1095, .T. ) ;
#416 = DIRECTION ( 'NONE',  ( -1.000000000000000000, 0.000000000000000000, 0.000000000000000000 ) ) ;
#417 = CC_DESIGN_PERSON_AND_ORGANIZATION_ASSIGNMENT ( #1796, #625, ( #1574 ) ) ;
#418 = DIRECTION ( 'NONE',  ( 1.000000000000000000, 0.000000000000000000, 0.000000000000000000 ) ) ;
#419 = ORIENTED_EDGE ( 'NONE', *, *, #77, .T. ) ;
#420 = PLANE ( 'NONE',  #1151 ) ;
#421 = EDGE_LOOP ( 'NONE', ( #194, #1755, #1548, #2653, #2071, #1982, #1077, #974 ) ) ;
#422 = PLANE ( 'NONE',  #2186 ) ;
#423 = DIRECTION ( 'NONE',  ( 0.000000000000000000, 0.000000000000000000, -1.000000000000000000 ) ) ;
#424 = CC_DESIGN_APPROVAL ( #2618, ( #2492 ) ) ;
#425 = LINE ( 'NONE', #1305, #2689 ) ;
#426 = EDGE_CURVE ( 'NONE', #1900, #2771, #1622, .T. ) ;
#427 = COORDINATED_UNIVERSAL_TIME_OFFSET ( 2, 0, .AHEAD. ) ;
#428 = ORIENTED_EDGE ( 'NONE', *, *, #346, .F. ) ;
#429 = CARTESIAN_POINT ( 'NONE',  ( 43.00000000000000000, 8.050000000000000711, 28.60000000000000142 ) ) ;
#430 = ORIENTED_EDGE ( 'NONE', *, *, #526, .T. ) ;
#431 = CARTESIAN_POINT ( 'NONE',  ( -35.29999999999939320, 0.000000000000000000, 0.000000000000000000 ) ) ;
#432 = EDGE_CURVE ( 'NONE', #1774, #1589, #2570, .T. ) ;
#433 = CARTESIAN_POINT ( 'NONE',  ( 2.200000000000000178, -2.755451082640380203E-16, 2.000000000012100099 ) ) ;
#434 = EDGE_LOOP ( 'NONE', ( #1828, #969, #1576, #2509, #960 ) ) ;
#435 = VECTOR ( 'NONE', #1098, 1000.000000000000000 ) ;
#436 = DIRECTION ( 'NONE',  ( 1.000000000000000000, 0.000000000000000000, 0.000000000000000000 ) ) ;
#437 = EDGE_CURVE ( 'NONE', #1318, #1900, #2326, .T. ) ;
#438 = DIRECTION ( 'NONE',  ( 0.000000000000000000, -1.000000000000000000, 0.000000000000000000 ) ) ;
#439 = VECTOR ( 'NONE', #2085, 1000.000000000000000 ) ;
#440 = PRODUCT_RELATED_PRODUCT_CATEGORY ( 'detail', '', ( #2165 ) ) ;
#441 = CARTESIAN_POINT ( 'NONE',  ( 0.000000000000000000, 0.000000000000000000, 32.00000000000000000 ) ) ;
#442 = AXIS2_PLACEMENT_3D ( 'NONE', #394, #1273, #409 ) ;
#443 = COORDINATED_UNIVERSAL_TIME_OFFSET ( 2, 0, .AHEAD. ) ;
#444 = ORIENTED_EDGE ( 'NONE', *, *, #1699, .T. ) ;
#445 = PLANE ( 'NONE',  #898 ) ;
#446 = EDGE_LOOP ( 'NONE', ( #1139, #1157, #1782 ) ) ;
#447 = LINE ( 'NONE', #2446, #2628 ) ;
#448 = LINE ( 'NONE', #1102, #917 ) ;
#449 = VERTEX_POINT ( 'NONE', #2106 ) ;
#450 = DIRECTION ( 'NONE',  ( 0.000000000000000000, -1.000000000000000000, 0.000000000000000000 ) ) ;
#451 = CARTESIAN_POINT ( 'NONE',  ( 10.00000014901159950, 0.000000000000000000, 9.000000000000747846 ) ) ;
#452 = LOCAL_TIME ( 20, 1, 35.00000000000000000, #1923 ) ;
#453 = FACE_BOUND ( 'NONE', #100, .T. ) ;
#454 = CARTESIAN_POINT ( 'NONE',  ( 45.00000000000000000, 0.000000000000000000, 32.00000000000000000 ) ) ;
#455 = EDGE_CURVE ( 'NONE', #506, #2788, #82, .T. ) ;
#456 = COORDINATED_UNIVERSAL_TIME_OFFSET ( 2, 0, .AHEAD. ) ;
#457 = ORIENTED_EDGE ( 'NONE', *, *, #2303, .T. ) ;
#458 = VECTOR ( 'NONE', #2156, 1000.000000000000000 ) ;
#459 =( LENGTH_UNIT ( ) NAMED_UNIT ( * ) SI_UNIT ( .MILLI., .METRE. ) );
#460 = EDGE_LOOP ( 'NONE', ( #360, #73, #913, #1803 ) ) ;
#461 = CARTESIAN_POINT ( 'NONE',  ( -33.29999925568699837, -9.000000000000000000, 16.50000000000610001 ) ) ;
#462 = LINE ( 'NONE', #2070, #2342 ) ;
#463 = LOCAL_TIME ( 20, 1, 35.00000000000000000, #1619 ) ;
#464 = AXIS2_PLACEMENT_3D ( 'NONE', #477, #1371, #2510 ) ;
#465 = VERTEX_POINT ( 'NONE', #321 ) ;
#466 = DIRECTION ( 'NONE',  ( 0.000000000000000000, 1.000000000000000000, 0.000000000000000000 ) ) ;
#467 = PLANE ( 'NONE',  #1294 ) ;
#468 = DIRECTION ( 'NONE',  ( 0.000000000000000000, 0.000000000000000000, 1.000000000000000000 ) ) ;
#469 = CARTESIAN_POINT ( 'NONE',  ( -35.29999999999939320, -2.755451082640380203E-16, 0.000000000000000000 ) ) ;
#470 = ORIENTED_EDGE ( 'NONE', *, *, #77, .F. ) ;
#471 = EDGE_CURVE ( 'NONE', #465, #1148, #1483, .T. ) ;
#472 = PERSON_AND_ORGANIZATION ( #1386, #1312 ) ;
#473 = EDGE_LOOP ( 'NONE', ( #2745, #864, #428, #368 ) ) ;
#474 = EDGE_CURVE ( 'NONE', #2624, #1111, #1719, .T. ) ;
#475 = PERSON ( 'NAUO-PER1', 'UNSPECIFIED', 'UNSPECIFIED', ('UNSPECIFIED'), ('UNSPECIFIED'), ('UNSPECIFIED') ) ;
#476 = VERTEX_POINT ( 'NONE', #1729 ) ;
#477 = CARTESIAN_POINT ( 'NONE',  ( 22.50000000000000000, 18.75000000000000000, 2.000000000000000000 ) ) ;
#478 = VERTEX_POINT ( 'NONE', #2393 ) ;
#479 = EDGE_CURVE ( 'NONE', #262, #2504, #1245, .T. ) ;
#480 = PLANE ( 'NONE',  #734 ) ;
#481 = LINE ( 'NONE', #964, #113 ) ;
#482 = DIRECTION ( 'NONE',  ( 0.000000000000000000, 0.000000000000000000, 1.000000000000000000 ) ) ;
#483 = PLANE ( 'NONE',  #32 ) ;
#484 = ORIENTED_EDGE ( 'NONE', *, *, #676, .F. ) ;
#485 = VECTOR ( 'NONE', #9, 1000.000000000000000 ) ;
#486 = PERSON_AND_ORGANIZATION_ROLE ( 'classification_officer' ) ;
#487 = ORIENTED_EDGE ( 'NONE', *, *, #2002, .T. ) ;
#488 = DATE_TIME_ROLE ( 'classification_date' ) ;
#489 = ORIENTED_EDGE ( 'NONE', *, *, #392, .T. ) ;
#490 = EDGE_LOOP ( 'NONE', ( #1416, #2083, #2080, #2103 ) ) ;
#491 = EDGE_CURVE ( 'NONE', #1837, #587, #1295, .T. ) ;
#492 = CARTESIAN_POINT ( 'NONE',  ( 34.99999997019770603, 28.00000041723249922, 5.000000000000000000 ) ) ;
#493 = LINE ( 'NONE', #1164, #680 ) ;
#494 = ORIENTED_EDGE ( 'NONE', *, *, #2545, .T. ) ;
#495 = APPROVAL ( #702, 'UNSPECIFIED' ) ;
#496 = CARTESIAN_POINT ( 'NONE',  ( 33.75000000000000000, 35.50000000000000000, 32.00000000000000000 ) ) ;
#497 = LINE ( 'NONE', #2278, #485 ) ;
#498 = CARTESIAN_POINT ( 'NONE',  ( 33.75000000000000000, 10.50000000000000000, 32.00000000000000000 ) ) ;
#499 = CARTESIAN_POINT ( 'NONE',  ( 0.000000000000000000, 4.485522627963559827, 4.487558992682310510 ) ) ;
#500 = ORIENTED_EDGE ( 'NONE', *, *, #2903, .T. ) ;
#501 = APPROVAL_PERSON_ORGANIZATION ( #2877, #2804, #1978 ) ;
#502 = PERSON_AND_ORGANIZATION ( #2902, #2300 ) ;
#503 = VECTOR ( 'NONE', #1546, 1000.000000000000000 ) ;
#504 = ORIENTED_EDGE ( 'NONE', *, *, #2059, .T. ) ;
#505 = APPROVAL_STATUS ( 'not_yet_approved' ) ;
#506 = VERTEX_POINT ( 'NONE', #1953 ) ;
#507 = ORIENTED_EDGE ( 'NONE', *, *, #2311, .T. ) ;
#508 = APPROVAL ( #752, 'UNSPECIFIED' ) ;
#509 = CARTESIAN_POINT ( 'NONE',  ( -28.12500000000000000, 2.000000000000000000, 32.00000000000000000 ) ) ;
#510 = ORIENTED_EDGE ( 'NONE', *, *, #1921, .T. ) ;
#511 = EDGE_CURVE ( 'NONE', #279, #401, #2599, .T. ) ;
#512 = LOCAL_TIME ( 20, 1, 35.00000000000000000, #1653 ) ;
#513 = DIRECTION ( 'NONE',  ( -1.000000000000000000, 0.000000000000000000, 0.000000000000000000 ) ) ;
#514 = DIRECTION ( 'NONE',  ( 0.000000000000000000, 0.000000000000000000, -1.000000000000000000 ) ) ;
#515 = PERSON ( 'NAUO-PER3', 'UNSPECIFIED', 'UNSPECIFIED', ('UNSPECIFIED'), ('UNSPECIFIED'), ('UNSPECIFIED') ) ;
#516 = CARTESIAN_POINT ( 'NONE',  ( 2.000000000000000000, 33.00000000000000000, 4.500000000000000000 ) ) ;
#517 = CARTESIAN_POINT ( 'NONE',  ( 0.000000000000000000, 40.00000000000000000, 0.000000000000000000 ) ) ;
#518 = EDGE_LOOP ( 'NONE', ( #2013, #629, #1541, #1339 ) ) ;
#519 = CALENDAR_DATE ( 2026, 24, 9 ) ;
#520 = EDGE_LOOP ( 'NONE', ( #328, #1438, #2551, #1115, #2807, #929, #2319, #2640, #2309, #1238, #244, #2269, #1938, #33, #1690, #1727, #136, #1596, #247, #1771 ) ) ;
#521 = EDGE_CURVE ( 'NONE', #340, #2535, #376, .T. ) ;
#522 = PERSON_AND_ORGANIZATION ( #2902, #2300 ) ;
#523 = LINE ( 'NONE', #1420, #92 ) ;
#524 = ORIENTED_EDGE ( 'NONE', *, *, #795, .F. ) ;
#525 = ORIENTED_EDGE ( 'NONE', *, *, #772, .F. ) ;
#526 = EDGE_CURVE ( 'NONE', #856, #296, #1470, .T. ) ;
#527 = CARTESIAN_POINT ( 'NONE',  ( 45.00000000000000000, -1.617781153285280087E-31, 0.000000000000000000 ) ) ;
#528 = FACE_BOUND ( 'NONE', #1215, .T. ) ;
#529 = LINE ( 'NONE', #696, #1065 ) ;
#530 = CARTESIAN_POINT ( 'NONE',  ( -37.50000000000000000, 40.00000000000000000, 0.000000000000000000 ) ) ;
#531 = EDGE_CURVE ( 'NONE', #2535, #1535, #168, .T. ) ;
#532 = CARTESIAN_POINT ( 'NONE',  ( 34.99999997019770603, 8.000000119209289551, 2.000000000000000000 ) ) ;
#533 = DIRECTION ( 'NONE',  ( 0.000000000000000000, 1.000000000000000000, 0.000000000000000000 ) ) ;
#534 = EDGE_LOOP ( 'NONE', ( #225, #2082, #1851, #656 ) ) ;
#535 = CONTEXT_DEPENDENT_SHAPE_REPRESENTATION ( #2256, #2123 ) ;
#536 = EDGE_LOOP ( 'NONE', ( #1675, #2554, #2667, #510 ) ) ;
#537 = VECTOR ( 'NONE', #2886, 1000.000000000000000 ) ;
#538 = EDGE_CURVE ( 'NONE', #2305, #1774, #2613, .T. ) ;
#539 = CALENDAR_DATE ( 2026, 24, 9 ) ;
#540 = CARTESIAN_POINT ( 'NONE',  ( 0.000000000000000000, 37.49998785333140461, 0.000000000000000000 ) ) ;
#541 = ORIENTED_EDGE ( 'NONE', *, *, #2887, .F. ) ;
#542 = CARTESIAN_POINT ( 'NONE',  ( 43.00000000000000000, 7.250000000000000000, 13.89999999999999858 ) ) ;
#543 = AXIS2_PLACEMENT_3D ( 'NONE', #2717, #1597, #1134 ) ;
#544 = LINE ( 'NONE', #1485, #316 ) ;
#545 = DIRECTION ( 'NONE',  ( 0.000000000000000000, -1.000000000000000000, 0.000000000000000000 ) ) ;
#546 = DIRECTION ( 'NONE',  ( 1.000000000000000000, 0.000000000000000000, 0.000000000000000000 ) ) ;
#547 = CARTESIAN_POINT ( 'NONE',  ( -33.29999925568699837, -10.99999975413079945, 32.00000000000609646 ) ) ;
#548 = ORIENTED_EDGE ( 'NONE', *, *, #689, .T. ) ;
#549 = SECURITY_CLASSIFICATION ( '', '', #2403 ) ;
#550 = VECTOR ( 'NONE', #1659, 1000.000000000000000 ) ;
#551 = COORDINATED_UNIVERSAL_TIME_OFFSET ( 2, 0, .AHEAD. ) ;
#552 = CARTESIAN_POINT ( 'NONE',  ( 43.00000000000000000, 29.44999999999999929, 28.60000000000000142 ) ) ;
#553 = AXIS2_PLACEMENT_3D ( 'NONE', #572, #546, #326 ) ;
#554 = VERTEX_POINT ( 'NONE', #402 ) ;
#555 = LINE ( 'NONE', #2137, #2773 ) ;
#556 = VECTOR ( 'NONE', #72, 1000.000000000000000 ) ;
#557 = LINE ( 'NONE', #2799, #172 ) ;
#558 = PLANE ( 'NONE',  #1327 ) ;
#559 = PLANE ( 'NONE',  #634 ) ;
#560 = LINE ( 'NONE', #2362, #2295 ) ;
#561 = ORIENTED_EDGE ( 'NONE', *, *, #1961, .T. ) ;
#562 = ADVANCED_FACE ( 'NONE', ( #1281 ), #1061, .T. ) ;
#563 = EDGE_CURVE ( 'NONE', #2056, #1848, #2162, .T. ) ;
#564 = PERSON_AND_ORGANIZATION_ROLE ( 'design_supplier' ) ;
#565 = CARTESIAN_POINT ( 'NONE',  ( 43.00000000000000000, 35.50000000000000000, 32.00000000000000000 ) ) ;
#566 = ORIENTED_EDGE ( 'NONE', *, *, #2854, .F. ) ;
#567 = EDGE_CURVE ( 'NONE', #1231, #554, #829, .T. ) ;
#568 = DIRECTION ( 'NONE',  ( 0.000000000000000000, -1.000000000000000000, 0.000000000000000000 ) ) ;
#569 = VERTEX_POINT ( 'NONE', #799 ) ;
#570 = LINE ( 'NONE', #1998, #503 ) ;
#571 = FACE_OUTER_BOUND ( 'NONE', #2067, .T. ) ;
#572 = CARTESIAN_POINT ( 'NONE',  ( 37.00000000000000000, 8.000000119209289551, 2.000000000000000000 ) ) ;
#573 = LINE ( 'NONE', #1009, #1496 ) ;
#574 = VERTEX_POINT ( 'NONE', #2187 ) ;
#575 = DATE_AND_TIME ( #824, #25 ) ;
#576 = DIRECTION ( 'NONE',  ( 1.000000000000000000, -3.595069229522839803E-33, 0.000000000000000000 ) ) ;
#577 = ORIENTED_EDGE ( 'NONE', *, *, #2608, .T. ) ;
#578 = CARTESIAN_POINT ( 'NONE',  ( 45.00000000000000000, 13.50000000000000000, 24.00000000000000000 ) ) ;
#579 = VECTOR ( 'NONE', #468, 1000.000000000000000 ) ;
#580 = VECTOR ( 'NONE', #814, 1000.000000000000000 ) ;
#581 = VECTOR ( 'NONE', #2533, 1000.000000000000000 ) ;
#582 = DIRECTION ( 'NONE',  ( -1.000000000000000000, 0.000000000000000000, 0.000000000000000000 ) ) ;
#583 = PRODUCT ( '2026-07-30-18-52-39-919-0', '2026-07-30-18-52-39-919-0', '', ( #2209 ) ) ;
#584 = FACE_OUTER_BOUND ( 'NONE', #1688, .T. ) ;
#585 = DIRECTION ( 'NONE',  ( 1.000000000000000000, 0.000000000000000000, 0.000000000000000000 ) ) ;
#586 = CARTESIAN_POINT ( 'NONE',  ( -35.29999999999939320, -10.99999975413079945, 32.00000000000609646 ) ) ;
#587 = VERTEX_POINT ( 'NONE', #2626 ) ;
#588 = SECURITY_CLASSIFICATION_LEVEL ( 'unclassified' ) ;
#589 = CALENDAR_DATE ( 2026, 24, 9 ) ;
#590 = ORIENTED_EDGE ( 'NONE', *, *, #2181, .T. ) ;
#591 = ORIENTED_EDGE ( 'NONE', *, *, #596, .F. ) ;
#592 = CARTESIAN_POINT ( 'NONE',  ( 10.00000014901189971, -8.484363381672159562E-32, 7.000000000000750511 ) ) ;
#593 = APPROVAL ( #109, 'UNSPECIFIED' ) ;
#594 = ORIENTED_EDGE ( 'NONE', *, *, #2392, .F. ) ;
#595 = CARTESIAN_POINT ( 'NONE',  ( 40.00000014901190326, -8.484363381672159562E-32, 7.000000000000750511 ) ) ;
#596 = EDGE_CURVE ( 'NONE', #2098, #2122, #840, .T. ) ;
#597 = VECTOR ( 'NONE', #2897, 1000.000000000000000 ) ;
#598 = CARTESIAN_POINT ( 'NONE',  ( -2.000000000000000000, 0.000000000000000000, 0.000000000000000000 ) ) ;
#599 = DIRECTION ( 'NONE',  ( 1.000000000000000000, 0.000000000000000000, 0.000000000000000000 ) ) ;
#600 = DIRECTION ( 'NONE',  ( 0.7071067811865474617, 0.7071067811865474617, 0.000000000000000000 ) ) ;
#601 = VECTOR ( 'NONE', #299, 1000.000000000000000 ) ;
#602 = APPROVAL_STATUS ( 'not_yet_approved' ) ;
#603 = ORIENTED_EDGE ( 'NONE', *, *, #946, .F. ) ;
#604 = EDGE_CURVE ( 'NONE', #2122, #279, #605, .T. ) ;
#605 = LINE ( 'NONE', #2406, #1557 ) ;
#606 = ADVANCED_FACE ( 'NONE', ( #388 ), #1745, .T. ) ;
#607 = LINE ( 'NONE', #855, #407 ) ;
#608 = DIRECTION ( 'NONE',  ( -9.426421907194728181E-17, -5.772018708029250169E-33, 1.000000000000000000 ) ) ;
#609 = CLOSED_SHELL ( 'NONE', ( #1346, #2735, #2158, #1959, #37, #2837 ) ) ;
#610 = DIRECTION ( 'NONE',  ( 0.000000000000000000, 0.000000000000000000, -1.000000000000000000 ) ) ;
#611 = DIRECTION ( 'NONE',  ( -1.000000000000000000, 0.000000000000000000, 0.000000000000000000 ) ) ;
#612 = DIRECTION ( 'NONE',  ( 0.000000000000000000, -1.000000000000000000, 0.000000000000000000 ) ) ;
#613 = APPROVAL_ROLE ( '' ) ;
#614 = ORIENTED_EDGE ( 'NONE', *, *, #426, .F. ) ;
#615 = EDGE_CURVE ( 'NONE', #2048, #2229, #1259, .T. ) ;
#616 = DIRECTION ( 'NONE',  ( 0.000000000000000000, -1.000000000000000000, 0.000000000000000000 ) ) ;
#617 = VECTOR ( 'NONE', #2265, 1000.000000000000000 ) ;
#618 = FACE_OUTER_BOUND ( 'NONE', #36, .T. ) ;
#619 = ORIENTED_EDGE ( 'NONE', *, *, #2433, .F. ) ;
#620 = LINE ( 'NONE', #1972, #1192 ) ;
#621 = DIRECTION ( 'NONE',  ( 0.000000000000000000, 1.000000000000000000, 0.000000000000000000 ) ) ;
#622 = LINE ( 'NONE', #1287, #1775 ) ;
#623 = LINE ( 'NONE', #2017, #2452 ) ;
#624 = APPROVAL ( #2471, 'UNSPECIFIED' ) ;
#625 = PERSON_AND_ORGANIZATION_ROLE ( 'design_supplier' ) ;
#626 = ORIENTED_EDGE ( 'NONE', *, *, #2031, .T. ) ;
#627 = PLANE ( 'NONE',  #2555 ) ;
#628 = CARTESIAN_POINT ( 'NONE',  ( 0.000000000000000000, 0.000000000000000000, 0.000000000000000000 ) ) ;
#629 = ORIENTED_EDGE ( 'NONE', *, *, #1643, .T. ) ;
#630 = DIRECTION ( 'NONE',  ( 1.000000000000000000, 0.000000000000000000, 3.226585665316859681E-13 ) ) ;
#631 = ORIENTED_EDGE ( 'NONE', *, *, #233, .F. ) ;
#632 = LOCAL_TIME ( 20, 1, 35.00000000000000000, #2223 ) ;
#633 = VECTOR ( 'NONE', #1747, 1000.000000000000114 ) ;
#634 = AXIS2_PLACEMENT_3D ( 'NONE', #1709, #2603, #585 ) ;
#635 = DIRECTION ( 'NONE',  ( -1.000000000000000000, 0.000000000000000000, 0.000000000000000000 ) ) ;
#636 = PLANE ( 'NONE',  #1402 ) ;
#637 = EDGE_CURVE ( 'NONE', #2480, #856, #2588, .T. ) ;
#638 = CARTESIAN_POINT ( 'NONE',  ( 40.00000014901190326, -2.250000000000000000, 26.00000038743019815 ) ) ;
#639 = VECTOR ( 'NONE', #821, 1000.000000000000000 ) ;
#640 = ADVANCED_FACE ( 'NONE', ( #143 ), #1939, .T. ) ;
#641 = COORDINATED_UNIVERSAL_TIME_OFFSET ( 2, 0, .AHEAD. ) ;
#642 = EDGE_LOOP ( 'NONE', ( #1877, #1811, #1787, #1842 ) ) ;
#643 = ADVANCED_FACE ( 'NONE', ( #1555 ), #657, .F. ) ;
#644 =( GEOMETRIC_REPRESENTATION_CONTEXT ( 3 ) GLOBAL_UNCERTAINTY_ASSIGNED_CONTEXT ( ( #1373 ) ) GLOBAL_UNIT_ASSIGNED_CONTEXT ( ( #2711, #1143, #1785 ) ) REPRESENTATION_CONTEXT ( 'NONE', 'WORKASPACE' ) );
#645 = DIRECTION ( 'NONE',  ( 0.000000000000000000, 0.000000000000000000, 1.000000000000000000 ) ) ;
#646 = ADVANCED_FACE ( 'NONE', ( #2456 ), #445, .F. ) ;
#647 = ORIENTED_EDGE ( 'NONE', *, *, #740, .T. ) ;
#648 = CARTESIAN_POINT ( 'NONE',  ( 40.00000014901190326, -8.484363381672159562E-32, 7.000000000000750511 ) ) ;
#649 = DIRECTION ( 'NONE',  ( -3.226585665316859681E-13, 0.000000000000000000, 1.000000000000000000 ) ) ;
#650 = EDGE_LOOP ( 'NONE', ( #1471, #1579, #1421, #2029 ) ) ;
#651 = APPROVAL_PERSON_ORGANIZATION ( #2594, #2702, #1712 ) ;
#652 = LINE ( 'NONE', #1286, #1564 ) ;
#653 = LINE ( 'NONE', #2657, #2816 ) ;
#654 = CARTESIAN_POINT ( 'NONE',  ( 25.00000014901189971, -2.250000000000000000, 17.50000000000070344 ) ) ;
#655 = PERSON_AND_ORGANIZATION_ROLE ( 'creator' ) ;
#656 = ORIENTED_EDGE ( 'NONE', *, *, #1652, .F. ) ;
#657 = PLANE ( 'NONE',  #1660 ) ;
#658 = VERTEX_POINT ( 'NONE', #2651 ) ;
#659 = PLANE ( 'NONE',  #2867 ) ;
#660 = CARTESIAN_POINT ( 'NONE',  ( 10.00000014901189971, -1.125000000000000000, 9.000000000000747846 ) ) ;
#661 = DESIGN_CONTEXT ( 'detailed design', #1458, 'design' ) ;
#662 = ORIENTED_EDGE ( 'NONE', *, *, #822, .T. ) ;
#663 = VECTOR ( 'NONE', #2659, 1000.000000000000000 ) ;
#664 = ADVANCED_FACE ( 'NONE', ( #1308 ), #627, .F. ) ;
#665 = LINE ( 'NONE', #1565, #14 ) ;
#666 = CARTESIAN_POINT ( 'NONE',  ( 45.00000000000000000, -1.617781153285280087E-31, 0.000000000000000000 ) ) ;
#667 = CARTESIAN_POINT ( 'NONE',  ( 37.00000000000000000, 7.649999999999999467, 28.19999999999999929 ) ) ;
#668 = VECTOR ( 'NONE', #2497, 1000.000000000000000 ) ;
#669 = DATE_AND_TIME ( #2237, #632 ) ;
#670 = VERTEX_POINT ( 'NONE', #2431 ) ;
#671 = VECTOR ( 'NONE', #1046, 1000.000000000000000 ) ;
#672 = DIRECTION ( 'NONE',  ( 1.000000000000000000, 0.000000000000000000, 0.000000000000000000 ) ) ;
#673 = EDGE_LOOP ( 'NONE', ( #1605, #231, #1469, #731 ) ) ;
#674 = LINE ( 'NONE', #911, #742 ) ;
#675 = ORIENTED_EDGE ( 'NONE', *, *, #1571, .F. ) ;
#676 = EDGE_CURVE ( 'NONE', #2056, #234, #1769, .T. ) ;
#677 = FACE_BOUND ( 'NONE', #2518, .T. ) ;
#678 = CARTESIAN_POINT ( 'NONE',  ( 1.414213333333260048, 36.08577406191849946, 0.000000000000000000 ) ) ;
#679 = SECURITY_CLASSIFICATION ( '', '', #230 ) ;
#680 = VECTOR ( 'NONE', #1130, 1000.000000000000000 ) ;
#681 = CARTESIAN_POINT ( 'NONE',  ( 40.00000014901190326, -2.250000000000000000, 9.000000000000747846 ) ) ;
#682 = CARTESIAN_POINT ( 'NONE',  ( -37.50000000000000000, 40.00000000000000000, 0.000000000000000000 ) ) ;
#683 = EDGE_LOOP ( 'NONE', ( #2625, #2409, #2538, #50 ) ) ;
#684 = SHAPE_DEFINITION_REPRESENTATION ( #2609, #1357 ) ;
#685 = ORIENTED_EDGE ( 'NONE', *, *, #784, .T. ) ;
#686 = VECTOR ( 'NONE', #775, 1000.000000000000000 ) ;
#687 = EDGE_CURVE ( 'NONE', #478, #75, #2212, .T. ) ;
#688 =( NAMED_UNIT ( * ) PLANE_ANGLE_UNIT ( ) SI_UNIT ( $, .RADIAN. ) );
#689 = EDGE_CURVE ( 'NONE', #1620, #1697, #1992, .T. ) ;
#690 = VERTEX_POINT ( 'NONE', #429 ) ;
#691 = FACE_BOUND ( 'NONE', #283, .T. ) ;
#692 = CARTESIAN_POINT ( 'NONE',  ( 0.000000000000000000, 32.98552262796359713, 4.487558992682310510 ) ) ;
#693 = AXIS2_PLACEMENT_3D ( 'NONE', #1372, #2479, #35 ) ;
#694 = ORIENTED_EDGE ( 'NONE', *, *, #2382, .T. ) ;
#695 = FACE_OUTER_BOUND ( 'NONE', #1027, .T. ) ;
#696 = CARTESIAN_POINT ( 'NONE',  ( 0.2000000000006469936, -5.500000000000000000, 30.00000000000599698 ) ) ;
#697 = PLANE ( 'NONE',  #716 ) ;
#698 = LINE ( 'NONE', #2500, #2575 ) ;
#699 = FACE_OUTER_BOUND ( 'NONE', #446, .T. ) ;
#700 = ORIENTED_EDGE ( 'NONE', *, *, #777, .F. ) ;
#701 = LOCAL_TIME ( 20, 1, 35.00000000000000000, #295 ) ;
#702 = APPROVAL_STATUS ( 'not_yet_approved' ) ;
#703 = ORIENTED_EDGE ( 'NONE', *, *, #2264, .F. ) ;
#704 = CC_DESIGN_PERSON_AND_ORGANIZATION_ASSIGNMENT ( #2594, #370, ( #1412 ) ) ;
#705 = DATE_AND_TIME ( #1832, #1779 ) ;
#706 = ORIENTED_EDGE ( 'NONE', *, *, #1095, .F. ) ;
#707 = VERTEX_POINT ( 'NONE', #2891 ) ;
#708 = DIRECTION ( 'NONE',  ( -1.000000000000000000, 0.000000000000000000, 0.000000000000000000 ) ) ;
#709 = CARTESIAN_POINT ( 'NONE',  ( 0.000000000000000000, 37.49998785333140461, 32.00000000000000000 ) ) ;
#710 = ORIENTED_EDGE ( 'NONE', *, *, #1513, .T. ) ;
#711 = DIRECTION ( 'NONE',  ( -1.000000000000000000, 0.000000000000000000, 0.000000000000000000 ) ) ;
#712 = LINE ( 'NONE', #2734, #617 ) ;
#713 = DIRECTION ( 'NONE',  ( -1.000000000000000000, 0.000000000000000000, 0.000000000000000000 ) ) ;
#714 = CARTESIAN_POINT ( 'NONE',  ( -31.00000046193600411, 0.000000000000000000, 4.500000000000000000 ) ) ;
#715 = ORIENTED_EDGE ( 'NONE', *, *, #2140, .F. ) ;
#716 = AXIS2_PLACEMENT_3D ( 'NONE', #919, #2532, #2039 ) ;
#717 = ITEM_DEFINED_TRANSFORMATION ( 'NONE', 'NONE', #2772,  #693 ) ;
#718 = ORIENTED_EDGE ( 'NONE', *, *, #107, .T. ) ;
#719 = CC_DESIGN_DATE_AND_TIME_ASSIGNMENT ( #2904, #2691, ( #679 ) ) ;
#720 = VECTOR ( 'NONE', #1202, 1000.000000000000000 ) ;
#721 = APPROVAL_STATUS ( 'not_yet_approved' ) ;
#722 = VERTEX_POINT ( 'NONE', #865 ) ;
#723 = VERTEX_POINT ( 'NONE', #1542 ) ;
#724 = DIRECTION ( 'NONE',  ( 0.000000000000000000, -1.000000000000000000, 0.000000000000000000 ) ) ;
#725 = EDGE_LOOP ( 'NONE', ( #2728, #876, #1711, #825 ) ) ;
#726 = CARTESIAN_POINT ( 'NONE',  ( 2.000000000000000000, 33.00000000000000000, 4.500000000000000000 ) ) ;
#727 = CARTESIAN_POINT ( 'NONE',  ( 0.000000000000000000, 16.49276131398180212, 4.487558992682310510 ) ) ;
#728 = ADVANCED_FACE ( 'NONE', ( #1319 ), #79, .T. ) ;
#729 = LINE ( 'NONE', #1857, #2055 ) ;
#730 = DIRECTION ( 'NONE',  ( 1.000000000000000000, 0.000000000000000000, 3.226551062865470171E-13 ) ) ;
#731 = ORIENTED_EDGE ( 'NONE', *, *, #2125, .F. ) ;
#732 = LOCAL_TIME ( 20, 1, 35.00000000000000000, #456 ) ;
#733 = COORDINATED_UNIVERSAL_TIME_OFFSET ( 2, 0, .AHEAD. ) ;
#734 = AXIS2_PLACEMENT_3D ( 'NONE', #678, #2718, #2073 ) ;
#735 = VERTEX_POINT ( 'NONE', #441 ) ;
#736 = CALENDAR_DATE ( 2026, 24, 9 ) ;
#737 = ORIENTED_EDGE ( 'NONE', *, *, #2792, .F. ) ;
#738 = VERTEX_POINT ( 'NONE', #2004 ) ;
#739 = PLANE ( 'NONE',  #1053 ) ;
#740 = EDGE_CURVE ( 'NONE', #1848, #141, #1568, .T. ) ;
#741 = AXIS2_PLACEMENT_3D ( 'NONE', #1799, #2458, #672 ) ;
#742 = VECTOR ( 'NONE', #708, 1000.000000000000000 ) ;
#743 = PLANE ( 'NONE',  #779 ) ;
#744 = CC_DESIGN_PERSON_AND_ORGANIZATION_ASSIGNMENT ( #924, #45, ( #1678 ) ) ;
#745 = CARTESIAN_POINT ( 'NONE',  ( 43.00000000000000000, 35.50000000000000000, 2.000000000000000000 ) ) ;
#746 = FACE_OUTER_BOUND ( 'NONE', #2671, .T. ) ;
#747 = LINE ( 'NONE', #499, #1020 ) ;
#748 = EDGE_LOOP ( 'NONE', ( #853, #2404, #590, #457 ) ) ;
#749 = CALENDAR_DATE ( 2026, 24, 9 ) ;
#750 = EDGE_LOOP ( 'NONE', ( #1464, #258, #2612, #737 ) ) ;
#751 = APPLICATION_CONTEXT ( 'configuration controlled 3d designs of mechanical parts and assemblies' ) ;
#752 = APPROVAL_STATUS ( 'not_yet_approved' ) ;
#753 = FACE_OUTER_BOUND ( 'NONE', #2185, .T. ) ;
#754 = VERTEX_POINT ( 'NONE', #638 ) ;
#755 = VERTEX_POINT ( 'NONE', #412 ) ;
#756 = CARTESIAN_POINT ( 'NONE',  ( 43.00000000000000000, 30.25000000000000000, 27.79999999999999716 ) ) ;
#757 = CARTESIAN_POINT ( 'NONE',  ( 33.75000000000000000, 27.00000000000000000, 32.00000000000000000 ) ) ;
#758 = ADVANCED_FACE ( 'NONE', ( #1740 ), #2634, .F. ) ;
#759 = LINE ( 'NONE', #2785, #2375 ) ;
#760 = PLANE ( 'NONE',  #553 ) ;
#761 = CARTESIAN_POINT ( 'NONE',  ( -31.00000046193600411, 0.000000000000000000, 4.500000000000000000 ) ) ;
#762 = ORIENTED_EDGE ( 'NONE', *, *, #207, .T. ) ;
#763 = ITEM_DEFINED_TRANSFORMATION ( 'NONE', 'NONE', #741,  #2720 ) ;
#764 = ORIENTED_EDGE ( 'NONE', *, *, #2616, .F. ) ;
#765 = APPROVAL_DATE_TIME ( #1419, #1640 ) ;
#766 = LINE ( 'NONE', #2553, #102 ) ;
#767 = ORIENTED_EDGE ( 'NONE', *, *, #2100, .F. ) ;
#768 = DIRECTION ( 'NONE',  ( -1.000000000000000000, 0.000000000000000000, 0.000000000000000000 ) ) ;
#769 = VECTOR ( 'NONE', #621, 1000.000000000000000 ) ;
#770 = CARTESIAN_POINT ( 'NONE',  ( -28.12500000000000000, 2.000000000000000000, 2.000000000000000000 ) ) ;
#771 = ADVANCED_FACE ( 'NONE', ( #874 ), #179, .T. ) ;
#772 = EDGE_CURVE ( 'NONE', #1284, #1299, #425, .T. ) ;
#773 = FACE_OUTER_BOUND ( 'NONE', #1380, .T. ) ;
#774 = LINE ( 'NONE', #1931, #1296 ) ;
#775 = DIRECTION ( 'NONE',  ( 0.000000000000000000, -1.000000000000000000, 0.000000000000000000 ) ) ;
#776 = ORIENTED_EDGE ( 'NONE', *, *, #604, .F. ) ;
#777 = EDGE_CURVE ( 'NONE', #265, #153, #385, .T. ) ;
#778 = CC_DESIGN_APPROVAL ( #1888, ( #1678 ) ) ;
#779 = AXIS2_PLACEMENT_3D ( 'NONE', #2531, #1625, #1392 ) ;
#780 = COORDINATED_UNIVERSAL_TIME_OFFSET ( 2, 0, .AHEAD. ) ;
#781 = LINE ( 'NONE', #797, #1746 ) ;
#782 = VECTOR ( 'NONE', #1430, 1000.000000000000000 ) ;
#783 = ORIENTED_EDGE ( 'NONE', *, *, #2089, .T. ) ;
#784 = EDGE_CURVE ( 'NONE', #2065, #938, #2208, .T. ) ;
#785 = DIRECTION ( 'NONE',  ( 0.000000000000000000, 0.000000000000000000, -1.000000000000000000 ) ) ;
#786 = VECTOR ( 'NONE', #23, 1000.000000000000000 ) ;
#787 = VERTEX_POINT ( 'NONE', #2183 ) ;
#788 = DIRECTION ( 'NONE',  ( 0.000000000000000000, 0.000000000000000000, 1.000000000000000000 ) ) ;
#789 = CARTESIAN_POINT ( 'NONE',  ( 0.000000000000000000, 32.98552262796359713, 31.48755899268229541 ) ) ;
#790 = DIRECTION ( 'NONE',  ( 0.000000000000000000, 1.000000000000000000, -1.099960589613230003E-12 ) ) ;
#791 = CARTESIAN_POINT ( 'NONE',  ( -37.50000000000000000, -2.296212748401289944E-15, 0.000000000000000000 ) ) ;
#792 = ORIENTED_EDGE ( 'NONE', *, *, #2782, .F. ) ;
#793 = CALENDAR_DATE ( 2026, 24, 9 ) ;
#794 = PRODUCT ( '2026-08-03-20-47-02-403', '2026-08-03-20-47-02-403', '', ( #1195 ) ) ;
#795 = EDGE_CURVE ( 'NONE', #1848, #301, #1331, .T. ) ;
#796 = COORDINATED_UNIVERSAL_TIME_OFFSET ( 2, 0, .AHEAD. ) ;
#797 = CARTESIAN_POINT ( 'NONE',  ( 0.000000000000000000, 4.500000000000000000, 2.250000000000000000 ) ) ;
#798 = ORIENTED_EDGE ( 'NONE', *, *, #1721, .T. ) ;
#799 = CARTESIAN_POINT ( 'NONE',  ( 45.00000000000000000, 40.00000000000000000, 0.000000000000000000 ) ) ;
#800 = APPROVAL_PERSON_ORGANIZATION ( #472, #2888, #1843 ) ;
#801 = ORIENTED_EDGE ( 'NONE', *, *, #1952, .T. ) ;
#802 = DIRECTION ( 'NONE',  ( 0.000000000000000000, 0.000000000000000000, 1.000000000000000000 ) ) ;
#803 = CARTESIAN_POINT ( 'NONE',  ( 2.200000000000650324, -11.00000000000000000, 32.00000000000639488 ) ) ;
#804 = LINE ( 'NONE', #1488, #1818 ) ;
#805 = CARTESIAN_POINT ( 'NONE',  ( 43.00000000000000000, 8.050000000000000711, 14.30000000000000071 ) ) ;
#806 = ORIENTED_EDGE ( 'NONE', *, *, #246, .T. ) ;
#807 = DATE_AND_TIME ( #793, #146 ) ;
#808 = CC_DESIGN_PERSON_AND_ORGANIZATION_ASSIGNMENT ( #264, #1160, ( #2505 ) ) ;
#809 = AXIS2_PLACEMENT_3D ( 'NONE', #1752, #2235, #849 ) ;
#810 = SHAPE_DEFINITION_REPRESENTATION ( #1929, #1581 ) ;
#811 = ORIENTED_EDGE ( 'NONE', *, *, #2261, .F. ) ;
#812 = EDGE_LOOP ( 'NONE', ( #1044, #2232, #2775, #631 ) ) ;
#813 = ADVANCED_FACE ( 'NONE', ( #2647 ), #2424, .T. ) ;
#814 = DIRECTION ( 'NONE',  ( 0.000000000000000000, -1.000000000000000000, 0.000000000000000000 ) ) ;
#815 = VECTOR ( 'NONE', #568, 1000.000000000000000 ) ;
#816 = VECTOR ( 'NONE', #1051, 1000.000000000000000 ) ;
#817 = DIRECTION ( 'NONE',  ( -1.000000000000000000, -6.123233995736769734E-17, 0.000000000000000000 ) ) ;
#818 = PRODUCT_DEFINITION_SHAPE ( 'NONE', 'NONE',  #1234 ) ;
#819 = DIRECTION ( 'NONE',  ( 8.217301096052209613E-34, -1.000000000000000000, -1.558207753859869728E-16 ) ) ;
#820 = FACE_OUTER_BOUND ( 'NONE', #2288, .T. ) ;
#821 = DIRECTION ( 'NONE',  ( 1.000000000000000000, 0.000000000000000000, 0.000000000000000000 ) ) ;
#822 = EDGE_CURVE ( 'NONE', #1837, #2306, #623, .T. ) ;
#823 = EDGE_CURVE ( 'NONE', #2048, #13, #2196, .T. ) ;
#824 = CALENDAR_DATE ( 2026, 24, 9 ) ;
#825 = ORIENTED_EDGE ( 'NONE', *, *, #2136, .T. ) ;
#826 = ORIENTED_EDGE ( 'NONE', *, *, #1000, .T. ) ;
#827 = APPROVAL_PERSON_ORGANIZATION ( #1572, #845, #1754 ) ;
#829 = LINE ( 'NONE', #2865, #2334 ) ;
#828 = VECTOR ( 'NONE', #269, 1000.000000000000000 ) ;
#830 = DIRECTION ( 'NONE',  ( 8.217301096052209613E-34, -1.000000000000000000, -1.947759692324839872E-16 ) ) ;
#831 = AXIS2_PLACEMENT_3D ( 'NONE', #1315, #1550, #2015 ) ;
#832 = CARTESIAN_POINT ( 'NONE',  ( -2.020653882290210035, 2.000000000000000000, 15.50000000000000000 ) ) ;
#833 = CARTESIAN_POINT ( 'NONE',  ( -33.29999925568640151, -8.999999754130838525, 4.500000000006049383 ) ) ;
#834 = LINE ( 'NONE', #1489, #686 ) ;
#835 = EDGE_CURVE ( 'NONE', #658, #401, #2899, .T. ) ;
#836 = DIRECTION ( 'NONE',  ( 0.000000000000000000, 0.000000000000000000, 1.000000000000000000 ) ) ;
#837 = VECTOR ( 'NONE', #2668, 1000.000000000000000 ) ;
#838 = PERSON_AND_ORGANIZATION ( #2902, #2300 ) ;
#839 = ORIENTED_EDGE ( 'NONE', *, *, #255, .T. ) ;
#840 = LINE ( 'NONE', #183, #390 ) ;
#841 = DIRECTION ( 'NONE',  ( 0.000000000000000000, 1.000000000000000000, 0.000000000000000000 ) ) ;
#842 = APPROVAL_PERSON_ORGANIZATION ( #999, #273, #162 ) ;
#843 =( REPRESENTATION_RELATIONSHIP ('NONE','NONE', #981, #1581 ) REPRESENTATION_RELATIONSHIP_WITH_TRANSFORMATION ( #2789 )SHAPE_REPRESENTATION_RELATIONSHIP( ) );
#844 = ORIENTED_EDGE ( 'NONE', *, *, #531, .T. ) ;
#845 = APPROVAL ( #1082, 'UNSPECIFIED' ) ;
#846 = CARTESIAN_POINT ( 'NONE',  ( -33.29999925568699837, -9.000000000000000000, 32.00000000000609646 ) ) ;
#847 = DIRECTION ( 'NONE',  ( 0.000000000000000000, 0.000000000000000000, 1.000000000000000000 ) ) ;
#848 = DIRECTION ( 'NONE',  ( -8.217301096052209613E-34, 1.000000000000000000, 0.000000000000000000 ) ) ;
#849 = DIRECTION ( 'NONE',  ( 1.000000000000000000, 0.000000000000000000, 0.000000000000000000 ) ) ;
#850 = DATE_AND_TIME ( #191, #362 ) ;
#851 = VERTEX_POINT ( 'NONE', #2688 ) ;
#852 = DIRECTION ( 'NONE',  ( 1.000000000000000000, 0.000000000000000000, 0.000000000000000000 ) ) ;
#853 = ORIENTED_EDGE ( 'NONE', *, *, #1503, .T. ) ;
#854 = AXIS2_PLACEMENT_3D ( 'NONE', #935, #1122, #274 ) ;
#855 = CARTESIAN_POINT ( 'NONE',  ( -2.000000000000000000, 32.98552262796359713, 4.487558992682310510 ) ) ;
#856 = VERTEX_POINT ( 'NONE', #1514 ) ;
#857 = CARTESIAN_POINT ( 'NONE',  ( 43.00000000000000000, 7.250000000000000000, 28.60000000000000142 ) ) ;
#858 = DIRECTION ( 'NONE',  ( 0.000000000000000000, 0.000000000000000000, 1.000000000000000000 ) ) ;
#859 = EDGE_CURVE ( 'NONE', #2130, #94, #1988, .T. ) ;
#860 = ADVANCED_FACE ( 'NONE', ( #861 ), #2674, .T. ) ;
#861 = FACE_OUTER_BOUND ( 'NONE', #973, .T. ) ;
#862 = EDGE_CURVE ( 'NONE', #1533, #722, #1316, .T. ) ;
#863 = DATE_AND_TIME ( #2708, #732 ) ;
#864 = ORIENTED_EDGE ( 'NONE', *, *, #2616, .T. ) ;
#865 = CARTESIAN_POINT ( 'NONE',  ( 45.00000000000000000, 40.00000000000000000, 2.000000000000000000 ) ) ;
#866 = ORIENTED_EDGE ( 'NONE', *, *, #521, .F. ) ;
#867 = LINE ( 'NONE', #1355, #372 ) ;
#868 = CARTESIAN_POINT ( 'NONE',  ( 34.99999997019770603, 28.00000041723249922, 2.000000000000000000 ) ) ;
#869 = ORIENTED_EDGE ( 'NONE', *, *, #2783, .F. ) ;
#870 = APPROVAL_PERSON_ORGANIZATION ( #838, #593, #1467 ) ;
#871 = AXIS2_PLACEMENT_3D ( 'NONE', #2784, #1911, #1887 ) ;
#872 = CARTESIAN_POINT ( 'NONE',  ( -2.000000000000000000, 32.98552262796359713, 4.487558992682310510 ) ) ;
#873 = FACE_BOUND ( 'NONE', #2614, .T. ) ;
#874 = FACE_OUTER_BOUND ( 'NONE', #725, .T. ) ;
#875 = CALENDAR_DATE ( 2026, 24, 9 ) ;
#876 = ORIENTED_EDGE ( 'NONE', *, *, #2481, .T. ) ;
#877 = CC_DESIGN_APPROVAL ( #495, ( #1150 ) ) ;
#878 = DIRECTION ( 'NONE',  ( 0.000000000000000000, -1.558207753859869728E-16, 1.000000000000000000 ) ) ;
#879 = EDGE_CURVE ( 'NONE', #569, #722, #202, .T. ) ;
#880 = DIRECTION ( 'NONE',  ( 1.000000000000000000, 0.000000000000000000, 0.000000000000000000 ) ) ;
#881 = ORIENTED_EDGE ( 'NONE', *, *, #1961, .F. ) ;
#882 = CARTESIAN_POINT ( 'NONE',  ( 40.00000014901190326, -8.484363381672159562E-32, 7.000000000000750511 ) ) ;
#883 = CARTESIAN_POINT ( 'NONE',  ( 37.00000000000000000, 8.050000000000000711, 27.79999999999999716 ) ) ;
#884 = ORIENTED_EDGE ( 'NONE', *, *, #437, .F. ) ;
#885 = FACE_OUTER_BOUND ( 'NONE', #1906, .T. ) ;
#886 = CARTESIAN_POINT ( 'NONE',  ( 45.00000000000000000, 27.00000000000000000, 24.00000000000000000 ) ) ;
#887 = VECTOR ( 'NONE', #359, 1000.000000000000000 ) ;
#888 = DIRECTION ( 'NONE',  ( 0.000000000000000000, 0.000000000000000000, 1.000000000000000000 ) ) ;
#889 = PERSON_AND_ORGANIZATION ( #2902, #2300 ) ;
#890 = ORIENTED_EDGE ( 'NONE', *, *, #892, .T. ) ;
#891 = CC_DESIGN_PERSON_AND_ORGANIZATION_ASSIGNMENT ( #121, #2583, ( #259 ) ) ;
#892 = EDGE_CURVE ( 'NONE', #2065, #2850, #1795, .T. ) ;
#893 = EDGE_CURVE ( 'NONE', #1148, #2663, #2721, .T. ) ;
#894 = EDGE_LOOP ( 'NONE', ( #1252, #839, #1509, #2218 ) ) ;
#895 = DIRECTION ( 'NONE',  ( 0.000000000000000000, 1.000000000000000000, 0.000000000000000000 ) ) ;
#896 = UNCERTAINTY_MEASURE_WITH_UNIT (LENGTH_MEASURE( 1.000000000000000082E-05 ), #52, 'distance_accuracy_value', 'NONE');
#897 = VERTEX_POINT ( 'NONE', #1185 ) ;
#898 = AXIS2_PLACEMENT_3D ( 'NONE', #1334, #878, #1757 ) ;
#899 = PLANE ( 'NONE',  #1193 ) ;
#900 = CARTESIAN_POINT ( 'NONE',  ( 0.2000000000006469936, 0.000000000000000000, 32.00000000000639488 ) ) ;
#901 = DIRECTION ( 'NONE',  ( 0.000000000000000000, 1.000000000000000000, 0.000000000000000000 ) ) ;
#902 = EDGE_CURVE ( 'NONE', #94, #2892, #254, .T. ) ;
#903 = FACE_OUTER_BOUND ( 'NONE', #2878, .T. ) ;
#904 = VECTOR ( 'NONE', #2193, 1000.000000000000000 ) ;
#905 = ADVANCED_FACE ( 'NONE', ( #2703 ), #1362, .T. ) ;
#906 = CALENDAR_DATE ( 2026, 24, 9 ) ;
#907 = ORIENTED_EDGE ( 'NONE', *, *, #1871, .T. ) ;
#908 = EDGE_CURVE ( 'NONE', #754, #2598, #2026, .T. ) ;
#909 = PERSON_AND_ORGANIZATION_ROLE ( 'design_owner' ) ;
#910 = EDGE_LOOP ( 'NONE', ( #2836, #2173, #2490, #357 ) ) ;
#911 = CARTESIAN_POINT ( 'NONE',  ( 45.00000000000000000, 37.50000000000000000, 0.000000000000000000 ) ) ;
#912 = DIRECTION ( 'NONE',  ( 0.000000000000000000, 1.000000000000000000, 0.000000000000000000 ) ) ;
#913 = ORIENTED_EDGE ( 'NONE', *, *, #95, .F. ) ;
#914 = PLANE ( 'NONE',  #1140 ) ;
#915 = CARTESIAN_POINT ( 'NONE',  ( 40.00000014901190326, -8.484363381672159562E-32, 7.000000000000750511 ) ) ;
#916 = CC_DESIGN_APPROVAL ( #845, ( #1368 ) ) ;
#917 = VECTOR ( 'NONE', #2012, 1000.000000000000000 ) ;
#918 = AXIS2_PLACEMENT_3D ( 'NONE', #2330, #982, #1204 ) ;
#919 = CARTESIAN_POINT ( 'NONE',  ( 45.00000000000000000, 27.00000000000000000, 24.00000000000000000 ) ) ;
#920 = FACE_OUTER_BOUND ( 'NONE', #1074, .T. ) ;
#921 = DIRECTION ( 'NONE',  ( 0.000000000000000000, 0.000000000000000000, -1.000000000000000000 ) ) ;
#922 = EDGE_CURVE ( 'NONE', #2271, #2161, #1136, .T. ) ;
#923 = ORIENTED_EDGE ( 'NONE', *, *, #2311, .F. ) ;
#924 = PERSON_AND_ORGANIZATION ( #2902, #2300 ) ;
#925 = EDGE_LOOP ( 'NONE', ( #251, #2032, #2353 ) ) ;
#926 = VECTOR ( 'NONE', #276, 1000.000000000000000 ) ;
#927 = PERSON_AND_ORGANIZATION ( #2902, #2300 ) ;
#928 = ORIENTED_EDGE ( 'NONE', *, *, #1732, .T. ) ;
#929 = ORIENTED_EDGE ( 'NONE', *, *, #2040, .F. ) ;
#930 = LINE ( 'NONE', #1560, #978 ) ;
#931 = DIRECTION ( 'NONE',  ( 0.000000000000000000, 0.000000000000000000, 1.000000000000000000 ) ) ;
#932 = ORIENTED_EDGE ( 'NONE', *, *, #2107, .F. ) ;
#933 = DIRECTION ( 'NONE',  ( 1.000000000000000000, 0.000000000000000000, 0.000000000000000000 ) ) ;
#934 = CC_DESIGN_DATE_AND_TIME_ASSIGNMENT ( #2414, #342, ( #2464 ) ) ;
#935 = CARTESIAN_POINT ( 'NONE',  ( 0.000000000000000000, 0.000000000000000000, 0.000000000000000000 ) ) ;
#936 = DIRECTION ( 'NONE',  ( 0.000000000000000000, 0.000000000000000000, 1.000000000000000000 ) ) ;
#937 = CARTESIAN_POINT ( 'NONE',  ( -18.75000000000000000, 18.74999392666569875, 2.000000000000000000 ) ) ;
#938 = VERTEX_POINT ( 'NONE', #745 ) ;
#939 = EDGE_LOOP ( 'NONE', ( #776, #1672, #710, #2724, #1895, #1967 ) ) ;
#940 = DATE_TIME_ROLE ( 'creation_date' ) ;
#941 = ORIENTED_EDGE ( 'NONE', *, *, #526, .F. ) ;
#942 = ORIENTED_EDGE ( 'NONE', *, *, #1123, .F. ) ;
#943 = PLANE ( 'NONE',  #1198 ) ;
#944 = CARTESIAN_POINT ( 'NONE',  ( -37.50000000000000000, -2.296212748401289944E-15, 0.000000000000000000 ) ) ;
#945 = EDGE_LOOP ( 'NONE', ( #881, #2339, #619, #1128 ) ) ;
#946 = EDGE_CURVE ( 'NONE', #2682, #1620, #481, .T. ) ;
#947 = LINE ( 'NONE', #1410, #1768 ) ;
#948 = CARTESIAN_POINT ( 'NONE',  ( -2.000000000000000000, 9.374996963332838718, 2.000000000000000000 ) ) ;
#949 = CARTESIAN_POINT ( 'NONE',  ( 10.00000014901159950, -2.250000000000000000, 9.000000000000747846 ) ) ;
#950 = FACE_OUTER_BOUND ( 'NONE', #2585, .T. ) ;
#951 = ORIENTED_EDGE ( 'NONE', *, *, #455, .F. ) ;
#952 = AXIS2_PLACEMENT_3D ( 'NONE', #756, #335, #284 ) ;
#953 = EDGE_CURVE ( 'NONE', #182, #1837, #712, .T. ) ;
#954 = APPROVAL_DATE_TIME ( #1381, #2888 ) ;
#955 = ORIENTED_EDGE ( 'NONE', *, *, #795, .T. ) ;
#956 = AXIS2_PLACEMENT_3D ( 'NONE', #1585, #482, #229 ) ;
#957 = EDGE_CURVE ( 'NONE', #1043, #2035, #55, .T. ) ;
#958 = SECURITY_CLASSIFICATION_LEVEL ( 'unclassified' ) ;
#959 = ORIENTED_EDGE ( 'NONE', *, *, #397, .T. ) ;
#960 = ORIENTED_EDGE ( 'NONE', *, *, #2791, .T. ) ;
#961 = LINE ( 'NONE', #1866, #1853 ) ;
#962 = DESIGN_CONTEXT ( 'detailed design', #2408, 'design' ) ;
#963 = CARTESIAN_POINT ( 'NONE',  ( 0.000000000000000000, 4.485522627963559827, 2.243779496341149926 ) ) ;
#964 = CARTESIAN_POINT ( 'NONE',  ( -33.29999925568699837, -10.49999975413080122, 4.500000000006049383 ) ) ;
#965 = FACE_OUTER_BOUND ( 'NONE', #2224, .T. ) ;
#966 = DIRECTION ( 'NONE',  ( 1.000000000000000000, 0.000000000000000000, 0.000000000000000000 ) ) ;
#967 = ORIENTED_EDGE ( 'NONE', *, *, #1170, .F. ) ;
#968 = DATE_AND_TIME ( #1650, #2050 ) ;
#969 = ORIENTED_EDGE ( 'NONE', *, *, #835, .T. ) ;
#970 = VECTOR ( 'NONE', #227, 1000.000000000000000 ) ;
#971 = APPLICATION_PROTOCOL_DEFINITION ( 'international standard', 'config_control_design', 1994, #2768 ) ;
#972 = DIRECTION ( 'NONE',  ( 0.000000000000000000, 1.000000000000000000, 0.000000000000000000 ) ) ;
#973 = EDGE_LOOP ( 'NONE', ( #1090, #1482, #2611, #2273 ) ) ;
#974 = ORIENTED_EDGE ( 'NONE', *, *, #2354, .T. ) ;
#975 = CARTESIAN_POINT ( 'NONE',  ( 43.00000000000000000, 29.44999999999999929, 27.79999999999999716 ) ) ;
#976 = ADVANCED_FACE ( 'NONE', ( #1824 ), #697, .F. ) ;
#977 = CC_DESIGN_APPROVAL ( #1640, ( #2203 ) ) ;
#978 = VECTOR ( 'NONE', #16, 1000.000000000000000 ) ;
#979 = CARTESIAN_POINT ( 'NONE',  ( 10.00000014901189971, -8.484363381672159562E-32, 28.00000000000069988 ) ) ;
#980 = CARTESIAN_POINT ( 'NONE',  ( 2.000000000000000000, 37.50000000000000000, 0.000000000000000000 ) ) ;
#981 = SHAPE_REPRESENTATION ( 'MainModuleLens', ( #1881, #741, #2820, #2772 ), #371 ) ;
#982 = DIRECTION ( 'NONE',  ( 0.000000000000000000, 0.000000000000000000, 1.000000000000000000 ) ) ;
#983 = DIRECTION ( 'NONE',  ( -1.000000000000000000, 9.868649107779168700E-17, 0.000000000000000000 ) ) ;
#984 = ORIENTED_EDGE ( 'NONE', *, *, #2405, .T. ) ;
#985 = COORDINATED_UNIVERSAL_TIME_OFFSET ( 2, 0, .AHEAD. ) ;
#986 = ORIENTED_EDGE ( 'NONE', *, *, #130, .T. ) ;
#987 = SECURITY_CLASSIFICATION ( '', '', #588 ) ;
#988 = APPROVAL_ROLE ( '' ) ;
#989 = CARTESIAN_POINT ( 'NONE',  ( 0.000000000000000000, 33.00000000000000000, 31.50000000000000000 ) ) ;
#990 = ORIENTED_EDGE ( 'NONE', *, *, #2652, .T. ) ;
#991 = LINE ( 'NONE', #1689, #2090 ) ;
#992 = ADVANCED_FACE ( 'NONE', ( #1614 ), #228, .F. ) ;
#993 = LINE ( 'NONE', #1260, #1394 ) ;
#994 = EDGE_CURVE ( 'NONE', #1191, #2759, #2514, .T. ) ;
#995 = LINE ( 'NONE', #1903, #1563 ) ;
#996 = DIRECTION ( 'NONE',  ( 0.000000000000000000, -1.000000000000000000, 0.000000000000000000 ) ) ;
#997 = CARTESIAN_POINT ( 'NONE',  ( -37.50000000000000000, 40.00000000000000000, 0.000000000000000000 ) ) ;
#998 = EDGE_LOOP ( 'NONE', ( #15, #1984, #1291, #566, #1609 ) ) ;
#999 = PERSON_AND_ORGANIZATION ( #2099, #2310 ) ;
#1000 = EDGE_CURVE ( 'NONE', #2035, #2778, #497, .T. ) ;
#1001 = VECTOR ( 'NONE', #888, 1000.000000000000000 ) ;
#1002 = PERSON_AND_ORGANIZATION_ROLE ( 'design_supplier' ) ;
#1003 = CARTESIAN_POINT ( 'NONE',  ( -31.00000046193600411, 2.000000000000000000, 31.00000000000000000 ) ) ;
#1004 = ORIENTED_EDGE ( 'NONE', *, *, #1297, .T. ) ;
#1005 = DIRECTION ( 'NONE',  ( 0.000000000000000000, 0.000000000000000000, 1.000000000000000000 ) ) ;
#1006 = PLANE ( 'NONE',  #127 ) ;
#1007 = CARTESIAN_POINT ( 'NONE',  ( 34.99999997019770603, 23.37500020861629935, 2.000000000000000000 ) ) ;
#1008 = CARTESIAN_POINT ( 'NONE',  ( 32.50000014901190326, -2.250000000000000000, 9.000000000000747846 ) ) ;
#1009 = CARTESIAN_POINT ( 'NONE',  ( 11.25000000000000000, 2.000000000000000000, 32.00000000000000000 ) ) ;
#1010 = ORIENTED_EDGE ( 'NONE', *, *, #1261, .T. ) ;
#1011 = ADVANCED_FACE ( 'NONE', ( #290 ), #2313, .T. ) ;
#1012 = COORDINATED_UNIVERSAL_TIME_OFFSET ( 2, 0, .AHEAD. ) ;
#1013 = CC_DESIGN_APPROVAL ( #624, ( #1574 ) ) ;
#1014 = VECTOR ( 'NONE', #2139, 1000.000000000000000 ) ;
#1015 = CALENDAR_DATE ( 2026, 24, 9 ) ;
#1016 = ORIENTED_EDGE ( 'NONE', *, *, #994, .T. ) ;
#1017 = VECTOR ( 'NONE', #936, 1000.000000000000000 ) ;
#1018 = EDGE_LOOP ( 'NONE', ( #959, #1517, #504, #783 ) ) ;
#1019 = DIRECTION ( 'NONE',  ( 0.000000000000000000, 0.000000000000000000, 1.000000000000000000 ) ) ;
#1020 = VECTOR ( 'NONE', #2062, 1000.000000000000000 ) ;
#1021 = ORIENTED_EDGE ( 'NONE', *, *, #2796, .T. ) ;
#1022 = CARTESIAN_POINT ( 'NONE',  ( 43.00000000000000000, 7.250000000000000000, 27.79999999999999716 ) ) ;
#1023 = CARTESIAN_POINT ( 'NONE',  ( 2.000000000000000000, 4.500000000000000000, 31.50000000000000000 ) ) ;
#1024 = APPROVAL_PERSON_ORGANIZATION ( #332, #508, #988 ) ;
#1025 = PLANE ( 'NONE',  #1532 ) ;
#1026 = CARTESIAN_POINT ( 'NONE',  ( 43.00000000000000000, 2.000000000000000000, 2.000000000000000000 ) ) ;
#1027 = EDGE_LOOP ( 'NONE', ( #767, #826, #2023, #2574 ) ) ;
#1028 = CC_DESIGN_PERSON_AND_ORGANIZATION_ASSIGNMENT ( #2552, #1213, ( #2394 ) ) ;
#1029 = EDGE_CURVE ( 'NONE', #938, #2, #1153, .T. ) ;
#1030 = DATE_AND_TIME ( #139, #2108 ) ;
#1031 = LINE ( 'NONE', #1702, #887 ) ;
#1032 = VERTEX_POINT ( 'NONE', #2468 ) ;
#1033 = LOCAL_TIME ( 20, 1, 35.00000000000000000, #2282 ) ;
#1034 = CARTESIAN_POINT ( 'NONE',  ( -8.275000000000318323, 0.000000000000000000, 2.000000000008720136 ) ) ;
#1035 = DIRECTION ( 'NONE',  ( 0.000000000000000000, 0.000000000000000000, 1.000000000000000000 ) ) ;
#1036 = ADVANCED_FACE ( 'NONE', ( #1396, #453, #1344 ), #40, .T. ) ;
#1037 = LINE ( 'NONE', #2546, #302 ) ;
#1038 = FACE_OUTER_BOUND ( 'NONE', #28, .T. ) ;
#1039 = DIRECTION ( 'NONE',  ( 0.000000000000000000, 0.000000000000000000, 1.000000000000000000 ) ) ;
#1040 = EDGE_CURVE ( 'NONE', #2908, #707, #1169, .T. ) ;
#1041 = VECTOR ( 'NONE', #2860, 1000.000000000000000 ) ;
#1042 = PERSON_AND_ORGANIZATION ( #2902, #2300 ) ;
#1043 = VERTEX_POINT ( 'NONE', #2152 ) ;
#1044 = ORIENTED_EDGE ( 'NONE', *, *, #2764, .F. ) ;
#1045 = EDGE_CURVE ( 'NONE', #1860, #262, #2166, .T. ) ;
#1046 = DIRECTION ( 'NONE',  ( 0.000000000000000000, 1.000000000000000000, 0.000000000000000000 ) ) ;
#1047 = PRODUCT_RELATED_PRODUCT_CATEGORY ( 'detail', '', ( #583 ) ) ;
#1048 = ADVANCED_FACE ( 'NONE', ( #584 ), #2560, .T. ) ;
#1049 = DIRECTION ( 'NONE',  ( 1.000000000000000000, 0.000000000000000000, 3.226551062865470171E-13 ) ) ;
#1050 = VECTOR ( 'NONE', #1549, 1000.000000000000000 ) ;
#1051 = DIRECTION ( 'NONE',  ( 0.000000000000000000, 0.000000000000000000, 1.000000000000000000 ) ) ;
#1052 = CARTESIAN_POINT ( 'NONE',  ( 43.00000000000000000, 10.50000000000000000, 24.00000000000000000 ) ) ;
#1053 = AXIS2_PLACEMENT_3D ( 'NONE', #527, #1407, #1899 ) ;
#1054 = DIRECTION ( 'NONE',  ( 0.000000000000000000, 0.000000000000000000, 1.000000000000000000 ) ) ;
#1055 = COORDINATED_UNIVERSAL_TIME_OFFSET ( 2, 0, .AHEAD. ) ;
#1056 = DIRECTION ( 'NONE',  ( 0.000000000000000000, 0.000000000000000000, 1.000000000000000000 ) ) ;
#1057 = DATE_AND_TIME ( #589, #2809 ) ;
#1058 = EDGE_LOOP ( 'NONE', ( #1624, #2795, #2493, #890, #762, #1370, #1406, #170 ) ) ;
#1059 = APPROVAL_PERSON_ORGANIZATION ( #2081, #76, #2744 ) ;
#1061 = PLANE ( 'NONE',  #1322 ) ;
#1060 = AXIS2_PLACEMENT_3D ( 'NONE', #915, #933, #1582 ) ;
#1062 = LINE ( 'NONE', #1311, #2008 ) ;
#1063 = EDGE_CURVE ( 'NONE', #2200, #2157, #2602, .T. ) ;
#1064 = ORIENTED_EDGE ( 'NONE', *, *, #1698, .T. ) ;
#1065 = VECTOR ( 'NONE', #306, 1000.000000000000000 ) ;
#1066 = LINE ( 'NONE', #2410, #350 ) ;
#1067 = LINE ( 'NONE', #2449, #1435 ) ;
#1068 = LINE ( 'NONE', #176, #2240 ) ;
#1069 = DIRECTION ( 'NONE',  ( 0.000000000000000000, 0.000000000000000000, 1.000000000000000000 ) ) ;
#1070 = APPROVAL_ROLE ( '' ) ;
#1071 = VERTEX_POINT ( 'NONE', #1445 ) ;
#1072 = CARTESIAN_POINT ( 'NONE',  ( 10.00000014901189971, -3.595069283093649989E-32, 14.00000000000040146 ) ) ;
#1073 = EDGE_CURVE ( 'NONE', #1494, #1800, #2814, .T. ) ;
#1074 = EDGE_LOOP ( 'NONE', ( #2043, #1021, #1348, #541 ) ) ;
#1075 = EDGE_CURVE ( 'NONE', #2682, #2480, #2344, .T. ) ;
#1076 = CARTESIAN_POINT ( 'NONE',  ( -33.29999925568699837, -9.000000000000000000, 32.00000000000609646 ) ) ;
#1077 = ORIENTED_EDGE ( 'NONE', *, *, #637, .T. ) ;
#1078 = CARTESIAN_POINT ( 'NONE',  ( 0.000000000000000000, 37.50000000000000000, 32.00000000000000000 ) ) ;
#1079 = EDGE_CURVE ( 'NONE', #897, #2161, #1487, .T. ) ;
#1080 = CARTESIAN_POINT ( 'NONE',  ( -33.29999925568699837, -10.99999987706540061, 30.00000000000599698 ) ) ;
#1081 = CARTESIAN_POINT ( 'NONE',  ( 10.00000014901189971, -1.125000000000000000, 26.00000038743019815 ) ) ;
#1082 = APPROVAL_STATUS ( 'not_yet_approved' ) ;
#1083 = ORIENTED_EDGE ( 'NONE', *, *, #38, .F. ) ;
#1084 = CARTESIAN_POINT ( 'NONE',  ( 0.000000000000000000, 33.00000000000000000, 15.75000000000000000 ) ) ;
#1085 = CARTESIAN_POINT ( 'NONE',  ( 0.000000000000000000, 0.000000000000000000, 0.000000000000000000 ) ) ;
#1086 = VERTEX_POINT ( 'NONE', #1023 ) ;
#1087 = VECTOR ( 'NONE', #1941, 1000.000000000000000 ) ;
#1088 = PLANE ( 'NONE',  #2246 ) ;
#1089 = CARTESIAN_POINT ( 'NONE',  ( 43.00000000000000000, 7.250000000000000000, 27.79999999999999716 ) ) ;
#1090 = ORIENTED_EDGE ( 'NONE', *, *, #1587, .T. ) ;
#1091 = VECTOR ( 'NONE', #608, 1000.000000000000000 ) ;
#1092 = DIRECTION ( 'NONE',  ( 0.000000000000000000, -1.000000000000000000, 0.000000000000000000 ) ) ;
#1093 = LINE ( 'NONE', #886, #2058 ) ;
#1094 = CARTESIAN_POINT ( 'NONE',  ( 43.00000000000000000, 9.375000000000000000, 2.000000000000000000 ) ) ;
#1095 = EDGE_CURVE ( 'NONE', #44, #2065, #759, .T. ) ;
#1096 = APPROVAL_DATE_TIME ( #1553, #2804 ) ;
#1097 = ORIENTED_EDGE ( 'NONE', *, *, #2481, .F. ) ;
#1098 = DIRECTION ( 'NONE',  ( 0.000000000000000000, 0.000000000000000000, -1.000000000000000000 ) ) ;
#1099 = APPLICATION_PROTOCOL_DEFINITION ( 'international standard', 'config_control_design', 1994, #1718 ) ;
#1100 = ORIENTED_EDGE ( 'NONE', *, *, #531, .F. ) ;
#1101 = DIRECTION ( 'NONE',  ( 0.000000000000000000, -1.000000000000000000, 0.000000000000000000 ) ) ;
#1102 = CARTESIAN_POINT ( 'NONE',  ( 0.000000000000000000, 0.000000000000000000, 0.000000000000000000 ) ) ;
#1103 = ORIENTED_EDGE ( 'NONE', *, *, #2523, .T. ) ;
#1104 = VECTOR ( 'NONE', #817, 1000.000000000000000 ) ;
#1105 = LINE ( 'NONE', #1314, #304 ) ;
#1106 = DIRECTION ( 'NONE',  ( 0.000000000000000000, 1.000000000000000000, 0.000000000000000000 ) ) ;
#1107 = DIRECTION ( 'NONE',  ( 1.000000000000000000, 0.000000000000000000, 0.000000000000000000 ) ) ;
#1108 = CC_DESIGN_PERSON_AND_ORGANIZATION_ASSIGNMENT ( #522, #373, ( #315 ) ) ;
#1109 = ADVANCED_FACE ( 'NONE', ( #132 ), #558, .T. ) ;
#1110 = COORDINATED_UNIVERSAL_TIME_OFFSET ( 2, 0, .AHEAD. ) ;
#1111 = VERTEX_POINT ( 'NONE', #1262 ) ;
#1112 = LOCAL_TIME ( 20, 1, 35.00000000000000000, #2101 ) ;
#1113 = AXIS2_PLACEMENT_3D ( 'NONE', #1635, #110, #1924 ) ;
#1114 = PERSON_AND_ORGANIZATION ( #2902, #2300 ) ;
#1115 = ORIENTED_EDGE ( 'NONE', *, *, #130, .F. ) ;
#1116 = PLANE ( 'NONE',  #464 ) ;
#1117 =( NAMED_UNIT ( * ) PLANE_ANGLE_UNIT ( ) SI_UNIT ( $, .RADIAN. ) );
#1118 = ORIENTED_EDGE ( 'NONE', *, *, #1825, .F. ) ;
#1119 = DIRECTION ( 'NONE',  ( 0.000000000000000000, 1.000000000000000000, 0.000000000000000000 ) ) ;
#1120 = CARTESIAN_POINT ( 'NONE',  ( 37.00000000000000000, 30.25000000000000000, 28.60000000000000142 ) ) ;
#1121 = EDGE_CURVE ( 'NONE', #449, #574, #147, .T. ) ;
#1122 = DIRECTION ( 'NONE',  ( -3.595069229522839803E-33, -1.000000000000000000, 0.000000000000000000 ) ) ;
#1123 = EDGE_CURVE ( 'NONE', #2229, #1791, #1037, .T. ) ;
#1124 = DIRECTION ( 'NONE',  ( 0.000000000000000000, 0.000000000000000000, 1.000000000000000000 ) ) ;
#1125 = PERSON_AND_ORGANIZATION ( #2902, #2300 ) ;
#1126 = VERTEX_POINT ( 'NONE', #530 ) ;
#1127 =( NAMED_UNIT ( * ) PLANE_ANGLE_UNIT ( ) SI_UNIT ( $, .RADIAN. ) );
#1128 = ORIENTED_EDGE ( 'NONE', *, *, #2545, .F. ) ;
#1129 = CARTESIAN_POINT ( 'NONE',  ( 40.00000014901190326, -1.125000000000000000, 9.000000000000747846 ) ) ;
#1130 = DIRECTION ( 'NONE',  ( 0.000000000000000000, 0.000000000000000000, 1.000000000000000000 ) ) ;
#1131 = EDGE_LOOP ( 'NONE', ( #811, #487, #923, #700 ) ) ;
#1132 = CC_DESIGN_PERSON_AND_ORGANIZATION_ASSIGNMENT ( #1417, #2097, ( #2492 ) ) ;
#1133 = EDGE_CURVE ( 'NONE', #1382, #587, #104, .T. ) ;
#1134 = DIRECTION ( 'NONE',  ( 0.000000000000000000, 0.000000000000000000, -1.000000000000000000 ) ) ;
#1135 = CARTESIAN_POINT ( 'NONE',  ( 37.00000000000000000, 7.250000000000000000, 28.60000000000000142 ) ) ;
#1136 = LINE ( 'NONE', #70, #2645 ) ;
#1137 = LINE ( 'NONE', #241, #29 ) ;
#1138 = CARTESIAN_POINT ( 'NONE',  ( 43.00000000000000000, 30.25000000000000000, 27.79999999999999716 ) ) ;
#1139 = ORIENTED_EDGE ( 'NONE', *, *, #2608, .F. ) ;
#1140 = AXIS2_PLACEMENT_3D ( 'NONE', #2014, #19, #1821 ) ;
#1141 = PERSON_AND_ORGANIZATION ( #2902, #2300 ) ;
#1142 = EDGE_LOOP ( 'NONE', ( #294, #1611, #1667, #2905 ) ) ;
#1143 =( NAMED_UNIT ( * ) PLANE_ANGLE_UNIT ( ) SI_UNIT ( $, .RADIAN. ) );
#1144 = VERTEX_POINT ( 'NONE', #2329 ) ;
#1145 = ORIENTED_EDGE ( 'NONE', *, *, #1571, .T. ) ;
#1146 = CC_DESIGN_PERSON_AND_ORGANIZATION_ASSIGNMENT ( #2862, #564, ( #315 ) ) ;
#1147 = CARTESIAN_POINT ( 'NONE',  ( 2.200000000000650324, -11.00000000000000000, 1.209948807812110096E-11 ) ) ;
#1148 = VERTEX_POINT ( 'NONE', #325 ) ;
#1149 = CARTESIAN_POINT ( 'NONE',  ( 37.00000000000000000, 7.250000000000000000, 27.79999999999999716 ) ) ;
#1150 = SECURITY_CLASSIFICATION ( '', '', #2045 ) ;
#1151 = AXIS2_PLACEMENT_3D ( 'NONE', #2407, #1759, #391 ) ;
#1152 = AXIS2_PLACEMENT_3D ( 'NONE', #366, #1263, #2361 ) ;
#1153 = LINE ( 'NONE', #2296, #348 ) ;
#1154 = DIRECTION ( 'NONE',  ( -0.000000000000000000, 1.000000000000000000, 0.000000000000000000 ) ) ;
#1155 = LINE ( 'NONE', #2723, #2847 ) ;
#1156 = ORIENTED_EDGE ( 'NONE', *, *, #953, .T. ) ;
#1157 = ORIENTED_EDGE ( 'NONE', *, *, #994, .F. ) ;
#1158 = AXIS2_PLACEMENT_3D ( 'NONE', #2687, #2001, #189 ) ;
#1159 = EDGE_CURVE ( 'NONE', #1535, #851, #2111, .T. ) ;
#1160 = PERSON_AND_ORGANIZATION_ROLE ( 'creator' ) ;
#1161 = ORIENTED_EDGE ( 'NONE', *, *, #2213, .F. ) ;
#1162 = EDGE_LOOP ( 'NONE', ( #2324, #2798, #2698, #1834 ) ) ;
#1163 = FACE_OUTER_BOUND ( 'NONE', #1165, .T. ) ;
#1164 = CARTESIAN_POINT ( 'NONE',  ( 37.00000000000000000, 28.00000041723249922, 2.000000000000000000 ) ) ;
#1165 = EDGE_LOOP ( 'NONE', ( #2568, #2870, #1706, #484 ) ) ;
#1166 = ADVANCED_FACE ( 'NONE', ( #309, #773 ), #2360, .F. ) ;
#1167 = EDGE_CURVE ( 'NONE', #2271, #46, #1235, .T. ) ;
#1168 = DIRECTION ( 'NONE',  ( -1.000000000000000000, 0.000000000000000000, 0.000000000000000000 ) ) ;
#1169 = LINE ( 'NONE', #727, #2506 ) ;
#1170 = EDGE_CURVE ( 'NONE', #1586, #2480, #995, .T. ) ;
#1171 = CARTESIAN_POINT ( 'NONE',  ( 0.000000000000000000, 4.485522627963559827, 31.48755899268229541 ) ) ;
#1172 = DIRECTION ( 'NONE',  ( 0.000000000000000000, 0.000000000000000000, 1.000000000000000000 ) ) ;
#1173 = ORIENTED_EDGE ( 'NONE', *, *, #1352, .F. ) ;
#1174 = LOCAL_TIME ( 20, 1, 35.00000000000000000, #2537 ) ;
#1175 = APPROVAL_ROLE ( '' ) ;
#1176 = ORIENTED_EDGE ( 'NONE', *, *, #862, .F. ) ;
#1177 = ADVANCED_BREP_SHAPE_REPRESENTATION ( '', ( #85, #693 ), #1590 ) ;
#1178 = DATE_AND_TIME ( #2304, #2525 ) ;
#1179 = EDGE_LOOP ( 'NONE', ( #603, #1374, #967, #152 ) ) ;
#1180 = ORIENTED_EDGE ( 'NONE', *, *, #908, .F. ) ;
#1181 = CARTESIAN_POINT ( 'NONE',  ( 45.00000000000000000, 10.50000000000000000, 24.00000000000000000 ) ) ;
#1182 = VERTEX_POINT ( 'NONE', #117 ) ;
#1183 = PLANE ( 'NONE',  #1060 ) ;
#1184 = AXIS2_PLACEMENT_3D ( 'NONE', #667, #2451, #1069 ) ;
#1185 = CARTESIAN_POINT ( 'NONE',  ( 0.2000000000006940115, -9.000000000000000000, 30.00000000000599698 ) ) ;
#1186 = LINE ( 'NONE', #498, #581 ) ;
#1187 = DIRECTION ( 'NONE',  ( 1.000000000000000000, 0.000000000000000000, 0.000000000000000000 ) ) ;
#1188 = ORIENTED_EDGE ( 'NONE', *, *, #2044, .F. ) ;
#1189 = VECTOR ( 'NONE', #2838, 1000.000000000000000 ) ;
#1190 = CALENDAR_DATE ( 2026, 24, 9 ) ;
#1191 = VERTEX_POINT ( 'NONE', #1473 ) ;
#1192 = VECTOR ( 'NONE', #2871, 1000.000000000000000 ) ;
#1193 = AXIS2_PLACEMENT_3D ( 'NONE', #2262, #2737, #2517 ) ;
#1194 = ADVANCED_FACE ( 'NONE', ( #571 ), #354, .F. ) ;
#1195 = MECHANICAL_CONTEXT ( 'NONE', #2864, 'mechanical' ) ;
#1196 = PLANE ( 'NONE',  #1361 ) ;
#1197 = EDGE_LOOP ( 'NONE', ( #1833, #2390, #1859, #2564 ) ) ;
#1198 = AXIS2_PLACEMENT_3D ( 'NONE', #975, #2748, #785 ) ;
#1199 = ORIENTED_EDGE ( 'NONE', *, *, #167, .F. ) ;
#1200 = DIRECTION ( 'NONE',  ( 0.000000000000000000, 0.000000000000000000, -1.000000000000000000 ) ) ;
#1201 = LINE ( 'NONE', #2544, #2287 ) ;
#1202 = DIRECTION ( 'NONE',  ( 0.000000000000000000, 0.000000000000000000, 1.000000000000000000 ) ) ;
#1203 = LOCAL_TIME ( 20, 1, 35.00000000000000000, #443 ) ;
#1204 = DIRECTION ( 'NONE',  ( 1.000000000000000000, 0.000000000000000000, 0.000000000000000000 ) ) ;
#1205 = VECTOR ( 'NONE', #1248, 1000.000000000000000 ) ;
#1206 = CARTESIAN_POINT ( 'NONE',  ( 45.00000000000000000, 37.50000000000000000, 0.000000000000000000 ) ) ;
#1207 = ORIENTED_EDGE ( 'NONE', *, *, #2236, .F. ) ;
#1208 = APPROVAL_STATUS ( 'not_yet_approved' ) ;
#1209 = VERTEX_POINT ( 'NONE', #2641 ) ;
#1210 = CC_DESIGN_PERSON_AND_ORGANIZATION_ASSIGNMENT ( #1125, #2441, ( #2165 ) ) ;
#1211 = EDGE_CURVE ( 'NONE', #476, #2741, #2857, .T. ) ;
#1212 = VECTOR ( 'NONE', #423, 1000.000000000000000 ) ;
#1213 = PERSON_AND_ORGANIZATION_ROLE ( 'design_supplier' ) ;
#1214 = CARTESIAN_POINT ( 'NONE',  ( 2.000000000000000000, 2.000000000000000000, 0.000000000000000000 ) ) ;
#1215 = EDGE_LOOP ( 'NONE', ( #1593, #2063, #2174, #561 ) ) ;
#1216 = CARTESIAN_POINT ( 'NONE',  ( 0.000000000000000000, 32.98552262796359713, 4.487558992682310510 ) ) ;
#1217 = LOCAL_TIME ( 20, 1, 35.00000000000000000, #985 ) ;
#1218 = VECTOR ( 'NONE', #1772, 1000.000000000000000 ) ;
#1219 = DIRECTION ( 'NONE',  ( 0.000000000000000000, -1.000000000000000000, 0.000000000000000000 ) ) ;
#1220 = EDGE_CURVE ( 'NONE', #2761, #2161, #379, .T. ) ;
#1221 = PRODUCT ( '2026-07-30-22-07-47-172', '2026-07-30-22-07-47-172', '', ( #1701 ) ) ;
#1222 = DIRECTION ( 'NONE',  ( 1.000000000000000000, 0.000000000000000000, 0.000000000000000000 ) ) ;
#1223 = EDGE_CURVE ( 'NONE', #2504, #243, #620, .T. ) ;
#1224 = FACE_OUTER_BOUND ( 'NONE', #673, .T. ) ;
#1225 = CARTESIAN_POINT ( 'NONE',  ( 2.000000000000000000, 4.500000000000000000, 31.50000000000000000 ) ) ;
#1226 = EDGE_LOOP ( 'NONE', ( #2046, #1651, #1450, #548, #98, #2477, #2655, #2542 ) ) ;
#1227 = DATE_AND_TIME ( #150, #1228 ) ;
#1228 = LOCAL_TIME ( 20, 1, 35.00000000000000000, #1945 ) ;
#1229 = COORDINATED_UNIVERSAL_TIME_OFFSET ( 2, 0, .AHEAD. ) ;
#1230 = CARTESIAN_POINT ( 'NONE',  ( 2.000000000000000000, 28.12500000000000000, 32.00000000000000000 ) ) ;
#1231 = VERTEX_POINT ( 'NONE', #1523 ) ;
#1232 = CARTESIAN_POINT ( 'NONE',  ( 37.00000000000000000, 29.44999999999999929, 28.60000000000000142 ) ) ;
#1233 = CARTESIAN_POINT ( 'NONE',  ( -33.29999925568640151, -10.99999975413079945, 4.500000000006049383 ) ) ;
#1234 = PRODUCT_DEFINITION ( 'UNKNOWN', '', #1678, #661 ) ;
#1235 = LINE ( 'NONE', #2127, #1714 ) ;
#1236 = CARTESIAN_POINT ( 'NONE',  ( 0.2000000000012920054, -8.999999754130838525, 4.500000000006049383 ) ) ;
#1237 = CARTESIAN_POINT ( 'NONE',  ( -31.00000046193600411, 2.000000000000000000, 4.500000000000000000 ) ) ;
#1238 = ORIENTED_EDGE ( 'NONE', *, *, #2336, .F. ) ;
#1239 = APPROVAL_DATE_TIME ( #807, #2702 ) ;
#1240 = VECTOR ( 'NONE', #1249, 1000.000000000000000 ) ;
#1241 = DATE_TIME_ROLE ( 'classification_date' ) ;
#1242 = DIRECTION ( 'NONE',  ( -1.000000000000000000, 0.000000000000000000, 0.000000000000000000 ) ) ;
#1243 = ORIENTED_EDGE ( 'NONE', *, *, #567, .F. ) ;
#1244 = PRODUCT_DEFINITION_SHAPE ( 'NONE', 'NONE',  #2919 ) ;
#1245 = LINE ( 'NONE', #1926, #1189 ) ;
#1246 = CC_DESIGN_PERSON_AND_ORGANIZATION_ASSIGNMENT ( #1290, #1810, ( #679 ) ) ;
#1247 = ORIENTED_EDGE ( 'NONE', *, *, #892, .F. ) ;
#1248 = DIRECTION ( 'NONE',  ( 0.000000000000000000, 0.000000000000000000, 1.000000000000000000 ) ) ;
#1249 = DIRECTION ( 'NONE',  ( 0.000000000000000000, 1.000000000000000000, 0.000000000000000000 ) ) ;
#1250 = DIRECTION ( 'NONE',  ( 0.000000000000000000, 0.000000000000000000, 1.000000000000000000 ) ) ;
#1251 = PLANE ( 'NONE',  #1730 ) ;
#1252 = ORIENTED_EDGE ( 'NONE', *, *, #1159, .F. ) ;
#1253 = APPROVAL_PERSON_ORGANIZATION ( #1306, #624, #216 ) ;
#1254 = VECTOR ( 'NONE', #185, 1000.000000000000000 ) ;
#1255 = APPROVAL_ROLE ( '' ) ;
#1256 = DIRECTION ( 'NONE',  ( -3.595069229522839803E-33, -1.000000000000000000, 0.000000000000000000 ) ) ;
#1257 = ORIENTED_EDGE ( 'NONE', *, *, #2530, .T. ) ;
#1258 = ADVANCED_FACE ( 'NONE', ( #158 ), #2420, .T. ) ;
#1259 = LINE ( 'NONE', #1072, #1944 ) ;
#1260 = CARTESIAN_POINT ( 'NONE',  ( 43.00000000000000000, 8.050000000000000711, 27.79999999999999716 ) ) ;
#1261 = EDGE_CURVE ( 'NONE', #1071, #1318, #174, .T. ) ;
#1262 = CARTESIAN_POINT ( 'NONE',  ( 0.000000000000000000, 37.49998785333140461, 32.00000000000000000 ) ) ;
#1263 = DIRECTION ( 'NONE',  ( 0.000000000000000000, -1.000000000000000000, 0.000000000000000000 ) ) ;
#1264 = CARTESIAN_POINT ( 'NONE',  ( -2.020653882290219805, 0.000000000000000000, 31.00000000000000000 ) ) ;
#1265 = VERTEX_POINT ( 'NONE', #2630 ) ;
#1266 = EDGE_CURVE ( 'NONE', #1951, #1191, #1722, .T. ) ;
#1267 = PERSON_AND_ORGANIZATION ( #2902, #2300 ) ;
#1268 = ORIENTED_EDGE ( 'NONE', *, *, #2189, .F. ) ;
#1269 = EDGE_LOOP ( 'NONE', ( #1797, #415, #685, #211 ) ) ;
#1270 = CARTESIAN_POINT ( 'NONE',  ( 37.00000000000000000, 13.37500005960460037, 2.000000000000000000 ) ) ;
#1271 = VECTOR ( 'NONE', #1242, 1000.000000000000000 ) ;
#1272 = FACE_OUTER_BOUND ( 'NONE', #434, .T. ) ;
#1273 = DIRECTION ( 'NONE',  ( -0.000000000000000000, 1.000000000000000000, 0.000000000000000000 ) ) ;
#1274 = LINE ( 'NONE', #380, #2036 ) ;
#1275 = CARTESIAN_POINT ( 'NONE',  ( -34.25000023096799850, -2.097207657682549948E-15, 31.00000000000000000 ) ) ;
#1276 = DIRECTION ( 'NONE',  ( -1.000000000000000000, 0.000000000000000000, 0.000000000000000000 ) ) ;
#1277 = AXIS2_PLACEMENT_3D ( 'NONE', #2678, #2239, #1784 ) ;
#1278 = PERSON_AND_ORGANIZATION_ROLE ( 'classification_officer' ) ;
#1279 = ORIENTED_EDGE ( 'NONE', *, *, #2571, .F. ) ;
#1280 = EDGE_CURVE ( 'NONE', #75, #4, #1066, .T. ) ;
#1281 = FACE_OUTER_BOUND ( 'NONE', #1018, .T. ) ;
#1282 = FACE_OUTER_BOUND ( 'NONE', #650, .T. ) ;
#1283 = VECTOR ( 'NONE', #450, 1000.000000000000000 ) ;
#1284 = VERTEX_POINT ( 'NONE', #1735 ) ;
#1285 = DIRECTION ( 'NONE',  ( 0.7071068957064466920, 0.7071066666666296907, 0.000000000000000000 ) ) ;
#1286 = CARTESIAN_POINT ( 'NONE',  ( -2.000000000000000000, 4.485522627963559827, 31.48755899268229541 ) ) ;
#1287 = CARTESIAN_POINT ( 'NONE',  ( 40.00000014901190326, 0.000000000000000000, 9.000000000000747846 ) ) ;
#1288 = CARTESIAN_POINT ( 'NONE',  ( 43.00000000000000000, 30.25000000000000000, 14.30000000000000071 ) ) ;
#1289 = EDGE_CURVE ( 'NONE', #2892, #1919, #1956, .T. ) ;
#1290 = PERSON_AND_ORGANIZATION ( #2902, #2300 ) ;
#1291 = ORIENTED_EDGE ( 'NONE', *, *, #2833, .T. ) ;
#1292 = EDGE_CURVE ( 'NONE', #1126, #1533, #1510, .T. ) ;
#1293 = CC_DESIGN_APPROVAL ( #508, ( #2505 ) ) ;
#1295 = LINE ( 'NONE', #592, #815 ) ;
#1294 = AXIS2_PLACEMENT_3D ( 'NONE', #239, #2057, #2766 ) ;
#1296 = VECTOR ( 'NONE', #996, 1000.000000000000000 ) ;
#1297 = EDGE_CURVE ( 'NONE', #2010, #1265, #1186, .T. ) ;
#1298 = CARTESIAN_POINT ( 'NONE',  ( 43.00000000000000000, 13.50000000000000000, 24.00000000000000000 ) ) ;
#1299 = VERTEX_POINT ( 'NONE', #516 ) ;
#1300 = VECTOR ( 'NONE', #2563, 1000.000000000000000 ) ;
#1301 = CARTESIAN_POINT ( 'NONE',  ( -7.960786666666740174, 26.71077709858560212, 2.000000000000000000 ) ) ;
#1302 = DIRECTION ( 'NONE',  ( 1.000000000000000000, 0.000000000000000000, 0.000000000000000000 ) ) ;
#1303 = CARTESIAN_POINT ( 'NONE',  ( 10.00000014901189971, -8.484363381672159562E-32, 28.00000000000069988 ) ) ;
#1304 = ADVANCED_FACE ( 'NONE', ( #965 ), #1345, .T. ) ;
#1305 = CARTESIAN_POINT ( 'NONE',  ( 2.000000000000000000, 33.00000000000000000, 15.75000000000000000 ) ) ;
#1306 = PERSON_AND_ORGANIZATION ( #2902, #2300 ) ;
#1307 = ORIENTED_EDGE ( 'NONE', *, *, #563, .T. ) ;
#1308 = FACE_OUTER_BOUND ( 'NONE', #108, .T. ) ;
#1309 = ORIENTED_EDGE ( 'NONE', *, *, #1606, .T. ) ;
#1310 = DIRECTION ( 'NONE',  ( 0.000000000000000000, 0.000000000000000000, -1.000000000000000000 ) ) ;
#1311 = CARTESIAN_POINT ( 'NONE',  ( -2.000000000000000000, 16.49276131398180212, 4.487558992682310510 ) ) ;
#1312 = ORGANIZATION ( 'NAUO-ORG2', 'UNSPECIFIED', 'UNSPECIFIED' ) ;
#1313 = EDGE_LOOP ( 'NONE', ( #2757, #907, #68, #1990 ) ) ;
#1314 = CARTESIAN_POINT ( 'NONE',  ( -2.000000000000000000, 32.98552262796359713, 31.48755899268229541 ) ) ;
#1315 = CARTESIAN_POINT ( 'NONE',  ( -37.50000000000000000, -2.296212748401289944E-15, 0.000000000000000000 ) ) ;
#1316 = LINE ( 'NONE', #2222, #1478 ) ;
#1317 = CALENDAR_DATE ( 2026, 24, 9 ) ;
#1318 = VERTEX_POINT ( 'NONE', #1826 ) ;
#1319 = FACE_OUTER_BOUND ( 'NONE', #748, .T. ) ;
#1320 = DIRECTION ( 'NONE',  ( 0.000000000000000000, 1.000000000000000000, 1.047444401652940007E-14 ) ) ;
#1321 = ORIENTED_EDGE ( 'NONE', *, *, #2396, .F. ) ;
#1322 = AXIS2_PLACEMENT_3D ( 'NONE', #2149, #1495, #2175 ) ;
#1323 = CARTESIAN_POINT ( 'NONE',  ( 37.00000000000000000, 29.44999999999999929, 27.79999999999999716 ) ) ;
#1324 = CARTESIAN_POINT ( 'NONE',  ( -33.29999925568699837, -8.249999877065420151, 2.000000000000650147 ) ) ;
#1325 = EDGE_LOOP ( 'NONE', ( #1819, #2257, #1875, #524 ) ) ;
#1326 = CC_DESIGN_PERSON_AND_ORGANIZATION_ASSIGNMENT ( #2776, #1670, ( #2394 ) ) ;
#1327 = AXIS2_PLACEMENT_3D ( 'NONE', #86, #1461, #1694 ) ;
#1328 = LINE ( 'NONE', #2000, #1669 ) ;
#1329 = DIRECTION ( 'NONE',  ( 1.000000000000000000, 0.000000000000000000, 9.426421907194728181E-17 ) ) ;
#1330 = ADVANCED_FACE ( 'NONE', ( #292 ), #56, .F. ) ;
#1331 = LINE ( 'NONE', #163, #2084 ) ;
#1332 = APPROVAL_DATE_TIME ( #850, #624 ) ;
#1333 = ORIENTED_EDGE ( 'NONE', *, *, #1519, .F. ) ;
#1334 = CARTESIAN_POINT ( 'NONE',  ( 2.000000000000000000, 4.500000000000000000, 31.50000000000000000 ) ) ;
#1335 = ADVANCED_FACE ( 'NONE', ( #903 ), #1414, .F. ) ;
#1336 = ORIENTED_EDGE ( 'NONE', *, *, #2250, .T. ) ;
#1337 = DIRECTION ( 'NONE',  ( 0.000000000000000000, 0.000000000000000000, 1.000000000000000000 ) ) ;
#1338 = DIRECTION ( 'NONE',  ( 0.000000000000000000, 0.000000000000000000, 1.000000000000000000 ) ) ;
#1339 = ORIENTED_EDGE ( 'NONE', *, *, #902, .F. ) ;
#1340 = EDGE_CURVE ( 'NONE', #300, #2122, #2094, .T. ) ;
#1341 = CARTESIAN_POINT ( 'NONE',  ( 0.000000000000000000, 0.000000000000000000, 0.000000000000000000 ) ) ;
#1342 = CARTESIAN_POINT ( 'NONE',  ( -31.00000046193600411, 2.000000000000000000, 2.250000000000000000 ) ) ;
#1343 = VECTOR ( 'NONE', #1710, 1000.000000000000000 ) ;
#1344 = FACE_OUTER_BOUND ( 'NONE', #1422, .T. ) ;
#1345 = PLANE ( 'NONE',  #2227 ) ;
#1346 = ADVANCED_FACE ( 'NONE', ( #1378 ), #2267, .F. ) ;
#1347 = PERSON_AND_ORGANIZATION ( #2902, #2300 ) ;
#1348 = ORIENTED_EDGE ( 'NONE', *, *, #2914, .F. ) ;
#1349 = APPROVAL_PERSON_ORGANIZATION ( #1453, #198, #1384 ) ;
#1350 = AXIS2_PLACEMENT_3D ( 'NONE', #343, #1256, #2134 ) ;
#1351 = CC_DESIGN_PERSON_AND_ORGANIZATION_ASSIGNMENT ( #999, #2388, ( #987 ) ) ;
#1352 = EDGE_CURVE ( 'NONE', #2908, #1728, #2769, .T. ) ;
#1353 = DIRECTION ( 'NONE',  ( 1.000000000000000000, 0.000000000000000000, 0.000000000000000000 ) ) ;
#1354 = ORIENTED_EDGE ( 'NONE', *, *, #2868, .T. ) ;
#1355 = CARTESIAN_POINT ( 'NONE',  ( 43.00000000000000000, 9.375000000000000000, 32.00000000000000000 ) ) ;
#1356 = LINE ( 'NONE', #1408, #2425 ) ;
#1357 = SHAPE_REPRESENTATION ( '2026-07-30-18-52-39-919', ( #2720, #2536 ), #138 ) ;
#1358 = ORIENTED_EDGE ( 'NONE', *, *, #397, .F. ) ;
#1359 = CARTESIAN_POINT ( 'NONE',  ( 10.00000014901189971, -8.484363381672159562E-32, 7.000000000000750511 ) ) ;
#1360 = FACE_OUTER_BOUND ( 'NONE', #2135, .T. ) ;
#1361 = AXIS2_PLACEMENT_3D ( 'NONE', #2567, #2352, #972 ) ;
#1362 = PLANE ( 'NONE',  #1852 ) ;
#1363 = DIRECTION ( 'NONE',  ( -1.000000000000000000, 0.000000000000000000, 0.000000000000000000 ) ) ;
#1364 = CARTESIAN_POINT ( 'NONE',  ( 10.00000014901159950, 0.000000000000000000, 26.00000038743019815 ) ) ;
#1365 = ORIENTED_EDGE ( 'NONE', *, *, #41, .F. ) ;
#1366 = DATE_TIME_ROLE ( 'classification_date' ) ;
#1367 = ORIENTED_EDGE ( 'NONE', *, *, #1965, .F. ) ;
#1368 = PRODUCT_DEFINITION ( 'UNKNOWN', '', #1574, #962 ) ;
#1369 =( NAMED_UNIT ( * ) SI_UNIT ( $, .STERADIAN. ) SOLID_ANGLE_UNIT ( ) );
#1370 = ORIENTED_EDGE ( 'NONE', *, *, #1825, .T. ) ;
#1371 = DIRECTION ( 'NONE',  ( 0.000000000000000000, 0.000000000000000000, 1.000000000000000000 ) ) ;
#1372 = CARTESIAN_POINT ( 'NONE',  ( 0.000000000000000000, 0.000000000000000000, 0.000000000000000000 ) ) ;
#1373 = UNCERTAINTY_MEASURE_WITH_UNIT (LENGTH_MEASURE( 1.000000000000000082E-05 ), #2711, 'distance_accuracy_value', 'NONE');
#1374 = ORIENTED_EDGE ( 'NONE', *, *, #1075, .T. ) ;
#1375 = VECTOR ( 'NONE', #1856, 1000.000000000000000 ) ;
#1376 = LINE ( 'NONE', #2277, #2712 ) ;
#1377 = DIRECTION ( 'NONE',  ( 1.000000000000000000, 0.000000000000000000, 0.000000000000000000 ) ) ;
#1378 = FACE_OUTER_BOUND ( 'NONE', #1505, .T. ) ;
#1379 = CARTESIAN_POINT ( 'NONE',  ( 2.200000000000650324, -11.00000000000000000, 32.00000000000639488 ) ) ;
#1380 = EDGE_LOOP ( 'NONE', ( #986, #2299, #2677, #1573 ) ) ;
#1381 = DATE_AND_TIME ( #278, #1174 ) ;
#1382 = VERTEX_POINT ( 'NONE', #949 ) ;
#1383 = EDGE_CURVE ( 'NONE', #2535, #1231, #1137, .T. ) ;
#1384 = APPROVAL_ROLE ( '' ) ;
#1385 = ADVANCED_FACE ( 'NONE', ( #2041 ), #22, .T. ) ;
#1386 = PERSON ( 'NAUO-PER2', 'UNSPECIFIED', 'UNSPECIFIED', ('UNSPECIFIED'), ('UNSPECIFIED'), ('UNSPECIFIED') ) ;
#1387 = ORIENTED_EDGE ( 'NONE', *, *, #6, .T. ) ;
#1388 = ORIENTED_EDGE ( 'NONE', *, *, #392, .F. ) ;
#1389 = CARTESIAN_POINT ( 'NONE',  ( 40.00000014901190326, -1.438027697166220142E-31, 3.500000000000369926 ) ) ;
#1390 = ORIENTED_EDGE ( 'NONE', *, *, #1643, .F. ) ;
#1391 = EDGE_CURVE ( 'NONE', #243, #2778, #698, .T. ) ;
#1392 = DIRECTION ( 'NONE',  ( 0.000000000000000000, 0.000000000000000000, -1.000000000000000000 ) ) ;
#1393 = SECURITY_CLASSIFICATION ( '', '', #2184 ) ;
#1394 = VECTOR ( 'NONE', #582, 1000.000000000000000 ) ;
#1395 = AXIS2_PLACEMENT_3D ( 'NONE', #71, #275, #2249 ) ;
#1396 = FACE_BOUND ( 'NONE', #910, .T. ) ;
#1397 = PLANE ( 'NONE',  #2292 ) ;
#1398 = DIRECTION ( 'NONE',  ( -1.000000000000000000, 0.000000000000000000, 0.000000000000000000 ) ) ;
#1399 = VERTEX_POINT ( 'NONE', #2027 ) ;
#1400 = DATE_AND_TIME ( #519, #1033 ) ;
#1401 = EDGE_LOOP ( 'NONE', ( #2145, #2105, #1603, #2191 ) ) ;
#1402 = AXIS2_PLACEMENT_3D ( 'NONE', #1525, #1329, #213 ) ;
#1403 = APPROVAL_DATE_TIME ( #705, #508 ) ;
#1404 = APPROVAL_PERSON_ORGANIZATION ( #1141, #495, #26 ) ;
#1405 = ORIENTED_EDGE ( 'NONE', *, *, #1383, .T. ) ;
#1406 = ORIENTED_EDGE ( 'NONE', *, *, #2739, .T. ) ;
#1407 = DIRECTION ( 'NONE',  ( 1.000000000000000000, 0.000000000000000000, 0.000000000000000000 ) ) ;
#1408 = CARTESIAN_POINT ( 'NONE',  ( 37.00000000000000000, 28.00000041723249922, 5.000000000000000000 ) ) ;
#1409 = VERTEX_POINT ( 'NONE', #454 ) ;
#1410 = CARTESIAN_POINT ( 'NONE',  ( 40.00000014901190326, -8.484363381672159562E-32, 28.00000000000069988 ) ) ;
#1411 = ADVANCED_FACE ( 'NONE', ( #920 ), #2722, .T. ) ;
#1412 = SECURITY_CLASSIFICATION ( '', '', #2519 ) ;
#1413 = DIRECTION ( 'NONE',  ( -3.595069229522839803E-33, -1.000000000000000000, 0.000000000000000000 ) ) ;
#1414 = PLANE ( 'NONE',  #956 ) ;
#1415 = FACE_OUTER_BOUND ( 'NONE', #939, .T. ) ;
#1416 = ORIENTED_EDGE ( 'NONE', *, *, #2903, .F. ) ;
#1417 = PERSON_AND_ORGANIZATION ( #475, #2675 ) ;
#1418 = ORIENTED_EDGE ( 'NONE', *, *, #1391, .T. ) ;
#1419 = DATE_AND_TIME ( #539, #512 ) ;
#1420 = CARTESIAN_POINT ( 'NONE',  ( 40.00000014901190326, -2.250000000000000000, 28.00000000000069988 ) ) ;
#1421 = ORIENTED_EDGE ( 'NONE', *, *, #479, .F. ) ;
#1422 = EDGE_LOOP ( 'NONE', ( #49, #2335, #798, #2488 ) ) ;
#1423 = DIRECTION ( 'NONE',  ( -1.000000000000000000, 0.000000000000000000, 0.000000000000000000 ) ) ;
#1424 = CARTESIAN_POINT ( 'NONE',  ( 2.000000000000000000, 4.500000000000000000, 4.500000000000000000 ) ) ;
#1425 = APPROVAL ( #2133, 'UNSPECIFIED' ) ;
#1426 = AXIS2_PLACEMENT_3D ( 'NONE', #2875, #1276, #1056 ) ;
#1427 = EDGE_CURVE ( 'NONE', #2200, #735, #2061, .T. ) ;
#1428 = DIRECTION ( 'NONE',  ( 0.000000000000000000, 0.000000000000000000, -1.000000000000000000 ) ) ;
#1429 = EDGE_CURVE ( 'NONE', #141, #1032, #729, .T. ) ;
#1430 = DIRECTION ( 'NONE',  ( 0.000000000000000000, 0.000000000000000000, 1.000000000000000000 ) ) ;
#1431 = LINE ( 'NONE', #1874, #1300 ) ;
#1432 = VERTEX_POINT ( 'NONE', #1615 ) ;
#1433 = PERSON_AND_ORGANIZATION_ROLE ( 'classification_officer' ) ;
#1434 = ORIENTED_EDGE ( 'NONE', *, *, #1444, .T. ) ;
#1435 = VECTOR ( 'NONE', #1302, 1000.000000000000000 ) ;
#1436 = COORDINATED_UNIVERSAL_TIME_OFFSET ( 2, 0, .AHEAD. ) ;
#1437 = CARTESIAN_POINT ( 'NONE',  ( 43.00000000000000000, 27.00000000000000000, 32.00000000000000000 ) ) ;
#1438 = ORIENTED_EDGE ( 'NONE', *, *, #207, .F. ) ;
#1439 = VECTOR ( 'NONE', #616, 1000.000000000000000 ) ;
#1440 = ADVANCED_FACE ( 'NONE', ( #2516 ), #1397, .F. ) ;
#1441 = DIRECTION ( 'NONE',  ( 0.000000000000000000, -1.000000000000000000, 0.000000000000000000 ) ) ;
#1442 = ADVANCED_FACE ( 'NONE', ( #2154 ), #1025, .T. ) ;
#1443 = CARTESIAN_POINT ( 'NONE',  ( -2.000000000000000000, 32.67156183448699380, 0.000000000000000000 ) ) ;
#1444 = EDGE_CURVE ( 'NONE', #1432, #1071, #2815, .T. ) ;
#1445 = CARTESIAN_POINT ( 'NONE',  ( -2.000000000000000000, 32.67156183448699380, 31.48755899268229541 ) ) ;
#1446 = CC_DESIGN_APPROVAL ( #1425, ( #259 ) ) ;
#1447 = LINE ( 'NONE', #2112, #263 ) ;
#1448 = VECTOR ( 'NONE', #1219, 1000.000000000000000 ) ;
#1449 = LINE ( 'NONE', #2845, #2665 ) ;
#1450 = ORIENTED_EDGE ( 'NONE', *, *, #946, .T. ) ;
#1451 = CONTEXT_DEPENDENT_SHAPE_REPRESENTATION ( #1981, #2587 ) ;
#1452 = VECTOR ( 'NONE', #1054, 1000.000000000000000 ) ;
#1453 = PERSON_AND_ORGANIZATION ( #2902, #2300 ) ;
#1454 = LINE ( 'NONE', #1230, #2395 ) ;
#1455 = ORIENTED_EDGE ( 'NONE', *, *, #777, .T. ) ;
#1456 = CARTESIAN_POINT ( 'NONE',  ( 37.00000000000000000, 28.00000041723249922, 2.000000000000000000 ) ) ;
#1457 = EDGE_CURVE ( 'NONE', #2778, #300, #2591, .T. ) ;
#1458 = APPLICATION_CONTEXT ( 'configuration controlled 3d designs of mechanical parts and assemblies' ) ;
#1459 = VECTOR ( 'NONE', #912, 1000.000000000000000 ) ;
#1460 = CARTESIAN_POINT ( 'NONE',  ( 10.00000014901159950, -2.250000000000000000, 26.00000038743019815 ) ) ;
#1461 = DIRECTION ( 'NONE',  ( -0.000000000000000000, 1.000000000000000000, 0.000000000000000000 ) ) ;
#1462 = CARTESIAN_POINT ( 'NONE',  ( 40.00000014901190326, -1.438027697166220142E-31, 3.500000000000369926 ) ) ;
#1463 = DIRECTION ( 'NONE',  ( -1.000000000000000000, 0.000000000000000000, 0.000000000000000000 ) ) ;
#1464 = ORIENTED_EDGE ( 'NONE', *, *, #1587, .F. ) ;
#1465 = CC_DESIGN_APPROVAL ( #2888, ( #48 ) ) ;
#1466 = CC_DESIGN_PERSON_AND_ORGANIZATION_ASSIGNMENT ( #414, #2018, ( #1574 ) ) ;
#1467 = APPROVAL_ROLE ( '' ) ;
#1468 = DIRECTION ( 'NONE',  ( -0.7071066666666298017, 0.7071068957064466920, 0.000000000000000000 ) ) ;
#1469 = ORIENTED_EDGE ( 'NONE', *, *, #6, .F. ) ;
#1470 = LINE ( 'NONE', #1507, #2455 ) ;
#1471 = ORIENTED_EDGE ( 'NONE', *, *, #1521, .F. ) ;
#1472 = DIRECTION ( 'NONE',  ( -1.000000000000000000, 0.000000000000000000, 0.000000000000000000 ) ) ;
#1473 = CARTESIAN_POINT ( 'NONE',  ( -2.000000000000000000, 32.67156183448699380, 2.000000000000000000 ) ) ;
#1474 = LINE ( 'NONE', #2372, #2426 ) ;
#1475 = LINE ( 'NONE', #2401, #2765 ) ;
#1476 = ORIENTED_EDGE ( 'NONE', *, *, #2336, .T. ) ;
#1477 = EDGE_CURVE ( 'NONE', #787, #2598, #133, .T. ) ;
#1478 = VECTOR ( 'NONE', #1107, 1000.000000000000000 ) ;
#1479 = VECTOR ( 'NONE', #2279, 1000.000000000000000 ) ;
#1480 = PERSON_AND_ORGANIZATION ( #2902, #2300 ) ;
#1481 = LINE ( 'NONE', #2119, #1271 ) ;
#1482 = ORIENTED_EDGE ( 'NONE', *, *, #1133, .T. ) ;
#1483 = LINE ( 'NONE', #125, #2842 ) ;
#1484 = EDGE_CURVE ( 'NONE', #2367, #1086, #2167, .T. ) ;
#1485 = CARTESIAN_POINT ( 'NONE',  ( 0.2000000000006469936, -7.190138459068950363E-34, 1.000000000003189893 ) ) ;
#1486 = ADVANCED_FACE ( 'NONE', ( #2143 ), #1942, .T. ) ;
#1487 = LINE ( 'NONE', #365, #720 ) ;
#1488 = CARTESIAN_POINT ( 'NONE',  ( -35.29999999999939320, 0.000000000000000000, 2.000000000006049827 ) ) ;
#1489 = CARTESIAN_POINT ( 'NONE',  ( 45.00000000000000000, 9.375000000000000000, 32.00000000000000000 ) ) ;
#1490 = ORIENTED_EDGE ( 'NONE', *, *, #349, .T. ) ;
#1491 = DATE_AND_TIME ( #2132, #1547 ) ;
#1492 = APPROVAL_ROLE ( '' ) ;
#1493 = EDGE_LOOP ( 'NONE', ( #287, #31, #507, #1909 ) ) ;
#1494 = VERTEX_POINT ( 'NONE', #1695 ) ;
#1495 = DIRECTION ( 'NONE',  ( 0.000000000000000000, -1.000000000000000000, 0.000000000000000000 ) ) ;
#1496 = VECTOR ( 'NONE', #1943, 1000.000000000000000 ) ;
#1497 = CARTESIAN_POINT ( 'NONE',  ( 37.00000000000000000, 8.000000119209289551, 2.000000000000000000 ) ) ;
#1498 = CARTESIAN_POINT ( 'NONE',  ( 0.000000000000000000, 77.50000000000000000, 2.000000000000000000 ) ) ;
#1499 = CC_DESIGN_APPROVAL ( #1683, ( #2394 ) ) ;
#1500 = VECTOR ( 'NONE', #2683, 1000.000000000000000 ) ;
#1501 = PLANE ( 'NONE',  #161 ) ;
#1502 = CARTESIAN_POINT ( 'NONE',  ( 10.00000014901159950, 0.000000000000000000, 26.00000038743019815 ) ) ;
#1503 = EDGE_CURVE ( 'NONE', #301, #234, #774, .T. ) ;
#1504 = APPROVAL_DATE_TIME ( #575, #1425 ) ;
#1505 = EDGE_LOOP ( 'NONE', ( #928, #500, #2253, #1528 ) ) ;
#1506 = CC_DESIGN_SECURITY_CLASSIFICATION ( #48, ( #2919 ) ) ;
#1507 = CARTESIAN_POINT ( 'NONE',  ( 0.2000000000006940115, -11.00000000000000000, 30.00000000000599698 ) ) ;
#1508 = CARTESIAN_POINT ( 'NONE',  ( -37.50000000000000000, 40.00000000000000000, 2.000000000000000000 ) ) ;
#1509 = ORIENTED_EDGE ( 'NONE', *, *, #322, .F. ) ;
#1510 = LINE ( 'NONE', #682, #1479 ) ;
#1511 = FACE_OUTER_BOUND ( 'NONE', #393, .T. ) ;
#1512 = LINE ( 'NONE', #2412, #1583 ) ;
#1513 = EDGE_CURVE ( 'NONE', #300, #1043, #804, .T. ) ;
#1514 = CARTESIAN_POINT ( 'NONE',  ( 0.2000000000006940115, -11.00000000000000000, 30.00000000000599698 ) ) ;
#1515 = ADVANCED_FACE ( 'NONE', ( #746 ), #760, .T. ) ;
#1516 = APPROVAL_DATE_TIME ( #2636, #331 ) ;
#1517 = ORIENTED_EDGE ( 'NONE', *, *, #154, .T. ) ;
#1518 = DIRECTION ( 'NONE',  ( -1.000000000000000000, 0.000000000000000000, 0.000000000000000000 ) ) ;
#1519 = EDGE_CURVE ( 'NONE', #1774, #1265, #1447, .T. ) ;
#1520 = LINE ( 'NONE', #1508, #633 ) ;
#1521 = EDGE_CURVE ( 'NONE', #243, #1860, #1474, .T. ) ;
#1522 = ORIENTED_EDGE ( 'NONE', *, *, #2887, .T. ) ;
#1523 = CARTESIAN_POINT ( 'NONE',  ( 37.00000000000000000, 8.000000119209289551, 5.000000000000000000 ) ) ;
#1524 = FACE_OUTER_BOUND ( 'NONE', #2415, .T. ) ;
#1525 = CARTESIAN_POINT ( 'NONE',  ( -2.020653882290219805, 0.000000000000000000, 31.00000000000000000 ) ) ;
#1526 = CARTESIAN_POINT ( 'NONE',  ( -31.00000046193600411, 0.000000000000000000, 31.00000000000000000 ) ) ;
#1527 = APPROVAL_DATE_TIME ( #863, #2595 ) ;
#1528 = ORIENTED_EDGE ( 'NONE', *, *, #2171, .T. ) ;
#1529 = LOCAL_TIME ( 20, 1, 35.00000000000000000, #780 ) ;
#1531 = DIRECTION ( 'NONE',  ( 0.000000000000000000, 0.000000000000000000, 1.000000000000000000 ) ) ;
#1530 = VECTOR ( 'NONE', #288, 1000.000000000000000 ) ;
#1532 = AXIS2_PLACEMENT_3D ( 'NONE', #2786, #355, #2547 ) ;
#1533 = VERTEX_POINT ( 'NONE', #2578 ) ;
#1534 = CARTESIAN_POINT ( 'NONE',  ( 22.50000000000000000, 58.75000000000000000, 2.000000000000000000 ) ) ;
#1535 = VERTEX_POINT ( 'NONE', #532 ) ;
#1536 = VECTOR ( 'NONE', #438, 1000.000000000000000 ) ;
#1537 = CARTESIAN_POINT ( 'NONE',  ( 43.00000000000000000, 3.625000000000000000, 28.60000000000000142 ) ) ;
#1538 = CARTESIAN_POINT ( 'NONE',  ( 0.000000000000000000, 37.49998785333140461, 0.000000000000000000 ) ) ;
#1539 = DIRECTION ( 'NONE',  ( 0.000000000000000000, 0.000000000000000000, -1.000000000000000000 ) ) ;
#1540 = DATE_TIME_ROLE ( 'creation_date' ) ;
#1541 = ORIENTED_EDGE ( 'NONE', *, *, #1289, .F. ) ;
#1542 = CARTESIAN_POINT ( 'NONE',  ( 45.00000000000000000, 27.00000000000000000, 32.00000000000000000 ) ) ;
#1543 = CC_DESIGN_DATE_AND_TIME_ASSIGNMENT ( #2321, #488, ( #223 ) ) ;
#1544 = ORIENTED_EDGE ( 'NONE', *, *, #893, .T. ) ;
#1545 = FACE_OUTER_BOUND ( 'NONE', #2323, .T. ) ;
#1546 = DIRECTION ( 'NONE',  ( 0.000000000000000000, -1.000000000000000000, 0.000000000000000000 ) ) ;
#1547 = LOCAL_TIME ( 20, 1, 35.00000000000000000, #1055 ) ;
#1548 = ORIENTED_EDGE ( 'NONE', *, *, #2569, .F. ) ;
#1549 = DIRECTION ( 'NONE',  ( 0.000000000000000000, 0.000000000000000000, 1.000000000000000000 ) ) ;
#1550 = DIRECTION ( 'NONE',  ( 6.123233995736769734E-17, -1.000000000000000000, 0.000000000000000000 ) ) ;
#1551 = CARTESIAN_POINT ( 'NONE',  ( 45.00000000000000000, 40.00000000000000000, 0.000000000000000000 ) ) ;
#1552 = ADVANCED_FACE ( 'NONE', ( #2346 ), #559, .F. ) ;
#1553 = DATE_AND_TIME ( #2028, #2341 ) ;
#1554 = ORIENTED_EDGE ( 'NONE', *, *, #2916, .F. ) ;
#1555 = FACE_OUTER_BOUND ( 'NONE', #683, .T. ) ;
#1556 = ADVANCED_FACE ( 'NONE', ( #1224 ), #2384, .F. ) ;
#1557 = VECTOR ( 'NONE', #2379, 1000.000000000000000 ) ;
#1558 = DIRECTION ( 'NONE',  ( 1.000000000000000000, 0.000000000000000000, 0.000000000000000000 ) ) ;
#1559 = ORIENTED_EDGE ( 'NONE', *, *, #2266, .F. ) ;
#1560 = CARTESIAN_POINT ( 'NONE',  ( 0.2000000000006469936, -8.999999754130838525, 2.000000000006209699 ) ) ;
#1561 = CARTESIAN_POINT ( 'NONE',  ( 34.99999997019770603, 8.000000119209289551, 5.000000000000000000 ) ) ;
#1562 = EDGE_LOOP ( 'NONE', ( #1717, #111, #120, #941 ) ) ;
#1563 = VECTOR ( 'NONE', #2800, 1000.000000000000000 ) ;
#1564 = VECTOR ( 'NONE', #2883, 1000.000000000000000 ) ;
#1565 = CARTESIAN_POINT ( 'NONE',  ( 45.00000000000000000, 77.50000000000000000, 2.000000000000000000 ) ) ;
#1566 = ADVANCED_FACE ( 'NONE', ( #1038 ), #88, .F. ) ;
#1567 = CARTESIAN_POINT ( 'NONE',  ( 45.00000000000000000, 27.00000000000000000, 24.00000000000000000 ) ) ;
#1568 = LINE ( 'NONE', #1288, #663 ) ;
#1569 = VECTOR ( 'NONE', #2201, 1000.000000000000000 ) ;
#1570 = DIRECTION ( 'NONE',  ( 0.000000000000000000, 0.000000000000000000, 1.000000000000000000 ) ) ;
#1571 = EDGE_CURVE ( 'NONE', #506, #2378, #1891, .T. ) ;
#1572 = PERSON_AND_ORGANIZATION ( #2902, #2300 ) ;
#1573 = ORIENTED_EDGE ( 'NONE', *, *, #2681, .T. ) ;
#1574 = PRODUCT_DEFINITION_FORMATION_WITH_SPECIFIED_SOURCE ( 'ANY', '', #2165, .NOT_KNOWN. ) ;
#1575 = VECTOR ( 'NONE', #54, 1000.000000000000000 ) ;
#1576 = ORIENTED_EDGE ( 'NONE', *, *, #511, .F. ) ;
#1577 = LINE ( 'NONE', #195, #1218 ) ;
#1578 = DIRECTION ( 'NONE',  ( 1.000000000000000000, 0.000000000000000000, 0.000000000000000000 ) ) ;
#1579 = ORIENTED_EDGE ( 'NONE', *, *, #1223, .F. ) ;
#1580 = FACE_OUTER_BOUND ( 'NONE', #2363, .T. ) ;
#1581 = SHAPE_REPRESENTATION ( '2026-07-30-22-07-47-172', ( #693 ), #1636 ) ;
#1582 = DIRECTION ( 'NONE',  ( 0.000000000000000000, 1.000000000000000000, 0.000000000000000000 ) ) ;
#1583 = VECTOR ( 'NONE', #848, 1000.000000000000000 ) ;
#1584 = CARTESIAN_POINT ( 'NONE',  ( -2.020653882290210035, 0.000000000000000000, 4.500000000000000000 ) ) ;
#1585 = CARTESIAN_POINT ( 'NONE',  ( -18.75000000000000000, 18.74999392666569875, 0.000000000000000000 ) ) ;
#1586 = VERTEX_POINT ( 'NONE', #1236 ) ;
#1587 = EDGE_CURVE ( 'NONE', #1209, #1382, #118, .T. ) ;
#1588 = DATE_AND_TIME ( #875, #1767 ) ;
#1589 = VERTEX_POINT ( 'NONE', #1052 ) ;
#1590 =( GEOMETRIC_REPRESENTATION_CONTEXT ( 3 ) GLOBAL_UNCERTAINTY_ASSIGNED_CONTEXT ( ( #896 ) ) GLOBAL_UNIT_ASSIGNED_CONTEXT ( ( #52, #1595, #1623 ) ) REPRESENTATION_CONTEXT ( 'NONE', 'WORKASPACE' ) );
#1591 = AXIS2_PLACEMENT_3D ( 'NONE', #1216, #1200, #1441 ) ;
#1592 = APPLICATION_PROTOCOL_DEFINITION ( 'international standard', 'config_control_design', 1994, #2561 ) ;
#1593 = ORIENTED_EDGE ( 'NONE', *, *, #2140, .T. ) ;
#1594 = CARTESIAN_POINT ( 'NONE',  ( -33.29999925568699837, -11.00000000000000000, 30.00000000000599698 ) ) ;
#1595 =( NAMED_UNIT ( * ) PLANE_ANGLE_UNIT ( ) SI_UNIT ( $, .RADIAN. ) );
#1596 = ORIENTED_EDGE ( 'NONE', *, *, #1045, .T. ) ;
#1597 = DIRECTION ( 'NONE',  ( 0.000000000000000000, -1.000000000000000000, 0.000000000000000000 ) ) ;
#1598 = LINE ( 'NONE', #726, #2709 ) ;
#1599 = CARTESIAN_POINT ( 'NONE',  ( 0.000000000000000000, 0.000000000000000000, 0.000000000000000000 ) ) ;
#1600 = ADVANCED_FACE ( 'NONE', ( #1957 ), #422, .T. ) ;
#1601 = DIRECTION ( 'NONE',  ( 5.746625557483809390E-17, 0.000000000000000000, -1.000000000000000000 ) ) ;
#1602 = DIRECTION ( 'NONE',  ( -1.000000000000000000, -6.123233995736769734E-17, 0.000000000000000000 ) ) ;
#1603 = ORIENTED_EDGE ( 'NONE', *, *, #2739, .F. ) ;
#1604 = EDGE_CURVE ( 'NONE', #738, #478, #2858, .T. ) ;
#1605 = ORIENTED_EDGE ( 'NONE', *, *, #1484, .F. ) ;
#1606 = EDGE_CURVE ( 'NONE', #2098, #1758, #1328, .T. ) ;
#1607 = APPROVAL_ROLE ( '' ) ;
#1608 = ORIENTED_EDGE ( 'NONE', *, *, #1211, .F. ) ;
#1609 = ORIENTED_EDGE ( 'NONE', *, *, #1871, .F. ) ;
#1610 = CARTESIAN_POINT ( 'NONE',  ( -31.00000046193600411, 0.000000000000000000, 31.00000000000000000 ) ) ;
#1611 = ORIENTED_EDGE ( 'NONE', *, *, #1429, .T. ) ;
#1612 = AXIS2_PLACEMENT_3D ( 'NONE', #654, #1763, #1539 ) ;
#1613 = CARTESIAN_POINT ( 'NONE',  ( 40.00000014901190326, 0.000000000000000000, 9.000000000000747846 ) ) ;
#1614 = FACE_OUTER_BOUND ( 'NONE', #750, .T. ) ;
#1615 = CARTESIAN_POINT ( 'NONE',  ( -2.000000000000000000, 32.67156183448699380, 4.487558992682310510 ) ) ;
#1616 = PLANE ( 'NONE',  #2432 ) ;
#1617 = EDGE_LOOP ( 'NONE', ( #2581, #1354, #208, #2863 ) ) ;
#1618 = ORIENTED_EDGE ( 'NONE', *, *, #1079, .F. ) ;
#1619 = COORDINATED_UNIVERSAL_TIME_OFFSET ( 2, 0, .AHEAD. ) ;
#1620 = VERTEX_POINT ( 'NONE', #833 ) ;
#1621 = ORIENTED_EDGE ( 'NONE', *, *, #511, .T. ) ;
#1622 = LINE ( 'NONE', #509, #2601 ) ;
#1623 =( NAMED_UNIT ( * ) SI_UNIT ( $, .STERADIAN. ) SOLID_ANGLE_UNIT ( ) );
#1624 = ORIENTED_EDGE ( 'NONE', *, *, #2040, .T. ) ;
#1625 = DIRECTION ( 'NONE',  ( 6.123233995736769734E-17, -1.000000000000000000, 0.000000000000000000 ) ) ;
#1626 = APPROVAL_PERSON_ORGANIZATION ( #1267, #331, #613 ) ;
#1627 = VECTOR ( 'NONE', #2669, 1000.000000000000000 ) ;
#1628 = DIRECTION ( 'NONE',  ( -1.000000000000000000, 3.595069229522839803E-33, 0.000000000000000000 ) ) ;
#1629 = DIRECTION ( 'NONE',  ( 1.000000000000000000, 0.000000000000000000, 0.000000000000000000 ) ) ;
#1630 = CARTESIAN_POINT ( 'NONE',  ( 43.00000000000000000, 8.050000000000000711, 27.79999999999999716 ) ) ;
#1631 = ORIENTED_EDGE ( 'NONE', *, *, #471, .T. ) ;
#1632 = DATE_AND_TIME ( #2333, #1700 ) ;
#1633 = ORIENTED_EDGE ( 'NONE', *, *, #291, .F. ) ;
#1634 = DATE_AND_TIME ( #736, #1813 ) ;
#1635 = CARTESIAN_POINT ( 'NONE',  ( 0.000000000000000000, 32.98552262796359713, 31.48755899268229541 ) ) ;
#1636 =( GEOMETRIC_REPRESENTATION_CONTEXT ( 3 ) GLOBAL_UNCERTAINTY_ASSIGNED_CONTEXT ( ( #286 ) ) GLOBAL_UNIT_ASSIGNED_CONTEXT ( ( #459, #688, #1369 ) ) REPRESENTATION_CONTEXT ( 'NONE', 'WORKASPACE' ) );
#1637 = VECTOR ( 'NONE', #2274, 1000.000000000000000 ) ;
#1638 = EDGE_LOOP ( 'NONE', ( #64, #2349, #2445, #1633 ) ) ;
#1639 = ORIENTED_EDGE ( 'NONE', *, *, #2916, .T. ) ;
#1640 = APPROVAL ( #505, 'UNSPECIFIED' ) ;
#1641 = CARTESIAN_POINT ( 'NONE',  ( 40.00000014901190326, -2.250000000000000000, 28.00000000000069988 ) ) ;
#1642 =( LENGTH_UNIT ( ) NAMED_UNIT ( * ) SI_UNIT ( .MILLI., .METRE. ) );
#1643 = EDGE_CURVE ( 'NONE', #2130, #1919, #2400, .T. ) ;
#1644 = CARTESIAN_POINT ( 'NONE',  ( 11.25000000000000000, 0.000000000000000000, 32.00000000000000000 ) ) ;
#1645 = DIRECTION ( 'NONE',  ( 1.000000000000000000, 0.000000000000000000, 0.000000000000000000 ) ) ;
#1646 = DIRECTION ( 'NONE',  ( 0.000000000000000000, 0.000000000000000000, -1.000000000000000000 ) ) ;
#1647 = CARTESIAN_POINT ( 'NONE',  ( -32.67157176935149465, 2.000000000000000000, 2.000000000000000000 ) ) ;
#1648 = ORIENTED_EDGE ( 'NONE', *, *, #1995, .T. ) ;
#1649 = VECTOR ( 'NONE', #2806, 1000.000000000000000 ) ;
#1650 = CALENDAR_DATE ( 2026, 24, 9 ) ;
#1651 = ORIENTED_EDGE ( 'NONE', *, *, #1, .F. ) ;
#1652 = EDGE_CURVE ( 'NONE', #1284, #75, #1274, .T. ) ;
#1653 = COORDINATED_UNIVERSAL_TIME_OFFSET ( 2, 0, .AHEAD. ) ;
#1654 = CARTESIAN_POINT ( 'NONE',  ( 10.00000014901159950, -2.250000000000000000, 26.00000038743019815 ) ) ;
#1655 = EDGE_LOOP ( 'NONE', ( #1388, #2605, #1949, #1173 ) ) ;
#1656 = ORIENTED_EDGE ( 'NONE', *, *, #2266, .T. ) ;
#1657 = EDGE_CURVE ( 'NONE', #1800, #1728, #1105, .T. ) ;
#1658 = CARTESIAN_POINT ( 'NONE',  ( 0.2000000000006469936, 0.000000000000000000, 2.000000000006370016 ) ) ;
#1659 = DIRECTION ( 'NONE',  ( -1.000000000000000000, 0.000000000000000000, 0.000000000000000000 ) ) ;
#1660 = AXIS2_PLACEMENT_3D ( 'NONE', #2664, #2906, #206 ) ;
#1661 = DIRECTION ( 'NONE',  ( -1.000000000000000000, 0.000000000000000000, 0.000000000000000000 ) ) ;
#1662 = CARTESIAN_POINT ( 'NONE',  ( -35.29999999999939320, -11.00000000000000000, 1.209948807812110096E-11 ) ) ;
#1663 = CARTESIAN_POINT ( 'NONE',  ( 22.50000000000000000, 18.75000000000000000, 32.00000000000000000 ) ) ;
#1664 = ORIENTED_EDGE ( 'NONE', *, *, #2171, .F. ) ;
#1665 = CC_DESIGN_DATE_AND_TIME_ASSIGNMENT ( #2270, #93, ( #1150 ) ) ;
#1666 = DATE_AND_TIME ( #2503, #2255 ) ;
#1667 = ORIENTED_EDGE ( 'NONE', *, *, #2181, .F. ) ;
#1668 = ADVANCED_FACE ( 'NONE', ( #1511 ), #2896, .F. ) ;
#1669 = VECTOR ( 'NONE', #1974, 1000.000000000000000 ) ;
#1670 = PERSON_AND_ORGANIZATION_ROLE ( 'creator' ) ;
#1671 = LINE ( 'NONE', #2777, #1649 ) ;
#1672 = ORIENTED_EDGE ( 'NONE', *, *, #1340, .F. ) ;
#1673 = DIRECTION ( 'NONE',  ( -1.000000000000000000, -6.123233995736769734E-17, 0.000000000000000000 ) ) ;
#1674 = ADVANCED_BREP_SHAPE_REPRESENTATION ( '', ( #2109, #693 ), #644 ) ;
#1675 = ORIENTED_EDGE ( 'NONE', *, *, #567, .T. ) ;
#1676 = LINE ( 'NONE', #2357, #2197 ) ;
#1677 = CARTESIAN_POINT ( 'NONE',  ( 45.00000000000000000, 37.50000000000000000, 0.000000000000000000 ) ) ;
#1678 = PRODUCT_DEFINITION_FORMATION_WITH_SPECIFIED_SOURCE ( 'ANY', '', #583, .NOT_KNOWN. ) ;
#1679 = DIRECTION ( 'NONE',  ( 0.000000000000000000, 0.000000000000000000, 1.000000000000000000 ) ) ;
#1680 = VECTOR ( 'NONE', #830, 1000.000000000000000 ) ;
#1681 = LINE ( 'NONE', #805, #413 ) ;
#1682 = ORIENTED_EDGE ( 'NONE', *, *, #1519, .T. ) ;
#1683 = APPROVAL ( #2337, 'UNSPECIFIED' ) ;
#1684 = AXIS2_PLACEMENT_3D ( 'NONE', #1840, #1124, #2736 ) ;
#1685 = VECTOR ( 'NONE', #1039, 1000.000000000000000 ) ;
#1686 = PERSON_AND_ORGANIZATION ( #2902, #2300 ) ;
#1687 = CARTESIAN_POINT ( 'NONE',  ( 20.00000007450599782, -7.190138485831089762E-32, 28.00000000000069988 ) ) ;
#1688 = EDGE_LOOP ( 'NONE', ( #1103, #345, #351, #1309 ) ) ;
#1689 = CARTESIAN_POINT ( 'NONE',  ( 17.50000014901180023, -2.250000000000000000, 26.00000038743019815 ) ) ;
#1690 = ORIENTED_EDGE ( 'NONE', *, *, #2314, .T. ) ;
#1691 = LINE ( 'NONE', #1707, #1014 ) ;
#1692 = EDGE_CURVE ( 'NONE', #1111, #2078, #2672, .T. ) ;
#1693 = PRODUCT_DEFINITION_SHAPE ( 'NONE', 'NONE',  #2505 ) ;
#1694 = DIRECTION ( 'NONE',  ( 1.000000000000000000, 0.000000000000000000, 0.000000000000000000 ) ) ;
#1695 = CARTESIAN_POINT ( 'NONE',  ( 0.000000000000000000, 32.98552262796359713, 31.48755899268229541 ) ) ;
#1696 = LINE ( 'NONE', #2373, #1685 ) ;
#1697 = VERTEX_POINT ( 'NONE', #2233 ) ;
#1698 = EDGE_CURVE ( 'NONE', #1071, #1800, #652, .T. ) ;
#1699 = EDGE_CURVE ( 'NONE', #1144, #2056, #2872, .T. ) ;
#1700 = LOCAL_TIME ( 20, 1, 35.00000000000000000, #733 ) ;
#1701 = MECHANICAL_CONTEXT ( 'NONE', #751, 'mechanical' ) ;
#1702 = CARTESIAN_POINT ( 'NONE',  ( -2.000000000000000000, 2.000000000000000000, 0.000000000000000000 ) ) ;
#1703 = ORIENTED_EDGE ( 'NONE', *, *, #2705, .F. ) ;
#1704 = EDGE_CURVE ( 'NONE', #2818, #24, #212, .T. ) ;
#1705 = DIRECTION ( 'NONE',  ( 8.217301096052209613E-34, -1.000000000000000000, 0.000000000000000000 ) ) ;
#1706 = ORIENTED_EDGE ( 'NONE', *, *, #2742, .F. ) ;
#1707 = CARTESIAN_POINT ( 'NONE',  ( 0.2000000000006940115, -9.000000000000000000, 30.00000000000599698 ) ) ;
#1708 = CARTESIAN_POINT ( 'NONE',  ( -33.29999925568640151, -10.99999975413079945, 4.500000000006049383 ) ) ;
#1709 = CARTESIAN_POINT ( 'NONE',  ( 2.000000000000000000, 33.00000000000000000, 31.50000000000000000 ) ) ;
#1710 = DIRECTION ( 'NONE',  ( 0.000000000000000000, 0.000000000000000000, -1.000000000000000000 ) ) ;
#1711 = ORIENTED_EDGE ( 'NONE', *, *, #1862, .T. ) ;
#1712 = APPROVAL_ROLE ( '' ) ;
#1713 = VECTOR ( 'NONE', #1423, 1000.000000000000000 ) ;
#1714 = VECTOR ( 'NONE', #1890, 1000.000000000000000 ) ;
#1715 = APPLICATION_PROTOCOL_DEFINITION ( 'international standard', 'config_control_design', 1994, #1868 ) ;
#1716 = ORIENTED_EDGE ( 'NONE', *, *, #1340, .T. ) ;
#1717 = ORIENTED_EDGE ( 'NONE', *, *, #637, .F. ) ;
#1718 = APPLICATION_CONTEXT ( 'configuration controlled 3d designs of mechanical parts and assemblies' ) ;
#1719 = LINE ( 'NONE', #2824, #61 ) ;
#1720 = LINE ( 'NONE', #757, #550 ) ;
#1721 = EDGE_CURVE ( 'NONE', #755, #1409, #2844, .T. ) ;
#1722 = LINE ( 'NONE', #1301, #1947 ) ;
#1723 = CARTESIAN_POINT ( 'NONE',  ( 0.2000000000006940115, -11.00000000000000000, 30.00000000000599698 ) ) ;
#1724 = DIRECTION ( 'NONE',  ( 1.000000000000000000, 0.000000000000000000, 0.000000000000000000 ) ) ;
#1725 = CC_DESIGN_APPROVAL ( #593, ( #549 ) ) ;
#1726 = CALENDAR_DATE ( 2026, 24, 9 ) ;
#1727 = ORIENTED_EDGE ( 'NONE', *, *, #957, .T. ) ;
#1728 = VERTEX_POINT ( 'NONE', #872 ) ;
#1729 = CARTESIAN_POINT ( 'NONE',  ( 45.00000000000000000, 77.50000000000000000, 2.000000000000000000 ) ) ;
#1730 = AXIS2_PLACEMENT_3D ( 'NONE', #2580, #2592, #2180 ) ;
#1731 = PRODUCT_RELATED_PRODUCT_CATEGORY ( 'detail', '', ( #1221 ) ) ;
#1732 = EDGE_CURVE ( 'NONE', #2281, #1999, #1067, .T. ) ;
#1733 = CARTESIAN_POINT ( 'NONE',  ( -35.29999999999939320, -11.00000000000000000, 1.209948807812110096E-11 ) ) ;
#1734 = ADVANCED_FACE ( 'NONE', ( #820 ), #1501, .T. ) ;
#1735 = CARTESIAN_POINT ( 'NONE',  ( 2.000000000000000000, 33.00000000000000000, 31.50000000000000000 ) ) ;
#1736 = LOCAL_TIME ( 20, 1, 35.00000000000000000, #1436 ) ;
#1737 = VECTOR ( 'NONE', #1337, 1000.000000000000000 ) ;
#1738 = CARTESIAN_POINT ( 'NONE',  ( 40.00000014901190326, -8.484363381672159562E-32, 28.00000000000069988 ) ) ;
#1739 = CARTESIAN_POINT ( 'NONE',  ( 0.2000000000006930123, -9.000000000000000000, 32.00000000000609646 ) ) ;
#1740 = FACE_OUTER_BOUND ( 'NONE', #1313, .T. ) ;
#1741 = EDGE_CURVE ( 'NONE', #2761, #574, #159, .T. ) ;
#1742 = APPROVAL_DATE_TIME ( #1057, #593 ) ;
#1743 = EDGE_LOOP ( 'NONE', ( #715, #494, #2276, #217 ) ) ;
#1744 = ADVANCED_FACE ( 'NONE', ( #1524 ), #2421, .T. ) ;
#1745 = PLANE ( 'NONE',  #2182 ) ;
#1746 = VECTOR ( 'NONE', #2147, 1000.000000000000000 ) ;
#1747 = DIRECTION ( 'NONE',  ( -0.7071067811865474617, -0.7071067811865474617, 0.000000000000000000 ) ) ;
#1748 = ORIENTED_EDGE ( 'NONE', *, *, #2005, .T. ) ;
#1749 = DIRECTION ( 'NONE',  ( 0.000000000000000000, 1.000000000000000000, 0.000000000000000000 ) ) ;
#1750 = CARTESIAN_POINT ( 'NONE',  ( 45.00000000000000000, 35.50000000000000000, 0.000000000000000000 ) ) ;
#1751 = DIRECTION ( 'NONE',  ( 0.000000000000000000, -1.000000000000000000, 0.000000000000000000 ) ) ;
#1752 = CARTESIAN_POINT ( 'NONE',  ( 35.99999998509880328, 18.00000026822089794, 5.000000000000000000 ) ) ;
#1753 = CC_DESIGN_PERSON_AND_ORGANIZATION_ASSIGNMENT ( #2252, #2428, ( #1234 ) ) ;
#1754 = APPROVAL_ROLE ( '' ) ;
#1755 = ORIENTED_EDGE ( 'NONE', *, *, #922, .F. ) ;
#1756 = VECTOR ( 'NONE', #240, 1000.000000000000000 ) ;
#1757 = DIRECTION ( 'NONE',  ( 0.000000000000000000, -1.000000000000000000, -1.558207753859869728E-16 ) ) ;
#1758 = VERTEX_POINT ( 'NONE', #1078 ) ;
#1759 = DIRECTION ( 'NONE',  ( -0.7071067811865475727, 0.7071067811865475727, 0.000000000000000000 ) ) ;
#1760 = ORIENTED_EDGE ( 'NONE', *, *, #1704, .F. ) ;
#1761 = CARTESIAN_POINT ( 'NONE',  ( 45.00000000000000000, 10.50000000000000000, 24.00000000000000000 ) ) ;
#1762 = CARTESIAN_POINT ( 'NONE',  ( 37.00000000000000000, 30.25000000000000000, 27.79999999999999716 ) ) ;
#1763 = DIRECTION ( 'NONE',  ( 0.000000000000000000, -1.000000000000000000, 0.000000000000000000 ) ) ;
#1764 = CC_DESIGN_PERSON_AND_ORGANIZATION_ASSIGNMENT ( #1989, #655, ( #1368 ) ) ;
#1765 = APPROVAL_ROLE ( '' ) ;
#1766 = EDGE_LOOP ( 'NONE', ( #2052, #2729, #2512, #1621 ) ) ;
#1767 = LOCAL_TIME ( 20, 1, 35.00000000000000000, #427 ) ;
#1769 = LINE ( 'NONE', #193, #2030 ) ;
#1768 = VECTOR ( 'NONE', #271, 1000.000000000000000 ) ;
#1770 = AXIS2_PLACEMENT_3D ( 'NONE', #310, #2562, #2801 ) ;
#1771 = ORIENTED_EDGE ( 'NONE', *, *, #2250, .F. ) ;
#1772 = DIRECTION ( 'NONE',  ( -1.000000000000000000, 0.000000000000000000, 0.000000000000000000 ) ) ;
#1773 = CARTESIAN_POINT ( 'NONE',  ( 43.00000000000000000, 27.00000000000000000, 24.00000000000000000 ) ) ;
#1774 = VERTEX_POINT ( 'NONE', #1761 ) ;
#1775 = VECTOR ( 'NONE', #2025, 1000.000000000000000 ) ;
#1776 = CARTESIAN_POINT ( 'NONE',  ( 43.00000000000000000, 29.44999999999999929, 13.89999999999999858 ) ) ;
#1777 = FACE_OUTER_BOUND ( 'NONE', #945, .T. ) ;
#1778 = EDGE_CURVE ( 'NONE', #690, #506, #2656, .T. ) ;
#1779 = LOCAL_TIME ( 20, 1, 35.00000000000000000, #1229 ) ;
#1780 = DIRECTION ( 'NONE',  ( 0.000000000000000000, 1.000000000000000000, 0.000000000000000000 ) ) ;
#1781 = APPROVAL_STATUS ( 'not_yet_approved' ) ;
#1782 = ORIENTED_EDGE ( 'NONE', *, *, #1266, .F. ) ;
#1783 = ADVANCED_FACE ( 'NONE', ( #677, #1580 ), #914, .T. ) ;
#1784 = DIRECTION ( 'NONE',  ( -3.226585665316859681E-13, 0.000000000000000000, 1.000000000000000000 ) ) ;
#1785 =( NAMED_UNIT ( * ) SI_UNIT ( $, .STERADIAN. ) SOLID_ANGLE_UNIT ( ) );
#1786 = ADVANCED_FACE ( 'NONE', ( #2912, #885 ), #226, .T. ) ;
#1787 = ORIENTED_EDGE ( 'NONE', *, *, #491, .T. ) ;
#1788 = FACE_OUTER_BOUND ( 'NONE', #998, .T. ) ;
#1789 = LINE ( 'NONE', #1983, #2900 ) ;
#1790 = DESIGN_CONTEXT ( 'detailed design', #2768, 'design' ) ;
#1791 = VERTEX_POINT ( 'NONE', #2037 ) ;
#1792 = CC_DESIGN_PERSON_AND_ORGANIZATION_ASSIGNMENT ( #1347, #204, ( #583 ) ) ;
#1793 = FACE_BOUND ( 'NONE', #1562, .T. ) ;
#1794 = CARTESIAN_POINT ( 'NONE',  ( 0.000000000000000000, 0.000000000000000000, 0.000000000000000000 ) ) ;
#1795 = LINE ( 'NONE', #2486, #579 ) ;
#1796 = PERSON_AND_ORGANIZATION ( #2902, #2300 ) ;
#1797 = ORIENTED_EDGE ( 'NONE', *, *, #187, .T. ) ;
#1798 = VECTOR ( 'NONE', #612, 1000.000000000000000 ) ;
#1799 = CARTESIAN_POINT ( 'NONE',  ( 0.000000000000000000, 0.000000000000000000, 0.000000000000000000 ) ) ;
#1800 = VERTEX_POINT ( 'NONE', #2482 ) ;
#1801 = LINE ( 'NONE', #1129, #1500 ) ;
#1802 =( NAMED_UNIT ( * ) SI_UNIT ( $, .STERADIAN. ) SOLID_ANGLE_UNIT ( ) );
#1803 = ORIENTED_EDGE ( 'NONE', *, *, #2868, .F. ) ;
#1804 = AXIS2_PLACEMENT_3D ( 'NONE', #1341, #2700, #1119 ) ;
#1805 = EDGE_CURVE ( 'NONE', #94, #1864, #238, .T. ) ;
#1806 = CARTESIAN_POINT ( 'NONE',  ( -19.76032694114510235, -1.209971056928930006E-15, 4.500000000000000000 ) ) ;
#1807 = FACE_OUTER_BOUND ( 'NONE', #2738, .T. ) ;
#1808 = CARTESIAN_POINT ( 'NONE',  ( -16.54999962784249945, -9.999999754130840302, 4.500000000006049383 ) ) ;
#1809 = DIRECTION ( 'NONE',  ( -0.000000000000000000, 1.000000000000000000, 0.000000000000000000 ) ) ;
#1810 = PERSON_AND_ORGANIZATION_ROLE ( 'classification_officer' ) ;
#1811 = ORIENTED_EDGE ( 'NONE', *, *, #822, .F. ) ;
#1812 = PERSON_AND_ORGANIZATION ( #2902, #2300 ) ;
#1813 = LOCAL_TIME ( 20, 1, 35.00000000000000000, #1863 ) ;
#1814 = AXIS2_PLACEMENT_3D ( 'NONE', #2369, #2825, #2176 ) ;
#1815 = ORIENTED_EDGE ( 'NONE', *, *, #596, .T. ) ;
#1816 = CARTESIAN_POINT ( 'NONE',  ( 0.000000000000000000, -2.755451082640380203E-16, 2.000000000011390444 ) ) ;
#1817 = FACE_OUTER_BOUND ( 'NONE', #1058, .T. ) ;
#1818 = VECTOR ( 'NONE', #1679, 1000.000000000000000 ) ;
#1819 = ORIENTED_EDGE ( 'NONE', *, *, #563, .F. ) ;
#1820 = ADVANCED_FACE ( 'NONE', ( #1793, #695 ), #2465, .T. ) ;
#1821 = DIRECTION ( 'NONE',  ( -8.217301096052209613E-34, 1.000000000000000000, 0.000000000000000000 ) ) ;
#1822 = LINE ( 'NONE', #2615, #261 ) ;
#1823 = AXIS2_PLACEMENT_3D ( 'NONE', #517, #2042, #983 ) ;
#1824 = FACE_OUTER_BOUND ( 'NONE', #1401, .T. ) ;
#1825 = EDGE_CURVE ( 'NONE', #2010, #1589, #2686, .T. ) ;
#1826 = CARTESIAN_POINT ( 'NONE',  ( -2.000000000000000000, 32.67156183448699380, 32.00000000000000000 ) ) ;
#1827 = FACE_OUTER_BOUND ( 'NONE', #2260, .T. ) ;
#1828 = ORIENTED_EDGE ( 'NONE', *, *, #2764, .T. ) ;
#1829 = COORDINATED_UNIVERSAL_TIME_OFFSET ( 2, 0, .AHEAD. ) ;
#1830 = ORIENTED_EDGE ( 'NONE', *, *, #1606, .F. ) ;
#1831 = EDGE_CURVE ( 'NONE', #722, #476, #665, .T. ) ;
#1832 = CALENDAR_DATE ( 2026, 24, 9 ) ;
#1833 = ORIENTED_EDGE ( 'NONE', *, *, #1211, .T. ) ;
#1834 = ORIENTED_EDGE ( 'NONE', *, *, #178, .T. ) ;
#1835 = CARTESIAN_POINT ( 'NONE',  ( 34.99999997019770603, 28.00000041723249922, 5.000000000000000000 ) ) ;
#1836 = DIRECTION ( 'NONE',  ( 0.000000000000000000, 0.000000000000000000, 1.000000000000000000 ) ) ;
#1837 = VERTEX_POINT ( 'NONE', #1359 ) ;
#1838 = DIRECTION ( 'NONE',  ( 0.000000000000000000, 0.000000000000000000, 1.000000000000000000 ) ) ;
#1839 = DIRECTION ( 'NONE',  ( 0.000000000000000000, 1.000000000000000000, 0.000000000000000000 ) ) ;
#1840 = CARTESIAN_POINT ( 'NONE',  ( 43.00000000000000000, 29.44999999999999929, 28.60000000000000142 ) ) ;
#1841 = LINE ( 'NONE', #1364, #926 ) ;
#1842 = ORIENTED_EDGE ( 'NONE', *, *, #1133, .F. ) ;
#1843 = APPROVAL_ROLE ( '' ) ;
#1844 = ORIENTED_EDGE ( 'NONE', *, *, #902, .T. ) ;
#1845 = ADVANCED_FACE ( 'NONE', ( #7 ), #899, .F. ) ;
#1846 = APPROVAL_STATUS ( 'not_yet_approved' ) ;
#1847 = ORIENTED_EDGE ( 'NONE', *, *, #252, .F. ) ;
#1848 = VERTEX_POINT ( 'NONE', #1138 ) ;
#1849 = LINE ( 'NONE', #1389, #439 ) ;
#1850 = CARTESIAN_POINT ( 'NONE',  ( 10.00000014901189971, -8.484363381672159562E-32, 7.000000000000750511 ) ) ;
#1851 = ORIENTED_EDGE ( 'NONE', *, *, #1280, .F. ) ;
#1852 = AXIS2_PLACEMENT_3D ( 'NONE', #1808, #2093, #1377 ) ;
#1853 = VECTOR ( 'NONE', #268, 1000.000000000000000 ) ;
#1854 = CARTESIAN_POINT ( 'NONE',  ( 0.2000000000012920054, -10.99999975413079945, 4.500000000006049383 ) ) ;
#1855 = AXIS2_PLACEMENT_3D ( 'NONE', #598, #2617, #1749 ) ;
#1856 = DIRECTION ( 'NONE',  ( 0.000000000000000000, 1.000000000000000000, 0.000000000000000000 ) ) ;
#1857 = CARTESIAN_POINT ( 'NONE',  ( 43.00000000000000000, 30.25000000000000000, 28.60000000000000142 ) ) ;
#1858 = DIRECTION ( 'NONE',  ( -0.000000000000000000, 1.000000000000000000, 0.000000000000000000 ) ) ;
#1859 = ORIENTED_EDGE ( 'NONE', *, *, #862, .T. ) ;
#1860 = VERTEX_POINT ( 'NONE', #1379 ) ;
#1861 = CC_DESIGN_PERSON_AND_ORGANIZATION_ASSIGNMENT ( #2365, #2623, ( #1221 ) ) ;
#1862 = EDGE_CURVE ( 'NONE', #2378, #2696, #1155, .T. ) ;
#1863 = COORDINATED_UNIVERSAL_TIME_OFFSET ( 2, 0, .AHEAD. ) ;
#1864 = VERTEX_POINT ( 'NONE', #714 ) ;
#1865 = ORIENTED_EDGE ( 'NONE', *, *, #1477, .F. ) ;
#1866 = CARTESIAN_POINT ( 'NONE',  ( 0.000000000000000000, 32.98552262796359713, 15.74377949634119744 ) ) ;
#1867 = DIRECTION ( 'NONE',  ( 0.000000000000000000, 1.000000000000000000, 0.000000000000000000 ) ) ;
#1868 = APPLICATION_CONTEXT ( 'configuration controlled 3d designs of mechanical parts and assemblies' ) ;
#1869 = LINE ( 'NONE', #2513, #1530 ) ;
#1870 = DIRECTION ( 'NONE',  ( 3.700743415417149436E-17, 0.000000000000000000, -1.000000000000000000 ) ) ;
#1871 = EDGE_CURVE ( 'NONE', #707, #2663, #747, .T. ) ;
#1872 = DIRECTION ( 'NONE',  ( 1.000000000000000000, 0.000000000000000000, 3.226551062865470171E-13 ) ) ;
#1873 = VECTOR ( 'NONE', #1106, 1000.000000000000000 ) ;
#1874 = CARTESIAN_POINT ( 'NONE',  ( 43.00000000000000000, 4.025000000000000355, 27.79999999999999716 ) ) ;
#1875 = ORIENTED_EDGE ( 'NONE', *, *, #1503, .F. ) ;
#1876 = SECURITY_CLASSIFICATION_LEVEL ( 'unclassified' ) ;
#1877 = ORIENTED_EDGE ( 'NONE', *, *, #2792, .T. ) ;
#1878 = ADVANCED_FACE ( 'NONE', ( #2316 ), #1616, .F. ) ;
#1879 = PERSON_AND_ORGANIZATION_ROLE ( 'classification_officer' ) ;
#1880 = LINE ( 'NONE', #552, #601 ) ;
#1881 = AXIS2_PLACEMENT_3D ( 'NONE', #628, #2474, #418 ) ;
#1882 = VECTOR ( 'NONE', #2338, 1000.000000000000000 ) ;
#1883 = ORIENTED_EDGE ( 'NONE', *, *, #1073, .F. ) ;
#1884 = EDGE_LOOP ( 'NONE', ( #2374, #1639, #2541 ) ) ;
#1885 = DIRECTION ( 'NONE',  ( 0.000000000000000000, -1.000000000000000000, 0.000000000000000000 ) ) ;
#1886 = EDGE_CURVE ( 'NONE', #851, #340, #2534, .T. ) ;
#1887 = DIRECTION ( 'NONE',  ( 1.000000000000000000, 0.000000000000000000, 3.226551062865470171E-13 ) ) ;
#1888 = APPROVAL ( #1781, 'UNSPECIFIED' ) ;
#1889 = EDGE_CURVE ( 'NONE', #449, #279, #293, .T. ) ;
#1890 = DIRECTION ( 'NONE',  ( -1.000000000000000000, 3.595069229522839803E-33, 0.000000000000000000 ) ) ;
#1891 = LINE ( 'NONE', #2128, #2812 ) ;
#1892 = CARTESIAN_POINT ( 'NONE',  ( 45.00000000000000000, 77.50000000000000000, 0.000000000000000000 ) ) ;
#1893 = ORIENTED_EDGE ( 'NONE', *, *, #1427, .F. ) ;
#1894 = PERSON_AND_ORGANIZATION_ROLE ( 'creator' ) ;
#1895 = ORIENTED_EDGE ( 'NONE', *, *, #1121, .F. ) ;
#1896 = APPROVAL_ROLE ( '' ) ;
#1897 = CARTESIAN_POINT ( 'NONE',  ( 0.000000000000000000, 0.000000000000000000, 32.00000000000000000 ) ) ;
#1898 = ORIENTED_EDGE ( 'NONE', *, *, #255, .F. ) ;
#1899 = DIRECTION ( 'NONE',  ( 0.000000000000000000, 1.000000000000000000, 0.000000000000000000 ) ) ;
#1900 = VERTEX_POINT ( 'NONE', #2754 ) ;
#1901 = PLANE ( 'NONE',  #1917 ) ;
#1902 = VECTOR ( 'NONE', #514, 1000.000000000000000 ) ;
#1903 = CARTESIAN_POINT ( 'NONE',  ( 0.2000000000006469936, -4.999999877065420151, 4.500000000006049383 ) ) ;
#1904 = DIRECTION ( 'NONE',  ( -1.000000000000000000, 0.000000000000000000, 0.000000000000000000 ) ) ;
#1905 = FACE_OUTER_BOUND ( 'NONE', #518, .T. ) ;
#1906 = EDGE_LOOP ( 'NONE', ( #703, #2779, #1554, #1893 ) ) ;
#1907 = SHAPE_DEFINITION_REPRESENTATION ( #1693, #63 ) ;
#1908 = FACE_OUTER_BOUND ( 'NONE', #490, .T. ) ;
#1909 = ORIENTED_EDGE ( 'NONE', *, *, #2189, .T. ) ;
#1910 = CARTESIAN_POINT ( 'NONE',  ( 43.00000000000000000, 7.250000000000000000, 27.79999999999999716 ) ) ;
#1911 = DIRECTION ( 'NONE',  ( -3.226551062865470171E-13, 0.000000000000000000, 1.000000000000000000 ) ) ;
#1912 = EDGE_CURVE ( 'NONE', #938, #1182, #2770, .T. ) ;
#1913 = ADVANCED_FACE ( 'NONE', ( #699 ), #2501, .T. ) ;
#1914 = DIRECTION ( 'NONE',  ( 0.000000000000000000, -1.000000000000000000, 0.000000000000000000 ) ) ;
#1915 = LOCAL_TIME ( 20, 1, 35.00000000000000000, #2389 ) ;
#1916 = DIRECTION ( 'NONE',  ( -1.000000000000000000, 0.000000000000000000, -3.700743415417149436E-17 ) ) ;
#1917 = AXIS2_PLACEMENT_3D ( 'NONE', #1460, #788, #2381 ) ;
#1918 = DIRECTION ( 'NONE',  ( 0.000000000000000000, 0.000000000000000000, 1.000000000000000000 ) ) ;
#1919 = VERTEX_POINT ( 'NONE', #2298 ) ;
#1920 = VECTOR ( 'NONE', #1916, 1000.000000000000000 ) ;
#1921 = EDGE_CURVE ( 'NONE', #2746, #1231, #2331, .T. ) ;
#1922 = VECTOR ( 'NONE', #600, 1000.000000000000114 ) ;
#1923 = COORDINATED_UNIVERSAL_TIME_OFFSET ( 2, 0, .AHEAD. ) ;
#1924 = DIRECTION ( 'NONE',  ( 1.000000000000000000, 0.000000000000000000, 0.000000000000000000 ) ) ;
#1925 = ORIENTED_EDGE ( 'NONE', *, *, #957, .F. ) ;
#1926 = CARTESIAN_POINT ( 'NONE',  ( 2.200000000000320366, -1.540743955509789777E-32, 1.000000000006399992 ) ) ;
#1927 = VERTEX_POINT ( 'NONE', #1630 ) ;
#1928 = LINE ( 'NONE', #595, #1448 ) ;
#1929 = PRODUCT_DEFINITION_SHAPE ( 'NONE', 'NONE',  #2464 ) ;
#1930 = DIRECTION ( 'NONE',  ( 0.000000000000000000, 1.000000000000000000, 0.000000000000000000 ) ) ;
#1931 = CARTESIAN_POINT ( 'NONE',  ( 37.00000000000000000, 29.44999999999999929, 27.79999999999999716 ) ) ;
#1932 = DIRECTION ( 'NONE',  ( 0.000000000000000000, 0.000000000000000000, 1.000000000000000000 ) ) ;
#1933 = ORIENTED_EDGE ( 'NONE', *, *, #87, .T. ) ;
#1934 = CC_DESIGN_APPROVAL ( #2702, ( #1412 ) ) ;
#1935 = DATE_TIME_ROLE ( 'classification_date' ) ;
#1936 = APPROVAL_DATE_TIME ( #1030, #2248 ) ;
#1937 = FACE_OUTER_BOUND ( 'NONE', #1655, .T. ) ;
#1938 = ORIENTED_EDGE ( 'NONE', *, *, #1220, .F. ) ;
#1939 = PLANE ( 'NONE',  #1277 ) ;
#1940 = FACE_OUTER_BOUND ( 'NONE', #1884, .T. ) ;
#1941 = DIRECTION ( 'NONE',  ( -1.000000000000000000, -6.123233995736769734E-17, 0.000000000000000000 ) ) ;
#1942 = PLANE ( 'NONE',  #1770 ) ;
#1943 = DIRECTION ( 'NONE',  ( 1.000000000000000000, -3.595069229522839803E-33, 0.000000000000000000 ) ) ;
#1944 = VECTOR ( 'NONE', #1980, 1000.000000000000000 ) ;
#1945 = COORDINATED_UNIVERSAL_TIME_OFFSET ( 2, 0, .AHEAD. ) ;
#1946 = CC_DESIGN_PERSON_AND_ORGANIZATION_ASSIGNMENT ( #151, #2596, ( #2464 ) ) ;
#1947 = VECTOR ( 'NONE', #1285, 1000.000000000000000 ) ;
#1948 = CALENDAR_DATE ( 2026, 24, 9 ) ;
#1949 = ORIENTED_EDGE ( 'NONE', *, *, #1657, .T. ) ;
#1951 = VERTEX_POINT ( 'NONE', #1647 ) ;
#1950 = VECTOR ( 'NONE', #847, 1000.000000000000000 ) ;
#1952 = EDGE_CURVE ( 'NONE', #2048, #2598, #1841, .T. ) ;
#1953 = CARTESIAN_POINT ( 'NONE',  ( 43.00000000000000000, 7.250000000000000000, 28.60000000000000142 ) ) ;
#1954 = AXIS2_PLACEMENT_3D ( 'NONE', #1910, #724, #2290 ) ;
#1955 = DIRECTION ( 'NONE',  ( 0.000000000000000000, 0.000000000000000000, 1.000000000000000000 ) ) ;
#1956 = LINE ( 'NONE', #832, #1091 ) ;
#1957 = FACE_OUTER_BOUND ( 'NONE', #2593, .T. ) ;
#1958 = CARTESIAN_POINT ( 'NONE',  ( 0.000000000000000000, 0.000000000000000000, 0.000000000000000000 ) ) ;
#1959 = ADVANCED_FACE ( 'NONE', ( #950 ), #2077, .T. ) ;
#1960 = DATE_TIME_ROLE ( 'classification_date' ) ;
#1961 = EDGE_CURVE ( 'NONE', #2788, #1927, #1431, .T. ) ;
#1962 = CC_DESIGN_APPROVAL ( #331, ( #2464 ) ) ;
#1963 = DIRECTION ( 'NONE',  ( 0.000000000000000000, -1.000000000000000000, 0.000000000000000000 ) ) ;
#1964 = AXIS2_PLACEMENT_3D ( 'NONE', #2291, #1578, #1867 ) ;
#1965 = EDGE_CURVE ( 'NONE', #1919, #153, #2268, .T. ) ;
#1966 = APPLICATION_PROTOCOL_DEFINITION ( 'international standard', 'config_control_design', 1994, #2320 ) ;
#1967 = ORIENTED_EDGE ( 'NONE', *, *, #1889, .T. ) ;
#1968 = DIRECTION ( 'NONE',  ( -1.000000000000000000, 0.000000000000000000, 0.000000000000000000 ) ) ;
#1969 = AXIS2_PLACEMENT_3D ( 'NONE', #2194, #2751, #1838 ) ;
#1970 = CARTESIAN_POINT ( 'NONE',  ( 37.00000000000000000, 8.050000000000000711, 28.60000000000000142 ) ) ;
#1971 = EDGE_LOOP ( 'NONE', ( #282, #2880, #1608, #1199 ) ) ;
#1972 = CARTESIAN_POINT ( 'NONE',  ( 2.200000000000650324, -2.755451082640380203E-16, 1.209948807812110096E-11 ) ) ;
#1973 = CC_DESIGN_DATE_AND_TIME_ASSIGNMENT ( #2774, #2079, ( #2492 ) ) ;
#1974 = DIRECTION ( 'NONE',  ( 0.000000000000000000, 0.000000000000000000, 1.000000000000000000 ) ) ;
#1975 = PLANE ( 'NONE',  #831 ) ;
#1976 = ADVANCED_FACE ( 'NONE', ( #1415 ), #483, .T. ) ;
#1977 = DIRECTION ( 'NONE',  ( 0.000000000000000000, 0.000000000000000000, -1.000000000000000000 ) ) ;
#1978 = APPROVAL_ROLE ( '' ) ;
#1979 = ORIENTED_EDGE ( 'NONE', *, *, #2354, .F. ) ;
#1980 = DIRECTION ( 'NONE',  ( 0.000000000000000000, 0.000000000000000000, 1.000000000000000000 ) ) ;
#1981 =( REPRESENTATION_RELATIONSHIP ('NONE','NONE', #1357, #2398 ) REPRESENTATION_RELATIONSHIP_WITH_TRANSFORMATION ( #2607 )SHAPE_REPRESENTATION_RELATIONSHIP( ) );
#1982 = ORIENTED_EDGE ( 'NONE', *, *, #1170, .T. ) ;
#1983 = CARTESIAN_POINT ( 'NONE',  ( -7.960786666666740174, 26.71077709858560212, 32.00000000000000000 ) ) ;
#1984 = ORIENTED_EDGE ( 'NONE', *, *, #1352, .T. ) ;
#1985 = CC_DESIGN_DATE_AND_TIME_ASSIGNMENT ( #2834, #1241, ( #549 ) ) ;
#1986 = DIRECTION ( 'NONE',  ( -0.000000000000000000, 1.000000000000000000, 0.000000000000000000 ) ) ;
#1987 = PLANE ( 'NONE',  #1158 ) ;
#1988 = LINE ( 'NONE', #214, #537 ) ;
#1989 = PERSON_AND_ORGANIZATION ( #2902, #2300 ) ;
#1990 = ORIENTED_EDGE ( 'NONE', *, *, #471, .F. ) ;
#1991 = VECTOR ( 'NONE', #1661, 1000.000000000000000 ) ;
#1992 = LINE ( 'NONE', #2226, #435 ) ;
#1993 = VECTOR ( 'NONE', #2192, 1000.000000000000000 ) ;
#1994 = CARTESIAN_POINT ( 'NONE',  ( 0.000000000000000000, 0.000000000000000000, 0.000000000000000000 ) ) ;
#1995 = EDGE_CURVE ( 'NONE', #2210, #237, #311, .T. ) ;
#1996 = ORIENTED_EDGE ( 'NONE', *, *, #2681, .F. ) ;
#1997 = LINE ( 'NONE', #461, #2016 ) ;
#1998 = CARTESIAN_POINT ( 'NONE',  ( -2.000000000000000000, 2.242761313981779914, 31.48755899268229541 ) ) ;
#1999 = VERTEX_POINT ( 'NONE', #1892 ) ;
#2000 = CARTESIAN_POINT ( 'NONE',  ( -3.081487911019580102E-32, 37.50000000000000000, 0.000000000000000000 ) ) ;
#2001 = DIRECTION ( 'NONE',  ( 0.000000000000000000, 0.000000000000000000, -1.000000000000000000 ) ) ;
#2002 = EDGE_CURVE ( 'NONE', #1864, #2115, #2787, .T. ) ;
#2003 = ADVANCED_FACE ( 'NONE', ( #1827 ), #1251, .F. ) ;
#2004 = CARTESIAN_POINT ( 'NONE',  ( 0.000000000000000000, 4.500000000000000000, 4.500000000000000000 ) ) ;
#2005 = EDGE_CURVE ( 'NONE', #1951, #2771, #1696, .T. ) ;
#2006 = APPROVAL_DATE_TIME ( #2649, #845 ) ;
#2007 = ORIENTED_EDGE ( 'NONE', *, *, #1429, .F. ) ;
#2009 = CARTESIAN_POINT ( 'NONE',  ( -31.00000046193600411, 0.000000000000000000, 31.00000000000000000 ) ) ;
#2008 = VECTOR ( 'NONE', #2418, 1000.000000000000000 ) ;
#2010 = VERTEX_POINT ( 'NONE', #2129 ) ;
#2011 = CARTESIAN_POINT ( 'NONE',  ( 34.99999997019770603, 8.000000119209289551, 2.000000000000000000 ) ) ;
#2012 = DIRECTION ( 'NONE',  ( 1.000000000000000000, -3.595069229522839803E-33, 0.000000000000000000 ) ) ;
#2013 = ORIENTED_EDGE ( 'NONE', *, *, #859, .F. ) ;
#2014 = CARTESIAN_POINT ( 'NONE',  ( -3.081487911019580102E-32, 37.50000000000000000, 0.000000000000000000 ) ) ;
#2015 = DIRECTION ( 'NONE',  ( 0.000000000000000000, 0.000000000000000000, -1.000000000000000000 ) ) ;
#2016 = VECTOR ( 'NONE', #1310, 1000.000000000000000 ) ;
#2017 = CARTESIAN_POINT ( 'NONE',  ( 10.00000014901189971, -3.595069283093649989E-32, 14.00000000000040146 ) ) ;
#2018 = PERSON_AND_ORGANIZATION_ROLE ( 'creator' ) ;
#2019 = ORIENTED_EDGE ( 'NONE', *, *, #1292, .F. ) ;
#2020 = EDGE_CURVE ( 'NONE', #237, #723, #834, .T. ) ;
#2021 = ORIENTED_EDGE ( 'NONE', *, *, #2396, .T. ) ;
#2022 = DIRECTION ( 'NONE',  ( 0.000000000000000000, 1.000000000000000000, 0.000000000000000000 ) ) ;
#2023 = ORIENTED_EDGE ( 'NONE', *, *, #1391, .F. ) ;
#2024 = DIRECTION ( 'NONE',  ( -1.000000000000000000, -6.123233995736769734E-17, -5.746625557483809390E-17 ) ) ;
#2025 = DIRECTION ( 'NONE',  ( -1.000000000000000000, 0.000000000000000000, -3.700743415417149436E-17 ) ) ;
#2026 = LINE ( 'NONE', #2752, #1375 ) ;
#2027 = CARTESIAN_POINT ( 'NONE',  ( 2.000000000000000000, 2.000000000000000000, 32.00000000000000000 ) ) ;
#2028 = CALENDAR_DATE ( 2026, 24, 9 ) ;
#2029 = ORIENTED_EDGE ( 'NONE', *, *, #1045, .F. ) ;
#2030 = VECTOR ( 'NONE', #416, 1000.000000000000000 ) ;
#2031 = EDGE_CURVE ( 'NONE', #1399, #2850, #573, .T. ) ;
#2032 = ORIENTED_EDGE ( 'NONE', *, *, #437, .T. ) ;
#2033 = LINE ( 'NONE', #2478, #1637 ) ;
#2034 = DIRECTION ( 'NONE',  ( 0.000000000000000000, 0.000000000000000000, -1.000000000000000000 ) ) ;
#2035 = VERTEX_POINT ( 'NONE', #586 ) ;
#2036 = VECTOR ( 'NONE', #635, 1000.000000000000000 ) ;
#2037 = CARTESIAN_POINT ( 'NONE',  ( 10.00000014901189971, -2.250000000000000000, 28.00000000000069988 ) ) ;
#2038 = LINE ( 'NONE', #1644, #2856 ) ;
#2039 = DIRECTION ( 'NONE',  ( 0.000000000000000000, -1.000000000000000000, 0.000000000000000000 ) ) ;
#2040 = EDGE_CURVE ( 'NONE', #24, #2, #560, .T. ) ;
#2041 = FACE_OUTER_BOUND ( 'NONE', #1142, .T. ) ;
#2042 = DIRECTION ( 'NONE',  ( -9.868649107779168700E-17, -1.000000000000000000, 0.000000000000000000 ) ) ;
#2043 = ORIENTED_EDGE ( 'NONE', *, *, #1886, .F. ) ;
#2044 = EDGE_CURVE ( 'NONE', #2281, #2741, #2817, .T. ) ;
#2045 = SECURITY_CLASSIFICATION_LEVEL ( 'unclassified' ) ;
#2046 = ORIENTED_EDGE ( 'NONE', *, *, #2236, .T. ) ;
#2047 = SHAPE_REPRESENTATION_RELATIONSHIP ( 'NONE' , 'NONE' ,  #63, #1674 ) ;
#2048 = VERTEX_POINT ( 'NONE', #1502 ) ;
#2049 =( REPRESENTATION_RELATIONSHIP ('NONE','NONE', #981, #63 ) REPRESENTATION_RELATIONSHIP_WITH_TRANSFORMATION ( #717 )SHAPE_REPRESENTATION_RELATIONSHIP( ) );
#2050 = LOCAL_TIME ( 20, 1, 35.00000000000000000, #2676 ) ;
#2051 = AXIS2_PLACEMENT_3D ( 'NONE', #433, #630, #649 ) ;
#2052 = ORIENTED_EDGE ( 'NONE', *, *, #2569, .T. ) ;
#2053 = DIRECTION ( 'NONE',  ( 0.000000000000000000, 0.000000000000000000, 1.000000000000000000 ) ) ;
#2054 = PLANE ( 'NONE',  #2472 ) ;
#2055 = VECTOR ( 'NONE', #2297, 1000.000000000000000 ) ;
#2056 = VERTEX_POINT ( 'NONE', #106 ) ;
#2057 = DIRECTION ( 'NONE',  ( -1.000000000000000000, 0.000000000000000000, 0.000000000000000000 ) ) ;
#2058 = VECTOR ( 'NONE', #411, 1000.000000000000000 ) ;
#2059 = EDGE_CURVE ( 'NONE', #314, #1791, #1475, .T. ) ;
#2060 = DIRECTION ( 'NONE',  ( 0.000000000000000000, 0.000000000000000000, 1.000000000000000000 ) ) ;
#2061 = LINE ( 'NONE', #42, #1017 ) ;
#2062 = DIRECTION ( 'NONE',  ( -1.000000000000000000, 0.000000000000000000, 0.000000000000000000 ) ) ;
#2063 = ORIENTED_EDGE ( 'NONE', *, *, #1778, .T. ) ;
#2064 = COORDINATED_UNIVERSAL_TIME_OFFSET ( 2, 0, .AHEAD. ) ;
#2065 = VERTEX_POINT ( 'NONE', #1026 ) ;
#2066 = COORDINATED_UNIVERSAL_TIME_OFFSET ( 2, 0, .AHEAD. ) ;
#2067 = EDGE_LOOP ( 'NONE', ( #2243, #115, #1016, #419, #884, #2448, #2283, #1544 ) ) ;
#2068 = ORIENTED_EDGE ( 'NONE', *, *, #2005, .F. ) ;
#2069 = FACE_OUTER_BOUND ( 'NONE', #1325, .T. ) ;
#2070 = CARTESIAN_POINT ( 'NONE',  ( 45.00000000000000000, 77.50000000000000000, 0.000000000000000000 ) ) ;
#2071 = ORIENTED_EDGE ( 'NONE', *, *, #233, .T. ) ;
#2072 = APPROVAL_PERSON_ORGANIZATION ( #1417, #2618, #1175 ) ;
#2073 = DIRECTION ( 'NONE',  ( 0.000000000000000000, 0.000000000000000000, 1.000000000000000000 ) ) ;
#2074 = PRODUCT_RELATED_PRODUCT_CATEGORY ( 'detail', '', ( #344 ) ) ;
#2075 = CARTESIAN_POINT ( 'NONE',  ( -35.29999999999939320, -10.99999975413079945, 32.00000000000609646 ) ) ;
#2076 = DIRECTION ( 'NONE',  ( 0.000000000000000000, 0.000000000000000000, 1.000000000000000000 ) ) ;
#2077 = PLANE ( 'NONE',  #1823 ) ;
#2078 = VERTEX_POINT ( 'NONE', #339 ) ;
#2079 = DATE_TIME_ROLE ( 'classification_date' ) ;
#2080 = ORIENTED_EDGE ( 'NONE', *, *, #1831, .F. ) ;
#2081 = PERSON_AND_ORGANIZATION ( #2902, #2300 ) ;
#2082 = ORIENTED_EDGE ( 'NONE', *, *, #2125, .T. ) ;
#2083 = ORIENTED_EDGE ( 'NONE', *, *, #167, .T. ) ;
#2084 = VECTOR ( 'NONE', #399, 1000.000000000000000 ) ;
#2085 = DIRECTION ( 'NONE',  ( 0.000000000000000000, 0.000000000000000000, -1.000000000000000000 ) ) ;
#2086 = DIRECTION ( 'NONE',  ( 0.000000000000000000, -1.000000000000000000, 0.000000000000000000 ) ) ;
#2087 = UNCERTAINTY_MEASURE_WITH_UNIT (LENGTH_MEASURE( 1.000000000000000082E-05 ), #2228, 'distance_accuracy_value', 'NONE');
#2088 = ORIENTED_EDGE ( 'NONE', *, *, #687, .T. ) ;
#2089 = EDGE_CURVE ( 'NONE', #1791, #13, #1449, .T. ) ;
#2090 = VECTOR ( 'NONE', #2762, 1000.000000000000000 ) ;
#2091 = FACE_BOUND ( 'NONE', #1493, .T. ) ;
#2092 = AXIS2_PLACEMENT_3D ( 'NONE', #2487, #1601, #2704 ) ;
#2093 = DIRECTION ( 'NONE',  ( 0.000000000000000000, 0.000000000000000000, 1.000000000000000000 ) ) ;
#2094 = LINE ( 'NONE', #469, #2606 ) ;
#2095 = DIRECTION ( 'NONE',  ( 0.000000000000000000, -1.000000000000000000, 0.000000000000000000 ) ) ;
#2096 = ORIENTED_EDGE ( 'NONE', *, *, #823, .F. ) ;
#2097 = PERSON_AND_ORGANIZATION_ROLE ( 'classification_officer' ) ;
#2098 = VERTEX_POINT ( 'NONE', #2386 ) ;
#2099 = PERSON ( 'NAUO-PER4', 'UNSPECIFIED', 'UNSPECIFIED', ('UNSPECIFIED'), ('UNSPECIFIED'), ('UNSPECIFIED') ) ;
#2100 = EDGE_CURVE ( 'NONE', #2035, #1860, #160, .T. ) ;
#2101 = COORDINATED_UNIVERSAL_TIME_OFFSET ( 2, 0, .AHEAD. ) ;
#2102 = DIRECTION ( 'NONE',  ( 8.217301096052209613E-34, -1.000000000000000000, 0.000000000000000000 ) ) ;
#2103 = ORIENTED_EDGE ( 'NONE', *, *, #879, .F. ) ;
#2104 = CC_DESIGN_DATE_AND_TIME_ASSIGNMENT ( #1588, #1540, ( #1234 ) ) ;
#2105 = ORIENTED_EDGE ( 'NONE', *, *, #2216, .T. ) ;
#2106 = CARTESIAN_POINT ( 'NONE',  ( -33.29999925568699837, 0.000000000000000000, 2.000000000006049827 ) ) ;
#2107 = EDGE_CURVE ( 'NONE', #265, #2130, #381, .T. ) ;
#2108 = LOCAL_TIME ( 20, 1, 35.00000000000000000, #2159 ) ;
#2109 = MANIFOLD_SOLID_BREP ( 'Body1[1]', #609 ) ;
#2110 = LINE ( 'NONE', #2498, #2760 ) ;
#2111 = LINE ( 'NONE', #1007, #2846 ) ;
#2112 = CARTESIAN_POINT ( 'NONE',  ( 45.00000000000000000, 10.50000000000000000, 12.00000000000000000 ) ) ;
#2113 = AXIS2_PLACEMENT_3D ( 'NONE', #2168, #149, #1724 ) ;
#2114 = CARTESIAN_POINT ( 'NONE',  ( 34.99999997019770603, 8.000000119209289551, 5.000000000000000000 ) ) ;
#2115 = VERTEX_POINT ( 'NONE', #1237 ) ;
#2116 = CALENDAR_DATE ( 2026, 24, 9 ) ;
#2117 = ORIENTED_EDGE ( 'NONE', *, *, #1805, .T. ) ;
#2118 = APPROVAL_DATE_TIME ( #2351, #198 ) ;
#2119 = CARTESIAN_POINT ( 'NONE',  ( 43.00000000000000000, 8.050000000000000711, 28.60000000000000142 ) ) ;
#2120 = CC_DESIGN_SECURITY_CLASSIFICATION ( #223, ( #2394 ) ) ;
#2121 = AXIS2_PLACEMENT_3D ( 'NONE', #540, #1468, #122 ) ;
#2122 = VERTEX_POINT ( 'NONE', #1958 ) ;
#2123 = PRODUCT_DEFINITION_SHAPE ( 'NONE', 'NONE',  #2918 ) ;
#2124 = DIRECTION ( 'NONE',  ( 1.000000000000000000, 0.000000000000000000, 0.000000000000000000 ) ) ;
#2125 = EDGE_CURVE ( 'NONE', #1086, #4, #367, .T. ) ;
#2126 = LINE ( 'NONE', #770, #1104 ) ;
#2127 = CARTESIAN_POINT ( 'NONE',  ( 11.25000000000000000, 0.000000000000000000, 32.00000000000000000 ) ) ;
#2128 = CARTESIAN_POINT ( 'NONE',  ( 43.00000000000000000, 7.250000000000000000, 28.60000000000000142 ) ) ;
#2129 = CARTESIAN_POINT ( 'NONE',  ( 43.00000000000000000, 10.50000000000000000, 32.00000000000000000 ) ) ;
#2130 = VERTEX_POINT ( 'NONE', #1264 ) ;
#2131 = VECTOR ( 'NONE', #576, 1000.000000000000000 ) ;
#2132 = CALENDAR_DATE ( 2026, 24, 9 ) ;
#2133 = APPROVAL_STATUS ( 'not_yet_approved' ) ;
#2134 = DIRECTION ( 'NONE',  ( -1.000000000000000000, 3.595069229522839803E-33, 0.000000000000000000 ) ) ;
#2135 = EDGE_LOOP ( 'NONE', ( #577, #1748, #614, #470 ) ) ;
#2136 = EDGE_CURVE ( 'NONE', #2696, #2726, #327, .T. ) ;
#2137 = CARTESIAN_POINT ( 'NONE',  ( 40.00000014901190326, -2.250000000000000000, 7.000000000000750511 ) ) ;
#2138 = EDGE_CURVE ( 'NONE', #279, #46, #2831, .T. ) ;
#2139 = DIRECTION ( 'NONE',  ( -1.000000000000000000, 0.000000000000000000, 0.000000000000000000 ) ) ;
#2140 = EDGE_CURVE ( 'NONE', #1927, #690, #1681, .T. ) ;
#2141 = AXIS2_PLACEMENT_3D ( 'NONE', #681, #1870, #2499 ) ;
#2142 = CARTESIAN_POINT ( 'NONE',  ( 10.00000014901189971, -2.250000000000000000, 7.000000000000750511 ) ) ;
#2143 = FACE_OUTER_BOUND ( 'NONE', #812, .T. ) ;
#2144 = DIRECTION ( 'NONE',  ( 0.000000000000000000, 0.000000000000000000, -1.000000000000000000 ) ) ;
#2145 = ORIENTED_EDGE ( 'NONE', *, *, #538, .F. ) ;
#2146 = COORDINATED_UNIVERSAL_TIME_OFFSET ( 2, 0, .AHEAD. ) ;
#2147 = DIRECTION ( 'NONE',  ( 0.000000000000000000, 0.000000000000000000, -1.000000000000000000 ) ) ;
#2148 = ORIENTED_EDGE ( 'NONE', *, *, #2648, .T. ) ;
#2149 = CARTESIAN_POINT ( 'NONE',  ( 25.00000014901189971, -2.250000000000000000, 17.50000000000070344 ) ) ;
#2150 = ORIENTED_EDGE ( 'NONE', *, *, #1921, .F. ) ;
#2151 = FACE_OUTER_BOUND ( 'NONE', #642, .T. ) ;
#2152 = CARTESIAN_POINT ( 'NONE',  ( -35.29999999999939320, 0.000000000000000000, 32.00000000000609646 ) ) ;
#2153 = CC_DESIGN_SECURITY_CLASSIFICATION ( #1393, ( #259 ) ) ;
#2154 = FACE_OUTER_BOUND ( 'NONE', #2508, .T. ) ;
#2155 = AXIS2_PLACEMENT_3D ( 'NONE', #1534, #1338, #2204 ) ;
#2156 = DIRECTION ( 'NONE',  ( 1.000000000000000000, 6.123233995736769734E-17, 0.000000000000000000 ) ) ;
#2157 = VERTEX_POINT ( 'NONE', #791 ) ;
#2158 = ADVANCED_FACE ( 'NONE', ( #2604 ), #2859, .T. ) ;
#2159 = COORDINATED_UNIVERSAL_TIME_OFFSET ( 2, 0, .AHEAD. ) ;
#2160 = FACE_OUTER_BOUND ( 'NONE', #1617, .T. ) ;
#2161 = VERTEX_POINT ( 'NONE', #1739 ) ;
#2162 = LINE ( 'NONE', #155, #671 ) ;
#2163 = AXIS2_PLACEMENT_3D ( 'NONE', #1085, #2680, #1558 ) ;
#2164 = DIRECTION ( 'NONE',  ( -1.000000000000000000, 0.000000000000000000, 0.000000000000000000 ) ) ;
#2165 = PRODUCT ( '2026-07-30-18-52-39-919', '2026-07-30-18-52-39-919', '', ( #2610 ) ) ;
#2166 = LINE ( 'NONE', #803, #1240 ) ;
#2167 = LINE ( 'NONE', #105, #782 ) ;
#2168 = CARTESIAN_POINT ( 'NONE',  ( 45.00000000000000000, 77.50000000000000000, 0.000000000000000000 ) ) ;
#2169 = CC_DESIGN_DATE_AND_TIME_ASSIGNMENT ( #78, #62, ( #2203 ) ) ;
#2170 = APPLICATION_CONTEXT ( 'configuration controlled 3d designs of mechanical parts and assemblies' ) ;
#2171 = EDGE_CURVE ( 'NONE', #1126, #2281, #2620, .T. ) ;
#2172 = COORDINATED_UNIVERSAL_TIME_OFFSET ( 2, 0, .AHEAD. ) ;
#2173 = ORIENTED_EDGE ( 'NONE', *, *, #615, .T. ) ;
#2174 = ORIENTED_EDGE ( 'NONE', *, *, #455, .T. ) ;
#2175 = DIRECTION ( 'NONE',  ( 0.000000000000000000, 0.000000000000000000, -1.000000000000000000 ) ) ;
#2176 = DIRECTION ( 'NONE',  ( 0.000000000000000000, 0.000000000000000000, 1.000000000000000000 ) ) ;
#2177 = ADVANCED_FACE ( 'NONE', ( #1905 ), #636, .F. ) ;
#2178 = CARTESIAN_POINT ( 'NONE',  ( -2.000000000000000000, 32.67156183448699380, 0.000000000000000000 ) ) ;
#2179 = DIRECTION ( 'NONE',  ( 0.000000000000000000, 0.000000000000000000, -1.000000000000000000 ) ) ;
#2180 = DIRECTION ( 'NONE',  ( 1.000000000000000000, 0.000000000000000000, 0.000000000000000000 ) ) ;
#2181 = EDGE_CURVE ( 'NONE', #387, #1032, #2913, .T. ) ;
#2182 = AXIS2_PLACEMENT_3D ( 'NONE', #361, #852, #2638 ) ;
#2183 = CARTESIAN_POINT ( 'NONE',  ( 40.00000014901190326, -8.484363381672159562E-32, 28.00000000000069988 ) ) ;
#2184 = SECURITY_CLASSIFICATION_LEVEL ( 'unclassified' ) ;
#2185 = EDGE_LOOP ( 'NONE', ( #626, #1247, #706, #718 ) ) ;
#2186 = AXIS2_PLACEMENT_3D ( 'NONE', #1738, #2206, #436 ) ;
#2187 = CARTESIAN_POINT ( 'NONE',  ( -33.29999925568699837, 0.000000000000000000, 32.00000000000609646 ) ) ;
#2188 = CC_DESIGN_DATE_AND_TIME_ASSIGNMENT ( #1632, #1935, ( #1412 ) ) ;
#2189 = EDGE_CURVE ( 'NONE', #2115, #2892, #2643, .T. ) ;
#2190 = LINE ( 'NONE', #2231, #1254 ) ;
#2191 = ORIENTED_EDGE ( 'NONE', *, *, #432, .F. ) ;
#2192 = DIRECTION ( 'NONE',  ( 1.000000000000000000, 0.000000000000000000, 0.000000000000000000 ) ) ;
#2193 = DIRECTION ( 'NONE',  ( 0.000000000000000000, 0.000000000000000000, -1.000000000000000000 ) ) ;
#2194 = CARTESIAN_POINT ( 'NONE',  ( 34.99999997019770603, 28.00000041723249922, 2.000000000000000000 ) ) ;
#2195 = APPROVAL_PERSON_ORGANIZATION ( #400, #1425, #1492 ) ;
#2196 = LINE ( 'NONE', #1081, #1798 ) ;
#2197 = VECTOR ( 'NONE', #336, 1000.000000000000000 ) ;
#2198 = AXIS2_PLACEMENT_3D ( 'NONE', #256, #1154, #2753 ) ;
#2199 = APPROVAL_STATUS ( 'not_yet_approved' ) ;
#2200 = VERTEX_POINT ( 'NONE', #1794 ) ;
#2201 = DIRECTION ( 'NONE',  ( -1.000000000000000000, 0.000000000000000000, 0.000000000000000000 ) ) ;
#2202 = AXIS2_PLACEMENT_3D ( 'NONE', #937, #1172, #966 ) ;
#2203 = PRODUCT_DEFINITION ( 'UNKNOWN', '', #2394, #2436 ) ;
#2204 = DIRECTION ( 'NONE',  ( 1.000000000000000000, 0.000000000000000000, 0.000000000000000000 ) ) ;
#2205 = ORIENTED_EDGE ( 'NONE', *, *, #2264, .T. ) ;
#2206 = DIRECTION ( 'NONE',  ( 0.000000000000000000, 0.000000000000000000, 1.000000000000000000 ) ) ;
#2207 = DIRECTION ( 'NONE',  ( 1.000000000000000000, 6.123233995736769734E-17, 5.746625557483809390E-17 ) ) ;
#2208 = LINE ( 'NONE', #1094, #297 ) ;
#2209 = MECHANICAL_CONTEXT ( 'NONE', #2170, 'mechanical' ) ;
#2210 = VERTEX_POINT ( 'NONE', #2245 ) ;
#2211 = ORGANIZATION ( 'NAUO-ORG3', 'UNSPECIFIED', 'UNSPECIFIED' ) ;
#2212 = LINE ( 'NONE', #1084, #11 ) ;
#2213 = EDGE_CURVE ( 'NONE', #2460, #2306, #622, .T. ) ;
#2214 = ORIENTED_EDGE ( 'NONE', *, *, #1862, .F. ) ;
#2215 = CARTESIAN_POINT ( 'NONE',  ( 2.000000000000000000, 28.12500000000000000, 2.000000000000000000 ) ) ;
#2216 = EDGE_CURVE ( 'NONE', #2305, #2818, #1093, .T. ) ;
#2217 = DIRECTION ( 'NONE',  ( 0.000000000000000000, 1.000000000000000000, 0.000000000000000000 ) ) ;
#2218 = ORIENTED_EDGE ( 'NONE', *, *, #2796, .F. ) ;
#2219 = CARTESIAN_POINT ( 'NONE',  ( 45.00000000000000000, -1.617781153285280087E-31, 0.000000000000000000 ) ) ;
#2220 = ADVANCED_FACE ( 'NONE', ( #1777 ), #1987, .T. ) ;
#2221 = CARTESIAN_POINT ( 'NONE',  ( -35.29999999999939320, 0.000000000000000000, 32.00000000000609646 ) ) ;
#2222 = CARTESIAN_POINT ( 'NONE',  ( 0.000000000000000000, 40.00000000000000000, 2.000000000000000000 ) ) ;
#2223 = COORDINATED_UNIVERSAL_TIME_OFFSET ( 2, 0, .AHEAD. ) ;
#2224 = EDGE_LOOP ( 'NONE', ( #1257, #1847, #312, #1618 ) ) ;
#2225 = VECTOR ( 'NONE', #2808, 1000.000000000000000 ) ;
#2226 = CARTESIAN_POINT ( 'NONE',  ( -33.29999925568699837, -8.999999754130838525, 2.000000000006049827 ) ) ;
#2227 = AXIS2_PLACEMENT_3D ( 'NONE', #2469, #1809, #10 ) ;
#2228 =( LENGTH_UNIT ( ) NAMED_UNIT ( * ) SI_UNIT ( .MILLI., .METRE. ) );
#2229 = VERTEX_POINT ( 'NONE', #1303 ) ;
#2230 = CARTESIAN_POINT ( 'NONE',  ( 45.00000000000000000, 10.50000000000000000, 24.00000000000000000 ) ) ;
#2231 = CARTESIAN_POINT ( 'NONE',  ( 37.00000000000000000, 29.44999999999999929, 28.60000000000000142 ) ) ;
#2232 = ORIENTED_EDGE ( 'NONE', *, *, #689, .F. ) ;
#2233 = CARTESIAN_POINT ( 'NONE',  ( -33.29999925568640151, -8.999999754130838525, 2.000000000006049827 ) ) ;
#2234 = LINE ( 'NONE', #1762, #266 ) ;
#2235 = DIRECTION ( 'NONE',  ( 0.000000000000000000, 0.000000000000000000, 1.000000000000000000 ) ) ;
#2236 = EDGE_CURVE ( 'NONE', #670, #296, #2673, .T. ) ;
#2237 = CALENDAR_DATE ( 2026, 24, 9 ) ;
#2238 = ORIENTED_EDGE ( 'NONE', *, *, #2530, .F. ) ;
#2239 = DIRECTION ( 'NONE',  ( -1.000000000000000000, -3.549117070859530348E-25, -3.226585665316859681E-13 ) ) ;
#2240 = VECTOR ( 'NONE', #858, 1000.000000000000000 ) ;
#2241 = ORIENTED_EDGE ( 'NONE', *, *, #154, .F. ) ;
#2242 = DIRECTION ( 'NONE',  ( 0.000000000000000000, 0.000000000000000000, 1.000000000000000000 ) ) ;
#2243 = ORIENTED_EDGE ( 'NONE', *, *, #2854, .T. ) ;
#2244 = CARTESIAN_POINT ( 'NONE',  ( 43.00000000000000000, 10.50000000000000000, 12.00000000000000000 ) ) ;
#2245 = CARTESIAN_POINT ( 'NONE',  ( 45.00000000000000000, 37.50000000000000000, 0.000000000000000000 ) ) ;
#2246 = AXIS2_PLACEMENT_3D ( 'NONE', #648, #34, #895 ) ;
#2247 = DIRECTION ( 'NONE',  ( 0.000000000000000000, -1.000000000000000000, 0.000000000000000000 ) ) ;
#2248 = APPROVAL ( #2376, 'UNSPECIFIED' ) ;
#2249 = DIRECTION ( 'NONE',  ( 1.000000000000000000, 0.000000000000000000, 0.000000000000000000 ) ) ;
#2250 = EDGE_CURVE ( 'NONE', #1265, #1409, #653, .T. ) ;
#2251 = ADVANCED_FACE ( 'NONE', ( #873, #2884 ), #1975, .T. ) ;
#2252 = PERSON_AND_ORGANIZATION ( #2902, #2300 ) ;
#2253 = ORIENTED_EDGE ( 'NONE', *, *, #2358, .T. ) ;
#2254 = CARTESIAN_POINT ( 'NONE',  ( 0.000000000000000000, 0.000000000000000000, 0.000000000000000000 ) ) ;
#2255 = LOCAL_TIME ( 20, 1, 35.00000000000000000, #2064 ) ;
#2256 =( REPRESENTATION_RELATIONSHIP ('NONE','NONE', #981, #1357 ) REPRESENTATION_RELATIONSHIP_WITH_TRANSFORMATION ( #763 )SHAPE_REPRESENTATION_RELATIONSHIP( ) );
#2257 = ORIENTED_EDGE ( 'NONE', *, *, #676, .T. ) ;
#2258 = CARTESIAN_POINT ( 'NONE',  ( 45.00000000000000000, 37.50000000000000000, 32.00000000000000000 ) ) ;
#2259 = FACE_OUTER_BOUND ( 'NONE', #473, .T. ) ;
#2260 = EDGE_LOOP ( 'NONE', ( #2148, #1760, #2716, #1321 ) ) ;
#2261 = EDGE_CURVE ( 'NONE', #1864, #265, #1068, .T. ) ;
#2262 = CARTESIAN_POINT ( 'NONE',  ( 2.000000000000000000, 33.00000000000000000, 4.500000000000000000 ) ) ;
#2263 = CARTESIAN_POINT ( 'NONE',  ( 2.200000000000650324, 0.000000000000000000, 1.209948807812110096E-11 ) ) ;
#2264 = EDGE_CURVE ( 'NONE', #2624, #2200, #2466, .T. ) ;
#2265 = DIRECTION ( 'NONE',  ( -1.000000000000000000, 3.595069229522839803E-33, 0.000000000000000000 ) ) ;
#2266 = EDGE_CURVE ( 'NONE', #755, #2210, #2450, .T. ) ;
#2267 = PLANE ( 'NONE',  #1395 ) ;
#2268 = LINE ( 'NONE', #89, #83 ) ;
#2269 = ORIENTED_EDGE ( 'NONE', *, *, #922, .T. ) ;
#2270 = DATE_AND_TIME ( #2116, #2670 ) ;
#2271 = VERTEX_POINT ( 'NONE', #900 ) ;
#2272 = AXIS2_PLACEMENT_3D ( 'NONE', #1599, #1413, #1628 ) ;
#2273 = ORIENTED_EDGE ( 'NONE', *, *, #2558, .T. ) ;
#2274 = DIRECTION ( 'NONE',  ( -8.217301096052209613E-34, 1.000000000000000000, 1.558207753859869728E-16 ) ) ;
#2275 = LINE ( 'NONE', #944, #828 ) ;
#2276 = ORIENTED_EDGE ( 'NONE', *, *, #2136, .F. ) ;
#2277 = CARTESIAN_POINT ( 'NONE',  ( 0.000000000000000000, 40.00000000000000000, 0.000000000000000000 ) ) ;
#2278 = CARTESIAN_POINT ( 'NONE',  ( -35.29999999999999716, -11.00000000000000000, 2.000000000012100099 ) ) ;
#2279 = DIRECTION ( 'NONE',  ( 0.000000000000000000, 0.000000000000000000, 1.000000000000000000 ) ) ;
#2280 = CARTESIAN_POINT ( 'NONE',  ( -35.29999999999999716, -2.755451082640380203E-16, 2.000000000000000000 ) ) ;
#2281 = VERTEX_POINT ( 'NONE', #2439 ) ;
#2282 = COORDINATED_UNIVERSAL_TIME_OFFSET ( 2, 0, .AHEAD. ) ;
#2283 = ORIENTED_EDGE ( 'NONE', *, *, #2690, .T. ) ;
#2284 = PERSON_AND_ORGANIZATION_ROLE ( 'design_owner' ) ;
#2285 = EDGE_LOOP ( 'NONE', ( #647, #2755, #444, #1307 ) ) ;
#2286 = APPROVAL_PERSON_ORGANIZATION ( #1686, #2248, #1255 ) ;
#2287 = VECTOR ( 'NONE', #2312, 1000.000000000000000 ) ;
#2288 = EDGE_LOOP ( 'NONE', ( #430, #1207, #2238, #1979 ) ) ;
#2289 = CC_DESIGN_PERSON_AND_ORGANIZATION_ASSIGNMENT ( #47, #317, ( #2203 ) ) ;
#2290 = DIRECTION ( 'NONE',  ( 0.000000000000000000, 0.000000000000000000, -1.000000000000000000 ) ) ;
#2291 = CARTESIAN_POINT ( 'NONE',  ( 43.00000000000000000, -1.617781153285280087E-31, 0.000000000000000000 ) ) ;
#2292 = AXIS2_PLACEMENT_3D ( 'NONE', #1171, #2076, #1629 ) ;
#2293 = EDGE_LOOP ( 'NONE', ( #374, #2419, #942, #2437 ) ) ;
#2294 = CARTESIAN_POINT ( 'NONE',  ( 2.000000000000000000, 35.50000000000000000, 32.00000000000000000 ) ) ;
#2295 = VECTOR ( 'NONE', #119, 1000.000000000000000 ) ;
#2296 = CARTESIAN_POINT ( 'NONE',  ( 43.00000000000000000, 35.50000000000000000, 0.000000000000000000 ) ) ;
#2297 = DIRECTION ( 'NONE',  ( -1.000000000000000000, 0.000000000000000000, 0.000000000000000000 ) ) ;
#2298 = CARTESIAN_POINT ( 'NONE',  ( -2.020653882290219805, 2.000000000000000000, 31.00000000000000000 ) ) ;
#2299 = ORIENTED_EDGE ( 'NONE', *, *, #107, .F. ) ;
#2300 = ORGANIZATION ( 'UNSPECIFIED', 'UNSPECIFIED', '' ) ;
#2301 = APPROVAL_STATUS ( 'not_yet_approved' ) ;
#2302 = ORIENTED_EDGE ( 'NONE', *, *, #1040, .T. ) ;
#2303 = EDGE_CURVE ( 'NONE', #1032, #301, #2234, .T. ) ;
#2304 = CALENDAR_DATE ( 2026, 24, 9 ) ;
#2305 = VERTEX_POINT ( 'NONE', #1567 ) ;
#2306 = VERTEX_POINT ( 'NONE', #451 ) ;
#2307 = CARTESIAN_POINT ( 'NONE',  ( 0.2000000000012920054, -8.999999754130838525, 4.500000000006049383 ) ) ;
#2308 = LINE ( 'NONE', #709, #1459 ) ;
#2309 = ORIENTED_EDGE ( 'NONE', *, *, #2523, .F. ) ;
#2310 = ORGANIZATION ( 'NAUO-ORG4', 'UNSPECIFIED', 'UNSPECIFIED' ) ;
#2311 = EDGE_CURVE ( 'NONE', #153, #2115, #2632, .T. ) ;
#2312 = DIRECTION ( 'NONE',  ( 0.000000000000000000, -1.000000000000000000, 0.000000000000000000 ) ) ;
#2313 = PLANE ( 'NONE',  #2272 ) ;
#2314 = EDGE_CURVE ( 'NONE', #574, #1043, #8, .T. ) ;
#2315 = CARTESIAN_POINT ( 'NONE',  ( 0.000000000000000000, 32.98552262796359713, 4.487558992682310510 ) ) ;
#2316 = FACE_OUTER_BOUND ( 'NONE', #520, .T. ) ;
#2317 = ORIENTED_EDGE ( 'NONE', *, *, #2358, .F. ) ;
#2318 = APPROVAL_DATE_TIME ( #968, #1888 ) ;
#2319 = ORIENTED_EDGE ( 'NONE', *, *, #2648, .F. ) ;
#2320 = APPLICATION_CONTEXT ( 'configuration controlled 3d designs of mechanical parts and assemblies' ) ;
#2321 = DATE_AND_TIME ( #281, #2627 ) ;
#2322 = DIRECTION ( 'NONE',  ( 0.000000000000000000, 1.000000000000000000, 0.000000000000000000 ) ) ;
#2323 = EDGE_LOOP ( 'NONE', ( #1004, #1333, #2529, #1118 ) ) ;
#2324 = ORIENTED_EDGE ( 'NONE', *, *, #772, .T. ) ;
#2325 = AXIS2_PLACEMENT_3D ( 'NONE', #2915, #1963, #1977 ) ;
#2326 = LINE ( 'NONE', #2556, #307 ) ;
#2327 = LINE ( 'NONE', #963, #180 ) ;
#2328 = VECTOR ( 'NONE', #395, 1000.000000000000000 ) ;
#2329 = CARTESIAN_POINT ( 'NONE',  ( 43.00000000000000000, 29.44999999999999929, 28.60000000000000142 ) ) ;
#2330 = CARTESIAN_POINT ( 'NONE',  ( 22.50000000000000000, 18.75000000000000000, 0.000000000000000000 ) ) ;
#2331 = LINE ( 'NONE', #2114, #2622 ) ;
#2332 = ORIENTED_EDGE ( 'NONE', *, *, #2261, .T. ) ;
#2333 = CALENDAR_DATE ( 2026, 24, 9 ) ;
#2334 = VECTOR ( 'NONE', #2879, 1000.000000000000000 ) ;
#2335 = ORIENTED_EDGE ( 'NONE', *, *, #2782, .T. ) ;
#2336 = EDGE_CURVE ( 'NONE', #46, #1758, #1512, .T. ) ;
#2337 = APPROVAL_STATUS ( 'not_yet_approved' ) ;
#2338 = DIRECTION ( 'NONE',  ( 0.000000000000000000, 0.000000000000000000, 1.000000000000000000 ) ) ;
#2339 = ORIENTED_EDGE ( 'NONE', *, *, #2571, .T. ) ;
#2340 = DIRECTION ( 'NONE',  ( 0.000000000000000000, 0.000000000000000000, -1.000000000000000000 ) ) ;
#2341 = LOCAL_TIME ( 20, 1, 35.00000000000000000, #641 ) ;
#2342 = VECTOR ( 'NONE', #236, 1000.000000000000000 ) ;
#2343 = FACE_OUTER_BOUND ( 'NONE', #277, .T. ) ;
#2344 = LINE ( 'NONE', #1708, #2743 ) ;
#2345 = ADVANCED_BREP_SHAPE_REPRESENTATION ( '', ( #144, #693 ), #1636 ) ;
#2346 = FACE_OUTER_BOUND ( 'NONE', #2890, .T. ) ;
#2347 = VECTOR ( 'NONE', #1932, 1000.000000000000000 ) ;
#2348 = DIRECTION ( 'NONE',  ( -1.000000000000000000, 0.000000000000000000, 0.000000000000000000 ) ) ;
#2349 = ORIENTED_EDGE ( 'NONE', *, *, #2392, .T. ) ;
#2350 = ADVANCED_FACE ( 'NONE', ( #200 ), #396, .T. ) ;
#2351 = DATE_AND_TIME ( #2522, #463 ) ;
#2352 = DIRECTION ( 'NONE',  ( 1.000000000000000000, 0.000000000000000000, 0.000000000000000000 ) ) ;
#2353 = ORIENTED_EDGE ( 'NONE', *, *, #426, .T. ) ;
#2354 = EDGE_CURVE ( 'NONE', #856, #897, #529, .T. ) ;
#2355 = PRODUCT_DEFINITION_SHAPE ( 'NONE', 'NONE',  #2203 ) ;
#2356 = PLANE ( 'NONE',  #164 ) ;
#2357 = CARTESIAN_POINT ( 'NONE',  ( 2.000000000000000000, 35.50000000000000000, 0.000000000000000000 ) ) ;
#2358 = EDGE_CURVE ( 'NONE', #569, #1126, #1376, .T. ) ;
#2359 = CC_DESIGN_SECURITY_CLASSIFICATION ( #2492, ( #2918 ) ) ;
#2360 = PLANE ( 'NONE',  #66 ) ;
#2361 = DIRECTION ( 'NONE',  ( 0.000000000000000000, 0.000000000000000000, -1.000000000000000000 ) ) ;
#2362 = CARTESIAN_POINT ( 'NONE',  ( 43.00000000000000000, 9.375000000000000000, 32.00000000000000000 ) ) ;
#2363 = EDGE_LOOP ( 'NONE', ( #1476, #1830, #1815, #58, #2882 ) ) ;
#2364 = APPROVAL_DATE_TIME ( #1491, #273 ) ;
#2365 = PERSON_AND_ORGANIZATION ( #2902, #2300 ) ;
#2366 = PLANE ( 'NONE',  #1350 ) ;
#2367 = VERTEX_POINT ( 'NONE', #1424 ) ;
#2368 = CARTESIAN_POINT ( 'NONE',  ( 0.2000000000006469936, -11.00000000000000000, 2.000000000006370016 ) ) ;
#2369 = CARTESIAN_POINT ( 'NONE',  ( -31.00000046193600411, 0.000000000000000000, 4.500000000000000000 ) ) ;
#2370 = VECTOR ( 'NONE', #21, 1000.000000000000000 ) ;
#2371 = CARTESIAN_POINT ( 'NONE',  ( -33.29999925568699837, 0.000000000000000000, 2.000000000006049827 ) ) ;
#2372 = CARTESIAN_POINT ( 'NONE',  ( 2.200000000000650324, -11.00000000000000000, 2.000000000006370016 ) ) ;
#2373 = CARTESIAN_POINT ( 'NONE',  ( -32.67157176935149465, 2.000000000000000000, 0.000000000000000000 ) ) ;
#2374 = ORIENTED_EDGE ( 'NONE', *, *, #95, .T. ) ;
#2375 = VECTOR ( 'NONE', #2843, 1000.000000000000000 ) ;
#2376 = APPROVAL_STATUS ( 'not_yet_approved' ) ;
#2377 = DIRECTION ( 'NONE',  ( 1.000000000000000000, 6.123233995736769734E-17, 0.000000000000000000 ) ) ;
#2378 = VERTEX_POINT ( 'NONE', #1135 ) ;
#2379 = DIRECTION ( 'NONE',  ( 0.000000000000000000, 0.000000000000000000, 1.000000000000000000 ) ) ;
#2380 = CC_DESIGN_PERSON_AND_ORGANIZATION_ASSIGNMENT ( #96, #2284, ( #794 ) ) ;
#2381 = DIRECTION ( 'NONE',  ( 1.000000000000000000, 0.000000000000000000, 0.000000000000000000 ) ) ;
#2382 = EDGE_CURVE ( 'NONE', #707, #465, #2327, .T. ) ;
#2383 = DIRECTION ( 'NONE',  ( -0.000000000000000000, 1.000000000000000000, 0.000000000000000000 ) ) ;
#2384 = PLANE ( 'NONE',  #1152 ) ;
#2385 = AXIS2_PLACEMENT_3D ( 'NONE', #979, #2164, #1035 ) ;
#2386 = CARTESIAN_POINT ( 'NONE',  ( -3.081487911019580102E-32, 37.50000000000000000, 0.000000000000000000 ) ) ;
#2387 = ORIENTED_EDGE ( 'NONE', *, *, #272, .F. ) ;
#2388 = PERSON_AND_ORGANIZATION_ROLE ( 'classification_officer' ) ;
#2389 = COORDINATED_UNIVERSAL_TIME_OFFSET ( 2, 0, .AHEAD. ) ;
#2390 = ORIENTED_EDGE ( 'NONE', *, *, #2705, .T. ) ;
#2391 = ORIENTED_EDGE ( 'NONE', *, *, #1292, .T. ) ;
#2392 = EDGE_CURVE ( 'NONE', #1299, #478, #1598, .T. ) ;
#2393 = CARTESIAN_POINT ( 'NONE',  ( 0.000000000000000000, 33.00000000000000000, 4.500000000000000000 ) ) ;
#2394 = PRODUCT_DEFINITION_FORMATION_WITH_SPECIFIED_SOURCE ( 'ANY', '', #344, .NOT_KNOWN. ) ;
#2395 = VECTOR ( 'NONE', #2102, 1000.000000000000000 ) ;
#2396 = EDGE_CURVE ( 'NONE', #723, #2305, #2701, .T. ) ;
#2397 = PLANE ( 'NONE',  #1814 ) ;
#2398 = SHAPE_REPRESENTATION ( '2026-07-30-18-52-39-919-0', ( #693 ), #1590 ) ;
#2399 = DIRECTION ( 'NONE',  ( -1.000000000000000000, 0.000000000000000000, 0.000000000000000000 ) ) ;
#2400 = LINE ( 'NONE', #2619, #2559 ) ;
#2401 = CARTESIAN_POINT ( 'NONE',  ( 10.00000014901189971, -2.250000000000000000, 28.00000000000069988 ) ) ;
#2402 = CC_DESIGN_PERSON_AND_ORGANIZATION_ASSIGNMENT ( #1114, #909, ( #344 ) ) ;
#2403 = SECURITY_CLASSIFICATION_LEVEL ( 'unclassified' ) ;
#2404 = ORIENTED_EDGE ( 'NONE', *, *, #2742, .T. ) ;
#2405 = EDGE_CURVE ( 'NONE', #787, #314, #947, .T. ) ;
#2406 = CARTESIAN_POINT ( 'NONE',  ( 0.000000000000000000, 0.000000000000000000, 0.000000000000000000 ) ) ;
#2407 = CARTESIAN_POINT ( 'NONE',  ( -4.440892098500630106E-15, 77.50000000000000000, 0.000000000000000000 ) ) ;
#2408 = APPLICATION_CONTEXT ( 'configuration controlled 3d designs of mechanical parts and assemblies' ) ;
#2409 = ORIENTED_EDGE ( 'NONE', *, *, #2833, .F. ) ;
#2410 = CARTESIAN_POINT ( 'NONE',  ( 0.000000000000000000, 21.00000000000000000, 31.50000000000000000 ) ) ;
#2411 = CARTESIAN_POINT ( 'NONE',  ( -37.50000000000000000, -2.296212748401289944E-15, 32.00000000000000000 ) ) ;
#2412 = CARTESIAN_POINT ( 'NONE',  ( 0.000000000000000000, 28.12500000000000000, 32.00000000000000000 ) ) ;
#2413 = DIRECTION ( 'NONE',  ( 0.000000000000000000, 0.000000000000000000, -1.000000000000000000 ) ) ;
#2414 = DATE_AND_TIME ( #1948, #452 ) ;
#2415 = EDGE_LOOP ( 'NONE', ( #197, #1933, #2214, #675 ) ) ;
#2416 = AXIS2_PLACEMENT_3D ( 'NONE', #857, #410, #188 ) ;
#2417 = CARTESIAN_POINT ( 'NONE',  ( 28.74999998509879973, 8.000000119209289551, 2.000000000000000000 ) ) ;
#2418 = DIRECTION ( 'NONE',  ( 0.000000000000000000, 1.000000000000000000, 0.000000000000000000 ) ) ;
#2419 = ORIENTED_EDGE ( 'NONE', *, *, #2089, .F. ) ;
#2420 = PLANE ( 'NONE',  #442 ) ;
#2421 = PLANE ( 'NONE',  #2416 ) ;
#2422 = CARTESIAN_POINT ( 'NONE',  ( -19.76032694114510235, 2.000000000000000000, 4.500000000000000000 ) ) ;
#2423 = CC_DESIGN_SECURITY_CLASSIFICATION ( #679, ( #1574 ) ) ;
#2424 = PLANE ( 'NONE',  #809 ) ;
#2425 = VECTOR ( 'NONE', #249, 1000.000000000000000 ) ;
#2426 = VECTOR ( 'NONE', #148, 1000.000000000000000 ) ;
#2427 = EDGE_CURVE ( 'NONE', #2, #2463, #39, .T. ) ;
#2428 = PERSON_AND_ORGANIZATION_ROLE ( 'creator' ) ;
#2429 = ORIENTED_EDGE ( 'NONE', *, *, #1223, .T. ) ;
#2430 = ADVANCED_FACE ( 'NONE', ( #2091, #1360 ), #743, .F. ) ;
#2431 = CARTESIAN_POINT ( 'NONE',  ( -33.29999925568699837, -9.000000000000000000, 30.00000000000599698 ) ) ;
#2432 = AXIS2_PLACEMENT_3D ( 'NONE', #1663, #921, #2095 ) ;
#2433 = EDGE_CURVE ( 'NONE', #2726, #2496, #1201, .T. ) ;
#2434 = ORIENTED_EDGE ( 'NONE', *, *, #687, .F. ) ;
#2435 = CARTESIAN_POINT ( 'NONE',  ( 0.000000000000000000, 77.50000000000000000, 2.000000000000000000 ) ) ;
#2436 = DESIGN_CONTEXT ( 'detailed design', #2561, 'design' ) ;
#2437 = ORIENTED_EDGE ( 'NONE', *, *, #615, .F. ) ;
#2438 = DIRECTION ( 'NONE',  ( -8.217301096052209613E-34, 1.000000000000000000, 1.947759692324839872E-16 ) ) ;
#2439 = CARTESIAN_POINT ( 'NONE',  ( 0.000000000000000000, 77.50000000000000000, 0.000000000000000000 ) ) ;
#2440 = CARTESIAN_POINT ( 'NONE',  ( 0.2000000000006459944, -2.750000000000000000, 2.000000000011449952 ) ) ;
#2441 = PERSON_AND_ORGANIZATION_ROLE ( 'design_owner' ) ;
#2442 = ORIENTED_EDGE ( 'NONE', *, *, #349, .F. ) ;
#2443 = CC_DESIGN_SECURITY_CLASSIFICATION ( #1150, ( #1678 ) ) ;
#2444 = DIRECTION ( 'NONE',  ( 1.000000000000000000, 0.000000000000000000, 0.000000000000000000 ) ) ;
#2445 = ORIENTED_EDGE ( 'NONE', *, *, #1604, .F. ) ;
#2446 = CARTESIAN_POINT ( 'NONE',  ( -37.50000000000000000, -2.296212748401289944E-15, 0.000000000000000000 ) ) ;
#2447 = LINE ( 'NONE', #2853, #1680 ) ;
#2448 = ORIENTED_EDGE ( 'NONE', *, *, #1261, .F. ) ;
#2449 = CARTESIAN_POINT ( 'NONE',  ( 0.000000000000000000, 77.50000000000000000, 0.000000000000000000 ) ) ;
#2450 = LINE ( 'NONE', #666, #970 ) ;
#2451 = DIRECTION ( 'NONE',  ( -1.000000000000000000, 0.000000000000000000, 0.000000000000000000 ) ) ;
#2452 = VECTOR ( 'NONE', #836, 1000.000000000000000 ) ;
#2453 = APPROVAL_STATUS ( 'not_yet_approved' ) ;
#2454 = ORIENTED_EDGE ( 'NONE', *, *, #1029, .T. ) ;
#2455 = VECTOR ( 'NONE', #1968, 1000.000000000000000 ) ;
#2456 = FACE_OUTER_BOUND ( 'NONE', #534, .T. ) ;
#2457 = VECTOR ( 'NONE', #1428, 1000.000000000000000 ) ;
#2458 = DIRECTION ( 'NONE',  ( 0.000000000000000000, 1.000000000000000000, 1.047444401652940007E-14 ) ) ;
#2459 = VECTOR ( 'NONE', #2024, 1000.000000000000000 ) ;
#2460 = VERTEX_POINT ( 'NONE', #1613 ) ;
#2461 = PLANE ( 'NONE',  #1591 ) ;
#2462 = DIRECTION ( 'NONE',  ( 0.7071068957064466920, 0.7071066666666296907, 0.000000000000000000 ) ) ;
#2463 = VERTEX_POINT ( 'NONE', #2294 ) ;
#2464 = PRODUCT_DEFINITION ( 'UNKNOWN', '', #259, #250 ) ;
#2465 = PLANE ( 'NONE',  #543 ) ;
#2466 = LINE ( 'NONE', #1538, #1536 ) ;
#2467 = EDGE_CURVE ( 'NONE', #141, #1144, #2110, .T. ) ;
#2468 = CARTESIAN_POINT ( 'NONE',  ( 37.00000000000000000, 30.25000000000000000, 28.60000000000000142 ) ) ;
#2469 = CARTESIAN_POINT ( 'NONE',  ( -16.54999962784319578, -9.000000000000000000, 31.00000000000610001 ) ) ;
#2470 = CC_DESIGN_APPROVAL ( #76, ( #315 ) ) ;
#2471 = APPROVAL_STATUS ( 'not_yet_approved' ) ;
#2472 = AXIS2_PLACEMENT_3D ( 'NONE', #1850, #2034, #2086 ) ;
#2473 = ORIENTED_EDGE ( 'NONE', *, *, #2020, .T. ) ;
#2474 = DIRECTION ( 'NONE',  ( 0.000000000000000000, 0.000000000000000000, 1.000000000000000000 ) ) ;
#2475 = ADVANCED_FACE ( 'NONE', ( #1807 ), #480, .F. ) ;
#2476 = VECTOR ( 'NONE', #2348, 1000.000000000000000 ) ;
#2477 = ORIENTED_EDGE ( 'NONE', *, *, #1121, .T. ) ;
#2478 = CARTESIAN_POINT ( 'NONE',  ( 2.000000000000000000, 21.00000000000000000, 31.50000000000000000 ) ) ;
#2479 = DIRECTION ( 'NONE',  ( 0.000000000000000000, 0.000000000000000000, 1.000000000000000000 ) ) ;
#2480 = VERTEX_POINT ( 'NONE', #1854 ) ;
#2481 = EDGE_CURVE ( 'NONE', #2496, #2378, #1869, .T. ) ;
#2482 = CARTESIAN_POINT ( 'NONE',  ( -2.000000000000000000, 32.98552262796359713, 31.48755899268229541 ) ) ;
#2483 = FACE_OUTER_BOUND ( 'NONE', #2293, .T. ) ;
#2484 = APPROVAL_PERSON_ORGANIZATION ( #927, #1683, #1896 ) ;
#2485 = VECTOR ( 'NONE', #2053, 1000.000000000000000 ) ;
#2486 = CARTESIAN_POINT ( 'NONE',  ( 43.00000000000000000, 2.000000000000000000, 0.000000000000000000 ) ) ;
#2487 = CARTESIAN_POINT ( 'NONE',  ( -2.020653882290210035, 0.000000000000000000, 4.500000000000000000 ) ) ;
#2488 = ORIENTED_EDGE ( 'NONE', *, *, #2521, .T. ) ;
#2489 = PERSON_AND_ORGANIZATION ( #2902, #2300 ) ;
#2490 = ORIENTED_EDGE ( 'NONE', *, *, #41, .T. ) ;
#2491 = ADVANCED_FACE ( 'NONE', ( #253 ), #1183, .T. ) ;
#2492 = SECURITY_CLASSIFICATION ( '', '', #1876 ) ;
#2493 = ORIENTED_EDGE ( 'NONE', *, *, #784, .F. ) ;
#2494 = CARTESIAN_POINT ( 'NONE',  ( 37.00000000000000000, 30.25000000000000000, 27.79999999999999716 ) ) ;
#2495 = UNCERTAINTY_MEASURE_WITH_UNIT (LENGTH_MEASURE( 1.000000000000000082E-05 ), #1642, 'distance_accuracy_value', 'NONE');
#2496 = VERTEX_POINT ( 'NONE', #1149 ) ;
#2497 = DIRECTION ( 'NONE',  ( 0.000000000000000000, 0.000000000000000000, -1.000000000000000000 ) ) ;
#2498 = CARTESIAN_POINT ( 'NONE',  ( 43.00000000000000000, 14.72499999999999964, 28.60000000000000142 ) ) ;
#2499 = DIRECTION ( 'NONE',  ( 0.000000000000000000, -1.000000000000000000, 0.000000000000000000 ) ) ;
#2500 = CARTESIAN_POINT ( 'NONE',  ( 2.200000000000650324, -11.00000000000000000, 1.209948807812110096E-11 ) ) ;
#2501 = PLANE ( 'NONE',  #2202 ) ;
#2502 = ORIENTED_EDGE ( 'NONE', *, *, #2558, .F. ) ;
#2503 = CALENDAR_DATE ( 2026, 24, 9 ) ;
#2504 = VERTEX_POINT ( 'NONE', #2263 ) ;
#2505 = PRODUCT_DEFINITION ( 'UNKNOWN', '', #315, #1790 ) ;
#2506 = VECTOR ( 'NONE', #1914, 1000.000000000000000 ) ;
#2507 = CALENDAR_DATE ( 2026, 24, 9 ) ;
#2508 = EDGE_LOOP ( 'NONE', ( #1100, #1405, #2150, #1898 ) ) ;
#2509 = ORIENTED_EDGE ( 'NONE', *, *, #1889, .F. ) ;
#2510 = DIRECTION ( 'NONE',  ( 1.000000000000000000, 0.000000000000000000, 0.000000000000000000 ) ) ;
#2511 = DIRECTION ( 'NONE',  ( 1.000000000000000000, 0.000000000000000000, 0.000000000000000000 ) ) ;
#2512 = ORIENTED_EDGE ( 'NONE', *, *, #2138, .F. ) ;
#2513 = CARTESIAN_POINT ( 'NONE',  ( 37.00000000000000000, 7.250000000000000000, 28.60000000000000142 ) ) ;
#2514 = LINE ( 'NONE', #948, #2370 ) ;
#2515 = ADVANCED_FACE ( 'NONE', ( #2483 ), #467, .T. ) ;
#2516 = FACE_OUTER_BOUND ( 'NONE', #123, .T. ) ;
#2517 = DIRECTION ( 'NONE',  ( -1.000000000000000000, 0.000000000000000000, 0.000000000000000000 ) ) ;
#2518 = EDGE_LOOP ( 'NONE', ( #2088, #2520, #1387, #53 ) ) ;
#2519 = SECURITY_CLASSIFICATION_LEVEL ( 'unclassified' ) ;
#2520 = ORIENTED_EDGE ( 'NONE', *, *, #1280, .T. ) ;
#2521 = EDGE_CURVE ( 'NONE', #1409, #262, #2038, .T. ) ;
#2522 = CALENDAR_DATE ( 2026, 24, 9 ) ;
#2523 = EDGE_CURVE ( 'NONE', #1758, #237, #1822, .T. ) ;
#2524 = ORIENTED_EDGE ( 'NONE', *, *, #1805, .F. ) ;
#2525 = LOCAL_TIME ( 20, 1, 35.00000000000000000, #2066 ) ;
#2526 = VECTOR ( 'NONE', #2217, 1000.000000000000000 ) ;
#2527 = EDGE_LOOP ( 'NONE', ( #806, #2502, #764, #2442 ) ) ;
#2528 = PLANE ( 'NONE',  #1954 ) ;
#2529 = ORIENTED_EDGE ( 'NONE', *, *, #432, .T. ) ;
#2530 = EDGE_CURVE ( 'NONE', #897, #670, #1691, .T. ) ;
#2531 = CARTESIAN_POINT ( 'NONE',  ( -37.50000000000000000, 2.000000000000000000, 0.000000000000000000 ) ) ;
#2532 = DIRECTION ( 'NONE',  ( 0.000000000000000000, 0.000000000000000000, -1.000000000000000000 ) ) ;
#2533 = DIRECTION ( 'NONE',  ( 1.000000000000000000, 0.000000000000000000, 0.000000000000000000 ) ) ;
#2534 = LINE ( 'NONE', #257, #556 ) ;
#2535 = VERTEX_POINT ( 'NONE', #1497 ) ;
#2536 = AXIS2_PLACEMENT_3D ( 'NONE', #285, #1836, #2731 ) ;
#2537 = COORDINATED_UNIVERSAL_TIME_OFFSET ( 2, 0, .AHEAD. ) ;
#2538 = ORIENTED_EDGE ( 'NONE', *, *, #1657, .F. ) ;
#2539 = APPROVAL_DATE_TIME ( #1634, #76 ) ;
#2540 = CARTESIAN_POINT ( 'NONE',  ( 43.00000000000000000, 30.25000000000000000, 28.60000000000000142 ) ) ;
#2541 = ORIENTED_EDGE ( 'NONE', *, *, #1692, .T. ) ;
#2542 = ORIENTED_EDGE ( 'NONE', *, *, #252, .T. ) ;
#2543 = LINE ( 'NONE', #492, #224 ) ;
#2544 = CARTESIAN_POINT ( 'NONE',  ( 37.00000000000000000, 7.250000000000000000, 27.79999999999999716 ) ) ;
#2545 = EDGE_CURVE ( 'NONE', #1927, #2726, #993, .T. ) ;
#2546 = CARTESIAN_POINT ( 'NONE',  ( 10.00000014901189971, -8.484363381672159562E-32, 28.00000000000069988 ) ) ;
#2547 = DIRECTION ( 'NONE',  ( 0.000000000000000000, 0.000000000000000000, -1.000000000000000000 ) ) ;
#2548 = CARTESIAN_POINT ( 'NONE',  ( -35.29999999999999716, -2.755451082640380203E-16, 2.000000000000000000 ) ) ;
#2549 = ORIENTED_EDGE ( 'NONE', *, *, #879, .T. ) ;
#2550 = PERSON_AND_ORGANIZATION ( #2902, #2300 ) ;
#2551 = ORIENTED_EDGE ( 'NONE', *, *, #2031, .F. ) ;
#2552 = PERSON_AND_ORGANIZATION ( #2902, #2300 ) ;
#2553 = CARTESIAN_POINT ( 'NONE',  ( 0.000000000000000000, 2.242761313981779914, 31.48755899268229541 ) ) ;
#2554 = ORIENTED_EDGE ( 'NONE', *, *, #2914, .T. ) ;
#2555 = AXIS2_PLACEMENT_3D ( 'NONE', #2009, #1531, #2444 ) ;
#2556 = CARTESIAN_POINT ( 'NONE',  ( -2.000000000000000000, 9.374996963332838718, 32.00000000000000000 ) ) ;
#2557 = LINE ( 'NONE', #1443, #1205 ) ;
#2558 = EDGE_CURVE ( 'NONE', #192, #1209, #557, .T. ) ;
#2559 = VECTOR ( 'NONE', #2631, 1000.000000000000000 ) ;
#2560 = PLANE ( 'NONE',  #2885 ) ;
#2561 = APPLICATION_CONTEXT ( 'configuration controlled 3d designs of mechanical parts and assemblies' ) ;
#2562 = DIRECTION ( 'NONE',  ( -0.000000000000000000, 1.000000000000000000, 0.000000000000000000 ) ) ;
#2563 = DIRECTION ( 'NONE',  ( 0.000000000000000000, 1.000000000000000000, 0.000000000000000000 ) ) ;
#2564 = ORIENTED_EDGE ( 'NONE', *, *, #1831, .T. ) ;
#2565 = ORIENTED_EDGE ( 'NONE', *, *, #1513, .F. ) ;
#2566 = DATE_AND_TIME ( #2793, #1112 ) ;
#2567 = CARTESIAN_POINT ( 'NONE',  ( 45.00000000000000000, 40.00000000000000000, 0.000000000000000000 ) ) ;
#2568 = ORIENTED_EDGE ( 'NONE', *, *, #1699, .F. ) ;
#2569 = EDGE_CURVE ( 'NONE', #401, #2271, #544, .T. ) ;
#2570 = LINE ( 'NONE', #1181, #1713 ) ;
#2571 = EDGE_CURVE ( 'NONE', #2788, #2496, #2589, .T. ) ;
#2572 = LOCAL_TIME ( 20, 1, 35.00000000000000000, #2172 ) ;
#2573 = VECTOR ( 'NONE', #1049, 1000.000000000000000 ) ;
#2574 = ORIENTED_EDGE ( 'NONE', *, *, #1521, .T. ) ;
#2575 = VECTOR ( 'NONE', #713, 1000.000000000000000 ) ;
#2576 = PLANE ( 'NONE',  #871 ) ;
#2577 = CARTESIAN_POINT ( 'NONE',  ( 0.000000000000000000, 0.000000000000000000, 0.000000000000000000 ) ) ;
#2578 = CARTESIAN_POINT ( 'NONE',  ( -37.50000000000000000, 40.00000000000000000, 2.000000000000000000 ) ) ;
#2579 = VECTOR ( 'NONE', #1398, 1000.000000000000000 ) ;
#2580 = CARTESIAN_POINT ( 'NONE',  ( 45.00000000000000000, 27.00000000000000000, 34.00000000000000000 ) ) ;
#2581 = ORIENTED_EDGE ( 'NONE', *, *, #245, .F. ) ;
#2582 = ADVANCED_FACE ( 'NONE', ( #2151 ), #2841, .T. ) ;
#2583 = PERSON_AND_ORGANIZATION_ROLE ( 'creator' ) ;
#2584 = LINE ( 'NONE', #1897, #329 ) ;
#2585 = EDGE_LOOP ( 'NONE', ( #2317, #2549, #1176, #2019 ) ) ;
#2586 = CC_DESIGN_DATE_AND_TIME_ASSIGNMENT ( #1666, #1366, ( #48 ) ) ;
#2587 = PRODUCT_DEFINITION_SHAPE ( 'NONE', 'NONE',  #2921 ) ;
#2588 = LINE ( 'NONE', #2368, #156 ) ;
#2589 = LINE ( 'NONE', #1022, #2810 ) ;
#2590 = DIRECTION ( 'NONE',  ( -8.217301096052209613E-34, 1.000000000000000000, 0.000000000000000000 ) ) ;
#2591 = LINE ( 'NONE', #1662, #128 ) ;
#2592 = DIRECTION ( 'NONE',  ( -0.000000000000000000, 1.000000000000000000, 0.000000000000000000 ) ) ;
#2593 = EDGE_LOOP ( 'NONE', ( #1365, #18, #2637, #184 ) ) ;
#2594 = PERSON_AND_ORGANIZATION ( #515, #2211 ) ;
#2595 = APPROVAL ( #2199, 'UNSPECIFIED' ) ;
#2596 = PERSON_AND_ORGANIZATION_ROLE ( 'creator' ) ;
#2597 = CARTESIAN_POINT ( 'NONE',  ( 0.000000000000000000, 4.500000000000000000, 31.50000000000000000 ) ) ;
#2598 = VERTEX_POINT ( 'NONE', #129 ) ;
#2599 = LINE ( 'NONE', #1034, #2848 ) ;
#2600 = DIRECTION ( 'NONE',  ( 1.000000000000000000, 0.000000000000000000, 0.000000000000000000 ) ) ;
#2601 = VECTOR ( 'NONE', #1673, 1000.000000000000000 ) ;
#2602 = LINE ( 'NONE', #2577, #1087 ) ;
#2603 = DIRECTION ( 'NONE',  ( -0.000000000000000000, 1.000000000000000000, 0.000000000000000000 ) ) ;
#2604 = FACE_OUTER_BOUND ( 'NONE', #1971, .T. ) ;
#2605 = ORIENTED_EDGE ( 'NONE', *, *, #1073, .T. ) ;
#2606 = VECTOR ( 'NONE', #1872, 1000.000000000000000 ) ;
#2607 = ITEM_DEFINED_TRANSFORMATION ( 'NONE', 'NONE', #2536,  #693 ) ;
#2608 = EDGE_CURVE ( 'NONE', #2759, #1951, #2126, .T. ) ;
#2609 = PRODUCT_DEFINITION_SHAPE ( 'NONE', 'NONE',  #1368 ) ;
#2610 = MECHANICAL_CONTEXT ( 'NONE', #1868, 'mechanical' ) ;
#2611 = ORIENTED_EDGE ( 'NONE', *, *, #346, .T. ) ;
#2612 = ORIENTED_EDGE ( 'NONE', *, *, #2213, .T. ) ;
#2613 = LINE ( 'NONE', #578, #580 ) ;
#2614 = EDGE_LOOP ( 'NONE', ( #2713, #2117, #2332, #166 ) ) ;
#2615 = CARTESIAN_POINT ( 'NONE',  ( 33.75000000000000000, 37.50000000000000000, 32.00000000000000000 ) ) ;
#2616 = EDGE_CURVE ( 'NONE', #182, #192, #1928, .T. ) ;
#2617 = DIRECTION ( 'NONE',  ( 1.000000000000000000, 0.000000000000000000, 0.000000000000000000 ) ) ;
#2618 = APPROVAL ( #1208, 'UNKNOWN' ) ;
#2619 = CARTESIAN_POINT ( 'NONE',  ( -2.020653882290219805, 0.000000000000000000, 31.00000000000000000 ) ) ;
#2620 = LINE ( 'NONE', #997, #1922 ) ;
#2621 = ADVANCED_FACE ( 'NONE', ( #2343 ), #1901, .F. ) ;
#2622 = VECTOR ( 'NONE', #57, 1000.000000000000000 ) ;
#2623 = PERSON_AND_ORGANIZATION_ROLE ( 'design_owner' ) ;
#2624 = VERTEX_POINT ( 'NONE', #377 ) ;
#2625 = ORIENTED_EDGE ( 'NONE', *, *, #1444, .F. ) ;
#2626 = CARTESIAN_POINT ( 'NONE',  ( 10.00000014901189971, -2.250000000000000000, 7.000000000000750511 ) ) ;
#2627 = LOCAL_TIME ( 20, 1, 35.00000000000000000, #551 ) ;
#2628 = VECTOR ( 'NONE', #2730, 1000.000000000000000 ) ;
#2629 = LINE ( 'NONE', #868, #363 ) ;
#2630 = CARTESIAN_POINT ( 'NONE',  ( 45.00000000000000000, 10.50000000000000000, 32.00000000000000000 ) ) ;
#2631 = DIRECTION ( 'NONE',  ( 0.000000000000000000, 1.000000000000000000, 0.000000000000000000 ) ) ;
#2632 = LINE ( 'NONE', #1342, #1212 ) ;
#2633 = ADVANCED_FACE ( 'NONE', ( #1272 ), #2576, .T. ) ;
#2634 = PLANE ( 'NONE',  #2325 ) ;
#2635 = CLOSED_SHELL ( 'NONE', ( #1335, #2646, #2251, #1786, #103, #1913, #2430, #1194, #2475, #308, #758, #1440, #137, #643, #1330, #2644, #664, #2177 ) ) ;
#2636 = DATE_AND_TIME ( #1015, #1529 ) ;
#2637 = ORIENTED_EDGE ( 'NONE', *, *, #2059, .F. ) ;
#2638 = DIRECTION ( 'NONE',  ( 0.000000000000000000, 1.000000000000000000, 0.000000000000000000 ) ) ;
#2639 = CARTESIAN_POINT ( 'NONE',  ( -32.67157176935149465, 2.000000000000000000, 32.00000000000000000 ) ) ;
#2640 = ORIENTED_EDGE ( 'NONE', *, *, #2020, .F. ) ;
#2641 = CARTESIAN_POINT ( 'NONE',  ( 40.00000014901190326, -2.250000000000000000, 9.000000000000747846 ) ) ;
#2642 = CARTESIAN_POINT ( 'NONE',  ( -33.29999925568699837, 0.000000000000000000, 32.00000000000609646 ) ) ;
#2643 = LINE ( 'NONE', #2422, #134 ) ;
#2644 = ADVANCED_FACE ( 'NONE', ( #364 ), #2397, .F. ) ;
#2645 = VECTOR ( 'NONE', #2247, 1000.000000000000000 ) ;
#2646 = ADVANCED_FACE ( 'NONE', ( #145, #1940 ), #1006, .T. ) ;
#2647 = FACE_OUTER_BOUND ( 'NONE', #536, .T. ) ;
#2648 = EDGE_CURVE ( 'NONE', #723, #24, #1720, .T. ) ;
#2649 = DATE_AND_TIME ( #1317, #1203 ) ;
#2650 = ORIENTED_EDGE ( 'NONE', *, *, #1652, .T. ) ;
#2651 = CARTESIAN_POINT ( 'NONE',  ( 0.2000000000012920054, -8.999999754130838525, 2.000000000006049827 ) ) ;
#2652 = EDGE_CURVE ( 'NONE', #1191, #1432, #2557, .T. ) ;
#2653 = ORIENTED_EDGE ( 'NONE', *, *, #835, .F. ) ;
#2654 = CARTESIAN_POINT ( 'NONE',  ( 43.00000000000000000, 2.000000000000000000, 32.00000000000000000 ) ) ;
#2655 = ORIENTED_EDGE ( 'NONE', *, *, #1741, .F. ) ;
#2656 = LINE ( 'NONE', #1537, #1283 ) ;
#2657 = CARTESIAN_POINT ( 'NONE',  ( 45.00000000000000000, 9.375000000000000000, 32.00000000000000000 ) ) ;
#2658 = CC_DESIGN_APPROVAL ( #2804, ( #1234 ) ) ;
#2659 = DIRECTION ( 'NONE',  ( 0.000000000000000000, 0.000000000000000000, 1.000000000000000000 ) ) ;
#2660 = VECTOR ( 'NONE', #1168, 1000.000000000000000 ) ;
#2661 = VECTOR ( 'NONE', #1250, 1000.000000000000000 ) ;
#2662 = APPLICATION_PROTOCOL_DEFINITION ( 'international standard', 'config_control_design', 1994, #2170 ) ;
#2663 = VERTEX_POINT ( 'NONE', #324 ) ;
#2664 = CARTESIAN_POINT ( 'NONE',  ( -2.000000000000000000, 18.73552262796359713, 17.98755899268229896 ) ) ;
#2665 = VECTOR ( 'NONE', #2144, 1000.000000000000000 ) ;
#2666 = SHAPE_REPRESENTATION_RELATIONSHIP ( 'NONE' , 'NONE' ,  #1581, #2345 ) ;
#2667 = ORIENTED_EDGE ( 'NONE', *, *, #322, .T. ) ;
#2668 = DIRECTION ( 'NONE',  ( 8.217301096052209613E-34, -1.000000000000000000, 0.000000000000000000 ) ) ;
#2669 = DIRECTION ( 'NONE',  ( 0.000000000000000000, -1.000000000000000000, 0.000000000000000000 ) ) ;
#2670 = LOCAL_TIME ( 20, 1, 35.00000000000000000, #1829 ) ;
#2671 = EDGE_LOOP ( 'NONE', ( #866, #1522, #1243, #270 ) ) ;
#2672 = LINE ( 'NONE', #2411, #2328 ) ;
#2673 = LINE ( 'NONE', #1080, #597 ) ;
#2674 = PLANE ( 'NONE',  #1612 ) ;
#2675 = ORGANIZATION ( 'NAUO-ORG1', 'UNSPECIFIED', 'UNSPECIFIED' ) ;
#2676 = COORDINATED_UNIVERSAL_TIME_OFFSET ( 2, 0, .AHEAD. ) ;
#2677 = ORIENTED_EDGE ( 'NONE', *, *, #187, .F. ) ;
#2678 = CARTESIAN_POINT ( 'NONE',  ( -35.29999999999999716, -11.00000000000000000, 2.000000000012100099 ) ) ;
#2679 = CC_DESIGN_PERSON_AND_ORGANIZATION_ASSIGNMENT ( #2758, #1879, ( #223 ) ) ;
#2680 = DIRECTION ( 'NONE',  ( 0.000000000000000000, 0.000000000000000000, 1.000000000000000000 ) ) ;
#2681 = EDGE_CURVE ( 'NONE', #1182, #2463, #1676, .T. ) ;
#2682 = VERTEX_POINT ( 'NONE', #1233 ) ;
#2683 = DIRECTION ( 'NONE',  ( 0.000000000000000000, -1.000000000000000000, 0.000000000000000000 ) ) ;
#2684 = LINE ( 'NONE', #2869, #2573 ) ;
#2685 = ORIENTED_EDGE ( 'NONE', *, *, #1457, .T. ) ;
#2686 = LINE ( 'NONE', #2244, #668 ) ;
#2687 = CARTESIAN_POINT ( 'NONE',  ( 43.00000000000000000, 8.050000000000000711, 27.79999999999999716 ) ) ;
#2688 = CARTESIAN_POINT ( 'NONE',  ( 34.99999997019770603, 28.00000041723249922, 2.000000000000000000 ) ) ;
#2689 = VECTOR ( 'NONE', #2413, 1000.000000000000000 ) ;
#2690 = EDGE_CURVE ( 'NONE', #1071, #1148, #570, .T. ) ;
#2691 = DATE_TIME_ROLE ( 'classification_date' ) ;
#2692 = ORIENTED_EDGE ( 'NONE', *, *, #740, .F. ) ;
#2693 = ADVANCED_FACE ( 'NONE', ( #1282 ), #2881, .T. ) ;
#2694 = DIRECTION ( 'NONE',  ( 0.000000000000000000, 1.000000000000000000, 1.047444401652940007E-14 ) ) ;
#2695 = AXIS2_PLACEMENT_3D ( 'NONE', #1750, #1986, #599 ) ;
#2696 = VERTEX_POINT ( 'NONE', #1970 ) ;
#2697 = LINE ( 'NONE', #2011, #2485 ) ;
#2698 = ORIENTED_EDGE ( 'NONE', *, *, #1484, .T. ) ;
#2699 = VECTOR ( 'NONE', #2340, 1000.000000000000000 ) ;
#2700 = DIRECTION ( 'NONE',  ( 1.000000000000000000, 0.000000000000000000, 0.000000000000000000 ) ) ;
#2701 = LINE ( 'NONE', #2733, #1575 ) ;
#2702 = APPROVAL ( #2756, 'UNKNOWN' ) ;
#2703 = FACE_OUTER_BOUND ( 'NONE', #1179, .T. ) ;
#2704 = DIRECTION ( 'NONE',  ( 0.000000000000000000, -1.000000000000000000, 0.000000000000000000 ) ) ;
#2705 = EDGE_CURVE ( 'NONE', #2741, #1533, #1520, .T. ) ;
#2706 = ORIENTED_EDGE ( 'NONE', *, *, #1266, .T. ) ;
#2707 = CC_DESIGN_APPROVAL ( #2248, ( #1393 ) ) ;
#2708 = CALENDAR_DATE ( 2026, 24, 9 ) ;
#2709 = VECTOR ( 'NONE', #711, 1000.000000000000000 ) ;
#2710 = EDGE_LOOP ( 'NONE', ( #2473, #2021, #90, #1682, #1336, #205, #1656, #1648 ) ) ;
#2711 =( LENGTH_UNIT ( ) NAMED_UNIT ( * ) SI_UNIT ( .MILLI., .METRE. ) );
#2712 = VECTOR ( 'NONE', #513, 1000.000000000000000 ) ;
#2713 = ORIENTED_EDGE ( 'NONE', *, *, #859, .T. ) ;
#2714 = LINE ( 'NONE', #209, #1737 ) ;
#2715 = FACE_BOUND ( 'NONE', #2285, .T. ) ;
#2716 = ORIENTED_EDGE ( 'NONE', *, *, #2216, .F. ) ;
#2717 = CARTESIAN_POINT ( 'NONE',  ( 2.200000000000000178, -11.00000000000000000, 2.000000000012100099 ) ) ;
#2718 = DIRECTION ( 'NONE',  ( -0.7071066666666298017, 0.7071068957064466920, 0.000000000000000000 ) ) ;
#2719 = CC_DESIGN_DATE_AND_TIME_ASSIGNMENT ( #669, #280, ( #1368 ) ) ;
#2720 = AXIS2_PLACEMENT_3D ( 'NONE', #2763, #931, #2511 ) ;
#2721 = LINE ( 'NONE', #2767, #1902 ) ;
#2722 = PLANE ( 'NONE',  #2198 ) ;
#2723 = CARTESIAN_POINT ( 'NONE',  ( 37.00000000000000000, 8.050000000000000711, 28.60000000000000142 ) ) ;
#2724 = ORIENTED_EDGE ( 'NONE', *, *, #2314, .F. ) ;
#2725 = DATE_AND_TIME ( #749, #1217 ) ;
#2726 = VERTEX_POINT ( 'NONE', #883 ) ;
#2727 = APPLICATION_PROTOCOL_DEFINITION ( 'international standard', 'config_control_design', 1994, #2864 ) ;
#2728 = ORIENTED_EDGE ( 'NONE', *, *, #2433, .T. ) ;
#2729 = ORIENTED_EDGE ( 'NONE', *, *, #1167, .T. ) ;
#2730 = DIRECTION ( 'NONE',  ( 0.7071068957064466920, 0.7071066666666296907, 0.000000000000000000 ) ) ;
#2731 = DIRECTION ( 'NONE',  ( 1.000000000000000000, 0.000000000000000000, 0.000000000000000000 ) ) ;
#2732 = ORIENTED_EDGE ( 'NONE', *, *, #2690, .F. ) ;
#2733 = CARTESIAN_POINT ( 'NONE',  ( 45.00000000000000000, 27.00000000000000000, 17.00000000000000000 ) ) ;
#2734 = CARTESIAN_POINT ( 'NONE',  ( 5.000000074505959624, -1.797534641546829647E-32, 7.000000000000750511 ) ) ;
#2735 = ADVANCED_FACE ( 'NONE', ( #2894 ), #196, .T. ) ;
#2736 = DIRECTION ( 'NONE',  ( 1.000000000000000000, 0.000000000000000000, 0.000000000000000000 ) ) ;
#2737 = DIRECTION ( 'NONE',  ( 0.000000000000000000, 1.947759692324839872E-16, -1.000000000000000000 ) ) ;
#2738 = EDGE_LOOP ( 'NONE', ( #2706, #990, #1434, #1010, #869, #2068 ) ) ;
#2739 = EDGE_CURVE ( 'NONE', #1589, #2818, #210, .T. ) ;
#2740 = CONTEXT_DEPENDENT_SHAPE_REPRESENTATION ( #843, #1244 ) ;
#2741 = VERTEX_POINT ( 'NONE', #2435 ) ;
#2742 = EDGE_CURVE ( 'NONE', #234, #387, #2190, .T. ) ;
#2743 = VECTOR ( 'NONE', #1645, 1000.000000000000000 ) ;
#2744 = APPROVAL_ROLE ( '' ) ;
#2745 = ORIENTED_EDGE ( 'NONE', *, *, #953, .F. ) ;
#2746 = VERTEX_POINT ( 'NONE', #1561 ) ;
#2747 = VECTOR ( 'NONE', #2829, 1000.000000000000000 ) ;
#2748 = DIRECTION ( 'NONE',  ( 0.000000000000000000, -1.000000000000000000, 0.000000000000000000 ) ) ;
#2749 = CARTESIAN_POINT ( 'NONE',  ( -2.020653882290210035, 2.000000000000000000, 4.500000000000000000 ) ) ;
#2750 = EDGE_LOOP ( 'NONE', ( #2565, #220, #267, #1925 ) ) ;
#2751 = DIRECTION ( 'NONE',  ( -1.000000000000000000, 0.000000000000000000, 0.000000000000000000 ) ) ;
#2752 = CARTESIAN_POINT ( 'NONE',  ( 40.00000014901190326, -1.125000000000000000, 26.00000038743019815 ) ) ;
#2753 = DIRECTION ( 'NONE',  ( 1.000000000000000000, 0.000000000000000000, 0.000000000000000000 ) ) ;
#2754 = CARTESIAN_POINT ( 'NONE',  ( -2.000000000000000000, 2.000000000000000000, 32.00000000000000000 ) ) ;
#2755 = ORIENTED_EDGE ( 'NONE', *, *, #2467, .T. ) ;
#2756 = APPROVAL_STATUS ( 'not_yet_approved' ) ;
#2757 = ORIENTED_EDGE ( 'NONE', *, *, #2382, .F. ) ;
#2758 = PERSON_AND_ORGANIZATION ( #2902, #2300 ) ;
#2759 = VERTEX_POINT ( 'NONE', #2910 ) ;
#2760 = VECTOR ( 'NONE', #84, 1000.000000000000000 ) ;
#2761 = VERTEX_POINT ( 'NONE', #1076 ) ;
#2762 = DIRECTION ( 'NONE',  ( 1.000000000000000000, 0.000000000000000000, 0.000000000000000000 ) ) ;
#2763 = CARTESIAN_POINT ( 'NONE',  ( 0.000000000000000000, 0.000000000000000000, 0.000000000000000000 ) ) ;
#2764 = EDGE_CURVE ( 'NONE', #1697, #658, #2684, .T. ) ;
#2765 = VECTOR ( 'NONE', #1463, 1000.000000000000000 ) ;
#2766 = DIRECTION ( 'NONE',  ( 0.000000000000000000, 0.000000000000000000, 1.000000000000000000 ) ) ;
#2767 = CARTESIAN_POINT ( 'NONE',  ( -2.000000000000000000, 4.485522627963559827, 2.243779496341149926 ) ) ;
#2768 = APPLICATION_CONTEXT ( 'configuration controlled 3d designs of mechanical parts and assemblies' ) ;
#2769 = LINE ( 'NONE', #2315, #173 ) ;
#2770 = LINE ( 'NONE', #43, #2579 ) ;
#2771 = VERTEX_POINT ( 'NONE', #2639 ) ;
#2772 = AXIS2_PLACEMENT_3D ( 'NONE', #1994, #2694, #880 ) ;
#2773 = VECTOR ( 'NONE', #2124, 1000.000000000000000 ) ;
#2774 = DATE_AND_TIME ( #1190, #701 ) ;
#2775 = ORIENTED_EDGE ( 'NONE', *, *, #369, .F. ) ;
#2776 = PERSON_AND_ORGANIZATION ( #2902, #2300 ) ;
#2777 = CARTESIAN_POINT ( 'NONE',  ( -33.29999925568699837, -10.99999975413079945, 2.000000000006049827 ) ) ;
#2778 = VERTEX_POINT ( 'NONE', #1733 ) ;
#2779 = ORIENTED_EDGE ( 'NONE', *, *, #474, .T. ) ;
#2780 = CC_DESIGN_DATE_AND_TIME_ASSIGNMENT ( #165, #358, ( #1393 ) ) ;
#2781 = FACE_OUTER_BOUND ( 'NONE', #2911, .T. ) ;
#2782 = EDGE_CURVE ( 'NONE', #2504, #755, #448, .T. ) ;
#2783 = EDGE_CURVE ( 'NONE', #2771, #1318, #1789, .T. ) ;
#2784 = CARTESIAN_POINT ( 'NONE',  ( -16.54999999999999716, -5.500000000000000000, 2.000000000006049827 ) ) ;
#2785 = CARTESIAN_POINT ( 'NONE',  ( 11.25000000000000000, 2.000000000000000000, 2.000000000000000000 ) ) ;
#2786 = CARTESIAN_POINT ( 'NONE',  ( 34.99999997019770603, 8.000000119209289551, 2.000000000000000000 ) ) ;
#2787 = LINE ( 'NONE', #761, #323 ) ;
#2788 = VERTEX_POINT ( 'NONE', #1089 ) ;
#2789 = ITEM_DEFINED_TRANSFORMATION ( 'NONE', 'NONE', #2820,  #693 ) ;
#2790 = EDGE_LOOP ( 'NONE', ( #489, #2302, #694, #319 ) ) ;
#2791 = EDGE_CURVE ( 'NONE', #449, #1697, #169, .T. ) ;
#2792 = EDGE_CURVE ( 'NONE', #1382, #2306, #157, .T. ) ;
#2793 = CALENDAR_DATE ( 2026, 24, 9 ) ;
#2794 = LINE ( 'NONE', #1214, #1882 ) ;
#2795 = ORIENTED_EDGE ( 'NONE', *, *, #1029, .F. ) ;
#2796 = EDGE_CURVE ( 'NONE', #851, #186, #2629, .T. ) ;
#2797 = FACE_OUTER_BOUND ( 'NONE', #2710, .T. ) ;
#2798 = ORIENTED_EDGE ( 'NONE', *, *, #2827, .T. ) ;
#2799 = CARTESIAN_POINT ( 'NONE',  ( 40.00000014901190326, -2.250000000000000000, 28.00000000000069988 ) ) ;
#2800 = DIRECTION ( 'NONE',  ( 0.000000000000000000, -1.000000000000000000, 0.000000000000000000 ) ) ;
#2801 = DIRECTION ( 'NONE',  ( 1.000000000000000000, 0.000000000000000000, 0.000000000000000000 ) ) ;
#2802 = CARTESIAN_POINT ( 'NONE',  ( 0.000000000000000000, 0.000000000000000000, 0.000000000000000000 ) ) ;
#2803 = ORIENTED_EDGE ( 'NONE', *, *, #2303, .F. ) ;
#2804 = APPROVAL ( #2453, 'UNSPECIFIED' ) ;
#2805 = APPLICATION_PROTOCOL_DEFINITION ( 'international standard', 'config_control_design', 1994, #751 ) ;
#2806 = DIRECTION ( 'NONE',  ( 0.000000000000000000, 0.000000000000000000, 1.000000000000000000 ) ) ;
#2807 = ORIENTED_EDGE ( 'NONE', *, *, #2427, .F. ) ;
#2808 = DIRECTION ( 'NONE',  ( -1.000000000000000000, 0.000000000000000000, 0.000000000000000000 ) ) ;
#2809 = LOCAL_TIME ( 20, 1, 35.00000000000000000, #796 ) ;
#2810 = VECTOR ( 'NONE', #1472, 1000.000000000000000 ) ;
#2811 = ORIENTED_EDGE ( 'NONE', *, *, #1886, .T. ) ;
#2812 = VECTOR ( 'NONE', #1904, 1000.000000000000000 ) ;
#2813 = CARTESIAN_POINT ( 'NONE',  ( -18.75000000000000000, 18.74999392666569875, 32.00000000000000000 ) ) ;
#2814 = LINE ( 'NONE', #789, #1991 ) ;
#2815 = LINE ( 'NONE', #2830, #2661 ) ;
#2816 = VECTOR ( 'NONE', #1751, 1000.000000000000000 ) ;
#2817 = LINE ( 'NONE', #135, #2347 ) ;
#2818 = VERTEX_POINT ( 'NONE', #1773 ) ;
#2819 = CC_DESIGN_PERSON_AND_ORGANIZATION_ASSIGNMENT ( #2821, #1002, ( #259 ) ) ;
#2820 = AXIS2_PLACEMENT_3D ( 'NONE', #2254, #1320, #1353 ) ;
#2821 = PERSON_AND_ORGANIZATION ( #2902, #2300 ) ;
#2822 = LINE ( 'NONE', #1687, #2131 ) ;
#2823 = ORIENTED_EDGE ( 'NONE', *, *, #908, .T. ) ;
#2824 = CARTESIAN_POINT ( 'NONE',  ( 0.000000000000000000, 37.49998785333140461, 0.000000000000000000 ) ) ;
#2825 = DIRECTION ( 'NONE',  ( -1.000000000000000000, 0.000000000000000000, 0.000000000000000000 ) ) ;
#2826 = CC_DESIGN_SECURITY_CLASSIFICATION ( #1412, ( #2920 ) ) ;
#2827 = EDGE_CURVE ( 'NONE', #1299, #2367, #2447, .T. ) ;
#2828 = CC_DESIGN_APPROVAL ( #273, ( #987 ) ) ;
#2829 = DIRECTION ( 'NONE',  ( 0.000000000000000000, 0.000000000000000000, 1.000000000000000000 ) ) ;
#2830 = CARTESIAN_POINT ( 'NONE',  ( -2.000000000000000000, 32.67156183448699380, 0.000000000000000000 ) ) ;
#2831 = LINE ( 'NONE', #2802, #1452 ) ;
#2832 = EDGE_LOOP ( 'NONE', ( #2823, #1865, #984, #2241 ) ) ;
#2833 = EDGE_CURVE ( 'NONE', #1728, #1432, #607, .T. ) ;
#2834 = DATE_AND_TIME ( #1726, #2572 ) ;
#2835 = PLANE ( 'NONE',  #1113 ) ;
#2836 = ORIENTED_EDGE ( 'NONE', *, *, #1952, .F. ) ;
#2837 = ADVANCED_FACE ( 'NONE', ( #618 ), #420, .T. ) ;
#2838 = DIRECTION ( 'NONE',  ( 3.226585665316859681E-13, -1.159979884180009954E-45, -1.000000000000000000 ) ) ;
#2839 = CC_DESIGN_PERSON_AND_ORGANIZATION_ASSIGNMENT ( #502, #486, ( #1150 ) ) ;
#2840 = VECTOR ( 'NONE', #1780, 1000.000000000000000 ) ;
#2841 = PLANE ( 'NONE',  #2385 ) ;
#2842 = VECTOR ( 'NONE', #1518, 1000.000000000000000 ) ;
#2843 = DIRECTION ( 'NONE',  ( 1.000000000000000000, -3.595069229522839803E-33, 0.000000000000000000 ) ) ;
#2844 = LINE ( 'NONE', #2219, #1950 ) ;
#2845 = CARTESIAN_POINT ( 'NONE',  ( 10.00000014901189971, -2.250000000000000000, 7.000000000000750511 ) ) ;
#2846 = VECTOR ( 'NONE', #1930, 1000.000000000000000 ) ;
#2847 = VECTOR ( 'NONE', #533, 1000.000000000000000 ) ;
#2848 = VECTOR ( 'NONE', #2852, 1000.000000000000000 ) ;
#2849 = PERSON_AND_ORGANIZATION_ROLE ( 'classification_officer' ) ;
#2850 = VERTEX_POINT ( 'NONE', #2654 ) ;
#2851 = ORIENTED_EDGE ( 'NONE', *, *, #2427, .T. ) ;
#2852 = DIRECTION ( 'NONE',  ( 1.000000000000000000, -3.595069229522839803E-33, 3.226551062865470171E-13 ) ) ;
#2853 = CARTESIAN_POINT ( 'NONE',  ( 2.000000000000000000, 35.25000000000000000, 4.500000000000000000 ) ) ;
#2854 = EDGE_CURVE ( 'NONE', #2663, #1432, #1062, .T. ) ;
#2855 = CC_DESIGN_SECURITY_CLASSIFICATION ( #549, ( #315 ) ) ;
#2856 = VECTOR ( 'NONE', #20, 1000.000000000000000 ) ;
#2857 = LINE ( 'NONE', #1498, #203 ) ;
#2858 = LINE ( 'NONE', #199, #398 ) ;
#2859 = PLANE ( 'NONE',  #2113 ) ;
#2860 = DIRECTION ( 'NONE',  ( 0.000000000000000000, 1.000000000000000000, 0.000000000000000000 ) ) ;
#2861 = VECTOR ( 'NONE', #611, 1000.000000000000000 ) ;
#2862 = PERSON_AND_ORGANIZATION ( #2902, #2300 ) ;
#2863 = ORIENTED_EDGE ( 'NONE', *, *, #474, .F. ) ;
#2864 = APPLICATION_CONTEXT ( 'configuration controlled 3d designs of mechanical parts and assemblies' ) ;
#2865 = CARTESIAN_POINT ( 'NONE',  ( 37.00000000000000000, 8.000000119209289551, 5.000000000000000000 ) ) ;
#2866 = APPROVAL_PERSON_ORGANIZATION ( #1812, #1640, #1607 ) ;
#2867 = AXIS2_PLACEMENT_3D ( 'NONE', #2230, #1101, #2909 ) ;
#2868 = EDGE_CURVE ( 'NONE', #2157, #2078, #2275, .T. ) ;
#2869 = CARTESIAN_POINT ( 'NONE',  ( -8.174999999999348788, -8.999999754130838525, 2.000000000008749890 ) ) ;
#2870 = ORIENTED_EDGE ( 'NONE', *, *, #124, .T. ) ;
#2871 = DIRECTION ( 'NONE',  ( 0.000000000000000000, -1.000000000000000000, 0.000000000000000000 ) ) ;
#2872 = LINE ( 'NONE', #1776, #904 ) ;
#2873 = ADVANCED_FACE ( 'NONE', ( #2259 ), #2054, .T. ) ;
#2874 = DIRECTION ( 'NONE',  ( 0.000000000000000000, 0.000000000000000000, -1.000000000000000000 ) ) ;
#2875 = CARTESIAN_POINT ( 'NONE',  ( 37.00000000000000000, 29.85000000000000142, 28.19999999999999929 ) ) ;
#2876 = ADVANCED_FACE ( 'NONE', ( #2715, #528, #1817 ), #17, .F. ) ;
#2877 = PERSON_AND_ORGANIZATION ( #2902, #2300 ) ;
#2878 = EDGE_LOOP ( 'NONE', ( #60, #2895, #2205 ) ) ;
#2879 = DIRECTION ( 'NONE',  ( 0.000000000000000000, 1.000000000000000000, 0.000000000000000000 ) ) ;
#2880 = ORIENTED_EDGE ( 'NONE', *, *, #2044, .T. ) ;
#2881 = PLANE ( 'NONE',  #2051 ) ;
#2882 = ORIENTED_EDGE ( 'NONE', *, *, #2138, .T. ) ;
#2883 = DIRECTION ( 'NONE',  ( 0.000000000000000000, 1.000000000000000000, 0.000000000000000000 ) ) ;
#2884 = FACE_OUTER_BOUND ( 'NONE', #460, .T. ) ;
#2885 = AXIS2_PLACEMENT_3D ( 'NONE', #1677, #2383, #1222 ) ;
#2886 = DIRECTION ( 'NONE',  ( 9.426421907194728181E-17, 5.772018708029250169E-33, -1.000000000000000000 ) ) ;
#2887 = EDGE_CURVE ( 'NONE', #340, #554, #493, .T. ) ;
#2888 = APPROVAL ( #2301, 'UNKNOWN' ) ;
#2889 = APPLICATION_PROTOCOL_DEFINITION ( 'international standard', 'config_control_design', 1994, #2408 ) ;
#2890 = EDGE_LOOP ( 'NONE', ( #525, #2650, #2434, #594 ) ) ;
#2891 = CARTESIAN_POINT ( 'NONE',  ( 0.000000000000000000, 4.485522627963559827, 4.487558992682310510 ) ) ;
#2892 = VERTEX_POINT ( 'NONE', #2749 ) ;
#2893 = LINE ( 'NONE', #2215, #837 ) ;
#2894 = FACE_OUTER_BOUND ( 'NONE', #1197, .T. ) ;
#2895 = ORIENTED_EDGE ( 'NONE', *, *, #245, .T. ) ;
#2896 = PLANE ( 'NONE',  #2695 ) ;
#2897 = DIRECTION ( 'NONE',  ( 0.000000000000000000, -1.000000000000000000, 0.000000000000000000 ) ) ;
#2898 = LOCAL_TIME ( 20, 1, 35.00000000000000000, #12 ) ;
#2899 = LINE ( 'NONE', #2440, #2840 ) ;
#2900 = VECTOR ( 'NONE', #2462, 1000.000000000000000 ) ;
#2901 = PRODUCT_RELATED_PRODUCT_CATEGORY ( 'detail', '', ( #794 ) ) ;
#2902 = PERSON ( 'UNSPECIFIED', 'UNSPECIFIED', 'UNSPECIFIED', ('UNSPECIFIED'), ('UNSPECIFIED'), ('UNSPECIFIED') ) ;
#2903 = EDGE_CURVE ( 'NONE', #1999, #569, #462, .T. ) ;
#2904 = DATE_AND_TIME ( #906, #2898 ) ;
#2905 = ORIENTED_EDGE ( 'NONE', *, *, #124, .F. ) ;
#2906 = DIRECTION ( 'NONE',  ( -1.000000000000000000, 0.000000000000000000, 0.000000000000000000 ) ) ;
#2907 = MECHANICAL_CONTEXT ( 'NONE', #1718, 'mechanical' ) ;
#2908 = VERTEX_POINT ( 'NONE', #692 ) ;
#2909 = DIRECTION ( 'NONE',  ( 0.000000000000000000, 0.000000000000000000, -1.000000000000000000 ) ) ;
#2910 = CARTESIAN_POINT ( 'NONE',  ( -2.000000000000000000, 2.000000000000000000, 2.000000000000000000 ) ) ;
#2911 = EDGE_LOOP ( 'NONE', ( #951, #1145, #1097, #1279 ) ) ;
#2912 = FACE_BOUND ( 'NONE', #2790, .T. ) ;
#2913 = LINE ( 'NONE', #1120, #1873 ) ;
#2914 = EDGE_CURVE ( 'NONE', #554, #186, #1356, .T. ) ;
#2915 = CARTESIAN_POINT ( 'NONE',  ( 0.000000000000000000, 4.485522627963559827, 4.487558992682310510 ) ) ;
#2916 = EDGE_CURVE ( 'NONE', #735, #1111, #2308, .T. ) ;
#2917 = CLOSED_SHELL ( 'NONE', ( #1566, #1783, #353, #1048, #177, #1845, #1556, #646, #1552, #976, #2003, #305, #2876, #131, #1166, #1668, #1878, #813, #1515, #1411, #2350, #1442, #728, #384, #403, #1385, #1258, #771, #2220, #389, #1744, #1109, #2633, #1820, #640, #2693, #1976, #606, #1036, #1011, #383, #905, #1486, #1304, #1734, #2873, #1600, #2582, #2515, #860, #562, #2491, #215, #992, #2621 ) ) ;
#2918 = NEXT_ASSEMBLY_USAGE_OCCURRENCE ( 'NAUO1', ' ', ' ', #2203, #1368, $ ) ;
#2919 = NEXT_ASSEMBLY_USAGE_OCCURRENCE ( 'NAUO2', ' ', ' ', #2203, #2464, $ ) ;
#2920 = NEXT_ASSEMBLY_USAGE_OCCURRENCE ( 'NAUO3', ' ', ' ', #2203, #2505, $ ) ;
#2921 = NEXT_ASSEMBLY_USAGE_OCCURRENCE ( 'NAUO4', ' ', ' ', #1368, #1234, $ ) ;
ENDSEC;
END-ISO-10303-21;
